clade	family	n_windows_with_family	n_windows	prevalence	n_random_windows_with_family	n_random_windows	random_prevalence	p	fold_enrichment	q
Bacteria	JAJXYX010000059.1_19	2	19	0.10526315789473684	2	380	0.006561679790026247	0.006835996883256262	16.042105263157893	0.0383616953297746
Bacteria	NZ_NHSQ01000161.1_16	2	19	0.10526315789473684	0	380	0.0013123359580052493	0.00029015474926300753	80.21052631578947	0.0383616953297746
Bacteria	JAHFTO010000029.1_4	2	19	0.10526315789473684	2	380	0.006561679790026247	0.006835996883256262	16.042105263157893	0.0383616953297746
Bacteria	JAFGCY010000067.1_21	2	19	0.10526315789473684	0	380	0.0013123359580052493	0.00029015474926300753	80.21052631578947	0.0383616953297746
Bacteria	NZ_NHSQ01000084.1_114	1	19	0.05263157894736842	1	380	0.003937007874015748	0.07221085599886466	13.368421052631579	0.08123721299872275
Bacteria	NZ_CP100454.1_3021	1	19	0.05263157894736842	3	380	0.009186351706036745	0.16083449075926962	5.7293233082706765	0.166619904095934
Bacteria	NZ_CP072036.1_2238	1	19	0.05263157894736842	0	380	0.0013123359580052493	0.024642061236139934	40.10526315789473	0.0383616953297746
Bacteria	NZ_NHSQ01000084.1_117	1	19	0.05263157894736842	2	380	0.006561679790026247	0.11757611460167251	8.021052631578947	0.12358365330394776
Bacteria	NZ_NHSQ01000084.1_116	1	19	0.05263157894736842	0	380	0.0013123359580052493	0.024642061236139934	40.10526315789473	0.0383616953297746
Bacteria	JAFGCY010000091.1_11	1	19	0.05263157894736842	1	380	0.003937007874015748	0.07221085599886466	13.368421052631579	0.08123721299872275
Bacteria	JAFEGL010000003.1_128	1	19	0.05263157894736842	4	380	0.011811023622047244	0.20207863768127723	4.456140350877193	0.20420578123581698
Bacteria	NZ_NHSQ01000084.1_113	1	19	0.05263157894736842	0	380	0.0013123359580052493	0.024642061236139934	40.10526315789473	0.0383616953297746
Bacteria	NZ_NHSQ01000084.1_121	1	19	0.05263157894736842	1	380	0.003937007874015748	0.07221085599886466	13.368421052631579	0.08123721299872275
Bacteria	NZ_LIGX01000041.1_210	1	19	0.05263157894736842	1	380	0.003937007874015748	0.07221085599886466	13.368421052631579	0.08123721299872275
Bacteria	NZ_JAALLS010000022.1_3	1	19	0.05263157894736842	2	380	0.006561679790026247	0.11757611460167251	8.021052631578947	0.12358365330394776
Bacteria	JAFEGL010000003.1_125	1	19	0.05263157894736842	0	380	0.0013123359580052493	0.024642061236139934	40.10526315789473	0.0383616953297746
Bacteria	JAKBAE010000082.1_10	1	19	0.05263157894736842	0	380	0.0013123359580052493	0.024642061236139934	40.10526315789473	0.0383616953297746
Bacteria	JAJXYX010000055.1_15	1	19	0.05263157894736842	1	380	0.003937007874015748	0.07221085599886466	13.368421052631579	0.08123721299872275
Bacteria	NZ_NHSQ01000084.1_120	1	19	0.05263157894736842	1	380	0.003937007874015748	0.07221085599886466	13.368421052631579	0.08123721299872275
Bacteria	JAFGCY010000084.1_16	1	19	0.05263157894736842	1	380	0.003937007874015748	0.07221085599886466	13.368421052631579	0.08123721299872275
Bacteria	JAFEGL010000003.1_122	1	19	0.05263157894736842	0	380	0.0013123359580052493	0.024642061236139934	40.10526315789473	0.0383616953297746
Bacteria	JAFEGL010000003.1_192	1	19	0.05263157894736842	2	380	0.006561679790026247	0.11757611460167251	8.021052631578947	0.12358365330394776
Bacteria	JAKBAE010000044.1_11	1	19	0.05263157894736842	0	380	0.0013123359580052493	0.024642061236139934	40.10526315789473	0.0383616953297746
Bacteria	JAJXYX010000055.1_50	1	19	0.05263157894736842	1	380	0.003937007874015748	0.07221085599886466	13.368421052631579	0.08123721299872275
Bacteria	JAKBAE010000044.1_8	1	19	0.05263157894736842	0	380	0.0013123359580052493	0.024642061236139934	40.10526315789473	0.0383616953297746
Bacteria	NZ_AOJN01000049.1_382	1	19	0.05263157894736842	0	380	0.0013123359580052493	0.024642061236139934	40.10526315789473	0.0383616953297746
Bacteria	JAKBAE010000044.1_6	1	19	0.05263157894736842	0	380	0.0013123359580052493	0.024642061236139934	40.10526315789473	0.0383616953297746
Bacteria	JAKBAE010000044.1_5	1	19	0.05263157894736842	1	380	0.003937007874015748	0.07221085599886466	13.368421052631579	0.08123721299872275
Bacteria	JAHEFU010000039.1_6	1	19	0.05263157894736842	2	380	0.006561679790026247	0.11757611460167251	8.021052631578947	0.12358365330394776
Bacteria	NZ_NHSQ01000084.1_124	1	19	0.05263157894736842	1	380	0.003937007874015748	0.07221085599886466	13.368421052631579	0.08123721299872275
Bacteria	JAKBAE010000044.1_1	1	19	0.05263157894736842	0	380	0.0013123359580052493	0.024642061236139934	40.10526315789473	0.0383616953297746
Bacteria	NZ_NHSQ01000001.1_10	1	19	0.05263157894736842	1	380	0.003937007874015748	0.07221085599886466	13.368421052631579	0.08123721299872275
Bacteria	NZ_NHSQ01000084.1_128	1	19	0.05263157894736842	0	380	0.0013123359580052493	0.024642061236139934	40.10526315789473	0.0383616953297746
Bacteria	NZ_NHSQ01000084.1_127	1	19	0.05263157894736842	1	380	0.003937007874015748	0.07221085599886466	13.368421052631579	0.08123721299872275
Bacteria	JAJXYX010000055.1_37	1	19	0.05263157894736842	3	380	0.009186351706036745	0.16083449075926962	5.7293233082706765	0.166619904095934
Bacteria	JAHFTO010000017.1_22	1	19	0.05263157894736842	2	380	0.006561679790026247	0.11757611460167251	8.021052631578947	0.12358365330394776
Bacteria	NZ_NHSQ01000084.1_123	1	19	0.05263157894736842	1	380	0.003937007874015748	0.07221085599886466	13.368421052631579	0.08123721299872275
Bacteria	JAFEGL010000003.1_120	1	19	0.05263157894736842	0	380	0.0013123359580052493	0.024642061236139934	40.10526315789473	0.0383616953297746
Bacteria	JAFEGL010000003.1_121	1	19	0.05263157894736842	0	380	0.0013123359580052493	0.024642061236139934	40.10526315789473	0.0383616953297746
Bacteria	JADJWG010000004.1_336	1	19	0.05263157894736842	0	380	0.0013123359580052493	0.024642061236139934	40.10526315789473	0.0383616953297746
Bacteria	JADJWG010000004.1_343	1	19	0.05263157894736842	0	380	0.0013123359580052493	0.024642061236139934	40.10526315789473	0.0383616953297746
Bacteria	JADJWG010000004.1_342	1	19	0.05263157894736842	0	380	0.0013123359580052493	0.024642061236139934	40.10526315789473	0.0383616953297746
Bacteria	JADJWG010000004.1_340	1	19	0.05263157894736842	0	380	0.0013123359580052493	0.024642061236139934	40.10526315789473	0.0383616953297746
Bacteria	CAJWBY010000063.1_10	1	19	0.05263157894736842	1	380	0.003937007874015748	0.07221085599886466	13.368421052631579	0.08123721299872275
Bacteria	JADJWG010000004.1_338	1	19	0.05263157894736842	0	380	0.0013123359580052493	0.024642061236139934	40.10526315789473	0.0383616953297746
Bacteria	JADJWG010000004.1_337	1	19	0.05263157894736842	0	380	0.0013123359580052493	0.024642061236139934	40.10526315789473	0.0383616953297746
Bacteria	JADJWG010000004.1_335	1	19	0.05263157894736842	0	380	0.0013123359580052493	0.024642061236139934	40.10526315789473	0.0383616953297746
Bacteria	JADJWG010000001.1_920	1	19	0.05263157894736842	0	380	0.0013123359580052493	0.024642061236139934	40.10526315789473	0.0383616953297746
Bacteria	JADJWG010000004.1_334	1	19	0.05263157894736842	0	380	0.0013123359580052493	0.024642061236139934	40.10526315789473	0.0383616953297746
Bacteria	NZ_QPII01000004.1_27	1	19	0.05263157894736842	0	380	0.0013123359580052493	0.024642061236139934	40.10526315789473	0.0383616953297746
Bacteria	JADJWG010000004.1_332	1	19	0.05263157894736842	0	380	0.0013123359580052493	0.024642061236139934	40.10526315789473	0.0383616953297746
Bacteria	NZ_JADDKQ010000016.1_93	1	19	0.05263157894736842	0	380	0.0013123359580052493	0.024642061236139934	40.10526315789473	0.0383616953297746
Bacteria	NZ_JADDKQ010000016.1_92	1	19	0.05263157894736842	0	380	0.0013123359580052493	0.024642061236139934	40.10526315789473	0.0383616953297746
Bacteria	NZ_JADDKQ010000016.1_91	1	19	0.05263157894736842	0	380	0.0013123359580052493	0.024642061236139934	40.10526315789473	0.0383616953297746
Bacteria	JADJWG010000004.1_639	1	19	0.05263157894736842	1	380	0.003937007874015748	0.07221085599886466	13.368421052631579	0.08123721299872275
Bacteria	JADJWG010000004.1_346	1	19	0.05263157894736842	0	380	0.0013123359580052493	0.024642061236139934	40.10526315789473	0.0383616953297746
Bacteria	JAHENP010000241.1_2	1	19	0.05263157894736842	1	380	0.003937007874015748	0.07221085599886466	13.368421052631579	0.08123721299872275
Bacteria	JAHFTO010000033.1_23	1	19	0.05263157894736842	0	380	0.0013123359580052493	0.024642061236139934	40.10526315789473	0.0383616953297746
Bacteria	JAJXYX010000015.1_13	1	19	0.05263157894736842	1	380	0.003937007874015748	0.07221085599886466	13.368421052631579	0.08123721299872275
Bacteria	NZ_LIGX01000035.1_104	1	19	0.05263157894736842	1	380	0.003937007874015748	0.07221085599886466	13.368421052631579	0.08123721299872275
Bacteria	JAKBAE010000097.1_5	1	19	0.05263157894736842	1	380	0.003937007874015748	0.07221085599886466	13.368421052631579	0.08123721299872275
Bacteria	JAFEGL010000003.1_113	1	19	0.05263157894736842	0	380	0.0013123359580052493	0.024642061236139934	40.10526315789473	0.0383616953297746
Bacteria	JAFEGL010000061.1_27	1	19	0.05263157894736842	4	380	0.011811023622047244	0.20207863768127723	4.456140350877193	0.20420578123581698
Bacteria	JAKBAE010000092.1_2	1	19	0.05263157894736842	0	380	0.0013123359580052493	0.024642061236139934	40.10526315789473	0.0383616953297746
Bacteria	JAKCFM010000001.1_1688	1	19	0.05263157894736842	1	380	0.003937007874015748	0.07221085599886466	13.368421052631579	0.08123721299872275
Bacteria	JADJWG010000004.1_347	1	19	0.05263157894736842	0	380	0.0013123359580052493	0.024642061236139934	40.10526315789473	0.0383616953297746
Bacteria	JAFEGL010000003.1_108	1	19	0.05263157894736842	4	380	0.011811023622047244	0.20207863768127723	4.456140350877193	0.20420578123581698
Bacteria	JAFEGL010000003.1_107	1	19	0.05263157894736842	0	380	0.0013123359580052493	0.024642061236139934	40.10526315789473	0.0383616953297746
Bacteria	JADJWG010000001.1_1385	1	19	0.05263157894736842	0	380	0.0013123359580052493	0.024642061236139934	40.10526315789473	0.0383616953297746
Bacteria	CAJWBY010000004.1_35	1	19	0.05263157894736842	0	380	0.0013123359580052493	0.024642061236139934	40.10526315789473	0.0383616953297746
Bacteria	JADJWG010000004.1_349	1	19	0.05263157894736842	0	380	0.0013123359580052493	0.024642061236139934	40.10526315789473	0.0383616953297746
Bacteria	JADJWG010000004.1_348	1	19	0.05263157894736842	0	380	0.0013123359580052493	0.024642061236139934	40.10526315789473	0.0383616953297746
Bacteria	JAFEGH010000007.1_312	1	19	0.05263157894736842	1	380	0.003937007874015748	0.07221085599886466	13.368421052631579	0.08123721299872275
Bacteria	NZ_AOLK01000015.1_38	1	19	0.05263157894736842	1	380	0.003937007874015748	0.07221085599886466	13.368421052631579	0.08123721299872275
Bacteria	NZ_JADDKQ010000016.1_88	1	19	0.05263157894736842	0	380	0.0013123359580052493	0.024642061236139934	40.10526315789473	0.0383616953297746
Bacteria	NZ_QPII01000005.1_236	1	19	0.05263157894736842	0	380	0.0013123359580052493	0.024642061236139934	40.10526315789473	0.0383616953297746
Bacteria	NZ_QPII01000005.1_243	1	19	0.05263157894736842	0	380	0.0013123359580052493	0.024642061236139934	40.10526315789473	0.0383616953297746
Bacteria	NZ_QPII01000005.1_242	1	19	0.05263157894736842	0	380	0.0013123359580052493	0.024642061236139934	40.10526315789473	0.0383616953297746
Bacteria	NZ_QPII01000005.1_241	1	19	0.05263157894736842	0	380	0.0013123359580052493	0.024642061236139934	40.10526315789473	0.0383616953297746
Bacteria	NZ_QPII01000005.1_240	1	19	0.05263157894736842	0	380	0.0013123359580052493	0.024642061236139934	40.10526315789473	0.0383616953297746
Bacteria	NZ_QPII01000005.1_239	1	19	0.05263157894736842	0	380	0.0013123359580052493	0.024642061236139934	40.10526315789473	0.0383616953297746
Bacteria	NZ_QPII01000005.1_238	1	19	0.05263157894736842	0	380	0.0013123359580052493	0.024642061236139934	40.10526315789473	0.0383616953297746
Bacteria	NZ_CP099997.1_1549	1	19	0.05263157894736842	0	380	0.0013123359580052493	0.024642061236139934	40.10526315789473	0.0383616953297746
Bacteria	NZ_NHSQ01000070.1_16	1	19	0.05263157894736842	0	380	0.0013123359580052493	0.024642061236139934	40.10526315789473	0.0383616953297746
Bacteria	NZ_QPII01000005.1_234	1	19	0.05263157894736842	0	380	0.0013123359580052493	0.024642061236139934	40.10526315789473	0.0383616953297746
Bacteria	NZ_QPII01000005.1_233	1	19	0.05263157894736842	0	380	0.0013123359580052493	0.024642061236139934	40.10526315789473	0.0383616953297746
Bacteria	NZ_CP101159.1_37	1	19	0.05263157894736842	0	380	0.0013123359580052493	0.024642061236139934	40.10526315789473	0.0383616953297746
Bacteria	NZ_QPII01000005.1_231	1	19	0.05263157894736842	0	380	0.0013123359580052493	0.024642061236139934	40.10526315789473	0.0383616953297746
Bacteria	JADKAQ010000048.1_5	1	19	0.05263157894736842	0	380	0.0013123359580052493	0.024642061236139934	40.10526315789473	0.0383616953297746
Bacteria	NZ_JAKUHT010000022.1_24	1	19	0.05263157894736842	0	380	0.0013123359580052493	0.024642061236139934	40.10526315789473	0.0383616953297746
Bacteria	NZ_QPII01000005.1_244	1	19	0.05263157894736842	0	380	0.0013123359580052493	0.024642061236139934	40.10526315789473	0.0383616953297746
Bacteria	NZ_QPII01000005.1_246	1	19	0.05263157894736842	0	380	0.0013123359580052493	0.024642061236139934	40.10526315789473	0.0383616953297746
Bacteria	JADKAQ010000016.1_57	1	19	0.05263157894736842	0	380	0.0013123359580052493	0.024642061236139934	40.10526315789473	0.0383616953297746
Bacteria	NZ_JAKUHT010000013.1_54	1	19	0.05263157894736842	0	380	0.0013123359580052493	0.024642061236139934	40.10526315789473	0.0383616953297746
Bacteria	NZ_JAKUHT010000013.1_61	1	19	0.05263157894736842	0	380	0.0013123359580052493	0.024642061236139934	40.10526315789473	0.0383616953297746
Bacteria	NZ_JAKUHT010000013.1_60	1	19	0.05263157894736842	0	380	0.0013123359580052493	0.024642061236139934	40.10526315789473	0.0383616953297746
Bacteria	NZ_JAKUHT010000013.1_59	1	19	0.05263157894736842	0	380	0.0013123359580052493	0.024642061236139934	40.10526315789473	0.0383616953297746
Bacteria	NZ_JAKUHT010000013.1_58	1	19	0.05263157894736842	0	380	0.0013123359580052493	0.024642061236139934	40.10526315789473	0.0383616953297746
Bacteria	NZ_JAKUHT010000013.1_57	1	19	0.05263157894736842	0	380	0.0013123359580052493	0.024642061236139934	40.10526315789473	0.0383616953297746
Bacteria	NZ_JAKUHT010000013.1_55	1	19	0.05263157894736842	0	380	0.0013123359580052493	0.024642061236139934	40.10526315789473	0.0383616953297746
Bacteria	NZ_JAKUHT010000013.1_53	1	19	0.05263157894736842	0	380	0.0013123359580052493	0.024642061236139934	40.10526315789473	0.0383616953297746
Bacteria	JAHENP010000186.1_1	1	19	0.05263157894736842	1	380	0.003937007874015748	0.07221085599886466	13.368421052631579	0.08123721299872275
Bacteria	JAFEGL010000029.1_17	1	19	0.05263157894736842	0	380	0.0013123359580052493	0.024642061236139934	40.10526315789473	0.0383616953297746
Bacteria	JAFGCY010000036.1_38	1	19	0.05263157894736842	1	380	0.003937007874015748	0.07221085599886466	13.368421052631579	0.08123721299872275
Bacteria	NZ_JAKUHT010000029.1_35	1	19	0.05263157894736842	0	380	0.0013123359580052493	0.024642061236139934	40.10526315789473	0.0383616953297746
Bacteria	NZ_JAKUHT010000013.1_49	1	19	0.05263157894736842	0	380	0.0013123359580052493	0.024642061236139934	40.10526315789473	0.0383616953297746
Bacteria	NZ_JAKUHT010000013.1_172	1	19	0.05263157894736842	0	380	0.0013123359580052493	0.024642061236139934	40.10526315789473	0.0383616953297746
Bacteria	NZ_JAKUHT010000013.1_47	1	19	0.05263157894736842	0	380	0.0013123359580052493	0.024642061236139934	40.10526315789473	0.0383616953297746
Bacteria	JADKAQ010000016.1_58	1	19	0.05263157894736842	0	380	0.0013123359580052493	0.024642061236139934	40.10526315789473	0.0383616953297746
Bacteria	JADKAQ010000016.1_56	1	19	0.05263157894736842	0	380	0.0013123359580052493	0.024642061236139934	40.10526315789473	0.0383616953297746
Bacteria	NZ_QPII01000001.1_333	1	19	0.05263157894736842	2	380	0.006561679790026247	0.11757611460167251	8.021052631578947	0.12358365330394776
Bacteria	JADJWG010000001.1_844	1	19	0.05263157894736842	4	380	0.011811023622047244	0.20207863768127723	4.456140350877193	0.20420578123581698
Bacteria	NZ_MWLL01000195.1_26	1	19	0.05263157894736842	0	380	0.0013123359580052493	0.024642061236139934	40.10526315789473	0.0383616953297746
Bacteria	NZ_MWLL01000195.1_25	1	19	0.05263157894736842	0	380	0.0013123359580052493	0.024642061236139934	40.10526315789473	0.0383616953297746
Bacteria	JAKBAE010000127.1_6	1	19	0.05263157894736842	0	380	0.0013123359580052493	0.024642061236139934	40.10526315789473	0.0383616953297746
Bacteria	NZ_CP100445.1_484	1	19	0.05263157894736842	1	380	0.003937007874015748	0.07221085599886466	13.368421052631579	0.08123721299872275
Bacteria	JAHFTO010000004.1_88	1	19	0.05263157894736842	1	380	0.003937007874015748	0.07221085599886466	13.368421052631579	0.08123721299872275
Bacteria	JAFEGH010000007.1_327	1	19	0.05263157894736842	1	380	0.003937007874015748	0.07221085599886466	13.368421052631579	0.08123721299872275
Bacteria	JAFEGH010000007.1_325	1	19	0.05263157894736842	1	380	0.003937007874015748	0.07221085599886466	13.368421052631579	0.08123721299872275
Bacteria	NZ_MWLL01000195.1_28	1	19	0.05263157894736842	0	380	0.0013123359580052493	0.024642061236139934	40.10526315789473	0.0383616953297746
Bacteria	JAFEGH010000007.1_324	1	19	0.05263157894736842	1	380	0.003937007874015748	0.07221085599886466	13.368421052631579	0.08123721299872275
Bacteria	JAFEGH010000007.1_323	1	19	0.05263157894736842	1	380	0.003937007874015748	0.07221085599886466	13.368421052631579	0.08123721299872275
Bacteria	NZ_CP072036.1_73	1	19	0.05263157894736842	2	380	0.006561679790026247	0.11757611460167251	8.021052631578947	0.12358365330394776
Bacteria	JAFEGL010000021.1_20	1	19	0.05263157894736842	1	380	0.003937007874015748	0.07221085599886466	13.368421052631579	0.08123721299872275
Bacteria	JAFAQB010000223.1_6	1	19	0.05263157894736842	1	380	0.003937007874015748	0.07221085599886466	13.368421052631579	0.08123721299872275
Bacteria	NZ_CP099998.1_71	1	19	0.05263157894736842	2	380	0.006561679790026247	0.11757611460167251	8.021052631578947	0.12358365330394776
Bacteria	NZ_MWLL01000195.1_27	1	19	0.05263157894736842	0	380	0.0013123359580052493	0.024642061236139934	40.10526315789473	0.0383616953297746
Bacteria	NZ_CP072036.1_2137	1	19	0.05263157894736842	0	380	0.0013123359580052493	0.024642061236139934	40.10526315789473	0.0383616953297746
Bacteria	JADKAQ010000016.1_55	1	19	0.05263157894736842	0	380	0.0013123359580052493	0.024642061236139934	40.10526315789473	0.0383616953297746
Bacteria	JADKAQ010000016.1_47	1	19	0.05263157894736842	0	380	0.0013123359580052493	0.024642061236139934	40.10526315789473	0.0383616953297746
Bacteria	JADKAQ010000016.1_54	1	19	0.05263157894736842	0	380	0.0013123359580052493	0.024642061236139934	40.10526315789473	0.0383616953297746
Bacteria	JADJWG010000002.1_759	1	19	0.05263157894736842	1	380	0.003937007874015748	0.07221085599886466	13.368421052631579	0.08123721299872275
Bacteria	JADKAQ010000008.1_352	1	19	0.05263157894736842	1	380	0.003937007874015748	0.07221085599886466	13.368421052631579	0.08123721299872275
Bacteria	JADKAQ010000016.1_50	1	19	0.05263157894736842	0	380	0.0013123359580052493	0.024642061236139934	40.10526315789473	0.0383616953297746
Bacteria	JADJWG010000004.1_49	1	19	0.05263157894736842	0	380	0.0013123359580052493	0.024642061236139934	40.10526315789473	0.0383616953297746
Bacteria	JADKAQ010000016.1_48	1	19	0.05263157894736842	0	380	0.0013123359580052493	0.024642061236139934	40.10526315789473	0.0383616953297746
Bacteria	JADKAQ010000001.1_135	1	19	0.05263157894736842	2	380	0.006561679790026247	0.11757611460167251	8.021052631578947	0.12358365330394776
Bacteria	NZ_MWLL01000195.1_31	1	19	0.05263157894736842	0	380	0.0013123359580052493	0.024642061236139934	40.10526315789473	0.0383616953297746
Bacteria	NZ_OBEJ01000004.1_108	1	19	0.05263157894736842	0	380	0.0013123359580052493	0.024642061236139934	40.10526315789473	0.0383616953297746
Bacteria	JADKAQ010000016.1_44	1	19	0.05263157894736842	0	380	0.0013123359580052493	0.024642061236139934	40.10526315789473	0.0383616953297746
Bacteria	JADKAQ010000016.1_43	1	19	0.05263157894736842	0	380	0.0013123359580052493	0.024642061236139934	40.10526315789473	0.0383616953297746
Bacteria	NZ_MWLL01000195.1_34	1	19	0.05263157894736842	0	380	0.0013123359580052493	0.024642061236139934	40.10526315789473	0.0383616953297746
Bacteria	NZ_JAKUHT010000012.1_160	1	19	0.05263157894736842	0	380	0.0013123359580052493	0.024642061236139934	40.10526315789473	0.0383616953297746
Bacteria	NZ_JADDKQ010000010.1_216	1	19	0.05263157894736842	0	380	0.0013123359580052493	0.024642061236139934	40.10526315789473	0.0383616953297746
Bacteria	NZ_MWLL01000204.1_21	1	19	0.05263157894736842	0	380	0.0013123359580052493	0.024642061236139934	40.10526315789473	0.0383616953297746
Bacteria	NZ_JADDKQ010000016.1_85	1	19	0.05263157894736842	1	380	0.003937007874015748	0.07221085599886466	13.368421052631579	0.08123721299872275
Bacteria	NZ_JADDKQ010000016.1_87	1	19	0.05263157894736842	0	380	0.0013123359580052493	0.024642061236139934	40.10526315789473	0.0383616953297746
Bacteria	NZ_LIGX01000038.1_103	1	19	0.05263157894736842	0	380	0.0013123359580052493	0.024642061236139934	40.10526315789473	0.0383616953297746
Bacteria	NZ_LIGX01000006.1_9	1	19	0.05263157894736842	0	380	0.0013123359580052493	0.024642061236139934	40.10526315789473	0.0383616953297746
Bacteria	NZ_LIGX01000006.1_8	1	19	0.05263157894736842	0	380	0.0013123359580052493	0.024642061236139934	40.10526315789473	0.0383616953297746
Bacteria	NZ_LIGX01000006.1_7	1	19	0.05263157894736842	0	380	0.0013123359580052493	0.024642061236139934	40.10526315789473	0.0383616953297746
Bacteria	NZ_LIGX01000006.1_6	1	19	0.05263157894736842	0	380	0.0013123359580052493	0.024642061236139934	40.10526315789473	0.0383616953297746
Bacteria	NZ_LIGX01000006.1_5	1	19	0.05263157894736842	0	380	0.0013123359580052493	0.024642061236139934	40.10526315789473	0.0383616953297746
Bacteria	NZ_LIGX01000006.1_4	1	19	0.05263157894736842	0	380	0.0013123359580052493	0.024642061236139934	40.10526315789473	0.0383616953297746
Bacteria	NZ_CP072036.1_804	1	19	0.05263157894736842	2	380	0.006561679790026247	0.11757611460167251	8.021052631578947	0.12358365330394776
Bacteria	NZ_LIGX01000006.1_11	1	19	0.05263157894736842	0	380	0.0013123359580052493	0.024642061236139934	40.10526315789473	0.0383616953297746
Bacteria	RKRY01000155.1_10	1	19	0.05263157894736842	0	380	0.0013123359580052493	0.024642061236139934	40.10526315789473	0.0383616953297746
Bacteria	CAJWBY010000188.1_6	1	19	0.05263157894736842	0	380	0.0013123359580052493	0.024642061236139934	40.10526315789473	0.0383616953297746
Bacteria	CAJWBY010000188.1_5	1	19	0.05263157894736842	0	380	0.0013123359580052493	0.024642061236139934	40.10526315789473	0.0383616953297746
Bacteria	CAJWBY010000188.1_4	1	19	0.05263157894736842	0	380	0.0013123359580052493	0.024642061236139934	40.10526315789473	0.0383616953297746
Bacteria	CAJWBY010000188.1_3	1	19	0.05263157894736842	0	380	0.0013123359580052493	0.024642061236139934	40.10526315789473	0.0383616953297746
Bacteria	CAJWBY010000188.1_2	1	19	0.05263157894736842	0	380	0.0013123359580052493	0.024642061236139934	40.10526315789473	0.0383616953297746
Bacteria	NZ_LIGX01000006.1_10	1	19	0.05263157894736842	0	380	0.0013123359580052493	0.024642061236139934	40.10526315789473	0.0383616953297746
Bacteria	NZ_LIGX01000006.1_13	1	19	0.05263157894736842	0	380	0.0013123359580052493	0.024642061236139934	40.10526315789473	0.0383616953297746
Bacteria	JAHEFU010000095.1_6	1	19	0.05263157894736842	0	380	0.0013123359580052493	0.024642061236139934	40.10526315789473	0.0383616953297746
Bacteria	JAHFTO010000030.1_14	1	19	0.05263157894736842	1	380	0.003937007874015748	0.07221085599886466	13.368421052631579	0.08123721299872275
Bacteria	JAKBAE010000073.1_7	1	19	0.05263157894736842	1	380	0.003937007874015748	0.07221085599886466	13.368421052631579	0.08123721299872275
Bacteria	JAKBAE010000073.1_8	1	19	0.05263157894736842	1	380	0.003937007874015748	0.07221085599886466	13.368421052631579	0.08123721299872275
Bacteria	JAHFTO010000030.1_18	1	19	0.05263157894736842	1	380	0.003937007874015748	0.07221085599886466	13.368421052631579	0.08123721299872275
Bacteria	JAHFTO010000030.1_17	1	19	0.05263157894736842	1	380	0.003937007874015748	0.07221085599886466	13.368421052631579	0.08123721299872275
Bacteria	JAHFTO010000030.1_16	1	19	0.05263157894736842	1	380	0.003937007874015748	0.07221085599886466	13.368421052631579	0.08123721299872275
Bacteria	JAHFTO010000030.1_15	1	19	0.05263157894736842	2	380	0.006561679790026247	0.11757611460167251	8.021052631578947	0.12358365330394776
Bacteria	JAFEGH010000006.1_330	1	19	0.05263157894736842	1	380	0.003937007874015748	0.07221085599886466	13.368421052631579	0.08123721299872275
Bacteria	JAHFTO010000030.1_5	1	19	0.05263157894736842	0	380	0.0013123359580052493	0.024642061236139934	40.10526315789473	0.0383616953297746
Bacteria	JAFEGL010000045.1_110	1	19	0.05263157894736842	1	380	0.003937007874015748	0.07221085599886466	13.368421052631579	0.08123721299872275
Bacteria	JAFEGH010000013.1_17	1	19	0.05263157894736842	2	380	0.006561679790026247	0.11757611460167251	8.021052631578947	0.12358365330394776
Bacteria	JAHFTO010000030.1_9	1	19	0.05263157894736842	0	380	0.0013123359580052493	0.024642061236139934	40.10526315789473	0.0383616953297746
Bacteria	JAHFTO010000030.1_8	1	19	0.05263157894736842	1	380	0.003937007874015748	0.07221085599886466	13.368421052631579	0.08123721299872275
Bacteria	JAJXYX010000080.1_4	1	19	0.05263157894736842	1	380	0.003937007874015748	0.07221085599886466	13.368421052631579	0.08123721299872275
Bacteria	JAFEGL010000003.1_139	1	19	0.05263157894736842	1	380	0.003937007874015748	0.07221085599886466	13.368421052631579	0.08123721299872275
Bacteria	CAJWBY010000120.1_3	1	19	0.05263157894736842	0	380	0.0013123359580052493	0.024642061236139934	40.10526315789473	0.0383616953297746
Bacteria	JAHEFU010000095.1_4	1	19	0.05263157894736842	0	380	0.0013123359580052493	0.024642061236139934	40.10526315789473	0.0383616953297746
Bacteria	NZ_KB913019.1_31	1	19	0.05263157894736842	2	380	0.006561679790026247	0.11757611460167251	8.021052631578947	0.12358365330394776
Bacteria	JAFGCY010000084.1_26	1	19	0.05263157894736842	0	380	0.0013123359580052493	0.024642061236139934	40.10526315789473	0.0383616953297746
Bacteria	JAFGCY010000084.1_32	1	19	0.05263157894736842	0	380	0.0013123359580052493	0.024642061236139934	40.10526315789473	0.0383616953297746
Bacteria	NZ_QPII01000001.1_280	1	19	0.05263157894736842	0	380	0.0013123359580052493	0.024642061236139934	40.10526315789473	0.0383616953297746
Bacteria	JAFGCY010000084.1_30	1	19	0.05263157894736842	1	380	0.003937007874015748	0.07221085599886466	13.368421052631579	0.08123721299872275
Bacteria	JAFGCY010000084.1_29	1	19	0.05263157894736842	0	380	0.0013123359580052493	0.024642061236139934	40.10526315789473	0.0383616953297746
Bacteria	JAFGCY010000084.1_28	1	19	0.05263157894736842	0	380	0.0013123359580052493	0.024642061236139934	40.10526315789473	0.0383616953297746
Bacteria	JAFGCY010000084.1_27	1	19	0.05263157894736842	0	380	0.0013123359580052493	0.024642061236139934	40.10526315789473	0.0383616953297746
Bacteria	JAFGCY010000084.1_25	1	19	0.05263157894736842	0	380	0.0013123359580052493	0.024642061236139934	40.10526315789473	0.0383616953297746
Bacteria	CP060262.1_2216	1	19	0.05263157894736842	0	380	0.0013123359580052493	0.024642061236139934	40.10526315789473	0.0383616953297746
Bacteria	JAFGCY010000084.1_23	1	19	0.05263157894736842	0	380	0.0013123359580052493	0.024642061236139934	40.10526315789473	0.0383616953297746
Bacteria	JAFGCY010000084.1_22	1	19	0.05263157894736842	1	380	0.003937007874015748	0.07221085599886466	13.368421052631579	0.08123721299872275
Bacteria	NZ_MWLL01000064.1_14	1	19	0.05263157894736842	2	380	0.006561679790026247	0.11757611460167251	8.021052631578947	0.12358365330394776
Bacteria	JAFGCY010000084.1_20	1	19	0.05263157894736842	1	380	0.003937007874015748	0.07221085599886466	13.368421052631579	0.08123721299872275
Bacteria	NZ_NHSQ01000159.1_23	1	19	0.05263157894736842	4	380	0.011811023622047244	0.20207863768127723	4.456140350877193	0.20420578123581698
Bacteria	JAFGCY010000084.1_18	1	19	0.05263157894736842	1	380	0.003937007874015748	0.07221085599886466	13.368421052631579	0.08123721299872275
Bacteria	JAFGCY010000067.1_15	1	19	0.05263157894736842	1	380	0.003937007874015748	0.07221085599886466	13.368421052631579	0.08123721299872275
Bacteria	JAFGCY010000067.1_17	1	19	0.05263157894736842	0	380	0.0013123359580052493	0.024642061236139934	40.10526315789473	0.0383616953297746
Bacteria	JAHEFU010000095.1_3	1	19	0.05263157894736842	0	380	0.0013123359580052493	0.024642061236139934	40.10526315789473	0.0383616953297746
Bacteria	NZ_FTNO01000001.1_998	1	19	0.05263157894736842	0	380	0.0013123359580052493	0.024642061236139934	40.10526315789473	0.0383616953297746
Bacteria	JAHEFU010000095.1_1	1	19	0.05263157894736842	0	380	0.0013123359580052493	0.024642061236139934	40.10526315789473	0.0383616953297746
Bacteria	CP060262.1_2233	1	19	0.05263157894736842	0	380	0.0013123359580052493	0.024642061236139934	40.10526315789473	0.0383616953297746
Bacteria	JAFEGL010000003.1_45	1	19	0.05263157894736842	1	380	0.003937007874015748	0.07221085599886466	13.368421052631579	0.08123721299872275
Bacteria	CP060262.1_2231	1	19	0.05263157894736842	0	380	0.0013123359580052493	0.024642061236139934	40.10526315789473	0.0383616953297746
Bacteria	CP060262.1_2230	1	19	0.05263157894736842	0	380	0.0013123359580052493	0.024642061236139934	40.10526315789473	0.0383616953297746
Bacteria	JAFGCY010000027.1_12	1	19	0.05263157894736842	0	380	0.0013123359580052493	0.024642061236139934	40.10526315789473	0.0383616953297746
Bacteria	CP060262.1_2227	1	19	0.05263157894736842	0	380	0.0013123359580052493	0.024642061236139934	40.10526315789473	0.0383616953297746
Bacteria	JAHEFU010000137.1_3	1	19	0.05263157894736842	0	380	0.0013123359580052493	0.024642061236139934	40.10526315789473	0.0383616953297746
Bacteria	CP060262.1_2226	1	19	0.05263157894736842	0	380	0.0013123359580052493	0.024642061236139934	40.10526315789473	0.0383616953297746
Bacteria	JAHEFU010000007.1_13	1	19	0.05263157894736842	1	380	0.003937007874015748	0.07221085599886466	13.368421052631579	0.08123721299872275
Bacteria	CP060262.1_2223	1	19	0.05263157894736842	0	380	0.0013123359580052493	0.024642061236139934	40.10526315789473	0.0383616953297746
Bacteria	JADJWG010000002.1_888	1	19	0.05263157894736842	0	380	0.0013123359580052493	0.024642061236139934	40.10526315789473	0.0383616953297746
Bacteria	NZ_NHSQ01000087.1_48	1	19	0.05263157894736842	0	380	0.0013123359580052493	0.024642061236139934	40.10526315789473	0.0383616953297746
Bacteria	JAHEFU010000137.1_2	1	19	0.05263157894736842	1	380	0.003937007874015748	0.07221085599886466	13.368421052631579	0.08123721299872275
Bacteria	JAHFTO010000030.1_21	1	19	0.05263157894736842	1	380	0.003937007874015748	0.07221085599886466	13.368421052631579	0.08123721299872275
Bacteria	NZ_JAALLS010000007.1_105	1	19	0.05263157894736842	3	380	0.009186351706036745	0.16083449075926962	5.7293233082706765	0.166619904095934
Bacteria	CP060262.1_3079	1	19	0.05263157894736842	2	380	0.006561679790026247	0.11757611460167251	8.021052631578947	0.12358365330394776
Bacteria	JAKBAE010000016.1_28	1	19	0.05263157894736842	0	380	0.0013123359580052493	0.024642061236139934	40.10526315789473	0.0383616953297746
Bacteria	NZ_CP072036.1_2471	1	19	0.05263157894736842	0	380	0.0013123359580052493	0.024642061236139934	40.10526315789473	0.0383616953297746
Bacteria	NZ_CP072036.1_2470	1	19	0.05263157894736842	0	380	0.0013123359580052493	0.024642061236139934	40.10526315789473	0.0383616953297746
Bacteria	NZ_LIGX01000014.1_13	1	19	0.05263157894736842	1	380	0.003937007874015748	0.07221085599886466	13.368421052631579	0.08123721299872275
Bacteria	NZ_CP072036.1_2468	1	19	0.05263157894736842	0	380	0.0013123359580052493	0.024642061236139934	40.10526315789473	0.0383616953297746
Bacteria	NZ_CP072036.1_2467	1	19	0.05263157894736842	0	380	0.0013123359580052493	0.024642061236139934	40.10526315789473	0.0383616953297746
Bacteria	NZ_CP072036.1_2464	1	19	0.05263157894736842	0	380	0.0013123359580052493	0.024642061236139934	40.10526315789473	0.0383616953297746
Bacteria	JAKBAE010000031.1_3	1	19	0.05263157894736842	0	380	0.0013123359580052493	0.024642061236139934	40.10526315789473	0.0383616953297746
Bacteria	NZ_CP072036.1_2473	1	19	0.05263157894736842	0	380	0.0013123359580052493	0.024642061236139934	40.10526315789473	0.0383616953297746
Bacteria	JAJXYX010000059.1_30	1	19	0.05263157894736842	0	380	0.0013123359580052493	0.024642061236139934	40.10526315789473	0.0383616953297746
Bacteria	JAFEGL010000068.1_63	1	19	0.05263157894736842	0	380	0.0013123359580052493	0.024642061236139934	40.10526315789473	0.0383616953297746
Bacteria	JAFEGL010000068.1_64	1	19	0.05263157894736842	1	380	0.003937007874015748	0.07221085599886466	13.368421052631579	0.08123721299872275
Bacteria	CAJWBY010000020.1_2	1	19	0.05263157894736842	5	380	0.014435695538057743	0.24139736370898784	3.6459330143540667	0.24223846950588326
Bacteria	JADJWG010000002.1_809	1	19	0.05263157894736842	4	380	0.011811023622047244	0.20207863768127723	4.456140350877193	0.20420578123581698
Bacteria	JAJXYX010000059.1_25	1	19	0.05263157894736842	1	380	0.003937007874015748	0.07221085599886466	13.368421052631579	0.08123721299872275
Bacteria	NZ_CP072036.1_2472	1	19	0.05263157894736842	0	380	0.0013123359580052493	0.024642061236139934	40.10526315789473	0.0383616953297746
Bacteria	NZ_CP072036.1_2475	1	19	0.05263157894736842	0	380	0.0013123359580052493	0.024642061236139934	40.10526315789473	0.0383616953297746
Bacteria	JAFEGH010000003.1_89	1	19	0.05263157894736842	0	380	0.0013123359580052493	0.024642061236139934	40.10526315789473	0.0383616953297746
Bacteria	NZ_JADDKQ010000016.1_78	1	19	0.05263157894736842	0	380	0.0013123359580052493	0.024642061236139934	40.10526315789473	0.0383616953297746
Bacteria	NZ_JADDKQ010000016.1_84	1	19	0.05263157894736842	0	380	0.0013123359580052493	0.024642061236139934	40.10526315789473	0.0383616953297746
Bacteria	NZ_JADDKQ010000016.1_83	1	19	0.05263157894736842	0	380	0.0013123359580052493	0.024642061236139934	40.10526315789473	0.0383616953297746
Bacteria	NZ_JAKUHT010000029.1_7	1	19	0.05263157894736842	0	380	0.0013123359580052493	0.024642061236139934	40.10526315789473	0.0383616953297746
Bacteria	NZ_JADDKQ010000016.1_81	1	19	0.05263157894736842	0	380	0.0013123359580052493	0.024642061236139934	40.10526315789473	0.0383616953297746
Bacteria	NZ_JADDKQ010000016.1_27	1	19	0.05263157894736842	1	380	0.003937007874015748	0.07221085599886466	13.368421052631579	0.08123721299872275
Bacteria	NZ_JADDKQ010000016.1_79	1	19	0.05263157894736842	0	380	0.0013123359580052493	0.024642061236139934	40.10526315789473	0.0383616953297746
Bacteria	NZ_KZ859515.1_65	1	19	0.05263157894736842	1	380	0.003937007874015748	0.07221085599886466	13.368421052631579	0.08123721299872275
Bacteria	NZ_CP072036.1_2476	1	19	0.05263157894736842	0	380	0.0013123359580052493	0.024642061236139934	40.10526315789473	0.0383616953297746
Bacteria	NZ_JADDKQ010000009.1_91	1	19	0.05263157894736842	0	380	0.0013123359580052493	0.024642061236139934	40.10526315789473	0.0383616953297746
Bacteria	NZ_MWLL01000103.1_36	1	19	0.05263157894736842	6	380	0.01706036745406824	0.27887578228608983	3.08502024291498	0.27887578228608983
Bacteria	NZ_CP072036.1_2480	1	19	0.05263157894736842	0	380	0.0013123359580052493	0.024642061236139934	40.10526315789473	0.0383616953297746
Bacteria	JAKBAE010000134.1_2	1	19	0.05263157894736842	2	380	0.006561679790026247	0.11757611460167251	8.021052631578947	0.12358365330394776
Bacteria	NZ_LIGX01000009.1_9	1	19	0.05263157894736842	0	380	0.0013123359580052493	0.024642061236139934	40.10526315789473	0.0383616953297746
Bacteria	NZ_CP072036.1_2477	1	19	0.05263157894736842	0	380	0.0013123359580052493	0.024642061236139934	40.10526315789473	0.0383616953297746
Bacteria	JAFEGL010000021.1_31	1	19	0.05263157894736842	1	380	0.003937007874015748	0.07221085599886466	13.368421052631579	0.08123721299872275
Bacteria	JAJXYX010000041.1_3	1	19	0.05263157894736842	1	380	0.003937007874015748	0.07221085599886466	13.368421052631579	0.08123721299872275
Bacteria	JAJXYX010000059.1_22	1	19	0.05263157894736842	1	380	0.003937007874015748	0.07221085599886466	13.368421052631579	0.08123721299872275
Bacteria	JAFGCY010000095.1_34	1	19	0.05263157894736842	0	380	0.0013123359580052493	0.024642061236139934	40.10526315789473	0.0383616953297746
Bacteria	NZ_JAALLS010000018.1_27	1	19	0.05263157894736842	0	380	0.0013123359580052493	0.024642061236139934	40.10526315789473	0.0383616953297746
Bacteria	NZ_JAALLS010000018.1_26	1	19	0.05263157894736842	0	380	0.0013123359580052493	0.024642061236139934	40.10526315789473	0.0383616953297746
Bacteria	NZ_JAALLS010000002.1_180	1	19	0.05263157894736842	0	380	0.0013123359580052493	0.024642061236139934	40.10526315789473	0.0383616953297746
Bacteria	JADKAQ010000002.1_550	1	19	0.05263157894736842	0	380	0.0013123359580052493	0.024642061236139934	40.10526315789473	0.0383616953297746
Bacteria	NZ_JAALLS010000018.1_22	1	19	0.05263157894736842	0	380	0.0013123359580052493	0.024642061236139934	40.10526315789473	0.0383616953297746
Bacteria	NZ_CVUA01000001.1_1749	1	19	0.05263157894736842	4	380	0.011811023622047244	0.20207863768127723	4.456140350877193	0.20420578123581698
Bacteria	NZ_JAALLS010000018.1_19	1	19	0.05263157894736842	1	380	0.003937007874015748	0.07221085599886466	13.368421052631579	0.08123721299872275
Bacteria	JAKBAE010000071.1_10	1	19	0.05263157894736842	1	380	0.003937007874015748	0.07221085599886466	13.368421052631579	0.08123721299872275
Bacteria	NZ_JAALLS010000018.1_18	1	19	0.05263157894736842	0	380	0.0013123359580052493	0.024642061236139934	40.10526315789473	0.0383616953297746
Bacteria	NZ_JAALLS010000018.1_17	1	19	0.05263157894736842	0	380	0.0013123359580052493	0.024642061236139934	40.10526315789473	0.0383616953297746
Bacteria	NZ_JAALLS010000018.1_16	1	19	0.05263157894736842	0	380	0.0013123359580052493	0.024642061236139934	40.10526315789473	0.0383616953297746
Bacteria	NZ_JAALLS010000018.1_15	1	19	0.05263157894736842	0	380	0.0013123359580052493	0.024642061236139934	40.10526315789473	0.0383616953297746
Bacteria	CP060262.1_319	1	19	0.05263157894736842	2	380	0.006561679790026247	0.11757611460167251	8.021052631578947	0.12358365330394776
Bacteria	JAHFTO010000030.1_25	1	19	0.05263157894736842	1	380	0.003937007874015748	0.07221085599886466	13.368421052631579	0.08123721299872275
Bacteria	NZ_JAALLS010000041.1_5	1	19	0.05263157894736842	0	380	0.0013123359580052493	0.024642061236139934	40.10526315789473	0.0383616953297746
Bacteria	JAFGCY010000005.1_40	1	19	0.05263157894736842	0	380	0.0013123359580052493	0.024642061236139934	40.10526315789473	0.0383616953297746
Bacteria	NZ_JAALLS010000018.1_30	1	19	0.05263157894736842	0	380	0.0013123359580052493	0.024642061236139934	40.10526315789473	0.0383616953297746
Bacteria	NZ_JAALLS010000018.1_31	1	19	0.05263157894736842	0	380	0.0013123359580052493	0.024642061236139934	40.10526315789473	0.0383616953297746
Bacteria	NZ_JAALLS010000018.1_32	1	19	0.05263157894736842	0	380	0.0013123359580052493	0.024642061236139934	40.10526315789473	0.0383616953297746
Bacteria	NZ_CP095483.1_135	1	19	0.05263157894736842	2	380	0.006561679790026247	0.11757611460167251	8.021052631578947	0.12358365330394776
Bacteria	NZ_JAALLS010000018.1_34	1	19	0.05263157894736842	0	380	0.0013123359580052493	0.024642061236139934	40.10526315789473	0.0383616953297746
Bacteria	NZ_JAALLS010000018.1_35	1	19	0.05263157894736842	0	380	0.0013123359580052493	0.024642061236139934	40.10526315789473	0.0383616953297746
Bacteria	JAHEFU010000059.1_4	1	19	0.05263157894736842	0	380	0.0013123359580052493	0.024642061236139934	40.10526315789473	0.0383616953297746
Bacteria	JAFEGL010000039.1_49	1	19	0.05263157894736842	1	380	0.003937007874015748	0.07221085599886466	13.368421052631579	0.08123721299872275
Bacteria	JAFEGH010000003.1_49	1	19	0.05263157894736842	5	380	0.014435695538057743	0.24139736370898784	3.6459330143540667	0.24223846950588326
Bacteria	NZ_NHSQ01000017.1_1	1	19	0.05263157894736842	1	380	0.003937007874015748	0.07221085599886466	13.368421052631579	0.08123721299872275
Bacteria	JAFEGH010000007.1_336	1	19	0.05263157894736842	1	380	0.003937007874015748	0.07221085599886466	13.368421052631579	0.08123721299872275
Bacteria	JAJXYX010000059.1_14	1	19	0.05263157894736842	1	380	0.003937007874015748	0.07221085599886466	13.368421052631579	0.08123721299872275
Bacteria	NZ_JDTH01000011.1_82	1	19	0.05263157894736842	1	380	0.003937007874015748	0.07221085599886466	13.368421052631579	0.08123721299872275
Bacteria	JAJXYX010000059.1_16	1	19	0.05263157894736842	0	380	0.0013123359580052493	0.024642061236139934	40.10526315789473	0.0383616953297746
Bacteria	NZ_JAKUHT010000011.1_223	1	19	0.05263157894736842	3	380	0.009186351706036745	0.16083449075926962	5.7293233082706765	0.166619904095934
Bacteria	NZ_JAKUHT010000013.1_62	1	19	0.05263157894736842	0	380	0.0013123359580052493	0.024642061236139934	40.10526315789473	0.0383616953297746
Halobacteria	NZ_JALXFV010000002.1_418	30	120	0.25	9	2400	0.003956684714702207	9.995783747155471e-45	63.18421052631579	5.637622033395686e-42
Halobacteria	NZ_CP101458.1_912	29	120	0.24166666666666667	5	2400	0.0022907122032486465	1.2572535283672716e-49	105.49848484848485	1.4181819799982823e-46
Halobacteria	NZ_AOLJ01000011.1_114	29	120	0.24166666666666667	16	2400	0.0068721366097459395	5.757235183243099e-36	35.16616161616162	1.623540321674554e-33
Halobacteria	NC_017941.2_652	27	120	0.225	18	2400	0.0077051228654727195	2.328816499278085e-31	29.201351351351352	3.2836312639820997e-29
Halobacteria	NZ_MWLL01000155.1_45	26	120	0.21666666666666667	8	2400	0.003540191586838817	2.0831327842991476e-38	61.201960784313734	7.832579268964795e-36
Halobacteria	QNGA01000004.1_65	25	120	0.20833333333333334	11	2400	0.004789670970428988	2.740957562198907e-33	43.4963768115942	5.153000216933946e-31
Halobacteria	JADFQH010000279.1_5	25	120	0.20833333333333334	13	2400	0.005622657226155768	1.3983391579050848e-31	37.052469135802475	2.2533236715956223e-29
Halobacteria	NZ_CP095482.1_2414	25	120	0.20833333333333334	11	2400	0.004789670970428988	2.740957562198907e-33	43.4963768115942	5.153000216933946e-31
Halobacteria	UYNY01000046.1_16	25	120	0.20833333333333334	16	2400	0.0068721366097459395	1.8816642801508694e-29	30.315656565656564	2.3583525644557566e-27
Halobacteria	UYNY01000027.1_6	23	120	0.19166666666666668	51	2400	0.021449396084964597	1.5099704578063424e-15	8.935760517799354	9.462481535586413e-14
Halobacteria	NZ_CP031310.1_3375	20	120	0.16666666666666666	18	2400	0.0077051228654727195	7.67820656238063e-21	21.63063063063063	7.873651820332138e-19
Halobacteria	NZ_JANHDJ010000001.1_522	20	120	0.16666666666666666	18	2400	0.0077051228654727195	7.67820656238063e-21	21.63063063063063	7.873651820332138e-19
Halobacteria	NZ_MWLL01000170.1_8	19	120	0.15833333333333333	16	2400	0.0068721366097459395	2.4191086100034735e-20	23.039898989898987	2.273962093403265e-18
Halobacteria	NZ_JALIQP010000001.1_930	18	120	0.15	14	2400	0.006039150354019159	6.914041574076448e-20	24.837931034482757	5.99926068889095e-18
Halobacteria	JADKAQ010000001.1_411	14	120	0.11666666666666667	13	2400	0.005622657226155768	1.210495385450692e-14	20.749382716049382	6.827193973941902e-13
Halobacteria	NZ_JALLPK010000001.1_2648	14	120	0.11666666666666667	13	2400	0.005622657226155768	1.210495385450692e-14	20.749382716049382	6.827193973941902e-13
Halobacteria	NZ_RKLT01000001.1_242	14	120	0.11666666666666667	10	2400	0.004373177842565598	4.0621433223637595e-16	26.677777777777777	2.6953515691919536e-14
Halobacteria	NZ_RKLT01000008.1_107	14	120	0.11666666666666667	52	2400	0.021865889212827987	4.348128575836623e-07	5.335555555555556	8.758373274185197e-06
Halobacteria	NZ_CP096658.1_3230	13	120	0.10833333333333334	15	2400	0.006455643481882549	1.558556833763454e-12	16.781182795698925	7.032208433940704e-11
Halobacteria	NZ_JANHJR010000001.1_1111	13	120	0.10833333333333334	13	2400	0.005622657226155768	2.8104798511517786e-13	19.267283950617283	1.431632329781328e-11
Halobacteria	NZ_NHSQ01000041.1_15	13	120	0.10833333333333334	11	2400	0.004789670970428988	3.797806676000201e-14	22.618115942028986	2.039964728822965e-12
Halobacteria	NZ_JAALLS010000004.1_159	13	120	0.10833333333333334	14	2400	0.006039150354019159	6.826710372264283e-13	17.938505747126438	3.2085538749642135e-11
Halobacteria	NZ_JANHAU010000002.1_576	12	120	0.1	16	2400	0.0068721366097459395	5.891193502567065e-11	14.55151515151515	2.2150887569652165e-09
Halobacteria	NZ_AOLW01000050.1_40	11	120	0.09166666666666666	18	2400	0.0077051228654727195	3.052719323252983e-09	11.896846846846847	9.565187212859347e-08
Halobacteria	NZ_QLVG01000017.1_40	11	120	0.09166666666666666	11	2400	0.004789670970428988	2.1884342015019608e-11	19.138405797101445	8.512254411359351e-10
Halobacteria	s5a1_contig_1_2073	11	120	0.09166666666666666	10	2400	0.004373177842565598	8.387430973324994e-12	20.96111111111111	3.378936477825212e-10
Halobacteria	NZ_JAJCVJ010000001.1_1550	11	120	0.09166666666666666	3	2400	0.0014577259475218659	6.336979808004409e-17	62.88333333333333	4.7654088156193154e-15
Halobacteria	NZ_WUUT01000002.1_368	11	120	0.09166666666666666	10	2400	0.004373177842565598	8.387430973324994e-12	20.96111111111111	3.378936477825212e-10
Halobacteria	NZ_KB913019.1_31	11	120	0.09166666666666666	26	2400	0.011037067888379841	1.1394363067885631e-07	8.305345911949685	2.5705683081149985e-06
Halobacteria	SKKJ01000102.1_8	11	120	0.09166666666666666	13	2400	0.005622657226155768	1.1747517083295222e-10	16.303086419753086	3.897411549987356e-09
Halobacteria	NZ_CP101156.1_2868	11	120	0.09166666666666666	19	2400	0.00812161599333611	5.224925295831429e-09	11.286752136752137	1.5928961442426628e-07
Halobacteria	NC_017941.2_793	10	120	0.08333333333333333	2	2400	0.0010412328196584756	1.566641557493938e-16	80.03333333333333	1.1044822980332264e-14
Halobacteria	PXRE01000007.1_7	10	120	0.08333333333333333	39	2400	0.016451478550603915	3.253066762930604e-05	5.065400843881856	0.0004169840123392865
Halobacteria	NZ_CP100400.1_1801	10	120	0.08333333333333333	1	2400	0.0006247396917950854	9.87577934813163e-19	133.38888888888886	7.95705650335177e-17
Halobacteria	NZ_AOLN01000018.1_529	10	120	0.08333333333333333	10	2400	0.004373177842565598	1.9174938854050886e-10	19.055555555555554	6.179808864962686e-09
Halobacteria	NZ_FOCX01000009.1_61	9	120	0.075	59	2400	0.02478134110787172	0.0031261621864932918	3.026470588235294	0.020743005566849607
Halobacteria	LFEZ01000001.1_40	9	120	0.075	27	2400	0.011453561016243232	1.130909134106501e-05	6.548181818181818	0.00015007829450260389
Halobacteria	NZ_FTNO01000001.1_1045	9	120	0.075	18	2400	0.0077051228654727195	4.6377123172942475e-07	9.733783783783784	9.177788585803354e-06
Halobacteria	JAHFTO010000016.1_41	9	120	0.075	15	2400	0.006455643481882549	1.068781040456684e-07	11.61774193548387	2.4603775788472235e-06
Halobacteria	JAJNBK010000057.1_3	9	120	0.075	21	2400	0.00895460224906289	1.5833480785156684e-06	8.375581395348837	2.7906509883838656e-05
Halobacteria	NZ_JAALLS010000001.1_96	9	120	0.075	11	2400	0.004789670970428988	8.598075995940773e-09	15.658695652173911	2.486828134210562e-07
Halobacteria	NZ_WRXM01000002.1_984	9	120	0.075	11	2400	0.004789670970428988	8.598075995940773e-09	15.658695652173911	2.486828134210562e-07
Halobacteria	NZ_CP095487.1_2151	9	120	0.075	12	2400	0.005206164098292378	1.7468442403211807e-08	14.406	4.283565876265851e-07
Halobacteria	AOLX01000014.1_307	9	120	0.075	15	2400	0.006455643481882549	1.068781040456684e-07	11.61774193548387	2.4603775788472235e-06
Halobacteria	NZ_JAAAJC010000004.1_42	8	120	0.06666666666666667	8	2400	0.003540191586838817	1.457688665680803e-08	18.83137254901961	3.8847442138256665e-07
Halobacteria	NC_012029.1_642	8	120	0.06666666666666667	25	2400	0.01062057476051645	4.736581378276901e-05	6.277124183006536	0.0005936515327440382
Halobacteria	NZ_AOLJ01000011.1_132	8	120	0.06666666666666667	8	2400	0.003540191586838817	1.457688665680803e-08	18.83137254901961	3.8847442138256665e-07
Halobacteria	NZ_CP101156.1_917	8	120	0.06666666666666667	10	2400	0.004373177842565598	7.275595599963389e-08	15.244444444444444	1.7461429439912133e-06
Halobacteria	NZ_WSZK01000024.1_3	8	120	0.06666666666666667	11	2400	0.004789670970428988	1.445314502323617e-07	13.918840579710144	3.196695605139294e-06
Halobacteria	NZ_CP084469.1_3283	8	120	0.06666666666666667	104	2400	0.04352353186172428	0.15312228158921204	1.531738437001595	0.2522901235964191
Halobacteria	NZ_LWHG01000021.1_720	8	120	0.06666666666666667	19	2400	0.00812161599333611	7.095673238517305e-06	8.208547008547008	9.760877332984782e-05
Halobacteria	NZ_CP017922.1_1824	8	120	0.06666666666666667	14	2400	0.006039150354019159	8.15495253287053e-07	11.039080459770116	1.559116348657281e-05
Halobacteria	NZ_QPII01000001.1_492	8	120	0.06666666666666667	96	2400	0.04019158683881716	0.11119749347188386	1.6587219343696027	0.1978454747441335
Halobacteria	WHTU01000013.1_20	8	120	0.06666666666666667	17	2400	0.007288629737609329	3.24274958669948e-06	9.146666666666667	4.689514786919248e-05
Halobacteria	NZ_RKLT01000022.1_15	8	120	0.06666666666666667	15	2400	0.006455643481882549	1.334046596412834e-06	10.326881720430107	2.388578667862979e-05
Halobacteria	NZ_JAKUHT010000025.1_26	8	120	0.06666666666666667	17	2400	0.007288629737609329	3.24274958669948e-06	9.146666666666667	4.689514786919248e-05
Halobacteria	AOLX01000005.1_282	8	120	0.06666666666666667	13	2400	0.005622657226155768	4.798564434514537e-07	11.85679012345679	9.332380486435168e-06
Halobacteria	JADJWG010000002.1_222	7	120	0.058333333333333334	20	2400	0.0085381091211995	8.482848462438456e-05	6.832113821138211	0.0009910296914722085
Halobacteria	NZ_JALLPK010000001.1_2452	7	120	0.058333333333333334	20	2400	0.0085381091211995	8.482848462438456e-05	6.832113821138211	0.0009910296914722085
Halobacteria	LKML01000038.1_19	7	120	0.058333333333333334	21	2400	0.00895460224906289	0.00011365265308226131	6.514341085271318	0.0012820019267679075
Halobacteria	JAFAQB010000431.1_25	7	120	0.058333333333333334	22	2400	0.009371095376926281	0.0001499826889297899	6.224814814814814	0.0016267353183923366
Halobacteria	ML241305.1_278	7	120	0.058333333333333334	1	2400	0.0006247396917950854	2.077298033479521e-12	93.37222222222222	9.012277622172692e-11
Halobacteria	JADDOQ010000159.1_6	7	120	0.058333333333333334	21	2400	0.00895460224906289	0.00011365265308226131	6.514341085271318	0.0012820019267679075
Halobacteria	JAKCFM010000001.1_550	7	120	0.058333333333333334	12	2400	0.005206164098292378	3.6891293544079602e-06	11.204666666666668	5.137454212064418e-05
Halobacteria	JADFQH010000047.1_1	7	120	0.058333333333333334	20	2400	0.0085381091211995	8.482848462438456e-05	6.832113821138211	0.0009910296914722085
Halobacteria	NZ_PEND01000004.1_39	7	120	0.058333333333333334	8	2400	0.003540191586838817	2.92272770750154e-07	16.47745098039216	5.994248825566794e-06
Halobacteria	JAATVR010000350.1_4	7	120	0.058333333333333334	21	2400	0.00895460224906289	0.00011365265308226131	6.514341085271318	0.0012820019267679075
Halobacteria	NZ_JAKUHT010000007.1_11	7	120	0.058333333333333334	2	2400	0.0010412328196584756	7.121407332816767e-11	56.02333333333333	2.500873379004824e-09
Halobacteria	NZ_JALLPK010000001.1_3698	7	120	0.058333333333333334	22	2400	0.009371095376926281	0.0001499826889297899	6.224814814814814	0.0016267353183923366
Halobacteria	NZ_CP100454.1_571	7	120	0.058333333333333334	2	2400	0.0010412328196584756	7.121407332816767e-11	56.02333333333333	2.500873379004824e-09
Halobacteria	NZ_LOPU01000038.1_2	7	120	0.058333333333333334	10	2400	0.004373177842565598	1.181728094522927e-06	13.338888888888889	2.149982726809454e-05
Halobacteria	NZ_CP095757.1_765	7	120	0.058333333333333334	31	2400	0.013119533527696793	0.0010954000669813548	4.446296296296296	0.008521457072792884
Halobacteria	JADJWG010000004.1_746	6	120	0.05	18	2400	0.0077051228654727195	0.00036135132494992037	6.489189189189189	0.0030418230936082847
Halobacteria	CAJWBY010000005.1_53	6	120	0.05	16	2400	0.0068721366097459395	0.0001971554155418576	7.275757575757575	0.002078337608814308
Halobacteria	NZ_CP095487.1_1316	6	120	0.05	0	2400	0.00020824656393169514	2.9191084738449065e-13	240.1	1.431632329781328e-11
Halobacteria	NZ_BBJP01000008.1_25	6	120	0.05	114	2400	0.047688463140358184	0.5117600806615322	1.048471615720524	0.578091540769979
Halobacteria	CP094974.1_4662	6	120	0.05	36	2400	0.015201999167013744	0.010370548300826794	3.2890410958904113	0.05824650013461667
Halobacteria	QNGA01000001.1_766	6	120	0.05	12	2400	0.005206164098292378	4.3803342839195314e-05	9.604000000000001	0.0005551704575574417
Halobacteria	SKKJ01000043.1_2	6	120	0.05	22	2400	0.009371095376926281	0.0009956802295961495	5.335555555555556	0.007799495131836504
Halobacteria	NZ_CP100002.1_27	6	120	0.05	17	2400	0.007288629737609329	0.00026954102861061587	6.86	0.002663577813489139
Halobacteria	NZ_CP100456.1_72	6	120	0.05	59	2400	0.02478134110787172	0.0787714975508448	2.0176470588235293	0.1473536471597893
Halobacteria	NZ_FOTC01000002.1_400	5	120	0.041666666666666664	1	2400	0.0006247396917950854	1.7083706574534168e-08	66.69444444444443	4.282315781349898e-07
Halobacteria	QNGA01000009.1_102	5	120	0.041666666666666664	44	2400	0.018533944189920867	0.07328919221053937	2.2481273408239697	0.13755442398250983
Halobacteria	NZ_JANHDP010000002.1_647	5	120	0.041666666666666664	12	2400	0.005206164098292378	0.0004437176339351871	8.003333333333334	0.003626909355644138
Halobacteria	OMIR01000083.1_46	5	120	0.041666666666666664	11	2400	0.004789670970428988	0.0003042307261378714	8.69927536231884	0.002663577813489139
Halobacteria	JAKCFJ010000001.1_1437	5	120	0.041666666666666664	42	2400	0.017700957934194086	0.06284447403689428	2.3539215686274506	0.13582862509280072
Halobacteria	NZ_CP101156.1_2664	5	120	0.041666666666666664	13	2400	0.005622657226155768	0.0006267355155502895	7.410493827160494	0.004978575081272723
Halobacteria	PXRE01000009.1_4	5	120	0.041666666666666664	21	2400	0.00895460224906289	0.004689034561015433	4.653100775193798	0.03005244877741709
Halobacteria	NZ_JAJCVJ010000003.1_173	5	120	0.041666666666666664	37	2400	0.015618492294877134	0.040699136318512116	2.667777777777778	0.09446219293679356
Halobacteria	CP094974.1_934	5	120	0.041666666666666664	16	2400	0.0068721366097459395	0.0015188341807068962	6.063131313131312	0.011575979431333643
Halobacteria	LKNH01000005.1_27	5	120	0.041666666666666664	21	2400	0.00895460224906289	0.004689034561015433	4.653100775193798	0.03005244877741709
Halobacteria	NZ_BBJP01000054.1_6	5	120	0.041666666666666664	28	2400	0.011870054144106622	0.014608340645714276	3.510233918128655	0.05824650013461667
Halobacteria	NC_017944.1_408	5	120	0.041666666666666664	2	2400	0.0010412328196584756	2.1111495786409076e-07	40.016666666666666	4.4099568976054515e-06
Halobacteria	NZ_FOTC01000001.1_718	5	120	0.041666666666666664	4	2400	0.001874219075385256	3.6839202118237537e-06	22.23148148148148	5.137454212064418e-05
Halobacteria	NZ_SBIT01000001.1_14	5	120	0.041666666666666664	2	2400	0.0010412328196584756	2.1111495786409076e-07	40.016666666666666	4.4099568976054515e-06
Halobacteria	NZ_OBEJ01000001.1_826	5	120	0.041666666666666664	2	2400	0.0010412328196584756	2.1111495786409076e-07	40.016666666666666	4.4099568976054515e-06
Halobacteria	NZ_QPII01000017.1_24	5	120	0.041666666666666664	15	2400	0.006455643481882549	0.001155688385524964	6.454301075268817	0.008928880129261366
Halobacteria	NZ_CP031310.1_3153	5	120	0.041666666666666664	12	2400	0.005206164098292378	0.0004437176339351871	8.003333333333334	0.003626909355644138
Halobacteria	NZ_JALXFV010000008.1_111	5	120	0.041666666666666664	9	2400	0.003956684714702207	0.0001266758488009292	10.530701754385964	0.0014008858573279228
Halobacteria	NZ_QQTY01000001.1_44	5	120	0.041666666666666664	19	2400	0.00812161599333611	0.003112371265274114	5.13034188034188	0.020743005566849607
Halobacteria	NZ_QLVG01000083.1_7	5	120	0.041666666666666664	57	2400	0.02394835485214494	0.161785043019143	1.739855072463768	0.2538157559465832
Halobacteria	PXRE01000015.1_148	5	120	0.041666666666666664	5	2400	0.0022907122032486465	9.655994684244808e-06	18.189393939393938	0.00012966621433128743
Halobacteria	PXRE01000015.1_147	5	120	0.041666666666666664	6	2400	0.0027072053311120365	2.1394440310629763e-05	15.39102564102564	0.000280615449655702
Halobacteria	NZ_CP100454.1_2898	5	120	0.041666666666666664	13	2400	0.005622657226155768	0.0006267355155502895	7.410493827160494	0.004978575081272723
Halobacteria	NZ_WUYX01000038.1_216	5	120	0.041666666666666664	12	2400	0.005206164098292378	0.0004437176339351871	8.003333333333334	0.003626909355644138
Halobacteria	NZ_QPII01000032.1_5	5	120	0.041666666666666664	12	2400	0.005206164098292378	0.0004437176339351871	8.003333333333334	0.003626909355644138
Halobacteria	NZ_CP044129.1_1483	5	120	0.041666666666666664	9	2400	0.003956684714702207	0.0001266758488009292	10.530701754385964	0.0014008858573279228
Halobacteria	NZ_CP096659.1_2304	5	120	0.041666666666666664	10	2400	0.004373177842565598	0.0002008322689368436	9.527777777777777	0.002078337608814308
Halobacteria	PXRX01000018.1_26	5	120	0.041666666666666664	8	2400	0.003540191586838817	7.557439604764698e-05	11.769607843137255	0.0009166442875456537
Halobacteria	NZ_CP100445.1_3888	5	120	0.041666666666666664	8	2400	0.003540191586838817	7.557439604764698e-05	11.769607843137255	0.0009166442875456537
Halobacteria	QNGA01000012.1_77	5	120	0.041666666666666664	13	2400	0.005622657226155768	0.0006267355155502895	7.410493827160494	0.004978575081272723
Halobacteria	NZ_CP099997.1_920	5	120	0.041666666666666664	0	2400	0.00020824656393169514	7.316384885386454e-11	200.08333333333331	2.500873379004824e-09
Halobacteria	NZ_OBEJ01000002.1_93	5	120	0.041666666666666664	10	2400	0.004373177842565598	0.0002008322689368436	9.527777777777777	0.002078337608814308
Halobacteria	CP071596.1_2650	5	120	0.041666666666666664	4	2400	0.001874219075385256	3.6839202118237537e-06	22.23148148148148	5.137454212064418e-05
Halobacteria	NZ_MWLL01000129.1_23	4	120	0.03333333333333333	11	2400	0.004789670970428988	0.0027812708001683393	6.959420289855072	0.01867424680113028
Halobacteria	NZ_LIUF01000003.1_448	4	120	0.03333333333333333	11	2400	0.004789670970428988	0.0027812708001683393	6.959420289855072	0.01867424680113028
Halobacteria	NZ_FTNO01000002.1_252	4	120	0.03333333333333333	1	2400	0.0006247396917950854	1.1809367840685862e-06	53.35555555555555	2.149982726809454e-05
Halobacteria	NZ_CP101460.1_20	4	120	0.03333333333333333	16	2400	0.0068721366097459395	0.009751705172180334	4.85050505050505	0.05555516885969402
Halobacteria	NZ_JALIQP010000007.1_18	4	120	0.03333333333333333	128	2400	0.05351936693044565	0.8893419434819715	0.6228274967574579	0.8964948277459015
Halobacteria	JALDAN010000001.1_55	4	120	0.03333333333333333	19	2400	0.00812161599333611	0.016990535789778306	4.104273504273504	0.05824650013461667
Halobacteria	NZ_SDIC01000008.1_297	4	120	0.03333333333333333	12	2400	0.005206164098292378	0.0037374944762895864	6.402666666666667	0.024229274535946282
Halobacteria	NZ_FTNO01000001.1_828	4	120	0.03333333333333333	0	2400	0.00020824656393169514	1.51532575716604e-08	160.06666666666666	3.8847442138256665e-07
Halobacteria	NZ_CP100355.1_1908	4	120	0.03333333333333333	13	2400	0.005622657226155768	0.004895407773134668	5.928395061728395	0.03067788871164392
Halobacteria	SZNP01000004.1_596	4	120	0.03333333333333333	74	2400	0.031028738025822573	0.5131001506014916	1.0742729306487695	0.578091540769979
Halobacteria	UYNY01000063.1_8	4	120	0.03333333333333333	10	2400	0.004373177842565598	0.002007913170063636	7.622222222222222	0.014707312050855723
Halobacteria	PXSA01000018.1_43	4	120	0.03333333333333333	12	2400	0.005206164098292378	0.0037374944762895864	6.402666666666667	0.024229274535946282
Halobacteria	NZ_LIGX01000007.1_9	4	120	0.03333333333333333	2	2400	0.0010412328196584756	8.767562805898395e-06	32.013333333333335	0.00011915434753076373
Halobacteria	JAKCFJ010000002.1_244	4	120	0.03333333333333333	7	2400	0.003123698458975427	0.0005861163370304468	10.671111111111111	0.004756397324966503
Halobacteria	JAKCFM010000001.1_995	4	120	0.03333333333333333	16	2400	0.0068721366097459395	0.009751705172180334	4.85050505050505	0.05555516885969402
Halobacteria	VHBH01000004.1_99	4	120	0.03333333333333333	18	2400	0.0077051228654727195	0.014291831711421447	4.326126126126126	0.05824650013461667
Halobacteria	JAKCFM010000001.1_822	4	120	0.03333333333333333	23	2400	0.009787588504789672	0.030851860495644385	3.4056737588652477	0.07205154997740551
Halobacteria	LKNH01000075.1_2	4	120	0.03333333333333333	6	2400	0.0027072053311120365	0.0003435759813168855	12.312820512820513	0.002913937646055991
Halobacteria	PXRK01000067.1_84	4	120	0.03333333333333333	16	2400	0.0068721366097459395	0.009751705172180334	4.85050505050505	0.05555516885969402
Halobacteria	JAKBAE010000025.1_19	4	120	0.03333333333333333	9	2400	0.003956684714702207	0.001397790525399133	8.424561403508772	0.010725902807144366
Halobacteria	PXRK01000039.1_23	4	120	0.03333333333333333	13	2400	0.005622657226155768	0.004895407773134668	5.928395061728395	0.03067788871164392
Halobacteria	NZ_JALLPK010000002.1_397	4	120	0.03333333333333333	6	2400	0.0027072053311120365	0.0003435759813168855	12.312820512820513	0.002913937646055991
Halobacteria	NZ_AOJG01000028.1_132	4	120	0.03333333333333333	3	2400	0.0014577259475218659	3.240933706936004e-05	22.866666666666667	0.0004169840123392865
Halobacteria	LIAL01000031.1_12	4	120	0.03333333333333333	28	2400	0.011870054144106622	0.055423990490563874	2.808187134502924	0.12453836907043038
Halobacteria	WHTU01000006.1_5	4	120	0.03333333333333333	11	2400	0.004789670970428988	0.0027812708001683393	6.959420289855072	0.01867424680113028
Halobacteria	CP071596.1_1194	4	120	0.03333333333333333	12	2400	0.005206164098292378	0.0037374944762895864	6.402666666666667	0.024229274535946282
Halobacteria	CP071596.1_1195	4	120	0.03333333333333333	11	2400	0.004789670970428988	0.0027812708001683393	6.959420289855072	0.01867424680113028
Halobacteria	JADKAQ010000002.1_431	4	120	0.03333333333333333	20	2400	0.0085381091211995	0.019988421041499654	3.9040650406504063	0.05824650013461667
Halobacteria	NZ_CP095482.1_2409	4	120	0.03333333333333333	5	2400	0.0022907122032486465	0.00018300953219302802	14.55151515151515	0.0019474976633371284
Halobacteria	NZ_CP035119.1_2275	4	120	0.03333333333333333	10	2400	0.004373177842565598	0.002007913170063636	7.622222222222222	0.014707312050855723
Halobacteria	NZ_CP100000.1_1204	4	120	0.03333333333333333	6	2400	0.0027072053311120365	0.0003435759813168855	12.312820512820513	0.002913937646055991
Halobacteria	NZ_BBJP01000013.1_232	4	120	0.03333333333333333	16	2400	0.0068721366097459395	0.009751705172180334	4.85050505050505	0.05555516885969402
Halobacteria	NZ_LWHG01000021.1_265	4	120	0.03333333333333333	0	2400	0.00020824656393169514	1.51532575716604e-08	160.06666666666666	3.8847442138256665e-07
Halobacteria	NZ_WRXM01000005.1_170	4	120	0.03333333333333333	44	2400	0.018533944189920867	0.18394881537611688	1.798501872659176	0.2823051207404896
Halobacteria	NZ_CP100445.1_2115	4	120	0.03333333333333333	19	2400	0.00812161599333611	0.016990535789778306	4.104273504273504	0.05824650013461667
Halobacteria	JAKCFM010000001.1_290	4	120	0.03333333333333333	13	2400	0.005622657226155768	0.004895407773134668	5.928395061728395	0.03067788871164392
Halobacteria	JAHENP010000251.1_8	4	120	0.03333333333333333	12	2400	0.005206164098292378	0.0037374944762895864	6.402666666666667	0.024229274535946282
Halobacteria	NZ_ML974131.1_630	4	120	0.03333333333333333	4	2400	0.001874219075385256	8.522152488723779e-05	17.785185185185185	0.0009910296914722085
Halobacteria	NZ_LOPU01000016.1_229	4	120	0.03333333333333333	6	2400	0.0027072053311120365	0.0003435759813168855	12.312820512820513	0.002913937646055991
Halobacteria	PXRE01000039.1_30	4	120	0.03333333333333333	0	2400	0.00020824656393169514	1.51532575716604e-08	160.06666666666666	3.8847442138256665e-07
Halobacteria	NZ_JAAOIR010000001.1_1636	4	120	0.03333333333333333	15	2400	0.006455643481882549	0.007886466042915158	5.163440860215053	0.04731879625749095
Halobacteria	NZ_NHSQ01000046.1_8	4	120	0.03333333333333333	16	2400	0.0068721366097459395	0.009751705172180334	4.85050505050505	0.05555516885969402
Halobacteria	NZ_FTNO01000002.1_63	4	120	0.03333333333333333	13	2400	0.005622657226155768	0.004895407773134668	5.928395061728395	0.03067788871164392
Halobacteria	NZ_FOTC01000003.1_27	4	120	0.03333333333333333	18	2400	0.0077051228654727195	0.014291831711421447	4.326126126126126	0.05824650013461667
Halobacteria	NZ_BBJP01000036.1_50	4	120	0.03333333333333333	17	2400	0.007288629737609329	0.01188261409948413	4.573333333333333	0.05824650013461667
Halobacteria	NZ_WUUT01000006.1_4	4	120	0.03333333333333333	5	2400	0.0022907122032486465	0.00018300953219302802	14.55151515151515	0.0019474976633371284
Halobacteria	NZ_JANHAU010000002.1_233	4	120	0.03333333333333333	15	2400	0.006455643481882549	0.007886466042915158	5.163440860215053	0.04731879625749095
Halobacteria	JADKAQ010000001.1_474	4	120	0.03333333333333333	15	2400	0.006455643481882549	0.007886466042915158	5.163440860215053	0.04731879625749095
Halobacteria	NZ_CVUA01000001.1_1846	4	120	0.03333333333333333	1	2400	0.0006247396917950854	1.1809367840685862e-06	53.35555555555555	2.149982726809454e-05
Halobacteria	NZ_JAJCVI010000001.1_784	3	120	0.025	8	2400	0.003540191586838817	0.009159452103400948	7.061764705882354	0.05353296358878896
Halobacteria	NC_015948.1_811	3	120	0.025	8	2400	0.003540191586838817	0.009159452103400948	7.061764705882354	0.05353296358878896
Halobacteria	NZ_LOPU01000018.1_153	3	120	0.025	4	2400	0.001874219075385256	0.0015697789387875626	13.33888888888889	0.01164941212468665
Halobacteria	NZ_JAKUHT010000023.1_2	3	120	0.025	4	2400	0.001874219075385256	0.0015697789387875626	13.33888888888889	0.01164941212468665
Halobacteria	NZ_MWLL01000247.1_27	3	120	0.025	12	2400	0.005206164098292378	0.025254584357899148	4.8020000000000005	0.05922488805760964
Halobacteria	SKKJ01000373.1_7	3	120	0.025	17	2400	0.007288629737609329	0.058087423849048164	3.43	0.13000518670977446
Halobacteria	NZ_QPII01000009.1_68	3	120	0.025	19	2400	0.00812161599333611	0.07493635882744089	3.0782051282051284	0.1404123135504208
Halobacteria	NZ_JALXFV010000002.1_318	3	120	0.025	0	2400	0.00020824656393169514	2.4903508631509494e-06	120.05	3.696204965308251e-05
Halobacteria	NZ_BBMP01000004.1_89	3	120	0.025	11	2400	0.004789670970428988	0.020377368182244303	5.219565217391304	0.05824650013461667
Halobacteria	NZ_CP095757.1_847	3	120	0.025	29	2400	0.012286547271970013	0.1839363914074264	2.0347457627118644	0.2823051207404896
Halobacteria	NZ_JAJCVJ010000003.1_499	3	120	0.025	22	2400	0.009371095376926281	0.10372286574222045	2.667777777777778	0.19117547803468085
Halobacteria	NZ_AOII01000091.1_90	3	120	0.025	2	2400	0.0010412328196584756	0.0002894190522214235	24.01	0.002663577813489139
Halobacteria	NZ_CP058335.1_432	3	120	0.025	3	2400	0.0014577259475218659	0.0007658448660498555	17.150000000000002	0.006041069992337322
Halobacteria	PXSA01000026.1_13	3	120	0.025	2	2400	0.0010412328196584756	0.0002894190522214235	24.01	0.002663577813489139
Halobacteria	JAKCFJ010000003.1_433	3	120	0.025	37	2400	0.015618492294877134	0.28905081310445796	1.6006666666666667	0.3900111449543404
Halobacteria	NZ_CP095483.1_135	3	120	0.025	45	2400	0.018950437317784258	0.3977623814363163	1.3192307692307692	0.49742346592036013
Halobacteria	NZ_FOCX01000010.1_18	3	120	0.025	0	2400	0.00020824656393169514	2.4903508631509494e-06	120.05	3.696204965308251e-05
Halobacteria	NZ_CP100445.1_3242	3	120	0.025	0	2400	0.00020824656393169514	2.4903508631509494e-06	120.05	3.696204965308251e-05
Halobacteria	JAKCFM010000002.1_680	3	120	0.025	10	2400	0.004373177842565598	0.01607328360276559	5.716666666666667	0.05824650013461667
Halobacteria	NZ_CP101458.1_2207	3	120	0.025	18	2400	0.0077051228654727195	0.0662633413378055	3.2445945945945946	0.13582862509280072
Halobacteria	LKNH01000019.1_4	3	120	0.025	18	2400	0.0077051228654727195	0.0662633413378055	3.2445945945945946	0.13582862509280072
Halobacteria	NZ_JDTH01000002.1_1251	3	120	0.025	0	2400	0.00020824656393169514	2.4903508631509494e-06	120.05	3.696204965308251e-05
Halobacteria	NZ_AOJI01000002.1_23	3	120	0.025	11	2400	0.004789670970428988	0.020377368182244303	5.219565217391304	0.05824650013461667
Halobacteria	NZ_WUYX01000037.1_30	3	120	0.025	0	2400	0.00020824656393169514	2.4903508631509494e-06	120.05	3.696204965308251e-05
Halobacteria	NZ_WUUT01000001.1_598	3	120	0.025	12	2400	0.005206164098292378	0.025254584357899148	4.8020000000000005	0.05922488805760964
Halobacteria	PXRX01000023.1_5	3	120	0.025	16	2400	0.0068721366097459395	0.050427759829871924	3.6378787878787877	0.11491416785473844
Halobacteria	JAKBAE010000069.1_6	3	120	0.025	10	2400	0.004373177842565598	0.01607328360276559	5.716666666666667	0.05824650013461667
Halobacteria	NZ_CP100000.1_3254	3	120	0.025	1	2400	0.0006247396917950854	6.4831431586279e-05	40.016666666666666	0.0008036247783442057
Halobacteria	NZ_CP053941.1_2087	3	120	0.025	0	2400	0.00020824656393169514	2.4903508631509494e-06	120.05	3.696204965308251e-05
Halobacteria	NZ_FNFE01000004.1_293	3	120	0.025	13	2400	0.005622657226155768	0.03070472721595256	4.446296296296297	0.0718567060157562
Halobacteria	NZ_AP017569.1_169	3	120	0.025	0	2400	0.00020824656393169514	2.4903508631509494e-06	120.05	3.696204965308251e-05
Halobacteria	NZ_CP100454.1_3535	3	120	0.025	14	2400	0.006039150354019159	0.036723174486648094	4.139655172413794	0.08540977488853413
Halobacteria	NZ_PEND01000008.1_3	3	120	0.025	10	2400	0.004373177842565598	0.01607328360276559	5.716666666666667	0.05824650013461667
Halobacteria	JAFAQB010000329.1_2	3	120	0.025	16	2400	0.0068721366097459395	0.050427759829871924	3.6378787878787877	0.11491416785473844
Halobacteria	NZ_CP100445.1_484	3	120	0.025	8	2400	0.003540191586838817	0.009159452103400948	7.061764705882354	0.05353296358878896
Halobacteria	NZ_CP019154.1_2370	3	120	0.025	0	2400	0.00020824656393169514	2.4903508631509494e-06	120.05	3.696204965308251e-05
Halobacteria	NZ_NHSQ01000051.1_48	3	120	0.025	8	2400	0.003540191586838817	0.009159452103400948	7.061764705882354	0.05353296358878896
Halobacteria	PXRX01000038.1_139	3	120	0.025	4	2400	0.001874219075385256	0.0015697789387875626	13.33888888888889	0.01164941212468665
Halobacteria	NZ_CP095482.1_462	3	120	0.025	24	2400	0.01020408163265306	0.12498554010141845	2.45	0.21010982002146053
Halobacteria	NZ_CP095482.1_464	3	120	0.025	12	2400	0.005206164098292378	0.025254584357899148	4.8020000000000005	0.05922488805760964
Halobacteria	NZ_FOTC01000003.1_48	3	120	0.025	18	2400	0.0077051228654727195	0.0662633413378055	3.2445945945945946	0.13582862509280072
Halobacteria	NZ_CVUA01000001.1_1790	3	120	0.025	0	2400	0.00020824656393169514	2.4903508631509494e-06	120.05	3.696204965308251e-05
Halobacteria	NZ_CP095487.1_2294	3	120	0.025	0	2400	0.00020824656393169514	2.4903508631509494e-06	120.05	3.696204965308251e-05
Halobacteria	NZ_CP095482.1_332	3	120	0.025	0	2400	0.00020824656393169514	2.4903508631509494e-06	120.05	3.696204965308251e-05
Halobacteria	NZ_WSZK01000026.1_89	3	120	0.025	16	2400	0.0068721366097459395	0.050427759829871924	3.6378787878787877	0.11491416785473844
Halobacteria	NZ_CP044129.1_1080	3	120	0.025	17	2400	0.007288629737609329	0.058087423849048164	3.43	0.13000518670977446
Halobacteria	NZ_JALJCL010000007.1_39	3	120	0.025	25	2400	0.01062057476051645	0.1361642816926708	2.353921568627451	0.2272090380907288
Halobacteria	NZ_JALIQP010000002.1_24	3	120	0.025	0	2400	0.00020824656393169514	2.4903508631509494e-06	120.05	3.696204965308251e-05
Halobacteria	NZ_FNFE01000004.1_90	3	120	0.025	64	2400	0.026863806747188673	0.6284594902620708	0.9306201550387597	0.6606731640406486
Halobacteria	NZ_FNYR01000035.1_11	3	120	0.025	11	2400	0.004789670970428988	0.020377368182244303	5.219565217391304	0.05824650013461667
Halobacteria	NZ_JAKUHT010000011.1_91	3	120	0.025	27	2400	0.011453561016243232	0.15948968438295327	2.182727272727273	0.2522901235964191
Halobacteria	NZ_JANHAU010000001.1_197	3	120	0.025	11	2400	0.004789670970428988	0.020377368182244303	5.219565217391304	0.05824650013461667
Halobacteria	NZ_CBTY010000009.1_501	3	120	0.025	9	2400	0.003956684714702207	0.012337496325073794	6.318421052631579	0.05824650013461667
Halobacteria	NZ_MWLL01000125.1_23	3	120	0.025	4	2400	0.001874219075385256	0.0015697789387875626	13.33888888888889	0.01164941212468665
Halobacteria	NZ_NHSQ01000052.1_48	3	120	0.025	18	2400	0.0077051228654727195	0.0662633413378055	3.2445945945945946	0.13582862509280072
Halobacteria	CACLIK010000008.1_36	3	120	0.025	15	2400	0.006455643481882549	0.04330145386029434	3.8725806451612903	0.09927650397238214
Halobacteria	NZ_CSTE01000002.1_1881	3	120	0.025	8	2400	0.003540191586838817	0.009159452103400948	7.061764705882354	0.05353296358878896
Halobacteria	NZ_JAJFAY010000002.1_572	2	120	0.016666666666666666	13	2400	0.005622657226155768	0.1467494544659104	2.9641975308641975	0.2423622029832312
Halobacteria	NZ_AP017569.1_165	2	120	0.016666666666666666	0	2400	0.00020824656393169514	0.0003046112925000877	80.03333333333333	0.002663577813489139
Halobacteria	NZ_JANJYH010000002.1_54	2	120	0.016666666666666666	12	2400	0.005206164098292378	0.129783877609881	3.2013333333333334	0.21688327991695666
Halobacteria	CAJWBY010000066.1_22	2	120	0.016666666666666666	14	2400	0.006039150354019159	0.16413941189998146	2.759770114942529	0.25467573125609233
Halobacteria	NZ_JAJCVI010000001.1_57	2	120	0.016666666666666666	13	2400	0.005622657226155768	0.1467494544659104	2.9641975308641975	0.2423622029832312
Halobacteria	NZ_CP095757.1_1540	2	120	0.016666666666666666	11	2400	0.004789670970428988	0.11333066522234132	3.479710144927536	0.1978454747441335
Halobacteria	NZ_AOJI01000002.1_151	2	120	0.016666666666666666	0	2400	0.00020824656393169514	0.0003046112925000877	80.03333333333333	0.002663577813489139
Halobacteria	NZ_JAAAJC010000002.1_233	2	120	0.016666666666666666	20	2400	0.0085381091211995	0.2733167847713765	1.9520325203252031	0.3751351211390747
Halobacteria	NZ_CP067007.1_1349	2	120	0.016666666666666666	24	2400	0.01020408163265306	0.346618206874836	1.6333333333333335	0.4437972047160216
Halobacteria	NZ_CP099546.1_1743	2	120	0.016666666666666666	14	2400	0.006039150354019159	0.16413941189998146	2.759770114942529	0.25467573125609233
Halobacteria	NZ_CP099998.1_71	2	120	0.016666666666666666	39	2400	0.016451478550603915	0.5891749430226666	1.0130801687763713	0.627563112114795
Halobacteria	NZ_CP095482.1_1654	2	120	0.016666666666666666	0	2400	0.00020824656393169514	0.0003046112925000877	80.03333333333333	0.002663577813489139
Halobacteria	NZ_JALLPK010000001.1_3015	2	120	0.016666666666666666	24	2400	0.01020408163265306	0.346618206874836	1.6333333333333335	0.4437972047160216
Halobacteria	NZ_JAAAJC010000002.1_405	2	120	0.016666666666666666	35	2400	0.014785506039150353	0.5311965649272505	1.127230046948357	0.592285932519529
Halobacteria	NZ_MU078805.1_1	2	120	0.016666666666666666	14	2400	0.006039150354019159	0.16413941189998146	2.759770114942529	0.25467573125609233
Halobacteria	NZ_CVUA01000001.1_2240	2	120	0.016666666666666666	1	2400	0.0006247396917950854	0.0026534646905337954	26.677777777777774	0.018250659578793425
Halobacteria	NZ_AOIJ01000049.1_21	2	120	0.016666666666666666	7	2400	0.003123698458975427	0.05468435122657846	5.335555555555556	0.12312165306103894
Halobacteria	NZ_CP095491.1_1757	2	120	0.016666666666666666	9	2400	0.003956684714702207	0.08235258933110932	4.212280701754386	0.1527857249432423
Halobacteria	SZNP01000001.1_1090	2	120	0.016666666666666666	7	2400	0.003123698458975427	0.05468435122657846	5.335555555555556	0.12312165306103894
Halobacteria	AOLX01000027.1_51	2	120	0.016666666666666666	14	2400	0.006039150354019159	0.16413941189998146	2.759770114942529	0.25467573125609233
Halobacteria	NZ_CP085301.1_693	2	120	0.016666666666666666	8	2400	0.003540191586838817	0.06804470401769784	4.707843137254902	0.13582862509280072
Halobacteria	CAJWBY010000063.1_10	2	120	0.016666666666666666	4	2400	0.001874219075385256	0.02167001533659615	8.892592592592592	0.05824650013461667
Halobacteria	NZ_KZ859515.1_65	2	120	0.016666666666666666	11	2400	0.004789670970428988	0.11333066522234132	3.479710144927536	0.1978454747441335
Halobacteria	NZ_CP084469.1_168	2	120	0.016666666666666666	13	2400	0.005622657226155768	0.1467494544659104	2.9641975308641975	0.2423622029832312
Halobacteria	PXRK01000068.1_3	2	120	0.016666666666666666	14	2400	0.006039150354019159	0.16413941189998146	2.759770114942529	0.25467573125609233
Halobacteria	JALDAN010000024.1_18	2	120	0.016666666666666666	15	2400	0.006455643481882549	0.18187300132616335	2.5817204301075267	0.2798809624773701
Halobacteria	NC_019964.1_1710	2	120	0.016666666666666666	0	2400	0.00020824656393169514	0.0003046112925000877	80.03333333333333	0.002663577813489139
Halobacteria	NZ_CP044129.1_2543	2	120	0.016666666666666666	4	2400	0.001874219075385256	0.02167001533659615	8.892592592592592	0.05824650013461667
Halobacteria	NC_019964.1_86	2	120	0.016666666666666666	7	2400	0.003123698458975427	0.05468435122657846	5.335555555555556	0.12312165306103894
Halobacteria	NZ_JAJCVI010000004.1_493	2	120	0.016666666666666666	15	2400	0.006455643481882549	0.18187300132616335	2.5817204301075267	0.2798809624773701
Halobacteria	NZ_JAAAJC010000012.1_8	2	120	0.016666666666666666	15	2400	0.006455643481882549	0.18187300132616335	2.5817204301075267	0.2798809624773701
Halobacteria	NZ_JAKUHT010000021.1_46	2	120	0.016666666666666666	2	2400	0.0010412328196584756	0.0071349369915075615	16.006666666666668	0.043503832034705564
Halobacteria	NZ_JANHAU010000006.1_233	2	120	0.016666666666666666	1	2400	0.0006247396917950854	0.0026534646905337954	26.677777777777774	0.018250659578793425
Halobacteria	NZ_AP017569.1_45	2	120	0.016666666666666666	6	2400	0.0027072053311120365	0.04240416465509537	6.156410256410257	0.09741730698767327
Halobacteria	NZ_PEND01000001.1_845	2	120	0.016666666666666666	9	2400	0.003956684714702207	0.08235258933110932	4.212280701754386	0.1527857249432423
Halobacteria	QNGA01000001.1_494	2	120	0.016666666666666666	13	2400	0.005622657226155768	0.1467494544659104	2.9641975308641975	0.2423622029832312
Halobacteria	NZ_CP058335.1_3586	2	120	0.016666666666666666	17	2400	0.007288629737609329	0.2180813667615219	2.2866666666666666	0.31417085786334187
Halobacteria	NZ_RKLT01000016.1_60	2	120	0.016666666666666666	14	2400	0.006039150354019159	0.16413941189998146	2.759770114942529	0.25467573125609233
Halobacteria	NZ_CP095482.1_957	2	120	0.016666666666666666	7	2400	0.003123698458975427	0.05468435122657846	5.335555555555556	0.12312165306103894
Halobacteria	NZ_RDFA01000004.1_315	2	120	0.016666666666666666	2	2400	0.0010412328196584756	0.0071349369915075615	16.006666666666668	0.043503832034705564
Halobacteria	NZ_AOLG01000047.1_3	2	120	0.016666666666666666	9	2400	0.003956684714702207	0.08235258933110932	4.212280701754386	0.1527857249432423
Halobacteria	NZ_JANHDP010000001.1_161	2	120	0.016666666666666666	1	2400	0.0006247396917950854	0.0026534646905337954	26.677777777777774	0.018250659578793425
Halobacteria	NZ_CP095487.1_930	2	120	0.016666666666666666	21	2400	0.00895460224906289	0.29176387541234455	1.8612403100775192	0.3932014951793604
Halobacteria	NZ_QPII01000006.1_218	2	120	0.016666666666666666	39	2400	0.016451478550603915	0.5891749430226666	1.0130801687763713	0.627563112114795
Halobacteria	CP094974.1_2504	2	120	0.016666666666666666	18	2400	0.0077051228654727195	0.2364265868964771	2.163063063063063	0.33420524896764325
Halobacteria	NC_017943.1_117	2	120	0.016666666666666666	6	2400	0.0027072053311120365	0.04240416465509537	6.156410256410257	0.09741730698767327
Halobacteria	NZ_MWLL01000151.1_6	2	120	0.016666666666666666	11	2400	0.004789670970428988	0.11333066522234132	3.479710144927536	0.1978454747441335
Halobacteria	NZ_ML974130.1_679	2	120	0.016666666666666666	7	2400	0.003123698458975427	0.05468435122657846	5.335555555555556	0.12312165306103894
Halobacteria	NZ_BBMP01000022.1_917	2	120	0.016666666666666666	19	2400	0.00812161599333611	0.2548554951562456	2.052136752136752	0.35360024420202346
Halobacteria	NZ_CP100456.1_43	2	120	0.016666666666666666	0	2400	0.00020824656393169514	0.0003046112925000877	80.03333333333333	0.002663577813489139
Halobacteria	QNGA01000012.1_21	2	120	0.016666666666666666	10	2400	0.004373177842565598	0.09748555483611679	3.811111111111111	0.1799733320051387
Halobacteria	NZ_FOTC01000001.1_32	2	120	0.016666666666666666	8	2400	0.003540191586838817	0.06804470401769784	4.707843137254902	0.13582862509280072
Halobacteria	NZ_CP096659.1_1989	2	120	0.016666666666666666	11	2400	0.004789670970428988	0.11333066522234132	3.479710144927536	0.1978454747441335
Halobacteria	NZ_CP100756.1_2330	2	120	0.016666666666666666	0	2400	0.00020824656393169514	0.0003046112925000877	80.03333333333333	0.002663577813489139
Halobacteria	CP071596.1_1044	2	120	0.016666666666666666	1	2400	0.0006247396917950854	0.0026534646905337954	26.677777777777774	0.018250659578793425
Halobacteria	NZ_FTNO01000005.1_195	2	120	0.016666666666666666	14	2400	0.006039150354019159	0.16413941189998146	2.759770114942529	0.25467573125609233
Halobacteria	NZ_CP095491.1_1157	2	120	0.016666666666666666	2	2400	0.0010412328196584756	0.0071349369915075615	16.006666666666668	0.043503832034705564
Halobacteria	NZ_RKSM01000001.1_2127	2	120	0.016666666666666666	11	2400	0.004789670970428988	0.11333066522234132	3.479710144927536	0.1978454747441335
Halobacteria	NZ_BBMP01000006.1_115	2	120	0.016666666666666666	6	2400	0.0027072053311120365	0.04240416465509537	6.156410256410257	0.09741730698767327
Halobacteria	NZ_FNFE01000001.1_933	2	120	0.016666666666666666	6	2400	0.0027072053311120365	0.04240416465509537	6.156410256410257	0.09741730698767327
Halobacteria	NZ_BBMP01000007.1_96	2	120	0.016666666666666666	16	2400	0.0068721366097459395	0.19987622258991167	2.425252525252525	0.2911387546423559
Halobacteria	NZ_CP100400.1_2562	2	120	0.016666666666666666	5	2400	0.0022907122032486465	0.03134766584921888	7.275757575757575	0.0730581964419812
Halobacteria	NZ_QLVG01000056.1_3	2	120	0.016666666666666666	13	2400	0.005622657226155768	0.1467494544659104	2.9641975308641975	0.2423622029832312
Halobacteria	JALDAN010000020.1_6	2	120	0.016666666666666666	13	2400	0.005622657226155768	0.1467494544659104	2.9641975308641975	0.2423622029832312
Halobacteria	JADFQH010000018.1_22	2	120	0.016666666666666666	10	2400	0.004373177842565598	0.09748555483611679	3.811111111111111	0.1799733320051387
Halobacteria	NZ_CP031310.1_2705	2	120	0.016666666666666666	13	2400	0.005622657226155768	0.1467494544659104	2.9641975308641975	0.2423622029832312
Halobacteria	NZ_CP100000.1_372	2	120	0.016666666666666666	3	2400	0.0014577259475218659	0.013538811069905099	11.433333333333334	0.05824650013461667
Halobacteria	CP071596.1_3181	2	120	0.016666666666666666	8	2400	0.003540191586838817	0.06804470401769784	4.707843137254902	0.13582862509280072
Halobacteria	NZ_JAJCVI010000008.1_47	2	120	0.016666666666666666	36	2400	0.015201999167013744	0.5461948334650909	1.0963470319634703	0.5981628855811869
Halobacteria	JADKAQ010000001.1_354	2	120	0.016666666666666666	17	2400	0.007288629737609329	0.2180813667615219	2.2866666666666666	0.31417085786334187
Halobacteria	NZ_JANHDP010000002.1_354	2	120	0.016666666666666666	4	2400	0.001874219075385256	0.02167001533659615	8.892592592592592	0.05824650013461667
Halobacteria	NZ_SBIS02000007.1_350	2	120	0.016666666666666666	0	2400	0.00020824656393169514	0.0003046112925000877	80.03333333333333	0.002663577813489139
Halobacteria	NZ_JALLGW010000001.1_283	2	120	0.016666666666666666	22	2400	0.009371095376926281	0.31015458061275203	1.7785185185185184	0.41488996682294677
Halobacteria	NZ_CP095482.1_1926	2	120	0.016666666666666666	15	2400	0.006455643481882549	0.18187300132616335	2.5817204301075267	0.2798809624773701
Halobacteria	NZ_CP100762.1_2540	2	120	0.016666666666666666	24	2400	0.01020408163265306	0.346618206874836	1.6333333333333335	0.4437972047160216
Halobacteria	NZ_CP100355.1_2572	2	120	0.016666666666666666	0	2400	0.00020824656393169514	0.0003046112925000877	80.03333333333333	0.002663577813489139
Halobacteria	DP000238.1_1234	2	120	0.016666666666666666	28	2400	0.011870054144106622	0.4174313011974718	1.404093567251462	0.5106968630702258
Halobacteria	NZ_JDTH01000001.1_577	2	120	0.016666666666666666	8	2400	0.003540191586838817	0.06804470401769784	4.707843137254902	0.13582862509280072
Halobacteria	NZ_JAKUHT010000012.1_142	2	120	0.016666666666666666	2	2400	0.0010412328196584756	0.0071349369915075615	16.006666666666668	0.043503832034705564
Halobacteria	NZ_CP099993.1_948	2	120	0.016666666666666666	0	2400	0.00020824656393169514	0.0003046112925000877	80.03333333333333	0.002663577813489139
Halobacteria	NZ_SDIC01000006.1_119	2	120	0.016666666666666666	1	2400	0.0006247396917950854	0.0026534646905337954	26.677777777777774	0.018250659578793425
Halobacteria	NZ_SDIC01000004.1_217	2	120	0.016666666666666666	4	2400	0.001874219075385256	0.02167001533659615	8.892592592592592	0.05824650013461667
Halobacteria	JAKBAE010000098.1_7	2	120	0.016666666666666666	8	2400	0.003540191586838817	0.06804470401769784	4.707843137254902	0.13582862509280072
Halobacteria	NZ_CP084469.1_2495	2	120	0.016666666666666666	3	2400	0.0014577259475218659	0.013538811069905099	11.433333333333334	0.05824650013461667
Halobacteria	NZ_JALJCL010000001.1_417	2	120	0.016666666666666666	3	2400	0.0014577259475218659	0.013538811069905099	11.433333333333334	0.05824650013461667
Halobacteria	NZ_FTNO01000001.1_366	2	120	0.016666666666666666	37	2400	0.015618492294877134	0.560859369375225	1.0671111111111111	0.6099007644793827
Halobacteria	NZ_LOPU01000018.1_879	2	120	0.016666666666666666	4	2400	0.001874219075385256	0.02167001533659615	8.892592592592592	0.05824650013461667
Halobacteria	NZ_LOPU01000018.1_135	2	120	0.016666666666666666	0	2400	0.00020824656393169514	0.0003046112925000877	80.03333333333333	0.002663577813489139
Halobacteria	NZ_CP100445.1_460	2	120	0.016666666666666666	4	2400	0.001874219075385256	0.02167001533659615	8.892592592592592	0.05824650013461667
Halobacteria	NZ_JANHDJ010000005.1_171	2	120	0.016666666666666666	4	2400	0.001874219075385256	0.02167001533659615	8.892592592592592	0.05824650013461667
Halobacteria	NZ_WSZK01000006.1_124	2	120	0.016666666666666666	1	2400	0.0006247396917950854	0.0026534646905337954	26.677777777777774	0.018250659578793425
Halobacteria	JADKAQ010000003.1_107	2	120	0.016666666666666666	15	2400	0.006455643481882549	0.18187300132616335	2.5817204301075267	0.2798809624773701
Halobacteria	NZ_CP085337.1_802	2	120	0.016666666666666666	8	2400	0.003540191586838817	0.06804470401769784	4.707843137254902	0.13582862509280072
Halobacteria	NZ_CP100400.1_1272	2	120	0.016666666666666666	7	2400	0.003123698458975427	0.05468435122657846	5.335555555555556	0.12312165306103894
Halobacteria	NZ_JALXFV010000002.1_330	2	120	0.016666666666666666	1	2400	0.0006247396917950854	0.0026534646905337954	26.677777777777774	0.018250659578793425
Halobacteria	NZ_JAJFAY010000001.1_1683	2	120	0.016666666666666666	15	2400	0.006455643481882549	0.18187300132616335	2.5817204301075267	0.2798809624773701
Halobacteria	PXSA01000014.1_32	2	120	0.016666666666666666	9	2400	0.003956684714702207	0.08235258933110932	4.212280701754386	0.1527857249432423
Halobacteria	NZ_QPII01000002.1_278	2	120	0.016666666666666666	10	2400	0.004373177842565598	0.09748555483611679	3.811111111111111	0.1799733320051387
Halobacteria	NZ_AOLJ01000022.1_219	2	120	0.016666666666666666	6	2400	0.0027072053311120365	0.04240416465509537	6.156410256410257	0.09741730698767327
Halobacteria	NZ_CP085301.1_3456	2	120	0.016666666666666666	0	2400	0.00020824656393169514	0.0003046112925000877	80.03333333333333	0.002663577813489139
Halobacteria	NZ_CVUA01000001.1_199	2	120	0.016666666666666666	23	2400	0.009787588504789672	0.32845079596441806	1.7028368794326239	0.43485034958669433
Halobacteria	NZ_CP100400.1_1792	2	120	0.016666666666666666	0	2400	0.00020824656393169514	0.0003046112925000877	80.03333333333333	0.002663577813489139
Halobacteria	NZ_SDIC01000004.1_92	2	120	0.016666666666666666	1	2400	0.0006247396917950854	0.0026534646905337954	26.677777777777774	0.018250659578793425
Halobacteria	JAKCFM010000001.1_2755	2	120	0.016666666666666666	27	2400	0.011453561016243232	0.4000556843638812	1.455151515151515	0.4997373332917586
Halobacteria	NZ_FNIA01000005.1_74	2	120	0.016666666666666666	16	2400	0.0068721366097459395	0.19987622258991167	2.425252525252525	0.2911387546423559
Halobacteria	JADJWG010000001.1_1288	2	120	0.016666666666666666	3	2400	0.0014577259475218659	0.013538811069905099	11.433333333333334	0.05824650013461667
Halobacteria	NZ_CP085307.1_169	2	120	0.016666666666666666	2	2400	0.0010412328196584756	0.0071349369915075615	16.006666666666668	0.043503832034705564
Halobacteria	JAKCFM010000001.1_275	2	120	0.016666666666666666	12	2400	0.005206164098292378	0.129783877609881	3.2013333333333334	0.21688327991695666
Halobacteria	NZ_AOLK01000011.1_553	2	120	0.016666666666666666	31	2400	0.013119533527696793	0.4679781730381822	1.2703703703703704	0.5447671611837662
Halobacteria	LKNH01000095.1_4	2	120	0.016666666666666666	4	2400	0.001874219075385256	0.02167001533659615	8.892592592592592	0.05824650013461667
Halobacteria	NZ_CP058335.1_1249	2	120	0.016666666666666666	9	2400	0.003956684714702207	0.08235258933110932	4.212280701754386	0.1527857249432423
Halobacteria	NZ_JAKUHT010000001.1_53	2	120	0.016666666666666666	0	2400	0.00020824656393169514	0.0003046112925000877	80.03333333333333	0.002663577813489139
Halobacteria	NZ_JAJCVI010000003.1_516	2	120	0.016666666666666666	12	2400	0.005206164098292378	0.129783877609881	3.2013333333333334	0.21688327991695666
Halobacteria	NZ_FTNO01000001.1_969	2	120	0.016666666666666666	20	2400	0.0085381091211995	0.2733167847713765	1.9520325203252031	0.3751351211390747
Halobacteria	NZ_LOPU01000018.1_142	2	120	0.016666666666666666	4	2400	0.001874219075385256	0.02167001533659615	8.892592592592592	0.05824650013461667
Halobacteria	NZ_CVUA01000001.1_1763	2	120	0.016666666666666666	3	2400	0.0014577259475218659	0.013538811069905099	11.433333333333334	0.05824650013461667
Halobacteria	NZ_CP100400.1_1809	2	120	0.016666666666666666	0	2400	0.00020824656393169514	0.0003046112925000877	80.03333333333333	0.002663577813489139
Halobacteria	NZ_JDTH01000002.1_1314	2	120	0.016666666666666666	18	2400	0.0077051228654727195	0.2364265868964771	2.163063063063063	0.33420524896764325
Halobacteria	NZ_CP019067.1_2567	2	120	0.016666666666666666	14	2400	0.006039150354019159	0.16413941189998146	2.759770114942529	0.25467573125609233
Halobacteria	QNGA01000004.1_122	2	120	0.016666666666666666	0	2400	0.00020824656393169514	0.0003046112925000877	80.03333333333333	0.002663577813489139
Halobacteria	JADFQH010000108.1_7	2	120	0.016666666666666666	11	2400	0.004789670970428988	0.11333066522234132	3.479710144927536	0.1978454747441335
Halobacteria	NZ_LOPU01000013.1_98	2	120	0.016666666666666666	1	2400	0.0006247396917950854	0.0026534646905337954	26.677777777777774	0.018250659578793425
Halobacteria	NZ_AQXI01000001.1_767	2	120	0.016666666666666666	0	2400	0.00020824656393169514	0.0003046112925000877	80.03333333333333	0.002663577813489139
Halobacteria	NZ_JAAAJC010000016.1_13	2	120	0.016666666666666666	1	2400	0.0006247396917950854	0.0026534646905337954	26.677777777777774	0.018250659578793425
Halobacteria	JAHENP010000061.1_12	2	120	0.016666666666666666	12	2400	0.005206164098292378	0.129783877609881	3.2013333333333334	0.21688327991695666
Halobacteria	NZ_CP031310.1_765	1	120	0.008333333333333333	16	2400	0.0068721366097459395	0.562860545942409	1.2126262626262625	0.6099007644793827
Halobacteria	NZ_CP100756.1_2753	1	120	0.008333333333333333	0	2400	0.00020824656393169514	0.024682470801725857	40.016666666666666	0.05824650013461667
Halobacteria	NZ_AOIQ01000006.1_216	1	120	0.008333333333333333	13	2400	0.005622657226155768	0.4916692008826852	1.4820987654320987	0.5613389257041183
Halobacteria	NZ_CP100756.1_2754	1	120	0.008333333333333333	0	2400	0.00020824656393169514	0.024682470801725857	40.016666666666666	0.05824650013461667
Halobacteria	NZ_SBIS02000007.1_185	1	120	0.008333333333333333	8	2400	0.003540191586838817	0.3466071661135069	2.353921568627451	0.4437972047160216
Halobacteria	NZ_PHNJ01000008.1_63	1	120	0.008333333333333333	0	2400	0.00020824656393169514	0.024682470801725857	40.016666666666666	0.05824650013461667
Halobacteria	NZ_CP011070.1_837	1	120	0.008333333333333333	20	2400	0.0085381091211995	0.6426258870257745	0.9760162601626016	0.6724322825278977
Halobacteria	NZ_CP100445.1_3802	1	120	0.008333333333333333	35	2400	0.014785506039150353	0.8326232698415834	0.5636150234741785	0.8438446077100684
Halobacteria	NZ_BBJP01000023.1_115	1	120	0.008333333333333333	12	2400	0.005206164098292378	0.46547223651053127	1.6006666666666667	0.542409796264338
Halobacteria	PXRX01000011.1_31	1	120	0.008333333333333333	17	2400	0.007288629737609329	0.5843196024704109	1.1433333333333333	0.6235690743487451
Halobacteria	NZ_CP044523.1_2631	1	120	0.008333333333333333	9	2400	0.003956684714702207	0.3785774366091882	2.106140350877193	0.47395710154846205
Halobacteria	NZ_FNFE01000002.1_541	1	120	0.008333333333333333	1	2400	0.0006247396917950854	0.07224926866638336	13.338888888888887	0.13582862509280072
Halobacteria	NZ_JAAAJC010000005.1_167	1	120	0.008333333333333333	5	2400	0.0022907122032486465	0.24058037425684958	3.6378787878787877	0.33420524896764325
Halobacteria	NZ_JAALLS010000006.1_3	1	120	0.008333333333333333	10	2400	0.004373177842565598	0.40899581395308504	1.9055555555555554	0.5009199545484038
Halobacteria	NZ_CP101458.1_477	1	120	0.008333333333333333	1	2400	0.0006247396917950854	0.07224926866638336	13.338888888888887	0.13582862509280072
Halobacteria	NZ_QPII01000004.1_170	1	120	0.008333333333333333	16	2400	0.0068721366097459395	0.562860545942409	1.2126262626262625	0.6099007644793827
Halobacteria	NZ_QQTY01000002.1_559	1	120	0.008333333333333333	8	2400	0.003540191586838817	0.3466071661135069	2.353921568627451	0.4437972047160216
Halobacteria	NZ_VSLZ01000006.1_32	1	120	0.008333333333333333	2	2400	0.0010412328196584756	0.1175145993604339	8.003333333333334	0.1978454747441335
Halobacteria	NZ_CP031310.1_2032	1	120	0.008333333333333333	15	2400	0.006455643481882549	0.5403033905696767	1.2908602150537634	0.592285932519529
Halobacteria	NZ_PHNJ01000001.1_379	1	120	0.008333333333333333	5	2400	0.0022907122032486465	0.24058037425684958	3.6378787878787877	0.33420524896764325
Halobacteria	NZ_CP100000.1_2813	1	120	0.008333333333333333	34	2400	0.014369012911286963	0.8239152076059456	0.5799516908212561	0.8365223709986559
Halobacteria	NZ_KZ859516.1_9	1	120	0.008333333333333333	10	2400	0.004373177842565598	0.40899581395308504	1.9055555555555554	0.5009199545484038
Halobacteria	NZ_CP100445.1_3683	1	120	0.008333333333333333	0	2400	0.00020824656393169514	0.024682470801725857	40.016666666666666	0.05824650013461667
Halobacteria	JADKAQ010000017.1_109	1	120	0.008333333333333333	8	2400	0.003540191586838817	0.3466071661135069	2.353921568627451	0.4437972047160216
Halobacteria	LKML01000072.1_9	1	120	0.008333333333333333	17	2400	0.007288629737609329	0.5843196024704109	1.1433333333333333	0.6235690743487451
Halobacteria	NZ_JAAOIR010000004.1_295	1	120	0.008333333333333333	8	2400	0.003540191586838817	0.3466071661135069	2.353921568627451	0.4437972047160216
Halobacteria	SZNP01000010.1_172	1	120	0.008333333333333333	13	2400	0.005622657226155768	0.4916692008826852	1.4820987654320987	0.5613389257041183
Halobacteria	NZ_CP100756.1_2759	1	120	0.008333333333333333	0	2400	0.00020824656393169514	0.024682470801725857	40.016666666666666	0.05824650013461667
Halobacteria	NZ_CP095757.1_2972	1	120	0.008333333333333333	15	2400	0.006455643481882549	0.5403033905696767	1.2908602150537634	0.592285932519529
Halobacteria	NZ_KB913017.1_1882	1	120	0.008333333333333333	0	2400	0.00020824656393169514	0.024682470801725857	40.016666666666666	0.05824650013461667
Halobacteria	NZ_CP053941.1_23	1	120	0.008333333333333333	4	2400	0.001874219075385256	0.201577453347234	4.446296296296296	0.2911387546423559
Halobacteria	CP094974.1_1594	1	120	0.008333333333333333	27	2400	0.011453561016243232	0.7490142181788442	0.7275757575757575	0.7694790875279929
Halobacteria	NZ_WUYX01000044.1_9	1	120	0.008333333333333333	0	2400	0.00020824656393169514	0.024682470801725857	40.016666666666666	0.05824650013461667
Halobacteria	NZ_WUYX01000044.1_8	1	120	0.008333333333333333	4	2400	0.001874219075385256	0.201577453347234	4.446296296296296	0.2911387546423559
Halobacteria	NZ_CP095491.1_3251	1	120	0.008333333333333333	13	2400	0.005622657226155768	0.4916692008826852	1.4820987654320987	0.5613389257041183
Halobacteria	NZ_BBMP01000007.1_205	1	120	0.008333333333333333	17	2400	0.007288629737609329	0.5843196024704109	1.1433333333333333	0.6235690743487451
Halobacteria	NZ_PHNJ01000002.1_528	1	120	0.008333333333333333	8	2400	0.003540191586838817	0.3466071661135069	2.353921568627451	0.4437972047160216
Halobacteria	JALDAN010000032.1_9	1	120	0.008333333333333333	7	2400	0.003123698458975427	0.3130065263885884	2.667777777777778	0.41488996682294677
Halobacteria	CAJWBY010000301.1_2	1	120	0.008333333333333333	13	2400	0.005622657226155768	0.4916692008826852	1.4820987654320987	0.5613389257041183
Halobacteria	NZ_FOTC01000002.1_896	1	120	0.008333333333333333	26	2400	0.011037067888379841	0.7360013759679471	0.7550314465408805	0.758875276135141
Halobacteria	NZ_CP058335.1_3796	1	120	0.008333333333333333	0	2400	0.00020824656393169514	0.024682470801725857	40.016666666666666	0.05824650013461667
Halobacteria	JAATVT010000134.1_12	1	120	0.008333333333333333	5	2400	0.0022907122032486465	0.24058037425684958	3.6378787878787877	0.33420524896764325
Halobacteria	NZ_JAMZIE010000003.1_223	1	120	0.008333333333333333	12	2400	0.005206164098292378	0.46547223651053127	1.6006666666666667	0.542409796264338
Halobacteria	NZ_CP031310.1_1826	1	120	0.008333333333333333	14	2400	0.006039150354019159	0.5165924406880663	1.3798850574712644	0.578091540769979
Halobacteria	PXRE01000008.1_62	1	120	0.008333333333333333	5	2400	0.0022907122032486465	0.24058037425684958	3.6378787878787877	0.33420524896764325
Halobacteria	SKKJ01000080.1_3	1	120	0.008333333333333333	0	2400	0.00020824656393169514	0.024682470801725857	40.016666666666666	0.05824650013461667
Halobacteria	CP060262.1_2190	1	120	0.008333333333333333	10	2400	0.004373177842565598	0.40899581395308504	1.9055555555555554	0.5009199545484038
Halobacteria	NZ_CP058335.1_3815	1	120	0.008333333333333333	0	2400	0.00020824656393169514	0.024682470801725857	40.016666666666666	0.05824650013461667
Halobacteria	NZ_CP058335.1_3816	1	120	0.008333333333333333	0	2400	0.00020824656393169514	0.024682470801725857	40.016666666666666	0.05824650013461667
Halobacteria	LKNH01000091.1_6	1	120	0.008333333333333333	14	2400	0.006039150354019159	0.5165924406880663	1.3798850574712644	0.578091540769979
Halobacteria	NZ_LOPU01000029.1_35	1	120	0.008333333333333333	12	2400	0.005206164098292378	0.46547223651053127	1.6006666666666667	0.542409796264338
Halobacteria	NZ_AOJN01000048.1_6	1	120	0.008333333333333333	15	2400	0.006455643481882549	0.5403033905696767	1.2908602150537634	0.592285932519529
Halobacteria	NZ_KB913017.1_1879	1	120	0.008333333333333333	0	2400	0.00020824656393169514	0.024682470801725857	40.016666666666666	0.05824650013461667
Halobacteria	NZ_MWLL01000079.1_22	1	120	0.008333333333333333	30	2400	0.012703040399833403	0.784356708681176	0.6560109289617486	0.7999587408610909
Halobacteria	NZ_JAJCVJ010000002.1_1360	1	120	0.008333333333333333	4	2400	0.001874219075385256	0.201577453347234	4.446296296296296	0.2911387546423559
Halobacteria	NZ_CP100756.1_2760	1	120	0.008333333333333333	0	2400	0.00020824656393169514	0.024682470801725857	40.016666666666666	0.05824650013461667
Halobacteria	JAHFUX010000012.1_33	1	120	0.008333333333333333	11	2400	0.004789670970428988	0.4379370273375208	1.739855072463768	0.5227438802505011
Halobacteria	CP071596.1_3609	1	120	0.008333333333333333	9	2400	0.003956684714702207	0.3785774366091882	2.106140350877193	0.47395710154846205
Halobacteria	NZ_CP101458.1_685	1	120	0.008333333333333333	1	2400	0.0006247396917950854	0.07224926866638336	13.338888888888887	0.13582862509280072
Halobacteria	NZ_WUYX01000030.1_104	1	120	0.008333333333333333	0	2400	0.00020824656393169514	0.024682470801725857	40.016666666666666	0.05824650013461667
Halobacteria	NZ_FNYR01000048.1_13	1	120	0.008333333333333333	8	2400	0.003540191586838817	0.3466071661135069	2.353921568627451	0.4437972047160216
Halobacteria	NZ_MU078723.1_324	1	120	0.008333333333333333	38	2400	0.016034985422740525	0.8562662174054672	0.5196969696969697	0.8662495903438269
Halobacteria	NZ_PHNJ01000008.1_81	1	120	0.008333333333333333	2	2400	0.0010412328196584756	0.1175145993604339	8.003333333333334	0.1978454747441335
Halobacteria	NZ_SDIC01000004.1_289	1	120	0.008333333333333333	0	2400	0.00020824656393169514	0.024682470801725857	40.016666666666666	0.05824650013461667
Halobacteria	NZ_CP095487.1_1363	1	120	0.008333333333333333	3	2400	0.0014577259475218659	0.16058892618991924	5.716666666666667	0.2522901235964191
Halobacteria	NZ_CP035119.1_733	1	120	0.008333333333333333	2	2400	0.0010412328196584756	0.1175145993604339	8.003333333333334	0.1978454747441335
Halobacteria	NZ_JAJCVI010000003.1_330	1	120	0.008333333333333333	3	2400	0.0014577259475218659	0.16058892618991924	5.716666666666667	0.2522901235964191
Halobacteria	NZ_CP031310.1_857	1	120	0.008333333333333333	13	2400	0.005622657226155768	0.4916692008826852	1.4820987654320987	0.5613389257041183
Halobacteria	JAKCFM010000002.1_414	1	120	0.008333333333333333	20	2400	0.0085381091211995	0.6426258870257745	0.9760162601626016	0.6724322825278977
Halobacteria	NZ_AOLK01000022.1_392	1	120	0.008333333333333333	11	2400	0.004789670970428988	0.4379370273375208	1.739855072463768	0.5227438802505011
Halobacteria	NZ_CP101458.1_2842	1	120	0.008333333333333333	12	2400	0.005206164098292378	0.46547223651053127	1.6006666666666667	0.542409796264338
Halobacteria	NZ_CP095487.1_613	1	120	0.008333333333333333	4	2400	0.001874219075385256	0.201577453347234	4.446296296296296	0.2911387546423559
Halobacteria	NZ_AOII01000107.1_11	1	120	0.008333333333333333	11	2400	0.004789670970428988	0.4379370273375208	1.739855072463768	0.5227438802505011
Halobacteria	SKKJ01000319.1_4	1	120	0.008333333333333333	44	2400	0.018533944189920867	0.8940663138390625	0.449625468164794	0.9004525017950559
Halobacteria	NZ_CP095487.1_619	1	120	0.008333333333333333	10	2400	0.004373177842565598	0.40899581395308504	1.9055555555555554	0.5009199545484038
Halobacteria	JADJWG010000004.1_261	1	120	0.008333333333333333	8	2400	0.003540191586838817	0.3466071661135069	2.353921568627451	0.4437972047160216
Halobacteria	SKKJ01000148.1_1	1	120	0.008333333333333333	3	2400	0.0014577259475218659	0.16058892618991924	5.716666666666667	0.2522901235964191
Halobacteria	NZ_CP095487.1_1049	1	120	0.008333333333333333	6	2400	0.0027072053311120365	0.27769310829000654	3.0782051282051284	0.3751351211390747
Halobacteria	NZ_WUYX01000030.1_94	1	120	0.008333333333333333	0	2400	0.00020824656393169514	0.024682470801725857	40.016666666666666	0.05824650013461667
Halobacteria	NZ_CP100454.1_3021	1	120	0.008333333333333333	39	2400	0.016451478550603915	0.8633861336264208	0.5065400843881857	0.8726698554933715
Halobacteria	NZ_CP095491.1_535	1	120	0.008333333333333333	7	2400	0.003123698458975427	0.3130065263885884	2.667777777777778	0.41488996682294677
Halobacteria	NZ_CP019067.1_3146	1	120	0.008333333333333333	0	2400	0.00020824656393169514	0.024682470801725857	40.016666666666666	0.05824650013461667
Halobacteria	NZ_CP019067.1_3147	1	120	0.008333333333333333	0	2400	0.00020824656393169514	0.024682470801725857	40.016666666666666	0.05824650013461667
Halobacteria	NZ_CP019067.1_3157	1	120	0.008333333333333333	0	2400	0.00020824656393169514	0.024682470801725857	40.016666666666666	0.05824650013461667
Halobacteria	NZ_CP019067.1_3158	1	120	0.008333333333333333	0	2400	0.00020824656393169514	0.024682470801725857	40.016666666666666	0.05824650013461667
Halobacteria	CP094974.1_169	1	120	0.008333333333333333	3	2400	0.0014577259475218659	0.16058892618991924	5.716666666666667	0.2522901235964191
Halobacteria	NZ_BBMP01000023.1_93	1	120	0.008333333333333333	0	2400	0.00020824656393169514	0.024682470801725857	40.016666666666666	0.05824650013461667
Halobacteria	NZ_BBMP01000023.1_92	1	120	0.008333333333333333	0	2400	0.00020824656393169514	0.024682470801725857	40.016666666666666	0.05824650013461667
Halobacteria	NZ_CP100445.1_1075	1	120	0.008333333333333333	0	2400	0.00020824656393169514	0.024682470801725857	40.016666666666666	0.05824650013461667
Halobacteria	NZ_FOCX01000010.1_22	1	120	0.008333333333333333	0	2400	0.00020824656393169514	0.024682470801725857	40.016666666666666	0.05824650013461667
Halobacteria	NZ_QPII01000034.1_3	1	120	0.008333333333333333	2	2400	0.0010412328196584756	0.1175145993604339	8.003333333333334	0.1978454747441335
Halobacteria	NZ_PEND01000002.1_697	1	120	0.008333333333333333	9	2400	0.003956684714702207	0.3785774366091882	2.106140350877193	0.47395710154846205
Halobacteria	NZ_FOTC01000001.1_336	1	120	0.008333333333333333	16	2400	0.0068721366097459395	0.562860545942409	1.2126262626262625	0.6099007644793827
Halobacteria	NZ_LOPW02000022.1_60	1	120	0.008333333333333333	15	2400	0.006455643481882549	0.5403033905696767	1.2908602150537634	0.592285932519529
Halobacteria	SKKJ01000042.1_2	1	120	0.008333333333333333	5	2400	0.0022907122032486465	0.24058037425684958	3.6378787878787877	0.33420524896764325
Halobacteria	NZ_JALXFV010000003.1_227	1	120	0.008333333333333333	11	2400	0.004789670970428988	0.4379370273375208	1.739855072463768	0.5227438802505011
Halobacteria	NZ_LWHG01000011.1_529	1	120	0.008333333333333333	14	2400	0.006039150354019159	0.5165924406880663	1.3798850574712644	0.578091540769979
Halobacteria	RKRU01000058.1_6	1	120	0.008333333333333333	15	2400	0.006455643481882549	0.5403033905696767	1.2908602150537634	0.592285932519529
Halobacteria	NZ_CP031310.1_798	1	120	0.008333333333333333	6	2400	0.0027072053311120365	0.27769310829000654	3.0782051282051284	0.3751351211390747
Halobacteria	NZ_FNYR01000009.1_71	1	120	0.008333333333333333	11	2400	0.004789670970428988	0.4379370273375208	1.739855072463768	0.5227438802505011
Halobacteria	NZ_RKLT01000002.1_624	1	120	0.008333333333333333	1	2400	0.0006247396917950854	0.07224926866638336	13.338888888888887	0.13582862509280072
Halobacteria	NZ_BBMP01000023.1_89	1	120	0.008333333333333333	0	2400	0.00020824656393169514	0.024682470801725857	40.016666666666666	0.05824650013461667
Halobacteria	NZ_BBMP01000023.1_88	1	120	0.008333333333333333	0	2400	0.00020824656393169514	0.024682470801725857	40.016666666666666	0.05824650013461667
Halobacteria	PXRK01000076.1_39	1	120	0.008333333333333333	3	2400	0.0014577259475218659	0.16058892618991924	5.716666666666667	0.2522901235964191
Halobacteria	NZ_JALLPK010000001.1_3132	1	120	0.008333333333333333	0	2400	0.00020824656393169514	0.024682470801725857	40.016666666666666	0.05824650013461667
Halobacteria	NZ_BBMP01000023.1_99	1	120	0.008333333333333333	1	2400	0.0006247396917950854	0.07224926866638336	13.338888888888887	0.13582862509280072
Halobacteria	NZ_BBMP01000023.1_100	1	120	0.008333333333333333	0	2400	0.00020824656393169514	0.024682470801725857	40.016666666666666	0.05824650013461667
Halobacteria	PXRX01000016.1_2	1	120	0.008333333333333333	3	2400	0.0014577259475218659	0.16058892618991924	5.716666666666667	0.2522901235964191
Halobacteria	NZ_JALIQP010000001.1_255	1	120	0.008333333333333333	11	2400	0.004789670970428988	0.4379370273375208	1.739855072463768	0.5227438802505011
Halobacteria	JADFQH010000016.1_18	1	120	0.008333333333333333	5	2400	0.0022907122032486465	0.24058037425684958	3.6378787878787877	0.33420524896764325
Halobacteria	NZ_CVUA01000001.1_1166	1	120	0.008333333333333333	11	2400	0.004789670970428988	0.4379370273375208	1.739855072463768	0.5227438802505011
Halobacteria	NZ_CP095487.1_1553	1	120	0.008333333333333333	2	2400	0.0010412328196584756	0.1175145993604339	8.003333333333334	0.1978454747441335
Halobacteria	NZ_JANHDJ010000004.1_121	1	120	0.008333333333333333	12	2400	0.005206164098292378	0.46547223651053127	1.6006666666666667	0.542409796264338
Halobacteria	PXRK01000024.1_30	1	120	0.008333333333333333	0	2400	0.00020824656393169514	0.024682470801725857	40.016666666666666	0.05824650013461667
Halobacteria	NZ_JALXFV010000002.1_455	1	120	0.008333333333333333	1	2400	0.0006247396917950854	0.07224926866638336	13.338888888888887	0.13582862509280072
Halobacteria	NZ_QPII01000016.1_99	1	120	0.008333333333333333	12	2400	0.005206164098292378	0.46547223651053127	1.6006666666666667	0.542409796264338
Halobacteria	NZ_CVUA01000001.1_1079	1	120	0.008333333333333333	5	2400	0.0022907122032486465	0.24058037425684958	3.6378787878787877	0.33420524896764325
Halobacteria	NZ_JAJCVJ010000004.1_39	1	120	0.008333333333333333	1	2400	0.0006247396917950854	0.07224926866638336	13.338888888888887	0.13582862509280072
Halobacteria	QNGA01000001.1_1459	1	120	0.008333333333333333	1	2400	0.0006247396917950854	0.07224926866638336	13.338888888888887	0.13582862509280072
Halobacteria	AOLX01000015.1_398	1	120	0.008333333333333333	1	2400	0.0006247396917950854	0.07224926866638336	13.338888888888887	0.13582862509280072
Halobacteria	NZ_JALJCL010000008.1_173	1	120	0.008333333333333333	0	2400	0.00020824656393169514	0.024682470801725857	40.016666666666666	0.05824650013461667
Halobacteria	NZ_JALJCL010000008.1_175	1	120	0.008333333333333333	0	2400	0.00020824656393169514	0.024682470801725857	40.016666666666666	0.05824650013461667
Halobacteria	NZ_BBMP01000023.1_106	1	120	0.008333333333333333	0	2400	0.00020824656393169514	0.024682470801725857	40.016666666666666	0.05824650013461667
Halobacteria	NZ_BBMP01000023.1_105	1	120	0.008333333333333333	2	2400	0.0010412328196584756	0.1175145993604339	8.003333333333334	0.1978454747441335
Halobacteria	NZ_CP099994.1_166	1	120	0.008333333333333333	1	2400	0.0006247396917950854	0.07224926866638336	13.338888888888887	0.13582862509280072
Halobacteria	NZ_CVUA01000001.1_1788	1	120	0.008333333333333333	12	2400	0.005206164098292378	0.46547223651053127	1.6006666666666667	0.542409796264338
Halobacteria	NZ_BBMP01000023.1_102	1	120	0.008333333333333333	0	2400	0.00020824656393169514	0.024682470801725857	40.016666666666666	0.05824650013461667
Halobacteria	NZ_JAKUHT010000036.1_55	1	120	0.008333333333333333	17	2400	0.007288629737609329	0.5843196024704109	1.1433333333333333	0.6235690743487451
Halobacteria	NZ_CP095488.1_354	1	120	0.008333333333333333	4	2400	0.001874219075385256	0.201577453347234	4.446296296296296	0.2911387546423559
Halobacteria	JADFQH010000005.1_13	1	120	0.008333333333333333	6	2400	0.0027072053311120365	0.27769310829000654	3.0782051282051284	0.3751351211390747
Halobacteria	NZ_JALXFV010000007.1_280	1	120	0.008333333333333333	1	2400	0.0006247396917950854	0.07224926866638336	13.338888888888887	0.13582862509280072
Halobacteria	NZ_WUYX01000053.1_205	1	120	0.008333333333333333	1	2400	0.0006247396917950854	0.07224926866638336	13.338888888888887	0.13582862509280072
Halobacteria	NZ_JALLPK010000001.1_3670	1	120	0.008333333333333333	8	2400	0.003540191586838817	0.3466071661135069	2.353921568627451	0.4437972047160216
Halobacteria	NZ_CP096658.1_715	1	120	0.008333333333333333	2	2400	0.0010412328196584756	0.1175145993604339	8.003333333333334	0.1978454747441335
Halobacteria	NZ_CP031310.1_2890	1	120	0.008333333333333333	5	2400	0.0022907122032486465	0.24058037425684958	3.6378787878787877	0.33420524896764325
Halobacteria	NZ_OBEJ01000002.1_218	1	120	0.008333333333333333	1	2400	0.0006247396917950854	0.07224926866638336	13.338888888888887	0.13582862509280072
Halobacteria	NZ_RKSM01000001.1_2605	1	120	0.008333333333333333	0	2400	0.00020824656393169514	0.024682470801725857	40.016666666666666	0.05824650013461667
Halobacteria	NZ_LWHG01000031.1_142	1	120	0.008333333333333333	3	2400	0.0014577259475218659	0.16058892618991924	5.716666666666667	0.2522901235964191
Halobacteria	ML241305.1_518	1	120	0.008333333333333333	1	2400	0.0006247396917950854	0.07224926866638336	13.338888888888887	0.13582862509280072
Halobacteria	NZ_JAALLS010000002.1_140	1	120	0.008333333333333333	23	2400	0.009787588504789672	0.6928122688610686	0.8514184397163119	0.7176237275255145
Halobacteria	NZ_RKLT01000002.1_643	1	120	0.008333333333333333	0	2400	0.00020824656393169514	0.024682470801725857	40.016666666666666	0.05824650013461667
Halobacteria	NZ_RKLT01000002.1_644	1	120	0.008333333333333333	0	2400	0.00020824656393169514	0.024682470801725857	40.016666666666666	0.05824650013461667
Halobacteria	NZ_RKLT01000002.1_645	1	120	0.008333333333333333	0	2400	0.00020824656393169514	0.024682470801725857	40.016666666666666	0.05824650013461667
Halobacteria	NZ_FOTC01000009.1_20	1	120	0.008333333333333333	1	2400	0.0006247396917950854	0.07224926866638336	13.338888888888887	0.13582862509280072
Halobacteria	NC_015944.1_256	1	120	0.008333333333333333	3	2400	0.0014577259475218659	0.16058892618991924	5.716666666666667	0.2522901235964191
Halobacteria	NZ_CP099546.1_241	1	120	0.008333333333333333	12	2400	0.005206164098292378	0.46547223651053127	1.6006666666666667	0.542409796264338
Halobacteria	NZ_FTNO01000001.1_1119	1	120	0.008333333333333333	0	2400	0.00020824656393169514	0.024682470801725857	40.016666666666666	0.05824650013461667
Halobacteria	NZ_JALLPK010000001.1_814	1	120	0.008333333333333333	7	2400	0.003123698458975427	0.3130065263885884	2.667777777777778	0.41488996682294677
Halobacteria	NZ_WUYX01000030.1_93	1	120	0.008333333333333333	0	2400	0.00020824656393169514	0.024682470801725857	40.016666666666666	0.05824650013461667
Halobacteria	NZ_PEND01000001.1_450	1	120	0.008333333333333333	1	2400	0.0006247396917950854	0.07224926866638336	13.338888888888887	0.13582862509280072
Halobacteria	NZ_QPII01000020.1_37	1	120	0.008333333333333333	1	2400	0.0006247396917950854	0.07224926866638336	13.338888888888887	0.13582862509280072
Halobacteria	NZ_CP085337.1_318	1	120	0.008333333333333333	9	2400	0.003956684714702207	0.3785774366091882	2.106140350877193	0.47395710154846205
Halobacteria	LKML01000109.1_1	1	120	0.008333333333333333	5	2400	0.0022907122032486465	0.24058037425684958	3.6378787878787877	0.33420524896764325
Halobacteria	NZ_FNFE01000001.1_309	1	120	0.008333333333333333	2	2400	0.0010412328196584756	0.1175145993604339	8.003333333333334	0.1978454747441335
Halobacteria	NZ_FNFE01000002.1_818	1	120	0.008333333333333333	2	2400	0.0010412328196584756	0.1175145993604339	8.003333333333334	0.1978454747441335
Halobacteria	NZ_BBMP01000023.1_84	1	120	0.008333333333333333	0	2400	0.00020824656393169514	0.024682470801725857	40.016666666666666	0.05824650013461667
Halobacteria	NZ_FNFE01000002.1_326	1	120	0.008333333333333333	9	2400	0.003956684714702207	0.3785774366091882	2.106140350877193	0.47395710154846205
Halobacteria	NZ_BBMP01000023.1_83	1	120	0.008333333333333333	0	2400	0.00020824656393169514	0.024682470801725857	40.016666666666666	0.05824650013461667
Halobacteria	NZ_BBMP01000023.1_82	1	120	0.008333333333333333	1	2400	0.0006247396917950854	0.07224926866638336	13.338888888888887	0.13582862509280072
Halobacteria	NZ_WRXM01000002.1_440	1	120	0.008333333333333333	1	2400	0.0006247396917950854	0.07224926866638336	13.338888888888887	0.13582862509280072
Halobacteria	NZ_CSTE01000001.1_445	1	120	0.008333333333333333	1	2400	0.0006247396917950854	0.07224926866638336	13.338888888888887	0.13582862509280072
Halobacteria	NZ_RKLT01000020.1_40	1	120	0.008333333333333333	1	2400	0.0006247396917950854	0.07224926866638336	13.338888888888887	0.13582862509280072
Halobacteria	PXSA01000039.1_142	1	120	0.008333333333333333	12	2400	0.005206164098292378	0.46547223651053127	1.6006666666666667	0.542409796264338
Halobacteria	NZ_AOLJ01000003.1_38	1	120	0.008333333333333333	3	2400	0.0014577259475218659	0.16058892618991924	5.716666666666667	0.2522901235964191
Halobacteria	NZ_AOLJ01000003.1_37	1	120	0.008333333333333333	3	2400	0.0014577259475218659	0.16058892618991924	5.716666666666667	0.2522901235964191
Halobacteria	NZ_CP101156.1_2930	1	120	0.008333333333333333	4	2400	0.001874219075385256	0.201577453347234	4.446296296296296	0.2911387546423559
Halobacteria	ML241305.1_268	1	120	0.008333333333333333	1	2400	0.0006247396917950854	0.07224926866638336	13.338888888888887	0.13582862509280072
Halobacteria	NZ_CP044523.1_520	1	120	0.008333333333333333	5	2400	0.0022907122032486465	0.24058037425684958	3.6378787878787877	0.33420524896764325
Halobacteria	NZ_SBIS02000014.1_60	1	120	0.008333333333333333	0	2400	0.00020824656393169514	0.024682470801725857	40.016666666666666	0.05824650013461667
Halobacteria	PXRX01000027.1_89	1	120	0.008333333333333333	8	2400	0.003540191586838817	0.3466071661135069	2.353921568627451	0.4437972047160216
Halobacteria	PXRE01000034.1_35	1	120	0.008333333333333333	2	2400	0.0010412328196584756	0.1175145993604339	8.003333333333334	0.1978454747441335
Halobacteria	NZ_CP031310.1_3404	1	120	0.008333333333333333	6	2400	0.0027072053311120365	0.27769310829000654	3.0782051282051284	0.3751351211390747
Halobacteria	NZ_CP084469.1_3576	1	120	0.008333333333333333	1	2400	0.0006247396917950854	0.07224926866638336	13.338888888888887	0.13582862509280072
Halobacteria	NZ_CP100445.1_2917	1	120	0.008333333333333333	6	2400	0.0027072053311120365	0.27769310829000654	3.0782051282051284	0.3751351211390747
Halobacteria	NZ_AOLK01000015.1_185	1	120	0.008333333333333333	10	2400	0.004373177842565598	0.40899581395308504	1.9055555555555554	0.5009199545484038
Halobacteria	NZ_JAKUHT010000012.1_98	1	120	0.008333333333333333	13	2400	0.005622657226155768	0.4916692008826852	1.4820987654320987	0.5613389257041183
Halobacteria	NZ_PHNJ01000001.1_50	1	120	0.008333333333333333	4	2400	0.001874219075385256	0.201577453347234	4.446296296296296	0.2911387546423559
Halobacteria	NZ_CP100762.1_1128	1	120	0.008333333333333333	4	2400	0.001874219075385256	0.201577453347234	4.446296296296296	0.2911387546423559
Halobacteria	NZ_LOPW02000010.1_851	1	120	0.008333333333333333	3	2400	0.0014577259475218659	0.16058892618991924	5.716666666666667	0.2522901235964191
Halobacteria	NZ_FOTC01000005.1_139	1	120	0.008333333333333333	0	2400	0.00020824656393169514	0.024682470801725857	40.016666666666666	0.05824650013461667
Halobacteria	NZ_FNYR01000003.1_26	1	120	0.008333333333333333	0	2400	0.00020824656393169514	0.024682470801725857	40.016666666666666	0.05824650013461667
Halobacteria	PXRE01000010.1_50	1	120	0.008333333333333333	2	2400	0.0010412328196584756	0.1175145993604339	8.003333333333334	0.1978454747441335
Halobacteria	NZ_AOJG01000027.1_24	1	120	0.008333333333333333	0	2400	0.00020824656393169514	0.024682470801725857	40.016666666666666	0.05824650013461667
Halobacteria	PXRK01000082.1_2	1	120	0.008333333333333333	1	2400	0.0006247396917950854	0.07224926866638336	13.338888888888887	0.13582862509280072
Halobacteria	NZ_AOJG01000027.1_27	1	120	0.008333333333333333	0	2400	0.00020824656393169514	0.024682470801725857	40.016666666666666	0.05824650013461667
Halobacteria	NZ_CP095757.1_3533	1	120	0.008333333333333333	0	2400	0.00020824656393169514	0.024682470801725857	40.016666666666666	0.05824650013461667
Halobacteria	NZ_CP101458.1_2802	1	120	0.008333333333333333	8	2400	0.003540191586838817	0.3466071661135069	2.353921568627451	0.4437972047160216
Halobacteria	NZ_CP095757.1_3536	1	120	0.008333333333333333	0	2400	0.00020824656393169514	0.024682470801725857	40.016666666666666	0.05824650013461667
Halobacteria	NZ_WSZK01000007.1_29	1	120	0.008333333333333333	58	2400	0.02436484798000833	0.9481805570201846	0.342022792022792	0.9481805570201846
Halobacteria	NZ_WUYX01000069.1_99	1	120	0.008333333333333333	1	2400	0.0006247396917950854	0.07224926866638336	13.338888888888887	0.13582862509280072
Halobacteria	NZ_CP100762.1_2995	1	120	0.008333333333333333	15	2400	0.006455643481882549	0.5403033905696767	1.2908602150537634	0.592285932519529
Halobacteria	NZ_CP035119.1_1576	1	120	0.008333333333333333	3	2400	0.0014577259475218659	0.16058892618991924	5.716666666666667	0.2522901235964191
Halobacteria	SKKJ01000050.1_2	1	120	0.008333333333333333	2	2400	0.0010412328196584756	0.1175145993604339	8.003333333333334	0.1978454747441335
Halobacteria	NC_015943.1_5	1	120	0.008333333333333333	2	2400	0.0010412328196584756	0.1175145993604339	8.003333333333334	0.1978454747441335
Halobacteria	NZ_JAJCVI010000007.1_50	1	120	0.008333333333333333	22	2400	0.009371095376926281	0.6769129998990706	0.8892592592592592	0.7043891733267081
Halobacteria	NC_012030.1_102	1	120	0.008333333333333333	0	2400	0.00020824656393169514	0.024682470801725857	40.016666666666666	0.05824650013461667
Halobacteria	NZ_CP095489.1_100	1	120	0.008333333333333333	2	2400	0.0010412328196584756	0.1175145993604339	8.003333333333334	0.1978454747441335
Halobacteria	NC_012030.1_104	1	120	0.008333333333333333	0	2400	0.00020824656393169514	0.024682470801725857	40.016666666666666	0.05824650013461667
Halobacteria	NZ_WUYX01000003.1_6	1	120	0.008333333333333333	54	2400	0.022698875468554768	0.9364072188121475	0.36712538226299696	0.9380704643162543
Halobacteria	NZ_PEND01000006.1_335	1	120	0.008333333333333333	0	2400	0.00020824656393169514	0.024682470801725857	40.016666666666666	0.05824650013461667
Halobacteria	NZ_CP084469.1_2750	1	120	0.008333333333333333	2	2400	0.0010412328196584756	0.1175145993604339	8.003333333333334	0.1978454747441335
Halobacteria	NZ_CP085331.1_164	1	120	0.008333333333333333	6	2400	0.0027072053311120365	0.27769310829000654	3.0782051282051284	0.3751351211390747
Halobacteria	JAKCFJ010000004.1_39	1	120	0.008333333333333333	2	2400	0.0010412328196584756	0.1175145993604339	8.003333333333334	0.1978454747441335
Halobacteria	NZ_CP019067.1_1242	1	120	0.008333333333333333	17	2400	0.007288629737609329	0.5843196024704109	1.1433333333333333	0.6235690743487451
Halobacteria	NZ_FNYR01000027.1_10	1	120	0.008333333333333333	0	2400	0.00020824656393169514	0.024682470801725857	40.016666666666666	0.05824650013461667
Halobacteria	NZ_FNFE01000005.1_157	1	120	0.008333333333333333	0	2400	0.00020824656393169514	0.024682470801725857	40.016666666666666	0.05824650013461667
Halobacteria	NZ_WUYX01000013.1_51	1	120	0.008333333333333333	1	2400	0.0006247396917950854	0.07224926866638336	13.338888888888887	0.13582862509280072
Halobacteria	NZ_RKLT01000001.1_553	1	120	0.008333333333333333	17	2400	0.007288629737609329	0.5843196024704109	1.1433333333333333	0.6235690743487451
Halobacteria	NZ_JAAOIR010000003.1_103	1	120	0.008333333333333333	0	2400	0.00020824656393169514	0.024682470801725857	40.016666666666666	0.05824650013461667
Halobacteria	NZ_CVUA01000001.1_380	1	120	0.008333333333333333	0	2400	0.00020824656393169514	0.024682470801725857	40.016666666666666	0.05824650013461667
Halobacteria	JAKCFM010000001.1_2247	1	120	0.008333333333333333	8	2400	0.003540191586838817	0.3466071661135069	2.353921568627451	0.4437972047160216
Halobacteria	NZ_SOSC01000010.1_49	1	120	0.008333333333333333	9	2400	0.003956684714702207	0.3785774366091882	2.106140350877193	0.47395710154846205
Halobacteria	NZ_FNFE01000001.1_782	1	120	0.008333333333333333	8	2400	0.003540191586838817	0.3466071661135069	2.353921568627451	0.4437972047160216
Halobacteria	NZ_CP100454.1_1446	1	120	0.008333333333333333	9	2400	0.003956684714702207	0.3785774366091882	2.106140350877193	0.47395710154846205
Halobacteria	NZ_CP100000.1_2165	1	120	0.008333333333333333	10	2400	0.004373177842565598	0.40899581395308504	1.9055555555555554	0.5009199545484038
Halobacteria	JADJWG010000001.1_638	1	120	0.008333333333333333	13	2400	0.005622657226155768	0.4916692008826852	1.4820987654320987	0.5613389257041183
Halobacteria	NZ_JAAAJC010000002.1_441	1	120	0.008333333333333333	12	2400	0.005206164098292378	0.46547223651053127	1.6006666666666667	0.542409796264338
Halobacteria	JADFQH010000019.1_6	1	120	0.008333333333333333	10	2400	0.004373177842565598	0.40899581395308504	1.9055555555555554	0.5009199545484038
Halobacteria	NZ_AOII01000010.1_27	1	120	0.008333333333333333	9	2400	0.003956684714702207	0.3785774366091882	2.106140350877193	0.47395710154846205
Halobacteria	NZ_JALLGW010000001.1_1668	1	120	0.008333333333333333	15	2400	0.006455643481882549	0.5403033905696767	1.2908602150537634	0.592285932519529
Halobacteria	NZ_CP095487.1_109	1	120	0.008333333333333333	3	2400	0.0014577259475218659	0.16058892618991924	5.716666666666667	0.2522901235964191
Halobacteria	NZ_JALXFV010000006.1_59	1	120	0.008333333333333333	0	2400	0.00020824656393169514	0.024682470801725857	40.016666666666666	0.05824650013461667
Halobacteria	NZ_CP096659.1_3041	1	120	0.008333333333333333	4	2400	0.001874219075385256	0.201577453347234	4.446296296296296	0.2911387546423559
Halobacteria	NZ_AOJG01000027.1_11	1	120	0.008333333333333333	0	2400	0.00020824656393169514	0.024682470801725857	40.016666666666666	0.05824650013461667
Halobacteria	NZ_PHNJ01000001.1_151	1	120	0.008333333333333333	4	2400	0.001874219075385256	0.201577453347234	4.446296296296296	0.2911387546423559
Halobacteria	JADFQH010000006.1_14	1	120	0.008333333333333333	0	2400	0.00020824656393169514	0.024682470801725857	40.016666666666666	0.05824650013461667
Halobacteria	NZ_CP084470.1_375	1	120	0.008333333333333333	0	2400	0.00020824656393169514	0.024682470801725857	40.016666666666666	0.05824650013461667
Halobacteria	NZ_CP100446.1_591	1	120	0.008333333333333333	19	2400	0.00812161599333611	0.6241529941151327	1.026068376068376	0.6567580012704008
Halobacteria	NZ_QQTY01000001.1_76	1	120	0.008333333333333333	27	2400	0.011453561016243232	0.7490142181788442	0.7275757575757575	0.7694790875279929
Halobacteria	NZ_SOSC01000004.1_8	1	120	0.008333333333333333	4	2400	0.001874219075385256	0.201577453347234	4.446296296296296	0.2911387546423559
Halobacteria	NZ_CP085336.1_1307	1	120	0.008333333333333333	21	2400	0.00895460224906289	0.6601980323709394	0.9306201550387596	0.6889022946479367
Halobacteria	NZ_JALLGW010000001.1_713	1	120	0.008333333333333333	11	2400	0.004789670970428988	0.4379370273375208	1.739855072463768	0.5227438802505011
Halobacteria	NZ_SDIC01000002.1_685	1	120	0.008333333333333333	2	2400	0.0010412328196584756	0.1175145993604339	8.003333333333334	0.1978454747441335
Halobacteria	NZ_JALLPK010000001.1_1714	1	120	0.008333333333333333	1	2400	0.0006247396917950854	0.07224926866638336	13.338888888888887	0.13582862509280072
Halobacteria	NZ_FNIA01000016.1_59	1	120	0.008333333333333333	1	2400	0.0006247396917950854	0.07224926866638336	13.338888888888887	0.13582862509280072
Halobacteria	NZ_CP044130.1_39	1	120	0.008333333333333333	0	2400	0.00020824656393169514	0.024682470801725857	40.016666666666666	0.05824650013461667
Halobacteria	NZ_CP044130.1_40	1	120	0.008333333333333333	0	2400	0.00020824656393169514	0.024682470801725857	40.016666666666666	0.05824650013461667
Halobacteria	NZ_SOSC01000019.1_13	1	120	0.008333333333333333	0	2400	0.00020824656393169514	0.024682470801725857	40.016666666666666	0.05824650013461667
Halobacteria	NZ_CP044130.1_42	1	120	0.008333333333333333	0	2400	0.00020824656393169514	0.024682470801725857	40.016666666666666	0.05824650013461667
Halobacteria	NZ_BBJP01000077.1_3	1	120	0.008333333333333333	0	2400	0.00020824656393169514	0.024682470801725857	40.016666666666666	0.05824650013461667
Halobacteria	NZ_OBEJ01000001.1_756	1	120	0.008333333333333333	4	2400	0.001874219075385256	0.201577453347234	4.446296296296296	0.2911387546423559
Halobacteria	NZ_JAAAJC010000010.1_51	1	120	0.008333333333333333	1	2400	0.0006247396917950854	0.07224926866638336	13.338888888888887	0.13582862509280072
Halobacteria	NZ_CP044130.1_47	1	120	0.008333333333333333	0	2400	0.00020824656393169514	0.024682470801725857	40.016666666666666	0.05824650013461667
Halobacteria	NZ_CP044130.1_49	1	120	0.008333333333333333	0	2400	0.00020824656393169514	0.024682470801725857	40.016666666666666	0.05824650013461667
Halobacteria	NC_015943.1_7	1	120	0.008333333333333333	0	2400	0.00020824656393169514	0.024682470801725857	40.016666666666666	0.05824650013461667
Halobacteria	NZ_FTNO01000003.1_211	1	120	0.008333333333333333	3	2400	0.0014577259475218659	0.16058892618991924	5.716666666666667	0.2522901235964191
Halobacteria	CP071596.1_3206	1	120	0.008333333333333333	8	2400	0.003540191586838817	0.3466071661135069	2.353921568627451	0.4437972047160216
Halobacteria	NZ_CP085302.1_433	1	120	0.008333333333333333	2	2400	0.0010412328196584756	0.1175145993604339	8.003333333333334	0.1978454747441335
Halobacteria	NZ_CP044130.1_56	1	120	0.008333333333333333	0	2400	0.00020824656393169514	0.024682470801725857	40.016666666666666	0.05824650013461667
Halobacteria	NZ_PHNJ01000004.1_112	1	120	0.008333333333333333	1	2400	0.0006247396917950854	0.07224926866638336	13.338888888888887	0.13582862509280072
Halobacteria	NC_017941.2_2572	1	120	0.008333333333333333	1	2400	0.0006247396917950854	0.07224926866638336	13.338888888888887	0.13582862509280072
Halobacteria	NZ_CP031310.1_3078	1	120	0.008333333333333333	1	2400	0.0006247396917950854	0.07224926866638336	13.338888888888887	0.13582862509280072
Halobacteria	NZ_BBMP01000007.1_119	1	120	0.008333333333333333	10	2400	0.004373177842565598	0.40899581395308504	1.9055555555555554	0.5009199545484038
Halobacteria	JAHENP010000151.1_4	1	120	0.008333333333333333	0	2400	0.00020824656393169514	0.024682470801725857	40.016666666666666	0.05824650013461667
Halobacteria	NZ_JALLGW010000002.1_387	1	120	0.008333333333333333	10	2400	0.004373177842565598	0.40899581395308504	1.9055555555555554	0.5009199545484038
Halobacteria	NZ_AOJH01000035.1_40	1	120	0.008333333333333333	0	2400	0.00020824656393169514	0.024682470801725857	40.016666666666666	0.05824650013461667
Halobacteria	NZ_JANHJR010000003.1_772	1	120	0.008333333333333333	7	2400	0.003123698458975427	0.3130065263885884	2.667777777777778	0.41488996682294677
Halobacteria	NZ_JAJFAY010000005.1_173	1	120	0.008333333333333333	1	2400	0.0006247396917950854	0.07224926866638336	13.338888888888887	0.13582862509280072
Halobacteria	NZ_AOLJ01000027.1_53	1	120	0.008333333333333333	1	2400	0.0006247396917950854	0.07224926866638336	13.338888888888887	0.13582862509280072
Halobacteria	NC_012030.1_118	1	120	0.008333333333333333	2	2400	0.0010412328196584756	0.1175145993604339	8.003333333333334	0.1978454747441335
Halobacteria	NZ_JANHDJ010000016.1_22	1	120	0.008333333333333333	0	2400	0.00020824656393169514	0.024682470801725857	40.016666666666666	0.05824650013461667
Halobacteria	NZ_CP095488.1_349	1	120	0.008333333333333333	0	2400	0.00020824656393169514	0.024682470801725857	40.016666666666666	0.05824650013461667
Halobacteria	NC_012030.1_121	1	120	0.008333333333333333	0	2400	0.00020824656393169514	0.024682470801725857	40.016666666666666	0.05824650013461667
Halobacteria	NZ_CP100445.1_604	1	120	0.008333333333333333	0	2400	0.00020824656393169514	0.024682470801725857	40.016666666666666	0.05824650013461667
Halobacteria	NZ_BCNB01000006.1_767	1	120	0.008333333333333333	3	2400	0.0014577259475218659	0.16058892618991924	5.716666666666667	0.2522901235964191
Halobacteria	NC_012028.1_339	1	120	0.008333333333333333	1	2400	0.0006247396917950854	0.07224926866638336	13.338888888888887	0.13582862509280072
Halobacteria	NZ_JALLPK010000001.1_3187	1	120	0.008333333333333333	5	2400	0.0022907122032486465	0.24058037425684958	3.6378787878787877	0.33420524896764325
Halobacteria	JAKCFJ010000001.1_33	1	120	0.008333333333333333	5	2400	0.0022907122032486465	0.24058037425684958	3.6378787878787877	0.33420524896764325
Halobacteria	NZ_CP095488.1_181	1	120	0.008333333333333333	15	2400	0.006455643481882549	0.5403033905696767	1.2908602150537634	0.592285932519529
Halobacteria	NZ_OBEJ01000002.1_236	1	120	0.008333333333333333	18	2400	0.0077051228654727195	0.6047335889800883	1.0815315315315315	0.6387073861138012
Halobacteria	NZ_AOJH01000035.1_22	1	120	0.008333333333333333	0	2400	0.00020824656393169514	0.024682470801725857	40.016666666666666	0.05824650013461667
Halobacteria	NZ_FOTC01000002.1_815	1	120	0.008333333333333333	0	2400	0.00020824656393169514	0.024682470801725857	40.016666666666666	0.05824650013461667
Halobacteria	NZ_AOJH01000035.1_24	1	120	0.008333333333333333	0	2400	0.00020824656393169514	0.024682470801725857	40.016666666666666	0.05824650013461667
Halobacteria	NZ_AOLK01000022.1_219	1	120	0.008333333333333333	2	2400	0.0010412328196584756	0.1175145993604339	8.003333333333334	0.1978454747441335
Halobacteria	NZ_AOJH01000035.1_27	1	120	0.008333333333333333	2	2400	0.0010412328196584756	0.1175145993604339	8.003333333333334	0.1978454747441335
Halobacteria	NC_017941.2_207	1	120	0.008333333333333333	4	2400	0.001874219075385256	0.201577453347234	4.446296296296296	0.2911387546423559
Halobacteria	NZ_AOJH01000035.1_30	1	120	0.008333333333333333	0	2400	0.00020824656393169514	0.024682470801725857	40.016666666666666	0.05824650013461667
Halobacteria	NZ_AOJI01000017.1_182	1	120	0.008333333333333333	0	2400	0.00020824656393169514	0.024682470801725857	40.016666666666666	0.05824650013461667
Halobacteria	NZ_RDFA01000005.1_170	1	120	0.008333333333333333	0	2400	0.00020824656393169514	0.024682470801725857	40.016666666666666	0.05824650013461667
Halobacteria	NZ_PHNJ01000022.1_24	1	120	0.008333333333333333	1	2400	0.0006247396917950854	0.07224926866638336	13.338888888888887	0.13582862509280072
Halobacteria	NZ_WUYX01000071.1_162	1	120	0.008333333333333333	16	2400	0.0068721366097459395	0.562860545942409	1.2126262626262625	0.6099007644793827
Halobacteria	QNGA01000001.1_501	1	120	0.008333333333333333	29	2400	0.012286547271970013	0.7731617585924474	0.6782485875706215	0.7899696229096745
Halobacteria	JAHENP010000061.1_5	1	120	0.008333333333333333	17	2400	0.007288629737609329	0.5843196024704109	1.1433333333333333	0.6235690743487451
Halobacteria	JAKCFJ010000001.1_2274	1	120	0.008333333333333333	1	2400	0.0006247396917950854	0.07224926866638336	13.338888888888887	0.13582862509280072
Halobacteria	NZ_LWHG01000021.1_280	1	120	0.008333333333333333	0	2400	0.00020824656393169514	0.024682470801725857	40.016666666666666	0.05824650013461667
Halobacteria	NZ_LWHG01000021.1_266	1	120	0.008333333333333333	0	2400	0.00020824656393169514	0.024682470801725857	40.016666666666666	0.05824650013461667
Halobacteria	NZ_WUYX01000026.1_6	1	120	0.008333333333333333	0	2400	0.00020824656393169514	0.024682470801725857	40.016666666666666	0.05824650013461667
Halobacteria	NZ_JALXFV010000011.1_6	1	120	0.008333333333333333	9	2400	0.003956684714702207	0.3785774366091882	2.106140350877193	0.47395710154846205
Halobacteria	NZ_JAMZIE010000002.1_587	1	120	0.008333333333333333	0	2400	0.00020824656393169514	0.024682470801725857	40.016666666666666	0.05824650013461667
Halobacteria	NZ_CP058335.1_1423	1	120	0.008333333333333333	4	2400	0.001874219075385256	0.201577453347234	4.446296296296296	0.2911387546423559
Halobacteria	NZ_CP031310.1_1355	1	120	0.008333333333333333	4	2400	0.001874219075385256	0.201577453347234	4.446296296296296	0.2911387546423559
Halobacteria	NZ_NHSQ01000191.1_7	1	120	0.008333333333333333	2	2400	0.0010412328196584756	0.1175145993604339	8.003333333333334	0.1978454747441335
Halobacteria	NZ_JAMZIE010000002.1_591	1	120	0.008333333333333333	0	2400	0.00020824656393169514	0.024682470801725857	40.016666666666666	0.05824650013461667
Halobacteria	NZ_KZ859507.1_8	1	120	0.008333333333333333	3	2400	0.0014577259475218659	0.16058892618991924	5.716666666666667	0.2522901235964191
Halobacteria	NZ_CP067007.1_1199	1	120	0.008333333333333333	17	2400	0.007288629737609329	0.5843196024704109	1.1433333333333333	0.6235690743487451
Halobacteria	NZ_CP044523.1_1561	1	120	0.008333333333333333	14	2400	0.006039150354019159	0.5165924406880663	1.3798850574712644	0.578091540769979
Halobacteria	JAKCFM010000002.1_591	1	120	0.008333333333333333	1	2400	0.0006247396917950854	0.07224926866638336	13.338888888888887	0.13582862509280072
Halobacteria	NZ_JAMZIE010000002.1_597	1	120	0.008333333333333333	0	2400	0.00020824656393169514	0.024682470801725857	40.016666666666666	0.05824650013461667
Halobacteria	NZ_LWHG01000029.1_95	1	120	0.008333333333333333	1	2400	0.0006247396917950854	0.07224926866638336	13.338888888888887	0.13582862509280072
Halobacteria	NZ_RKSM01000003.1_57	1	120	0.008333333333333333	4	2400	0.001874219075385256	0.201577453347234	4.446296296296296	0.2911387546423559
Halobacteria	NZ_AOIJ01000057.1_47	1	120	0.008333333333333333	0	2400	0.00020824656393169514	0.024682470801725857	40.016666666666666	0.05824650013461667
Halobacteria	NZ_CP100355.1_99	1	120	0.008333333333333333	3	2400	0.0014577259475218659	0.16058892618991924	5.716666666666667	0.2522901235964191
Halobacteria	NZ_JADDKQ010000024.1_34	1	120	0.008333333333333333	13	2400	0.005622657226155768	0.4916692008826852	1.4820987654320987	0.5613389257041183
Halobacteria	NZ_AOIJ01000057.1_60	1	120	0.008333333333333333	0	2400	0.00020824656393169514	0.024682470801725857	40.016666666666666	0.05824650013461667
Halobacteria	NZ_AOIJ01000057.1_61	1	120	0.008333333333333333	0	2400	0.00020824656393169514	0.024682470801725857	40.016666666666666	0.05824650013461667
Halobacteria	NZ_JALLPK010000001.1_1230	1	120	0.008333333333333333	6	2400	0.0027072053311120365	0.27769310829000654	3.0782051282051284	0.3751351211390747
Halobacteria	NZ_AOJH01000006.1_11	1	120	0.008333333333333333	4	2400	0.001874219075385256	0.201577453347234	4.446296296296296	0.2911387546423559
Halobacteria	NZ_AOII01000017.1_10	1	120	0.008333333333333333	0	2400	0.00020824656393169514	0.024682470801725857	40.016666666666666	0.05824650013461667
Halobacteria	NZ_LWHG01000011.1_63	1	120	0.008333333333333333	3	2400	0.0014577259475218659	0.16058892618991924	5.716666666666667	0.2522901235964191
Halobacteria	NZ_LWHG01000021.1_287	1	120	0.008333333333333333	0	2400	0.00020824656393169514	0.024682470801725857	40.016666666666666	0.05824650013461667
Halobacteria	JAKCFJ010000002.1_578	1	120	0.008333333333333333	17	2400	0.007288629737609329	0.5843196024704109	1.1433333333333333	0.6235690743487451
Halobacteria	NZ_WUUT01000002.1_158	1	120	0.008333333333333333	15	2400	0.006455643481882549	0.5403033905696767	1.2908602150537634	0.592285932519529
Halobacteria	NZ_CP099993.1_960	1	120	0.008333333333333333	0	2400	0.00020824656393169514	0.024682470801725857	40.016666666666666	0.05824650013461667
Halobacteria	NZ_JALLPK010000001.1_3475	1	120	0.008333333333333333	6	2400	0.0027072053311120365	0.27769310829000654	3.0782051282051284	0.3751351211390747
Halobacteria	NZ_FNYR01000003.1_39	1	120	0.008333333333333333	0	2400	0.00020824656393169514	0.024682470801725857	40.016666666666666	0.05824650013461667
Halobacteria	NZ_WUUT01000002.1_311	1	120	0.008333333333333333	1	2400	0.0006247396917950854	0.07224926866638336	13.338888888888887	0.13582862509280072
Halobacteria	SZNP01000004.1_659	1	120	0.008333333333333333	18	2400	0.0077051228654727195	0.6047335889800883	1.0815315315315315	0.6387073861138012
Halobacteria	NZ_JAAAJC010000001.1_1282	1	120	0.008333333333333333	0	2400	0.00020824656393169514	0.024682470801725857	40.016666666666666	0.05824650013461667
Halobacteria	PXRK01000024.1_22	1	120	0.008333333333333333	0	2400	0.00020824656393169514	0.024682470801725857	40.016666666666666	0.05824650013461667
Halobacteria	NZ_JADDKQ010000007.1_143	1	120	0.008333333333333333	0	2400	0.00020824656393169514	0.024682470801725857	40.016666666666666	0.05824650013461667
Halobacteria	JAKCFM010000001.1_1544	1	120	0.008333333333333333	11	2400	0.004789670970428988	0.4379370273375208	1.739855072463768	0.5227438802505011
Halobacteria	NZ_JANHDJ010000003.1_156	1	120	0.008333333333333333	9	2400	0.003956684714702207	0.3785774366091882	2.106140350877193	0.47395710154846205
Halobacteria	NZ_BBMP01000004.1_42	1	120	0.008333333333333333	15	2400	0.006455643481882549	0.5403033905696767	1.2908602150537634	0.592285932519529
Halobacteria	NZ_JADDKQ010000001.1_92	1	120	0.008333333333333333	12	2400	0.005206164098292378	0.46547223651053127	1.6006666666666667	0.542409796264338
Halobacteria	JADFQH010000257.1_2	1	120	0.008333333333333333	1	2400	0.0006247396917950854	0.07224926866638336	13.338888888888887	0.13582862509280072
Halobacteria	NZ_AOJI01000033.1_106	1	120	0.008333333333333333	4	2400	0.001874219075385256	0.201577453347234	4.446296296296296	0.2911387546423559
Halobacteria	NZ_RKLT01000001.1_961	1	120	0.008333333333333333	28	2400	0.011870054144106622	0.7613907228469576	0.702046783625731	0.7800624299467468
Halobacteria	NZ_WUUT01000003.1_11	1	120	0.008333333333333333	13	2400	0.005622657226155768	0.4916692008826852	1.4820987654320987	0.5613389257041183
Halobacteria	NC_015948.1_625	1	120	0.008333333333333333	2	2400	0.0010412328196584756	0.1175145993604339	8.003333333333334	0.1978454747441335
Halobacteria	NZ_JADDKQ010000001.1_112	1	120	0.008333333333333333	29	2400	0.012286547271970013	0.7731617585924474	0.6782485875706215	0.7899696229096745
Halobacteria	NZ_CP085301.1_2933	1	120	0.008333333333333333	0	2400	0.00020824656393169514	0.024682470801725857	40.016666666666666	0.05824650013461667
Halobacteria	JAKCFM010000001.1_2886	1	120	0.008333333333333333	14	2400	0.006039150354019159	0.5165924406880663	1.3798850574712644	0.578091540769979
Halobacteria	NZ_WUUT01000001.1_868	1	120	0.008333333333333333	15	2400	0.006455643481882549	0.5403033905696767	1.2908602150537634	0.592285932519529
Halobacteria	NZ_CVUA01000001.1_375	1	120	0.008333333333333333	0	2400	0.00020824656393169514	0.024682470801725857	40.016666666666666	0.05824650013461667
Halobacteria	NZ_AOLK01000012.1_182	1	120	0.008333333333333333	0	2400	0.00020824656393169514	0.024682470801725857	40.016666666666666	0.05824650013461667
Halobacteria	NZ_JAJCVI010000003.1_155	1	120	0.008333333333333333	2	2400	0.0010412328196584756	0.1175145993604339	8.003333333333334	0.1978454747441335
Halobacteria	NZ_AQXI01000001.1_27	1	120	0.008333333333333333	0	2400	0.00020824656393169514	0.024682470801725857	40.016666666666666	0.05824650013461667
Halobacteria	NZ_AQXI01000001.1_23	1	120	0.008333333333333333	0	2400	0.00020824656393169514	0.024682470801725857	40.016666666666666	0.05824650013461667
Halobacteria	NZ_CP019067.1_3494	1	120	0.008333333333333333	41	2400	0.017284464806330696	0.8765933410411424	0.48212851405622487	0.8852258627523801
Halobacteria	JAHENP010000357.1_2	1	120	0.008333333333333333	0	2400	0.00020824656393169514	0.024682470801725857	40.016666666666666	0.05824650013461667
Halobacteria	NZ_FOTC01000002.1_368	1	120	0.008333333333333333	0	2400	0.00020824656393169514	0.024682470801725857	40.016666666666666	0.05824650013461667
Halobacteria	CP094974.1_4894	1	120	0.008333333333333333	0	2400	0.00020824656393169514	0.024682470801725857	40.016666666666666	0.05824650013461667
Halobacteria	NZ_AOII01000046.1_1	1	120	0.008333333333333333	0	2400	0.00020824656393169514	0.024682470801725857	40.016666666666666	0.05824650013461667
Halobacteria	NZ_AOLN01000018.1_561	1	120	0.008333333333333333	1	2400	0.0006247396917950854	0.07224926866638336	13.338888888888887	0.13582862509280072
Halobacteria	NZ_AOLN01000018.1_560	1	120	0.008333333333333333	1	2400	0.0006247396917950854	0.07224926866638336	13.338888888888887	0.13582862509280072
Halobacteria	NZ_AOLK01000012.1_181	1	120	0.008333333333333333	0	2400	0.00020824656393169514	0.024682470801725857	40.016666666666666	0.05824650013461667
Halobacteria	NZ_AOJI01000026.1_238	1	120	0.008333333333333333	12	2400	0.005206164098292378	0.46547223651053127	1.6006666666666667	0.542409796264338
Halobacteria	WHTU01000013.1_56	1	120	0.008333333333333333	13	2400	0.005622657226155768	0.4916692008826852	1.4820987654320987	0.5613389257041183
Halobacteria	JADFQH010000041.1_14	1	120	0.008333333333333333	2	2400	0.0010412328196584756	0.1175145993604339	8.003333333333334	0.1978454747441335
Halobacteria	NZ_CP100000.1_1547	1	120	0.008333333333333333	3	2400	0.0014577259475218659	0.16058892618991924	5.716666666666667	0.2522901235964191
Halobacteria	JAHENP010000073.1_16	1	120	0.008333333333333333	18	2400	0.0077051228654727195	0.6047335889800883	1.0815315315315315	0.6387073861138012
Halobacteria	NZ_AOJI01000002.1_152	1	120	0.008333333333333333	0	2400	0.00020824656393169514	0.024682470801725857	40.016666666666666	0.05824650013461667
Halobacteria	PXSA01000006.1_5	1	120	0.008333333333333333	8	2400	0.003540191586838817	0.3466071661135069	2.353921568627451	0.4437972047160216
Halobacteria	NZ_PHNJ01000003.1_247	1	120	0.008333333333333333	5	2400	0.0022907122032486465	0.24058037425684958	3.6378787878787877	0.33420524896764325
Halobacteria	SZNP01000010.1_142	1	120	0.008333333333333333	4	2400	0.001874219075385256	0.201577453347234	4.446296296296296	0.2911387546423559
Halobacteria	NZ_AOJI01000002.1_157	1	120	0.008333333333333333	0	2400	0.00020824656393169514	0.024682470801725857	40.016666666666666	0.05824650013461667
Halobacteria	NZ_JALXFV010000007.1_22	1	120	0.008333333333333333	5	2400	0.0022907122032486465	0.24058037425684958	3.6378787878787877	0.33420524896764325
Halobacteria	CP094974.1_1343	1	120	0.008333333333333333	17	2400	0.007288629737609329	0.5843196024704109	1.1433333333333333	0.6235690743487451
Halobacteria	NZ_JAKUHT010000001.1_236	1	120	0.008333333333333333	14	2400	0.006039150354019159	0.5165924406880663	1.3798850574712644	0.578091540769979
Halobacteria	NZ_CP035119.1_975	1	120	0.008333333333333333	4	2400	0.001874219075385256	0.201577453347234	4.446296296296296	0.2911387546423559
Halobacteria	NC_015944.1_172	1	120	0.008333333333333333	4	2400	0.001874219075385256	0.201577453347234	4.446296296296296	0.2911387546423559
Halobacteria	LKML01000024.1_20	1	120	0.008333333333333333	0	2400	0.00020824656393169514	0.024682470801725857	40.016666666666666	0.05824650013461667
Halobacteria	LKNH01000002.1_37	1	120	0.008333333333333333	0	2400	0.00020824656393169514	0.024682470801725857	40.016666666666666	0.05824650013461667
Halobacteria	JAJRWR010000041.1_47	1	120	0.008333333333333333	0	2400	0.00020824656393169514	0.024682470801725857	40.016666666666666	0.05824650013461667
Halobacteria	SKKJ01000166.1_2	1	120	0.008333333333333333	0	2400	0.00020824656393169514	0.024682470801725857	40.016666666666666	0.05824650013461667
Halobacteria	NZ_JAMZIE010000001.1_53	1	120	0.008333333333333333	37	2400	0.015618492294877134	0.8487784832109484	0.5335555555555556	0.8594453582243715
Halobacteria	NZ_AOJN01000024.1_46	1	120	0.008333333333333333	6	2400	0.0027072053311120365	0.27769310829000654	3.0782051282051284	0.3751351211390747
Halobacteria	NZ_JAJCVJ010000002.1_122	1	120	0.008333333333333333	17	2400	0.007288629737609329	0.5843196024704109	1.1433333333333333	0.6235690743487451
Halobacteria	NZ_CP058335.1_978	1	120	0.008333333333333333	0	2400	0.00020824656393169514	0.024682470801725857	40.016666666666666	0.05824650013461667
Halobacteria	SKKJ01000166.1_9	1	120	0.008333333333333333	0	2400	0.00020824656393169514	0.024682470801725857	40.016666666666666	0.05824650013461667
Halobacteria	NZ_JDTH01000011.1_82	1	120	0.008333333333333333	0	2400	0.00020824656393169514	0.024682470801725857	40.016666666666666	0.05824650013461667
Halobacteria	NZ_JALLGW010000001.1_1677	1	120	0.008333333333333333	0	2400	0.00020824656393169514	0.024682470801725857	40.016666666666666	0.05824650013461667
Halobacteria	NZ_CP100445.1_3245	1	120	0.008333333333333333	1	2400	0.0006247396917950854	0.07224926866638336	13.338888888888887	0.13582862509280072
Halobacteria	NZ_JANHDJ010000002.1_667	1	120	0.008333333333333333	1	2400	0.0006247396917950854	0.07224926866638336	13.338888888888887	0.13582862509280072
Halobacteria	NZ_CP085331.1_205	1	120	0.008333333333333333	2	2400	0.0010412328196584756	0.1175145993604339	8.003333333333334	0.1978454747441335
Halobacteria	NZ_CP099546.1_3265	1	120	0.008333333333333333	32	2400	0.013536026655560184	0.8051288801738946	0.6156410256410256	0.8196618924514018
Halobacteria	LIAL01000040.1_4	1	120	0.008333333333333333	33	2400	0.013952519783423574	0.8147580627412074	0.5972636815920398	0.8279703556505243
Halobacteria	NZ_PHNJ01000013.1_63	1	120	0.008333333333333333	9	2400	0.003956684714702207	0.3785774366091882	2.106140350877193	0.47395710154846205
Halobacteria	NZ_CP099546.1_236	1	120	0.008333333333333333	3	2400	0.0014577259475218659	0.16058892618991924	5.716666666666667	0.2522901235964191
Halobacteria	NZ_LWHG01000021.1_261	1	120	0.008333333333333333	0	2400	0.00020824656393169514	0.024682470801725857	40.016666666666666	0.05824650013461667
Halobacteria	NZ_CP095482.1_399	1	120	0.008333333333333333	5	2400	0.0022907122032486465	0.24058037425684958	3.6378787878787877	0.33420524896764325
Halobacteria	NZ_AOIQ01000016.1_65	1	120	0.008333333333333333	47	2400	0.01978342357351104	0.909082997183764	0.42122807017543856	0.9131305617304415
Halobacteria	PXRK01000024.1_23	1	120	0.008333333333333333	3	2400	0.0014577259475218659	0.16058892618991924	5.716666666666667	0.2522901235964191
Halobacteria	NZ_JAJCVI010000006.1_146	1	120	0.008333333333333333	8	2400	0.003540191586838817	0.3466071661135069	2.353921568627451	0.4437972047160216
Halobacteria	NZ_JALLGW010000002.1_147	1	120	0.008333333333333333	19	2400	0.00812161599333611	0.6241529941151327	1.026068376068376	0.6567580012704008
Halobacteria	NZ_CP100756.1_1027	1	120	0.008333333333333333	17	2400	0.007288629737609329	0.5843196024704109	1.1433333333333333	0.6235690743487451
Halobacteria	PXRE01000024.1_94	1	120	0.008333333333333333	18	2400	0.0077051228654727195	0.6047335889800883	1.0815315315315315	0.6387073861138012
Halobacteria	NZ_FOTC01000002.1_647	1	120	0.008333333333333333	14	2400	0.006039150354019159	0.5165924406880663	1.3798850574712644	0.578091540769979
Halobacteria	NZ_CP100355.1_3383	1	120	0.008333333333333333	4	2400	0.001874219075385256	0.201577453347234	4.446296296296296	0.2911387546423559
Halobacteria	PXRE01000018.1_3	1	120	0.008333333333333333	16	2400	0.0068721366097459395	0.562860545942409	1.2126262626262625	0.6099007644793827
Halobacteria	NZ_OBEJ01000002.1_774	1	120	0.008333333333333333	11	2400	0.004789670970428988	0.4379370273375208	1.739855072463768	0.5227438802505011
Halobacteria	NZ_CP095487.1_3386	1	120	0.008333333333333333	2	2400	0.0010412328196584756	0.1175145993604339	8.003333333333334	0.1978454747441335
Halobacteria	PXRK01000035.1_53	1	120	0.008333333333333333	15	2400	0.006455643481882549	0.5403033905696767	1.2908602150537634	0.592285932519529
Halobacteria	NZ_CVUA01000001.1_1655	1	120	0.008333333333333333	4	2400	0.001874219075385256	0.201577453347234	4.446296296296296	0.2911387546423559
Halobacteria	NZ_CVUA01000001.1_369	1	120	0.008333333333333333	6	2400	0.0027072053311120365	0.27769310829000654	3.0782051282051284	0.3751351211390747
Halobacteria	NZ_CVUA01000001.1_371	1	120	0.008333333333333333	14	2400	0.006039150354019159	0.5165924406880663	1.3798850574712644	0.578091540769979
Halobacteria	NZ_PEND01000001.1_545	1	120	0.008333333333333333	21	2400	0.00895460224906289	0.6601980323709394	0.9306201550387596	0.6889022946479367
Halobacteria	NZ_CP095757.1_1378	1	120	0.008333333333333333	25	2400	0.01062057476051645	0.7223197678273949	0.784640522875817	0.7454498610332128
Halobacteria	NZ_LIGX01000018.1_57	1	120	0.008333333333333333	13	2400	0.005622657226155768	0.4916692008826852	1.4820987654320987	0.5613389257041183
Halobacteria	CP060262.1_1709	1	120	0.008333333333333333	13	2400	0.005622657226155768	0.4916692008826852	1.4820987654320987	0.5613389257041183
Halobacteria	NZ_JAAAJC010000002.1_87	1	120	0.008333333333333333	0	2400	0.00020824656393169514	0.024682470801725857	40.016666666666666	0.05824650013461667
Halobacteria	NZ_JAAAJC010000002.1_90	1	120	0.008333333333333333	0	2400	0.00020824656393169514	0.024682470801725857	40.016666666666666	0.05824650013461667
Halobacteria	NZ_PHNJ01000002.1_441	1	120	0.008333333333333333	0	2400	0.00020824656393169514	0.024682470801725857	40.016666666666666	0.05824650013461667
Halobacteria	NZ_JAAAJC010000002.1_95	1	120	0.008333333333333333	0	2400	0.00020824656393169514	0.024682470801725857	40.016666666666666	0.05824650013461667
Halobacteria	NZ_CP085327.1_2749	1	120	0.008333333333333333	58	2400	0.02436484798000833	0.9481805570201846	0.342022792022792	0.9481805570201846
Halobacteria	NZ_CP035119.1_347	1	120	0.008333333333333333	0	2400	0.00020824656393169514	0.024682470801725857	40.016666666666666	0.05824650013461667
Halobacteria	NZ_CP100454.1_524	1	120	0.008333333333333333	22	2400	0.009371095376926281	0.6769129998990706	0.8892592592592592	0.7043891733267081
Halobacteria	NZ_JAJCVJ010000003.1_73	1	120	0.008333333333333333	9	2400	0.003956684714702207	0.3785774366091882	2.106140350877193	0.47395710154846205
Halobacteria	NZ_LOPW02000010.1_165	1	120	0.008333333333333333	18	2400	0.0077051228654727195	0.6047335889800883	1.0815315315315315	0.6387073861138012
Halobacteria	NZ_JAAOIR010000001.1_200	1	120	0.008333333333333333	2	2400	0.0010412328196584756	0.1175145993604339	8.003333333333334	0.1978454747441335
Halobacteria	NZ_ML974134.1_140	1	120	0.008333333333333333	12	2400	0.005206164098292378	0.46547223651053127	1.6006666666666667	0.542409796264338
Halobacteria	NZ_JAAAJC010000001.1_135	1	120	0.008333333333333333	21	2400	0.00895460224906289	0.6601980323709394	0.9306201550387596	0.6889022946479367
Halobacteria	NZ_SBIT01000009.1_43	1	120	0.008333333333333333	11	2400	0.004789670970428988	0.4379370273375208	1.739855072463768	0.5227438802505011
Halobacteria	JACNFV010000084.1_4	1	120	0.008333333333333333	9	2400	0.003956684714702207	0.3785774366091882	2.106140350877193	0.47395710154846205
Halobacteria	NZ_CP031310.1_1075	1	120	0.008333333333333333	0	2400	0.00020824656393169514	0.024682470801725857	40.016666666666666	0.05824650013461667
Halobacteria	NZ_NHSQ01000077.1_34	1	120	0.008333333333333333	13	2400	0.005622657226155768	0.4916692008826852	1.4820987654320987	0.5613389257041183
Halobacteria	NZ_CP044129.1_1367	1	120	0.008333333333333333	20	2400	0.0085381091211995	0.6426258870257745	0.9760162601626016	0.6724322825278977
Halobacteria	JALDAN010000004.1_23	1	120	0.008333333333333333	4	2400	0.001874219075385256	0.201577453347234	4.446296296296296	0.2911387546423559
Halobacteria	NZ_ML974128.1_146	1	120	0.008333333333333333	4	2400	0.001874219075385256	0.201577453347234	4.446296296296296	0.2911387546423559
Halobacteria	NZ_JAAAJC010000001.1_556	1	120	0.008333333333333333	8	2400	0.003540191586838817	0.3466071661135069	2.353921568627451	0.4437972047160216
Halobacteria	NZ_CP031310.1_2086	1	120	0.008333333333333333	1	2400	0.0006247396917950854	0.07224926866638336	13.338888888888887	0.13582862509280072
Halobacteria	NZ_FOCX01000016.1_36	1	120	0.008333333333333333	1	2400	0.0006247396917950854	0.07224926866638336	13.338888888888887	0.13582862509280072
Halobacteria	NZ_JAJCVI010000003.1_31	1	120	0.008333333333333333	1	2400	0.0006247396917950854	0.07224926866638336	13.338888888888887	0.13582862509280072
Halobacteria	NZ_CP031310.1_2090	1	120	0.008333333333333333	0	2400	0.00020824656393169514	0.024682470801725857	40.016666666666666	0.05824650013461667
Halobacteria	JAKCFJ010000001.1_3064	1	120	0.008333333333333333	10	2400	0.004373177842565598	0.40899581395308504	1.9055555555555554	0.5009199545484038
Halobacteria	NZ_CP085304.1_122	1	120	0.008333333333333333	15	2400	0.006455643481882549	0.5403033905696767	1.2908602150537634	0.592285932519529
Halobacteria	NZ_OBEJ01000004.1_116	1	120	0.008333333333333333	46	2400	0.019366930445647648	0.9043281511809322	0.4302867383512544	0.9091641305990121
Halobacteria	NZ_ML974127.1_1523	1	120	0.008333333333333333	23	2400	0.009787588504789672	0.6928122688610686	0.8514184397163119	0.7176237275255145
Halobacteria	NC_019964.1_862	1	120	0.008333333333333333	14	2400	0.006039150354019159	0.5165924406880663	1.3798850574712644	0.578091540769979
Halobacteria	NZ_SOSC01000014.1_2	1	120	0.008333333333333333	4	2400	0.001874219075385256	0.201577453347234	4.446296296296296	0.2911387546423559
Halobacteria	NZ_JAJCVJ010000001.1_695	1	120	0.008333333333333333	0	2400	0.00020824656393169514	0.024682470801725857	40.016666666666666	0.05824650013461667
Halobacteria	PXRX01000028.1_103	1	120	0.008333333333333333	3	2400	0.0014577259475218659	0.16058892618991924	5.716666666666667	0.2522901235964191
Halobacteria	NZ_CP044129.1_2950	1	120	0.008333333333333333	4	2400	0.001874219075385256	0.201577453347234	4.446296296296296	0.2911387546423559
Halobacteria	LKML01000003.1_44	1	120	0.008333333333333333	9	2400	0.003956684714702207	0.3785774366091882	2.106140350877193	0.47395710154846205
Halobacteria	CP071596.1_3467	1	120	0.008333333333333333	2	2400	0.0010412328196584756	0.1175145993604339	8.003333333333334	0.1978454747441335
Halobacteria	NZ_CP100000.1_3647	1	120	0.008333333333333333	1	2400	0.0006247396917950854	0.07224926866638336	13.338888888888887	0.13582862509280072
Halobacteria	NZ_CP019067.1_2376	1	120	0.008333333333333333	0	2400	0.00020824656393169514	0.024682470801725857	40.016666666666666	0.05824650013461667
Halobacteria	QNGA01000001.1_974	1	120	0.008333333333333333	7	2400	0.003123698458975427	0.3130065263885884	2.667777777777778	0.41488996682294677
Halobacteria	NZ_CP100000.1_3639	1	120	0.008333333333333333	0	2400	0.00020824656393169514	0.024682470801725857	40.016666666666666	0.05824650013461667
Halobacteria	NZ_CP100000.1_3636	1	120	0.008333333333333333	0	2400	0.00020824656393169514	0.024682470801725857	40.016666666666666	0.05824650013461667
Halobacteria	QNGA01000004.1_163	1	120	0.008333333333333333	1	2400	0.0006247396917950854	0.07224926866638336	13.338888888888887	0.13582862509280072
Halobacteria	NZ_CP044523.1_2518	1	120	0.008333333333333333	0	2400	0.00020824656393169514	0.024682470801725857	40.016666666666666	0.05824650013461667
Halobacteria	NZ_JALLGW010000001.1_363	1	120	0.008333333333333333	16	2400	0.0068721366097459395	0.562860545942409	1.2126262626262625	0.6099007644793827
Halobacteria	NZ_WUUT01000001.1_337	1	120	0.008333333333333333	10	2400	0.004373177842565598	0.40899581395308504	1.9055555555555554	0.5009199545484038
Halobacteria	NZ_AQXI01000004.1_223	1	120	0.008333333333333333	2	2400	0.0010412328196584756	0.1175145993604339	8.003333333333334	0.1978454747441335
Halobacteria	NZ_RKLT01000018.1_53	1	120	0.008333333333333333	4	2400	0.001874219075385256	0.201577453347234	4.446296296296296	0.2911387546423559
Halobacteria	NZ_JAJCVI010000002.1_388	1	120	0.008333333333333333	49	2400	0.020616409829237816	0.9179008306683527	0.40420875420875424	0.9203485662168016
Halobacteria	NZ_PHNJ01000003.1_349	1	120	0.008333333333333333	12	2400	0.005206164098292378	0.46547223651053127	1.6006666666666667	0.542409796264338
Halobacteria	NZ_FNFE01000008.1_207	1	120	0.008333333333333333	2	2400	0.0010412328196584756	0.1175145993604339	8.003333333333334	0.1978454747441335
Halobacteria	PXRK01000001.1_4	1	120	0.008333333333333333	6	2400	0.0027072053311120365	0.27769310829000654	3.0782051282051284	0.3751351211390747
Halobacteria	NZ_CP099993.1_1735	1	120	0.008333333333333333	3	2400	0.0014577259475218659	0.16058892618991924	5.716666666666667	0.2522901235964191
Halobacteria	NZ_AOJH01000074.1_3	1	120	0.008333333333333333	12	2400	0.005206164098292378	0.46547223651053127	1.6006666666666667	0.542409796264338
Halobacteria	PXRX01000012.1_55	1	120	0.008333333333333333	0	2400	0.00020824656393169514	0.024682470801725857	40.016666666666666	0.05824650013461667
Halobacteria	NZ_CP100454.1_2547	1	120	0.008333333333333333	7	2400	0.003123698458975427	0.3130065263885884	2.667777777777778	0.41488996682294677
Halobacteria	CP071596.1_1796	1	120	0.008333333333333333	1	2400	0.0006247396917950854	0.07224926866638336	13.338888888888887	0.13582862509280072
Halobacteria	NZ_CP100454.1_3303	1	120	0.008333333333333333	0	2400	0.00020824656393169514	0.024682470801725857	40.016666666666666	0.05824650013461667
Halobacteria	PXRX01000012.1_61	1	120	0.008333333333333333	0	2400	0.00020824656393169514	0.024682470801725857	40.016666666666666	0.05824650013461667
Halobacteria	NZ_QQTY01000001.1_55	1	120	0.008333333333333333	0	2400	0.00020824656393169514	0.024682470801725857	40.016666666666666	0.05824650013461667
Halobacteria	JAHENP010000195.1_7	1	120	0.008333333333333333	6	2400	0.0027072053311120365	0.27769310829000654	3.0782051282051284	0.3751351211390747
Halobacteria	NZ_WRXM01000001.1_1028	1	120	0.008333333333333333	15	2400	0.006455643481882549	0.5403033905696767	1.2908602150537634	0.592285932519529
Halobacteria	NZ_CP035119.1_2369	1	120	0.008333333333333333	0	2400	0.00020824656393169514	0.024682470801725857	40.016666666666666	0.05824650013461667
Halobacteria	NZ_CP085327.1_1026	1	120	0.008333333333333333	0	2400	0.00020824656393169514	0.024682470801725857	40.016666666666666	0.05824650013461667
Halobacteria	PXRX01000043.1_73	1	120	0.008333333333333333	3	2400	0.0014577259475218659	0.16058892618991924	5.716666666666667	0.2522901235964191
Halobacteria	NZ_CP044523.1_576	1	120	0.008333333333333333	2	2400	0.0010412328196584756	0.1175145993604339	8.003333333333334	0.1978454747441335
Halobacteria	QNGA01000004.1_232	1	120	0.008333333333333333	5	2400	0.0022907122032486465	0.24058037425684958	3.6378787878787877	0.33420524896764325
Halobacteria	NZ_JANHDP010000003.1_63	1	120	0.008333333333333333	0	2400	0.00020824656393169514	0.024682470801725857	40.016666666666666	0.05824650013461667
Halobacteria	NZ_ML974127.1_855	1	120	0.008333333333333333	0	2400	0.00020824656393169514	0.024682470801725857	40.016666666666666	0.05824650013461667
Halobacteria	NZ_CP099993.1_2369	1	120	0.008333333333333333	0	2400	0.00020824656393169514	0.024682470801725857	40.016666666666666	0.05824650013461667
Halobacteria	NZ_ML974127.1_834	1	120	0.008333333333333333	0	2400	0.00020824656393169514	0.024682470801725857	40.016666666666666	0.05824650013461667
Halobacteria	PXRX01000031.1_61	1	120	0.008333333333333333	12	2400	0.005206164098292378	0.46547223651053127	1.6006666666666667	0.542409796264338
Halobacteria	NZ_SBIT01000008.1_15	1	120	0.008333333333333333	13	2400	0.005622657226155768	0.4916692008826852	1.4820987654320987	0.5613389257041183
Halobacteria	NZ_CP095482.1_322	1	120	0.008333333333333333	14	2400	0.006039150354019159	0.5165924406880663	1.3798850574712644	0.578091540769979
Halobacteria	NZ_JANHDJ010000001.1_468	1	120	0.008333333333333333	8	2400	0.003540191586838817	0.3466071661135069	2.353921568627451	0.4437972047160216
Halobacteria	NZ_JANHDP010000003.1_71	1	120	0.008333333333333333	0	2400	0.00020824656393169514	0.024682470801725857	40.016666666666666	0.05824650013461667
Halobacteria	NZ_CP085335.1_904	1	120	0.008333333333333333	0	2400	0.00020824656393169514	0.024682470801725857	40.016666666666666	0.05824650013461667
Halobacteria	NZ_CP085335.1_903	1	120	0.008333333333333333	0	2400	0.00020824656393169514	0.024682470801725857	40.016666666666666	0.05824650013461667
Halobacteria	NZ_CP085337.1_711	1	120	0.008333333333333333	0	2400	0.00020824656393169514	0.024682470801725857	40.016666666666666	0.05824650013461667
Halobacteria	NZ_CP085335.1_877	1	120	0.008333333333333333	0	2400	0.00020824656393169514	0.024682470801725857	40.016666666666666	0.05824650013461667
Halobacteria	NZ_CP085335.1_876	1	120	0.008333333333333333	0	2400	0.00020824656393169514	0.024682470801725857	40.016666666666666	0.05824650013461667
Halobacteria	NZ_CP095491.1_2919	1	120	0.008333333333333333	8	2400	0.003540191586838817	0.3466071661135069	2.353921568627451	0.4437972047160216
Halobacteria	NZ_SOSC01000001.1_507	1	120	0.008333333333333333	4	2400	0.001874219075385256	0.201577453347234	4.446296296296296	0.2911387546423559
Halobacteria	NZ_CP035119.1_2385	1	120	0.008333333333333333	0	2400	0.00020824656393169514	0.024682470801725857	40.016666666666666	0.05824650013461667
Halobacteria	JADJWG010000001.1_844	1	120	0.008333333333333333	25	2400	0.01062057476051645	0.7223197678273949	0.784640522875817	0.7454498610332128
Halobacteria	JADJWG010000002.1_973	1	120	0.008333333333333333	2	2400	0.0010412328196584756	0.1175145993604339	8.003333333333334	0.1978454747441335
Halobacteria	NZ_CP100762.1_216	1	120	0.008333333333333333	0	2400	0.00020824656393169514	0.024682470801725857	40.016666666666666	0.05824650013461667
Halobacteria	NZ_JALLPK010000001.1_537	1	120	0.008333333333333333	5	2400	0.0022907122032486465	0.24058037425684958	3.6378787878787877	0.33420524896764325
Halobacteria	NZ_JAKUHT010000006.1_28	1	120	0.008333333333333333	3	2400	0.0014577259475218659	0.16058892618991924	5.716666666666667	0.2522901235964191
Halobacteria	NZ_CP044129.1_2955	1	120	0.008333333333333333	8	2400	0.003540191586838817	0.3466071661135069	2.353921568627451	0.4437972047160216
Halobacteria	NZ_LOPW02000003.1_7	1	120	0.008333333333333333	4	2400	0.001874219075385256	0.201577453347234	4.446296296296296	0.2911387546423559
Halobacteria	NZ_JANHDJ010000003.1_295	1	120	0.008333333333333333	0	2400	0.00020824656393169514	0.024682470801725857	40.016666666666666	0.05824650013461667
Halobacteria	JAKCFM010000002.1_35	1	120	0.008333333333333333	0	2400	0.00020824656393169514	0.024682470801725857	40.016666666666666	0.05824650013461667
Halobacteria	NZ_JAJFAY010000005.1_294	1	120	0.008333333333333333	1	2400	0.0006247396917950854	0.07224926866638336	13.338888888888887	0.13582862509280072
Halobacteria	JAHFTO010000009.1_54	1	120	0.008333333333333333	10	2400	0.004373177842565598	0.40899581395308504	1.9055555555555554	0.5009199545484038
Halobacteria	JAKCFM010000002.1_32	1	120	0.008333333333333333	0	2400	0.00020824656393169514	0.024682470801725857	40.016666666666666	0.05824650013461667
Halobacteria	NZ_KB913017.1_771	1	120	0.008333333333333333	0	2400	0.00020824656393169514	0.024682470801725857	40.016666666666666	0.05824650013461667
Halobacteria	JAKCFM010000002.1_29	1	120	0.008333333333333333	0	2400	0.00020824656393169514	0.024682470801725857	40.016666666666666	0.05824650013461667
Halobacteria	NZ_CP100000.1_3361	1	120	0.008333333333333333	7	2400	0.003123698458975427	0.3130065263885884	2.667777777777778	0.41488996682294677
Halobacteria	s5a1_contig_1_942	1	120	0.008333333333333333	1	2400	0.0006247396917950854	0.07224926866638336	13.338888888888887	0.13582862509280072
Halobacteria	JAKCFM010000002.1_25	1	120	0.008333333333333333	0	2400	0.00020824656393169514	0.024682470801725857	40.016666666666666	0.05824650013461667
Halobacteria	JAKCFM010000002.1_24	1	120	0.008333333333333333	0	2400	0.00020824656393169514	0.024682470801725857	40.016666666666666	0.05824650013461667
Halobacteria	JAKCFM010000002.1_23	1	120	0.008333333333333333	0	2400	0.00020824656393169514	0.024682470801725857	40.016666666666666	0.05824650013461667
Halobacteria	NZ_JAJFAY010000017.1_20	1	120	0.008333333333333333	5	2400	0.0022907122032486465	0.24058037425684958	3.6378787878787877	0.33420524896764325
Halobacteria	NZ_CP095487.1_3426	1	120	0.008333333333333333	8	2400	0.003540191586838817	0.3466071661135069	2.353921568627451	0.4437972047160216
Halobacteria	PXRE01000005.1_26	1	120	0.008333333333333333	0	2400	0.00020824656393169514	0.024682470801725857	40.016666666666666	0.05824650013461667
Halobacteria	PXRE01000005.1_27	1	120	0.008333333333333333	0	2400	0.00020824656393169514	0.024682470801725857	40.016666666666666	0.05824650013461667
Halobacteria	NZ_CP101458.1_162	1	120	0.008333333333333333	1	2400	0.0006247396917950854	0.07224926866638336	13.338888888888887	0.13582862509280072
Halobacteria	NZ_CP058335.1_1127	1	120	0.008333333333333333	2	2400	0.0010412328196584756	0.1175145993604339	8.003333333333334	0.1978454747441335
Halobacteria	NZ_RDFA01000001.1_92	1	120	0.008333333333333333	4	2400	0.001874219075385256	0.201577453347234	4.446296296296296	0.2911387546423559
Halobacteria	JAKCFJ010000001.1_2915	1	120	0.008333333333333333	9	2400	0.003956684714702207	0.3785774366091882	2.106140350877193	0.47395710154846205
Halobacteria	NZ_JALJCL010000006.1_177	1	120	0.008333333333333333	1	2400	0.0006247396917950854	0.07224926866638336	13.338888888888887	0.13582862509280072
Halobacteria	JAKCFJ010000001.1_2981	1	120	0.008333333333333333	1	2400	0.0006247396917950854	0.07224926866638336	13.338888888888887	0.13582862509280072
Halobacteria	NZ_JALLGW010000001.1_1115	1	120	0.008333333333333333	14	2400	0.006039150354019159	0.5165924406880663	1.3798850574712644	0.578091540769979
Halobacteria	JADFQH010000144.1_7	1	120	0.008333333333333333	0	2400	0.00020824656393169514	0.024682470801725857	40.016666666666666	0.05824650013461667
Halobacteria	NZ_CP044523.1_3437	1	120	0.008333333333333333	13	2400	0.005622657226155768	0.4916692008826852	1.4820987654320987	0.5613389257041183
Halobacteria	NZ_JALLPK010000001.1_665	1	120	0.008333333333333333	7	2400	0.003123698458975427	0.3130065263885884	2.667777777777778	0.41488996682294677
Halobacteria	NZ_CP100400.1_580	1	120	0.008333333333333333	7	2400	0.003123698458975427	0.3130065263885884	2.667777777777778	0.41488996682294677
Halobacteria	NZ_BBMP01000026.1_85	1	120	0.008333333333333333	9	2400	0.003956684714702207	0.3785774366091882	2.106140350877193	0.47395710154846205
Halobacteria	NZ_JAAAJC010000005.1_117	1	120	0.008333333333333333	1	2400	0.0006247396917950854	0.07224926866638336	13.338888888888887	0.13582862509280072
Halobacteria	JAKCFM010000001.1_2902	1	120	0.008333333333333333	0	2400	0.00020824656393169514	0.024682470801725857	40.016666666666666	0.05824650013461667
Halobacteria	JAKCFJ010000001.1_2966	1	120	0.008333333333333333	0	2400	0.00020824656393169514	0.024682470801725857	40.016666666666666	0.05824650013461667
Halobacteria	JACZSC010000036.1_2	1	120	0.008333333333333333	11	2400	0.004789670970428988	0.4379370273375208	1.739855072463768	0.5227438802505011
Halobacteria	NZ_JAJFAY010000006.1_158	1	120	0.008333333333333333	10	2400	0.004373177842565598	0.40899581395308504	1.9055555555555554	0.5009199545484038
Halobacteria	CACLNC010000017.1_20	1	120	0.008333333333333333	12	2400	0.005206164098292378	0.46547223651053127	1.6006666666666667	0.542409796264338
Halobacteria	NZ_SOSC01000004.1_206	1	120	0.008333333333333333	11	2400	0.004789670970428988	0.4379370273375208	1.739855072463768	0.5227438802505011
Halobacteria	JALDAN010000001.1_18	1	120	0.008333333333333333	12	2400	0.005206164098292378	0.46547223651053127	1.6006666666666667	0.542409796264338
Halobacteria	JAKCFJ010000001.1_2973	1	120	0.008333333333333333	0	2400	0.00020824656393169514	0.024682470801725857	40.016666666666666	0.05824650013461667
Halobacteria	JAKCFJ010000001.1_2974	1	120	0.008333333333333333	0	2400	0.00020824656393169514	0.024682470801725857	40.016666666666666	0.05824650013461667
Halobacteria	NZ_CP101458.1_1720	1	120	0.008333333333333333	0	2400	0.00020824656393169514	0.024682470801725857	40.016666666666666	0.05824650013461667
Halobacteria	NZ_JANHJR010000003.1_566	1	120	0.008333333333333333	1	2400	0.0006247396917950854	0.07224926866638336	13.338888888888887	0.13582862509280072
Halobacteria	NZ_CP100454.1_970	1	120	0.008333333333333333	16	2400	0.0068721366097459395	0.562860545942409	1.2126262626262625	0.6099007644793827
Halobacteria	CP060262.1_850	1	120	0.008333333333333333	14	2400	0.006039150354019159	0.5165924406880663	1.3798850574712644	0.578091540769979
Halobacteria	NZ_CP099993.1_2667	1	120	0.008333333333333333	1	2400	0.0006247396917950854	0.07224926866638336	13.338888888888887	0.13582862509280072
Halobacteria	NC_019964.1_206	1	120	0.008333333333333333	15	2400	0.006455643481882549	0.5403033905696767	1.2908602150537634	0.592285932519529
Halobacteria	NZ_JAAOIR010000004.1_34	1	120	0.008333333333333333	1	2400	0.0006247396917950854	0.07224926866638336	13.338888888888887	0.13582862509280072
Halobacteria	NZ_JAALLS010000012.1_22	1	120	0.008333333333333333	1	2400	0.0006247396917950854	0.07224926866638336	13.338888888888887	0.13582862509280072
Halobacteria	NZ_SOSC01000006.1_42	1	120	0.008333333333333333	0	2400	0.00020824656393169514	0.024682470801725857	40.016666666666666	0.05824650013461667
Halobacteria	NZ_AOLK01000011.1_212	1	120	0.008333333333333333	1	2400	0.0006247396917950854	0.07224926866638336	13.338888888888887	0.13582862509280072
Halobacteria	NZ_JALLGW010000001.1_1796	1	120	0.008333333333333333	0	2400	0.00020824656393169514	0.024682470801725857	40.016666666666666	0.05824650013461667
Halobacteria	NZ_JALLGW010000001.1_1991	1	120	0.008333333333333333	0	2400	0.00020824656393169514	0.024682470801725857	40.016666666666666	0.05824650013461667
Halobacteria	NZ_JALLGW010000001.1_1798	1	120	0.008333333333333333	0	2400	0.00020824656393169514	0.024682470801725857	40.016666666666666	0.05824650013461667
Halobacteria	NZ_JALLGW010000001.1_1799	1	120	0.008333333333333333	0	2400	0.00020824656393169514	0.024682470801725857	40.016666666666666	0.05824650013461667
Halobacteria	NZ_JALLGW010000001.1_1800	1	120	0.008333333333333333	0	2400	0.00020824656393169514	0.024682470801725857	40.016666666666666	0.05824650013461667
Halobacteria	NZ_JALLGW010000001.1_1801	1	120	0.008333333333333333	0	2400	0.00020824656393169514	0.024682470801725857	40.016666666666666	0.05824650013461667
Halobacteria	NZ_JALLGW010000001.1_1802	1	120	0.008333333333333333	0	2400	0.00020824656393169514	0.024682470801725857	40.016666666666666	0.05824650013461667
Halobacteria	NZ_JALLGW010000001.1_1803	1	120	0.008333333333333333	0	2400	0.00020824656393169514	0.024682470801725857	40.016666666666666	0.05824650013461667
Halobacteria	AOLX01000017.1_80	1	120	0.008333333333333333	27	2400	0.011453561016243232	0.7490142181788442	0.7275757575757575	0.7694790875279929
Halobacteria	NZ_JALLGW010000001.1_1805	1	120	0.008333333333333333	0	2400	0.00020824656393169514	0.024682470801725857	40.016666666666666	0.05824650013461667
Halobacteria	NZ_JALLGW010000001.1_1806	1	120	0.008333333333333333	0	2400	0.00020824656393169514	0.024682470801725857	40.016666666666666	0.05824650013461667
Halobacteria	NZ_JALLGW010000001.1_1807	1	120	0.008333333333333333	0	2400	0.00020824656393169514	0.024682470801725857	40.016666666666666	0.05824650013461667
Halobacteria	NZ_CP100756.1_1072	1	120	0.008333333333333333	0	2400	0.00020824656393169514	0.024682470801725857	40.016666666666666	0.05824650013461667
Halobacteria	NZ_RDFA01000001.1_969	1	120	0.008333333333333333	2	2400	0.0010412328196584756	0.1175145993604339	8.003333333333334	0.1978454747441335
Halobacteria	PXSA01000040.1_4	1	120	0.008333333333333333	5	2400	0.0022907122032486465	0.24058037425684958	3.6378787878787877	0.33420524896764325
Halobacteria	NZ_JALLGW010000001.1_1812	1	120	0.008333333333333333	0	2400	0.00020824656393169514	0.024682470801725857	40.016666666666666	0.05824650013461667
Halobacteria	JADDOW010000045.1_9	1	120	0.008333333333333333	6	2400	0.0027072053311120365	0.27769310829000654	3.0782051282051284	0.3751351211390747
Halobacteria	PXRX01000031.1_46	1	120	0.008333333333333333	11	2400	0.004789670970428988	0.4379370273375208	1.739855072463768	0.5227438802505011
Halobacteria	JALDAN010000020.1_13	1	120	0.008333333333333333	7	2400	0.003123698458975427	0.3130065263885884	2.667777777777778	0.41488996682294677
Halobacteria	NZ_JAJCVJ010000004.1_53	1	120	0.008333333333333333	25	2400	0.01062057476051645	0.7223197678273949	0.784640522875817	0.7454498610332128
Halobacteria	PXRK01000011.1_3	1	120	0.008333333333333333	20	2400	0.0085381091211995	0.6426258870257745	0.9760162601626016	0.6724322825278977
Halobacteria	NZ_CP100454.1_2796	1	120	0.008333333333333333	0	2400	0.00020824656393169514	0.024682470801725857	40.016666666666666	0.05824650013461667
Halobacteria	PXRE01000005.1_34	1	120	0.008333333333333333	0	2400	0.00020824656393169514	0.024682470801725857	40.016666666666666	0.05824650013461667
Halobacteria	NZ_CP096658.1_2448	1	120	0.008333333333333333	0	2400	0.00020824656393169514	0.024682470801725857	40.016666666666666	0.05824650013461667
Halobacteria	AOLX01000014.1_64	1	120	0.008333333333333333	29	2400	0.012286547271970013	0.7731617585924474	0.6782485875706215	0.7899696229096745
Halobacteria	PXRE01000005.1_36	1	120	0.008333333333333333	0	2400	0.00020824656393169514	0.024682470801725857	40.016666666666666	0.05824650013461667
Halobacteria	PXRE01000005.1_37	1	120	0.008333333333333333	0	2400	0.00020824656393169514	0.024682470801725857	40.016666666666666	0.05824650013461667
Halobacteria	PXRE01000005.1_38	1	120	0.008333333333333333	0	2400	0.00020824656393169514	0.024682470801725857	40.016666666666666	0.05824650013461667
Halobacteria	NZ_MWLL01000203.1_5	1	120	0.008333333333333333	8	2400	0.003540191586838817	0.3466071661135069	2.353921568627451	0.4437972047160216
Halobacteria	PXRE01000005.1_40	1	120	0.008333333333333333	0	2400	0.00020824656393169514	0.024682470801725857	40.016666666666666	0.05824650013461667
Halobacteria	NZ_CVUA01000001.1_2204	1	120	0.008333333333333333	5	2400	0.0022907122032486465	0.24058037425684958	3.6378787878787877	0.33420524896764325
Halobacteria	NZ_CP101458.1_1111	1	120	0.008333333333333333	0	2400	0.00020824656393169514	0.024682470801725857	40.016666666666666	0.05824650013461667
Halobacteria	NZ_CP099998.1_79	1	120	0.008333333333333333	1	2400	0.0006247396917950854	0.07224926866638336	13.338888888888887	0.13582862509280072
Halobacteria	PXRE01000005.1_44	1	120	0.008333333333333333	1	2400	0.0006247396917950854	0.07224926866638336	13.338888888888887	0.13582862509280072
Halobacteria	JADJWG010000001.1_149	1	120	0.008333333333333333	8	2400	0.003540191586838817	0.3466071661135069	2.353921568627451	0.4437972047160216
Halobacteria	NZ_JADDKQ010000010.1_125	1	120	0.008333333333333333	3	2400	0.0014577259475218659	0.16058892618991924	5.716666666666667	0.2522901235964191
Halobacteria	CP046181.1_1238	1	120	0.008333333333333333	2	2400	0.0010412328196584756	0.1175145993604339	8.003333333333334	0.1978454747441335
Halobacteria	JALDAN010000024.1_5	1	120	0.008333333333333333	18	2400	0.0077051228654727195	0.6047335889800883	1.0815315315315315	0.6387073861138012
Halobacteria	JAKCFM010000002.1_19	1	120	0.008333333333333333	0	2400	0.00020824656393169514	0.024682470801725857	40.016666666666666	0.05824650013461667
Halobacteria	NZ_SOSC01000006.1_32	1	120	0.008333333333333333	0	2400	0.00020824656393169514	0.024682470801725857	40.016666666666666	0.05824650013461667
Halobacteria	JAKCFM010000002.1_18	1	120	0.008333333333333333	0	2400	0.00020824656393169514	0.024682470801725857	40.016666666666666	0.05824650013461667
Halobacteria	NZ_CP035119.1_1933	1	120	0.008333333333333333	1	2400	0.0006247396917950854	0.07224926866638336	13.338888888888887	0.13582862509280072
Halobacteria	CP094974.1_1569	1	120	0.008333333333333333	2	2400	0.0010412328196584756	0.1175145993604339	8.003333333333334	0.1978454747441335
Halobacteria	NZ_CP096659.1_2410	1	120	0.008333333333333333	0	2400	0.00020824656393169514	0.024682470801725857	40.016666666666666	0.05824650013461667
Halobacteria	NZ_WUYX01000021.1_108	1	120	0.008333333333333333	8	2400	0.003540191586838817	0.3466071661135069	2.353921568627451	0.4437972047160216
Halobacteria	NZ_CP044523.1_1173	1	120	0.008333333333333333	1	2400	0.0006247396917950854	0.07224926866638336	13.338888888888887	0.13582862509280072
Halobacteria	PXRX01000012.1_65	1	120	0.008333333333333333	0	2400	0.00020824656393169514	0.024682470801725857	40.016666666666666	0.05824650013461667
Halobacteria	NC_017941.2_1107	1	120	0.008333333333333333	30	2400	0.012703040399833403	0.784356708681176	0.6560109289617486	0.7999587408610909
Halobacteria	NZ_SBIT01000009.1_136	1	120	0.008333333333333333	0	2400	0.00020824656393169514	0.024682470801725857	40.016666666666666	0.05824650013461667
Halobacteria	NZ_ML974127.1_1400	1	120	0.008333333333333333	0	2400	0.00020824656393169514	0.024682470801725857	40.016666666666666	0.05824650013461667
Halobacteria	NZ_CP100000.1_391	1	120	0.008333333333333333	10	2400	0.004373177842565598	0.40899581395308504	1.9055555555555554	0.5009199545484038
Halobacteria	SKKJ01000069.1_4	1	120	0.008333333333333333	2	2400	0.0010412328196584756	0.1175145993604339	8.003333333333334	0.1978454747441335
Halobacteria	NZ_PEND01000003.1_29	1	120	0.008333333333333333	1	2400	0.0006247396917950854	0.07224926866638336	13.338888888888887	0.13582862509280072
Halobacteria	JAKCFM010000001.1_2279	1	120	0.008333333333333333	0	2400	0.00020824656393169514	0.024682470801725857	40.016666666666666	0.05824650013461667
Halobacteria	NZ_JALLPK010000001.1_2697	1	120	0.008333333333333333	0	2400	0.00020824656393169514	0.024682470801725857	40.016666666666666	0.05824650013461667
Halobacteria	NZ_WUUT01000004.1_46	1	120	0.008333333333333333	0	2400	0.00020824656393169514	0.024682470801725857	40.016666666666666	0.05824650013461667
Halobacteria	NZ_CP044130.1_165	1	120	0.008333333333333333	11	2400	0.004789670970428988	0.4379370273375208	1.739855072463768	0.5227438802505011
Halobacteria	NZ_CP085330.1_307	1	120	0.008333333333333333	2	2400	0.0010412328196584756	0.1175145993604339	8.003333333333334	0.1978454747441335
Halobacteria	NZ_CP095757.1_3370	1	120	0.008333333333333333	15	2400	0.006455643481882549	0.5403033905696767	1.2908602150537634	0.592285932519529
Halobacteria	NZ_JALLPK010000001.1_3667	1	120	0.008333333333333333	19	2400	0.00812161599333611	0.6241529941151327	1.026068376068376	0.6567580012704008
Halobacteria	LKML01000064.1_7	1	120	0.008333333333333333	1	2400	0.0006247396917950854	0.07224926866638336	13.338888888888887	0.13582862509280072
Halobacteria	PXRK01000008.1_16	1	120	0.008333333333333333	16	2400	0.0068721366097459395	0.562860545942409	1.2126262626262625	0.6099007644793827
Halobacteria	NZ_FNYR01000016.1_11	1	120	0.008333333333333333	17	2400	0.007288629737609329	0.5843196024704109	1.1433333333333333	0.6235690743487451
Halobacteria	JALDAN010000009.1_4	1	120	0.008333333333333333	17	2400	0.007288629737609329	0.5843196024704109	1.1433333333333333	0.6235690743487451
Halobacteria	NZ_CP095757.1_2724	1	120	0.008333333333333333	14	2400	0.006039150354019159	0.5165924406880663	1.3798850574712644	0.578091540769979
Halobacteria	NZ_JANJYH010000002.1_428	1	120	0.008333333333333333	10	2400	0.004373177842565598	0.40899581395308504	1.9055555555555554	0.5009199545484038
Halobacteria	JALDAN010000013.1_29	1	120	0.008333333333333333	12	2400	0.005206164098292378	0.46547223651053127	1.6006666666666667	0.542409796264338
Halobacteria	CP060262.1_1763	1	120	0.008333333333333333	16	2400	0.0068721366097459395	0.562860545942409	1.2126262626262625	0.6099007644793827
Halobacteria	NZ_MWLL01000214.1_11	1	120	0.008333333333333333	3	2400	0.0014577259475218659	0.16058892618991924	5.716666666666667	0.2522901235964191
Halobacteria	NZ_WUUT01000004.1_61	1	120	0.008333333333333333	1	2400	0.0006247396917950854	0.07224926866638336	13.338888888888887	0.13582862509280072
Halobacteria	NC_017942.1_64	1	120	0.008333333333333333	6	2400	0.0027072053311120365	0.27769310829000654	3.0782051282051284	0.3751351211390747
Halobacteria	JALDAN010000014.1_14	1	120	0.008333333333333333	14	2400	0.006039150354019159	0.5165924406880663	1.3798850574712644	0.578091540769979
Halobacteria	NZ_JANHDJ010000006.1_208	1	120	0.008333333333333333	14	2400	0.006039150354019159	0.5165924406880663	1.3798850574712644	0.578091540769979
Halobacteria	NZ_ML974127.1_1410	1	120	0.008333333333333333	2	2400	0.0010412328196584756	0.1175145993604339	8.003333333333334	0.1978454747441335
Halobacteria	NZ_JALIQP010000002.1_35	1	120	0.008333333333333333	0	2400	0.00020824656393169514	0.024682470801725857	40.016666666666666	0.05824650013461667
Halobacteria	NZ_JALIQP010000002.1_36	1	120	0.008333333333333333	0	2400	0.00020824656393169514	0.024682470801725857	40.016666666666666	0.05824650013461667
Halobacteria	NZ_JALIQP010000002.1_37	1	120	0.008333333333333333	0	2400	0.00020824656393169514	0.024682470801725857	40.016666666666666	0.05824650013461667
Halobacteria	NZ_JANHJR010000003.1_88	1	120	0.008333333333333333	2	2400	0.0010412328196584756	0.1175145993604339	8.003333333333334	0.1978454747441335
Halobacteria	NZ_WUYX01000008.1_27	1	120	0.008333333333333333	0	2400	0.00020824656393169514	0.024682470801725857	40.016666666666666	0.05824650013461667
Halobacteria	NZ_CP085330.1_1	1	120	0.008333333333333333	16	2400	0.0068721366097459395	0.562860545942409	1.2126262626262625	0.6099007644793827
Halobacteria	AOLX01000023.1_296	1	120	0.008333333333333333	2	2400	0.0010412328196584756	0.1175145993604339	8.003333333333334	0.1978454747441335
Halobacteria	NZ_CP044129.1_2412	1	120	0.008333333333333333	10	2400	0.004373177842565598	0.40899581395308504	1.9055555555555554	0.5009199545484038
Halobacteria	NZ_CP085338.1_545	1	120	0.008333333333333333	42	2400	0.017700957934194086	0.8827139222508534	0.4707843137254902	0.8906093956162456
Halobacteria	NZ_FOTC01000001.1_713	1	120	0.008333333333333333	28	2400	0.011870054144106622	0.7613907228469576	0.702046783625731	0.7800624299467468
Halobacteria	JADFQH010000228.1_5	1	120	0.008333333333333333	15	2400	0.006455643481882549	0.5403033905696767	1.2908602150537634	0.592285932519529
Halobacteria	NZ_PEND01000008.1_140	1	120	0.008333333333333333	12	2400	0.005206164098292378	0.46547223651053127	1.6006666666666667	0.542409796264338
Halobacteria	NZ_PEND01000002.1_735	1	120	0.008333333333333333	11	2400	0.004789670970428988	0.4379370273375208	1.739855072463768	0.5227438802505011
Halobacteria	NZ_CVUA01000001.1_1749	1	120	0.008333333333333333	23	2400	0.009787588504789672	0.6928122688610686	0.8514184397163119	0.7176237275255145
Halobacteria	LKNH01000122.1_2	1	120	0.008333333333333333	3	2400	0.0014577259475218659	0.16058892618991924	5.716666666666667	0.2522901235964191
Halobacteria	NZ_MWLL01000015.1_56	1	120	0.008333333333333333	4	2400	0.001874219075385256	0.201577453347234	4.446296296296296	0.2911387546423559
Halobacteria	NZ_ML974139.1_29	1	120	0.008333333333333333	0	2400	0.00020824656393169514	0.024682470801725857	40.016666666666666	0.05824650013461667
Halobacteria	NZ_WSZK01000001.1_126	1	120	0.008333333333333333	0	2400	0.00020824656393169514	0.024682470801725857	40.016666666666666	0.05824650013461667
Halobacteria	NZ_CP085301.1_3346	1	120	0.008333333333333333	23	2400	0.009787588504789672	0.6928122688610686	0.8514184397163119	0.7176237275255145
Halobacteria	NZ_RDFA01000001.1_963	1	120	0.008333333333333333	2	2400	0.0010412328196584756	0.1175145993604339	8.003333333333334	0.1978454747441335
Halobacteria	NZ_SOSC01000009.1_68	1	120	0.008333333333333333	4	2400	0.001874219075385256	0.201577453347234	4.446296296296296	0.2911387546423559
Halobacteria	NZ_NHSQ01000028.1_16	1	120	0.008333333333333333	5	2400	0.0022907122032486465	0.24058037425684958	3.6378787878787877	0.33420524896764325
Halobacteria	NZ_ML974127.1_936	1	120	0.008333333333333333	7	2400	0.003123698458975427	0.3130065263885884	2.667777777777778	0.41488996682294677
Halobacteria	NZ_JALIQP010000002.1_33	1	120	0.008333333333333333	0	2400	0.00020824656393169514	0.024682470801725857	40.016666666666666	0.05824650013461667
Halobacteria	PXSA01000026.1_10	1	120	0.008333333333333333	0	2400	0.00020824656393169514	0.024682470801725857	40.016666666666666	0.05824650013461667
Halobacteria	NZ_JAJCVJ010000003.1_373	1	120	0.008333333333333333	0	2400	0.00020824656393169514	0.024682470801725857	40.016666666666666	0.05824650013461667
Halobacteria	NZ_RDFA01000002.1_222	1	120	0.008333333333333333	0	2400	0.00020824656393169514	0.024682470801725857	40.016666666666666	0.05824650013461667
Halobacteria	NZ_CP095482.1_1662	1	120	0.008333333333333333	2	2400	0.0010412328196584756	0.1175145993604339	8.003333333333334	0.1978454747441335
Halobacteria	NZ_CP019067.1_1918	1	120	0.008333333333333333	6	2400	0.0027072053311120365	0.27769310829000654	3.0782051282051284	0.3751351211390747
Halobacteria	NZ_AOIQ01000009.1_148	1	120	0.008333333333333333	5	2400	0.0022907122032486465	0.24058037425684958	3.6378787878787877	0.33420524896764325
Halobacteria	PXRX01000018.1_27	1	120	0.008333333333333333	1	2400	0.0006247396917950854	0.07224926866638336	13.338888888888887	0.13582862509280072
Halobacteria	NZ_OBEJ01000001.1_413	1	120	0.008333333333333333	1	2400	0.0006247396917950854	0.07224926866638336	13.338888888888887	0.13582862509280072
Halobacteria	NZ_WRXM01000005.1_100	1	120	0.008333333333333333	1	2400	0.0006247396917950854	0.07224926866638336	13.338888888888887	0.13582862509280072
Halobacteria	NZ_LOPU01000030.1_94	1	120	0.008333333333333333	2	2400	0.0010412328196584756	0.1175145993604339	8.003333333333334	0.1978454747441335
Halobacteria	QNGA01000004.1_59	1	120	0.008333333333333333	2	2400	0.0010412328196584756	0.1175145993604339	8.003333333333334	0.1978454747441335
Halobacteria	NZ_CP085327.1_849	1	120	0.008333333333333333	0	2400	0.00020824656393169514	0.024682470801725857	40.016666666666666	0.05824650013461667
Halobacteria	NZ_CP031310.1_1334	1	120	0.008333333333333333	5	2400	0.0022907122032486465	0.24058037425684958	3.6378787878787877	0.33420524896764325
Halobacteria	NZ_CP085335.1_1093	1	120	0.008333333333333333	9	2400	0.003956684714702207	0.3785774366091882	2.106140350877193	0.47395710154846205
Halobacteria	NZ_BBJP01000014.1_95	1	120	0.008333333333333333	1	2400	0.0006247396917950854	0.07224926866638336	13.338888888888887	0.13582862509280072
Halobacteria	NZ_SDIC01000010.1_16	1	120	0.008333333333333333	1	2400	0.0006247396917950854	0.07224926866638336	13.338888888888887	0.13582862509280072
Halobacteria	PXRK01000024.1_11	1	120	0.008333333333333333	0	2400	0.00020824656393169514	0.024682470801725857	40.016666666666666	0.05824650013461667
Halobacteria	NZ_LOEP01000014.1_31	1	120	0.008333333333333333	15	2400	0.006455643481882549	0.5403033905696767	1.2908602150537634	0.592285932519529
Halobacteria	NZ_AOLG01000009.1_559	1	120	0.008333333333333333	11	2400	0.004789670970428988	0.4379370273375208	1.739855072463768	0.5227438802505011
Halobacteria	NZ_OBEJ01000004.1_4	1	120	0.008333333333333333	6	2400	0.0027072053311120365	0.27769310829000654	3.0782051282051284	0.3751351211390747
Halobacteria	NZ_CP031310.1_2624	1	120	0.008333333333333333	7	2400	0.003123698458975427	0.3130065263885884	2.667777777777778	0.41488996682294677
Halobacteria	PXRK01000024.1_18	1	120	0.008333333333333333	0	2400	0.00020824656393169514	0.024682470801725857	40.016666666666666	0.05824650013461667
Halobacteria	NZ_CP100454.1_3005	1	120	0.008333333333333333	4	2400	0.001874219075385256	0.201577453347234	4.446296296296296	0.2911387546423559
Halobacteria	PXSA01000026.1_8	1	120	0.008333333333333333	0	2400	0.00020824656393169514	0.024682470801725857	40.016666666666666	0.05824650013461667
Halobacteria	NZ_JALLPK010000001.1_2692	1	120	0.008333333333333333	0	2400	0.00020824656393169514	0.024682470801725857	40.016666666666666	0.05824650013461667
Halobacteria	NZ_CP084469.1_2367	1	120	0.008333333333333333	9	2400	0.003956684714702207	0.3785774366091882	2.106140350877193	0.47395710154846205
Halobacteria	NZ_JANJYH010000002.1_66	1	120	0.008333333333333333	0	2400	0.00020824656393169514	0.024682470801725857	40.016666666666666	0.05824650013461667
Halobacteria	LKNH01000047.1_6	1	120	0.008333333333333333	3	2400	0.0014577259475218659	0.16058892618991924	5.716666666666667	0.2522901235964191
Halobacteria	NZ_CP099997.1_209	1	120	0.008333333333333333	0	2400	0.00020824656393169514	0.024682470801725857	40.016666666666666	0.05824650013461667
Halobacteria	NZ_BBMP01000010.1_36	1	120	0.008333333333333333	13	2400	0.005622657226155768	0.4916692008826852	1.4820987654320987	0.5613389257041183
Halobacteria	PXSA01000027.1_34	1	120	0.008333333333333333	18	2400	0.0077051228654727195	0.6047335889800883	1.0815315315315315	0.6387073861138012
Halobacteria	CAJWBY010000049.1_9	1	120	0.008333333333333333	6	2400	0.0027072053311120365	0.27769310829000654	3.0782051282051284	0.3751351211390747
Halobacteria	NZ_JANHAU010000004.1_128	1	120	0.008333333333333333	13	2400	0.005622657226155768	0.4916692008826852	1.4820987654320987	0.5613389257041183
Halobacteria	NZ_JALJCL010000001.1_226	1	120	0.008333333333333333	6	2400	0.0027072053311120365	0.27769310829000654	3.0782051282051284	0.3751351211390747
Halobacteria	NZ_FNFE01000009.1_151	1	120	0.008333333333333333	11	2400	0.004789670970428988	0.4379370273375208	1.739855072463768	0.5227438802505011
Halobacteria	NZ_JALLPK010000001.1_2677	1	120	0.008333333333333333	0	2400	0.00020824656393169514	0.024682470801725857	40.016666666666666	0.05824650013461667
Halobacteria	NZ_JALLPK010000001.1_2676	1	120	0.008333333333333333	0	2400	0.00020824656393169514	0.024682470801725857	40.016666666666666	0.05824650013461667
Halobacteria	JAHEFU010000127.1_2	1	120	0.008333333333333333	14	2400	0.006039150354019159	0.5165924406880663	1.3798850574712644	0.578091540769979
Halobacteria	NZ_RKSM01000001.1_1505	1	120	0.008333333333333333	27	2400	0.011453561016243232	0.7490142181788442	0.7275757575757575	0.7694790875279929
Halobacteria	NZ_LWHG01000021.1_1033	1	120	0.008333333333333333	4	2400	0.001874219075385256	0.201577453347234	4.446296296296296	0.2911387546423559
Halobacteria	NZ_JALLPK010000001.1_3014	1	120	0.008333333333333333	0	2400	0.00020824656393169514	0.024682470801725857	40.016666666666666	0.05824650013461667
Halobacteria	JAJXYX010000082.1_17	1	120	0.008333333333333333	32	2400	0.013536026655560184	0.8051288801738946	0.6156410256410256	0.8196618924514018
Halobacteria	QNGA01000001.1_900	1	120	0.008333333333333333	14	2400	0.006039150354019159	0.5165924406880663	1.3798850574712644	0.578091540769979
Halobacteria	NZ_SOSC01000003.1_17	1	120	0.008333333333333333	13	2400	0.005622657226155768	0.4916692008826852	1.4820987654320987	0.5613389257041183
Halobacteria	PXSA01000026.1_1	1	120	0.008333333333333333	0	2400	0.00020824656393169514	0.024682470801725857	40.016666666666666	0.05824650013461667
Halobacteria	NZ_CP085302.1_141	1	120	0.008333333333333333	2	2400	0.0010412328196584756	0.1175145993604339	8.003333333333334	0.1978454747441335
Halobacteria	NZ_LWHG01000029.1_183	1	120	0.008333333333333333	3	2400	0.0014577259475218659	0.16058892618991924	5.716666666666667	0.2522901235964191
Halobacteria	NZ_JALIQP010000002.1_34	1	120	0.008333333333333333	0	2400	0.00020824656393169514	0.024682470801725857	40.016666666666666	0.05824650013461667
Halobacteria	NZ_CP085336.1_979	1	120	0.008333333333333333	0	2400	0.00020824656393169514	0.024682470801725857	40.016666666666666	0.05824650013461667
Halobacteria	NC_019964.1_1217	1	120	0.008333333333333333	17	2400	0.007288629737609329	0.5843196024704109	1.1433333333333333	0.6235690743487451
Halobacteria	NZ_SDIC01000012.1_163	1	120	0.008333333333333333	0	2400	0.00020824656393169514	0.024682470801725857	40.016666666666666	0.05824650013461667
Halobacteria	NZ_PEND01000007.1_225	1	120	0.008333333333333333	0	2400	0.00020824656393169514	0.024682470801725857	40.016666666666666	0.05824650013461667
Halobacteria	NZ_JDTH01000002.1_1217	1	120	0.008333333333333333	0	2400	0.00020824656393169514	0.024682470801725857	40.016666666666666	0.05824650013461667
Halobacteria	NZ_CP085336.1_1071	1	120	0.008333333333333333	4	2400	0.001874219075385256	0.201577453347234	4.446296296296296	0.2911387546423559
Halobacteria	NZ_PEND01000007.1_230	1	120	0.008333333333333333	8	2400	0.003540191586838817	0.3466071661135069	2.353921568627451	0.4437972047160216
Halobacteria	NZ_SDIC01000004.1_84	1	120	0.008333333333333333	0	2400	0.00020824656393169514	0.024682470801725857	40.016666666666666	0.05824650013461667
Halobacteria	NZ_PEND01000007.1_232	1	120	0.008333333333333333	0	2400	0.00020824656393169514	0.024682470801725857	40.016666666666666	0.05824650013461667
Halobacteria	NZ_PEND01000007.1_233	1	120	0.008333333333333333	0	2400	0.00020824656393169514	0.024682470801725857	40.016666666666666	0.05824650013461667
Halobacteria	NZ_JDTH01000002.1_753	1	120	0.008333333333333333	11	2400	0.004789670970428988	0.4379370273375208	1.739855072463768	0.5227438802505011
Halobacteria	NZ_JANHDJ010000004.1_382	1	120	0.008333333333333333	5	2400	0.0022907122032486465	0.24058037425684958	3.6378787878787877	0.33420524896764325
Halobacteria	NZ_JAJCVJ010000002.1_117	1	120	0.008333333333333333	0	2400	0.00020824656393169514	0.024682470801725857	40.016666666666666	0.05824650013461667
Halobacteria	NZ_CP012850.1_3338	1	120	0.008333333333333333	12	2400	0.005206164098292378	0.46547223651053127	1.6006666666666667	0.542409796264338
Halobacteria	NZ_WRXM01000001.1_417	1	120	0.008333333333333333	24	2400	0.01020408163265306	0.7079353274970466	0.8166666666666668	0.7326156416666684
Halobacteria	NZ_JALIQP010000006.1_150	1	120	0.008333333333333333	35	2400	0.014785506039150353	0.8326232698415834	0.5636150234741785	0.8438446077100684
Halobacteria	JADFQH010000072.1_5	1	120	0.008333333333333333	8	2400	0.003540191586838817	0.3466071661135069	2.353921568627451	0.4437972047160216
Halobacteria	NZ_JAJCVI010000004.1_383	1	120	0.008333333333333333	14	2400	0.006039150354019159	0.5165924406880663	1.3798850574712644	0.578091540769979
Halobacteria	NZ_CP085301.1_3466	1	120	0.008333333333333333	0	2400	0.00020824656393169514	0.024682470801725857	40.016666666666666	0.05824650013461667
Halobacteria	NZ_CP100762.1_2006	1	120	0.008333333333333333	9	2400	0.003956684714702207	0.3785774366091882	2.106140350877193	0.47395710154846205
Halobacteria	NZ_CP085301.1_3465	1	120	0.008333333333333333	0	2400	0.00020824656393169514	0.024682470801725857	40.016666666666666	0.05824650013461667
Halobacteria	NZ_CP085301.1_3459	1	120	0.008333333333333333	0	2400	0.00020824656393169514	0.024682470801725857	40.016666666666666	0.05824650013461667
Halobacteria	NZ_CP085301.1_3454	1	120	0.008333333333333333	0	2400	0.00020824656393169514	0.024682470801725857	40.016666666666666	0.05824650013461667
Halobacteria	QNGA01000001.1_774	1	120	0.008333333333333333	6	2400	0.0027072053311120365	0.27769310829000654	3.0782051282051284	0.3751351211390747
Halobacteria	NZ_CP100454.1_40	1	120	0.008333333333333333	0	2400	0.00020824656393169514	0.024682470801725857	40.016666666666666	0.05824650013461667
Halobacteria	NZ_JDTH01000002.1_1230	1	120	0.008333333333333333	0	2400	0.00020824656393169514	0.024682470801725857	40.016666666666666	0.05824650013461667
Halobacteria	NZ_CP044523.1_2527	1	120	0.008333333333333333	4	2400	0.001874219075385256	0.201577453347234	4.446296296296296	0.2911387546423559
Halobacteria	NZ_WUUT01000001.1_263	1	120	0.008333333333333333	11	2400	0.004789670970428988	0.4379370273375208	1.739855072463768	0.5227438802505011
Halobacteria	CAJWBY010000113.1_4	1	120	0.008333333333333333	4	2400	0.001874219075385256	0.201577453347234	4.446296296296296	0.2911387546423559
Halobacteria	NZ_QLVG01000046.1_18	1	120	0.008333333333333333	7	2400	0.003123698458975427	0.3130065263885884	2.667777777777778	0.41488996682294677
Halobacteria	NZ_CSTE01000002.1_1370	1	120	0.008333333333333333	1	2400	0.0006247396917950854	0.07224926866638336	13.338888888888887	0.13582862509280072
Halobacteria	NZ_AOIJ01000034.1_25	1	120	0.008333333333333333	2	2400	0.0010412328196584756	0.1175145993604339	8.003333333333334	0.1978454747441335
Halobacteria	NZ_AOJG01000012.1_151	1	120	0.008333333333333333	18	2400	0.0077051228654727195	0.6047335889800883	1.0815315315315315	0.6387073861138012
Halobacteria	NZ_AQXI01000001.1_885	1	120	0.008333333333333333	0	2400	0.00020824656393169514	0.024682470801725857	40.016666666666666	0.05824650013461667
Halobacteria	NZ_FTNO01000001.1_721	1	120	0.008333333333333333	17	2400	0.007288629737609329	0.5843196024704109	1.1433333333333333	0.6235690743487451
Halobacteria	NZ_QLVG01000056.1_8	1	120	0.008333333333333333	0	2400	0.00020824656393169514	0.024682470801725857	40.016666666666666	0.05824650013461667
Halobacteria	NZ_QLVG01000056.1_9	1	120	0.008333333333333333	0	2400	0.00020824656393169514	0.024682470801725857	40.016666666666666	0.05824650013461667
Halobacteria	NZ_CP085307.1_214	1	120	0.008333333333333333	28	2400	0.011870054144106622	0.7613907228469576	0.702046783625731	0.7800624299467468
Halobacteria	NZ_JDTH01000002.1_1833	1	120	0.008333333333333333	2	2400	0.0010412328196584756	0.1175145993604339	8.003333333333334	0.1978454747441335
Halobacteria	NZ_FOTC01000003.1_297	1	120	0.008333333333333333	11	2400	0.004789670970428988	0.4379370273375208	1.739855072463768	0.5227438802505011
Halobacteria	NZ_RKLT01000001.1_1075	1	120	0.008333333333333333	18	2400	0.0077051228654727195	0.6047335889800883	1.0815315315315315	0.6387073861138012
Halobacteria	NZ_SOSC01000013.1_20	1	120	0.008333333333333333	8	2400	0.003540191586838817	0.3466071661135069	2.353921568627451	0.4437972047160216
Halobacteria	NZ_JDTH01000002.1_1233	1	120	0.008333333333333333	0	2400	0.00020824656393169514	0.024682470801725857	40.016666666666666	0.05824650013461667
Halobacteria	NZ_JDTH01000002.1_1232	1	120	0.008333333333333333	0	2400	0.00020824656393169514	0.024682470801725857	40.016666666666666	0.05824650013461667
Halobacteria	SZNP01000007.1_55	1	120	0.008333333333333333	12	2400	0.005206164098292378	0.46547223651053127	1.6006666666666667	0.542409796264338
Halobacteria	NZ_PEND01000007.1_216	1	120	0.008333333333333333	6	2400	0.0027072053311120365	0.27769310829000654	3.0782051282051284	0.3751351211390747
Halobacteria	NZ_JAMZIE010000002.1_574	1	120	0.008333333333333333	20	2400	0.0085381091211995	0.6426258870257745	0.9760162601626016	0.6724322825278977
Halobacteria	NZ_MWLL01000189.1_36	1	120	0.008333333333333333	11	2400	0.004789670970428988	0.4379370273375208	1.739855072463768	0.5227438802505011
Halobacteria	JAFGCY010000091.1_31	1	120	0.008333333333333333	10	2400	0.004373177842565598	0.40899581395308504	1.9055555555555554	0.5009199545484038
Halobacteria	NZ_AOJN01000048.1_42	1	120	0.008333333333333333	15	2400	0.006455643481882549	0.5403033905696767	1.2908602150537634	0.592285932519529
Halobacteria	NZ_CP085301.1_3088	1	120	0.008333333333333333	4	2400	0.001874219075385256	0.201577453347234	4.446296296296296	0.2911387546423559
Halobacteria	NZ_CP085336.1_978	1	120	0.008333333333333333	0	2400	0.00020824656393169514	0.024682470801725857	40.016666666666666	0.05824650013461667
Halobacteria	NZ_CP100355.1_1996	1	120	0.008333333333333333	4	2400	0.001874219075385256	0.201577453347234	4.446296296296296	0.2911387546423559
Halobacteria	NZ_FOTC01000003.1_322	1	120	0.008333333333333333	15	2400	0.006455643481882549	0.5403033905696767	1.2908602150537634	0.592285932519529
Halobacteria	JADKAQ010000001.1_406	1	120	0.008333333333333333	9	2400	0.003956684714702207	0.3785774366091882	2.106140350877193	0.47395710154846205
Halobacteria	NZ_CP095491.1_3759	1	120	0.008333333333333333	0	2400	0.00020824656393169514	0.024682470801725857	40.016666666666666	0.05824650013461667
Halobacteria	NZ_QQTY01000002.1_936	1	120	0.008333333333333333	1	2400	0.0006247396917950854	0.07224926866638336	13.338888888888887	0.13582862509280072
Halobacteria	NZ_CP095491.1_3761	1	120	0.008333333333333333	0	2400	0.00020824656393169514	0.024682470801725857	40.016666666666666	0.05824650013461667
Halobacteria	NZ_CP095491.1_3772	1	120	0.008333333333333333	0	2400	0.00020824656393169514	0.024682470801725857	40.016666666666666	0.05824650013461667
Halobacteria	NZ_CP096659.1_3230	1	120	0.008333333333333333	5	2400	0.0022907122032486465	0.24058037425684958	3.6378787878787877	0.33420524896764325
Halobacteria	NZ_CP095491.1_3775	1	120	0.008333333333333333	0	2400	0.00020824656393169514	0.024682470801725857	40.016666666666666	0.05824650013461667
Halobacteria	NZ_WUYX01000003.1_80	1	120	0.008333333333333333	4	2400	0.001874219075385256	0.201577453347234	4.446296296296296	0.2911387546423559
Halobacteria	NZ_CP099997.1_906	1	120	0.008333333333333333	0	2400	0.00020824656393169514	0.024682470801725857	40.016666666666666	0.05824650013461667
Halobacteria	NZ_JAJCVJ010000001.1_1703	1	120	0.008333333333333333	48	2400	0.020199916701374426	0.9136034013484728	0.4125429553264605	0.9168546590045172
Halobacteria	NZ_CP085336.1_1263	1	120	0.008333333333333333	4	2400	0.001874219075385256	0.201577453347234	4.446296296296296	0.2911387546423559
Halobacteria	NZ_CP100355.1_2551	1	120	0.008333333333333333	1	2400	0.0006247396917950854	0.07224926866638336	13.338888888888887	0.13582862509280072
Halobacteria	PXRE01000026.1_7	1	120	0.008333333333333333	3	2400	0.0014577259475218659	0.16058892618991924	5.716666666666667	0.2522901235964191
Halobacteria	NZ_CP101156.1_2632	1	120	0.008333333333333333	3	2400	0.0014577259475218659	0.16058892618991924	5.716666666666667	0.2522901235964191
Halobacteria	NZ_JAJCVJ010000004.1_118	1	120	0.008333333333333333	13	2400	0.005622657226155768	0.4916692008826852	1.4820987654320987	0.5613389257041183
Halobacteria	NZ_JANHDP010000006.1_10	1	120	0.008333333333333333	11	2400	0.004789670970428988	0.4379370273375208	1.739855072463768	0.5227438802505011
Halobacteria	NZ_JADDKQ010000003.1_221	1	120	0.008333333333333333	1	2400	0.0006247396917950854	0.07224926866638336	13.338888888888887	0.13582862509280072
Halobacteria	NZ_KB913017.1_3340	1	120	0.008333333333333333	1	2400	0.0006247396917950854	0.07224926866638336	13.338888888888887	0.13582862509280072
Halobacteria	NZ_JADDKQ010000020.1_100	1	120	0.008333333333333333	12	2400	0.005206164098292378	0.46547223651053127	1.6006666666666667	0.542409796264338
Halobacteria	NZ_KB913017.1_3342	1	120	0.008333333333333333	3	2400	0.0014577259475218659	0.16058892618991924	5.716666666666667	0.2522901235964191
Halobacteria	NZ_CP100762.1_1203	1	120	0.008333333333333333	1	2400	0.0006247396917950854	0.07224926866638336	13.338888888888887	0.13582862509280072
Halobacteria	NZ_CP101156.1_508	1	120	0.008333333333333333	4	2400	0.001874219075385256	0.201577453347234	4.446296296296296	0.2911387546423559
Halobacteria	NZ_ML974134.1_239	1	120	0.008333333333333333	1	2400	0.0006247396917950854	0.07224926866638336	13.338888888888887	0.13582862509280072
Halobacteria	NZ_JADDKQ010000005.1_30	1	120	0.008333333333333333	4	2400	0.001874219075385256	0.201577453347234	4.446296296296296	0.2911387546423559
Halobacteria	NZ_FTNO01000001.1_812	1	120	0.008333333333333333	0	2400	0.00020824656393169514	0.024682470801725857	40.016666666666666	0.05824650013461667
Halobacteria	NZ_FTNO01000001.1_810	1	120	0.008333333333333333	0	2400	0.00020824656393169514	0.024682470801725857	40.016666666666666	0.05824650013461667
Halobacteria	NZ_FTNO01000001.1_14	1	120	0.008333333333333333	0	2400	0.00020824656393169514	0.024682470801725857	40.016666666666666	0.05824650013461667
Halobacteria	NZ_CP095757.1_420	1	120	0.008333333333333333	5	2400	0.0022907122032486465	0.24058037425684958	3.6378787878787877	0.33420524896764325
Halobacteria	PXRK01000054.1_4	1	120	0.008333333333333333	1	2400	0.0006247396917950854	0.07224926866638336	13.338888888888887	0.13582862509280072
Halobacteria	NZ_RDFA01000002.1_243	1	120	0.008333333333333333	1	2400	0.0006247396917950854	0.07224926866638336	13.338888888888887	0.13582862509280072
Halobacteria	NZ_JALJCL010000020.1_18	1	120	0.008333333333333333	1	2400	0.0006247396917950854	0.07224926866638336	13.338888888888887	0.13582862509280072
Halobacteria	CAJWBY010000036.1_7	1	120	0.008333333333333333	33	2400	0.013952519783423574	0.8147580627412074	0.5972636815920398	0.8279703556505243
Halobacteria	NZ_WUUT01000004.1_123	1	120	0.008333333333333333	2	2400	0.0010412328196584756	0.1175145993604339	8.003333333333334	0.1978454747441335
Halobacteria	NZ_CP100762.1_1267	1	120	0.008333333333333333	10	2400	0.004373177842565598	0.40899581395308504	1.9055555555555554	0.5009199545484038
Halobacteria	CP094974.1_2027	1	120	0.008333333333333333	0	2400	0.00020824656393169514	0.024682470801725857	40.016666666666666	0.05824650013461667
Halobacteria	CP046181.1_1687	1	120	0.008333333333333333	1	2400	0.0006247396917950854	0.07224926866638336	13.338888888888887	0.13582862509280072
Halobacteria	NZ_CP100400.1_1814	1	120	0.008333333333333333	0	2400	0.00020824656393169514	0.024682470801725857	40.016666666666666	0.05824650013461667
Halobacteria	NZ_CP100000.1_3960	1	120	0.008333333333333333	0	2400	0.00020824656393169514	0.024682470801725857	40.016666666666666	0.05824650013461667
Halobacteria	NZ_CP100400.1_1811	1	120	0.008333333333333333	0	2400	0.00020824656393169514	0.024682470801725857	40.016666666666666	0.05824650013461667
Halobacteria	CP094974.1_4727	1	120	0.008333333333333333	2	2400	0.0010412328196584756	0.1175145993604339	8.003333333333334	0.1978454747441335
Halobacteria	NZ_CP095757.1_181	1	120	0.008333333333333333	45	2400	0.018950437317784258	0.899326811881431	0.43974358974358974	0.9049425903677558
Halobacteria	NZ_CP100762.1_1196	1	120	0.008333333333333333	23	2400	0.009787588504789672	0.6928122688610686	0.8514184397163119	0.7176237275255145
Halobacteria	NZ_JALXFV010000003.1_266	1	120	0.008333333333333333	22	2400	0.009371095376926281	0.6769129998990706	0.8892592592592592	0.7043891733267081
Halobacteria	NZ_CP085302.1_87	1	120	0.008333333333333333	5	2400	0.0022907122032486465	0.24058037425684958	3.6378787878787877	0.33420524896764325
Halobacteria	NZ_CP085335.1_293	1	120	0.008333333333333333	19	2400	0.00812161599333611	0.6241529941151327	1.026068376068376	0.6567580012704008
Halobacteria	JAHENP010000151.1_6	1	120	0.008333333333333333	0	2400	0.00020824656393169514	0.024682470801725857	40.016666666666666	0.05824650013461667
Nitrososphaeria	NZ_JAALLS010000006.1_3	114	141	0.8085106382978723	22	2820	0.007975895072669267	3.5130165275491543e-211	101.36926713947989	2.6453014452445133e-208
Nitrososphaeria	NZ_CP017922.1_1594	102	141	0.723404255319149	28	2820	0.010102800425381071	1.8559863817685298e-169	71.60432997387085	6.987788727358515e-167
Nitrososphaeria	NZ_CP030846.1_1193	97	141	0.6879432624113475	25	2820	0.009039347749025168	2.780671216008053e-162	76.1054095397024	6.979484752180214e-160
Nitrososphaeria	NZ_BBMP01000022.1_275	92	141	0.6524822695035462	25	2820	0.009039347749025168	1.489114169336662e-150	72.18245028507857	2.8032574237762666e-148
Nitrososphaeria	CAJQMY010000047.1_9	88	141	0.624113475177305	22	2820	0.007975895072669267	3.5764614729238733e-146	78.24996059889676	4.488459148519461e-144
Nitrososphaeria	RKRY01000155.1_10	87	141	0.6170212765957447	20	2820	0.007266926621765332	2.288850029969627e-147	84.90814737934613	3.447008145134258e-145
Nitrososphaeria	NZ_CP072036.1_1276	75	141	0.5319148936170213	18	2820	0.006557958170861397	1.6572769810031217e-123	81.10983323749281	1.782756523850501e-121
Nitrososphaeria	NZ_MWLL01000170.1_8	67	141	0.475177304964539	19	2820	0.0069124423963133645	1.708131592625754e-104	68.74231678486997	1.6077788615589911e-102
Nitrososphaeria	UYNY01000031.1_96	58	141	0.41134751773049644	17	2820	0.00620347394540943	1.1571791610127216e-88	66.30921985815603	9.681732313806438e-87
Nitrososphaeria	JADFLH010000008.1_14	55	141	0.3900709219858156	18	2820	0.006557958170861397	2.960085477795539e-81	59.48054437416139	2.2289443647800406e-79
Nitrososphaeria	NZ_JALIQP010000001.1_930	49	141	0.3475177304964539	17	2820	0.00620347394540943	9.884512785548321e-71	56.01985815602836	6.766398297743533e-69
Nitrososphaeria	NZ_MWLL01000079.1_22	45	141	0.3191489361702128	19	2820	0.0069124423963133645	5.066652955494925e-61	46.170212765957444	2.9347612888366757e-59
Nitrososphaeria	WHSX01000054.1_4	36	141	0.2553191489361702	5	2820	0.0019496632399858206	1.0611460888106226e-64	130.95551257253385	6.658691707286657e-63
Nitrososphaeria	JABSRD010000008.1_102	34	141	0.24113475177304963	10	2820	0.0037220843672456576	9.076566361891316e-51	64.78486997635933	4.881896050360115e-49
Nitrososphaeria	DP000238.1_1234	33	141	0.23404255319148937	47	2820	0.016838000708968452	8.182403797325332e-28	13.8996640537514	3.0806750296929873e-26
Nitrososphaeria	JAGQHF010000041.1_3	29	141	0.20567375886524822	7	2820	0.0026586316908897554	1.6837207831210982e-45	77.36075650118202	8.452278331267913e-44
Nitrososphaeria	NZ_JAALLS010000004.1_50	29	141	0.20567375886524822	18	2820	0.006557958170861397	2.5906695982921673e-34	31.36246885183055	1.1475142397141188e-32
Nitrososphaeria	NZ_JAAOIR010000001.1_15	28	141	0.19858156028368795	28	2820	0.010102800425381071	1.2282716015119614e-27	19.656090581062585	4.4042310282786046e-26
Nitrososphaeria	JAGQHF010000020.1_2	25	141	0.1773049645390071	18	2820	0.006557958170861397	4.547792028394967e-28	27.03661107916427	1.802361788095479e-26
Nitrososphaeria	RHFA01000120.1_3	24	141	0.1702127659574468	25	2820	0.009039347749025168	2.4639817672055314e-23	18.83020442219441	8.433537594117115e-22
Nitrososphaeria	JABDOO010000027.1_1	24	141	0.1702127659574468	8	2820	0.003013115916341723	1.7221356692397056e-34	56.490613266583225	8.104800993359365e-33
Nitrososphaeria	NZ_CBTY010000008.1_463	24	141	0.1702127659574468	162	2820	0.0576036866359447	1.8462938555323668e-06	2.9548936170212765	2.8372638228895354e-05
Nitrososphaeria	NZ_CP011070.1_1799	21	141	0.14893617021276595	6	2820	0.002304147465437788	1.7481915557234036e-31	64.63829787234042	7.313268008109572e-30
Nitrososphaeria	JACNFV010000162.1_5	19	141	0.1347517730496454	21	2820	0.007621410847217299	3.739286017926793e-18	17.68068612897905	1.2242097267386413e-16
Nitrososphaeria	OMIR01000063.1_9	16	141	0.11347517730496454	23	2820	0.008330379298121233	9.705516389011044e-14	13.621850007544893	2.610090657473327e-12
Nitrososphaeria	NZ_LQMW01000022.1_117	16	141	0.11347517730496454	17	2820	0.00620347394540943	1.1158865053000785e-15	18.29219858156028	3.3610501539638364e-14
Nitrososphaeria	JAKUOP010000010.1_23	15	141	0.10638297872340426	17	2820	0.00620347394540943	2.2777424281711252e-14	17.148936170212764	6.352370549677249e-13
Nitrososphaeria	JACDHC010000112.1_9	13	141	0.09219858156028368	13	2820	0.00478553704360156	3.088737851693099e-13	19.266088783819278	8.020067594223806e-12
Nitrososphaeria	JAHEXS010000001.1_27	13	141	0.09219858156028368	15	2820	0.005494505494505495	1.7104167398247227e-12	16.780141843971627	4.293146016960054e-11
Nitrososphaeria	JOSY01000048.1_19	11	141	0.07801418439716312	3	2820	0.0012406947890818859	6.801132623065897e-17	62.87943262411348	2.133855360486925e-15
Nitrososphaeria	DTTB01000133.1_19	11	141	0.07801418439716312	18	2820	0.006557958170861397	3.2469667369527704e-09	11.89610887483228	6.608016088987666e-08
Nitrososphaeria	NZ_RKLT01000003.1_24	11	141	0.07801418439716312	15	2820	0.005494505494505495	5.263665481745324e-10	14.198581560283687	1.1324400307869225e-08
Nitrososphaeria	JAHRAJ010000002.1_16	11	141	0.07801418439716312	19	2820	0.0069124423963133645	5.554174302714723e-09	11.286052009456265	1.1006034868274176e-07
Nitrososphaeria	JAJETY010000014.1_40	10	141	0.07092198581560284	22	2820	0.007975895072669267	2.489395071482034e-07	8.89204097714736	4.260260201877209e-06
Nitrososphaeria	NZ_MU078716.1_75	9	141	0.06382978723404255	9	2820	0.00336760014179369	1.7468572849187069e-09	18.954087346024636	3.653843154288295e-08
Nitrososphaeria	NZ_CP026993.1_679	9	141	0.06382978723404255	7	2820	0.0026586316908897554	2.2638027126772068e-10	24.00851063829787	5.013657184252755e-09
Nitrososphaeria	JABJDB010000109.1_9	9	141	0.06382978723404255	2	2820	0.0008862105636299185	1.4195239488685121e-14	72.0255319148936	4.111159744223037e-13
Nitrososphaeria	NZ_CP024808.1_294	9	141	0.06382978723404255	7	2820	0.0026586316908897554	2.2638027126772068e-10	24.00851063829787	5.013657184252755e-09
Nitrososphaeria	CACLNC010000005.1_16	7	141	0.04964539007092199	5	2820	0.0019496632399858206	1.6104196139172327e-08	25.463571889103804	3.0316149231991903e-07
Nitrososphaeria	NZ_JANHDJ010000006.1_208	7	141	0.04964539007092199	21	2820	0.007621410847217299	0.00011592464392871578	6.513936994887019	0.0013225948011867117
Nitrososphaeria	NZ_CP011070.1_967	7	141	0.04964539007092199	10	2820	0.0037220843672456576	1.209867640858712e-06	13.33806146572104	1.8979798615971045e-05
Nitrososphaeria	JAGQHF010000155.1_5	7	141	0.04964539007092199	2	2820	0.0008862105636299185	7.312319408896508e-11	56.01985815602837	1.7761859725480874e-09
Nitrososphaeria	CABXQD010000010.1_29	6	141	0.0425531914893617	23	2820	0.008330379298121233	0.0012575119794880118	5.108193752829335	0.010292462179939923
Nitrososphaeria	NZ_MU078723.1_299	6	141	0.0425531914893617	27	2820	0.009748316199929103	0.002748060805778721	4.365183752417795	0.01952160176180544
Nitrososphaeria	VHBK01000024.1_12	6	141	0.0425531914893617	1	2820	0.0005317263381779511	2.0825077361090644e-10	80.02836879432624	4.900401016531643e-09
Nitrososphaeria	JACZUQ010000014.1_5	6	141	0.0425531914893617	34	2820	0.012229705778092875	0.00808831718009887	3.4794942954054884	0.041212316049894344
Nitrososphaeria	JACASW010000013.1_18	6	141	0.0425531914893617	4	2820	0.0015951790145338532	1.342643243244529e-07	26.67612293144208	2.4071675289598344e-06
Nitrososphaeria	JAKUOP010000015.1_44	5	141	0.03546099290780142	2	2820	0.0008862105636299185	2.1374312930247856e-07	40.01418439716312	3.7429901480178223e-06
Nitrososphaeria	VHBH01000001.1_45	5	141	0.03546099290780142	33	2820	0.011875221552640907	0.027165911354803257	2.9861331639673976	0.044958090659707364
Nitrososphaeria	UYNY01000093.1_15	5	141	0.03546099290780142	30	2820	0.010811768876285006	0.01909464551723496	3.279851180095338	0.041212316049894344
Nitrososphaeria	UYNY01000031.1_155	5	141	0.03546099290780142	30	2820	0.010811768876285006	0.01909464551723496	3.279851180095338	0.041212316049894344
Nitrososphaeria	NZ_QURE01000004.1_20	5	141	0.03546099290780142	32	2820	0.01152073732718894	0.02426979661148762	3.0780141843971633	0.041212316049894344
Nitrososphaeria	JAHFUM010000012.1_38	5	141	0.03546099290780142	3	2820	0.0012406947890818859	1.1044082956339877e-06	28.581560283687946	1.807868362200854e-05
Nitrososphaeria	JACZSC010000088.1_6	5	141	0.03546099290780142	3	2820	0.0012406947890818859	1.1044082956339877e-06	28.581560283687946	1.807868362200854e-05
Nitrososphaeria	NZ_CP011070.1_981	5	141	0.03546099290780142	1	2820	0.0005317263381779511	1.730080463807043e-08	66.6903073286052	3.177440461577325e-07
Nitrososphaeria	CAJQSE010000010.1_23	5	141	0.03546099290780142	30	2820	0.010811768876285006	0.01909464551723496	3.279851180095338	0.041212316049894344
Nitrososphaeria	PAAH01000002.1_7	5	141	0.03546099290780142	23	2820	0.008330379298121233	0.006816778134704163	4.256828127357779	0.041212316049894344
Nitrososphaeria	NZ_CP067007.1_662	5	141	0.03546099290780142	26	2820	0.009393831974477136	0.011051491175445963	3.7749230563361436	0.041212316049894344
Nitrososphaeria	JACZTB010000009.1_59	5	141	0.03546099290780142	29	2820	0.010457284650833037	0.016804902320564297	3.3910325760307733	0.041212316049894344
Nitrososphaeria	JABHJJ010000102.1_15	5	141	0.03546099290780142	10	2820	0.0037220843672456576	0.000202936158306237	9.527186761229315	0.0022807601075312905
Nitrososphaeria	LDXL01000008.1_147	5	141	0.03546099290780142	36	2820	0.01293867422899681	0.03714069020688677	2.740697561449529	0.06079769505605595
Nitrososphaeria	RKRU01000181.1_14	5	141	0.03546099290780142	23	2820	0.008330379298121233	0.006816778134704163	4.256828127357779	0.041212316049894344
Nitrososphaeria	PAAH01000015.1_47	5	141	0.03546099290780142	7	2820	0.0026586316908897554	4.252467386587426e-05	13.338061465721042	0.0005427301596780224
Nitrososphaeria	RKRY01000001.1_1	5	141	0.03546099290780142	33	2820	0.011875221552640907	0.027165911354803257	2.9861331639673976	0.044958090659707364
Nitrososphaeria	JACASW010000013.1_22	5	141	0.03546099290780142	5	2820	0.0019496632399858206	9.768860706324184e-06	18.188265635074146	0.00012682676054934672
Nitrososphaeria	JAHFUX010000006.1_8	5	141	0.03546099290780142	24	2820	0.008684863523573201	0.008072986690979021	4.083080040526849	0.041212316049894344
Nitrososphaeria	JALDAN010000001.1_53	5	141	0.03546099290780142	28	2820	0.010102800425381071	0.01470566683996278	3.5100161751897474	0.041212316049894344
Nitrososphaeria	NZ_RDFA01000003.1_60	5	141	0.03546099290780142	31	2820	0.011166253101736972	0.021581066355873913	3.175728920409772	0.041212316049894344
Nitrososphaeria	NZ_CP099997.1_1197	5	141	0.03546099290780142	30	2820	0.010811768876285006	0.01909464551723496	3.279851180095338	0.041212316049894344
Nitrososphaeria	NZ_CP017922.1_2058	5	141	0.03546099290780142	32	2820	0.01152073732718894	0.02426979661148762	3.0780141843971633	0.041212316049894344
Nitrososphaeria	NZ_QURE01000117.1_8	5	141	0.03546099290780142	32	2820	0.01152073732718894	0.02426979661148762	3.0780141843971633	0.041212316049894344
Nitrososphaeria	JAATVR010000280.1_5	5	141	0.03546099290780142	25	2820	0.009039347749025168	0.009481750617248685	3.922959254623836	0.041212316049894344
Nitrososphaeria	VYCS01000032.1_26	5	141	0.03546099290780142	28	2820	0.010102800425381071	0.01470566683996278	3.5100161751897474	0.041212316049894344
Nitrososphaeria	JAHEFU010000237.1_6	4	141	0.028368794326241134	4	2820	0.0015951790145338532	8.58161949659973e-05	17.78408195429472	0.0009941476124522457
Nitrososphaeria	JAEHKV010000059.1_17	4	141	0.028368794326241134	0	2820	0.0001772421127259837	1.5270869752781347e-08	160.05673758865248	2.948452544575475e-07
Nitrososphaeria	NZ_CP011070.1_977	4	141	0.028368794326241134	15	2820	0.005494505494505495	0.007926193549340684	5.163120567375886	0.041212316049894344
Nitrososphaeria	JADDOQ010000060.1_9	4	141	0.028368794326241134	4	2820	0.0015951790145338532	8.58161949659973e-05	17.78408195429472	0.0009941476124522457
Nitrososphaeria	WHTU01000019.1_56	4	141	0.028368794326241134	23	2820	0.008330379298121233	0.03096966999557885	3.4054625018862232	0.05102879979577872
Nitrososphaeria	NZ_CP007026.1_597	4	141	0.028368794326241134	8	2820	0.003013115916341723	0.0009364985163327797	9.415102211097205	0.007749267942841573
Nitrososphaeria	JAAUVF010000019.1_1	4	141	0.028368794326241134	20	2820	0.007266926621765332	0.02007351244821759	3.9038228680159137	0.041212316049894344
Nitrososphaeria	JABDKK010000050.1_8	4	141	0.028368794326241134	64	2820	0.022864232541651895	0.4033564874986413	1.2407499037880039	0.4821070398198046
Nitrososphaeria	JABDKK010000192.1_11	4	141	0.028368794326241134	20	2820	0.007266926621765332	0.02007351244821759	3.9038228680159137	0.041212316049894344
Nitrososphaeria	JADFLH010000023.1_17	4	141	0.028368794326241134	25	2820	0.009039347749025168	0.03984207452058935	3.1383674036990685	0.06507826922777392
Nitrososphaeria	JAENJF010000025.1_8	4	141	0.028368794326241134	4	2820	0.0015951790145338532	8.58161949659973e-05	17.78408195429472	0.0009941476124522457
Nitrososphaeria	NZ_CP067007.1_1173	4	141	0.028368794326241134	18	2820	0.006557958170861397	0.014357026770088474	4.325857772666283	0.041212316049894344
Nitrososphaeria	JADKAQ010000004.1_57	4	141	0.028368794326241134	32	2820	0.01152073732718894	0.08109054881105636	2.4624113475177305	0.11224482215942176
Nitrososphaeria	VMDM01000024.1_19	4	141	0.028368794326241134	4	2820	0.0015951790145338532	8.58161949659973e-05	17.78408195429472	0.0009941476124522457
Nitrososphaeria	JABJDB010000039.1_13	4	141	0.028368794326241134	9	2820	0.00336760014179369	0.001406257322180626	8.424038820455394	0.011386147995720554
Nitrososphaeria	NZ_CP021324.1_637	4	141	0.028368794326241134	1	2820	0.0005317263381779511	1.1898666348289104e-06	53.35224586288416	1.8979798615971045e-05
Nitrososphaeria	NZ_CP011097.1_1658	4	141	0.028368794326241134	16	2820	0.005848989719957462	0.009799257818392682	4.850204169353105	0.041212316049894344
Nitrososphaeria	NZ_CP100454.1_1650	4	141	0.028368794326241134	35	2820	0.012584190003544842	0.1033954692336836	2.2543202477274997	0.14285649235406192
Nitrososphaeria	WHTU01000034.1_33	3	141	0.02127659574468085	0	2820	0.0001772421127259837	2.500050761155394e-06	120.04255319148936	3.3026986371052834e-05
Nitrososphaeria	JADDOQ010000026.1_25	3	141	0.02127659574468085	0	2820	0.0001772421127259837	2.500050761155394e-06	120.04255319148936	3.3026986371052834e-05
Nitrososphaeria	QQVN01000005.1_406	3	141	0.02127659574468085	74	2820	0.02640907479617157	0.722409420284333	0.8056547194059689	0.7586810229764334
Nitrososphaeria	JACDHC010000052.1_6	3	141	0.02127659574468085	0	2820	0.0001772421127259837	2.500050761155394e-06	120.04255319148936	3.3026986371052834e-05
Nitrososphaeria	JOSY01000060.1_11	3	141	0.02127659574468085	166	2820	0.05902162353775257	0.990837007917317	0.3604881477221903	0.990837007917317
Nitrososphaeria	BFAR01000126.1_12	3	141	0.02127659574468085	0	2820	0.0001772421127259837	2.500050761155394e-06	120.04255319148936	3.3026986371052834e-05
Nitrososphaeria	ARWO01000032.1_172	3	141	0.02127659574468085	7	2820	0.0026586316908897554	0.006541484666903913	8.002836879432625	0.041212316049894344
Nitrososphaeria	JACATG010000018.1_15	3	141	0.02127659574468085	3	2820	0.0012406947890818859	0.000768512041252924	17.148936170212764	0.006429884078482797
Nitrososphaeria	PFRJ01000057.1_1	3	141	0.02127659574468085	34	2820	0.012229705778092875	0.2487735004264242	1.7397471477027442	0.3065899276941038
Nitrososphaeria	JADDOW010000025.1_6	3	141	0.02127659574468085	0	2820	0.0001772421127259837	2.500050761155394e-06	120.04255319148936	3.3026986371052834e-05
Nitrososphaeria	JACZSC010000018.1_13	3	141	0.02127659574468085	23	2820	0.008330379298121233	0.1143094356209836	2.5540968764146674	0.1552407058382663
Nitrososphaeria	JACEMX010000015.1_16	3	141	0.02127659574468085	12	2820	0.004431052818149593	0.02531460703165229	4.801702127659574	0.042079247449965065
Nitrososphaeria	NZ_QURE01000019.1_38	3	141	0.02127659574468085	38	2820	0.013647642679900745	0.30270310112109594	1.5589941972920696	0.36882756495822855
Nitrososphaeria	CACDFH010000003.1_63	3	141	0.02127659574468085	0	2820	0.0001772421127259837	2.500050761155394e-06	120.04255319148936	3.3026986371052834e-05
Nitrososphaeria	QOOS01000007.1_41	3	141	0.02127659574468085	13	2820	0.00478553704360156	0.030774293623136932	4.446020488573679	0.050818076969785325
Nitrososphaeria	VMDM01000036.1_7	3	141	0.02127659574468085	12	2820	0.004431052818149593	0.02531460703165229	4.801702127659574	0.042079247449965065
Nitrososphaeria	JAENJF010000071.1_13	3	141	0.02127659574468085	37	2820	0.013293158454448777	0.28912430542654355	1.6005673758865249	0.3528534878220215
Nitrososphaeria	JAHELP010000012.1_36	3	141	0.02127659574468085	1	2820	0.0005317263381779511	6.5074878387932e-05	40.01418439716312	0.0008033013676411935
Nitrososphaeria	JABFSW010000086.1_4	3	141	0.02127659574468085	0	2820	0.0001772421127259837	2.500050761155394e-06	120.04255319148936	3.3026986371052834e-05
Nitrososphaeria	CACDFH010000003.1_62	3	141	0.02127659574468085	0	2820	0.0001772421127259837	2.500050761155394e-06	120.04255319148936	3.3026986371052834e-05
Nitrososphaeria	NZ_MU078698.1_76	3	141	0.02127659574468085	1	2820	0.0005317263381779511	6.5074878387932e-05	40.01418439716312	0.0008033013676411935
Nitrososphaeria	JABJDB010000040.1_16	3	141	0.02127659574468085	34	2820	0.012229705778092875	0.2487735004264242	1.7397471477027442	0.3065899276941038
Nitrososphaeria	NZ_MU078723.1_324	3	141	0.02127659574468085	43	2820	0.015420063807160581	0.3707283317911396	1.379799461971142	0.446653494141965
Nitrososphaeria	NZ_FNFE01000004.1_90	2	141	0.014184397163120567	16	2820	0.005848989719957462	0.19992799376001436	2.4251020846765523	0.25465991270799176
Nitrososphaeria	JAHCGZ010000007.1_44	2	141	0.014184397163120567	0	2820	0.0001772421127259837	0.0003050175335108417	80.02836879432624	0.0025806539632995933
Nitrososphaeria	JACZUQ010000001.1_44	2	141	0.014184397163120567	3	2820	0.0012406947890818859	0.013553597322757767	11.432624113475176	0.041212316049894344
Nitrososphaeria	NZ_CP026995.1_509	2	141	0.014184397163120567	26	2820	0.009393831974477136	0.3823812257504166	1.5099692225344572	0.4577632162004192
Nitrososphaeria	UYNY01000031.1_104	2	141	0.014184397163120567	12	2820	0.004431052818149593	0.1298461960435457	3.2011347517730493	0.1709338909454369
Nitrososphaeria	LKNH01000067.1_5	2	141	0.014184397163120567	14	2820	0.0051400212690535275	0.16419946554950682	2.759598923942284	0.2120792410956752
Nitrososphaeria	JOSY01000033.1_28	2	141	0.014184397163120567	1	2820	0.0005317263381779511	0.0026567840961990675	26.67612293144208	0.01905293737559903
Nitrososphaeria	NZ_AVSQ01000018.1_11	2	141	0.014184397163120567	0	2820	0.0001772421127259837	0.0003050175335108417	80.02836879432624	0.0025806539632995933
Nitrososphaeria	JACZUQ010000043.1_3	2	141	0.014184397163120567	1	2820	0.0005317263381779511	0.0026567840961990675	26.67612293144208	0.01905293737559903
Nitrososphaeria	DAMC01000063.1_8	2	141	0.014184397163120567	31	2820	0.011166253101736972	0.4678250621375501	1.2702915681639086	0.5427924064554318
Nitrososphaeria	JOSY01000033.1_27	2	141	0.014184397163120567	0	2820	0.0001772421127259837	0.0003050175335108417	80.02836879432624	0.0025806539632995933
Nitrososphaeria	JACEMX010000158.1_7	2	141	0.014184397163120567	0	2820	0.0001772421127259837	0.0003050175335108417	80.02836879432624	0.0025806539632995933
Nitrososphaeria	JADDOQ010000132.1_1	2	141	0.014184397163120567	0	2820	0.0001772421127259837	0.0003050175335108417	80.02836879432624	0.0025806539632995933
Nitrososphaeria	NZ_CP095487.1_2963	2	141	0.014184397163120567	35	2820	0.012584190003544842	0.5309697559786685	1.1271601238637499	0.602138894957737
Nitrososphaeria	RKRU01000197.1_4	2	141	0.014184397163120567	14	2820	0.0051400212690535275	0.16419946554950682	2.759598923942284	0.2120792410956752
Nitrososphaeria	NC_018655.1_1232	2	141	0.014184397163120567	2	2820	0.0008862105636299185	0.007143288277434265	16.00567375886525	0.041212316049894344
Nitrososphaeria	NZ_CP035425.1_1777	2	141	0.014184397163120567	7	2820	0.0026586316908897554	0.05472809095524446	5.335224586288416	0.08881519933038594
Nitrososphaeria	JADDOQ010000026.1_27	2	141	0.014184397163120567	1	2820	0.0005317263381779511	0.0026567840961990675	26.67612293144208	0.01905293737559903
Nitrososphaeria	PAAH01000021.1_3	2	141	0.014184397163120567	13	2820	0.00478553704360156	0.14681139392593345	2.9640136590491197	0.19293015641575548
Nitrososphaeria	JAAUVF010000069.1_8	2	141	0.014184397163120567	0	2820	0.0001772421127259837	0.0003050175335108417	80.02836879432624	0.0025806539632995933
Nitrososphaeria	CACLNC010000019.1_10	2	141	0.014184397163120567	4	2820	0.0015951790145338532	0.021692030537249416	8.89204097714736	0.041212316049894344
Nitrososphaeria	NZ_CP017922.1_2405	2	141	0.014184397163120567	2	2820	0.0008862105636299185	0.007143288277434265	16.00567375886525	0.041212316049894344
Nitrososphaeria	NZ_CP012850.1_3589	2	141	0.014184397163120567	0	2820	0.0001772421127259837	0.0003050175335108417	80.02836879432624	0.0025806539632995933
Nitrososphaeria	WHTU01000018.1_48	2	141	0.014184397163120567	0	2820	0.0001772421127259837	0.0003050175335108417	80.02836879432624	0.0025806539632995933
Nitrososphaeria	CACLNC010000019.1_9	2	141	0.014184397163120567	38	2820	0.013647642679900745	0.5749058531604605	1.0393294648613798	0.639444767252329
Nitrososphaeria	JADDOQ010000053.1_16	2	141	0.014184397163120567	3	2820	0.0012406947890818859	0.013553597322757767	11.432624113475176	0.041212316049894344
Nitrososphaeria	PAAH01000002.1_1	2	141	0.014184397163120567	1	2820	0.0005317263381779511	0.0026567840961990675	26.67612293144208	0.01905293737559903
Nitrososphaeria	JAHCGZ010000007.1_48	2	141	0.014184397163120567	1	2820	0.0005317263381779511	0.0026567840961990675	26.67612293144208	0.01905293737559903
Nitrososphaeria	JAFAQB010000403.1_16	2	141	0.014184397163120567	35	2820	0.012584190003544842	0.5309697559786685	1.1271601238637499	0.602138894957737
Nitrososphaeria	JACRND010000156.1_1	2	141	0.014184397163120567	0	2820	0.0001772421127259837	0.0003050175335108417	80.02836879432624	0.0025806539632995933
Nitrososphaeria	JAATVK010000274.1_2	2	141	0.014184397163120567	0	2820	0.0001772421127259837	0.0003050175335108417	80.02836879432624	0.0025806539632995933
Nitrososphaeria	JAENJF010000050.1_3	2	141	0.014184397163120567	0	2820	0.0001772421127259837	0.0003050175335108417	80.02836879432624	0.0025806539632995933
Nitrososphaeria	JAJNBK010000148.1_8	2	141	0.014184397163120567	4	2820	0.0015951790145338532	0.021692030537249416	8.89204097714736	0.041212316049894344
Nitrososphaeria	NZ_CP007026.1_817	2	141	0.014184397163120567	0	2820	0.0001772421127259837	0.0003050175335108417	80.02836879432624	0.0025806539632995933
Nitrososphaeria	NC_018656.1_1322	2	141	0.014184397163120567	12	2820	0.004431052818149593	0.1298461960435457	3.2011347517730493	0.1709338909454369
Nitrososphaeria	JAFAQB010000195.1_13	2	141	0.014184397163120567	18	2820	0.006557958170861397	0.2364642725797241	2.1629288863331415	0.29743826186268585
Nitrososphaeria	DTTB01000027.1_6	2	141	0.014184397163120567	14	2820	0.0051400212690535275	0.16419946554950682	2.759598923942284	0.2120792410956752
Nitrososphaeria	NZ_CP012850.1_286	2	141	0.014184397163120567	0	2820	0.0001772421127259837	0.0003050175335108417	80.02836879432624	0.0025806539632995933
Nitrososphaeria	JADFLH010000021.1_11	2	141	0.014184397163120567	11	2820	0.004076568592697625	0.11339188411103374	3.4794942954054884	0.1552407058382663
Nitrososphaeria	JABJDB010000098.1_29	2	141	0.014184397163120567	3	2820	0.0012406947890818859	0.013553597322757767	11.432624113475176	0.041212316049894344
Nitrososphaeria	JAHELB010000056.1_1	2	141	0.014184397163120567	0	2820	0.0001772421127259837	0.0003050175335108417	80.02836879432624	0.0025806539632995933
Nitrososphaeria	WVWY01000007.1_5	2	141	0.014184397163120567	1	2820	0.0005317263381779511	0.0026567840961990675	26.67612293144208	0.01905293737559903
Nitrososphaeria	NZ_OBEJ01000004.1_116	2	141	0.014184397163120567	1	2820	0.0005317263381779511	0.0026567840961990675	26.67612293144208	0.01905293737559903
Nitrososphaeria	NZ_AEXL02000090.1_171	2	141	0.014184397163120567	2	2820	0.0008862105636299185	0.007143288277434265	16.00567375886525	0.041212316049894344
Nitrososphaeria	NZ_CP026993.1_745	2	141	0.014184397163120567	1	2820	0.0005317263381779511	0.0026567840961990675	26.67612293144208	0.01905293737559903
Nitrososphaeria	VXON01000114.1_3	2	141	0.014184397163120567	23	2820	0.008330379298121233	0.328431273371239	1.7027312509431116	0.3988850787879725
Nitrososphaeria	NZ_MU078697.1_103	2	141	0.014184397163120567	32	2820	0.01152073732718894	0.4840803145393013	1.2312056737588652	0.5607884259201444
Nitrososphaeria	JAHCGZ010000001.1_106	2	141	0.014184397163120567	8	2820	0.003013115916341723	0.0680945088062339	4.707551105548602	0.10019247060771211
Nitrososphaeria	WVWY01000026.1_111	2	141	0.014184397163120567	0	2820	0.0001772421127259837	0.0003050175335108417	80.02836879432624	0.0025806539632995933
Nitrososphaeria	CAJQSE010000009.1_91	2	141	0.014184397163120567	4	2820	0.0015951790145338532	0.021692030537249416	8.89204097714736	0.041212316049894344
Nitrososphaeria	LDXL01000008.1_82	2	141	0.014184397163120567	5	2820	0.0019496632399858206	0.03137718996481163	7.275306254029658	0.05147499791612889
Nitrososphaeria	JACENB010000156.1_1	2	141	0.014184397163120567	1	2820	0.0005317263381779511	0.0026567840961990675	26.67612293144208	0.01905293737559903
Nitrososphaeria	NZ_CBTY010000008.1_444	2	141	0.014184397163120567	1	2820	0.0005317263381779511	0.0026567840961990675	26.67612293144208	0.01905293737559903
Nitrososphaeria	SCVO01000006.1_19	2	141	0.014184397163120567	0	2820	0.0001772421127259837	0.0003050175335108417	80.02836879432624	0.0025806539632995933
Nitrososphaeria	JACZSC010000062.1_3	2	141	0.014184397163120567	5	2820	0.0019496632399858206	0.03137718996481163	7.275306254029658	0.05147499791612889
Nitrososphaeria	JAHRAL010000002.1_5	2	141	0.014184397163120567	7	2820	0.0026586316908897554	0.05472809095524446	5.335224586288416	0.08881519933038594
Nitrososphaeria	JAEHKV010000027.1_24	2	141	0.014184397163120567	30	2820	0.010811768876285006	0.45127329470930694	1.311940472038135	0.5284740138664201
Nitrososphaeria	JAGXTE010000027.1_7	2	141	0.014184397163120567	43	2820	0.015420063807160581	0.6413583189083192	0.9198663079807614	0.6989042172763594
Nitrososphaeria	NZ_CP030846.1_823	2	141	0.014184397163120567	4	2820	0.0015951790145338532	0.021692030537249416	8.89204097714736	0.041212316049894344
Nitrososphaeria	NZ_MU078716.1_68	2	141	0.014184397163120567	0	2820	0.0001772421127259837	0.0003050175335108417	80.02836879432624	0.0025806539632995933
Nitrososphaeria	JACNFR010000075.1_4	2	141	0.014184397163120567	29	2820	0.010457284650833037	0.43443744641413057	1.3564130304123092	0.5135427532664903
Nitrososphaeria	NZ_MU078716.1_65	2	141	0.014184397163120567	3	2820	0.0012406947890818859	0.013553597322757767	11.432624113475176	0.041212316049894344
Nitrososphaeria	NZ_CP024808.1_958	2	141	0.014184397163120567	6	2820	0.002304147465437788	0.04244104832053232	6.156028368794326	0.06917339693801046
Nitrososphaeria	CABXPS010000018.1_17	2	141	0.014184397163120567	0	2820	0.0001772421127259837	0.0003050175335108417	80.02836879432624	0.0025806539632995933
Nitrososphaeria	JACZUQ010000043.1_1	2	141	0.014184397163120567	1	2820	0.0005317263381779511	0.0026567840961990675	26.67612293144208	0.01905293737559903
Nitrososphaeria	JAHRAL010000052.1_17	2	141	0.014184397163120567	22	2820	0.007975895072669267	0.31014868377073346	1.778408195429472	0.3772891096597129
Nitrososphaeria	NZ_MU078716.1_59	2	141	0.014184397163120567	0	2820	0.0001772421127259837	0.0003050175335108417	80.02836879432624	0.0025806539632995933
Nitrososphaeria	QQVN01000003.1_719	2	141	0.014184397163120567	0	2820	0.0001772421127259837	0.0003050175335108417	80.02836879432624	0.0025806539632995933
Nitrososphaeria	JACNFV010000055.1_9	2	141	0.014184397163120567	0	2820	0.0001772421127259837	0.0003050175335108417	80.02836879432624	0.0025806539632995933
Nitrososphaeria	JAKAJY010000012.1_4	2	141	0.014184397163120567	0	2820	0.0001772421127259837	0.0003050175335108417	80.02836879432624	0.0025806539632995933
Nitrososphaeria	NZ_CP024808.1_702	2	141	0.014184397163120567	11	2820	0.004076568592697625	0.11339188411103374	3.4794942954054884	0.1552407058382663
Nitrososphaeria	JAFAQB010000300.1_3	2	141	0.014184397163120567	1	2820	0.0005317263381779511	0.0026567840961990675	26.67612293144208	0.01905293737559903
Nitrososphaeria	PFRJ01000048.1_18	2	141	0.014184397163120567	3	2820	0.0012406947890818859	0.013553597322757767	11.432624113475176	0.041212316049894344
Nitrososphaeria	NZ_MU078694.1_167	1	141	0.0070921985815602835	13	2820	0.00478553704360156	0.49154595382022037	1.4820068295245599	0.5625138346909209
Nitrososphaeria	REGH01000003.1_1	1	141	0.0070921985815602835	4	2820	0.0015951790145338532	0.20156349000526308	4.44602048857368	0.25465991270799176
Nitrososphaeria	RKSK01000112.1_2	1	141	0.0070921985815602835	0	2820	0.0001772421127259837	0.02468360496481056	40.01418439716312	0.041212316049894344
Nitrososphaeria	RHFA01000128.1_11	1	141	0.0070921985815602835	0	2820	0.0001772421127259837	0.02468360496481056	40.01418439716312	0.041212316049894344
Nitrososphaeria	NZ_MU078694.1_173	1	141	0.0070921985815602835	0	2820	0.0001772421127259837	0.02468360496481056	40.01418439716312	0.041212316049894344
Nitrososphaeria	NC_018655.1_1221	1	141	0.0070921985815602835	2	2820	0.0008862105636299185	0.11751288489749241	8.002836879432625	0.1552407058382663
Nitrososphaeria	RHFA01000128.1_14	1	141	0.0070921985815602835	0	2820	0.0001772421127259837	0.02468360496481056	40.01418439716312	0.041212316049894344
Nitrososphaeria	JAHFUM010000007.1_8	1	141	0.0070921985815602835	15	2820	0.005494505494505495	0.5401530072773202	1.2907801418439715	0.6079749095363559
Nitrososphaeria	WHTU01000040.1_24	1	141	0.0070921985815602835	0	2820	0.0001772421127259837	0.02468360496481056	40.01418439716312	0.041212316049894344
Nitrososphaeria	UYNY01000100.1_4	1	141	0.0070921985815602835	1	2820	0.0005317263381779511	0.07225034733066092	13.33806146572104	0.10019247060771211
Nitrososphaeria	JAIOOR010000007.1_97	1	141	0.0070921985815602835	2	2820	0.0008862105636299185	0.11751288489749241	8.002836879432625	0.1552407058382663
Nitrososphaeria	JOSY01000051.1_17	1	141	0.0070921985815602835	11	2820	0.004076568592697625	0.4378412318686412	1.7397471477027442	0.5135427532664903
Nitrososphaeria	NZ_LQMW01000023.1_68	1	141	0.0070921985815602835	18	2820	0.006557958170861397	0.6045446542052628	1.0814644431665708	0.6655294219540393
Nitrososphaeria	NZ_CP021324.1_820	1	141	0.0070921985815602835	1	2820	0.0005317263381779511	0.07225034733066092	13.33806146572104	0.10019247060771211
Nitrososphaeria	JACERO010000059.1_1	1	141	0.0070921985815602835	0	2820	0.0001772421127259837	0.02468360496481056	40.01418439716312	0.041212316049894344
Nitrososphaeria	VYCS01000002.1_37	1	141	0.0070921985815602835	0	2820	0.0001772421127259837	0.02468360496481056	40.01418439716312	0.041212316049894344
Nitrososphaeria	JACERO010000059.1_3	1	141	0.0070921985815602835	0	2820	0.0001772421127259837	0.02468360496481056	40.01418439716312	0.041212316049894344
Nitrososphaeria	NZ_MWLL01000260.1_1	1	141	0.0070921985815602835	1	2820	0.0005317263381779511	0.07225034733066092	13.33806146572104	0.10019247060771211
Nitrososphaeria	JAJRWR010000031.1_38	1	141	0.0070921985815602835	3	2820	0.0012406947890818859	0.16058207806006342	5.716312056737588	0.20847983582625476
Nitrososphaeria	PFRJ01000029.1_12	1	141	0.0070921985815602835	0	2820	0.0001772421127259837	0.02468360496481056	40.01418439716312	0.041212316049894344
Nitrososphaeria	JACERO010000059.1_16	1	141	0.0070921985815602835	0	2820	0.0001772421127259837	0.02468360496481056	40.01418439716312	0.041212316049894344
Nitrososphaeria	JACERO010000059.1_17	1	141	0.0070921985815602835	0	2820	0.0001772421127259837	0.02468360496481056	40.01418439716312	0.041212316049894344
Nitrososphaeria	JAGQHF010000020.1_1	1	141	0.0070921985815602835	0	2820	0.0001772421127259837	0.02468360496481056	40.01418439716312	0.041212316049894344
Nitrososphaeria	JACZUQ010000039.1_10	1	141	0.0070921985815602835	0	2820	0.0001772421127259837	0.02468360496481056	40.01418439716312	0.041212316049894344
Nitrososphaeria	JAEFCZ010000037.1_28	1	141	0.0070921985815602835	0	2820	0.0001772421127259837	0.02468360496481056	40.01418439716312	0.041212316049894344
Nitrososphaeria	CAJQMY010000047.1_3	1	141	0.0070921985815602835	0	2820	0.0001772421127259837	0.02468360496481056	40.01418439716312	0.041212316049894344
Nitrososphaeria	JABSRD010000008.1_88	1	141	0.0070921985815602835	0	2820	0.0001772421127259837	0.02468360496481056	40.01418439716312	0.041212316049894344
Nitrososphaeria	JAGQHF010000208.1_3	1	141	0.0070921985815602835	0	2820	0.0001772421127259837	0.02468360496481056	40.01418439716312	0.041212316049894344
Nitrososphaeria	NZ_CP067007.1_365	1	141	0.0070921985815602835	0	2820	0.0001772421127259837	0.02468360496481056	40.01418439716312	0.041212316049894344
Nitrososphaeria	RKRU01000055.1_3	1	141	0.0070921985815602835	15	2820	0.005494505494505495	0.5401530072773202	1.2907801418439715	0.6079749095363559
Nitrososphaeria	JAAUVF010000069.1_2	1	141	0.0070921985815602835	0	2820	0.0001772421127259837	0.02468360496481056	40.01418439716312	0.041212316049894344
Nitrososphaeria	JABDOO010000009.1_8	1	141	0.0070921985815602835	0	2820	0.0001772421127259837	0.02468360496481056	40.01418439716312	0.041212316049894344
Nitrososphaeria	NZ_CP026995.1_228	1	141	0.0070921985815602835	3	2820	0.0012406947890818859	0.16058207806006342	5.716312056737588	0.20847983582625476
Nitrososphaeria	NC_018656.1_1165	1	141	0.0070921985815602835	1	2820	0.0005317263381779511	0.07225034733066092	13.33806146572104	0.10019247060771211
Nitrososphaeria	JACZTB010000005.1_5	1	141	0.0070921985815602835	0	2820	0.0001772421127259837	0.02468360496481056	40.01418439716312	0.041212316049894344
Nitrososphaeria	JACZTB010000005.1_6	1	141	0.0070921985815602835	0	2820	0.0001772421127259837	0.02468360496481056	40.01418439716312	0.041212316049894344
Nitrososphaeria	NC_018655.1_1226	1	141	0.0070921985815602835	14	2820	0.0051400212690535275	0.5164555349545848	1.379799461971142	0.5874486674030248
Nitrososphaeria	JAAUVF010000069.1_1	1	141	0.0070921985815602835	0	2820	0.0001772421127259837	0.02468360496481056	40.01418439716312	0.041212316049894344
Nitrososphaeria	JAAUVF010000069.1_3	1	141	0.0070921985815602835	0	2820	0.0001772421127259837	0.02468360496481056	40.01418439716312	0.041212316049894344
Nitrososphaeria	NZ_CP026994.1_1238	1	141	0.0070921985815602835	0	2820	0.0001772421127259837	0.02468360496481056	40.01418439716312	0.041212316049894344
Nitrososphaeria	JAAUVF010000069.1_5	1	141	0.0070921985815602835	0	2820	0.0001772421127259837	0.02468360496481056	40.01418439716312	0.041212316049894344
Nitrososphaeria	JAGXTE010000055.1_40	1	141	0.0070921985815602835	11	2820	0.004076568592697625	0.4378412318686412	1.7397471477027442	0.5135427532664903
Nitrososphaeria	JAGQHE010000038.1_17	1	141	0.0070921985815602835	0	2820	0.0001772421127259837	0.02468360496481056	40.01418439716312	0.041212316049894344
Nitrososphaeria	JABMOR010000089.1_2	1	141	0.0070921985815602835	2	2820	0.0008862105636299185	0.11751288489749241	8.002836879432625	0.1552407058382663
Nitrososphaeria	REGK01000001.1_31	1	141	0.0070921985815602835	4	2820	0.0015951790145338532	0.20156349000526308	4.44602048857368	0.25465991270799176
Nitrososphaeria	LFEZ01000001.1_15	1	141	0.0070921985815602835	1	2820	0.0005317263381779511	0.07225034733066092	13.33806146572104	0.10019247060771211
Nitrososphaeria	NZ_MU078805.1_1	1	141	0.0070921985815602835	4	2820	0.0015951790145338532	0.20156349000526308	4.44602048857368	0.25465991270799176
Nitrososphaeria	JABSRD010000008.1_89	1	141	0.0070921985815602835	0	2820	0.0001772421127259837	0.02468360496481056	40.01418439716312	0.041212316049894344
Nitrososphaeria	JABSRD010000008.1_90	1	141	0.0070921985815602835	0	2820	0.0001772421127259837	0.02468360496481056	40.01418439716312	0.041212316049894344
Nitrososphaeria	JABSRD010000008.1_91	1	141	0.0070921985815602835	0	2820	0.0001772421127259837	0.02468360496481056	40.01418439716312	0.041212316049894344
Nitrososphaeria	NZ_MU078694.1_174	1	141	0.0070921985815602835	0	2820	0.0001772421127259837	0.02468360496481056	40.01418439716312	0.041212316049894344
Nitrososphaeria	REGJ01000004.1_64	1	141	0.0070921985815602835	0	2820	0.0001772421127259837	0.02468360496481056	40.01418439716312	0.041212316049894344
Nitrososphaeria	REGJ01000004.1_65	1	141	0.0070921985815602835	0	2820	0.0001772421127259837	0.02468360496481056	40.01418439716312	0.041212316049894344
Nitrososphaeria	JACDHC010000109.1_1	1	141	0.0070921985815602835	0	2820	0.0001772421127259837	0.02468360496481056	40.01418439716312	0.041212316049894344
Nitrososphaeria	DTTB01000137.1_7	1	141	0.0070921985815602835	0	2820	0.0001772421127259837	0.02468360496481056	40.01418439716312	0.041212316049894344
Nitrososphaeria	DTTB01000137.1_8	1	141	0.0070921985815602835	0	2820	0.0001772421127259837	0.02468360496481056	40.01418439716312	0.041212316049894344
Nitrososphaeria	CACLNC010000019.1_22	1	141	0.0070921985815602835	0	2820	0.0001772421127259837	0.02468360496481056	40.01418439716312	0.041212316049894344
Nitrososphaeria	CAJQSS010000005.1_78	1	141	0.0070921985815602835	0	2820	0.0001772421127259837	0.02468360496481056	40.01418439716312	0.041212316049894344
Nitrososphaeria	JABJDB010000060.1_1	1	141	0.0070921985815602835	0	2820	0.0001772421127259837	0.02468360496481056	40.01418439716312	0.041212316049894344
Nitrososphaeria	JABSRD010000008.1_92	1	141	0.0070921985815602835	0	2820	0.0001772421127259837	0.02468360496481056	40.01418439716312	0.041212316049894344
Nitrososphaeria	JABJDB010000060.1_7	1	141	0.0070921985815602835	0	2820	0.0001772421127259837	0.02468360496481056	40.01418439716312	0.041212316049894344
Nitrososphaeria	JAGXTE010000041.1_15	1	141	0.0070921985815602835	12	2820	0.004431052818149593	0.46536273060343436	1.6005673758865246	0.5407687286178797
Nitrososphaeria	JADNRU010000010.1_20	1	141	0.0070921985815602835	17	2820	0.00620347394540943	0.5841431368084016	1.1432624113475176	0.6459027636075277
Nitrososphaeria	NZ_CP024808.1_1594	1	141	0.0070921985815602835	4	2820	0.0015951790145338532	0.20156349000526308	4.44602048857368	0.25465991270799176
Nitrososphaeria	JAKAJY010000132.1_3	1	141	0.0070921985815602835	0	2820	0.0001772421127259837	0.02468360496481056	40.01418439716312	0.041212316049894344
Nitrososphaeria	BFAR01000126.1_2	1	141	0.0070921985815602835	0	2820	0.0001772421127259837	0.02468360496481056	40.01418439716312	0.041212316049894344
Nitrososphaeria	BFAR01000126.1_13	1	141	0.0070921985815602835	0	2820	0.0001772421127259837	0.02468360496481056	40.01418439716312	0.041212316049894344
Nitrososphaeria	JABMOR010000028.1_21	1	141	0.0070921985815602835	1	2820	0.0005317263381779511	0.07225034733066092	13.33806146572104	0.10019247060771211
Nitrososphaeria	JABMOR010000028.1_20	1	141	0.0070921985815602835	1	2820	0.0005317263381779511	0.07225034733066092	13.33806146572104	0.10019247060771211
Nitrososphaeria	JABMOR010000028.1_10	1	141	0.0070921985815602835	1	2820	0.0005317263381779511	0.07225034733066092	13.33806146572104	0.10019247060771211
Nitrososphaeria	JABMOR010000028.1_9	1	141	0.0070921985815602835	1	2820	0.0005317263381779511	0.07225034733066092	13.33806146572104	0.10019247060771211
Nitrososphaeria	JABSRD010000008.1_93	1	141	0.0070921985815602835	0	2820	0.0001772421127259837	0.02468360496481056	40.01418439716312	0.041212316049894344
Nitrososphaeria	JAHEXS010000012.1_1	1	141	0.0070921985815602835	1	2820	0.0005317263381779511	0.07225034733066092	13.33806146572104	0.10019247060771211
Nitrososphaeria	JAENJF010000012.1_12	1	141	0.0070921985815602835	1	2820	0.0005317263381779511	0.07225034733066092	13.33806146572104	0.10019247060771211
Nitrososphaeria	JACNFV010000112.1_12	1	141	0.0070921985815602835	0	2820	0.0001772421127259837	0.02468360496481056	40.01418439716312	0.041212316049894344
Nitrososphaeria	NZ_CP011070.1_980	1	141	0.0070921985815602835	0	2820	0.0001772421127259837	0.02468360496481056	40.01418439716312	0.041212316049894344
Nitrososphaeria	CP046181.1_1210	1	141	0.0070921985815602835	0	2820	0.0001772421127259837	0.02468360496481056	40.01418439716312	0.041212316049894344
Nitrososphaeria	NZ_CP011070.1_983	1	141	0.0070921985815602835	0	2820	0.0001772421127259837	0.02468360496481056	40.01418439716312	0.041212316049894344
Nitrososphaeria	NZ_CP011070.1_984	1	141	0.0070921985815602835	0	2820	0.0001772421127259837	0.02468360496481056	40.01418439716312	0.041212316049894344
Nitrososphaeria	NC_018655.1_1138	1	141	0.0070921985815602835	0	2820	0.0001772421127259837	0.02468360496481056	40.01418439716312	0.041212316049894344
Nitrososphaeria	NC_018655.1_1151	1	141	0.0070921985815602835	0	2820	0.0001772421127259837	0.02468360496481056	40.01418439716312	0.041212316049894344
Nitrososphaeria	DP000238.1_272	1	141	0.0070921985815602835	0	2820	0.0001772421127259837	0.02468360496481056	40.01418439716312	0.041212316049894344
Nitrososphaeria	JABGTD010000004.1_38	1	141	0.0070921985815602835	0	2820	0.0001772421127259837	0.02468360496481056	40.01418439716312	0.041212316049894344
Nitrososphaeria	LIAL01000090.1_6	1	141	0.0070921985815602835	0	2820	0.0001772421127259837	0.02468360496481056	40.01418439716312	0.041212316049894344
Nitrososphaeria	DP000238.1_1668	1	141	0.0070921985815602835	16	2820	0.005848989719957462	0.5626969515688873	1.2125510423382762	0.6267911309635683
Nitrososphaeria	JABMOR010000028.1_8	1	141	0.0070921985815602835	1	2820	0.0005317263381779511	0.07225034733066092	13.33806146572104	0.10019247060771211
Nitrososphaeria	NZ_AEXL02000052.1_4	1	141	0.0070921985815602835	0	2820	0.0001772421127259837	0.02468360496481056	40.01418439716312	0.041212316049894344
Nitrososphaeria	NZ_CP017922.1_666	1	141	0.0070921985815602835	13	2820	0.00478553704360156	0.49154595382022037	1.4820068295245599	0.5625138346909209
Nitrososphaeria	LDXL01000008.1_182	1	141	0.0070921985815602835	0	2820	0.0001772421127259837	0.02468360496481056	40.01418439716312	0.041212316049894344
Nitrososphaeria	NZ_CP030846.1_851	1	141	0.0070921985815602835	25	2820	0.009039347749025168	0.7220581960393275	0.7845918509247671	0.7586810229764334
Nitrososphaeria	NZ_LQMW01000023.1_128	1	141	0.0070921985815602835	5	2820	0.0019496632399858206	0.2405576380801802	3.637653127014829	0.29743826186268585
Nitrososphaeria	SCUP01000259.1_3	1	141	0.0070921985815602835	0	2820	0.0001772421127259837	0.02468360496481056	40.01418439716312	0.041212316049894344
Nitrososphaeria	NZ_BGKI01000004.1_104	1	141	0.0070921985815602835	2	2820	0.0008862105636299185	0.11751288489749241	8.002836879432625	0.1552407058382663
Nitrososphaeria	PBZV01000007.1_30	1	141	0.0070921985815602835	0	2820	0.0001772421127259837	0.02468360496481056	40.01418439716312	0.041212316049894344
Nitrososphaeria	JAJNBK010000204.1_1	1	141	0.0070921985815602835	1	2820	0.0005317263381779511	0.07225034733066092	13.33806146572104	0.10019247060771211
Nitrososphaeria	UYNY01000006.1_25	1	141	0.0070921985815602835	29	2820	0.010457284650833037	0.7728718359466328	0.6782065152061546	0.799412764378866
Nitrososphaeria	UYNY01000031.1_98	1	141	0.0070921985815602835	1	2820	0.0005317263381779511	0.07225034733066092	13.33806146572104	0.10019247060771211
Nitrososphaeria	UYNY01000031.1_100	1	141	0.0070921985815602835	0	2820	0.0001772421127259837	0.02468360496481056	40.01418439716312	0.041212316049894344
Nitrososphaeria	NZ_CP030846.1_1571	1	141	0.0070921985815602835	3	2820	0.0012406947890818859	0.16058207806006342	5.716312056737588	0.20847983582625476
Nitrososphaeria	NZ_CP012850.1_2745	1	141	0.0070921985815602835	6	2820	0.002304147465437788	0.27766023331496603	3.078014184397163	0.3394125903996257
Nitrososphaeria	UYNY01000031.1_103	1	141	0.0070921985815602835	0	2820	0.0001772421127259837	0.02468360496481056	40.01418439716312	0.041212316049894344
Nitrososphaeria	JADNRU010000012.1_4	1	141	0.0070921985815602835	42	2820	0.015065579581708614	0.882393477046579	0.4707551105548602	0.889480974854182
Nitrososphaeria	JAHRAJ010000036.1_6	1	141	0.0070921985815602835	0	2820	0.0001772421127259837	0.02468360496481056	40.01418439716312	0.041212316049894344
Nitrososphaeria	UYNY01000031.1_108	1	141	0.0070921985815602835	0	2820	0.0001772421127259837	0.02468360496481056	40.01418439716312	0.041212316049894344
Nitrososphaeria	JAATVR010000297.1_1	1	141	0.0070921985815602835	27	2820	0.009748316199929103	0.7487372404183574	0.7275306254029659	0.7787280967334573
Nitrososphaeria	NSIR01000003.1_19	1	141	0.0070921985815602835	35	2820	0.012584190003544842	0.832308593926143	0.5635800619318749	0.8526916615324975
Nitrososphaeria	UYNY01000031.1_118	1	141	0.0070921985815602835	0	2820	0.0001772421127259837	0.02468360496481056	40.01418439716312	0.041212316049894344
Nitrososphaeria	DP000238.1_373	1	141	0.0070921985815602835	1	2820	0.0005317263381779511	0.07225034733066092	13.33806146572104	0.10019247060771211
Nitrososphaeria	WHSX01000204.1_6	1	141	0.0070921985815602835	0	2820	0.0001772421127259837	0.02468360496481056	40.01418439716312	0.041212316049894344
Nitrososphaeria	NZ_CP085329.1_203	1	141	0.0070921985815602835	0	2820	0.0001772421127259837	0.02468360496481056	40.01418439716312	0.041212316049894344
Nitrososphaeria	LDXL01000008.1_183	1	141	0.0070921985815602835	0	2820	0.0001772421127259837	0.02468360496481056	40.01418439716312	0.041212316049894344
Nitrososphaeria	WHTU01000011.1_65	1	141	0.0070921985815602835	4	2820	0.0015951790145338532	0.20156349000526308	4.44602048857368	0.25465991270799176
Nitrososphaeria	JACZUQ010000043.1_4	1	141	0.0070921985815602835	1	2820	0.0005317263381779511	0.07225034733066092	13.33806146572104	0.10019247060771211
Nitrososphaeria	WHSX01000035.1_1	1	141	0.0070921985815602835	0	2820	0.0001772421127259837	0.02468360496481056	40.01418439716312	0.041212316049894344
Nitrososphaeria	WHSX01000035.1_2	1	141	0.0070921985815602835	1	2820	0.0005317263381779511	0.07225034733066092	13.33806146572104	0.10019247060771211
Nitrososphaeria	NZ_CP100454.1_3101	1	141	0.0070921985815602835	1	2820	0.0005317263381779511	0.07225034733066092	13.33806146572104	0.10019247060771211
Nitrososphaeria	CABXPS010000022.1_23	1	141	0.0070921985815602835	0	2820	0.0001772421127259837	0.02468360496481056	40.01418439716312	0.041212316049894344
Nitrososphaeria	RKRU01000145.1_8	1	141	0.0070921985815602835	0	2820	0.0001772421127259837	0.02468360496481056	40.01418439716312	0.041212316049894344
Nitrososphaeria	NZ_CP012850.1_238	1	141	0.0070921985815602835	0	2820	0.0001772421127259837	0.02468360496481056	40.01418439716312	0.041212316049894344
Nitrososphaeria	WHSX01000035.1_7	1	141	0.0070921985815602835	0	2820	0.0001772421127259837	0.02468360496481056	40.01418439716312	0.041212316049894344
Nitrososphaeria	WHSX01000035.1_9	1	141	0.0070921985815602835	0	2820	0.0001772421127259837	0.02468360496481056	40.01418439716312	0.041212316049894344
Nitrososphaeria	WHSX01000035.1_19	1	141	0.0070921985815602835	0	2820	0.0001772421127259837	0.02468360496481056	40.01418439716312	0.041212316049894344
Nitrososphaeria	RHFA01000008.1_4	1	141	0.0070921985815602835	28	2820	0.010102800425381071	0.7611069670867324	0.7020032350379495	0.7905014430569786
Nitrososphaeria	WHSX01000035.1_11	1	141	0.0070921985815602835	0	2820	0.0001772421127259837	0.02468360496481056	40.01418439716312	0.041212316049894344
Nitrososphaeria	DP000238.1_1056	1	141	0.0070921985815602835	33	2820	0.011875221552640907	0.8144493944501268	0.5972266327934794	0.8355318719631409
Nitrososphaeria	JADDOW010000097.1_11	1	141	0.0070921985815602835	0	2820	0.0001772421127259837	0.02468360496481056	40.01418439716312	0.041212316049894344
Nitrososphaeria	WHSX01000035.1_15	1	141	0.0070921985815602835	0	2820	0.0001772421127259837	0.02468360496481056	40.01418439716312	0.041212316049894344
Nitrososphaeria	WHSX01000035.1_16	1	141	0.0070921985815602835	0	2820	0.0001772421127259837	0.02468360496481056	40.01418439716312	0.041212316049894344
Nitrososphaeria	WHSX01000035.1_17	1	141	0.0070921985815602835	0	2820	0.0001772421127259837	0.02468360496481056	40.01418439716312	0.041212316049894344
Nitrososphaeria	WHSX01000035.1_18	1	141	0.0070921985815602835	0	2820	0.0001772421127259837	0.02468360496481056	40.01418439716312	0.041212316049894344
Nitrososphaeria	CABXPS010000010.1_27	1	141	0.0070921985815602835	26	2820	0.009393831974477136	0.735731792276763	0.7549846112672286	0.7673213844659315
Nitrososphaeria	JAATVT010000111.1_2	1	141	0.0070921985815602835	39	2820	0.014002126905352711	0.863065489037891	0.5065086632552294	0.8746814444758169
Nitrososphaeria	CAJQSE010000009.1_67	1	141	0.0070921985815602835	39	2820	0.014002126905352711	0.863065489037891	0.5065086632552294	0.8746814444758169
Nitrososphaeria	JAAUVF010000108.1_5	1	141	0.0070921985815602835	5	2820	0.0019496632399858206	0.2405576380801802	3.637653127014829	0.29743826186268585
Nitrososphaeria	RKRU01000176.1_4	1	141	0.0070921985815602835	1	2820	0.0005317263381779511	0.07225034733066092	13.33806146572104	0.10019247060771211
Nitrososphaeria	VYCS01000011.1_5	1	141	0.0070921985815602835	0	2820	0.0001772421127259837	0.02468360496481056	40.01418439716312	0.041212316049894344
Nitrososphaeria	VYCS01000011.1_6	1	141	0.0070921985815602835	0	2820	0.0001772421127259837	0.02468360496481056	40.01418439716312	0.041212316049894344
Nitrososphaeria	DP000238.1_1161	1	141	0.0070921985815602835	13	2820	0.00478553704360156	0.49154595382022037	1.4820068295245599	0.5625138346909209
Nitrososphaeria	QOOS01000012.1_25	1	141	0.0070921985815602835	11	2820	0.004076568592697625	0.4378412318686412	1.7397471477027442	0.5135427532664903
Nitrososphaeria	NZ_KB913017.1_3342	1	141	0.0070921985815602835	11	2820	0.004076568592697625	0.4378412318686412	1.7397471477027442	0.5135427532664903
Nitrososphaeria	VYCS01000011.1_10	1	141	0.0070921985815602835	0	2820	0.0001772421127259837	0.02468360496481056	40.01418439716312	0.041212316049894344
Nitrososphaeria	VYCS01000011.1_13	1	141	0.0070921985815602835	0	2820	0.0001772421127259837	0.02468360496481056	40.01418439716312	0.041212316049894344
Nitrososphaeria	JAHRAJ010000022.1_18	1	141	0.0070921985815602835	10	2820	0.0037220843672456576	0.4089135690113581	1.9054373522458627	0.4864327290135113
Nitrososphaeria	NZ_CBTY010000008.1_429	1	141	0.0070921985815602835	19	2820	0.0069124423963133645	0.6239520448862459	1.0260047281323876	0.680921579419338
Nitrososphaeria	SKKJ01000115.1_1	1	141	0.0070921985815602835	0	2820	0.0001772421127259837	0.02468360496481056	40.01418439716312	0.041212316049894344
Nitrososphaeria	VXON01000101.1_2	1	141	0.0070921985815602835	0	2820	0.0001772421127259837	0.02468360496481056	40.01418439716312	0.041212316049894344
Nitrososphaeria	VYCS01000042.1_25	1	141	0.0070921985815602835	1	2820	0.0005317263381779511	0.07225034733066092	13.33806146572104	0.10019247060771211
Nitrososphaeria	VXON01000101.1_4	1	141	0.0070921985815602835	0	2820	0.0001772421127259837	0.02468360496481056	40.01418439716312	0.041212316049894344
Nitrososphaeria	VXON01000101.1_5	1	141	0.0070921985815602835	0	2820	0.0001772421127259837	0.02468360496481056	40.01418439716312	0.041212316049894344
Nitrososphaeria	VYCS01000036.1_26	1	141	0.0070921985815602835	1	2820	0.0005317263381779511	0.07225034733066092	13.33806146572104	0.10019247060771211
Nitrososphaeria	NZ_MWLL01000176.1_49	1	141	0.0070921985815602835	18	2820	0.006557958170861397	0.6045446542052628	1.0814644431665708	0.6655294219540393
Nitrososphaeria	LDXL01000001.1_53	1	141	0.0070921985815602835	16	2820	0.005848989719957462	0.5626969515688873	1.2125510423382762	0.6267911309635683
Nitrososphaeria	NZ_CBTY010000009.1_556	1	141	0.0070921985815602835	9	2820	0.00336760014179369	0.37850843556346614	2.1060097051138484	0.45384849041288217
Nitrososphaeria	RKRU01000084.1_12	1	141	0.0070921985815602835	0	2820	0.0001772421127259837	0.02468360496481056	40.01418439716312	0.041212316049894344
Nitrososphaeria	RKRU01000084.1_11	1	141	0.0070921985815602835	0	2820	0.0001772421127259837	0.02468360496481056	40.01418439716312	0.041212316049894344
Nitrososphaeria	NZ_QURE01000026.1_4	1	141	0.0070921985815602835	39	2820	0.014002126905352711	0.863065489037891	0.5065086632552294	0.8746814444758169
Nitrososphaeria	JOSY01000033.1_16	1	141	0.0070921985815602835	20	2820	0.007266926621765332	0.6424134215362758	0.9759557170039784	0.6990423503133175
Nitrososphaeria	JAEHKU010000002.1_23	1	141	0.0070921985815602835	0	2820	0.0001772421127259837	0.02468360496481056	40.01418439716312	0.041212316049894344
Nitrososphaeria	CACLNC010000026.1_3	1	141	0.0070921985815602835	0	2820	0.0001772421127259837	0.02468360496481056	40.01418439716312	0.041212316049894344
Nitrososphaeria	CACLNC010000026.1_9	1	141	0.0070921985815602835	0	2820	0.0001772421127259837	0.02468360496481056	40.01418439716312	0.041212316049894344
Nitrososphaeria	JABJDB010000096.1_13	1	141	0.0070921985815602835	22	2820	0.007975895072669267	0.6766791310555011	0.889204097714736	0.7258395807475675
Nitrososphaeria	JAKUOP010000009.1_15	1	141	0.0070921985815602835	10	2820	0.0037220843672456576	0.4089135690113581	1.9054373522458627	0.4864327290135113
Nitrososphaeria	NZ_CP100355.1_1076	1	141	0.0070921985815602835	25	2820	0.009039347749025168	0.7220581960393275	0.7845918509247671	0.7586810229764334
Nitrososphaeria	JAGQHF010000081.1_8	1	141	0.0070921985815602835	19	2820	0.0069124423963133645	0.6239520448862459	1.0260047281323876	0.680921579419338
Nitrososphaeria	JAKUOP010000009.1_20	1	141	0.0070921985815602835	1	2820	0.0005317263381779511	0.07225034733066092	13.33806146572104	0.10019247060771211
Nitrososphaeria	UYNY01000108.1_8	1	141	0.0070921985815602835	16	2820	0.005848989719957462	0.5626969515688873	1.2125510423382762	0.6267911309635683
Nitrososphaeria	JACATG010000004.1_29	1	141	0.0070921985815602835	17	2820	0.00620347394540943	0.5841431368084016	1.1432624113475176	0.6459027636075277
Nitrososphaeria	DTTB01000027.1_2	1	141	0.0070921985815602835	12	2820	0.004431052818149593	0.46536273060343436	1.6005673758865246	0.5407687286178797
Nitrososphaeria	RKRU01000084.1_1	1	141	0.0070921985815602835	0	2820	0.0001772421127259837	0.02468360496481056	40.01418439716312	0.041212316049894344
Nitrososphaeria	RKRU01000084.1_2	1	141	0.0070921985815602835	0	2820	0.0001772421127259837	0.02468360496481056	40.01418439716312	0.041212316049894344
Nitrososphaeria	RKRU01000084.1_3	1	141	0.0070921985815602835	0	2820	0.0001772421127259837	0.02468360496481056	40.01418439716312	0.041212316049894344
Nitrososphaeria	DAMC01000056.1_10	1	141	0.0070921985815602835	38	2820	0.013647642679900745	0.8559463568894143	0.5196647324306899	0.8721618494421232
Nitrososphaeria	NZ_CP067007.1_736	1	141	0.0070921985815602835	44	2820	0.015774548032612547	0.893747924278613	0.4495975774962149	0.8997221751093525
Nitrososphaeria	RHFB01000010.1_2	1	141	0.0070921985815602835	0	2820	0.0001772421127259837	0.02468360496481056	40.01418439716312	0.041212316049894344
Nitrososphaeria	RHFD01000056.1_26	1	141	0.0070921985815602835	0	2820	0.0001772421127259837	0.02468360496481056	40.01418439716312	0.041212316049894344
Nitrososphaeria	JADFJY010000031.1_19	1	141	0.0070921985815602835	15	2820	0.005494505494505495	0.5401530072773202	1.2907801418439715	0.6079749095363559
Nitrososphaeria	RHFD01000071.1_7	1	141	0.0070921985815602835	5	2820	0.0019496632399858206	0.2405576380801802	3.637653127014829	0.29743826186268585
Nitrososphaeria	LFLC01000008.1_87	1	141	0.0070921985815602835	2	2820	0.0008862105636299185	0.11751288489749241	8.002836879432625	0.1552407058382663
Nitrososphaeria	NZ_BGKI01000007.1_73	1	141	0.0070921985815602835	2	2820	0.0008862105636299185	0.11751288489749241	8.002836879432625	0.1552407058382663
Nitrososphaeria	PFRJ01000077.1_9	1	141	0.0070921985815602835	1	2820	0.0005317263381779511	0.07225034733066092	13.33806146572104	0.10019247060771211
Nitrososphaeria	SCUP01000001.1_1	1	141	0.0070921985815602835	0	2820	0.0001772421127259837	0.02468360496481056	40.01418439716312	0.041212316049894344
Nitrososphaeria	LFEY01000002.1_39	1	141	0.0070921985815602835	0	2820	0.0001772421127259837	0.02468360496481056	40.01418439716312	0.041212316049894344
Nitrososphaeria	JABMOR010000033.1_39	1	141	0.0070921985815602835	11	2820	0.004076568592697625	0.4378412318686412	1.7397471477027442	0.5135427532664903
Nitrososphaeria	NZ_MU078694.1_497	1	141	0.0070921985815602835	15	2820	0.005494505494505495	0.5401530072773202	1.2907801418439715	0.6079749095363559
Nitrososphaeria	LFEY01000002.1_42	1	141	0.0070921985815602835	13	2820	0.00478553704360156	0.49154595382022037	1.4820068295245599	0.5625138346909209
Nitrososphaeria	NZ_MU078694.1_491	1	141	0.0070921985815602835	18	2820	0.006557958170861397	0.6045446542052628	1.0814644431665708	0.6655294219540393
Nitrososphaeria	JACNFV010000197.1_6	1	141	0.0070921985815602835	3	2820	0.0012406947890818859	0.16058207806006342	5.716312056737588	0.20847983582625476
Nitrososphaeria	JACZTB010000009.1_8	1	141	0.0070921985815602835	11	2820	0.004076568592697625	0.4378412318686412	1.7397471477027442	0.5135427532664903
Nitrososphaeria	RHFD01000071.1_4	1	141	0.0070921985815602835	9	2820	0.00336760014179369	0.37850843556346614	2.1060097051138484	0.45384849041288217
Nitrososphaeria	NZ_CP067007.1_719	1	141	0.0070921985815602835	11	2820	0.004076568592697625	0.4378412318686412	1.7397471477027442	0.5135427532664903
Nitrososphaeria	RHFD01000095.1_3	1	141	0.0070921985815602835	26	2820	0.009393831974477136	0.735731792276763	0.7549846112672286	0.7673213844659315
Nitrososphaeria	REGF01000030.1_18	1	141	0.0070921985815602835	14	2820	0.0051400212690535275	0.5164555349545848	1.379799461971142	0.5874486674030248
Nitrososphaeria	NZ_CP067007.1_722	1	141	0.0070921985815602835	12	2820	0.004431052818149593	0.46536273060343436	1.6005673758865246	0.5407687286178797
Nitrososphaeria	JACZTB010000006.1_19	1	141	0.0070921985815602835	1	2820	0.0005317263381779511	0.07225034733066092	13.33806146572104	0.10019247060771211
Nitrososphaeria	JABMOR010000056.1_8	1	141	0.0070921985815602835	1	2820	0.0005317263381779511	0.07225034733066092	13.33806146572104	0.10019247060771211
Nitrososphaeria	CP060262.1_2190	1	141	0.0070921985815602835	26	2820	0.009393831974477136	0.735731792276763	0.7549846112672286	0.7673213844659315
Nitrososphaeria	NZ_AVSQ01000012.1_117	1	141	0.0070921985815602835	13	2820	0.00478553704360156	0.49154595382022037	1.4820068295245599	0.5625138346909209
Nitrososphaeria	RHFA01000084.1_2	1	141	0.0070921985815602835	27	2820	0.009748316199929103	0.7487372404183574	0.7275306254029659	0.7787280967334573
Nitrososphaeria	JAHRAL010000125.1_23	1	141	0.0070921985815602835	0	2820	0.0001772421127259837	0.02468360496481056	40.01418439716312	0.041212316049894344
Nitrososphaeria	NZ_MU078695.1_20	1	141	0.0070921985815602835	4	2820	0.0015951790145338532	0.20156349000526308	4.44602048857368	0.25465991270799176
Nitrososphaeria	LDXL01000008.1_194	1	141	0.0070921985815602835	0	2820	0.0001772421127259837	0.02468360496481056	40.01418439716312	0.041212316049894344
Nitrososphaeria	LDXL01000008.1_195	1	141	0.0070921985815602835	2	2820	0.0008862105636299185	0.11751288489749241	8.002836879432625	0.1552407058382663
Nitrososphaeria	NZ_MU078694.1_539	1	141	0.0070921985815602835	8	2820	0.003013115916341723	0.34655093642920287	2.353775552774301	0.41819367809485536
Nitrososphaeria	CAJQMY010000006.1_24	1	141	0.0070921985815602835	8	2820	0.003013115916341723	0.34655093642920287	2.353775552774301	0.41819367809485536
Nitrososphaeria	BFAR01000101.1_7	1	141	0.0070921985815602835	17	2820	0.00620347394540943	0.5841431368084016	1.1432624113475176	0.6459027636075277
Nitrososphaeria	CP046181.1_2253	1	141	0.0070921985815602835	8	2820	0.003013115916341723	0.34655093642920287	2.353775552774301	0.41819367809485536
Nitrososphaeria	JAJETY010000012.1_30	1	141	0.0070921985815602835	1	2820	0.0005317263381779511	0.07225034733066092	13.33806146572104	0.10019247060771211
Nitrososphaeria	PFRJ01000115.1_14	1	141	0.0070921985815602835	14	2820	0.0051400212690535275	0.5164555349545848	1.379799461971142	0.5874486674030248
Nitrososphaeria	JAEMQG010000077.1_13	1	141	0.0070921985815602835	13	2820	0.00478553704360156	0.49154595382022037	1.4820068295245599	0.5625138346909209
Nitrososphaeria	JAHRAL010000114.1_3	1	141	0.0070921985815602835	13	2820	0.00478553704360156	0.49154595382022037	1.4820068295245599	0.5625138346909209
Nitrososphaeria	NZ_LQMW01000022.1_73	1	141	0.0070921985815602835	0	2820	0.0001772421127259837	0.02468360496481056	40.01418439716312	0.041212316049894344
Nitrososphaeria	CACLNC010000012.1_2	1	141	0.0070921985815602835	62	2820	0.022155264090747962	0.9575325483003928	0.32011347517730493	0.9600825684023911
Nitrososphaeria	JAKBAE010000012.1_14	1	141	0.0070921985815602835	38	2820	0.013647642679900745	0.8559463568894143	0.5196647324306899	0.8721618494421232
Nitrososphaeria	NZ_CP011070.1_1283	1	141	0.0070921985815602835	42	2820	0.015065579581708614	0.882393477046579	0.4707551105548602	0.889480974854182
Nitrososphaeria	NZ_JAKUHT010000001.1_220	1	141	0.0070921985815602835	39	2820	0.014002126905352711	0.863065489037891	0.5065086632552294	0.8746814444758169
Nitrososphaeria	JAATVP010000109.1_14	1	141	0.0070921985815602835	46	2820	0.016483516483516484	0.904013167106604	0.43026004728132383	0.9076292197750304
Nitrososphaeria	PBZV01000023.1_3	1	141	0.0070921985815602835	0	2820	0.0001772421127259837	0.02468360496481056	40.01418439716312	0.041212316049894344
Nitrososphaeria	DRGT01000093.1_17	1	141	0.0070921985815602835	0	2820	0.0001772421127259837	0.02468360496481056	40.01418439716312	0.041212316049894344
Nitrososphaeria	JAEHKV010000059.1_25	1	141	0.0070921985815602835	0	2820	0.0001772421127259837	0.02468360496481056	40.01418439716312	0.041212316049894344
Nitrososphaeria	JAHRAJ010000053.1_11	1	141	0.0070921985815602835	1	2820	0.0005317263381779511	0.07225034733066092	13.33806146572104	0.10019247060771211
Nitrososphaeria	JAHCGZ010000007.1_45	1	141	0.0070921985815602835	0	2820	0.0001772421127259837	0.02468360496481056	40.01418439716312	0.041212316049894344
Nitrososphaeria	JAHCGZ010000007.1_46	1	141	0.0070921985815602835	0	2820	0.0001772421127259837	0.02468360496481056	40.01418439716312	0.041212316049894344
Nitrososphaeria	JAHCGZ010000007.1_49	1	141	0.0070921985815602835	0	2820	0.0001772421127259837	0.02468360496481056	40.01418439716312	0.041212316049894344
Nitrososphaeria	JAHRAJ010000053.1_1	1	141	0.0070921985815602835	1	2820	0.0005317263381779511	0.07225034733066092	13.33806146572104	0.10019247060771211
Nitrososphaeria	JAHRAJ010000053.1_2	1	141	0.0070921985815602835	1	2820	0.0005317263381779511	0.07225034733066092	13.33806146572104	0.10019247060771211
Nitrososphaeria	JAHRAJ010000053.1_3	1	141	0.0070921985815602835	0	2820	0.0001772421127259837	0.02468360496481056	40.01418439716312	0.041212316049894344
Nitrososphaeria	JAHRAJ010000053.1_4	1	141	0.0070921985815602835	1	2820	0.0005317263381779511	0.07225034733066092	13.33806146572104	0.10019247060771211
Nitrososphaeria	JAHRAJ010000053.1_5	1	141	0.0070921985815602835	1	2820	0.0005317263381779511	0.07225034733066092	13.33806146572104	0.10019247060771211
Nitrososphaeria	JAHRAJ010000053.1_12	1	141	0.0070921985815602835	1	2820	0.0005317263381779511	0.07225034733066092	13.33806146572104	0.10019247060771211
Nitrososphaeria	DRGT01000093.1_18	1	141	0.0070921985815602835	13	2820	0.00478553704360156	0.49154595382022037	1.4820068295245599	0.5625138346909209
Nitrososphaeria	JAHRAJ010000053.1_13	1	141	0.0070921985815602835	1	2820	0.0005317263381779511	0.07225034733066092	13.33806146572104	0.10019247060771211
Nitrososphaeria	JAHRAJ010000053.1_14	1	141	0.0070921985815602835	1	2820	0.0005317263381779511	0.07225034733066092	13.33806146572104	0.10019247060771211
Nitrososphaeria	SCUP01000213.1_2	1	141	0.0070921985815602835	1	2820	0.0005317263381779511	0.07225034733066092	13.33806146572104	0.10019247060771211
Nitrososphaeria	JAHRAJ010000053.1_16	1	141	0.0070921985815602835	0	2820	0.0001772421127259837	0.02468360496481056	40.01418439716312	0.041212316049894344
Nitrososphaeria	NZ_MU078697.1_125	1	141	0.0070921985815602835	0	2820	0.0001772421127259837	0.02468360496481056	40.01418439716312	0.041212316049894344
Nitrososphaeria	JAHRAJ010000053.1_18	1	141	0.0070921985815602835	0	2820	0.0001772421127259837	0.02468360496481056	40.01418439716312	0.041212316049894344
Nitrososphaeria	DRGT01000095.1_17	1	141	0.0070921985815602835	63	2820	0.02250974831619993	0.959649090420677	0.31507231808789854	0.960925219530279
Nitrososphaeria	VYCS01000041.1_36	1	141	0.0070921985815602835	22	2820	0.007975895072669267	0.6766791310555011	0.889204097714736	0.7258395807475675
Nitrososphaeria	JALDAN010000032.1_9	1	141	0.0070921985815602835	21	2820	0.007621410847217299	0.6599745842771875	0.9305624278410027	0.7109597452943093
Nitrososphaeria	JAKUOP010000001.1_23	1	141	0.0070921985815602835	5	2820	0.0019496632399858206	0.2405576380801802	3.637653127014829	0.29743826186268585
Nitrososphaeria	CP060262.1_850	1	141	0.0070921985815602835	22	2820	0.007975895072669267	0.6766791310555011	0.889204097714736	0.7258395807475675
Nitrososphaeria	RKSK01000014.1_3	1	141	0.0070921985815602835	19	2820	0.0069124423963133645	0.6239520448862459	1.0260047281323876	0.680921579419338
Nitrososphaeria	DRGT01000093.1_23	1	141	0.0070921985815602835	0	2820	0.0001772421127259837	0.02468360496481056	40.01418439716312	0.041212316049894344
Nitrososphaeria	DRGT01000093.1_24	1	141	0.0070921985815602835	0	2820	0.0001772421127259837	0.02468360496481056	40.01418439716312	0.041212316049894344
Nitrososphaeria	DRGT01000093.1_25	1	141	0.0070921985815602835	0	2820	0.0001772421127259837	0.02468360496481056	40.01418439716312	0.041212316049894344
Nitrososphaeria	DRGT01000093.1_26	1	141	0.0070921985815602835	0	2820	0.0001772421127259837	0.02468360496481056	40.01418439716312	0.041212316049894344
Nitrososphaeria	NVWC01000007.1_50	1	141	0.0070921985815602835	1	2820	0.0005317263381779511	0.07225034733066092	13.33806146572104	0.10019247060771211
Nitrososphaeria	JADDOQ010000157.1_4	1	141	0.0070921985815602835	23	2820	0.008330379298121233	0.6925685627975848	0.8513656254715558	0.7365877511109906
Nitrososphaeria	DAMC01000085.1_1	1	141	0.0070921985815602835	0	2820	0.0001772421127259837	0.02468360496481056	40.01418439716312	0.041212316049894344
Nitrososphaeria	SCVO01000120.1_1	1	141	0.0070921985815602835	0	2820	0.0001772421127259837	0.02468360496481056	40.01418439716312	0.041212316049894344
Nitrososphaeria	NC_018656.1_730	1	141	0.0070921985815602835	4	2820	0.0015951790145338532	0.20156349000526308	4.44602048857368	0.25465991270799176
Nitrososphaeria	JADFJY010000033.1_1	1	141	0.0070921985815602835	0	2820	0.0001772421127259837	0.02468360496481056	40.01418439716312	0.041212316049894344
Nitrososphaeria	JADKAQ010000019.1_40	1	141	0.0070921985815602835	0	2820	0.0001772421127259837	0.02468360496481056	40.01418439716312	0.041212316049894344
Nitrososphaeria	JADFJY010000033.1_13	1	141	0.0070921985815602835	0	2820	0.0001772421127259837	0.02468360496481056	40.01418439716312	0.041212316049894344
Nitrososphaeria	JAEHKV010000040.1_1	1	141	0.0070921985815602835	0	2820	0.0001772421127259837	0.02468360496481056	40.01418439716312	0.041212316049894344
Nitrososphaeria	JAHRAL010000052.1_11	1	141	0.0070921985815602835	30	2820	0.010811768876285006	0.7840612225195769	0.6559702360190675	0.8076581402971839
Nitrososphaeria	DP000238.1_1680	1	141	0.0070921985815602835	24	2820	0.008684863523573201	0.7076823835785009	0.8166160081053697	0.7494864062371465
Nitrososphaeria	JAHCGZ010000007.1_26	1	141	0.0070921985815602835	1	2820	0.0005317263381779511	0.07225034733066092	13.33806146572104	0.10019247060771211
Nitrososphaeria	JAHCGZ010000007.1_27	1	141	0.0070921985815602835	1	2820	0.0005317263381779511	0.07225034733066092	13.33806146572104	0.10019247060771211
Nitrososphaeria	JAHELP010000009.1_12	1	141	0.0070921985815602835	0	2820	0.0001772421127259837	0.02468360496481056	40.01418439716312	0.041212316049894344
Nitrososphaeria	WHSX01000059.1_3	1	141	0.0070921985815602835	2	2820	0.0008862105636299185	0.11751288489749241	8.002836879432625	0.1552407058382663
Nitrososphaeria	WVWY01000026.1_104	1	141	0.0070921985815602835	12	2820	0.004431052818149593	0.46536273060343436	1.6005673758865246	0.5407687286178797
Nitrososphaeria	JAFAQB010000083.1_15	1	141	0.0070921985815602835	0	2820	0.0001772421127259837	0.02468360496481056	40.01418439716312	0.041212316049894344
Nitrososphaeria	JAFAQB010000083.1_6	1	141	0.0070921985815602835	0	2820	0.0001772421127259837	0.02468360496481056	40.01418439716312	0.041212316049894344
Nitrososphaeria	JAFAQB010000083.1_7	1	141	0.0070921985815602835	0	2820	0.0001772421127259837	0.02468360496481056	40.01418439716312	0.041212316049894344
Nitrososphaeria	JAFAQB010000083.1_9	1	141	0.0070921985815602835	0	2820	0.0001772421127259837	0.02468360496481056	40.01418439716312	0.041212316049894344
Nitrososphaeria	JAFAQB010000083.1_10	1	141	0.0070921985815602835	0	2820	0.0001772421127259837	0.02468360496481056	40.01418439716312	0.041212316049894344
Nitrososphaeria	JAFAQB010000083.1_11	1	141	0.0070921985815602835	0	2820	0.0001772421127259837	0.02468360496481056	40.01418439716312	0.041212316049894344
Nitrososphaeria	JAATVS010000270.1_3	1	141	0.0070921985815602835	1	2820	0.0005317263381779511	0.07225034733066092	13.33806146572104	0.10019247060771211
Nitrososphaeria	JAFAQB010000083.1_14	1	141	0.0070921985815602835	0	2820	0.0001772421127259837	0.02468360496481056	40.01418439716312	0.041212316049894344
Nitrososphaeria	JAFAQB010000217.1_32	1	141	0.0070921985815602835	1	2820	0.0005317263381779511	0.07225034733066092	13.33806146572104	0.10019247060771211
Nitrososphaeria	JADDOQ010000026.1_18	1	141	0.0070921985815602835	1	2820	0.0005317263381779511	0.07225034733066092	13.33806146572104	0.10019247060771211
Nitrososphaeria	JAGQHF010000052.1_20	1	141	0.0070921985815602835	30	2820	0.010811768876285006	0.7840612225195769	0.6559702360190675	0.8076581402971839
Nitrososphaeria	WHSX01000111.1_8	1	141	0.0070921985815602835	0	2820	0.0001772421127259837	0.02468360496481056	40.01418439716312	0.041212316049894344
Nitrososphaeria	JACZSC010000116.1_2	1	141	0.0070921985815602835	0	2820	0.0001772421127259837	0.02468360496481056	40.01418439716312	0.041212316049894344
Nitrososphaeria	JAJNBK010000116.1_4	1	141	0.0070921985815602835	0	2820	0.0001772421127259837	0.02468360496481056	40.01418439716312	0.041212316049894344
Nitrososphaeria	JADKAQ010000025.1_78	1	141	0.0070921985815602835	2	2820	0.0008862105636299185	0.11751288489749241	8.002836879432625	0.1552407058382663
Nitrososphaeria	JADDOW010000025.1_1	1	141	0.0070921985815602835	0	2820	0.0001772421127259837	0.02468360496481056	40.01418439716312	0.041212316049894344
Nitrososphaeria	JADDOQ010000236.1_2	1	141	0.0070921985815602835	0	2820	0.0001772421127259837	0.02468360496481056	40.01418439716312	0.041212316049894344
Nitrososphaeria	JAFAQB010000083.1_5	1	141	0.0070921985815602835	0	2820	0.0001772421127259837	0.02468360496481056	40.01418439716312	0.041212316049894344
Nitrososphaeria	JAFAQB010000115.1_6	1	141	0.0070921985815602835	0	2820	0.0001772421127259837	0.02468360496481056	40.01418439716312	0.041212316049894344
Nitrososphaeria	JAFAQB010000083.1_3	1	141	0.0070921985815602835	0	2820	0.0001772421127259837	0.02468360496481056	40.01418439716312	0.041212316049894344
Nitrososphaeria	JAFAQB010000083.1_2	1	141	0.0070921985815602835	0	2820	0.0001772421127259837	0.02468360496481056	40.01418439716312	0.041212316049894344
Nitrososphaeria	JAJNBK010000007.1_2	1	141	0.0070921985815602835	3	2820	0.0012406947890818859	0.16058207806006342	5.716312056737588	0.20847983582625476
Nitrososphaeria	JAJNBK010000301.1_2	1	141	0.0070921985815602835	1	2820	0.0005317263381779511	0.07225034733066092	13.33806146572104	0.10019247060771211
Nitrososphaeria	NZ_CP017922.1_618	1	141	0.0070921985815602835	0	2820	0.0001772421127259837	0.02468360496481056	40.01418439716312	0.041212316049894344
Nitrososphaeria	NZ_CP012850.1_150	1	141	0.0070921985815602835	0	2820	0.0001772421127259837	0.02468360496481056	40.01418439716312	0.041212316049894344
Nitrososphaeria	NZ_CP017922.1_620	1	141	0.0070921985815602835	0	2820	0.0001772421127259837	0.02468360496481056	40.01418439716312	0.041212316049894344
Nitrososphaeria	NZ_ML974131.1_616	1	141	0.0070921985815602835	21	2820	0.007621410847217299	0.6599745842771875	0.9305624278410027	0.7109597452943093
Nitrososphaeria	NZ_FTNO01000005.1_195	1	141	0.0070921985815602835	0	2820	0.0001772421127259837	0.02468360496481056	40.01418439716312	0.041212316049894344
Nitrososphaeria	JAATVR010000362.1_9	1	141	0.0070921985815602835	0	2820	0.0001772421127259837	0.02468360496481056	40.01418439716312	0.041212316049894344
Nitrososphaeria	BGOU01000003.1_75	1	141	0.0070921985815602835	5	2820	0.0019496632399858206	0.2405576380801802	3.637653127014829	0.29743826186268585
Nitrososphaeria	NZ_QURE01000100.1_1	1	141	0.0070921985815602835	0	2820	0.0001772421127259837	0.02468360496481056	40.01418439716312	0.041212316049894344
Nitrososphaeria	JAGXTE010000054.1_47	1	141	0.0070921985815602835	23	2820	0.008330379298121233	0.6925685627975848	0.8513656254715558	0.7365877511109906
Nitrososphaeria	NZ_QURE01000100.1_3	1	141	0.0070921985815602835	0	2820	0.0001772421127259837	0.02468360496481056	40.01418439716312	0.041212316049894344
Nitrososphaeria	NZ_QURE01000100.1_4	1	141	0.0070921985815602835	0	2820	0.0001772421127259837	0.02468360496481056	40.01418439716312	0.041212316049894344
Nitrososphaeria	NZ_QURE01000100.1_6	1	141	0.0070921985815602835	0	2820	0.0001772421127259837	0.02468360496481056	40.01418439716312	0.041212316049894344
Nitrososphaeria	JAFAQB010000083.1_1	1	141	0.0070921985815602835	0	2820	0.0001772421127259837	0.02468360496481056	40.01418439716312	0.041212316049894344
Nitrososphaeria	NZ_JANHDJ010000003.1_295	1	141	0.0070921985815602835	0	2820	0.0001772421127259837	0.02468360496481056	40.01418439716312	0.041212316049894344
Nitrososphaeria	JADJWG010000004.1_15	1	141	0.0070921985815602835	0	2820	0.0001772421127259837	0.02468360496481056	40.01418439716312	0.041212316049894344
Nitrososphaeria	JADDOQ010000233.1_2	1	141	0.0070921985815602835	0	2820	0.0001772421127259837	0.02468360496481056	40.01418439716312	0.041212316049894344
Nitrososphaeria	NZ_CP026994.1_365	1	141	0.0070921985815602835	1	2820	0.0005317263381779511	0.07225034733066092	13.33806146572104	0.10019247060771211
Nitrososphaeria	BGOU01000010.1_22	1	141	0.0070921985815602835	0	2820	0.0001772421127259837	0.02468360496481056	40.01418439716312	0.041212316049894344
Nitrososphaeria	BGOU01000010.1_43	1	141	0.0070921985815602835	0	2820	0.0001772421127259837	0.02468360496481056	40.01418439716312	0.041212316049894344
Nitrososphaeria	JACDHC010000052.1_1	1	141	0.0070921985815602835	0	2820	0.0001772421127259837	0.02468360496481056	40.01418439716312	0.041212316049894344
Nitrososphaeria	JAATVR010000362.1_2	1	141	0.0070921985815602835	3	2820	0.0012406947890818859	0.16058207806006342	5.716312056737588	0.20847983582625476
Nitrososphaeria	JACDHC010000052.1_4	1	141	0.0070921985815602835	0	2820	0.0001772421127259837	0.02468360496481056	40.01418439716312	0.041212316049894344
Nitrososphaeria	JACENB010000018.1_1	1	141	0.0070921985815602835	0	2820	0.0001772421127259837	0.02468360496481056	40.01418439716312	0.041212316049894344
Nitrososphaeria	JADDOQ010000026.1_7	1	141	0.0070921985815602835	1	2820	0.0005317263381779511	0.07225034733066092	13.33806146572104	0.10019247060771211
Nitrososphaeria	JADDOQ010000026.1_8	1	141	0.0070921985815602835	1	2820	0.0005317263381779511	0.07225034733066092	13.33806146572104	0.10019247060771211
Nitrososphaeria	JAANXA010000050.1_14	1	141	0.0070921985815602835	29	2820	0.010457284650833037	0.7728718359466328	0.6782065152061546	0.799412764378866
Nitrososphaeria	JADDOQ010000026.1_10	1	141	0.0070921985815602835	1	2820	0.0005317263381779511	0.07225034733066092	13.33806146572104	0.10019247060771211
Nitrososphaeria	JADDOQ010000026.1_11	1	141	0.0070921985815602835	1	2820	0.0005317263381779511	0.07225034733066092	13.33806146572104	0.10019247060771211
Nitrososphaeria	JACDHC010000060.1_5	1	141	0.0070921985815602835	1	2820	0.0005317263381779511	0.07225034733066092	13.33806146572104	0.10019247060771211
Nitrososphaeria	JADDOQ010000026.1_14	1	141	0.0070921985815602835	1	2820	0.0005317263381779511	0.07225034733066092	13.33806146572104	0.10019247060771211
Nitrososphaeria	JACDHC010000114.1_6	1	141	0.0070921985815602835	1	2820	0.0005317263381779511	0.07225034733066092	13.33806146572104	0.10019247060771211
Nitrososphaeria	NZ_CBTY010000009.1_293	1	141	0.0070921985815602835	5	2820	0.0019496632399858206	0.2405576380801802	3.637653127014829	0.29743826186268585
Nitrososphaeria	BGOU01000010.1_21	1	141	0.0070921985815602835	0	2820	0.0001772421127259837	0.02468360496481056	40.01418439716312	0.041212316049894344
Nitrososphaeria	SYJQ01000011.1_2	1	141	0.0070921985815602835	0	2820	0.0001772421127259837	0.02468360496481056	40.01418439716312	0.041212316049894344
Nitrososphaeria	JAFAQB010000302.1_1	1	141	0.0070921985815602835	2	2820	0.0008862105636299185	0.11751288489749241	8.002836879432625	0.1552407058382663
Nitrososphaeria	SYJQ01000011.1_1	1	141	0.0070921985815602835	0	2820	0.0001772421127259837	0.02468360496481056	40.01418439716312	0.041212316049894344
Nitrososphaeria	JADDOW010000025.1_9	1	141	0.0070921985815602835	0	2820	0.0001772421127259837	0.02468360496481056	40.01418439716312	0.041212316049894344
Nitrososphaeria	JADDOW010000025.1_11	1	141	0.0070921985815602835	0	2820	0.0001772421127259837	0.02468360496481056	40.01418439716312	0.041212316049894344
Nitrososphaeria	JADDOW010000025.1_12	1	141	0.0070921985815602835	0	2820	0.0001772421127259837	0.02468360496481056	40.01418439716312	0.041212316049894344
Nitrososphaeria	JADDOW010000025.1_13	1	141	0.0070921985815602835	0	2820	0.0001772421127259837	0.02468360496481056	40.01418439716312	0.041212316049894344
Nitrososphaeria	JADDOW010000025.1_15	1	141	0.0070921985815602835	0	2820	0.0001772421127259837	0.02468360496481056	40.01418439716312	0.041212316049894344
Nitrososphaeria	JADJWG010000002.1_644	1	141	0.0070921985815602835	33	2820	0.011875221552640907	0.8144493944501268	0.5972266327934794	0.8355318719631409
Nitrososphaeria	JAJNBK010000040.1_2	1	141	0.0070921985815602835	0	2820	0.0001772421127259837	0.02468360496481056	40.01418439716312	0.041212316049894344
Nitrososphaeria	JAATVT010000096.1_3	1	141	0.0070921985815602835	0	2820	0.0001772421127259837	0.02468360496481056	40.01418439716312	0.041212316049894344
Nitrososphaeria	JAFAQB010000189.1_26	1	141	0.0070921985815602835	0	2820	0.0001772421127259837	0.02468360496481056	40.01418439716312	0.041212316049894344
Nitrososphaeria	JAATVK010000220.1_4	1	141	0.0070921985815602835	0	2820	0.0001772421127259837	0.02468360496481056	40.01418439716312	0.041212316049894344
Nitrososphaeria	JAATVT010000096.1_6	1	141	0.0070921985815602835	0	2820	0.0001772421127259837	0.02468360496481056	40.01418439716312	0.041212316049894344
Nitrososphaeria	JAATVT010000096.1_9	1	141	0.0070921985815602835	0	2820	0.0001772421127259837	0.02468360496481056	40.01418439716312	0.041212316049894344
Nitrososphaeria	JADDOQ010000012.1_3	1	141	0.0070921985815602835	0	2820	0.0001772421127259837	0.02468360496481056	40.01418439716312	0.041212316049894344
Nitrososphaeria	NZ_CP072036.1_807	1	141	0.0070921985815602835	25	2820	0.009039347749025168	0.7220581960393275	0.7845918509247671	0.7586810229764334
Nitrososphaeria	NZ_CP017922.1_1240	1	141	0.0070921985815602835	1	2820	0.0005317263381779511	0.07225034733066092	13.33806146572104	0.10019247060771211
Nitrososphaeria	NZ_CP017922.1_613	1	141	0.0070921985815602835	0	2820	0.0001772421127259837	0.02468360496481056	40.01418439716312	0.041212316049894344
Nitrososphaeria	NZ_CP017922.1_611	1	141	0.0070921985815602835	0	2820	0.0001772421127259837	0.02468360496481056	40.01418439716312	0.041212316049894344
Nitrososphaeria	NZ_CP017922.1_610	1	141	0.0070921985815602835	0	2820	0.0001772421127259837	0.02468360496481056	40.01418439716312	0.041212316049894344
Nitrososphaeria	JAATVR010000178.1_5	1	141	0.0070921985815602835	0	2820	0.0001772421127259837	0.02468360496481056	40.01418439716312	0.041212316049894344
Nitrososphaeria	JAATVS010000464.1_5	1	141	0.0070921985815602835	1	2820	0.0005317263381779511	0.07225034733066092	13.33806146572104	0.10019247060771211
Nitrososphaeria	JAATVS010000148.1_7	1	141	0.0070921985815602835	0	2820	0.0001772421127259837	0.02468360496481056	40.01418439716312	0.041212316049894344
Nitrososphaeria	JAATVS010000689.1_6	1	141	0.0070921985815602835	1	2820	0.0005317263381779511	0.07225034733066092	13.33806146572104	0.10019247060771211
Nitrososphaeria	WHTU01000012.1_22	1	141	0.0070921985815602835	0	2820	0.0001772421127259837	0.02468360496481056	40.01418439716312	0.041212316049894344
Nitrososphaeria	NZ_CP012850.1_1609	1	141	0.0070921985815602835	1	2820	0.0005317263381779511	0.07225034733066092	13.33806146572104	0.10019247060771211
Nitrososphaeria	JAATVS010000148.1_11	1	141	0.0070921985815602835	0	2820	0.0001772421127259837	0.02468360496481056	40.01418439716312	0.041212316049894344
Nitrososphaeria	JAATVS010000148.1_12	1	141	0.0070921985815602835	0	2820	0.0001772421127259837	0.02468360496481056	40.01418439716312	0.041212316049894344
Nitrososphaeria	JAATVS010000148.1_13	1	141	0.0070921985815602835	0	2820	0.0001772421127259837	0.02468360496481056	40.01418439716312	0.041212316049894344
Nitrososphaeria	JAATVS010000148.1_14	1	141	0.0070921985815602835	0	2820	0.0001772421127259837	0.02468360496481056	40.01418439716312	0.041212316049894344
Nitrososphaeria	JAATVS010000148.1_15	1	141	0.0070921985815602835	0	2820	0.0001772421127259837	0.02468360496481056	40.01418439716312	0.041212316049894344
Nitrososphaeria	JAFAQB010000435.1_3	1	141	0.0070921985815602835	1	2820	0.0005317263381779511	0.07225034733066092	13.33806146572104	0.10019247060771211
Nitrososphaeria	JAATVS010000148.1_18	1	141	0.0070921985815602835	0	2820	0.0001772421127259837	0.02468360496481056	40.01418439716312	0.041212316049894344
Nitrososphaeria	JAATVS010000148.1_19	1	141	0.0070921985815602835	0	2820	0.0001772421127259837	0.02468360496481056	40.01418439716312	0.041212316049894344
Nitrososphaeria	JAATVR010000393.1_6	1	141	0.0070921985815602835	0	2820	0.0001772421127259837	0.02468360496481056	40.01418439716312	0.041212316049894344
Nitrososphaeria	JAATVR010000490.1_2	1	141	0.0070921985815602835	0	2820	0.0001772421127259837	0.02468360496481056	40.01418439716312	0.041212316049894344
Nitrososphaeria	JAATVS010000148.1_5	1	141	0.0070921985815602835	0	2820	0.0001772421127259837	0.02468360496481056	40.01418439716312	0.041212316049894344
Nitrososphaeria	JAATVR010000089.1_5	1	141	0.0070921985815602835	0	2820	0.0001772421127259837	0.02468360496481056	40.01418439716312	0.041212316049894344
Nitrososphaeria	JAATVR010000490.1_4	1	141	0.0070921985815602835	0	2820	0.0001772421127259837	0.02468360496481056	40.01418439716312	0.041212316049894344
Nitrososphaeria	JAATVP010000001.1_12	1	141	0.0070921985815602835	0	2820	0.0001772421127259837	0.02468360496481056	40.01418439716312	0.041212316049894344
Nitrososphaeria	NZ_CP017922.1_1965	1	141	0.0070921985815602835	2	2820	0.0008862105636299185	0.11751288489749241	8.002836879432625	0.1552407058382663
Nitrososphaeria	JACERO010000006.1_33	1	141	0.0070921985815602835	6	2820	0.002304147465437788	0.27766023331496603	3.078014184397163	0.3394125903996257
Nitrososphaeria	WHTU01000040.1_28	1	141	0.0070921985815602835	0	2820	0.0001772421127259837	0.02468360496481056	40.01418439716312	0.041212316049894344
Nitrososphaeria	WHTU01000040.1_29	1	141	0.0070921985815602835	0	2820	0.0001772421127259837	0.02468360496481056	40.01418439716312	0.041212316049894344
Nitrososphaeria	JAATVR010000315.1_9	1	141	0.0070921985815602835	2	2820	0.0008862105636299185	0.11751288489749241	8.002836879432625	0.1552407058382663
Nitrososphaeria	JAATVS010000222.1_4	1	141	0.0070921985815602835	4	2820	0.0015951790145338532	0.20156349000526308	4.44602048857368	0.25465991270799176
Nitrososphaeria	WHTU01000040.1_38	1	141	0.0070921985815602835	0	2820	0.0001772421127259837	0.02468360496481056	40.01418439716312	0.041212316049894344
Nitrososphaeria	WHTU01000040.1_39	1	141	0.0070921985815602835	0	2820	0.0001772421127259837	0.02468360496481056	40.01418439716312	0.041212316049894344
Nitrososphaeria	WHTU01000040.1_40	1	141	0.0070921985815602835	0	2820	0.0001772421127259837	0.02468360496481056	40.01418439716312	0.041212316049894344
Nitrososphaeria	WHTU01000040.1_41	1	141	0.0070921985815602835	0	2820	0.0001772421127259837	0.02468360496481056	40.01418439716312	0.041212316049894344
Nitrososphaeria	JAATVR010000362.1_3	1	141	0.0070921985815602835	0	2820	0.0001772421127259837	0.02468360496481056	40.01418439716312	0.041212316049894344
Nitrososphaeria	JAATVP010000001.1_7	1	141	0.0070921985815602835	0	2820	0.0001772421127259837	0.02468360496481056	40.01418439716312	0.041212316049894344
Nitrososphaeria	JAATVS010000692.1_8	1	141	0.0070921985815602835	2	2820	0.0008862105636299185	0.11751288489749241	8.002836879432625	0.1552407058382663
Nitrososphaeria	JAATVK010000032.1_8	1	141	0.0070921985815602835	11	2820	0.004076568592697625	0.4378412318686412	1.7397471477027442	0.5135427532664903
Nitrososphaeria	JAATVP010000001.1_11	1	141	0.0070921985815602835	0	2820	0.0001772421127259837	0.02468360496481056	40.01418439716312	0.041212316049894344
Nitrososphaeria	JAATVR010000490.1_3	1	141	0.0070921985815602835	0	2820	0.0001772421127259837	0.02468360496481056	40.01418439716312	0.041212316049894344
Nitrososphaeria	WHSX01000134.1_9	1	141	0.0070921985815602835	1	2820	0.0005317263381779511	0.07225034733066092	13.33806146572104	0.10019247060771211
Nitrososphaeria	NZ_CP017922.1_609	1	141	0.0070921985815602835	0	2820	0.0001772421127259837	0.02468360496481056	40.01418439716312	0.041212316049894344
Nitrososphaeria	NZ_CP012850.1_275	1	141	0.0070921985815602835	0	2820	0.0001772421127259837	0.02468360496481056	40.01418439716312	0.041212316049894344
Nitrososphaeria	NZ_CP012850.1_277	1	141	0.0070921985815602835	0	2820	0.0001772421127259837	0.02468360496481056	40.01418439716312	0.041212316049894344
Nitrososphaeria	NZ_CP017922.1_2829	1	141	0.0070921985815602835	3	2820	0.0012406947890818859	0.16058207806006342	5.716312056737588	0.20847983582625476
Nitrososphaeria	NZ_CP012850.1_280	1	141	0.0070921985815602835	0	2820	0.0001772421127259837	0.02468360496481056	40.01418439716312	0.041212316049894344
Nitrososphaeria	QNGA01000006.1_150	1	141	0.0070921985815602835	1	2820	0.0005317263381779511	0.07225034733066092	13.33806146572104	0.10019247060771211
Nitrososphaeria	NZ_CP012850.1_282	1	141	0.0070921985815602835	0	2820	0.0001772421127259837	0.02468360496481056	40.01418439716312	0.041212316049894344
Nitrososphaeria	NZ_CP012850.1_283	1	141	0.0070921985815602835	0	2820	0.0001772421127259837	0.02468360496481056	40.01418439716312	0.041212316049894344
Nitrososphaeria	NZ_CP012850.1_284	1	141	0.0070921985815602835	0	2820	0.0001772421127259837	0.02468360496481056	40.01418439716312	0.041212316049894344
Nitrososphaeria	NZ_CP012850.1_285	1	141	0.0070921985815602835	0	2820	0.0001772421127259837	0.02468360496481056	40.01418439716312	0.041212316049894344
Nitrososphaeria	NZ_CP012850.1_345	1	141	0.0070921985815602835	0	2820	0.0001772421127259837	0.02468360496481056	40.01418439716312	0.041212316049894344
Nitrososphaeria	NZ_CP012850.1_288	1	141	0.0070921985815602835	0	2820	0.0001772421127259837	0.02468360496481056	40.01418439716312	0.041212316049894344
Nitrososphaeria	NZ_CP012850.1_290	1	141	0.0070921985815602835	0	2820	0.0001772421127259837	0.02468360496481056	40.01418439716312	0.041212316049894344
Nitrososphaeria	NZ_CP017922.1_605	1	141	0.0070921985815602835	0	2820	0.0001772421127259837	0.02468360496481056	40.01418439716312	0.041212316049894344
Nitrososphaeria	NZ_CP017922.1_606	1	141	0.0070921985815602835	0	2820	0.0001772421127259837	0.02468360496481056	40.01418439716312	0.041212316049894344
Nitrososphaeria	NZ_CP017922.1_607	1	141	0.0070921985815602835	0	2820	0.0001772421127259837	0.02468360496481056	40.01418439716312	0.041212316049894344
Nitrososphaeria	NZ_CP017922.1_608	1	141	0.0070921985815602835	0	2820	0.0001772421127259837	0.02468360496481056	40.01418439716312	0.041212316049894344
Nitrososphaeria	NZ_QURE01000033.1_2	1	141	0.0070921985815602835	1	2820	0.0005317263381779511	0.07225034733066092	13.33806146572104	0.10019247060771211
Nitrososphaeria	WHTU01000063.1_6	1	141	0.0070921985815602835	2	2820	0.0008862105636299185	0.11751288489749241	8.002836879432625	0.1552407058382663
Nitrososphaeria	JAATVR010000490.1_6	1	141	0.0070921985815602835	0	2820	0.0001772421127259837	0.02468360496481056	40.01418439716312	0.041212316049894344
Nitrososphaeria	NZ_CP012850.1_273	1	141	0.0070921985815602835	0	2820	0.0001772421127259837	0.02468360496481056	40.01418439716312	0.041212316049894344
Nitrososphaeria	WHTU01000060.1_25	1	141	0.0070921985815602835	0	2820	0.0001772421127259837	0.02468360496481056	40.01418439716312	0.041212316049894344
Nitrososphaeria	JAATVR010000490.1_8	1	141	0.0070921985815602835	0	2820	0.0001772421127259837	0.02468360496481056	40.01418439716312	0.041212316049894344
Nitrososphaeria	JAATVR010000490.1_10	1	141	0.0070921985815602835	0	2820	0.0001772421127259837	0.02468360496481056	40.01418439716312	0.041212316049894344
Nitrososphaeria	JAATVR010000490.1_13	1	141	0.0070921985815602835	0	2820	0.0001772421127259837	0.02468360496481056	40.01418439716312	0.041212316049894344
Nitrososphaeria	JAATVK010000265.1_1	1	141	0.0070921985815602835	0	2820	0.0001772421127259837	0.02468360496481056	40.01418439716312	0.041212316049894344
Nitrososphaeria	JAATVK010000265.1_2	1	141	0.0070921985815602835	0	2820	0.0001772421127259837	0.02468360496481056	40.01418439716312	0.041212316049894344
Nitrososphaeria	JAATVK010000265.1_4	1	141	0.0070921985815602835	0	2820	0.0001772421127259837	0.02468360496481056	40.01418439716312	0.041212316049894344
Nitrososphaeria	JAATVK010000265.1_5	1	141	0.0070921985815602835	0	2820	0.0001772421127259837	0.02468360496481056	40.01418439716312	0.041212316049894344
Nitrososphaeria	NZ_CP012850.1_266	1	141	0.0070921985815602835	0	2820	0.0001772421127259837	0.02468360496481056	40.01418439716312	0.041212316049894344
Nitrososphaeria	NZ_CP012850.1_267	1	141	0.0070921985815602835	0	2820	0.0001772421127259837	0.02468360496481056	40.01418439716312	0.041212316049894344
Nitrososphaeria	NZ_QURE01000054.1_15	1	141	0.0070921985815602835	0	2820	0.0001772421127259837	0.02468360496481056	40.01418439716312	0.041212316049894344
Nitrososphaeria	NZ_CP012850.1_269	1	141	0.0070921985815602835	1	2820	0.0005317263381779511	0.07225034733066092	13.33806146572104	0.10019247060771211
Nitrososphaeria	NZ_CP012850.1_270	1	141	0.0070921985815602835	0	2820	0.0001772421127259837	0.02468360496481056	40.01418439716312	0.041212316049894344
Nitrososphaeria	NZ_CP012850.1_271	1	141	0.0070921985815602835	0	2820	0.0001772421127259837	0.02468360496481056	40.01418439716312	0.041212316049894344
Nitrososphaeria	WHTU01000004.1_105	1	141	0.0070921985815602835	0	2820	0.0001772421127259837	0.02468360496481056	40.01418439716312	0.041212316049894344
Nitrososphaeria	JADDOQ010000026.1_17	1	141	0.0070921985815602835	1	2820	0.0005317263381779511	0.07225034733066092	13.33806146572104	0.10019247060771211
Nitrososphaeria	JADDOQ010000026.1_19	1	141	0.0070921985815602835	0	2820	0.0001772421127259837	0.02468360496481056	40.01418439716312	0.041212316049894344
Nitrososphaeria	JAHELP010000009.1_1	1	141	0.0070921985815602835	0	2820	0.0001772421127259837	0.02468360496481056	40.01418439716312	0.041212316049894344
Nitrososphaeria	NZ_JAJCVI010000003.1_517	1	141	0.0070921985815602835	2	2820	0.0008862105636299185	0.11751288489749241	8.002836879432625	0.1552407058382663
Nitrososphaeria	RKSK01000141.1_4	1	141	0.0070921985815602835	21	2820	0.007621410847217299	0.6599745842771875	0.9305624278410027	0.7109597452943093
Nitrososphaeria	NZ_CP044523.1_3437	1	141	0.0070921985815602835	25	2820	0.009039347749025168	0.7220581960393275	0.7845918509247671	0.7586810229764334
Nitrososphaeria	JADKAQ010000044.1_4	1	141	0.0070921985815602835	0	2820	0.0001772421127259837	0.02468360496481056	40.01418439716312	0.041212316049894344
Nitrososphaeria	OMIR01000017.1_21	1	141	0.0070921985815602835	0	2820	0.0001772421127259837	0.02468360496481056	40.01418439716312	0.041212316049894344
Nitrososphaeria	JACATA010000010.1_1	1	141	0.0070921985815602835	1	2820	0.0005317263381779511	0.07225034733066092	13.33806146572104	0.10019247060771211
Nitrososphaeria	JADKAQ010000023.1_59	1	141	0.0070921985815602835	26	2820	0.009393831974477136	0.735731792276763	0.7549846112672286	0.7673213844659315
Nitrososphaeria	WHTU01000040.1_25	1	141	0.0070921985815602835	0	2820	0.0001772421127259837	0.02468360496481056	40.01418439716312	0.041212316049894344
Nitrososphaeria	NZ_MWLL01000160.1_87	1	141	0.0070921985815602835	2	2820	0.0008862105636299185	0.11751288489749241	8.002836879432625	0.1552407058382663
Nitrososphaeria	JADDOQ010000026.1_20	1	141	0.0070921985815602835	0	2820	0.0001772421127259837	0.02468360496481056	40.01418439716312	0.041212316049894344
Nitrososphaeria	SCVO01000002.1_13	1	141	0.0070921985815602835	2	2820	0.0008862105636299185	0.11751288489749241	8.002836879432625	0.1552407058382663
Nitrososphaeria	NC_010085.1_1797	1	141	0.0070921985815602835	5	2820	0.0019496632399858206	0.2405576380801802	3.637653127014829	0.29743826186268585
Nitrososphaeria	JABSRD010000001.1_695	1	141	0.0070921985815602835	8	2820	0.003013115916341723	0.34655093642920287	2.353775552774301	0.41819367809485536
Nitrososphaeria	JAIOPB010000036.1_18	1	141	0.0070921985815602835	0	2820	0.0001772421127259837	0.02468360496481056	40.01418439716312	0.041212316049894344
Nitrososphaeria	RHFD01000020.1_6	1	141	0.0070921985815602835	16	2820	0.005848989719957462	0.5626969515688873	1.2125510423382762	0.6267911309635683
Nitrososphaeria	JAHFUM010000012.1_30	1	141	0.0070921985815602835	0	2820	0.0001772421127259837	0.02468360496481056	40.01418439716312	0.041212316049894344
Nitrososphaeria	JOSY01000001.1_4	1	141	0.0070921985815602835	21	2820	0.007621410847217299	0.6599745842771875	0.9305624278410027	0.7109597452943093
Nitrososphaeria	DAMC01000065.1_42	1	141	0.0070921985815602835	24	2820	0.008684863523573201	0.7076823835785009	0.8166160081053697	0.7494864062371465
Nitrososphaeria	JAHRAL010000056.1_43	1	141	0.0070921985815602835	5	2820	0.0019496632399858206	0.2405576380801802	3.637653127014829	0.29743826186268585
Nitrososphaeria	CACLNC010000018.1_2	1	141	0.0070921985815602835	19	2820	0.0069124423963133645	0.6239520448862459	1.0260047281323876	0.680921579419338
Nitrososphaeria	NZ_MU078723.1_547	1	141	0.0070921985815602835	9	2820	0.00336760014179369	0.37850843556346614	2.1060097051138484	0.45384849041288217
Nitrososphaeria	JAATVK010000108.1_3	1	141	0.0070921985815602835	38	2820	0.013647642679900745	0.8559463568894143	0.5196647324306899	0.8721618494421232
Nitrososphaeria	JOSY01000001.1_18	1	141	0.0070921985815602835	14	2820	0.0051400212690535275	0.5164555349545848	1.379799461971142	0.5874486674030248
Nitrososphaeria	JAEHKV010000051.1_7	1	141	0.0070921985815602835	16	2820	0.005848989719957462	0.5626969515688873	1.2125510423382762	0.6267911309635683
Nitrososphaeria	JAJNBK010000015.1_10	1	141	0.0070921985815602835	25	2820	0.009039347749025168	0.7220581960393275	0.7845918509247671	0.7586810229764334
Nitrososphaeria	JAFAQB010000045.1_2	1	141	0.0070921985815602835	21	2820	0.007621410847217299	0.6599745842771875	0.9305624278410027	0.7109597452943093
Nitrososphaeria	NC_019964.1_2171	1	141	0.0070921985815602835	29	2820	0.010457284650833037	0.7728718359466328	0.6782065152061546	0.799412764378866
Nitrososphaeria	UYNY01000031.1_59	1	141	0.0070921985815602835	30	2820	0.010811768876285006	0.7840612225195769	0.6559702360190675	0.8076581402971839
Nitrososphaeria	WHTU01000081.1_3	1	141	0.0070921985815602835	31	2820	0.011166253101736972	0.7947030854422203	0.6351457840819543	0.8175019444508086
Nitrososphaeria	JAHRAL010000100.1_2	1	141	0.0070921985815602835	40	2820	0.01435661113080468	0.8698351658610124	0.4940022765081866	0.8803573654480408
Nitrososphaeria	VHBK01000008.1_20	1	141	0.0070921985815602835	42	2820	0.015065579581708614	0.882393477046579	0.4707551105548602	0.889480974854182
Nitrososphaeria	JAHRAJ010000013.1_21	1	141	0.0070921985815602835	24	2820	0.008684863523573201	0.7076823835785009	0.8166160081053697	0.7494864062371465
Nitrososphaeria	VXON01000026.1_6	1	141	0.0070921985815602835	19	2820	0.0069124423963133645	0.6239520448862459	1.0260047281323876	0.680921579419338
Nitrososphaeria	DP000238.1_1286	1	141	0.0070921985815602835	1	2820	0.0005317263381779511	0.07225034733066092	13.33806146572104	0.10019247060771211
Nitrososphaeria	DP000238.1_1287	1	141	0.0070921985815602835	1	2820	0.0005317263381779511	0.07225034733066092	13.33806146572104	0.10019247060771211
Nitrososphaeria	DP000238.1_1288	1	141	0.0070921985815602835	1	2820	0.0005317263381779511	0.07225034733066092	13.33806146572104	0.10019247060771211
Nitrososphaeria	JAHFUM010000012.1_42	1	141	0.0070921985815602835	0	2820	0.0001772421127259837	0.02468360496481056	40.01418439716312	0.041212316049894344
Nitrososphaeria	JAHFUM010000012.1_44	1	141	0.0070921985815602835	1	2820	0.0005317263381779511	0.07225034733066092	13.33806146572104	0.10019247060771211
Nitrososphaeria	JAHFUM010000012.1_45	1	141	0.0070921985815602835	0	2820	0.0001772421127259837	0.02468360496481056	40.01418439716312	0.041212316049894344
Nitrososphaeria	JAENJF010000030.1_11	1	141	0.0070921985815602835	19	2820	0.0069124423963133645	0.6239520448862459	1.0260047281323876	0.680921579419338
Nitrososphaeria	LFLC01000025.1_24	1	141	0.0070921985815602835	4	2820	0.0015951790145338532	0.20156349000526308	4.44602048857368	0.25465991270799176
Nitrososphaeria	LFLC01000038.1_5	1	141	0.0070921985815602835	0	2820	0.0001772421127259837	0.02468360496481056	40.01418439716312	0.041212316049894344
Nitrososphaeria	LFEY01000027.1_1	1	141	0.0070921985815602835	0	2820	0.0001772421127259837	0.02468360496481056	40.01418439716312	0.041212316049894344
Nitrososphaeria	LFLC01000025.1_218	1	141	0.0070921985815602835	5	2820	0.0019496632399858206	0.2405576380801802	3.637653127014829	0.29743826186268585
Nitrososphaeria	JAANXA010000013.1_45	1	141	0.0070921985815602835	1	2820	0.0005317263381779511	0.07225034733066092	13.33806146572104	0.10019247060771211
Nitrososphaeria	JALDAN010000024.1_5	1	141	0.0070921985815602835	21	2820	0.007621410847217299	0.6599745842771875	0.9305624278410027	0.7109597452943093
Nitrososphaeria	NZ_CP026995.1_802	1	141	0.0070921985815602835	1	2820	0.0005317263381779511	0.07225034733066092	13.33806146572104	0.10019247060771211
Nitrososphaeria	NZ_AVSQ01000018.1_6	1	141	0.0070921985815602835	0	2820	0.0001772421127259837	0.02468360496481056	40.01418439716312	0.041212316049894344
Nitrososphaeria	NZ_CP026995.1_1585	1	141	0.0070921985815602835	0	2820	0.0001772421127259837	0.02468360496481056	40.01418439716312	0.041212316049894344
Nitrososphaeria	NZ_CP026995.1_1586	1	141	0.0070921985815602835	0	2820	0.0001772421127259837	0.02468360496481056	40.01418439716312	0.041212316049894344
Nitrososphaeria	NZ_CP026995.1_1589	1	141	0.0070921985815602835	0	2820	0.0001772421127259837	0.02468360496481056	40.01418439716312	0.041212316049894344
Nitrososphaeria	NZ_CP026995.1_1599	1	141	0.0070921985815602835	0	2820	0.0001772421127259837	0.02468360496481056	40.01418439716312	0.041212316049894344
Nitrososphaeria	BGOU01000001.1_18	1	141	0.0070921985815602835	1	2820	0.0005317263381779511	0.07225034733066092	13.33806146572104	0.10019247060771211
Nitrososphaeria	NZ_CP026995.1_1601	1	141	0.0070921985815602835	0	2820	0.0001772421127259837	0.02468360496481056	40.01418439716312	0.041212316049894344
Nitrososphaeria	NZ_CP026995.1_1602	1	141	0.0070921985815602835	0	2820	0.0001772421127259837	0.02468360496481056	40.01418439716312	0.041212316049894344
Nitrososphaeria	NZ_BGKI01000001.1_286	1	141	0.0070921985815602835	1	2820	0.0005317263381779511	0.07225034733066092	13.33806146572104	0.10019247060771211
Nitrososphaeria	NZ_MU078716.1_78	1	141	0.0070921985815602835	1	2820	0.0005317263381779511	0.07225034733066092	13.33806146572104	0.10019247060771211
Nitrososphaeria	CAJQMY010000053.1_59	1	141	0.0070921985815602835	23	2820	0.008330379298121233	0.6925685627975848	0.8513656254715558	0.7365877511109906
Nitrososphaeria	NZ_CP011097.1_530	1	141	0.0070921985815602835	2	2820	0.0008862105636299185	0.11751288489749241	8.002836879432625	0.1552407058382663
Nitrososphaeria	JABFSW010000086.1_1	1	141	0.0070921985815602835	0	2820	0.0001772421127259837	0.02468360496481056	40.01418439716312	0.041212316049894344
Nitrososphaeria	JAEHKV010000027.1_27	1	141	0.0070921985815602835	12	2820	0.004431052818149593	0.46536273060343436	1.6005673758865246	0.5407687286178797
Nitrososphaeria	QQVN01000003.1_722	1	141	0.0070921985815602835	0	2820	0.0001772421127259837	0.02468360496481056	40.01418439716312	0.041212316049894344
Nitrososphaeria	QQVN01000003.1_737	1	141	0.0070921985815602835	0	2820	0.0001772421127259837	0.02468360496481056	40.01418439716312	0.041212316049894344
Nitrososphaeria	NZ_CP030846.1_1436	1	141	0.0070921985815602835	37	2820	0.013293158454448777	0.8484598657173552	0.5335224586288416	0.8680574441374571
Nitrososphaeria	JABDOO010000067.1_9	1	141	0.0070921985815602835	0	2820	0.0001772421127259837	0.02468360496481056	40.01418439716312	0.041212316049894344
Nitrososphaeria	JABDOO010000067.1_10	1	141	0.0070921985815602835	0	2820	0.0001772421127259837	0.02468360496481056	40.01418439716312	0.041212316049894344
Nitrososphaeria	NZ_AEXL02000090.1_187	1	141	0.0070921985815602835	0	2820	0.0001772421127259837	0.02468360496481056	40.01418439716312	0.041212316049894344
Nitrososphaeria	JACDHC010000108.1_5	1	141	0.0070921985815602835	21	2820	0.007621410847217299	0.6599745842771875	0.9305624278410027	0.7109597452943093
Nitrososphaeria	NZ_CP026993.1_733	1	141	0.0070921985815602835	1	2820	0.0005317263381779511	0.07225034733066092	13.33806146572104	0.10019247060771211
Nitrososphaeria	LFLC01000043.1_1	1	141	0.0070921985815602835	0	2820	0.0001772421127259837	0.02468360496481056	40.01418439716312	0.041212316049894344
Nitrososphaeria	LFLC01000043.1_2	1	141	0.0070921985815602835	0	2820	0.0001772421127259837	0.02468360496481056	40.01418439716312	0.041212316049894344
Nitrososphaeria	LFLC01000043.1_3	1	141	0.0070921985815602835	0	2820	0.0001772421127259837	0.02468360496481056	40.01418439716312	0.041212316049894344
Nitrososphaeria	VMDM01000024.1_90	1	141	0.0070921985815602835	6	2820	0.002304147465437788	0.27766023331496603	3.078014184397163	0.3394125903996257
Nitrososphaeria	JABSRD010000007.1_183	1	141	0.0070921985815602835	2	2820	0.0008862105636299185	0.11751288489749241	8.002836879432625	0.1552407058382663
Nitrososphaeria	WVWY01000040.1_3	1	141	0.0070921985815602835	17	2820	0.00620347394540943	0.5841431368084016	1.1432624113475176	0.6459027636075277
Nitrososphaeria	DP000238.1_1264	1	141	0.0070921985815602835	0	2820	0.0001772421127259837	0.02468360496481056	40.01418439716312	0.041212316049894344
Nitrososphaeria	JABDKK010000179.1_3	1	141	0.0070921985815602835	0	2820	0.0001772421127259837	0.02468360496481056	40.01418439716312	0.041212316049894344
Nitrososphaeria	NZ_CP030846.1_1202	1	141	0.0070921985815602835	0	2820	0.0001772421127259837	0.02468360496481056	40.01418439716312	0.041212316049894344
Nitrososphaeria	JACASX010000001.1_188	1	141	0.0070921985815602835	0	2820	0.0001772421127259837	0.02468360496481056	40.01418439716312	0.041212316049894344
Nitrososphaeria	RKRY01000154.1_1	1	141	0.0070921985815602835	0	2820	0.0001772421127259837	0.02468360496481056	40.01418439716312	0.041212316049894344
Nitrososphaeria	RKRY01000008.1_3	1	141	0.0070921985815602835	0	2820	0.0001772421127259837	0.02468360496481056	40.01418439716312	0.041212316049894344
Nitrososphaeria	RKRY01000155.1_5	1	141	0.0070921985815602835	0	2820	0.0001772421127259837	0.02468360496481056	40.01418439716312	0.041212316049894344
Nitrososphaeria	CP046181.1_908	1	141	0.0070921985815602835	1	2820	0.0005317263381779511	0.07225034733066092	13.33806146572104	0.10019247060771211
Nitrososphaeria	NZ_CP021324.1_133	1	141	0.0070921985815602835	6	2820	0.002304147465437788	0.27766023331496603	3.078014184397163	0.3394125903996257
Nitrososphaeria	NZ_AVSQ01000003.1_75	1	141	0.0070921985815602835	5	2820	0.0019496632399858206	0.2405576380801802	3.637653127014829	0.29743826186268585
Nitrososphaeria	RKRY01000155.1_9	1	141	0.0070921985815602835	0	2820	0.0001772421127259837	0.02468360496481056	40.01418439716312	0.041212316049894344
Nitrososphaeria	RKRY01000155.1_11	1	141	0.0070921985815602835	0	2820	0.0001772421127259837	0.02468360496481056	40.01418439716312	0.041212316049894344
Nitrososphaeria	QOOS01000008.1_62	1	141	0.0070921985815602835	0	2820	0.0001772421127259837	0.02468360496481056	40.01418439716312	0.041212316049894344
Nitrososphaeria	NZ_CP024808.1_306	1	141	0.0070921985815602835	23	2820	0.008330379298121233	0.6925685627975848	0.8513656254715558	0.7365877511109906
Nitrososphaeria	CAJQSS010000027.1_14	1	141	0.0070921985815602835	1	2820	0.0005317263381779511	0.07225034733066092	13.33806146572104	0.10019247060771211
Nitrososphaeria	JAEMQG010000051.1_1	1	141	0.0070921985815602835	0	2820	0.0001772421127259837	0.02468360496481056	40.01418439716312	0.041212316049894344
Nitrososphaeria	JAJRWR010000006.1_1	1	141	0.0070921985815602835	0	2820	0.0001772421127259837	0.02468360496481056	40.01418439716312	0.041212316049894344
Nitrososphaeria	JAJRWR010000006.1_2	1	141	0.0070921985815602835	0	2820	0.0001772421127259837	0.02468360496481056	40.01418439716312	0.041212316049894344
Nitrososphaeria	JAKAJY010000012.1_1	1	141	0.0070921985815602835	0	2820	0.0001772421127259837	0.02468360496481056	40.01418439716312	0.041212316049894344
Nitrososphaeria	NZ_LWHG01000028.1_332	1	141	0.0070921985815602835	1	2820	0.0005317263381779511	0.07225034733066092	13.33806146572104	0.10019247060771211
Nitrososphaeria	JAJRWR010000006.1_5	1	141	0.0070921985815602835	0	2820	0.0001772421127259837	0.02468360496481056	40.01418439716312	0.041212316049894344
Nitrososphaeria	NZ_CP030846.1_1199	1	141	0.0070921985815602835	0	2820	0.0001772421127259837	0.02468360496481056	40.01418439716312	0.041212316049894344
Nitrososphaeria	WHSX01000226.1_3	1	141	0.0070921985815602835	1	2820	0.0005317263381779511	0.07225034733066092	13.33806146572104	0.10019247060771211
Nitrososphaeria	OMIR01000011.1_5	1	141	0.0070921985815602835	2	2820	0.0008862105636299185	0.11751288489749241	8.002836879432625	0.1552407058382663
Nitrososphaeria	CACDFH010000007.1_25	1	141	0.0070921985815602835	23	2820	0.008330379298121233	0.6925685627975848	0.8513656254715558	0.7365877511109906
Nitrososphaeria	UYNY01000113.1_17	1	141	0.0070921985815602835	26	2820	0.009393831974477136	0.735731792276763	0.7549846112672286	0.7673213844659315
Nitrososphaeria	CABXPS010000019.1_1	1	141	0.0070921985815602835	0	2820	0.0001772421127259837	0.02468360496481056	40.01418439716312	0.041212316049894344
Nitrososphaeria	JAANXC010000074.1_5	1	141	0.0070921985815602835	0	2820	0.0001772421127259837	0.02468360496481056	40.01418439716312	0.041212316049894344
Nitrososphaeria	JAHFUX010000005.1_24	1	141	0.0070921985815602835	0	2820	0.0001772421127259837	0.02468360496481056	40.01418439716312	0.041212316049894344
Nitrososphaeria	JAHFUX010000005.1_25	1	141	0.0070921985815602835	0	2820	0.0001772421127259837	0.02468360496481056	40.01418439716312	0.041212316049894344
Nitrososphaeria	NSIR01000010.1_19	1	141	0.0070921985815602835	0	2820	0.0001772421127259837	0.02468360496481056	40.01418439716312	0.041212316049894344
Nitrososphaeria	JACRND010000071.1_5	1	141	0.0070921985815602835	5	2820	0.0019496632399858206	0.2405576380801802	3.637653127014829	0.29743826186268585
Nitrososphaeria	BGOU01000010.1_321	1	141	0.0070921985815602835	4	2820	0.0015951790145338532	0.20156349000526308	4.44602048857368	0.25465991270799176
Nitrososphaeria	NSIR01000010.1_28	1	141	0.0070921985815602835	0	2820	0.0001772421127259837	0.02468360496481056	40.01418439716312	0.041212316049894344
Nitrososphaeria	NZ_MU078716.1_30	1	141	0.0070921985815602835	2	2820	0.0008862105636299185	0.11751288489749241	8.002836879432625	0.1552407058382663
Nitrososphaeria	NZ_CP030846.1_1188	1	141	0.0070921985815602835	0	2820	0.0001772421127259837	0.02468360496481056	40.01418439716312	0.041212316049894344
Nitrososphaeria	NZ_CP030846.1_1189	1	141	0.0070921985815602835	0	2820	0.0001772421127259837	0.02468360496481056	40.01418439716312	0.041212316049894344
Nitrososphaeria	JAJRWR010000006.1_4	1	141	0.0070921985815602835	0	2820	0.0001772421127259837	0.02468360496481056	40.01418439716312	0.041212316049894344
Nitrososphaeria	CP046181.1_1957	1	141	0.0070921985815602835	0	2820	0.0001772421127259837	0.02468360496481056	40.01418439716312	0.041212316049894344
Nitrososphaeria	JACNFR010000062.1_19	1	141	0.0070921985815602835	0	2820	0.0001772421127259837	0.02468360496481056	40.01418439716312	0.041212316049894344
Nitrososphaeria	JACATG010000004.1_52	1	141	0.0070921985815602835	0	2820	0.0001772421127259837	0.02468360496481056	40.01418439716312	0.041212316049894344
Nitrososphaeria	CACHDH010000007.1_11	1	141	0.0070921985815602835	0	2820	0.0001772421127259837	0.02468360496481056	40.01418439716312	0.041212316049894344
Nitrososphaeria	CAJQSE010000004.1_1	1	141	0.0070921985815602835	0	2820	0.0001772421127259837	0.02468360496481056	40.01418439716312	0.041212316049894344
Nitrososphaeria	CAJQSE010000004.1_2	1	141	0.0070921985815602835	0	2820	0.0001772421127259837	0.02468360496481056	40.01418439716312	0.041212316049894344
Nitrososphaeria	CAJQSE010000004.1_3	1	141	0.0070921985815602835	0	2820	0.0001772421127259837	0.02468360496481056	40.01418439716312	0.041212316049894344
Nitrososphaeria	PAAH01000018.1_43	1	141	0.0070921985815602835	0	2820	0.0001772421127259837	0.02468360496481056	40.01418439716312	0.041212316049894344
Nitrososphaeria	JACNFV010000183.1_2	1	141	0.0070921985815602835	0	2820	0.0001772421127259837	0.02468360496481056	40.01418439716312	0.041212316049894344
Nitrososphaeria	NZ_BCNB01000006.1_2573	1	141	0.0070921985815602835	0	2820	0.0001772421127259837	0.02468360496481056	40.01418439716312	0.041212316049894344
Nitrososphaeria	CAJQSS010000020.1_108	1	141	0.0070921985815602835	0	2820	0.0001772421127259837	0.02468360496481056	40.01418439716312	0.041212316049894344
Nitrososphaeria	JAENJF010000050.1_1	1	141	0.0070921985815602835	0	2820	0.0001772421127259837	0.02468360496481056	40.01418439716312	0.041212316049894344
Nitrososphaeria	SKKJ01000294.1_3	1	141	0.0070921985815602835	0	2820	0.0001772421127259837	0.02468360496481056	40.01418439716312	0.041212316049894344
Nitrososphaeria	JAENJF010000050.1_5	1	141	0.0070921985815602835	0	2820	0.0001772421127259837	0.02468360496481056	40.01418439716312	0.041212316049894344
Nitrososphaeria	JABHJJ010000208.1_1	1	141	0.0070921985815602835	0	2820	0.0001772421127259837	0.02468360496481056	40.01418439716312	0.041212316049894344
Nitrososphaeria	JAENJF010000050.1_11	1	141	0.0070921985815602835	0	2820	0.0001772421127259837	0.02468360496481056	40.01418439716312	0.041212316049894344
Nitrososphaeria	JAGQHE010000026.1_21	1	141	0.0070921985815602835	4	2820	0.0015951790145338532	0.20156349000526308	4.44602048857368	0.25465991270799176
Nitrososphaeria	SCUP01000321.1_1	1	141	0.0070921985815602835	0	2820	0.0001772421127259837	0.02468360496481056	40.01418439716312	0.041212316049894344
Nitrososphaeria	NSIR01000001.1_250	1	141	0.0070921985815602835	23	2820	0.008330379298121233	0.6925685627975848	0.8513656254715558	0.7365877511109906
Nitrososphaeria	NZ_AFPU01000001.1_252	1	141	0.0070921985815602835	0	2820	0.0001772421127259837	0.02468360496481056	40.01418439716312	0.041212316049894344
Nitrososphaeria	CP046181.1_1958	1	141	0.0070921985815602835	0	2820	0.0001772421127259837	0.02468360496481056	40.01418439716312	0.041212316049894344
Nitrososphaeria	JACZTB010000024.1_10	1	141	0.0070921985815602835	5	2820	0.0019496632399858206	0.2405576380801802	3.637653127014829	0.29743826186268585
Nitrososphaeria	CP046181.1_1959	1	141	0.0070921985815602835	0	2820	0.0001772421127259837	0.02468360496481056	40.01418439716312	0.041212316049894344
Nitrososphaeria	CP046181.1_1963	1	141	0.0070921985815602835	0	2820	0.0001772421127259837	0.02468360496481056	40.01418439716312	0.041212316049894344
Nitrososphaeria	CP046181.1_1968	1	141	0.0070921985815602835	1	2820	0.0005317263381779511	0.07225034733066092	13.33806146572104	0.10019247060771211
Nitrososphaeria	JACEMX010000114.1_2	1	141	0.0070921985815602835	1	2820	0.0005317263381779511	0.07225034733066092	13.33806146572104	0.10019247060771211
Nitrososphaeria	JAIOOR010000024.1_44	1	141	0.0070921985815602835	2	2820	0.0008862105636299185	0.11751288489749241	8.002836879432625	0.1552407058382663
Nitrososphaeria	JABDOO010000069.1_4	1	141	0.0070921985815602835	15	2820	0.005494505494505495	0.5401530072773202	1.2907801418439715	0.6079749095363559
Nitrososphaeria	JACNFV010000084.1_4	1	141	0.0070921985815602835	16	2820	0.005848989719957462	0.5626969515688873	1.2125510423382762	0.6267911309635683
Nitrososphaeria	WHTU01000010.1_24	1	141	0.0070921985815602835	45	2820	0.016129032258064516	0.8990099662670471	0.4397163120567376	0.903811087582225
Nitrososphaeria	DP000238.1_521	1	141	0.0070921985815602835	10	2820	0.0037220843672456576	0.4089135690113581	1.9054373522458627	0.4864327290135113
Nitrososphaeria	JAIOOR010000024.1_60	1	141	0.0070921985815602835	0	2820	0.0001772421127259837	0.02468360496481056	40.01418439716312	0.041212316049894344
Nitrososphaeria	QOOS01000002.1_55	1	141	0.0070921985815602835	1	2820	0.0005317263381779511	0.07225034733066092	13.33806146572104	0.10019247060771211
Nitrososphaeria	WHTU01000010.1_28	1	141	0.0070921985815602835	4	2820	0.0015951790145338532	0.20156349000526308	4.44602048857368	0.25465991270799176
Nitrososphaeria	VXON01000053.1_22	1	141	0.0070921985815602835	6	2820	0.002304147465437788	0.27766023331496603	3.078014184397163	0.3394125903996257
Nitrososphaeria	JAIOOR010000024.1_67	1	141	0.0070921985815602835	0	2820	0.0001772421127259837	0.02468360496481056	40.01418439716312	0.041212316049894344
Nitrososphaeria	JACZSC010000018.1_17	1	141	0.0070921985815602835	16	2820	0.005848989719957462	0.5626969515688873	1.2125510423382762	0.6267911309635683
Nitrososphaeria	CM001158.1_712	1	141	0.0070921985815602835	0	2820	0.0001772421127259837	0.02468360496481056	40.01418439716312	0.041212316049894344
Other archaea	NZ_AOIJ01000084.1_73	1	1	1.0	0	20	0.023809523809523808	0.023809523809523808	42.0	0.07142857142857142
Other archaea	JALDAN010000039.1_2	1	1	1.0	1	20	0.07142857142857142	0.07142857142857142	14.0	0.07142857142857142
Other archaea	JALDAN010000039.1_3	1	1	1.0	1	20	0.07142857142857142	0.07142857142857142	14.0	0.07142857142857142
Other archaea	JALDAN010000039.1_4	1	1	1.0	1	20	0.07142857142857142	0.07142857142857142	14.0	0.07142857142857142
Other archaea	JALDAN010000039.1_5	1	1	1.0	1	20	0.07142857142857142	0.07142857142857142	14.0	0.07142857142857142
Other archaea	JALDAN010000039.1_6	1	1	1.0	1	20	0.07142857142857142	0.07142857142857142	14.0	0.07142857142857142
Other archaea	JALDAN010000039.1_8	1	1	1.0	1	20	0.07142857142857142	0.07142857142857142	14.0	0.07142857142857142
Other archaea	JALDAN010000039.1_9	1	1	1.0	1	20	0.07142857142857142	0.07142857142857142	14.0	0.07142857142857142
