#                                                                            --- full sequence --- -------------- this domain -------------   hmm coord   ali coord   env coord
# target name        accession   tlen query name           accession   qlen   E-value  score  bias   #  of  c-Evalue  i-Evalue  score  bias  from    to  from    to  from    to  acc description of target
#------------------- ---------- ----- -------------------- ---------- ----- --------- ------ ----- --- --- --------- --------- ------ ----- ----- ----- ----- ----- ----- ----- ---- ---------------------
NZ_FNIA01000003.1_176 -            132 4HBT                 PF03061.27    79   1.1e-15   53.5   0.1   1   1   1.7e-18   1.5e-15   53.0   0.1     2    75    21    96    20   100 0.96 GCF_900103505.1
NZ_FNIA01000003.1_176 -            132 4HBT_2               PF13279.11   122   5.3e-21   71.1   0.0   1   1   7.4e-24   6.4e-21   70.8   0.0     1   121    12   125    12   126 0.95 GCF_900103505.1
NZ_FNIA01000003.1_169     -            408 AAA                  PF00004.34   131   4.3e-07   26.2   0.0   1   1   3.3e-09   1.4e-06   24.5   0.0     1   130    52   206    52   207 0.77 GCF_900103505.1
NZ_JALLPK010000001.1_2666 -            878 AAA_15               PF13175.11   374   9.2e-13   44.2   8.7   1   1   1.1e-15   9.2e-13   44.2   8.7    10   287     2   391     1   423 0.76 GCF_023276375.1
NZ_FNIA01000003.1_169 -            408 AAA_16               PF13191.11   167   4.4e-12   42.5   0.3   1   1     2e-13   1.7e-10   37.4   0.0     5   148    29   155    28   170 0.68 GCF_900103505.1
NZ_AQXI01000001.1_20      -            312 AAA_21               PF13304.11   304   3.9e-16   55.6   0.1   1   1   1.1e-11   3.3e-09   32.9   0.0   228   298   118   185    80   188 0.87 GCF_000376445.1
NZ_FNIA01000003.1_169 -            408 AAA_22               PF13401.11   130     1e-12   44.2   0.0   1   1   3.5e-15     3e-12   42.7   0.0     7   109    51   167    48   189 0.89 GCF_900103505.1
NZ_JALLPK010000001.1_2666 -            878 AAA_23               PF13476.11   201   7.1e-20   68.2  14.0   1   1   8.2e-23   7.1e-20   68.2  14.0     6   201     2   262     1   297 0.65 GCF_023276375.1
NZ_AQXI01000001.1_21 -            253 ABC2_membrane        PF01061.29   211   7.9e-26   86.6  14.8   1   1   9.2e-29   7.9e-26   86.6  14.8    11   209    15   220    11   222 0.88 GCF_000376445.1
NZ_AQXI01000001.1_21 -            253 ABC2_membrane_3      PF12698.12   347   1.3e-18   62.9  13.8   1   1   1.5e-21   1.3e-18   62.9  13.8   160   347    60   247    51   247 0.90 GCF_000376445.1
NZ_FNIA01000003.1_157     -            383 ABC_tran             PF00005.32   137   6.5e-38  126.1   0.0   1   1     6e-40   1.3e-37  125.2   0.0     2   136    43   186    42   187 0.96 GCF_900103505.1
NZ_AQXI01000001.1_20      -            312 ABC_tran             PF00005.32   137   6.3e-30  100.3   0.0   1   1   4.5e-32   9.7e-30   99.7   0.0     1   137    20   156    20   156 0.96 GCF_000376445.1
NZ_JALLPK010000001.1_2671 -            302 ABC_tran             PF00005.32   137   4.3e-18   62.0   0.0   1   1   8.5e-20   1.9e-17   59.9   0.0     1   134    22   220    22   223 0.80 GCF_023276375.1
NZ_CP099993.1_979         -            273 Abhydrolase_1        PF00561.25   245   1.8e-30  102.1   0.0   1   1   7.9e-31   2.4e-29   98.4   0.0     2   244    28   258    27   259 0.88 GCF_024138125.1
NZ_FNIA01000003.1_166     -            459 Abhydrolase_1        PF00561.25   245   6.4e-25   83.9   0.0   1   1   6.7e-26     2e-24   82.3   0.0     2   240    71   337    70   341 0.87 GCF_900103505.1
s5a1_contig_1_2088        -            308 Abhydrolase_1        PF00561.25   245   4.4e-19   64.8   0.0   1   1   2.4e-20   7.1e-19   64.1   0.0     1   236    60   287    60   296 0.85 s5a-1
NZ_AOLI01000034.1_41      -            308 Abhydrolase_1        PF00561.25   245   4.6e-19   64.7   0.0   1   1   2.5e-20   7.5e-19   64.0   0.0     1   236    60   287    60   296 0.85 GCF_000336955.1
NZ_LOEP01000032.1_85      -            308 Abhydrolase_1        PF00561.25   245   2.6e-18   62.3   0.0   1   1     2e-18     6e-17   57.8   0.0     1   236    60   287    60   296 0.79 GCF_001482285.1
NZ_AOLJ01000011.1_95      -            308 Abhydrolase_1        PF00561.25   245   3.7e-18   61.8   0.0   1   1     4e-18   1.2e-16   56.8   0.0     1   236    60   287    60   296 0.80 GCF_000336775.1
NZ_AOLK01000012.1_190     -            308 Abhydrolase_1        PF00561.25   245   3.8e-18   61.7   0.0   1   1   2.3e-19   6.7e-18   60.9   0.0     1   237    60   288    60   296 0.84 GCF_000336755.1
NZ_CSTE01000002.1_1310    -            308 Abhydrolase_1        PF00561.25   245   4.6e-18   61.4   0.0   1   1   2.3e-18   6.9e-17   57.6   0.0     1   236    60   287    60   296 0.83 GCF_001368915.1
NZ_LOPW02000001.1_88      -            308 Abhydrolase_1        PF00561.25   245   1.6e-17   59.7   0.0   1   1   1.7e-17   4.9e-16   54.8   0.0     1   236    60   287    60   296 0.78 GCF_001469875.2
NZ_AOLG01000009.1_397     -            308 Abhydrolase_1        PF00561.25   245   4.6e-17   58.2   0.0   1   1   5.4e-17   1.6e-15   53.1   0.0     1   236    60   287    60   296 0.82 GCF_000336815.1
NZ_AOLN01000018.1_541     -            308 Abhydrolase_1        PF00561.25   245     2e-16   56.1   0.0   1   1   1.4e-16   4.3e-15   51.7   0.0     2   236    61   287    60   296 0.79 GCF_000337815.1
NZ_SDIC01000004.1_311     -            314 Abhydrolase_1        PF00561.25   245     2e-16   56.1   0.0   1   1   1.5e-17   4.4e-16   54.9   0.0     3   244    62   295    60   296 0.82 GCF_004116405.1
NC_017941.2_797           -            308 Abhydrolase_1        PF00561.25   245   4.1e-15   51.8   0.0   1   1   1.1e-15   3.1e-14   48.9   0.0     1   227    60   279    60   294 0.66 GCF_000306765.2
NZ_JALLPK010000001.1_2701 -            313 Abhydrolase_1        PF00561.25   245   3.7e-14   48.7   0.0   1   1   1.8e-15   5.4e-14   48.1   0.0     3   230    62   280    60   298 0.89 GCF_023276375.1
NZ_BBMP01000023.1_84      -            204 Abhydrolase_1        PF00561.25   245   2.7e-13   45.9   0.0   1   1   1.2e-14   3.5e-13   45.5   0.0     1   103    21   120    21   189 0.83 GCF_000755245.1
NZ_FOTC01000002.1_391     -            600 Abhydrolase_1        PF00561.25   245   3.9e-13   45.3   0.1   1   1   2.1e-10   6.1e-09   31.6   0.1     1    93   377   479   377   509 0.81 GCF_900114455.1
NZ_AQXI01000001.1_28      -            312 Abhydrolase_1        PF00561.25   245   1.7e-12   43.3   0.0   1   1   3.3e-12   9.9e-11   37.4   0.0     3    68    62   135    60   144 0.75 GCF_000376445.1
NZ_CSTE01000002.1_1313    -            608 Abhydrolase_1        PF00561.25   245   7.1e-12   41.2   0.2   1   1   1.9e-09   5.7e-08   28.4   0.1     1   102   378   489   378   512 0.79 GCF_001368915.1
NZ_LOPW02000001.1_85      -            608 Abhydrolase_1        PF00561.25   245   8.1e-12   41.0   0.2   1   1   2.6e-09   7.7e-08   28.0   0.1     1   102   378   489   378   513 0.78 GCF_001469875.2
NZ_LOEP01000032.1_82      -            608 Abhydrolase_1        PF00561.25   245   9.5e-12   40.8   0.2   1   1   2.9e-09   8.6e-08   27.8   0.1     1   102   378   489   378   517 0.79 GCF_001482285.1
NZ_AOLG01000009.1_394     -            608 Abhydrolase_1        PF00561.25   245   9.6e-12   40.8   0.2   1   1   2.9e-09   8.6e-08   27.8   0.1     1   102   378   489   378   517 0.79 GCF_000336815.1
NZ_AOLJ01000011.1_98      -            608 Abhydrolase_1        PF00561.25   245   1.5e-11   40.1   0.2   1   1     5e-09   1.5e-07   27.0   0.1     1   100   378   487   378   511 0.79 GCF_000336775.1
NZ_SDIC01000004.1_307 -            602 Abhydrolase_3        PF07859.18   210   1.8e-08   30.1   0.1   1   1   1.3e-09   3.7e-07   25.8   0.1    48   209   437   582   432   583 0.73 GCF_004116405.1
NZ_CP099993.1_979         -            273 Abhydrolase_6        PF12697.12   217   9.7e-24   80.9   7.7   1   1   1.9e-25   1.1e-23   80.7   7.7     1   216    29   264    29   265 0.65 GCF_024138125.1
s5a1_contig_1_2088        -            308 Abhydrolase_6        PF12697.12   217   4.2e-23   78.8   8.3   1   1   7.2e-25   4.2e-23   78.8   8.3     1   216    62   301    62   302 0.71 s5a-1
NZ_AOLI01000034.1_41      -            308 Abhydrolase_6        PF12697.12   217   4.2e-23   78.8   7.4   1   1   7.3e-25   4.2e-23   78.8   7.4     1   216    62   301    62   302 0.70 GCF_000336955.1
NZ_SDIC01000004.1_311     -            314 Abhydrolase_6        PF12697.12   217   4.9e-23   78.6  11.5   1   1   1.2e-24   7.2e-23   78.1  11.5     1   216    62   301    62   302 0.70 GCF_004116405.1
NZ_LOEP01000032.1_85      -            308 Abhydrolase_6        PF12697.12   217   1.1e-22   77.5   9.0   1   1   1.8e-24   1.1e-22   77.5   9.0     1   216    62   301    62   302 0.72 GCF_001482285.1
NZ_AOLJ01000011.1_95      -            308 Abhydrolase_6        PF12697.12   217   1.6e-22   76.9   8.9   1   1   2.8e-24   1.6e-22   76.9   8.9     1   216    62   301    62   302 0.71 GCF_000336775.1
NZ_AOLN01000018.1_541     -            308 Abhydrolase_6        PF12697.12   217   1.7e-22   76.8   8.0   1   1     3e-24   1.7e-22   76.8   8.0     1   216    62   301    62   302 0.70 GCF_000337815.1
NZ_AOLK01000012.1_190     -            308 Abhydrolase_6        PF12697.12   217   2.4e-22   76.3   6.8   1   1   4.2e-24   2.4e-22   76.3   6.8     1   216    62   301    62   302 0.71 GCF_000336755.1
NZ_LOPW02000001.1_88      -            308 Abhydrolase_6        PF12697.12   217   8.4e-22   74.6   7.9   1   1   1.4e-23   8.4e-22   74.6   7.9     1   216    62   301    62   302 0.70 GCF_001469875.2
NZ_AOLG01000009.1_397     -            308 Abhydrolase_6        PF12697.12   217   8.7e-22   74.5   8.3   1   1   1.5e-23   8.7e-22   74.5   8.3     1   216    62   301    62   302 0.69 GCF_000336815.1
NC_017941.2_797           -            308 Abhydrolase_6        PF12697.12   217   1.4e-21   73.8   4.0   1   1   2.5e-23   1.4e-21   73.8   4.0     1   216    62   301    62   302 0.71 GCF_000306765.2
NZ_CSTE01000002.1_1310    -            308 Abhydrolase_6        PF12697.12   217   1.5e-21   73.8   9.7   1   1   2.5e-23   1.5e-21   73.8   9.7     1   216    62   301    62   302 0.70 GCF_001368915.1
NZ_AQXI01000001.1_28      -            312 Abhydrolase_6        PF12697.12   217   7.5e-21   71.5   4.9   1   1   1.3e-22   7.5e-21   71.5   4.9     1   216    62   300    62   301 0.66 GCF_000376445.1
NZ_JALLPK010000001.1_2701 -            313 Abhydrolase_6        PF12697.12   217   8.6e-21   71.3   3.5   1   1   1.5e-22   8.6e-21   71.3   3.5     1   215    62   299    62   301 0.69 GCF_023276375.1
NZ_BBMP01000023.1_84      -            204 Abhydrolase_6        PF12697.12   217     1e-20   71.0   0.6   1   1     2e-22   1.2e-20   70.9   0.6     1   147    23   182    23   204 0.63 GCF_000755245.1
s5a1_contig_1_2077        -            154 Acetyltransf_1       PF00583.30   116   3.6e-18   61.7   0.1   1   1   3.5e-20   4.4e-18   61.4   0.1    25   116    47   142    15   142 0.82 s5a-1
NZ_AOLK01000012.1_178     -            154 Acetyltransf_1       PF00583.30   116   6.2e-18   60.9   0.2   1   1     6e-20   7.4e-18   60.7   0.2    24   116    46   142    15   142 0.85 GCF_000336755.1
NZ_FNIA01000003.1_180     -            162 Acetyltransf_1       PF00583.30   116   2.2e-17   59.1   0.0   1   1   2.2e-19   2.8e-17   58.8   0.0    14   115    31   138    14   139 0.81 GCF_900103505.1
NZ_JALLPK010000001.1_2678 -            244 Acetyltransf_1       PF00583.30   116   3.4e-17   58.5   0.0   1   1   4.5e-19   5.5e-17   57.8   0.0    27   115    41   136    13   137 0.81 GCF_023276375.1
NZ_BBMP01000023.1_73      -            159 Acetyltransf_1       PF00583.30   116   3.3e-15   52.1   0.0   1   1   3.4e-17   4.2e-15   51.8   0.0    23   116    46   130    22   130 0.82 GCF_000755245.1
NZ_CP099993.1_968         -            193 Acetyltransf_1       PF00583.30   116     2e-14   49.6   0.2   1   1   2.9e-16   3.6e-14   48.8   0.2    24   116    23   112     2   112 0.73 GCF_024138125.1
NZ_JALLPK010000001.1_2693 -            176 Acetyltransf_1       PF00583.30   116   1.1e-09   34.4   0.1   1   1   1.4e-11   1.7e-09   33.7   0.1    34   116    35   117     3   119 0.77 GCF_023276375.1
NZ_BBMP01000023.1_73      -            159 Acetyltransf_10      PF13673.12   128   8.3e-21   70.0   0.0   1   1     6e-23     1e-20   69.7   0.0     4   116    30   139    27   158 0.85 GCF_000755245.1
NZ_JALLPK010000001.1_2678 -            244 Acetyltransf_10      PF13673.12   128   5.1e-12   41.6   0.0   1   1   4.5e-14   7.9e-12   41.0   0.0     5   122    28   153    25   155 0.82 GCF_023276375.1
s5a1_contig_1_2077        -            154 Acetyltransf_10      PF13673.12   128   7.5e-12   41.1   0.0   1   1   5.8e-14     1e-11   40.7   0.0    20   111    44   146    24   151 0.89 s5a-1
NZ_AOLK01000012.1_178     -            154 Acetyltransf_10      PF13673.12   128   1.2e-11   40.4   0.0   1   1   9.1e-14   1.6e-11   40.0   0.0    20   111    44   146    23   151 0.91 GCF_000336755.1
NZ_FNIA01000003.1_180     -            162 Acetyltransf_10      PF13673.12   128   1.6e-10   36.8   0.0   1   1   1.2e-12   2.1e-10   36.4   0.0    22   110    45   142    23   156 0.83 GCF_900103505.1
NZ_WSZK01000006.1_121 -            407 Acetyltransf_17      PF17668.6    114     3e-18   62.3   0.3   1   1   6.3e-21   5.4e-18   61.4   0.3     3   114   182   295   180   295 0.89 GCF_009791395.1
s5a1_contig_1_2077    -            154 Acetyltransf_3       PF13302.12   138   2.2e-11   40.4   0.2   1   1   5.6e-14   2.4e-11   40.2   0.2     4   138     3   143     1   143 0.83 s5a-1
NZ_AOLK01000012.1_178 -            154 Acetyltransf_3       PF13302.12   138   1.4e-10   37.7   0.2   1   1   3.8e-13   1.6e-10   37.5   0.2     4   138     3   143     1   143 0.80 GCF_000336755.1
NZ_BBMP01000023.1_73      -            159 Acetyltransf_7       PF13508.12    84   1.7e-15   52.9   0.0   1   1   1.8e-17   2.5e-15   52.4   0.0     4    84    56   132    53   132 0.82 GCF_000755245.1
s5a1_contig_1_2077        -            154 Acetyltransf_7       PF13508.12    84   2.4e-14   49.2   0.0   1   1   2.7e-16   3.9e-14   48.6   0.0     5    83    58   143    54   144 0.78 s5a-1
NZ_JALLPK010000001.1_2678 -            244 Acetyltransf_7       PF13508.12    84   1.8e-13   46.5   0.0   1   1   3.1e-15   4.4e-13   45.2   0.0     3    81    55   136    53   138 0.77 GCF_023276375.1
NZ_FNIA01000003.1_180     -            162 Acetyltransf_7       PF13508.12    84   3.8e-13   45.4   0.0   1   1   3.7e-15   5.4e-13   44.9   0.0     3    83    52   140    50   141 0.83 GCF_900103505.1
NZ_AOLK01000012.1_178     -            154 Acetyltransf_7       PF13508.12    84   4.5e-13   45.2   0.1   1   1   4.8e-15     7e-13   44.5   0.1     5    83    58   143    54   144 0.78 GCF_000336755.1
NZ_CP099993.1_968         -            193 Acetyltransf_7       PF13508.12    84   3.8e-10   35.8   0.2   1   1     4e-12   5.8e-10   35.2   0.2     4    83    32   113    29   114 0.82 GCF_024138125.1
NZ_WSZK01000006.1_121 -            407 Acetyltransf_9       PF13527.12   127   1.8e-27   91.6   0.0   1   1   4.3e-30   3.8e-27   90.5   0.0     1   125     4   130     4   132 0.95 GCF_009791395.1
NZ_FNIA01000003.1_176 -            132 Acyl-ACP_TE_C        PF20791.2    101   2.4e-12   42.7   0.2   1   1   5.7e-15     5e-12   41.7   0.2     9    97     7   103     2   106 0.77 GCF_900103505.1
NZ_WSZK01000006.1_123 -            385 Acyl-CoA_dh_1        PF00441.29   150   1.8e-42  140.7   6.0   1   1   3.2e-45   2.8e-42  140.1   6.0     1   148   235   382   235   384 0.99 GCF_009791395.1
NZ_WSZK01000006.1_123 -            385 Acyl-CoA_dh_2        PF08028.16   134   2.9e-19   65.4   5.9   1   1   6.6e-22   5.7e-19   64.4   5.9     2   133   251   372   250   373 0.93 GCF_009791395.1
NZ_WSZK01000006.1_123 -            385 Acyl-CoA_dh_M        PF02770.24    97   3.5e-28   93.4   0.0   1   1   1.8e-30   1.6e-27   91.3   0.0     2    97   126   223   125   223 0.95 GCF_009791395.1
NZ_WSZK01000006.1_123 -            385 Acyl-CoA_dh_N        PF02771.21   113     4e-28   93.8   0.9   1   1   1.3e-30   1.1e-27   92.4   0.9     2   112    11   120    10   121 0.96 GCF_009791395.1
NZ_FNIA01000003.1_147 -            458 Adenylsucc_synt      PF00709.26   416    1e-151  501.1   0.0   1   1  1.4e-154  1.2e-151  500.8   0.0     2   416     5   450     4   450 0.97 GCF_900103505.1
NZ_LOPU01000018.1_151 -            355 ADH_N                PF08240.17   104   4.9e-30   99.6   3.4   1   1   3.5e-32     1e-29   98.6   1.4     2   104    39   151    38   151 0.97 GCF_001469955.1
NZ_SDIC01000004.1_297 -            346 ADH_N                PF08240.17   104   9.2e-28   92.3   1.4   1   1   3.6e-30     1e-27   92.1   0.3     3   103    31   141    29   142 0.96 GCF_004116405.1
NZ_FOTC01000002.1_381 -            346 ADH_N                PF08240.17   104   1.3e-27   91.8   1.5   1   1   7.9e-30   2.3e-27   91.0   0.7     3   104    31   142    29   142 0.96 GCF_900114455.1
NZ_FNIA01000003.1_167 -            247 adh_short            PF00106.30   195   1.9e-59  196.1   0.7   1   1   2.6e-62   2.3e-59  195.9   0.7     2   193     7   199     6   201 0.98 GCF_900103505.1
NZ_FNIA01000003.1_167 -            247 adh_short_C2         PF13561.11   236   1.3e-65  217.0   1.8   1   1   1.6e-68   1.4e-65  216.8   1.8     1   235    12   245    12   246 0.96 GCF_900103505.1
NZ_LOPU01000018.1_151 -            355 ADH_zinc_N           PF00107.31   129   6.5e-24   80.1   1.3   1   1   3.1e-26   8.9e-24   79.6   0.3     1   128   192   319   192   320 0.95 GCF_001469955.1
NZ_FOTC01000002.1_381 -            346 ADH_zinc_N           PF00107.31   129     9e-24   79.6   0.3   1   1   6.2e-26   1.8e-23   78.6   0.1     1   128   183   310   183   311 0.95 GCF_900114455.1
NZ_SDIC01000004.1_297 -            346 ADH_zinc_N           PF00107.31   129   1.9e-21   72.1   0.1   1   1   1.1e-23   3.2e-21   71.3   0.1     1   128   183   310   183   311 0.94 GCF_004116405.1
NZ_LOPU01000018.1_151 -            355 ADH_zinc_N_2         PF13602.11   134   1.3e-11   41.2   0.3   1   1   9.5e-14   2.8e-11   40.2   0.3     1   134   225   353   225   353 0.86 GCF_001469955.1
NZ_FOTC01000002.1_381 -            346 ADH_zinc_N_2         PF13602.11   134   3.1e-11   40.1   0.2   1   1     2e-13   5.8e-11   39.2   0.2     1   134   216   344   216   344 0.87 GCF_900114455.1
NZ_SDIC01000004.1_297 -            346 ADH_zinc_N_2         PF13602.11   134   4.6e-10   36.3   0.7   1   1   2.8e-12   8.2e-10   35.5   0.7     1   134   216   344   216   344 0.85 GCF_004116405.1
NZ_WSZK01000006.1_130 -            191 AhpC-TSA             PF00578.26   124   6.9e-16   54.0   0.0   1   1   1.2e-18     1e-15   53.5   0.0     3   106    14   131    13   148 0.84 GCF_009791395.1
NZ_AQXI01000001.1_51 -            206 AIRC                 PF00731.25   148   3.6e-42  139.1   0.0   1   1   6.6e-45   5.7e-42  138.5   0.0     1   146    29   184    29   186 0.96 GCF_000376445.1
NZ_AQXI01000001.1_11 -            705 AIRS                 PF00586.29   112   2.5e-50  165.3   5.6   1   2   4.6e-32     4e-29   97.1   0.3     1   111    59   173    59   174 0.94 GCF_000376445.1
NZ_AQXI01000001.1_11 -            705 AIRS                 PF00586.29   112   2.5e-50  165.3   5.6   2   2   1.2e-23   1.1e-20   69.9   0.2     1   111   416   534   416   535 0.92 GCF_000376445.1
NZ_AQXI01000001.1_11 -            705 AIRS_C               PF02769.27   156     2e-47  156.9   8.2   1   2     5e-39   4.3e-36  120.1   2.2     2   149   187   336   186   340 0.97 GCF_000376445.1
NZ_AQXI01000001.1_11 -            705 AIRS_C               PF02769.27   156     2e-47  156.9   8.2   2   2   1.9e-14   1.6e-11   40.3   0.4     5   155   551   681   547   682 0.75 GCF_000376445.1
NZ_CP099993.1_932     -            414 Ala_racemase_N       PF01168.25   220     7e-08   28.1   0.0   1   1   2.6e-10   1.1e-07   27.4   0.0     2   163    34   203    33   240 0.81 GCF_024138125.1
NZ_BBMP01000023.1_101 -            406 Ala_racemase_N       PF01168.25   220     4e-07   25.6   0.1   1   1   1.4e-09   6.2e-07   25.0   0.1     1   174    31   210    31   227 0.80 GCF_000755245.1
NZ_BBMP01000023.1_96 -            287 Amidase_2            PF01510.30   131   8.8e-22   73.6   0.8   1   1   1.7e-24   1.4e-21   72.9   0.8     3   123   134   257   132   276 0.87 GCF_000755245.1
NZ_SDIC01000004.1_298 -            350 Amidohydro_2         PF04909.19   289   5.6e-52  173.0   2.6   1   1   2.3e-54   6.5e-52  172.7   2.6     1   289    12   320    12   320 0.97 GCF_004116405.1
NZ_LOPU01000018.1_152 -            351 Amidohydro_2         PF04909.19   289   2.5e-48  161.0   3.7   1   1     1e-50     3e-48  160.7   3.7     1   288    12   319    12   320 0.95 GCF_001469955.1
NZ_FOTC01000002.1_382 -            353 Amidohydro_2         PF04909.19   289   4.7e-47  156.8   3.2   1   1   1.9e-49   5.6e-47  156.5   3.2     1   289    12   320    12   320 0.93 GCF_900114455.1
NZ_AQXI01000001.1_47   -            380 Aminotran_1_2        PF00155.26   361   4.4e-75  248.8   0.0   1   1   7.6e-77   5.1e-75  248.6   0.0     2   361    31   374    30   374 0.95 GCF_000376445.1
NZ_WSZK01000006.1_133  -            383 Aminotran_1_2        PF00155.26   361   4.4e-70  232.3   0.0   1   1   7.5e-72     5e-70  232.1   0.0     2   359    30   374    29   376 0.93 GCF_009791395.1
NC_017941.2_774        -            357 Aminotran_1_2        PF00155.26   361   7.7e-11   37.4   0.0   1   1   6.3e-12   4.2e-10   35.0   0.0    18   359    20   345    14   347 0.80 GCF_000306765.2
NZ_CSTE01000002.1_1332 -            357 Aminotran_1_2        PF00155.26   361   1.1e-10   37.0   0.0   1   1   1.2e-11   8.3e-10   34.0   0.0    20   359    22   345    14   347 0.79 GCF_001368915.1
NZ_AOLG01000009.1_375  -            357 Aminotran_1_2        PF00155.26   361   2.1e-10   36.0   0.0   1   1   2.4e-11   1.6e-09   33.1   0.0    20   359    22   345    14   347 0.79 GCF_000336815.1
NZ_AOLK01000012.1_163  -            357 Aminotran_1_2        PF00155.26   361   4.3e-10   35.0   0.0   1   1   1.9e-11   1.3e-09   33.4   0.0    18   359    20   345    14   347 0.80 GCF_000336755.1
s5a1_contig_1_2064     -            357 Aminotran_1_2        PF00155.26   361   1.1e-09   33.6   0.0   1   1   5.4e-11   3.6e-09   31.9   0.0    18   359    20   345    14   347 0.79 s5a-1
NZ_LOPW02000001.1_66   -            357 Aminotran_1_2        PF00155.26   361   1.7e-09   33.0   0.0   1   1   1.5e-07   9.8e-06   20.6   0.0    20   193    22   183    14   206 0.79 GCF_001469875.2
NZ_AOLJ01000011.1_118  -            357 Aminotran_1_2        PF00155.26   361   1.9e-09   32.9   0.0   1   1   2.7e-10   1.8e-08   29.6   0.0    20   359    22   345    14   347 0.79 GCF_000336775.1
NZ_LOEP01000032.1_63   -            357 Aminotran_1_2        PF00155.26   361   5.5e-09   31.3   0.0   1   1     1e-09   6.7e-08   27.8   0.0    20   359    22   345    14   347 0.79 GCF_001482285.1
NZ_CP099993.1_970      -            371 Aminotran_1_2        PF00155.26   361   5.7e-09   31.3   0.0   1   1   3.5e-08   2.3e-06   22.7   0.0    45   186    61   185    22   186 0.92 GCF_024138125.1
NZ_AOLI01000034.1_16   -            357 Aminotran_1_2        PF00155.26   361   1.5e-08   29.9   0.0   1   1   7.1e-10   4.8e-08   28.2   0.0    18   359    20   345    14   347 0.79 GCF_000336955.1
NZ_AOLN01000018.1_565  -            357 Aminotran_1_2        PF00155.26   361   1.1e-07   27.0   0.0   1   1   9.6e-09   6.4e-07   24.5   0.0    18   359    20   345    14   347 0.79 GCF_000337815.1
NZ_SDIC01000004.1_275 -            289 Aminotran_4          PF01063.24   223   4.9e-63  208.6   0.0   1   1     2e-65   5.8e-63  208.4   0.0     2   223    34   263    33   263 0.98 GCF_004116405.1
NZ_FOTC01000002.1_356 -            285 Aminotran_4          PF01063.24   223   1.3e-61  204.0   0.0   1   1   5.2e-64   1.5e-61  203.8   0.0     2   221    30   257    29   259 0.97 GCF_900114455.1
NZ_LOPU01000018.1_126 -            316 Aminotran_4          PF01063.24   223   3.9e-61  202.4   0.0   1   1   1.6e-63   4.6e-61  202.2   0.0     2   221    59   286    58   288 0.97 GCF_001469955.1
NZ_CP099993.1_970      -            371 Aminotran_5          PF00266.24   371   2.3e-61  203.5   0.0   1   1   5.1e-63     4e-61  202.7   0.0     2   371    18   367    17   367 0.93 GCF_024138125.1
NZ_CSTE01000002.1_1332 -            357 Aminotran_5          PF00266.24   371     9e-16   53.4   0.0   1   1   2.4e-17   1.9e-15   52.4   0.0    66   178    69   178    59   295 0.81 GCF_001368915.1
NC_017941.2_774        -            357 Aminotran_5          PF00266.24   371   1.3e-15   52.9   0.0   1   1   4.5e-17   3.5e-15   51.5   0.0    67   293    70   287    63   296 0.80 GCF_000306765.2
NZ_LOPW02000001.1_66   -            357 Aminotran_5          PF00266.24   371   1.7e-15   52.6   0.0   1   1   4.8e-17   3.8e-15   51.4   0.0    66   179    69   179    59   295 0.76 GCF_001469875.2
NZ_AOLG01000009.1_375  -            357 Aminotran_5          PF00266.24   371   3.9e-15   51.3   0.1   1   1   7.5e-17   5.9e-15   50.8   0.1    66   177    69   177    59   293 0.89 GCF_000336815.1
NZ_AOLJ01000011.1_118  -            357 Aminotran_5          PF00266.24   371   4.2e-15   51.2   0.1   1   1     8e-17   6.3e-15   50.7   0.1    66   177    69   177    59   289 0.91 GCF_000336775.1
NZ_LOEP01000032.1_63   -            357 Aminotran_5          PF00266.24   371   5.1e-15   51.0   0.1   1   1   9.6e-17   7.6e-15   50.4   0.1    65   177    68   177    58   293 0.90 GCF_001482285.1
s5a1_contig_1_2064     -            357 Aminotran_5          PF00266.24   371   2.9e-14   48.5   0.0   1   1   4.2e-16   3.3e-14   48.3   0.0    68   177    71   177    50   288 0.87 s5a-1
NZ_AOLK01000012.1_163  -            357 Aminotran_5          PF00266.24   371   6.7e-14   47.3   0.0   1   1   9.8e-16   7.7e-14   47.1   0.0    68   177    71   177    50   288 0.84 GCF_000336755.1
NZ_AOLI01000034.1_16   -            357 Aminotran_5          PF00266.24   371   1.2e-13   46.4   0.0   1   1   1.7e-15   1.4e-13   46.3   0.0    68   177    71   177    50   285 0.90 GCF_000336955.1
NZ_AOLN01000018.1_565  -            357 Aminotran_5          PF00266.24   371     3e-13   45.1   0.0   1   1   7.4e-15   5.8e-13   44.2   0.0    68   178    71   178    68   293 0.78 GCF_000337815.1
NZ_AOLN01000018.1_559  -            426 Amino_oxidase        PF01593.29   443     2e-63  210.9   0.4   1   1   4.8e-65   2.8e-63  210.4   0.4     1   442    13   420    13   421 0.87 GCF_000337815.1
NZ_LOPW02000001.1_72   -            425 Amino_oxidase        PF01593.29   443     1e-59  198.7   4.4   1   1   5.1e-61   2.9e-59  197.1   4.4     1   442    13   420    13   421 0.84 GCF_001469875.2
NZ_FOTC01000002.1_377  -            425 Amino_oxidase        PF01593.29   443   2.6e-59  197.3   2.1   1   1   5.1e-61     3e-59  197.1   2.1     1   442    13   420    13   421 0.88 GCF_900114455.1
NZ_LOEP01000032.1_69   -            425 Amino_oxidase        PF01593.29   443   3.8e-59  196.8   5.2   1   1   2.7e-60   1.5e-58  194.8   5.2     1   442    13   420    13   421 0.85 GCF_001482285.1
NZ_AOLK01000012.1_171  -            426 Amino_oxidase        PF01593.29   443   4.4e-59  196.6   2.4   1   1   1.2e-60   7.2e-59  195.8   2.4     1   442    13   420    13   421 0.87 GCF_000336755.1
NZ_AOLG01000009.1_381  -            426 Amino_oxidase        PF01593.29   443   5.6e-59  196.2   4.9   1   1   2.8e-60   1.6e-58  194.7   4.9     1   442    13   420    13   421 0.84 GCF_000336815.1
s5a1_contig_1_2070     -            426 Amino_oxidase        PF01593.29   443   6.7e-59  195.9   2.2   1   1   2.1e-60   1.2e-58  195.1   2.2     1   442    13   420    13   421 0.88 s5a-1
NC_017941.2_780        -            426 Amino_oxidase        PF01593.29   443   1.8e-58  194.6   2.2   1   1   7.9e-60   4.5e-58  193.2   2.2     1   442    13   420    13   421 0.85 GCF_000306765.2
NZ_AOLJ01000011.1_111  -            425 Amino_oxidase        PF01593.29   443   3.3e-58  193.7   4.9   1   1   1.7e-59   9.7e-58  192.1   4.9     1   442    13   420    13   421 0.84 GCF_000336775.1
NZ_AOLI01000034.1_24   -            426 Amino_oxidase        PF01593.29   443   5.5e-58  192.9   1.8   1   1   1.4e-59   7.9e-58  192.4   1.8     1   442    13   420    13   421 0.88 GCF_000336955.1
NZ_CSTE01000002.1_1326 -            425 Amino_oxidase        PF01593.29   443   8.7e-58  192.3   4.9   1   1   4.4e-59   2.5e-57  190.7   4.9     1   442    13   420    13   421 0.80 GCF_001368915.1
NZ_SDIC01000004.1_296  -            425 Amino_oxidase        PF01593.29   443   6.1e-55  182.9   3.8   1   1   1.3e-56   7.5e-55  182.6   3.8     1   443    14   422    14   422 0.88 GCF_004116405.1
NZ_LOPU01000018.1_150  -            428 Amino_oxidase        PF01593.29   443   1.2e-54  181.9   2.2   1   1     3e-56   1.8e-54  181.4   2.2     1   442    14   423    14   424 0.83 GCF_001469955.1
NZ_AQXI01000001.1_44   -            419 Amino_oxidase        PF01593.29   443   3.6e-49  163.9   1.2   1   1   7.8e-51   4.5e-49  163.6   1.2     1   441    11   413    11   415 0.87 GCF_000376445.1
NZ_CP099993.1_946      -            425 Amino_oxidase        PF01593.29   443   4.6e-48  160.2   4.0   1   1   9.5e-50   5.5e-48  160.0   4.0     1   442    11   419    11   420 0.85 GCF_024138125.1
NZ_CP099993.1_978         -            523 AMP-binding          PF00501.33   384   3.9e-81  268.5   0.0   1   1   1.7e-83   4.9e-81  268.1   0.0     2   384    17   387    16   387 0.84 GCF_024138125.1
NZ_WSZK01000006.1_125     -            551 AMP-binding          PF00501.33   384   4.8e-80  264.8   0.1   1   1   2.2e-82   6.4e-80  264.4   0.1     4   384    16   394    13   394 0.85 GCF_009791395.1
NZ_JALLPK010000001.1_2711 -            567 AMP-binding          PF00501.33   384   4.1e-67  222.3   0.0   1   1   1.9e-69   5.4e-67  221.9   0.0     4   384    39   422    36   422 0.82 GCF_023276375.1
NZ_WSZK01000006.1_125     -            551 AMP-binding_C        PF13193.11    76   1.3e-24   82.7   0.2   1   1   1.1e-26   3.2e-24   81.4   0.2     1    76   444   521   444   521 0.95 GCF_009791395.1
NZ_CP099993.1_978         -            523 AMP-binding_C        PF13193.11    76     1e-15   54.2   0.2   1   1     8e-18   2.3e-15   53.0   0.2     2    73   438   507   437   510 0.92 GCF_024138125.1
NZ_JALLPK010000001.1_2711 -            567 AMP-binding_C        PF13193.11    76   7.5e-12   41.8   0.0   1   1     5e-14   1.4e-11   40.9   0.0     1    76   469   547   469   547 0.94 GCF_023276375.1
NZ_LOPU01000018.1_124 -            536 Anth_synt_I_N        PF04715.18   140   2.6e-12   42.9   0.0   1   1   2.5e-14   7.2e-12   41.5   0.0     3   127    35   161    33   165 0.85 GCF_001469955.1
NZ_FOTC01000002.1_353 -            517 Anth_synt_I_N        PF04715.18   140   3.7e-10   35.9   0.0   1   1   2.4e-12   6.9e-10   35.1   0.0     4   129    36   161    34   164 0.89 GCF_900114455.1
NZ_SDIC01000004.1_273 -            555 Anth_synt_I_N        PF04715.18   140   9.6e-09   31.4   0.0   1   1   1.5e-10   4.3e-08   29.2   0.0    62   129   107   172    51   174 0.71 GCF_004116405.1
NZ_AOLK01000012.1_160  -            690 Anticodon_3          PF19303.4    152   1.6e-21   72.5   0.5   1   1   3.5e-23     3e-21   71.6   0.5     8   148   415   553   409   557 0.88 GCF_000336755.1
s5a1_contig_1_2061     -            690 Anticodon_3          PF19303.4    152   1.6e-21   72.5   0.5   1   1   3.5e-23     3e-21   71.6   0.5     8   148   415   553   409   557 0.88 s5a-1
NZ_AOLI01000034.1_13   -            696 Anticodon_3          PF19303.4    152     3e-21   71.6   0.3   1   1   6.5e-23   5.7e-21   70.7   0.3     8   148   421   559   415   563 0.87 GCF_000336955.1
NZ_AOLN01000018.1_569  -            697 Anticodon_3          PF19303.4    152   3.7e-21   71.3   0.2   1   1   8.5e-23   7.4e-21   70.3   0.2     7   148   414   553   410   557 0.94 GCF_000337815.1
NZ_AOLG01000009.1_372  -            711 Anticodon_3          PF19303.4    152   6.7e-21   70.5   0.5   1   1   1.5e-22   1.3e-20   69.6   0.5     7   148   429   568   423   572 0.93 GCF_000336815.1
NZ_LOEP01000032.1_60   -            740 Anticodon_3          PF19303.4    152   2.5e-20   68.6   0.2   1   1   5.3e-22   4.6e-20   67.8   0.2     6   148   459   599   455   603 0.92 GCF_001482285.1
NZ_AOLJ01000011.1_121  -            730 Anticodon_3          PF19303.4    152   3.2e-20   68.3   0.1   1   1   6.8e-22   5.9e-20   67.4   0.1     5   148   446   587   443   591 0.92 GCF_000336775.1
NZ_LOPW02000001.1_63   -            723 Anticodon_3          PF19303.4    152   5.1e-20   67.6   0.1   1   1   1.1e-21   9.3e-20   66.7   0.1     6   148   442   582   438   586 0.93 GCF_001469875.2
NC_017941.2_772        -            693 Anticodon_3          PF19303.4    152   7.1e-19   63.9   0.1   1   1   1.5e-20   1.3e-18   63.0   0.1     4   148   411   553   409   557 0.92 GCF_000306765.2
NZ_CSTE01000002.1_1334 -            713 Anticodon_3          PF19303.4    152   7.6e-19   63.8   0.1   1   1   1.5e-20   1.3e-18   63.0   0.1     7   148   431   570   426   574 0.92 GCF_001368915.1
NZ_WSZK01000006.1_132 -            161 AsnC_trans_reg       PF01037.26    73   3.1e-17   58.0   0.5   1   1   5.7e-20   4.9e-17   57.4   0.5     3    73    70   140    66   140 0.94 GCF_009791395.1
NZ_FOTC01000002.1_393 -            540 AstE_AspA            PF04952.19   290   2.7e-12   42.2   0.0   1   1   5.4e-15   4.6e-12   41.4   0.0     1   106    64   158    64   161 0.92 GCF_900114455.1
NZ_AQXI01000001.1_50 -            388 ATP-grasp            PF02222.27   171   2.7e-54  179.0   0.0   1   1   4.6e-57     4e-54  178.5   0.0     2   171   115   282   114   282 0.98 GCF_000376445.1
NZ_AQXI01000001.1_50 -            388 ATP-grasp_3          PF02655.19   160   1.9e-10   36.8   0.0   1   1   3.3e-13   2.8e-10   36.2   0.0     1   158   104   272   104   274 0.86 GCF_000376445.1
NZ_FOTC01000002.1_391  -            600 AXE1                 PF05448.17   321   2.9e-09   31.8   0.1   1   1   4.6e-09     3e-07   25.2   0.1    59   193   350   472   342   485 0.80 GCF_900114455.1
NZ_LOPU01000018.1_164  -            609 AXE1                 PF05448.17   321   1.1e-08   29.9   0.0   1   1   1.2e-08   8.3e-07   23.7   0.0    59   204   352   485   344   510 0.77 GCF_001469955.1
NZ_SDIC01000004.1_307  -            602 AXE1                 PF05448.17   321   1.6e-08   29.4   0.0   1   1   1.6e-08   1.1e-06   23.4   0.0    59   193   352   474   343   486 0.79 GCF_004116405.1
NZ_AOLG01000009.1_394  -            608 AXE1                 PF05448.17   321   2.2e-08   28.9   0.0   1   1   2.9e-08     2e-06   22.5   0.0    60   195   353   475   347   498 0.80 GCF_000336815.1
NZ_LOEP01000032.1_82   -            608 AXE1                 PF05448.17   321   2.3e-08   28.8   0.0   1   1     3e-08     2e-06   22.5   0.0    60   195   353   475   350   501 0.80 GCF_001482285.1
NZ_LOPW02000001.1_85   -            608 AXE1                 PF05448.17   321   2.4e-08   28.8   0.0   1   1     3e-08     2e-06   22.5   0.0    60   195   353   475   350   498 0.80 GCF_001469875.2
NZ_AOLJ01000011.1_98   -            608 AXE1                 PF05448.17   321   2.5e-08   28.7   0.0   1   1   3.3e-08   2.2e-06   22.3   0.0    60   195   353   475   350   498 0.80 GCF_000336775.1
NZ_AOLI01000034.1_37   -            600 AXE1                 PF05448.17   321   4.7e-08   27.8   0.0   1   1   6.3e-08   4.2e-06   21.4   0.0    59   193   352   473   350   493 0.81 GCF_000336955.1
NZ_AOLK01000012.1_186  -            600 AXE1                 PF05448.17   321   4.7e-08   27.8   0.0   1   1     6e-08     4e-06   21.5   0.0    59   193   352   473   350   493 0.81 GCF_000336755.1
NZ_SDIC01000004.1_308     -            139 B12-binding          PF02310.24   121     3e-28   93.8   0.5   1   1   5.6e-30   3.5e-28   93.6   0.5     2   117    11   125    10   129 0.91 GCF_004116405.1
NZ_JALLPK010000001.1_2699 -            142 B12-binding          PF02310.24   121   5.5e-28   93.0   0.7   1   1   1.1e-29   6.5e-28   92.7   0.7     2   117    13   127    12   130 0.94 GCF_023276375.1
NZ_FOTC01000002.1_394     -            139 B12-binding          PF02310.24   121   1.1e-27   92.0   0.6   1   1     2e-29   1.2e-27   91.8   0.6     2   115    11   123    10   129 0.91 GCF_900114455.1
NZ_AOLJ01000011.1_97      -            139 B12-binding          PF02310.24   121   2.5e-27   90.9   0.3   1   1   4.5e-29   2.8e-27   90.7   0.3     2   117    11   125    10   129 0.95 GCF_000336775.1
NC_017941.2_795           -            139 B12-binding          PF02310.24   121   2.7e-27   90.7   0.4   1   1   4.9e-29   3.1e-27   90.6   0.4     2   117    11   125    10   129 0.95 GCF_000306765.2
NZ_LOEP01000032.1_83      -            139 B12-binding          PF02310.24   121   3.7e-27   90.3   0.3   1   1   6.7e-29   4.1e-27   90.1   0.3     2   117    11   125    10   129 0.95 GCF_001482285.1
NZ_AQXI01000001.1_26      -            138 B12-binding          PF02310.24   121   6.7e-27   89.5   0.6   1   1   1.3e-28   7.7e-27   89.3   0.6     2   118    11   126    10   129 0.91 GCF_000376445.1
NZ_AOLG01000009.1_395     -            139 B12-binding          PF02310.24   121   8.5e-27   89.1   0.4   1   1   1.6e-28   9.7e-27   89.0   0.4     2   117    11   125    10   129 0.95 GCF_000336815.1
NZ_LOPW02000001.1_86      -            139 B12-binding          PF02310.24   121   8.5e-27   89.1   0.4   1   1   1.6e-28   9.7e-27   89.0   0.4     2   117    11   125    10   129 0.95 GCF_001469875.2
NZ_CSTE01000002.1_1312    -            139 B12-binding          PF02310.24   121   1.7e-26   88.2   0.4   1   1   3.1e-28   1.9e-26   88.0   0.4     2   117    11   125    10   129 0.95 GCF_001368915.1
NZ_AOLI01000034.1_39      -            139 B12-binding          PF02310.24   121   3.4e-26   87.2   0.3   1   1   6.2e-28   3.8e-26   87.0   0.3     2   117    11   125    10   129 0.95 GCF_000336955.1
NZ_AOLN01000018.1_543     -            139 B12-binding          PF02310.24   121   8.4e-26   85.9   0.4   1   1   1.5e-27   9.6e-26   85.7   0.4     2   117    11   125    10   129 0.95 GCF_000337815.1
NZ_AOLK01000012.1_188     -            139 B12-binding          PF02310.24   121   8.4e-26   85.9   0.4   1   1   1.5e-27   9.6e-26   85.7   0.4     2   117    11   125    10   129 0.95 GCF_000336755.1
s5a1_contig_1_2086        -            139 B12-binding          PF02310.24   121   8.4e-26   85.9   0.4   1   1   1.5e-27   9.6e-26   85.7   0.4     2   117    11   125    10   129 0.95 s5a-1
NZ_CSTE01000002.1_1341 -            426 Band_7               PF01145.30   176   6.1e-44  145.9   3.0   1   1   7.1e-47   6.1e-44  145.9   3.0     3   175    36   204    34   205 0.97 GCF_001368915.1
NZ_AQXI01000001.1_14 -            222 BAT                  PF15915.10   156   2.7e-25   84.7   0.4   1   1   5.3e-28   4.6e-25   84.0   0.4    19   147     2   131     1   135 0.95 GCF_000376445.1
NZ_LOPU01000018.1_164  -            609 BD-FAE               PF20434.3    215   4.4e-20   67.8   0.0   1   1   1.9e-20   1.3e-18   63.0   0.0     8   212   373   559   367   561 0.80 GCF_001469955.1
NZ_AOLG01000009.1_394  -            608 BD-FAE               PF20434.3    215   1.2e-18   63.2   0.0   1   1   4.1e-19   2.7e-17   58.7   0.0     9   213   373   559   366   561 0.82 GCF_000336815.1
NZ_LOEP01000032.1_82   -            608 BD-FAE               PF20434.3    215   1.2e-18   63.2   0.0   1   1   4.1e-19   2.7e-17   58.7   0.0     9   213   373   559   366   561 0.82 GCF_001482285.1
NZ_AOLJ01000011.1_98   -            608 BD-FAE               PF20434.3    215   1.3e-18   63.0   0.0   1   1   4.6e-19   3.1e-17   58.5   0.0     9   213   373   559   366   561 0.81 GCF_000336775.1
NZ_LOPW02000001.1_85   -            608 BD-FAE               PF20434.3    215   1.5e-18   62.8   0.0   1   1   5.9e-19   3.9e-17   58.2   0.0     9   213   373   559   366   561 0.81 GCF_001469875.2
NZ_AOLK01000012.1_186  -            600 BD-FAE               PF20434.3    215   3.3e-18   61.7   0.0   1   1   2.5e-18   1.6e-16   56.1   0.0     9   213   373   559   366   561 0.80 GCF_000336755.1
NZ_AOLI01000034.1_37   -            600 BD-FAE               PF20434.3    215   3.4e-18   61.6   0.0   1   1   2.3e-18   1.5e-16   56.2   0.0     9   213   373   559   366   561 0.81 GCF_000336955.1
s5a1_contig_1_2084     -            600 BD-FAE               PF20434.3    215   9.4e-18   60.2   0.0   1   1   6.4e-18   4.3e-16   54.8   0.0     9   213   373   559   366   561 0.81 s5a-1
NZ_CSTE01000002.1_1313 -            608 BD-FAE               PF20434.3    215   9.6e-18   60.2   0.0   1   1     3e-18     2e-16   55.8   0.0     9   213   373   559   366   561 0.82 GCF_001368915.1
NZ_AOLN01000018.1_545  -            600 BD-FAE               PF20434.3    215   1.3e-17   59.7   0.0   1   1     1e-17   6.7e-16   54.1   0.0     9   212   373   558   366   560 0.80 GCF_000337815.1
NZ_FOTC01000002.1_391  -            600 BD-FAE               PF20434.3    215     3e-17   58.5   0.0   1   1   9.8e-18   6.6e-16   54.2   0.0     9   214   372   559   365   560 0.81 GCF_900114455.1
NZ_SDIC01000004.1_307  -            602 BD-FAE               PF20434.3    215   2.4e-16   55.6   0.0   1   1   7.5e-17     5e-15   51.3   0.0    10   212   375   559   367   561 0.81 GCF_004116405.1
NC_017941.2_794        -            606 BD-FAE               PF20434.3    215   7.1e-16   54.1   0.0   1   1   5.6e-16   3.7e-14   48.4   0.0     9   213   373   559   366   560 0.80 GCF_000306765.2
NZ_BBMP01000023.1_105 -            287 Beta-lactamase2      PF13354.11   214   1.9e-44  147.3   0.0   1   1   2.8e-47   2.4e-44  146.9   0.0    15   213    47   250    39   251 0.97 GCF_000755245.1
NZ_JALLPK010000001.1_2677 -            620 Beta_helix           PF13229.11   158   2.4e-07   26.2   4.5   1   1   2.7e-10   2.4e-07   26.2   4.5    65   140   141   220    53   239 0.75 GCF_023276375.1
NZ_FNIA01000003.1_158 -            544 BPD_transp_1         PF00528.27   184   2.3e-28   94.9  36.6   1   2   7.7e-20   6.7e-17   57.5  13.1     2   170    84   268    83   337 0.85 GCF_900103505.1
NZ_FNIA01000003.1_158 -            544 BPD_transp_1         PF00528.27   184   2.3e-28   94.9  36.6   2   2   1.8e-16   1.6e-13   46.5   8.6     1   172   363   532   363   540 0.82 GCF_900103505.1
NZ_FNIA01000003.1_183 -            472 BPD_transp_2         PF02653.21   269   7.6e-36  119.3  32.4   1   1   1.8e-38   7.6e-36  119.3  32.4     3   242    63   366    61   430 0.88 GCF_900103505.1
NZ_FNIA01000003.1_182 -            372 BPD_transp_2         PF02653.21   269   3.9e-32  107.1  44.6   1   1   8.9e-35   3.9e-32  107.1  44.6     3   269    53   358    51   360 0.90 GCF_900103505.1
NZ_FNIA01000003.1_143 -            291 CbiX                 PF01903.22   106   4.6e-35  115.9   0.0   1   2     4e-20   3.5e-17   58.4   0.0     1   105     9   129     9   130 0.94 GCF_900103505.1
NZ_FNIA01000003.1_143 -            291 CbiX                 PF01903.22   106   4.6e-35  115.9   0.0   2   2   4.5e-19   3.9e-16   55.0   0.0     1   105   152   262   152   263 0.92 GCF_900103505.1
NZ_FNIA01000003.1_169 -            408 Cdc6_C               PF09079.16    96   9.4e-22   72.6   0.0   1   1     3e-24   2.6e-21   71.2   0.0     1    93   290   381   290   384 0.96 GCF_900103505.1
NZ_FNIA01000003.1_169 -            408 Cdc6_lid             PF22703.1     68     4e-24   80.1   6.0   1   1     1e-26   8.7e-24   79.0   6.0     2    67   215   280   214   281 0.98 GCF_900103505.1
NZ_SDIC01000004.1_273 -            555 Chorismate_bind      PF00425.23   257   4.1e-91  300.8   0.0   1   1     2e-93   5.7e-91  300.3   0.0     2   257   258   511   257   511 0.99 GCF_004116405.1
NZ_FOTC01000002.1_353 -            517 Chorismate_bind      PF00425.23   257   1.3e-88  292.6   0.0   1   1   5.6e-91   1.6e-88  292.2   0.0     2   257   233   492   232   492 0.96 GCF_900114455.1
NZ_LOPU01000018.1_124 -            536 Chorismate_bind      PF00425.23   257   5.2e-87  287.3   0.0   1   1   3.3e-89   9.5e-87  286.5   0.0     3   257   235   493   233   493 0.97 GCF_001469955.1
NZ_CP099993.1_963    -            168 CinA                 PF02464.22   155   5.2e-58  190.8   0.0   1   1     7e-61   6.1e-58  190.6   0.0     4   153    10   166     7   168 0.95 GCF_024138125.1
s5a1_contig_1_2087        -            362 cobW                 PF02492.24   180   4.8e-10   35.0   1.6   1   1   5.2e-11   3.8e-09   32.1   1.6     2   170    51   214    50   221 0.81 s5a-1
NZ_AOLI01000034.1_40      -            362 cobW                 PF02492.24   180     7e-10   34.5   1.4   1   1   7.6e-11   5.5e-09   31.6   1.4     2   170    51   214    50   221 0.81 GCF_000336955.1
NZ_AOLK01000012.1_189     -            364 cobW                 PF02492.24   180   7.2e-10   34.4   1.4   1   1   7.7e-11   5.6e-09   31.5   1.4     2   170    51   214    50   221 0.81 GCF_000336755.1
NZ_LOPW02000001.1_87      -            370 cobW                 PF02492.24   180   3.6e-09   32.1   1.4   1   1   4.4e-10   3.2e-08   29.1   1.4     2   170    51   214    50   221 0.77 GCF_001469875.2
NZ_LOEP01000032.1_84      -            355 cobW                 PF02492.24   180   3.8e-09   32.1   1.5   1   1   5.1e-10   3.7e-08   28.9   1.5     2   169    51   213    50   219 0.77 GCF_001482285.1
NZ_AOLG01000009.1_396     -            371 cobW                 PF02492.24   180   4.2e-09   31.9   1.4   1   1   5.2e-10   3.8e-08   28.8   1.4     2   169    51   213    50   220 0.77 GCF_000336815.1
NC_017941.2_796           -            383 cobW                 PF02492.24   180   4.3e-09   31.9   1.7   1   1     6e-10   4.4e-08   28.6   1.7     2   170    51   214    50   220 0.77 GCF_000306765.2
NZ_CSTE01000002.1_1311    -            372 cobW                 PF02492.24   180   4.6e-09   31.8   1.8   1   1   5.7e-10   4.1e-08   28.7   1.8     2   170    51   214    50   221 0.77 GCF_001368915.1
NZ_AOLJ01000011.1_96      -            371 cobW                 PF02492.24   180   4.6e-09   31.8   1.8   1   1   5.7e-10   4.1e-08   28.7   1.8     2   170    51   214    50   221 0.77 GCF_000336775.1
NZ_JALLPK010000001.1_2700 -            342 cobW                 PF02492.24   180   3.3e-08   29.0   0.9   1   1   1.8e-08   1.3e-06   23.8   0.9     2   171    45   209    44   215 0.74 GCF_023276375.1
NZ_AOLN01000018.1_542     -            383 cobW                 PF02492.24   180   3.4e-08   29.0   2.8   1   1     8e-09   5.8e-07   25.0   2.8     2   170    51   214    50   221 0.77 GCF_000337815.1
NZ_AQXI01000001.1_54 -            551 Complex1_30kDa       PF00329.24   124   4.8e-38  126.3   0.1   1   1   9.8e-41   8.5e-38  125.4   0.1     2   122    39   155    38   157 0.91 GCF_000376445.1
NZ_AQXI01000001.1_54 -            551 Complex1_49kDa       PF00346.24   271   2.3e-84  278.3   0.0   1   1   1.2e-85   1.1e-82  272.9   0.0     5   271   301   551   297   551 0.93 GCF_000376445.1
NZ_FOTC01000002.1_389  -            251 Copper-bind          PF00127.25    99   7.1e-21   70.2   0.1   1   1   2.1e-22   7.1e-21   70.2   0.1     7    98   109   195   103   196 0.86 GCF_900114455.1
NZ_SDIC01000004.1_304  -            231 Copper-bind          PF00127.25    99   2.4e-19   65.4   0.2   1   1   6.4e-20   2.2e-18   62.2   0.2     7    98    99   177    94   178 0.88 GCF_004116405.1
NZ_LOPU01000018.1_161  -            232 Copper-bind          PF00127.25    99     3e-19   65.0   0.3   1   1   8.7e-20     3e-18   61.8   0.3     2    98    94   177    93   178 0.89 GCF_001469955.1
NZ_AOLI01000034.1_33   -            209 Copper-bind          PF00127.25    99   5.9e-18   60.9   0.0   1   1   3.1e-19   1.1e-17   60.1   0.0     3    98    63   152    60   153 0.87 GCF_000336955.1
s5a1_contig_1_2080     -            209 Copper-bind          PF00127.25    99   5.9e-18   60.9   0.0   1   1   3.1e-19   1.1e-17   60.1   0.0     3    98    63   152    60   153 0.87 s5a-1
NC_017941.2_808        -            215 Copper-bind          PF00127.25    99     3e-17   58.6   0.0   1   1   1.5e-18   5.3e-17   57.8   0.0     3    98    63   152    59   153 0.83 GCF_000306765.2
NZ_AOLN01000018.1_550  -            208 Copper-bind          PF00127.25    99     4e-17   58.2   0.0   1   1   2.5e-18   8.7e-17   57.1   0.0     4    98    64   152    61   153 0.85 GCF_000337815.1
NZ_AOLN01000018.1_529  -            216 Copper-bind          PF00127.25    99   4.5e-17   58.1   0.0   1   1   2.7e-18   9.5e-17   57.0   0.0     4    98    64   152    61   153 0.85 GCF_000337815.1
NZ_AOLI01000034.1_53   -            218 Copper-bind          PF00127.25    99     1e-16   56.9   0.0   1   1   5.4e-18   1.9e-16   56.1   0.0     3    98    65   154    62   155 0.87 GCF_000336955.1
NZ_LOEP01000032.1_78   -            207 Copper-bind          PF00127.25    99   2.7e-16   55.5   0.0   1   1   1.7e-17     6e-16   54.5   0.0     3    98    63   151    60   152 0.85 GCF_001482285.1
NZ_LOEP01000032.1_97   -            212 Copper-bind          PF00127.25    99   3.1e-16   55.4   0.0   1   1     2e-17   6.8e-16   54.3   0.0     3    98    63   149    60   150 0.87 GCF_001482285.1
NZ_LOPW02000001.1_81   -            207 Copper-bind          PF00127.25    99   3.6e-16   55.1   0.0   1   1   2.3e-17     8e-16   54.0   0.0     3    98    63   151    60   152 0.85 GCF_001469875.2
NC_017941.2_789        -            205 Copper-bind          PF00127.25    99   3.9e-16   55.0   0.0   1   1     2e-17     7e-16   54.2   0.0     2    98    58   149    57   150 0.86 GCF_000306765.2
NZ_AOLG01000009.1_409  -            212 Copper-bind          PF00127.25    99     4e-16   55.0   0.0   1   1   2.5e-17   8.7e-16   53.9   0.0     3    98    63   149    60   150 0.87 GCF_000336815.1
NZ_LOPW02000001.1_100  -            212 Copper-bind          PF00127.25    99   4.5e-16   54.9   0.0   1   1   2.8e-17   9.8e-16   53.8   0.0     3    98    63   149    60   150 0.87 GCF_001469875.2
NZ_CSTE01000002.1_1298 -            212 Copper-bind          PF00127.25    99   5.5e-16   54.6   0.0   1   1   3.6e-17   1.2e-15   53.4   0.0     3    98    63   149    60   150 0.87 GCF_001368915.1
NZ_AOLJ01000011.1_83   -            212 Copper-bind          PF00127.25    99   6.3e-16   54.4   0.0   1   1   4.1e-17   1.4e-15   53.3   0.0     3    98    63   149    61   150 0.87 GCF_000336775.1
NZ_CSTE01000002.1_1317 -            207 Copper-bind          PF00127.25    99   8.2e-16   54.0   0.0   1   1   5.2e-17   1.8e-15   52.9   0.0     3    98    63   151    60   152 0.85 GCF_001368915.1
NZ_AOLJ01000011.1_102  -            207 Copper-bind          PF00127.25    99   9.9e-16   53.7   0.0   1   1   6.2e-17   2.2e-15   52.7   0.0     3    98    63   151    60   152 0.85 GCF_000336775.1
NZ_AOLG01000009.1_390  -            207 Copper-bind          PF00127.25    99     1e-15   53.7   0.0   1   1   6.5e-17   2.3e-15   52.6   0.0     3    98    63   151    60   152 0.85 GCF_000336815.1
NZ_AOLK01000012.1_181  -            123 Copper-bind          PF00127.25    99   4.7e-12   42.0   0.1   1   1     2e-13     7e-12   41.4   0.1    29    98     3    66     1    67 0.86 GCF_000336755.1
NZ_WSZK01000006.1_114  -            213 Copper-bind          PF00127.25    99   3.4e-11   39.2   0.0   1   1   7.2e-12   2.5e-10   36.4   0.0     3    98    80   163    78   164 0.81 GCF_009791395.1
NZ_AOLK01000012.1_202  -            130 Copper-bind          PF00127.25    99   2.3e-10   36.5   0.1   1   1   1.1e-11   3.7e-10   35.9   0.1    29    98     3    66     1    67 0.84 GCF_000336755.1
NZ_AOLK01000012.1_203  -            122 Copper-bind          PF00127.25    99   7.4e-08   28.5   0.0   1   1   3.2e-09   1.1e-07   27.9   0.0     3    55    65   116    62   122 0.83 GCF_000336755.1
NZ_AOLK01000012.1_182  -            115 Copper-bind          PF00127.25    99   1.3e-07   27.7   0.0   1   1     5e-09   1.7e-07   27.3   0.0     3    51    63   110    59   115 0.83 GCF_000336755.1
NZ_AQXI01000001.1_18 -            439 COX15-CtaA           PF02628.20   322   7.6e-10   34.0  14.4   1   1   8.8e-13   7.6e-10   34.0  14.4   198   319     3   113     1   160 0.84 GCF_000376445.1
NZ_AQXI01000001.1_17 -            262 COX2                 PF00116.25   120   1.2e-17   59.7   1.1   1   1   3.9e-19   3.4e-16   55.0   0.0    47   116   147   216   141   220 0.93 GCF_000376445.1
NZ_AQXI01000001.1_17 -            262 COX2_TM              PF02790.20    88     3e-11   39.1   0.1   1   1   6.6e-14   5.7e-11   38.2   0.1    13    86    29    99    23   101 0.89 GCF_000376445.1
NZ_AQXI01000001.1_16 -            287 COX3                 PF00510.23   258   1.7e-35  118.8  17.4   1   1   2.8e-38   2.5e-35  118.3  17.4    38   255    66   281    25   284 0.84 GCF_000376445.1
NZ_JALLPK010000001.1_2703 -             80 CRS1_YhbY            PF01985.26    84     6e-20   67.1   0.0   1   1   8.1e-23     7e-20   66.9   0.0     8    82     4    79     2    80 0.95 GCF_023276375.1
NZ_BBMP01000023.1_71 -            139 CwfJ_C_1             PF04677.20   122   7.1e-07   24.9   0.0   1   1   1.1e-09   9.2e-07   24.5   0.0    13   108     2   102     1   107 0.85 GCF_000755245.1
NZ_AOLN01000018.1_531  -            264 Cytochrome_B         PF00033.24   189   1.4e-48  160.9  15.5   1   1   2.3e-50     2e-48  160.5  15.5    13   185    78   255    70   259 0.95 GCF_000337815.1
NC_017941.2_806        -            264 Cytochrome_B         PF00033.24   189   1.7e-48  160.7  15.4   1   1   2.6e-50   2.3e-48  160.3  15.4    13   185    78   255    70   259 0.95 GCF_000306765.2
NZ_CSTE01000002.1_1300 -            264 Cytochrome_B         PF00033.24   189   2.6e-48  160.1  15.7   1   1   4.2e-50   3.6e-48  159.6  15.7    13   185    78   255    70   259 0.95 GCF_001368915.1
NZ_AOLG01000009.1_407  -            264 Cytochrome_B         PF00033.24   189   3.1e-48  159.8  15.9   1   1   4.9e-50   4.2e-48  159.4  15.9    13   185    78   255    70   259 0.95 GCF_000336815.1
NZ_AOLJ01000011.1_85   -            264 Cytochrome_B         PF00033.24   189   3.1e-48  159.8  15.9   1   1   4.9e-50   4.2e-48  159.4  15.9    13   185    78   255    70   259 0.95 GCF_000336775.1
NZ_LOEP01000032.1_95   -            264 Cytochrome_B         PF00033.24   189   3.1e-48  159.8  15.9   1   1   4.9e-50   4.2e-48  159.4  15.9    13   185    78   255    70   259 0.95 GCF_001482285.1
NZ_LOPW02000001.1_98   -            264 Cytochrome_B         PF00033.24   189     5e-48  159.1  15.8   1   1   7.9e-50   6.9e-48  158.7  15.8    13   185    78   255    70   259 0.95 GCF_001469875.2
NZ_AOLI01000034.1_51   -            264 Cytochrome_B         PF00033.24   189   6.7e-48  158.7  15.8   1   1   1.1e-49   9.3e-48  158.3  15.8    13   185    78   255    70   259 0.95 GCF_000336955.1
NZ_AOLK01000012.1_200  -            264 Cytochrome_B         PF00033.24   189   6.7e-48  158.7  15.8   1   1   1.1e-49   9.3e-48  158.3  15.8    13   185    78   255    70   259 0.95 GCF_000336755.1
s5a1_contig_1_2099     -            264 Cytochrome_B         PF00033.24   189   6.7e-48  158.7  15.8   1   1   1.1e-49   9.3e-48  158.3  15.8    13   185    78   255    70   259 0.95 s5a-1
NC_017941.2_768        -            263 Cytochrom_B_C        PF00032.22   102     1e-11   40.8   1.0   1   1   1.6e-13     1e-11   40.8   1.0     1    80   114   211   114   232 0.79 GCF_000306765.2
NZ_AOLN01000018.1_572  -            274 Cytochrom_B_C        PF00032.22   102   2.1e-11   39.7   0.3   1   1   3.4e-13   2.1e-11   39.7   0.3     1    89   125   228   125   240 0.82 GCF_000337815.1
NZ_LOEP01000032.1_94   -            254 Cytochrom_B_C        PF00032.22   102     6e-11   38.3   0.6   1   1   9.7e-13     6e-11   38.3   0.6     1    80   105   202   105   223 0.76 GCF_001482285.1
NZ_AOLG01000009.1_406  -            254 Cytochrom_B_C        PF00032.22   102   6.3e-11   38.2   0.7   1   1     1e-12   6.3e-11   38.2   0.7     1    80   105   202   105   223 0.76 GCF_000336815.1
NZ_AOLJ01000011.1_86   -            254 Cytochrom_B_C        PF00032.22   102   6.3e-11   38.2   0.7   1   1     1e-12   6.3e-11   38.2   0.7     1    80   105   202   105   223 0.76 GCF_000336775.1
NZ_CSTE01000002.1_1301 -            254 Cytochrom_B_C        PF00032.22   102   6.4e-11   38.2   1.0   1   1     1e-12   6.4e-11   38.2   1.0     1    80   105   202   105   223 0.75 GCF_001368915.1
NZ_AOLK01000012.1_157  -            272 Cytochrom_B_C        PF00032.22   102   7.7e-11   37.9   1.8   1   1   1.3e-12     8e-11   37.8   0.4     1    81   123   218   123   238 0.77 GCF_000336755.1
s5a1_contig_1_2058     -            272 Cytochrom_B_C        PF00032.22   102     8e-11   37.9   0.9   1   1   1.3e-12     8e-11   37.9   0.9     1    79   123   219   123   242 0.77 s5a-1
NZ_AOLI01000034.1_50   -            254 Cytochrom_B_C        PF00032.22   102   8.3e-11   37.8   1.7   1   1   2.2e-12   1.3e-10   37.1   0.4     1    81   105   200   105   219 0.77 GCF_000336955.1
NZ_AOLK01000012.1_199  -            254 Cytochrom_B_C        PF00032.22   102   8.3e-11   37.8   1.7   1   1   2.2e-12   1.3e-10   37.1   0.4     1    81   105   200   105   219 0.77 GCF_000336755.1
s5a1_contig_1_2098     -            254 Cytochrom_B_C        PF00032.22   102   8.3e-11   37.8   1.7   1   1   2.2e-12   1.3e-10   37.1   0.4     1    81   105   200   105   219 0.77 s5a-1
NZ_LOPW02000001.1_97   -            254 Cytochrom_B_C        PF00032.22   102     9e-11   37.7   0.8   1   1   1.5e-12     9e-11   37.7   0.8     1    80   105   202   105   224 0.75 GCF_001469875.2
NZ_AOLN01000018.1_532  -            254 Cytochrom_B_C        PF00032.22   102     1e-10   37.5   1.5   1   1   2.4e-12   1.5e-10   37.0   0.3     1    86   105   205   105   220 0.79 GCF_000337815.1
NC_017941.2_805        -            254 Cytochrom_B_C        PF00032.22   102   1.1e-10   37.5   0.3   1   1   4.4e-12   2.7e-10   36.1   0.2     1    85   105   204   105   224 0.77 GCF_000306765.2
NZ_AOLI01000034.1_51   -            264 Cytochrom_B_N_2      PF13631.11   169   9.3e-44  145.1  10.0   1   1   1.1e-44   9.3e-43  141.8  10.3     2   117   141   256   140   264 0.96 GCF_000336955.1
NZ_AOLK01000012.1_200  -            264 Cytochrom_B_N_2      PF13631.11   169   9.3e-44  145.1  10.0   1   1   1.1e-44   9.3e-43  141.8  10.3     2   117   141   256   140   264 0.96 GCF_000336755.1
s5a1_contig_1_2099     -            264 Cytochrom_B_N_2      PF13631.11   169   9.3e-44  145.1  10.0   1   1   1.1e-44   9.3e-43  141.8  10.3     2   117   141   256   140   264 0.96 s5a-1
NZ_LOPW02000001.1_98   -            264 Cytochrom_B_N_2      PF13631.11   169   1.1e-43  144.9   9.9   1   1   1.2e-44     1e-42  141.6   9.9     2   117   141   256   140   264 0.96 GCF_001469875.2
NZ_CSTE01000002.1_1300 -            264 Cytochrom_B_N_2      PF13631.11   169   1.1e-43  144.9   9.9   1   1   1.2e-44     1e-42  141.6   9.9     2   117   141   256   140   264 0.96 GCF_001368915.1
NZ_AOLN01000018.1_531  -            264 Cytochrom_B_N_2      PF13631.11   169   3.2e-43  143.3  10.0   1   1   3.5e-44     3e-42  140.1  10.0     2   117   141   256   140   264 0.96 GCF_000337815.1
NC_017941.2_806        -            264 Cytochrom_B_N_2      PF13631.11   169   3.6e-43  143.2   9.6   1   1   3.9e-44   3.4e-42  140.0   9.7     2   117   141   256   140   264 0.96 GCF_000306765.2
NZ_AOLG01000009.1_407  -            264 Cytochrom_B_N_2      PF13631.11   169   3.8e-43  143.1   9.3   1   1   4.2e-44   3.6e-42  139.9   9.3     2   117   141   256   140   264 0.96 GCF_000336815.1
NZ_AOLJ01000011.1_85   -            264 Cytochrom_B_N_2      PF13631.11   169   3.8e-43  143.1   9.3   1   1   4.2e-44   3.6e-42  139.9   9.3     2   117   141   256   140   264 0.96 GCF_000336775.1
NZ_LOEP01000032.1_95   -            264 Cytochrom_B_N_2      PF13631.11   169   3.8e-43  143.1   9.3   1   1   4.2e-44   3.6e-42  139.9   9.3     2   117   141   256   140   264 0.96 GCF_001482285.1
NZ_AQXI01000001.1_50 -            388 Dala_Dala_lig_C      PF07478.18   204   5.2e-11   38.1   0.0   1   1   1.9e-13   1.6e-10   36.5   0.0     2   176   114   271   113   276 0.88 GCF_000376445.1
NZ_AOLN01000018.1_559     -            426 DAO                  PF01266.29   353   6.2e-20   67.7   4.7   1   2   2.2e-11   9.9e-10   34.1   1.0     2    36     6    40     5    70 0.92 GCF_000337815.1
NZ_AOLN01000018.1_559     -            426 DAO                  PF01266.29   353   6.2e-20   67.7   4.7   2   2   9.5e-12   4.3e-10   35.3   0.1   154   300   208   359   193   418 0.67 GCF_000337815.1
NZ_AOLI01000034.1_24      -            426 DAO                  PF01266.29   353   1.4e-18   63.2   7.5   1   2   3.8e-11   1.7e-09   33.3   3.2     2    37     6    40     5    47 0.94 GCF_000336955.1
NZ_AOLI01000034.1_24      -            426 DAO                  PF01266.29   353   1.4e-18   63.2   7.5   2   2   8.2e-11   3.7e-09   32.2   0.1   154   337   208   402   190   419 0.62 GCF_000336955.1
NZ_AOLK01000012.1_171     -            426 DAO                  PF01266.29   353     3e-18   62.1   7.5   1   2   3.2e-11   1.5e-09   33.6   3.2     2    37     6    40     5    47 0.94 GCF_000336755.1
NZ_AOLK01000012.1_171     -            426 DAO                  PF01266.29   353     3e-18   62.1   7.5   2   2   2.1e-10   9.5e-09   30.9   0.1   154   304   208   362   190   419 0.61 GCF_000336755.1
s5a1_contig_1_2070        -            426 DAO                  PF01266.29   353   7.5e-18   60.8   7.8   1   2   2.8e-11   1.3e-09   33.7   4.1     2    37     6    40     5    47 0.94 s5a-1
s5a1_contig_1_2070        -            426 DAO                  PF01266.29   353   7.5e-18   60.8   7.8   2   2   9.7e-10   4.4e-08   28.7   0.1   154   302   208   360   203   418 0.62 s5a-1
NZ_AOLJ01000011.1_111     -            425 DAO                  PF01266.29   353   1.1e-17   60.2   7.7   1   2   7.7e-11   3.5e-09   32.3   3.8     2    37     6    40     5    46 0.94 GCF_000336775.1
NZ_AOLJ01000011.1_111     -            425 DAO                  PF01266.29   353   1.1e-17   60.2   7.7   2   2   4.5e-10   2.1e-08   29.8   0.1   154   299   208   355   190   414 0.67 GCF_000336775.1
NZ_LOPW02000001.1_72      -            425 DAO                  PF01266.29   353   1.6e-17   59.7   8.3   1   2   7.7e-11   3.5e-09   32.3   3.8     2    37     6    40     5    46 0.94 GCF_001469875.2
NZ_LOPW02000001.1_72      -            425 DAO                  PF01266.29   353   1.6e-17   59.7   8.3   2   2   4.3e-10   1.9e-08   29.9   0.1   154   300   208   358   190   418 0.68 GCF_001469875.2
NZ_LOEP01000032.1_69      -            425 DAO                  PF01266.29   353     2e-17   59.4   8.2   1   2   7.7e-11   3.5e-09   32.3   3.8     2    37     6    40     5    46 0.94 GCF_001482285.1
NZ_LOEP01000032.1_69      -            425 DAO                  PF01266.29   353     2e-17   59.4   8.2   2   2   5.7e-10   2.6e-08   29.4   0.1   154   299   208   355   200   417 0.68 GCF_001482285.1
NC_017941.2_780           -            426 DAO                  PF01266.29   353   3.4e-17   58.7   9.1   1   2   2.3e-10     1e-08   30.8   3.9     2    37     6    40     5    46 0.94 GCF_000306765.2
NC_017941.2_780           -            426 DAO                  PF01266.29   353   3.4e-17   58.7   9.1   2   2   1.9e-10   8.9e-09   31.0   0.2   154   335   208   400   195   419 0.62 GCF_000306765.2
NZ_AOLG01000009.1_381     -            426 DAO                  PF01266.29   353   4.9e-17   58.1  10.1   1   2   2.9e-10   1.3e-08   30.4   5.9     2    35     6    39     5    46 0.93 GCF_000336815.1
NZ_AOLG01000009.1_381     -            426 DAO                  PF01266.29   353   4.9e-17   58.1  10.1   2   2   4.3e-10     2e-08   29.8   0.1   154   299   208   355   190   416 0.67 GCF_000336815.1
NZ_CSTE01000002.1_1326    -            425 DAO                  PF01266.29   353   6.4e-17   57.7   9.5   1   2   3.7e-10   1.7e-08   30.1   5.0     2    35     6    39     5    46 0.93 GCF_001368915.1
NZ_CSTE01000002.1_1326    -            425 DAO                  PF01266.29   353   6.4e-17   57.7   9.5   2   2   3.6e-10   1.7e-08   30.1   0.1   154   300   208   358   190   418 0.67 GCF_001368915.1
NZ_FOTC01000002.1_377     -            425 DAO                  PF01266.29   353   2.1e-16   56.1   8.9   1   1   1.8e-10   8.3e-09   31.1   0.2   154   240   208   291   191   415 0.67 GCF_900114455.1
NZ_AQXI01000001.1_44      -            419 DAO                  PF01266.29   353   8.8e-16   54.0   0.5   1   1   4.4e-10     2e-08   29.8   0.0     2    37     4    38     3   145 0.92 GCF_000376445.1
NZ_CP099993.1_946         -            425 DAO                  PF01266.29   353   3.7e-14   48.7   9.3   1   1   5.7e-10   2.6e-08   29.4   0.8   152   304   204   361   191   417 0.63 GCF_024138125.1
NZ_CP099993.1_934    -            139 DapB_C               PF05173.19   121   5.3e-36  119.1   0.0   1   1   6.9e-39     6e-36  118.9   0.0    17   120     2   134     1   135 0.88 GCF_024138125.1
NZ_CP099993.1_935    -            146 DapB_N               PF01113.25   124   1.7e-28   95.0   0.0   1   1   2.2e-31   1.9e-28   94.7   0.0     2   124     4   122     3   122 0.94 GCF_024138125.1
NZ_CP099993.1_931    -            287 DAP_epimerase        PF01678.24   121   3.4e-45  148.8   0.4   1   2   2.3e-22     2e-19   65.6   0.0     2   120     6   124     5   125 0.90 GCF_024138125.1
NZ_CP099993.1_931    -            287 DAP_epimerase        PF01678.24   121   3.4e-45  148.8   0.4   2   2   2.4e-27   2.1e-24   81.7   0.1     2   107   155   259   154   270 0.92 GCF_024138125.1
NZ_AOLK01000012.1_169 -            779 dCache_1             PF02743.23   240   2.3e-17   59.0   0.2   1   1   1.8e-19   7.9e-17   57.3   0.2    76   238   118   275    45   275 0.85 GCF_000336755.1
NZ_AOLI01000034.1_22  -            779 dCache_1             PF02743.23   240   8.5e-17   57.2   0.4   1   1   6.8e-19   2.9e-16   55.4   0.4    75   238   117   275    44   275 0.79 GCF_000336955.1
NZ_BBMP01000023.1_71 -            139 DcpS_C               PF11969.13   114   1.5e-13   46.9   0.0   1   1   2.3e-16     2e-13   46.6   0.0     1    99     2   100     2   108 0.91 GCF_000755245.1
NZ_CSTE01000002.1_1332 -            357 DegT_DnrJ_EryC1      PF01041.22   360     2e-06   23.0   0.5   1   1   6.8e-09   2.9e-06   22.4   0.5    23   147    42   177    32   180 0.81 GCF_001368915.1
NC_017941.2_774        -            357 DegT_DnrJ_EryC1      PF01041.22   360   8.5e-06   20.9   0.4   1   1   2.9e-08   1.3e-05   20.3   0.4    23   147    42   177    24   180 0.83 GCF_000306765.2
NZ_BBMP01000023.1_81 -            155 Dehydratase_hem      PF13816.11   310   1.5e-07   26.8   0.2   1   1   1.8e-10   1.6e-07   26.7   0.2    55   152    55   147    20   155 0.79 GCF_000755245.1
NZ_WSZK01000006.1_111 -            388 DFP                  PF04127.20   186   9.4e-48  158.2   0.6   1   1   4.1e-49   3.6e-46  153.0   0.1     1   182   181   355   181   359 0.88 GCF_009791395.1
NZ_CP099993.1_936    -            302 DHDPS                PF00701.27   289     1e-91  302.4   0.0   1   1   1.3e-94   1.1e-91  302.2   0.0     2   286     8   290     7   293 0.98 GCF_024138125.1
NZ_LOPU01000018.1_144  -            348 DHQ_synthase         PF01761.25   261   5.4e-12   41.1   0.1   1   1   2.2e-13   1.5e-11   39.7   0.1    24   255    78   317    64   322 0.81 GCF_001469955.1
NZ_SDIC01000004.1_291  -            350 DHQ_synthase         PF01761.25   261     3e-11   38.6   0.3   1   1   6.6e-12   4.4e-10   34.8   0.3    16   254    70   316    64   323 0.77 GCF_004116405.1
NZ_FOTC01000002.1_375  -            350 DHQ_synthase         PF01761.25   261   1.3e-10   36.6   0.1   1   1   5.9e-12     4e-10   35.0   0.1    16   245    72   307    66   324 0.77 GCF_900114455.1
NC_017941.2_786        -            348 DHQ_synthase         PF01761.25   261   2.5e-10   35.7   0.0   1   1   1.7e-11   1.1e-09   33.5   0.0    13   254    70   316    65   323 0.77 GCF_000306765.2
NZ_CSTE01000002.1_1320 -            348 DHQ_synthase         PF01761.25   261   3.5e-10   35.2   0.0   1   1   2.3e-11   1.5e-09   33.1   0.0    13   254    70   316    66   322 0.76 GCF_001368915.1
NZ_AOLG01000009.1_387  -            348 DHQ_synthase         PF01761.25   261   3.9e-10   35.0   0.0   1   1   2.6e-11   1.7e-09   32.9   0.0    13   254    70   316    66   322 0.76 GCF_000336815.1
NZ_AOLJ01000011.1_105  -            348 DHQ_synthase         PF01761.25   261   3.9e-10   35.0   0.0   1   1   2.6e-11   1.7e-09   32.9   0.0    13   254    70   316    66   322 0.76 GCF_000336775.1
NZ_LOPW02000001.1_78   -            348 DHQ_synthase         PF01761.25   261   3.9e-10   35.0   0.0   1   1   2.6e-11   1.7e-09   32.9   0.0    13   254    70   316    66   322 0.76 GCF_001469875.2
NZ_LOEP01000032.1_75   -            348 DHQ_synthase         PF01761.25   261   4.7e-10   34.7   0.0   1   1   3.1e-11   2.1e-09   32.6   0.0    13   254    70   316    66   322 0.76 GCF_001482285.1
s5a1_contig_1_2076     -            348 DHQ_synthase         PF01761.25   261   5.3e-10   34.6   0.0   1   1   5.6e-11   3.8e-09   31.8   0.0    32   252    86   314    66   323 0.77 s5a-1
NZ_AOLI01000034.1_30   -            348 DHQ_synthase         PF01761.25   261   5.9e-10   34.4   0.0   1   1   6.3e-11   4.2e-09   31.6   0.0    32   252    86   314    66   323 0.77 GCF_000336955.1
NZ_AOLN01000018.1_553  -            348 DHQ_synthase         PF01761.25   261   6.1e-10   34.4   0.0   1   1   9.8e-11   6.5e-09   31.0   0.0    14   254    71   316    66   323 0.76 GCF_000337815.1
NZ_AOLK01000012.1_177  -            348 DHQ_synthase         PF01761.25   261   7.5e-10   34.1   0.0   1   1     8e-11   5.4e-09   31.3   0.0    32   252    86   314    66   323 0.77 GCF_000336755.1
NZ_LOPU01000018.1_127 -            248 DICT                 PF10069.14   129   5.6e-07   25.3   0.0   1   1   9.2e-10   7.9e-07   24.8   0.0    25   128   117   220   103   221 0.85 GCF_001469955.1
NZ_WSZK01000006.1_101 -            233 DJ-1_PfpI            PF01965.29   165   2.1e-15   52.6   0.2   1   1     8e-17     7e-14   47.7   0.2     3   164     4   223     2   224 0.76 GCF_009791395.1
NZ_LOPU01000018.1_164  -            609 DLH                  PF01738.23   217   6.5e-17   57.5   0.0   1   1   2.7e-18   1.7e-16   56.2   0.0    12   194   377   587   362   600 0.82 GCF_001469955.1
NZ_FOTC01000002.1_391  -            600 DLH                  PF01738.23   217   2.2e-15   52.5   0.1   1   1   1.9e-16   1.2e-14   50.1   0.1    31   194   395   585   369   593 0.86 GCF_900114455.1
NZ_SDIC01000004.1_307  -            602 DLH                  PF01738.23   217   3.6e-15   51.8   0.1   1   1   2.1e-16   1.3e-14   50.0   0.1    33   195   399   588   363   596 0.88 GCF_004116405.1
NZ_LOEP01000032.1_82   -            608 DLH                  PF01738.23   217   1.3e-13   46.8   0.0   1   1   6.5e-15   4.1e-13   45.1   0.0    28   195   393   586   362   603 0.80 GCF_001482285.1
NZ_AOLG01000009.1_394  -            608 DLH                  PF01738.23   217   1.3e-13   46.7   0.0   1   1   6.5e-15   4.1e-13   45.1   0.0    28   195   393   586   362   603 0.80 GCF_000336815.1
NZ_AOLJ01000011.1_98   -            608 DLH                  PF01738.23   217   1.4e-13   46.6   0.0   1   1   7.3e-15   4.5e-13   45.0   0.0    29   195   394   586   362   603 0.80 GCF_000336775.1
NZ_LOPW02000001.1_85   -            608 DLH                  PF01738.23   217   1.7e-13   46.3   0.0   1   1   8.9e-15   5.5e-13   44.7   0.0    28   195   393   586   362   603 0.80 GCF_001469875.2
s5a1_contig_1_2084     -            600 DLH                  PF01738.23   217   2.3e-13   45.9   0.0   1   1   1.5e-14     9e-13   44.0   0.0    29   195   394   586   362   596 0.80 s5a-1
NZ_AOLK01000012.1_186  -            600 DLH                  PF01738.23   217   2.5e-13   45.8   0.0   1   1   1.6e-14   9.9e-13   43.8   0.0    29   195   394   586   362   596 0.80 GCF_000336755.1
NZ_AOLI01000034.1_37   -            600 DLH                  PF01738.23   217   2.6e-13   45.8   0.0   1   1   1.7e-14     1e-12   43.8   0.0    29   195   394   586   362   596 0.80 GCF_000336955.1
NZ_CSTE01000002.1_1313 -            608 DLH                  PF01738.23   217   2.8e-13   45.7   0.0   1   1   1.4e-14   8.9e-13   44.0   0.0    28   195   393   586   362   603 0.80 GCF_001368915.1
NC_017941.2_794        -            606 DLH                  PF01738.23   217   2.6e-12   42.5   0.0   1   1   1.6e-13     1e-11   40.5   0.0    29   195   394   586   362   604 0.80 GCF_000306765.2
NZ_AOLN01000018.1_545  -            600 DLH                  PF01738.23   217   4.3e-12   41.8   0.0   1   1   2.8e-13   1.7e-11   39.8   0.0    29   195   394   586   362   596 0.80 GCF_000337815.1
NZ_AQXI01000001.1_48 -            134 DMRL_synthase        PF00885.24   139   4.1e-35  116.4   0.3   1   1   5.1e-38   4.4e-35  116.3   0.3     3   137     3   132     1   134 0.94 GCF_000376445.1
NZ_JALLPK010000001.1_2682 -            197 DnaJ                 PF00226.36    63   8.3e-15   50.4   0.0   1   1   2.5e-16   1.4e-14   49.7   0.0     4    57   147   196   145   197 0.95 GCF_023276375.1
NZ_CP099993.1_950         -            219 DnaJ                 PF00226.36    63   2.2e-13   45.8   0.0   1   1   6.4e-15   3.5e-13   45.2   0.0     3    54   168   215   166   219 0.92 GCF_024138125.1
NZ_AQXI01000001.1_40      -            188 DnaJ                 PF00226.36    63   9.7e-12   40.6   0.0   1   1     3e-13   1.6e-11   39.9   0.0     3    52   137   182   135   186 0.93 GCF_000376445.1
NZ_FOTC01000002.1_386     -            200 DnaJ                 PF00226.36    63   3.9e-11   38.7   0.1   1   1   1.1e-12     6e-11   38.1   0.1     3    55   146   194   144   200 0.89 GCF_900114455.1
NZ_AOLN01000018.1_562     -            199 DnaJ                 PF00226.36    63   1.5e-10   36.8   0.0   1   1   5.4e-12   2.9e-10   35.9   0.0     3    51   147   191   145   196 0.93 GCF_000337815.1
NZ_AOLI01000034.1_19      -            199 DnaJ                 PF00226.36    63   1.6e-10   36.7   0.0   1   1   4.6e-12   2.5e-10   36.1   0.0     3    53   147   193   145   198 0.90 GCF_000336955.1
s5a1_contig_1_2067        -            199 DnaJ                 PF00226.36    63   1.6e-10   36.7   0.0   1   1   4.6e-12   2.5e-10   36.1   0.0     3    53   147   193   145   198 0.90 s5a-1
NZ_AOLK01000012.1_166     -            199 DnaJ                 PF00226.36    63   1.6e-10   36.7   0.0   1   1   4.6e-12   2.5e-10   36.1   0.0     3    53   147   193   145   198 0.90 GCF_000336755.1
NC_017941.2_777           -            208 DnaJ                 PF00226.36    63   8.4e-10   34.4   0.0   1   1   2.4e-11   1.3e-09   33.8   0.0     3    51   156   200   154   206 0.92 GCF_000306765.2
NZ_LOPU01000018.1_157     -            199 DnaJ                 PF00226.36    63     1e-09   34.1   0.0   1   1   3.2e-11   1.8e-09   33.4   0.0     3    55   147   195   145   198 0.91 GCF_001469955.1
NZ_LOPW02000001.1_69      -            199 DnaJ                 PF00226.36    63   1.2e-09   33.9   0.0   1   1   4.1e-11   2.2e-09   33.1   0.0     3    51   147   191   145   196 0.93 GCF_001469875.2
NZ_AOLJ01000011.1_115     -            199 DnaJ                 PF00226.36    63   5.6e-09   31.8   0.0   1   1   1.8e-10     1e-08   30.9   0.0     3    51   147   191   145   196 0.93 GCF_000336775.1
NZ_AOLG01000009.1_378     -            199 DnaJ                 PF00226.36    63   5.6e-09   31.8   0.0   1   1   1.8e-10     1e-08   30.9   0.0     3    51   147   191   145   196 0.93 GCF_000336815.1
NZ_LOEP01000032.1_66      -            199 DnaJ                 PF00226.36    63   6.1e-09   31.6   0.0   1   1   1.8e-10     1e-08   30.9   0.0     3    51   147   191   145   196 0.93 GCF_001482285.1
NZ_CSTE01000002.1_1329    -            199 DnaJ                 PF00226.36    63   9.6e-09   31.0   0.0   1   1   3.1e-10   1.7e-08   30.2   0.0     3    51   147   191   145   196 0.93 GCF_001368915.1
NZ_SDIC01000004.1_302     -            198 DnaJ                 PF00226.36    63   1.3e-08   30.6   0.0   1   1   3.5e-10   1.9e-08   30.1   0.0     5    55   149   195   145   198 0.92 GCF_004116405.1
NZ_JALLPK010000001.1_2670 -            899 DNA_pol_B            PF00136.26   453   1.5e-49  164.7   0.0   1   1   4.9e-52   4.2e-49  163.2   0.0    27   384   451   784   438   802 0.82 GCF_023276375.1
NZ_JALLPK010000001.1_2670 -            899 DNA_pol_B_exo1       PF03104.24   242   1.2e-28   95.8   0.0   1   1   2.6e-31   2.2e-28   95.0   0.0     2   242   151   368   150   368 0.81 GCF_023276375.1
NZ_FNIA01000003.1_144 -            366 DR2241               PF18069.6    111     1e-40  133.8   0.4   1   1   1.2e-43     1e-40  133.8   0.4     2   111   100   210    99   210 0.95 GCF_900103505.1
NZ_FOTC01000002.1_361 -            774 DUF2298              PF10060.14   488  6.3e-143  472.9  33.2   1   1  2.2e-145  6.3e-143  472.9  33.2     2   488    47   558    46   558 0.93 GCF_900114455.1
NZ_SDIC01000004.1_281 -            833 DUF2298              PF10060.14   488  6.5e-140  462.9  29.2   1   1  3.5e-142    1e-139  462.3  29.2     1   488    46   583    46   583 0.94 GCF_004116405.1
NZ_LOPU01000018.1_133 -            808 DUF2298              PF10060.14   488  1.7e-138  458.3  37.4   1   1  5.7e-141  1.7e-138  458.3  37.4     1   488    46   558    46   558 0.95 GCF_001469955.1
NZ_WSZK01000006.1_96 -            119 DUF2304              PF10066.14   106   9.1e-17   57.0   4.0   1   1   1.2e-19     1e-16   56.9   4.0     4   105     9   110     6   111 0.96 GCF_009791395.1
NZ_JALLPK010000001.1_2692 -            181 DUF3054              PF11255.13   110   1.4e-25   85.5   9.3   1   1   2.5e-28   2.2e-25   85.0   9.3     1   109    64   177    64   178 0.92 GCF_023276375.1
NZ_FNIA01000003.1_166 -            459 DUF3141              PF11339.13   582   6.1e-11   37.3   0.1   1   1   2.9e-13   2.5e-10   35.2   0.1    96   324    97   320    82   347 0.77 GCF_900103505.1
NZ_FNIA01000003.1_168 -            228 DUF3267              PF11667.13   108   2.1e-21   72.1   0.1   1   1   2.4e-24   2.1e-21   72.1   0.1     2   106   109   211   108   213 0.90 GCF_900103505.1
NZ_WSZK01000006.1_97 -            292 DUF3473              PF11959.13   130   3.1e-17   58.5   0.0   1   1   4.9e-20   4.2e-17   58.1   0.0    20   129   170   274   146   275 0.81 GCF_009791395.1
NZ_SDIC01000004.1_290  -            205 DUF420               PF04238.17   130   2.8e-38  126.9   8.8   1   1   4.6e-40   2.8e-38  126.9   8.8     2   130    54   187    53   187 0.98 GCF_004116405.1
NZ_AOLN01000018.1_552  -            210 DUF420               PF04238.17   130   9.3e-38  125.2   6.8   1   1   1.5e-39   9.3e-38  125.2   6.8     2   130    54   187    53   187 0.98 GCF_000337815.1
NC_017941.2_787        -            210 DUF420               PF04238.17   130   1.1e-37  124.9   8.2   1   1   1.8e-39   1.1e-37  124.9   8.2     2   130    54   187    53   187 0.98 GCF_000306765.2
NZ_LOPU01000018.1_143  -            205 DUF420               PF04238.17   130   1.4e-37  124.6   9.3   1   1   2.2e-39   1.4e-37  124.6   9.3     2   130    54   187    53   187 0.98 GCF_001469955.1
NZ_AOLK01000012.1_179  -            209 DUF420               PF04238.17   130   1.7e-37  124.3   6.5   1   1   2.8e-39   1.7e-37  124.3   6.5     2   130    54   187    53   187 0.98 GCF_000336755.1
NZ_AOLJ01000011.1_104  -            213 DUF420               PF04238.17   130   1.9e-37  124.2   6.8   1   1     3e-39   1.9e-37  124.2   6.8     2   130    54   187    53   187 0.98 GCF_000336775.1
NZ_LOEP01000032.1_76   -            213 DUF420               PF04238.17   130   1.9e-37  124.2   6.8   1   1     3e-39   1.9e-37  124.2   6.8     2   130    54   187    53   187 0.98 GCF_001482285.1
NZ_CSTE01000002.1_1319 -            213 DUF420               PF04238.17   130   1.9e-37  124.2   7.9   1   1     3e-39   1.9e-37  124.2   7.9     2   130    54   187    53   187 0.98 GCF_001368915.1
NZ_AOLG01000009.1_388  -            213 DUF420               PF04238.17   130     2e-37  124.1   6.8   1   1   3.3e-39     2e-37  124.1   6.8     2   130    54   187    53   187 0.98 GCF_000336815.1
NZ_LOPW02000001.1_79   -            213 DUF420               PF04238.17   130   2.4e-37  123.9   6.8   1   1   3.8e-39   2.4e-37  123.9   6.8     2   130    54   187    53   187 0.98 GCF_001469875.2
NZ_FOTC01000002.1_369  -            199 DUF420               PF04238.17   130   5.1e-37  122.8   9.7   1   1   8.3e-39   5.1e-37  122.8   9.7     1   130    53   188    53   188 0.98 GCF_900114455.1
s5a1_contig_1_2078     -            209 DUF420               PF04238.17   130   5.9e-37  122.6   7.8   1   1   9.5e-39   5.9e-37  122.6   7.8     2   130    54   187    53   187 0.98 s5a-1
NZ_AOLI01000034.1_31   -            209 DUF420               PF04238.17   130   6.5e-37  122.5   7.7   1   1     1e-38   6.5e-37  122.5   7.7     2   130    54   187    53   187 0.98 GCF_000336955.1
NZ_AQXI01000001.1_24   -            195 DUF420               PF04238.17   130   7.2e-36  119.1  12.6   1   1   1.2e-37   7.2e-36  119.1  12.6     2   130    52   185    51   185 0.96 GCF_000376445.1
NZ_BBMP01000023.1_82 -            246 DUF4386              PF14329.11   210   1.1e-12   44.0  27.1   1   1   1.9e-15   1.7e-12   43.4  27.1     4   207    27   223    19   237 0.84 GCF_000755245.1
NC_017941.2_791       -            146 DUF5518              PF17647.6    116   4.8e-13   45.0  16.6   1   1   1.3e-15   5.5e-13   44.8  16.6     6   116    21   132    15   132 0.89 GCF_000306765.2
NZ_AOLN01000018.1_548 -            156 DUF5518              PF17647.6    116   1.3e-11   40.4  16.4   1   1   3.5e-14   1.5e-11   40.2  16.4     6   116    31   142    25   142 0.90 GCF_000337815.1
NZ_JALLPK010000001.1_2678 -            244 DUF5816              PF19133.5     72   1.7e-36  120.1   3.0   1   1   3.5e-39     3e-36  119.3   3.0     3    72   175   244   173   244 0.98 GCF_023276375.1
NZ_AOLI01000034.1_29  -            290 DUF726               PF05277.17   343   1.5e-08   29.6   0.0   1   1   1.3e-08   1.9e-06   22.7   0.0   193   299   127   245   123   286 0.78 GCF_000336955.1
NZ_FNIA01000003.1_161 -            296 DUF726               PF05277.17   343   1.7e-08   29.5   0.3   1   1   2.3e-10   3.3e-08   28.5   0.0   193   301   140   254   137   284 0.77 GCF_900103505.1
NZ_FNIA01000003.1_161 -            296 DUF900               PF05990.17   232   2.8e-12   42.3   0.0   1   1   4.1e-14   3.9e-12   41.8   0.0    15   132    86   203    81   218 0.85 GCF_900103505.1
NC_017941.2_785       -            290 DUF900               PF05990.17   232   1.5e-08   30.1   0.0   1   1   2.1e-10     2e-08   29.7   0.0    14   167    65   234    61   251 0.69 GCF_000306765.2
NZ_AQXI01000001.1_32  -            299 DUF900               PF05990.17   232   1.4e-07   26.9   0.0   1   1   2.1e-09     2e-07   26.4   0.0    20   167    74   236    68   240 0.75 GCF_000376445.1
NZ_BBMP01000023.1_95  -            293 DUF900               PF05990.17   232   1.4e-07   26.9   0.0   1   1     2e-09     2e-07   26.4   0.0    18   168    71   235    64   254 0.74 GCF_000755245.1
NZ_AOLK01000012.1_176 -            290 DUF900               PF05990.17   232     2e-07   26.4   0.0   1   1   2.6e-09   2.5e-07   26.1   0.0    18   120    69   181    63   246 0.78 GCF_000336755.1
s5a1_contig_1_2075    -            290 DUF900               PF05990.17   232   2.2e-07   26.3   0.0   1   1   3.2e-09   3.1e-07   25.8   0.0    16   119    67   180    62   210 0.84 s5a-1
NZ_AOLI01000034.1_29  -            290 DUF900               PF05990.17   232   2.9e-07   25.9   0.0   1   1   4.2e-09     4e-07   25.4   0.0    17   119    68   180    62   212 0.84 GCF_000336955.1
NZ_CP099993.1_958     -            300 DUF900               PF05990.17   232   8.1e-07   24.4   0.0   1   1   1.1e-08   1.1e-06   24.0   0.0    18   116    72   182    66   238 0.79 GCF_024138125.1
NZ_SDIC01000004.1_292 -            292 DUF900               PF05990.17   232   8.3e-06   21.1   0.0   1   1   1.2e-07   1.1e-05   20.7   0.0    20   167    73   235    68   258 0.71 GCF_004116405.1
NZ_AQXI01000001.1_13 -            271 Dus                  PF01207.22   311   5.4e-10   34.5   0.0   1   1   1.1e-10   9.2e-08   27.2   0.0   142   255    40   151    31   156 0.83 GCF_000376445.1
NZ_FOTC01000002.1_380 -            363 DXP_synthase_N       PF13292.11   274   1.1e-07   27.1   0.0   1   1     2e-10   1.7e-07   26.4   0.0   117   179   132   194   127   258 0.79 GCF_900114455.1
NZ_FOTC01000002.1_380 -            363 E1_dh                PF00676.25   300   2.3e-80  265.5   0.0   1   1   3.4e-83   2.9e-80  265.1   0.0     2   293    36   321    35   328 0.94 GCF_900114455.1
NZ_LOPU01000018.1_138     -            266 EIF_2_alpha          PF07541.17   114   1.4e-36  120.6   0.2   1   1   1.9e-38   2.8e-36  119.7   0.0     2   114   118   230   117   230 0.96 GCF_001469955.1
NZ_SDIC01000004.1_286     -            266 EIF_2_alpha          PF07541.17   114   3.6e-36  119.4   0.0   1   1   4.6e-38   6.6e-36  118.5   0.0     2   114   118   230   117   230 0.96 GCF_004116405.1
NZ_FOTC01000002.1_365     -            266 EIF_2_alpha          PF07541.17   114   1.7e-35  117.2   0.1   1   1   2.4e-37   3.4e-35  116.2   0.1     2   114   118   230   117   230 0.96 GCF_900114455.1
NZ_AQXI01000001.1_36      -            266 EIF_2_alpha          PF07541.17   114   9.5e-34  111.6   0.0   1   1   1.1e-35   1.6e-33  110.8   0.0     2   114   118   230   117   230 0.96 GCF_000376445.1
NZ_CP099993.1_954         -            266 EIF_2_alpha          PF07541.17   114   1.5e-33  110.9   0.0   1   1     2e-35   2.9e-33  110.0   0.0     2   114   118   230   117   230 0.96 GCF_024138125.1
NZ_JALLPK010000001.1_2685 -            266 EIF_2_alpha          PF07541.17   114     3e-30  100.3   0.0   1   1   4.7e-32   6.8e-30   99.2   0.0     2   114   118   230   117   230 0.95 GCF_023276375.1
NZ_CP099993.1_935    -            146 Epimerase            PF01370.26   240   2.5e-06   22.8   0.1   1   1   3.6e-09   3.1e-06   22.5   0.1     1    95     5    96     5   108 0.80 GCF_024138125.1
NZ_WSZK01000006.1_112     -            254 FAD_binding_2        PF00890.29   414   9.4e-11   37.2   4.5   1   1   9.1e-10     4e-08   28.5   1.4     1    33     8    40     8    46 0.95 GCF_009791395.1
NZ_AOLI01000034.1_24      -            426 FAD_binding_2        PF00890.29   414     2e-08   29.5   2.8   1   1   4.7e-09     2e-07   26.2   2.0     2    36     6    40     5    46 0.93 GCF_000336955.1
s5a1_contig_1_2070        -            426 FAD_binding_2        PF00890.29   414   4.6e-08   28.3   5.0   1   1   3.4e-09   1.5e-07   26.7   3.2     2    36     6    40     5    46 0.93 s5a-1
NZ_AOLK01000012.1_171     -            426 FAD_binding_2        PF00890.29   414   8.2e-08   27.5   3.3   1   1   8.5e-09   3.7e-07   25.3   1.8     2    36     6    40     5    46 0.92 GCF_000336755.1
NZ_AOLN01000018.1_559     -            426 FAD_binding_2        PF00890.29   414   2.7e-07   25.8   1.8   1   1   2.3e-08     1e-06   23.9   1.1     2    36     6    40     5    49 0.92 GCF_000337815.1
NZ_JALLPK010000001.1_2708 -            341 FAD_binding_2        PF00890.29   414   2.9e-07   25.7   6.4   1   1   1.2e-07     5e-06   21.6   1.5     2    33     8    39     7    88 0.85 GCF_023276375.1
NZ_SDIC01000004.1_296     -            425 FAD_binding_2        PF00890.29   414     3e-07   25.6   1.8   1   1     7e-09     3e-07   25.6   1.8     2    36     7    41     6    47 0.94 GCF_004116405.1
NZ_CP099993.1_946         -            425 FAD_binding_2        PF00890.29   414   3.6e-07   25.4   1.9   1   1   1.6e-08     7e-07   24.4   1.9     2    36     4    38     3    45 0.93 GCF_024138125.1
NZ_AQXI01000001.1_44      -            419 FAD_binding_2        PF00890.29   414   4.5e-07   25.1   0.3   1   1     2e-08   8.6e-07   24.1   0.3     2    36     4    38     3    48 0.92 GCF_000376445.1
NZ_CP099993.1_977         -            410 FAD_binding_2        PF00890.29   414   4.7e-07   25.0   0.1   1   1   5.4e-08   2.4e-06   22.7   0.0     1    46     6    53     6   109 0.79 GCF_024138125.1
NC_017941.2_780           -            426 FAD_binding_2        PF00890.29   414   5.8e-07   24.7   2.7   1   1   3.1e-08   1.3e-06   23.5   1.5     2    36     6    40     5    46 0.92 GCF_000306765.2
NZ_AOLJ01000011.1_111     -            425 FAD_binding_2        PF00890.29   414     7e-07   24.4   1.8   1   1   3.4e-08   1.5e-06   23.3   1.8     2    36     6    40     5    46 0.92 GCF_000336775.1
NZ_LOPW02000001.1_72      -            425 FAD_binding_2        PF00890.29   414   7.1e-07   24.4   1.8   1   1   3.4e-08   1.5e-06   23.3   1.8     2    36     6    40     5    46 0.92 GCF_001469875.2
NZ_LOEP01000032.1_69      -            425 FAD_binding_2        PF00890.29   414   7.7e-07   24.3   1.8   1   1   3.4e-08   1.5e-06   23.3   1.8     2    36     6    40     5    46 0.92 GCF_001482285.1
NZ_FOTC01000002.1_379     -            306 FAD_binding_2        PF00890.29   414   1.1e-06   23.8   2.3   1   1   2.2e-07   9.7e-06   20.7   2.3     1   102    13    99    13   140 0.64 GCF_900114455.1
NZ_AOLG01000009.1_381     -            426 FAD_binding_2        PF00890.29   414   1.1e-06   23.7   4.6   1   1   5.6e-08   2.4e-06   22.6   4.6     2    36     6    40     5    46 0.92 GCF_000336815.1
NZ_CSTE01000002.1_1326    -            425 FAD_binding_2        PF00890.29   414   1.5e-06   23.3   3.2   1   1     7e-08     3e-06   22.3   3.2     2    36     6    40     5    46 0.92 GCF_001368915.1
NZ_LOPU01000018.1_150     -            428 FAD_binding_2        PF00890.29   414     2e-06   23.0   1.6   1   1   5.8e-08   2.5e-06   22.6   0.7     4    36     9    41     6    46 0.93 GCF_001469955.1
NZ_SDIC01000004.1_271     -            296 FAD_binding_2        PF00890.29   414   3.7e-06   22.0   4.3   1   1   1.3e-07   5.8e-06   21.4   4.3     1    40   149   188   149   208 0.87 GCF_004116405.1
NZ_LOPU01000018.1_148     -            440 FAD_binding_3        PF01494.24   349   1.2e-47  158.5   0.0   1   1   3.2e-49   1.4e-47  158.2   0.0     3   347    16   361    14   363 0.90 GCF_001469955.1
NZ_AOLG01000009.1_381     -            426 FAD_binding_3        PF01494.24   349   2.2e-11   39.3   1.3   1   1   3.4e-09   1.5e-07   26.6   0.8     3    41     5    43     3    53 0.84 GCF_000336815.1
NZ_AOLN01000018.1_559     -            426 FAD_binding_3        PF01494.24   349   2.2e-11   39.2   1.5   1   1   1.3e-08   5.9e-07   24.7   0.7     3    41     5    43     3    49 0.86 GCF_000337815.1
NZ_AOLJ01000011.1_111     -            425 FAD_binding_3        PF01494.24   349   2.6e-11   39.0   0.5   1   1   4.7e-09   2.1e-07   26.1   0.3     3    43     5    45     3    54 0.85 GCF_000336775.1
NZ_LOPW02000001.1_72      -            425 FAD_binding_3        PF01494.24   349   4.2e-11   38.3   0.9   1   1   4.7e-09   2.1e-07   26.1   0.3     3    43     5    45     3    54 0.85 GCF_001469875.2
s5a1_contig_1_2070        -            426 FAD_binding_3        PF01494.24   349   6.4e-11   37.7   1.1   1   1   1.4e-09   6.3e-08   27.9   0.6     3    43     5    45     3    54 0.85 s5a-1
NZ_LOEP01000032.1_69      -            425 FAD_binding_3        PF01494.24   349   1.6e-10   36.4   0.4   1   1   4.7e-09   2.1e-07   26.1   0.3     3    43     5    45     3    54 0.85 GCF_001482285.1
NZ_AOLK01000012.1_171     -            426 FAD_binding_3        PF01494.24   349   2.6e-10   35.7   0.7   1   1   4.3e-09     2e-07   26.2   0.3     3    43     5    45     3    54 0.85 GCF_000336755.1
NZ_CSTE01000002.1_1326    -            425 FAD_binding_3        PF01494.24   349   3.1e-10   35.4   0.8   1   1     1e-08   4.6e-07   25.0   0.6     3    41     5    43     3    53 0.84 GCF_001368915.1
NZ_AOLI01000034.1_24      -            426 FAD_binding_3        PF01494.24   349   3.9e-10   35.1   0.8   1   1   4.4e-09     2e-07   26.2   0.4     3    43     5    45     3    54 0.85 GCF_000336955.1
NC_017941.2_780           -            426 FAD_binding_3        PF01494.24   349   2.5e-09   32.5   0.9   1   1     8e-09   3.6e-07   25.4   0.3     3    43     5    45     3    54 0.85 GCF_000306765.2
NZ_LOPU01000018.1_150     -            428 FAD_binding_3        PF01494.24   349   2.5e-08   29.2   0.9   1   1   6.3e-08   2.9e-06   22.4   0.1     1    35     4    38     4    54 0.89 GCF_001469955.1
NZ_FOTC01000002.1_379     -            306 FAD_binding_3        PF01494.24   349   4.5e-08   28.3   7.3   1   1   2.8e-08   1.3e-06   23.6   0.2     1    36    11    46    11    56 0.88 GCF_900114455.1
NZ_CP099993.1_977         -            410 FAD_binding_3        PF01494.24   349     2e-07   26.2   0.4   1   1     1e-08   4.6e-07   25.0   0.0     2   170     5   161     4   184 0.80 GCF_024138125.1
NZ_CP099993.1_946         -            425 FAD_binding_3        PF01494.24   349   5.2e-07   24.9   1.1   1   1   1.1e-08   5.2e-07   24.9   1.1     2    41     2    41     1    46 0.89 GCF_024138125.1
NZ_CP099993.1_972    -            213 FAD_binding_6        PF00970.29    99   5.9e-15   51.2   0.0   1   1   9.6e-18   8.4e-15   50.7   0.0     3    99     7    99     5    99 0.91 GCF_024138125.1
NZ_CP099993.1_977     -            410 FAD_oxidored         PF12831.12   416   3.5e-09   32.1   1.1   1   1   2.4e-10   4.1e-08   28.6   1.1     1   147     6   151     6   157 0.71 GCF_024138125.1
NZ_LOPU01000018.1_154  -            365 Fe-ADH               PF00465.24   363   1.5e-66  220.4   2.6   1   1   2.7e-68   1.7e-66  220.2   2.6     1   361     8   346     8   348 0.91 GCF_001469955.1
NZ_FOTC01000002.1_375  -            350 Fe-ADH               PF00465.24   363   7.2e-25   83.3   3.5   1   1   3.9e-26   2.4e-24   81.5   3.5     1   335    11   311    11   333 0.73 GCF_900114455.1
NZ_SDIC01000004.1_291  -            350 Fe-ADH               PF00465.24   363   1.8e-24   81.9   5.5   1   1     1e-25   6.3e-24   80.2   5.5     1   359    11   336    11   339 0.77 GCF_004116405.1
NZ_AOLG01000009.1_387  -            348 Fe-ADH               PF00465.24   363   1.2e-23   79.2   1.0   1   1   8.7e-25   5.4e-23   77.1   1.0     1   340    11   314    11   334 0.77 GCF_000336815.1
NZ_AOLJ01000011.1_105  -            348 Fe-ADH               PF00465.24   363   1.2e-23   79.2   1.0   1   1   8.7e-25   5.4e-23   77.1   1.0     1   340    11   314    11   334 0.77 GCF_000336775.1
s5a1_contig_1_2076     -            348 Fe-ADH               PF00465.24   363   1.2e-23   79.2   0.6   1   1   8.7e-25   5.4e-23   77.1   0.6     1   341    11   316    11   329 0.80 s5a-1
NC_017941.2_786        -            348 Fe-ADH               PF00465.24   363   1.7e-23   78.7   0.3   1   1   1.3e-24   7.8e-23   76.6   0.3     1   335    11   309    11   331 0.75 GCF_000306765.2
NZ_AOLK01000012.1_177  -            348 Fe-ADH               PF00465.24   363   2.4e-23   78.2   0.6   1   1   1.7e-24   1.1e-22   76.1   0.6     1   341    11   316    11   329 0.80 GCF_000336755.1
NZ_AOLN01000018.1_553  -            348 Fe-ADH               PF00465.24   363   2.6e-23   78.1   1.6   1   1   2.3e-24   1.4e-22   75.7   1.6     1   336    11   310    11   329 0.76 GCF_000337815.1
NZ_LOPW02000001.1_78   -            348 Fe-ADH               PF00465.24   363     3e-23   77.9   0.8   1   1   2.2e-24   1.3e-22   75.8   0.8     1   340    11   314    11   335 0.77 GCF_001469875.2
NZ_AOLI01000034.1_30   -            348 Fe-ADH               PF00465.24   363     3e-23   77.9   0.6   1   1   2.1e-24   1.3e-22   75.8   0.6     1   341    11   316    11   329 0.80 GCF_000336955.1
NZ_CSTE01000002.1_1320 -            348 Fe-ADH               PF00465.24   363   4.9e-23   77.2   0.7   1   1   3.4e-24   2.1e-22   75.1   0.7     1   338    11   312    11   334 0.76 GCF_001368915.1
NZ_LOEP01000032.1_75   -            348 Fe-ADH               PF00465.24   363   1.2e-22   75.9   0.8   1   1     1e-23   6.5e-22   73.5   0.8     1   340    11   314    11   334 0.76 GCF_001482285.1
NZ_LOPU01000018.1_144  -            348 Fe-ADH               PF00465.24   363   1.9e-20   68.7   2.9   1   1   1.4e-21   8.9e-20   66.5   2.9     1   338    11   312    11   330 0.74 GCF_001469955.1
NZ_FOTC01000002.1_375  -            350 Fe-ADH_2             PF13685.11   249   2.4e-65  216.4   2.2   1   1     5e-67   3.1e-65  216.0   2.2     2   249    16   271    15   271 0.92 GCF_900114455.1
NZ_SDIC01000004.1_291  -            350 Fe-ADH_2             PF13685.11   249   2.8e-65  216.2   2.7   1   1   6.4e-67   3.9e-65  215.7   2.7     2   249    16   269    15   269 0.91 GCF_004116405.1
NC_017941.2_786        -            348 Fe-ADH_2             PF13685.11   249   4.2e-64  212.3   0.8   1   1     9e-66   5.6e-64  211.9   0.8     4   249    18   269    16   269 0.90 GCF_000306765.2
NZ_AOLN01000018.1_553  -            348 Fe-ADH_2             PF13685.11   249   4.8e-64  212.1   1.4   1   1   9.8e-66   6.1e-64  211.8   1.4     3   249    17   269    15   269 0.91 GCF_000337815.1
NZ_AOLG01000009.1_387  -            348 Fe-ADH_2             PF13685.11   249   9.4e-64  211.2   1.2   1   1     2e-65   1.3e-63  210.7   1.2     4   249    18   269    16   269 0.90 GCF_000336815.1
NZ_AOLJ01000011.1_105  -            348 Fe-ADH_2             PF13685.11   249   9.4e-64  211.2   1.2   1   1     2e-65   1.3e-63  210.7   1.2     4   249    18   269    16   269 0.90 GCF_000336775.1
NZ_LOPW02000001.1_78   -            348 Fe-ADH_2             PF13685.11   249     1e-63  211.1   1.1   1   1   2.2e-65   1.4e-63  210.6   1.1     4   249    18   269    16   269 0.90 GCF_001469875.2
NZ_LOEP01000032.1_75   -            348 Fe-ADH_2             PF13685.11   249   1.2e-63  210.8   1.0   1   1   2.5e-65   1.6e-63  210.4   1.0     4   249    18   269    16   269 0.90 GCF_001482285.1
NZ_AOLI01000034.1_30   -            348 Fe-ADH_2             PF13685.11   249   1.3e-63  210.7   1.3   1   1   2.9e-65   1.8e-63  210.3   1.3     3   249    17   269    16   269 0.91 GCF_000336955.1
s5a1_contig_1_2076     -            348 Fe-ADH_2             PF13685.11   249   1.6e-63  210.4   1.3   1   1   3.5e-65   2.2e-63  210.0   1.3     3   249    17   269    16   269 0.90 s5a-1
NZ_CSTE01000002.1_1320 -            348 Fe-ADH_2             PF13685.11   249     2e-63  210.1   1.0   1   1   4.2e-65   2.6e-63  209.7   1.0     4   249    18   269    16   269 0.90 GCF_001368915.1
NZ_AOLK01000012.1_177  -            348 Fe-ADH_2             PF13685.11   249   4.1e-63  209.1   1.3   1   1   8.9e-65   5.5e-63  208.7   1.3     3   249    17   269    16   269 0.90 GCF_000336755.1
NZ_LOPU01000018.1_144  -            348 Fe-ADH_2             PF13685.11   249   1.4e-62  207.4   1.5   1   1   3.2e-64     2e-62  206.8   1.5     2   249    16   269    15   269 0.91 GCF_001469955.1
NZ_LOPU01000018.1_154  -            365 Fe-ADH_2             PF13685.11   249   1.3e-37  125.5   1.4   1   1   2.5e-39   1.6e-37  125.3   1.4     3   248    14   275    12   276 0.86 GCF_001469955.1
NZ_LOPU01000018.1_147  -            230 FeoA                 PF04023.19    74   4.5e-21   70.5   0.3   1   1   1.5e-22   9.8e-21   69.4   0.1     2    74   145   216   144   216 0.98 GCF_001469955.1
NZ_SDIC01000004.1_294  -            224 FeoA                 PF04023.19    74   2.9e-20   67.9   0.2   1   1     1e-21     7e-20   66.7   0.0     2    74   146   218   145   218 0.95 GCF_004116405.1
NZ_CSTE01000002.1_1324 -            231 FeoA                 PF04023.19    74   4.3e-20   67.3   0.1   1   1   1.5e-21     1e-19   66.2   0.1     3    74   147   219   146   219 0.96 GCF_001368915.1
NZ_AOLG01000009.1_383  -            231 FeoA                 PF04023.19    74   1.3e-19   65.8   0.1   1   1   4.6e-21     3e-19   64.6   0.1     3    74   147   219   146   219 0.95 GCF_000336815.1
NZ_LOPW02000001.1_74   -            231 FeoA                 PF04023.19    74   1.8e-19   65.3   0.1   1   1   6.2e-21   4.1e-19   64.2   0.1     3    74   147   219   146   219 0.96 GCF_001469875.2
NZ_AOLJ01000011.1_109  -            231 FeoA                 PF04023.19    74   1.9e-19   65.3   0.1   1   1   6.7e-21   4.5e-19   64.1   0.1     3    74   147   219   146   219 0.95 GCF_000336775.1
NZ_LOEP01000032.1_71   -            231 FeoA                 PF04023.19    74   5.2e-19   63.9   0.1   1   1   1.8e-20   1.2e-18   62.7   0.1     3    74   147   219   146   219 0.95 GCF_001482285.1
NZ_AOLK01000012.1_173  -            234 FeoA                 PF04023.19    74   1.8e-17   58.9   0.1   1   1   6.4e-19   4.3e-17   57.7   0.1     2    73   146   218   145   219 0.92 GCF_000336755.1
s5a1_contig_1_2072     -            234 FeoA                 PF04023.19    74   1.8e-17   58.9   0.1   1   1   6.4e-19   4.3e-17   57.7   0.1     2    73   146   218   145   219 0.92 s5a-1
NZ_AOLI01000034.1_26   -            234 FeoA                 PF04023.19    74     5e-17   57.5   0.1   1   1   1.9e-18   1.3e-16   56.2   0.1     3    73   147   218   146   219 0.92 GCF_000336955.1
NZ_AOLN01000018.1_557  -            232 FeoA                 PF04023.19    74   6.7e-17   57.1   0.1   1   1   2.2e-18   1.5e-16   56.0   0.1     3    74   147   219   146   219 0.91 GCF_000337815.1
NZ_FOTC01000002.1_371  -            233 FeoA                 PF04023.19    74   9.2e-17   56.7   0.2   1   1   3.1e-18   2.1e-16   55.5   0.2     2    73   146   218   145   219 0.90 GCF_900114455.1
NC_017941.2_782        -            232 FeoA                 PF04023.19    74   1.3e-16   56.2   0.1   1   1   3.7e-18   2.5e-16   55.3   0.1     3    74   147   219   145   219 0.91 GCF_000306765.2
NZ_AQXI01000001.1_56 -            153 Fer4                 PF00037.32    24   3.5e-14   47.8   8.5   1   2   3.6e-09   3.1e-06   22.6   0.5     3    23    42    62    40    63 0.90 GCF_000376445.1
NZ_AQXI01000001.1_56 -            153 Fer4                 PF00037.32    24   3.5e-14   47.8   8.5   2   2   3.1e-11   2.7e-08   29.1   2.0     7    23    81    97    76    98 0.93 GCF_000376445.1
NZ_AQXI01000001.1_56 -            153 Fer4_10              PF13237.11    53   2.5e-08   29.5  10.2   1   1   4.3e-11   3.8e-08   28.9  10.2     4    53    42    93    39    93 0.86 GCF_000376445.1
NZ_AQXI01000001.1_56 -            153 Fer4_21              PF14697.11    59   3.1e-11   39.0   8.2   1   1     5e-14   4.4e-11   38.5   8.2     4    57    43    97    40    99 0.84 GCF_000376445.1
NZ_FNIA01000003.1_144 -            366 Fer4_23              PF18009.6     82     8e-35  114.9   0.7   1   1   1.7e-37   1.5e-34  114.0   0.7     2    82   212   292   211   292 0.99 GCF_900103505.1
NZ_AQXI01000001.1_56 -            153 Fer4_7               PF12838.12    52   3.9e-12   42.2  10.7   1   1   6.8e-15   5.9e-12   41.6  10.7     1    52    46    96    46    96 0.95 GCF_000376445.1
NZ_AQXI01000001.1_56 -            153 Fer4_9               PF13187.11    52   1.7e-09   33.3  11.2   1   1   3.1e-12   2.7e-09   32.7  11.2     1    52    46    97    46    97 0.93 GCF_000376445.1
NZ_SDIC01000004.1_299 -            271 FeS_assembly_P       PF01883.24    73   1.2e-15   53.3   0.5   1   1     1e-17   2.9e-15   52.1   0.1     3    72    15    87    13    88 0.95 GCF_004116405.1
NZ_LOPU01000018.1_153 -            285 FeS_assembly_P       PF01883.24    73   4.9e-15   51.4   0.0   1   1   3.5e-17     1e-14   50.3   0.0     3    71    28   103    26   105 0.95 GCF_001469955.1
NZ_FOTC01000002.1_383 -            269 FeS_assembly_P       PF01883.24    73   1.8e-13   46.3   0.0   1   1   1.6e-15   4.7e-13   45.0   0.0     2    71     8    78     7    80 0.95 GCF_900114455.1
NZ_AOLJ01000011.1_109     -            231 Fe_dep_repress       PF01325.24    60   2.3e-22   74.8   0.7   1   1   7.4e-24   4.6e-22   73.8   0.3     1    60     1    61     1    61 0.95 GCF_000336775.1
NZ_CSTE01000002.1_1324    -            231 Fe_dep_repress       PF01325.24    60   2.5e-22   74.6   0.7   1   1   7.4e-24   4.6e-22   73.8   0.3     1    60     1    61     1    61 0.95 GCF_001368915.1
NZ_AOLG01000009.1_383     -            231 Fe_dep_repress       PF01325.24    60   3.2e-22   74.2   0.5   1   1   1.2e-23   7.2e-22   73.1   0.2     1    60     1    61     1    61 0.95 GCF_000336815.1
NZ_LOEP01000032.1_71      -            231 Fe_dep_repress       PF01325.24    60   3.2e-22   74.2   0.5   1   1   1.2e-23   7.2e-22   73.1   0.2     1    60     1    61     1    61 0.95 GCF_001482285.1
NZ_LOPW02000001.1_74      -            231 Fe_dep_repress       PF01325.24    60   3.6e-22   74.1   0.5   1   1   1.2e-23   7.2e-22   73.1   0.2     1    60     1    61     1    61 0.95 GCF_001469875.2
NZ_AOLK01000012.1_173     -            234 Fe_dep_repress       PF01325.24    60   8.3e-22   72.9   0.3   1   1   2.8e-23   1.7e-21   71.9   0.3     1    60     1    61     1    61 0.95 GCF_000336755.1
s5a1_contig_1_2072        -            234 Fe_dep_repress       PF01325.24    60   8.3e-22   72.9   0.3   1   1   2.8e-23   1.7e-21   71.9   0.3     1    60     1    61     1    61 0.95 s5a-1
NZ_AOLI01000034.1_26      -            234 Fe_dep_repress       PF01325.24    60   8.4e-22   72.9   0.3   1   1   2.8e-23   1.7e-21   71.9   0.3     1    60     1    61     1    61 0.95 GCF_000336955.1
NC_017941.2_782           -            232 Fe_dep_repress       PF01325.24    60   1.7e-21   72.0   0.3   1   1   7.4e-23   4.6e-21   70.6   0.1     1    60     1    61     1    61 0.95 GCF_000306765.2
NZ_AOLN01000018.1_557     -            232 Fe_dep_repress       PF01325.24    60   1.8e-21   71.8   0.2   1   1   7.4e-23   4.6e-21   70.6   0.1     1    60     1    61     1    61 0.95 GCF_000337815.1
NZ_FOTC01000002.1_371     -            233 Fe_dep_repress       PF01325.24    60   4.2e-21   70.7   0.2   1   1   1.4e-22   8.6e-21   69.7   0.2     1    60     1    61     1    61 0.95 GCF_900114455.1
NZ_SDIC01000004.1_294     -            224 Fe_dep_repress       PF01325.24    60   3.7e-20   67.7   0.2   1   1   1.2e-21   7.3e-20   66.7   0.2     1    60     1    61     1    61 0.97 GCF_004116405.1
NZ_LOPU01000018.1_147     -            230 Fe_dep_repress       PF01325.24    60     5e-20   67.2   0.2   1   1   1.7e-21     1e-19   66.2   0.2     1    60     1    61     1    61 0.95 GCF_001469955.1
NZ_JALLPK010000001.1_2675 -            149 Fe_dep_repress       PF01325.24    60     3e-18   61.5   0.1   1   1   1.2e-19   7.6e-18   60.3   0.0     5    60     3    59     1    59 0.96 GCF_023276375.1
NZ_AOLI01000034.1_26      -            234 Fe_dep_repr_C        PF02742.20    70   3.4e-31  102.8   1.3   1   1   1.1e-32   6.6e-31  101.9   1.3     1    69    64   132    64   133 0.99 GCF_000336955.1
NZ_AOLK01000012.1_173     -            234 Fe_dep_repr_C        PF02742.20    70   3.5e-31  102.8   1.3   1   1   1.1e-32   6.6e-31  101.9   1.3     1    69    64   132    64   133 0.99 GCF_000336755.1
s5a1_contig_1_2072        -            234 Fe_dep_repr_C        PF02742.20    70   3.5e-31  102.8   1.3   1   1   1.1e-32   6.6e-31  101.9   1.3     1    69    64   132    64   133 0.99 s5a-1
NZ_FOTC01000002.1_371     -            233 Fe_dep_repr_C        PF02742.20    70   5.4e-31  102.2   1.1   1   1   1.6e-32     1e-30  101.3   1.1     1    69    64   132    64   133 0.99 GCF_900114455.1
NZ_LOPU01000018.1_147     -            230 Fe_dep_repr_C        PF02742.20    70   7.3e-31  101.8   1.2   1   1   2.6e-32   1.6e-30  100.7   1.2     1    70    64   133    64   133 0.99 GCF_001469955.1
NZ_AOLN01000018.1_557     -            232 Fe_dep_repr_C        PF02742.20    70   1.8e-30  100.5   1.7   1   1     5e-32   3.1e-30   99.8   1.7     1    69    64   132    64   133 0.99 GCF_000337815.1
NC_017941.2_782           -            232 Fe_dep_repr_C        PF02742.20    70   3.7e-30   99.5   0.9   1   1   1.1e-31   6.7e-30   98.7   0.9     1    69    64   132    64   133 0.98 GCF_000306765.2
NZ_AOLJ01000011.1_109     -            231 Fe_dep_repr_C        PF02742.20    70     5e-30   99.1   1.6   1   1   1.3e-31   8.3e-30   98.4   1.6     1    69    64   132    64   133 0.99 GCF_000336775.1
NZ_AOLG01000009.1_383     -            231 Fe_dep_repr_C        PF02742.20    70     5e-30   99.1   1.6   1   1   1.3e-31   8.3e-30   98.4   1.6     1    69    64   132    64   133 0.99 GCF_000336815.1
NZ_CSTE01000002.1_1324    -            231 Fe_dep_repr_C        PF02742.20    70     5e-30   99.1   1.6   1   1   1.3e-31   8.3e-30   98.4   1.6     1    69    64   132    64   133 0.99 GCF_001368915.1
NZ_LOEP01000032.1_71      -            231 Fe_dep_repr_C        PF02742.20    70   5.1e-30   99.1   1.6   1   1   1.3e-31   8.3e-30   98.4   1.6     1    69    64   132    64   133 0.99 GCF_001482285.1
NZ_LOPW02000001.1_74      -            231 Fe_dep_repr_C        PF02742.20    70   5.1e-30   99.1   1.6   1   1   1.3e-31   8.3e-30   98.4   1.6     1    69    64   132    64   133 0.99 GCF_001469875.2
NZ_SDIC01000004.1_294     -            224 Fe_dep_repr_C        PF02742.20    70   1.9e-29   97.2   1.5   1   1     5e-31   3.1e-29   96.6   1.5     1    69    64   132    64   133 0.99 GCF_004116405.1
NZ_JALLPK010000001.1_2675 -            149 Fe_dep_repr_C        PF02742.20    70   6.6e-10   34.6   0.1   1   1     2e-11   1.2e-09   33.8   0.1     1    64    62   123    62   125 0.97 GCF_023276375.1
NZ_LOPU01000018.1_163 -           1003 FG-GAP               PF01839.28    37   6.6e-39  127.0  85.9   1   4   2.9e-11   2.5e-08   29.4   4.6     2    37    89   135    88   135 0.85 GCF_001469955.1
NZ_LOPU01000018.1_163 -           1003 FG-GAP               PF01839.28    37   6.6e-39  127.0  85.9   2   4   1.5e-14   1.3e-11   39.9   8.7     1    36   162   195   162   196 0.96 GCF_001469955.1
NZ_LOPU01000018.1_163 -           1003 FG-GAP               PF01839.28    37   6.6e-39  127.0  85.9   3   4   2.7e-10   2.3e-07   26.3   9.6     6    37   376   408   372   408 0.93 GCF_001469955.1
NZ_LOPU01000018.1_163 -           1003 FG-GAP               PF01839.28    37   6.6e-39  127.0  85.9   4   4   8.5e-10   7.4e-07   24.7   7.5     5    37   515   548   512   548 0.91 GCF_001469955.1
NZ_AQXI01000001.1_11 -            705 FGAR-AT_linker       PF18072.6     50   3.4e-08   29.6   0.1   1   1   9.8e-11   8.5e-08   28.4   0.1    10    49     1    37     1    38 0.91 GCF_000376445.1
NZ_WSZK01000006.1_111 -            388 Flavoprotein         PF02441.24   162   2.7e-29   97.6   0.5   1   1   9.6e-32   8.4e-29   96.0   0.6     2   155     8   169     7   177 0.85 GCF_009791395.1
NZ_CP099993.1_943    -            268 Formyl_trans_N       PF00551.24   181   2.5e-11   39.3   0.0   1   1   4.7e-14   4.1e-11   38.7   0.0    78   177   122   220   113   224 0.91 GCF_024138125.1
NZ_BBMP01000023.1_73 -            159 FR47                 PF08445.15    86   4.2e-08   28.8   0.0   1   1   1.5e-10   6.3e-08   28.3   0.0    22    80    77   133    58   140 0.86 GCF_000755245.1
NZ_SDIC01000004.1_268 -            381 FtsZ_C               PF12327.13    95   3.1e-39  128.9   1.2   1   1   1.1e-41   9.7e-39  127.4   1.2     1    95   261   355   261   355 0.99 GCF_004116405.1
NZ_FOTC01000002.1_354 -            192 GATase               PF00117.33   190   4.6e-54  178.7   0.0   1   1   1.8e-56   5.1e-54  178.5   0.0     1   187     5   187     5   190 0.94 GCF_900114455.1
NZ_LOPU01000018.1_125 -            197 GATase               PF00117.33   190     7e-51  168.3   0.0   1   1   2.7e-53   7.9e-51  168.1   0.0     1   188     9   191     9   193 0.93 GCF_001469955.1
NZ_SDIC01000004.1_274 -            211 GATase               PF00117.33   190     2e-47  157.0   0.0   1   1   1.3e-49   3.7e-47  156.1   0.0     1   187     3   196     3   199 0.87 GCF_004116405.1
NZ_CP099993.1_942    -            240 GCD14                PF08704.15   247   1.9e-17   59.5   0.0   1   1   1.6e-16   1.4e-13   46.8   0.0    27   178    71   215    61   220 0.93 GCF_024138125.1
NZ_CP099993.1_977    -            410 GGR_cat              PF22578.1     88   6.8e-09   31.3   0.0   1   1   1.5e-11   1.3e-08   30.3   0.0    17    61   190   234   169   263 0.71 GCF_024138125.1
NZ_BBMP01000023.1_98 -            269 Glucosaminidase      PF01832.25   123   7.2e-19   64.4   0.4   1   1   1.1e-21   9.5e-19   64.0   0.4     7   122    74   180    68   181 0.79 GCF_000755245.1
NZ_JALLPK010000001.1_2707 -            113 Glutaredoxin         PF00462.29    60   9.4e-15   50.4   0.0   1   1   1.8e-17   1.6e-14   49.6   0.0     1    60    27    92    27    92 0.96 GCF_023276375.1
NZ_LOPU01000018.1_162  -            351 Glycos_transf_1      PF00534.25   172   5.5e-22   73.8   0.0   1   1   2.5e-23   1.7e-21   72.2   0.0    13   153   174   311   165   314 0.90 GCF_001469955.1
NZ_AOLI01000034.1_32   -            352 Glycos_transf_1      PF00534.25   172   1.1e-20   69.6   0.0   1   1   2.9e-22   1.9e-20   68.8   0.0    16   152   178   311   170   315 0.92 GCF_000336955.1
s5a1_contig_1_2079     -            352 Glycos_transf_1      PF00534.25   172   1.1e-20   69.6   0.0   1   1   2.9e-22   1.9e-20   68.8   0.0    16   152   178   311   170   315 0.92 s5a-1
NZ_CSTE01000002.1_1318 -            352 Glycos_transf_1      PF00534.25   172   1.4e-20   69.2   0.0   1   1   3.2e-22   2.1e-20   68.6   0.0    12   152   174   311   167   316 0.92 GCF_001368915.1
NZ_FOTC01000002.1_390  -            351 Glycos_transf_1      PF00534.25   172   7.4e-20   66.9   0.0   1   1   3.8e-21   2.6e-19   65.1   0.0    13   152   174   310   168   317 0.90 GCF_900114455.1
NZ_LOPW02000001.1_80   -            352 Glycos_transf_1      PF00534.25   172   8.1e-20   66.7   0.0   1   1   1.9e-21   1.3e-19   66.1   0.0    12   152   174   311   167   316 0.92 GCF_001469875.2
NZ_LOEP01000032.1_77   -            352 Glycos_transf_1      PF00534.25   172   8.5e-20   66.7   0.0   1   1     2e-21   1.3e-19   66.0   0.0    12   152   174   311   167   316 0.92 GCF_001482285.1
NZ_AOLJ01000011.1_103  -            352 Glycos_transf_1      PF00534.25   172   1.2e-19   66.2   0.0   1   1   2.9e-21   1.9e-19   65.5   0.0    12   152   174   311   167   316 0.92 GCF_000336775.1
NZ_AOLK01000012.1_180  -            352 Glycos_transf_1      PF00534.25   172   1.4e-19   66.0   0.0   1   1   3.9e-21   2.6e-19   65.1   0.0    16   152   178   311   170   315 0.92 GCF_000336755.1
NC_017941.2_788        -            352 Glycos_transf_1      PF00534.25   172   1.5e-19   65.9   0.0   1   1   3.8e-21   2.5e-19   65.2   0.0    12   152   174   311   167   314 0.92 GCF_000306765.2
NZ_SDIC01000004.1_306  -            351 Glycos_transf_1      PF00534.25   172   1.9e-19   65.6   0.0   1   1   6.4e-21   4.3e-19   64.4   0.0    13   153   174   311   168   324 0.88 GCF_004116405.1
NZ_AOLG01000009.1_389  -            352 Glycos_transf_1      PF00534.25   172   9.3e-19   63.3   0.0   1   1   2.2e-20   1.5e-18   62.6   0.0    12   152   174   311   167   317 0.92 GCF_000336815.1
NZ_AOLN01000018.1_551  -            352 Glycos_transf_1      PF00534.25   172   4.9e-18   60.9   0.0   1   1   1.3e-19   8.5e-18   60.2   0.0    13   152   175   311   170   314 0.92 GCF_000337815.1
NZ_WSZK01000006.1_95  -            224 Glycos_transf_2      PF00535.31   168   6.4e-27   90.2   0.4   1   1   4.6e-29     8e-27   89.9   0.4     3   167     6   161     4   162 0.93 GCF_009791395.1
NZ_FNIA01000003.1_155 -            249 Glycos_transf_2      PF00535.31   168   6.6e-22   73.9   0.0   1   1     5e-24   8.6e-22   73.5   0.0     2   167    32   186    31   187 0.96 GCF_900103505.1
NZ_SDIC01000004.1_280 -            260 Glycos_transf_2      PF00535.31   168   4.7e-13   45.1   0.0   1   1   3.7e-15   6.4e-13   44.7   0.0     2   159     7   159     6   166 0.84 GCF_004116405.1
NZ_FOTC01000002.1_360 -            261 Glycos_transf_2      PF00535.31   168   2.6e-10   36.2   0.0   1   1   2.1e-12   3.7e-10   35.7   0.0    37   121    42   121     7   174 0.78 GCF_900114455.1
NZ_LOPU01000018.1_132 -            261 Glycos_transf_2      PF00535.31   168   1.3e-09   33.9   0.0   1   1   1.1e-11   1.9e-09   33.4   0.0     2   121     7   121     6   161 0.87 GCF_001469955.1
NZ_FNIA01000003.1_155 -            249 Glyco_tranf_2_3      PF13641.11   230   8.2e-11   38.0   0.4   1   1   2.5e-13   1.1e-10   37.6   0.4     2   179    29   190    28   204 0.85 GCF_900103505.1
NZ_WSZK01000006.1_95  -            224 Glyco_tranf_2_3      PF13641.11   230   6.4e-09   31.8   0.7   1   1   1.8e-11   7.8e-09   31.6   0.7     4   119     4   109     2   185 0.83 GCF_009791395.1
NZ_FOTC01000002.1_390  -            351 Glyco_transf_4       PF13439.11   170   8.4e-23   76.9   3.5   1   1   2.1e-24   1.4e-22   76.2   1.8     5   169    19   166    18   167 0.86 GCF_900114455.1
NZ_SDIC01000004.1_306  -            351 Glyco_transf_4       PF13439.11   170   1.7e-21   72.7   4.2   1   1   6.1e-23     4e-21   71.5   1.9     6   169    19   166    17   167 0.85 GCF_004116405.1
NZ_LOPU01000018.1_162  -            351 Glyco_transf_4       PF13439.11   170     2e-20   69.2   1.3   1   1   5.3e-22   3.6e-20   68.4   0.5     5   169    19   166    18   167 0.87 GCF_001469955.1
NZ_AOLK01000012.1_180  -            352 Glyco_transf_4       PF13439.11   170     2e-17   59.4   0.4   1   1   5.7e-19   3.8e-17   58.5   0.4     3   165    17   163    16   167 0.87 GCF_000336755.1
NZ_AOLI01000034.1_32   -            352 Glyco_transf_4       PF13439.11   170   4.8e-17   58.2   0.4   1   1   1.5e-18     1e-16   57.1   0.4     3   165    17   163    16   167 0.88 GCF_000336955.1
s5a1_contig_1_2079     -            352 Glyco_transf_4       PF13439.11   170   6.5e-17   57.8   0.7   1   1   2.1e-18   1.4e-16   56.7   0.7     3   165    17   163    16   167 0.87 s5a-1
NZ_AOLJ01000011.1_103  -            352 Glyco_transf_4       PF13439.11   170   1.7e-16   56.4   1.0   1   1     5e-18   3.4e-16   55.5   1.0     3   168    17   166    16   168 0.88 GCF_000336775.1
NZ_AOLG01000009.1_389  -            352 Glyco_transf_4       PF13439.11   170   3.2e-16   55.5   1.4   1   1   1.2e-17   8.2e-16   54.2   1.1     3   167    17   165    16   168 0.87 GCF_000336815.1
NZ_LOEP01000032.1_77   -            352 Glyco_transf_4       PF13439.11   170   3.9e-16   55.3   1.5   1   1   1.2e-17   7.8e-16   54.3   1.5     3   168    17   166    16   168 0.87 GCF_001482285.1
NZ_CSTE01000002.1_1318 -            352 Glyco_transf_4       PF13439.11   170     1e-15   53.9   1.9   1   1   3.7e-17   2.5e-15   52.6   1.9     3   168    17   166    16   168 0.84 GCF_001368915.1
NC_017941.2_788        -            352 Glyco_transf_4       PF13439.11   170     1e-15   53.8   0.5   1   1   6.5e-17   4.3e-15   51.8   0.3     3   169    17   167    16   168 0.85 GCF_000306765.2
NZ_LOPW02000001.1_80   -            352 Glyco_transf_4       PF13439.11   170   1.5e-15   53.3   1.6   1   1   4.6e-17   3.1e-15   52.3   1.6     3   168    17   166    16   168 0.86 GCF_001469875.2
NZ_AOLN01000018.1_551  -            352 Glyco_transf_4       PF13439.11   170   1.6e-15   53.2   0.2   1   1   7.6e-17   5.1e-15   51.6   0.1     3   167    17   165    16   167 0.86 GCF_000337815.1
NZ_LOPU01000018.1_162  -            351 Glyco_trans_1_4      PF13692.11   142   1.1e-19   66.8   0.0   1   1   7.6e-20     5e-18   61.4   0.0     3   137   178   311   176   313 0.90 GCF_001469955.1
NZ_SDIC01000004.1_306  -            351 Glyco_trans_1_4      PF13692.11   142     3e-19   65.4   0.0   1   1   1.8e-19   1.2e-17   60.2   0.0     4   138   179   312   176   315 0.88 GCF_004116405.1
s5a1_contig_1_2079     -            352 Glyco_trans_1_4      PF13692.11   142   8.3e-19   64.0   0.7   1   1   4.4e-20   2.9e-18   62.2   0.1     4   138   180   313   178   315 0.89 s5a-1
NZ_AOLI01000034.1_32   -            352 Glyco_trans_1_4      PF13692.11   142   1.1e-18   63.6   1.2   1   1   4.4e-20   2.9e-18   62.2   0.1     4   138   180   313   178   315 0.89 GCF_000336955.1
NZ_AOLK01000012.1_180  -            352 Glyco_trans_1_4      PF13692.11   142   2.9e-18   62.2   0.6   1   1   1.9e-19   1.3e-17   60.1   0.1     4   138   180   313   178   315 0.89 GCF_000336755.1
NZ_CSTE01000002.1_1318 -            352 Glyco_trans_1_4      PF13692.11   142   6.3e-18   61.1   0.1   1   1   1.7e-19   1.1e-17   60.3   0.1     4   138   180   313   177   315 0.89 GCF_001368915.1
NZ_FOTC01000002.1_390  -            351 Glyco_trans_1_4      PF13692.11   142   8.4e-18   60.7   0.1   1   1   1.4e-18   9.3e-17   57.3   0.1     4   138   179   312   176   315 0.87 GCF_900114455.1
NZ_LOEP01000032.1_77   -            352 Glyco_trans_1_4      PF13692.11   142   2.3e-17   59.3   0.1   1   1     6e-19     4e-17   58.5   0.1     4   138   180   313   177   315 0.89 GCF_001482285.1
NZ_LOPW02000001.1_80   -            352 Glyco_trans_1_4      PF13692.11   142   2.3e-17   59.3   0.1   1   1     6e-19     4e-17   58.5   0.1     4   138   180   313   177   315 0.89 GCF_001469875.2
NZ_AOLJ01000011.1_103  -            352 Glyco_trans_1_4      PF13692.11   142   3.4e-17   58.8   0.1   1   1     9e-19     6e-17   57.9   0.1     4   138   180   313   177   315 0.89 GCF_000336775.1
NC_017941.2_788        -            352 Glyco_trans_1_4      PF13692.11   142   5.7e-17   58.0   0.1   1   1   1.5e-18   9.9e-17   57.2   0.1     4   138   180   313   177   315 0.89 GCF_000306765.2
NZ_AOLG01000009.1_389  -            352 Glyco_trans_1_4      PF13692.11   142   1.3e-16   56.8   0.1   1   1   3.6e-18   2.4e-16   56.0   0.1     4   138   180   313   177   315 0.89 GCF_000336815.1
NZ_AOLN01000018.1_551  -            352 Glyco_trans_1_4      PF13692.11   142   1.1e-15   53.8   0.0   1   1   2.9e-17     2e-15   53.0   0.0     4   138   180   313   177   315 0.88 GCF_000337815.1
NZ_FOTC01000002.1_390  -            351 Glyco_trans_4_4      PF13579.11   158   4.3e-22   74.8   8.8   1   1   6.5e-24   4.3e-22   74.8   8.8     4   156    19   160    18   161 0.84 GCF_900114455.1
NZ_SDIC01000004.1_306  -            351 Glyco_trans_4_4      PF13579.11   158   2.6e-19   65.8  19.0   1   1   1.7e-20   1.1e-18   63.8  11.8     5   156    19   160    17   161 0.78 GCF_004116405.1
NZ_AOLK01000012.1_180  -            352 Glyco_trans_4_4      PF13579.11   158   4.1e-18   61.9   7.7   1   1   6.2e-20   4.1e-18   61.9   7.7     1   156    16   161    16   163 0.84 GCF_000336755.1
NZ_AOLI01000034.1_32   -            352 Glyco_trans_4_4      PF13579.11   158   1.6e-17   60.0   8.2   1   1   2.4e-19   1.6e-17   60.0   8.2     1   156    16   161    16   163 0.84 GCF_000336955.1
s5a1_contig_1_2079     -            352 Glyco_trans_4_4      PF13579.11   158   5.3e-17   58.3   9.9   1   1     8e-19   5.3e-17   58.3   9.9     1   156    16   161    16   163 0.84 s5a-1
NZ_AOLJ01000011.1_103  -            352 Glyco_trans_4_4      PF13579.11   158   4.5e-16   55.3  11.8   1   1   6.8e-18   4.5e-16   55.3  11.8     1   156    16   161    16   163 0.80 GCF_000336775.1
NZ_LOPU01000018.1_162  -            351 Glyco_trans_4_4      PF13579.11   158   4.9e-16   55.2   5.7   1   1   7.3e-18   4.9e-16   55.2   5.7     4   156    19   160    18   162 0.80 GCF_001469955.1
NZ_AOLG01000009.1_389  -            352 Glyco_trans_4_4      PF13579.11   158   8.3e-16   54.4  10.7   1   1   1.2e-17   8.3e-16   54.4  10.7     1   156    16   161    16   163 0.80 GCF_000336815.1
NZ_LOEP01000032.1_77   -            352 Glyco_trans_4_4      PF13579.11   158     1e-15   54.1  12.1   1   1   1.5e-17     1e-15   54.1  12.1     1   156    16   161    16   163 0.79 GCF_001482285.1
NZ_CSTE01000002.1_1318 -            352 Glyco_trans_4_4      PF13579.11   158   4.8e-15   52.0  13.6   1   1   7.2e-17   4.8e-15   52.0  13.6     1   156    16   161    16   163 0.81 GCF_001368915.1
NZ_AOLN01000018.1_551  -            352 Glyco_trans_4_4      PF13579.11   158   1.4e-14   50.4   6.2   1   1   4.4e-16   2.9e-14   49.4   3.2     1   156    16   161    16   163 0.80 GCF_000337815.1
NZ_LOPW02000001.1_80   -            352 Glyco_trans_4_4      PF13579.11   158   1.7e-14   50.1  11.9   1   1   2.6e-16   1.7e-14   50.1  11.9     1   156    16   161    16   163 0.77 GCF_001469875.2
NC_017941.2_788        -            352 Glyco_trans_4_4      PF13579.11   158   2.2e-14   49.8  11.7   1   1   3.3e-16   2.2e-14   49.8   6.6     1   156    16   161    16   163 0.84 GCF_000306765.2
NZ_CP099993.1_971    -            127 Glyoxalase           PF00903.30   121   3.1e-15   52.4   0.4   1   1   4.1e-18   3.5e-15   52.2   0.4     1   121     2   124     2   124 0.88 GCF_024138125.1
NZ_CP099993.1_971    -            127 Glyoxalase_3         PF13468.11   176   9.4e-11   37.8   0.4   1   1   1.3e-13   1.1e-10   37.6   0.4     1   136     3   126     3   127 0.79 GCF_024138125.1
NZ_CP099993.1_971    -            127 Glyoxalase_4         PF13669.11   109   1.3e-19   66.3   0.1   1   1   1.8e-22   1.6e-19   66.0   0.1     1   109     4   111     4   111 0.91 GCF_024138125.1
NZ_CP099993.1_971    -            127 Glyoxalase_6         PF18029.6    106   1.6e-06   24.5   0.2   1   1   2.5e-09   2.2e-06   24.0   0.2     2    94     6   109     5   117 0.85 GCF_024138125.1
NZ_BBMP01000023.1_72  -            159 GtrA                 PF04138.19   117   1.6e-21   72.4   9.4   1   1   8.7e-24   1.9e-21   72.2   9.4     1   117    22   141    22   141 0.99 GCF_000755245.1
NZ_SDIC01000004.1_279 -            149 GtrA                 PF04138.19   117   2.7e-20   68.4   6.9   1   1   1.6e-22   3.4e-20   68.1   6.9     1   117    16   143    16   143 0.87 GCF_004116405.1
NZ_LOPU01000018.1_131 -            150 GtrA                 PF04138.19   117   8.5e-20   66.9   7.0   1   1   7.4e-22   1.6e-19   66.0   6.9     1   117    18   145    18   145 0.92 GCF_001469955.1
NZ_FOTC01000002.1_359 -            148 GtrA                 PF04138.19   117   8.5e-17   57.2  13.4   1   1   1.2e-18   2.6e-16   55.6  13.7     1   117    16   143    16   143 0.89 GCF_900114455.1
NZ_CP099993.1_966    -            214 HAD                  PF12710.12   189   7.1e-09   32.0   1.6   1   1   9.2e-12     8e-09   31.9   1.6     1   130     4   137     4   196 0.82 GCF_024138125.1
NZ_CP099993.1_966    -            214 HAD_2                PF13419.11   178   3.1e-20   68.7   0.0   1   1   6.6e-23   5.7e-20   67.9   0.0     1   173     4   181     4   185 0.81 GCF_024138125.1
NZ_AOLK01000012.1_169 -            779 HAMP                 PF00672.30    53   2.6e-13   45.8  13.3   1   2   1.1e-11   4.9e-09   32.1   0.0     3    52   313   362   311   363 0.93 GCF_000336755.1
NZ_AOLK01000012.1_169 -            779 HAMP                 PF00672.30    53   2.6e-13   45.8  13.3   2   2   1.7e-06   0.00074   15.6   2.1    15    52   384   422   383   423 0.94 GCF_000336755.1
NZ_AOLI01000034.1_22  -            779 HAMP                 PF00672.30    53   7.6e-13   44.3   9.5   1   2   6.8e-10     3e-07   26.4   0.0     3    52   313   362   311   363 0.92 GCF_000336955.1
NZ_AOLI01000034.1_22  -            779 HAMP                 PF00672.30    53   7.6e-13   44.3   9.5   2   2   6.4e-07   0.00028   16.9   1.7    15    52   384   422   383   423 0.95 GCF_000336955.1
NZ_JALLPK010000001.1_2679 -            232 HD                   PF01966.27   116   6.3e-17   57.7   0.3   1   1   1.4e-19   1.2e-16   56.8   0.3     1   114    50   150    50   152 0.93 GCF_023276375.1
NZ_SDIC01000004.1_272 -            255 HHH_5                PF14520.11    57   7.2e-17   57.4   0.4   1   1   6.1e-19   1.3e-16   56.5   0.4     3    57   200   254   198   254 0.96 GCF_004116405.1
NZ_LOPU01000018.1_123 -            322 HHH_5                PF14520.11    57   1.2e-14   50.2   0.2   1   1   1.6e-16   3.5e-14   48.8   0.2     3    57   267   321   265   321 0.96 GCF_001469955.1
NZ_FOTC01000002.1_352 -            367 HHH_5                PF14520.11    57   1.3e-13   47.0   1.9   1   1   6.1e-16   1.3e-13   46.9   0.0     3    57   312   366   310   366 0.96 GCF_900114455.1
NZ_FNIA01000003.1_166 -            459 HHH_5                PF14520.11    57     5e-13   45.1   0.1   1   1   4.9e-15   1.1e-12   44.0   0.1     3    55   402   454   400   456 0.96 GCF_900103505.1
NZ_AQXI01000001.1_13 -            271 His_biosynth         PF00977.26   228     2e-79  261.9   0.1   1   1   2.7e-82   2.3e-79  261.7   0.1     1   227     6   253     6   254 0.95 GCF_000376445.1
NZ_BBMP01000023.1_71 -            139 HIT                  PF01230.28    98   1.4e-20   69.5   0.0   1   1     2e-23   1.8e-20   69.2   0.0     2    97    11   105    10   106 0.96 GCF_000755245.1
NZ_AQXI01000001.1_14      -            222 HTH_10               PF04967.17    53   7.8e-22   72.6   0.0   1   1     3e-24   1.3e-21   71.9   0.0     1    52   148   199   148   200 0.98 GCF_000376445.1
NZ_JALLPK010000001.1_2695 -            239 HTH_10               PF04967.17    53   5.1e-15   50.8   0.0   1   1   2.1e-17     9e-15   50.0   0.0     4    52   183   231   180   232 0.95 GCF_023276375.1
NZ_LOPU01000018.1_147 -            230 HTH_12               PF08461.15    66   1.6e-06   23.7   0.1   1   1   3.2e-08   5.5e-06   22.0   0.1     8    64    18    69    12    71 0.88 GCF_001469955.1
NZ_CP099993.1_949    -            260 HTH_20               PF12840.12    51   3.9e-08   28.9   0.0   1   1   1.3e-10   1.1e-07   27.4   0.0     5    50    12    58    10    59 0.92 GCF_024138125.1
NZ_CP099993.1_949      -            260 HTH_24               PF13412.11    48   5.7e-12   40.8   0.0   1   1   4.3e-13     2e-11   39.1   0.0     3    48    11    57     9    57 0.95 GCF_024138125.1
NZ_LOPW02000001.1_70   -            259 HTH_24               PF13412.11    48     6e-12   40.7   0.0   1   1   2.4e-13   1.1e-11   39.9   0.0     3    48    11    57     9    57 0.95 GCF_001469875.2
NZ_AOLJ01000011.1_114  -            259 HTH_24               PF13412.11    48   6.2e-12   40.7   0.0   1   1   2.4e-13   1.1e-11   39.9   0.0     3    48    11    57     9    57 0.95 GCF_000336775.1
NZ_LOEP01000032.1_67   -            259 HTH_24               PF13412.11    48   6.3e-12   40.7   0.0   1   1   2.4e-13   1.1e-11   39.9   0.0     3    48    11    57     9    57 0.95 GCF_001482285.1
NZ_AOLG01000009.1_379  -            259 HTH_24               PF13412.11    48   6.3e-12   40.7   0.0   1   1   2.4e-13   1.1e-11   39.9   0.0     3    48    11    57     9    57 0.95 GCF_000336815.1
NC_017941.2_778        -            259 HTH_24               PF13412.11    48   9.3e-12   40.1   0.0   1   1   4.7e-13   2.1e-11   39.0   0.0     3    48    11    57     9    57 0.95 GCF_000306765.2
NZ_CSTE01000002.1_1328 -            222 HTH_24               PF13412.11    48     1e-11   40.0   0.0   1   1   3.9e-13   1.8e-11   39.2   0.0     3    47    11    56     9    57 0.95 GCF_001368915.1
NZ_SDIC01000004.1_301  -            259 HTH_24               PF13412.11    48   7.6e-11   37.2   0.0   1   1   6.6e-12     3e-10   35.3   0.0     3    48    11    57     9    57 0.93 GCF_004116405.1
NZ_FOTC01000002.1_385  -            259 HTH_24               PF13412.11    48     2e-10   35.8   0.0   1   1   8.1e-11   3.7e-09   31.8   0.0     3    48    11    57     9    57 0.93 GCF_900114455.1
NZ_AOLN01000018.1_561  -            375 HTH_24               PF13412.11    48   3.2e-10   35.2   0.0   1   1   1.5e-11   6.9e-10   34.1   0.0     3    48   127   173   125   173 0.95 GCF_000337815.1
NZ_LOPU01000018.1_156  -            262 HTH_24               PF13412.11    48   4.5e-10   34.7   0.0   1   1   2.1e-11   9.5e-10   33.7   0.0     3    47    11    56     9    57 0.93 GCF_001469955.1
s5a1_contig_1_2068     -            259 HTH_24               PF13412.11    48   1.5e-09   33.1   0.0   1   1   6.1e-11   2.8e-09   32.2   0.0     3    48    11    57     9    57 0.94 s5a-1
NZ_AOLK01000012.1_167  -            259 HTH_24               PF13412.11    48   1.5e-09   33.1   0.0   1   1   6.1e-11   2.8e-09   32.2   0.0     3    48    11    57     9    57 0.94 GCF_000336755.1
NZ_AOLI01000034.1_20   -            259 HTH_24               PF13412.11    48   1.5e-09   33.1   0.0   1   1   6.1e-11   2.8e-09   32.2   0.0     3    48    11    57     9    57 0.94 GCF_000336955.1
NZ_AQXI01000001.1_41   -            260 HTH_24               PF13412.11    48   3.7e-09   31.8   0.0   1   1   1.4e-10   6.3e-09   31.1   0.0     3    48    11    57     9    57 0.95 GCF_000376445.1
NZ_WSZK01000006.1_132  -            161 HTH_24               PF13412.11    48   3.6e-07   25.4   0.0   1   1   1.6e-08   7.1e-07   24.5   0.0     7    47     5    45     3    46 0.95 GCF_009791395.1
NZ_CP099993.1_949     -            260 HTH_27               PF13463.11    68   2.2e-06   23.6   0.0   1   1     3e-08   4.3e-06   22.7   0.0     8    68    16    70    13    70 0.92 GCF_024138125.1
NZ_CP099993.1_949      -            260 HTH_5                PF01022.25    47   1.1e-06   24.2   0.0   1   1   2.5e-08   2.2e-06   23.2   0.0     3    47    12    58    11    58 0.91 GCF_024138125.1
NZ_SDIC01000004.1_301  -            259 HTH_5                PF01022.25    47   1.4e-06   23.8   0.0   1   1     3e-08   2.6e-06   23.0   0.0     3    47    12    58    10    58 0.91 GCF_004116405.1
NZ_LOEP01000032.1_67   -            259 HTH_5                PF01022.25    47   1.7e-06   23.6   0.0   1   1   4.1e-08   3.6e-06   22.5   0.0     3    47    12    58    10    58 0.90 GCF_001482285.1
NZ_LOPW02000001.1_70   -            259 HTH_5                PF01022.25    47   1.7e-06   23.6   0.0   1   1   4.1e-08   3.6e-06   22.5   0.0     3    47    12    58    10    58 0.90 GCF_001469875.2
NZ_AOLG01000009.1_379  -            259 HTH_5                PF01022.25    47   1.8e-06   23.5   0.0   1   1   4.1e-08   3.6e-06   22.5   0.0     3    47    12    58    10    58 0.90 GCF_000336815.1
NZ_AOLJ01000011.1_114  -            259 HTH_5                PF01022.25    47   1.8e-06   23.5   0.0   1   1   4.1e-08   3.6e-06   22.5   0.0     3    47    12    58    10    58 0.90 GCF_000336775.1
NZ_CSTE01000002.1_1328 -            222 HTH_5                PF01022.25    47   2.3e-06   23.2   0.0   1   1   5.6e-08   4.9e-06   22.1   0.0     3    47    12    58    10    58 0.90 GCF_001368915.1
NZ_WSZK01000006.1_132 -            161 HTH_AsnC-type        PF13404.11    42   2.6e-08   29.3   0.9   1   1   1.2e-10     1e-07   27.4   0.4     8    42     6    40     4    43 0.93 GCF_009791395.1
NZ_AOLK01000012.1_173  -            234 HTH_Crp_2            PF13545.11    70   6.8e-09   31.3   0.0   1   1   3.5e-10   1.9e-08   29.9   0.0    22    64    23    66    10    68 0.86 GCF_000336755.1
s5a1_contig_1_2072     -            234 HTH_Crp_2            PF13545.11    70   6.8e-09   31.3   0.0   1   1   3.5e-10   1.9e-08   29.9   0.0    22    64    23    66    10    68 0.86 s5a-1
NZ_AOLI01000034.1_26   -            234 HTH_Crp_2            PF13545.11    70   7.2e-09   31.3   0.0   1   1   3.5e-10   1.9e-08   29.9   0.0    22    64    23    66    10    68 0.86 GCF_000336955.1
NZ_AOLN01000018.1_557  -            232 HTH_Crp_2            PF13545.11    70   1.7e-08   30.1   0.0   1   1     1e-09   5.6e-08   28.4   0.0    22    64    23    66    11    68 0.86 GCF_000337815.1
NZ_AOLK01000012.1_173  -            234 HTH_IclR             PF09339.15    52   2.1e-08   29.6   0.0   1   1   3.4e-09   1.5e-07   26.8   0.0    14    51    19    56    18    57 0.95 GCF_000336755.1
s5a1_contig_1_2072     -            234 HTH_IclR             PF09339.15    52   2.1e-08   29.6   0.0   1   1   3.4e-09   1.5e-07   26.8   0.0    14    51    19    56    18    57 0.95 s5a-1
NZ_AOLI01000034.1_26   -            234 HTH_IclR             PF09339.15    52   2.6e-08   29.3   0.0   1   1   3.4e-09   1.5e-07   26.8   0.0    14    51    19    56    18    57 0.95 GCF_000336955.1
NZ_SDIC01000004.1_294  -            224 HTH_IclR             PF09339.15    52   2.1e-07   26.4   0.0   1   1   1.4e-08   6.4e-07   24.8   0.0    13    51    18    56    14    57 0.95 GCF_004116405.1
NZ_AOLJ01000011.1_109  -            231 HTH_IclR             PF09339.15    52   2.3e-07   26.2   0.0   1   1   2.4e-08   1.1e-06   24.1   0.0    14    51    19    56    18    57 0.94 GCF_000336775.1
NZ_CSTE01000002.1_1324 -            231 HTH_IclR             PF09339.15    52   2.4e-07   26.2   0.0   1   1   2.4e-08   1.1e-06   24.1   0.0    14    51    19    56    18    57 0.94 GCF_001368915.1
NZ_CP099993.1_949      -            260 HTH_IclR             PF09339.15    52   3.3e-07   25.7   0.0   1   1   1.7e-08   7.7e-07   24.6   0.0     6    51    14    59    13    60 0.96 GCF_024138125.1
NZ_LOEP01000032.1_71   -            231 HTH_IclR             PF09339.15    52   8.7e-07   24.4   0.0   1   1   9.7e-08   4.4e-06   22.1   0.0    14    51    19    56    18    57 0.94 GCF_001482285.1
NZ_AOLG01000009.1_383  -            231 HTH_IclR             PF09339.15    52   9.5e-07   24.3   0.0   1   1   9.7e-08   4.4e-06   22.1   0.0    14    51    19    56    18    57 0.94 GCF_000336815.1
NZ_LOPW02000001.1_74   -            231 HTH_IclR             PF09339.15    52   9.9e-07   24.2   0.0   1   1   9.7e-08   4.4e-06   22.1   0.0    14    51    19    56    18    57 0.94 GCF_001469875.2
NZ_LOPW02000001.1_70   -            259 HTH_IclR             PF09339.15    52   1.5e-06   23.7   0.0   1   1   8.3e-08   3.8e-06   22.4   0.0     6    51    14    59    14    60 0.96 GCF_001469875.2
NZ_AOLJ01000011.1_114  -            259 HTH_IclR             PF09339.15    52   1.5e-06   23.7   0.0   1   1   8.3e-08   3.8e-06   22.4   0.0     6    51    14    59    14    60 0.96 GCF_000336775.1
NZ_AOLG01000009.1_379  -            259 HTH_IclR             PF09339.15    52   1.5e-06   23.7   0.0   1   1   8.3e-08   3.8e-06   22.4   0.0     6    51    14    59    14    60 0.96 GCF_000336815.1
NZ_LOEP01000032.1_67   -            259 HTH_IclR             PF09339.15    52   1.5e-06   23.6   0.0   1   1   8.3e-08   3.8e-06   22.4   0.0     6    51    14    59    14    60 0.96 GCF_001482285.1
NZ_AQXI01000001.1_41   -            260 HTH_IclR             PF09339.15    52   1.5e-06   23.6   0.0   1   1   8.6e-08   3.9e-06   22.3   0.0     6    51    14    59    14    60 0.96 GCF_000376445.1
NZ_CP099993.1_966    -            214 Hydrolase            PF00702.31   191   1.9e-18   63.2   4.9   1   1   4.1e-21   3.5e-18   62.4   4.9     1   191     1   180     1   180 0.70 GCF_024138125.1
NZ_CP099993.1_979      -            273 Hydrolase_4          PF12146.13   239   4.4e-23   77.5   0.0   1   1   6.2e-24     2e-22   75.3   0.0     6   238    28   258    25   259 0.82 GCF_024138125.1
NZ_SDIC01000004.1_307  -            602 Hydrolase_4          PF12146.13   239   1.3e-14   49.8   0.1   1   1   4.4e-11   1.4e-09   33.3   0.1     6   104   380   485   376   492 0.84 GCF_004116405.1
NZ_FOTC01000002.1_391  -            600 Hydrolase_4          PF12146.13   239   1.3e-14   49.7   0.7   1   1   1.7e-11   5.4e-10   34.6   0.1     6   103   378   482   375   490 0.85 GCF_900114455.1
NZ_LOPW02000001.1_85   -            608 Hydrolase_4          PF12146.13   239   1.3e-13   46.5   0.8   1   1   2.2e-09     7e-08   27.7   0.1     6   103   379   483   376   491 0.85 GCF_001469875.2
NZ_AOLJ01000011.1_98   -            608 Hydrolase_4          PF12146.13   239   1.9e-13   45.9   0.9   1   1   3.2e-09     1e-07   27.2   0.1     6   103   379   483   376   491 0.84 GCF_000336775.1
NZ_LOPU01000018.1_164  -            609 Hydrolase_4          PF12146.13   239   2.7e-13   45.5   0.3   1   1   3.4e-10   1.1e-08   30.4   0.1     6   105   380   486   375   493 0.85 GCF_001469955.1
NZ_SDIC01000004.1_311  -            314 Hydrolase_4          PF12146.13   239   9.2e-13   43.7   0.0   1   1   5.2e-14   1.7e-12   42.9   0.0     7   220    62   280    57   293 0.87 GCF_004116405.1
s5a1_contig_1_2088     -            308 Hydrolase_4          PF12146.13   239   1.9e-11   39.4   0.0   1   1   1.1e-12   3.4e-11   38.6   0.0     6   228    61   285    57   288 0.83 s5a-1
NZ_AOLI01000034.1_41   -            308 Hydrolase_4          PF12146.13   239   2.5e-11   39.0   0.0   1   1   1.4e-12   4.4e-11   38.2   0.0     6   228    61   285    57   288 0.82 GCF_000336955.1
NZ_AOLK01000012.1_190  -            308 Hydrolase_4          PF12146.13   239   8.7e-11   37.2   0.0   1   1   4.8e-12   1.5e-10   36.4   0.0     6   227    61   284    57   288 0.82 GCF_000336755.1
NZ_LOEP01000032.1_85   -            308 Hydrolase_4          PF12146.13   239   4.1e-10   35.0   0.0   1   1   2.7e-11   8.8e-10   34.0   0.0     4   228    59   285    56   288 0.80 GCF_001482285.1
NZ_CSTE01000002.1_1310 -            308 Hydrolase_4          PF12146.13   239   5.1e-10   34.7   0.0   1   1   3.2e-11     1e-09   33.7   0.0     4   226    59   283    56   288 0.80 GCF_001368915.1
NZ_AOLN01000018.1_541  -            308 Hydrolase_4          PF12146.13   239     9e-10   33.9   0.0   1   1     7e-11   2.3e-09   32.6   0.0     4   227    59   284    56   288 0.78 GCF_000337815.1
NZ_BBMP01000023.1_84   -            204 Hydrolase_4          PF12146.13   239   1.4e-09   33.3   0.0   1   1   5.5e-11   1.8e-09   33.0   0.0     7   111    23   120    21   158 0.85 GCF_000755245.1
NZ_AOLJ01000011.1_95   -            308 Hydrolase_4          PF12146.13   239   1.8e-09   32.9   0.0   1   1   1.2e-10   3.8e-09   31.9   0.0     4   228    59   285    56   288 0.80 GCF_000336775.1
NZ_AOLG01000009.1_397  -            308 Hydrolase_4          PF12146.13   239     2e-09   32.8   0.0   1   1   1.3e-10   4.1e-09   31.8   0.0     4   228    59   285    56   288 0.80 GCF_000336815.1
NZ_LOPW02000001.1_88   -            308 Hydrolase_4          PF12146.13   239   2.5e-09   32.5   0.0   1   1   1.7e-10   5.4e-09   31.4   0.0     4   228    59   285    56   288 0.80 GCF_001469875.2
NC_017941.2_797        -            308 Hydrolase_4          PF12146.13   239   1.1e-08   30.3   0.0   1   1   6.5e-10   2.1e-08   29.5   0.0     6   227    61   284    56   288 0.80 GCF_000306765.2
NZ_CP099993.1_966    -            214 Hydrolase_like       PF13242.11    75   3.2e-07   25.9   0.5   1   1   1.2e-09   1.1e-06   24.3   0.5     3    72   143   206   141   209 0.83 GCF_024138125.1
NZ_LOEP01000032.1_84  -            355 KAP_NTPase           PF07693.19   293   8.5e-06   20.9   0.0   1   1   6.7e-08   1.5e-05   20.1   0.0    15    59    44    88    31   108 0.87 GCF_001482285.1
NZ_LOPW02000001.1_87  -            370 KAP_NTPase           PF07693.19   293     9e-06   20.8   0.0   1   1   6.2e-08   1.3e-05   20.2   0.0    15    59    44    88    31   150 0.90 GCF_001469875.2
NZ_AOLG01000009.1_396 -            371 KAP_NTPase           PF07693.19   293   9.2e-06   20.8   0.0   1   1   7.3e-08   1.6e-05   20.0   0.0    15    59    44    88    31   106 0.86 GCF_000336815.1
NC_017941.2_796       -            383 KAP_NTPase           PF07693.19   293     1e-05   20.6   0.0   1   1   8.1e-08   1.8e-05   19.8   0.0    15    59    44    88    29   106 0.85 GCF_000306765.2
NZ_SDIC01000004.1_313  -            388 ketoacyl-synt        PF00109.31   252   1.3e-12   43.5   5.6   1   1   3.1e-12   2.2e-10   36.2   1.8   160   214    70   124    66   136 0.82 GCF_004116405.1
NZ_AQXI01000001.1_30   -            388 ketoacyl-synt        PF00109.31   252   1.4e-11   40.1   0.5   1   1     2e-13   1.4e-11   40.1   0.5   159   217    69   127    66   138 0.85 GCF_000376445.1
NZ_AOLK01000012.1_193  -            388 ketoacyl-synt        PF00109.31   252   2.9e-10   35.9   2.8   1   1     5e-11   3.6e-09   32.3   0.3   158   215    68   125    25   136 0.88 GCF_000336755.1
NC_017941.2_799        -            388 ketoacyl-synt        PF00109.31   252   7.2e-10   34.5   6.3   1   1     4e-11   2.9e-09   32.6   1.0   159   215    69   125    66   135 0.85 GCF_000306765.2
s5a1_contig_1_2091     -            388 ketoacyl-synt        PF00109.31   252   1.5e-09   33.5   3.3   1   1   5.4e-11   3.9e-09   32.2   0.4   158   215    68   125    27   136 0.88 s5a-1
NZ_AOLI01000034.1_44   -            388 ketoacyl-synt        PF00109.31   252   1.5e-09   33.5   3.3   1   1   5.4e-11   3.9e-09   32.2   0.4   158   215    68   125    27   136 0.88 GCF_000336955.1
NZ_AOLN01000018.1_538  -            388 ketoacyl-synt        PF00109.31   252   4.5e-09   31.9   8.0   1   1   1.4e-10     1e-08   30.8   1.6   159   215    69   125    65   135 0.85 GCF_000337815.1
NZ_CSTE01000002.1_1307 -            388 ketoacyl-synt        PF00109.31   252   2.7e-08   29.4   5.4   1   1   6.5e-10   4.7e-08   28.6   1.9   159   215    69   125    66   135 0.84 GCF_001368915.1
NZ_AOLJ01000011.1_92   -            388 ketoacyl-synt        PF00109.31   252   4.2e-08   28.8   6.9   1   1   5.8e-10   4.2e-08   28.8   3.4   158   215    68   125    22   136 0.88 GCF_000336775.1
NZ_AOLG01000009.1_400  -            388 ketoacyl-synt        PF00109.31   252   4.2e-08   28.8   3.4   1   1   5.8e-10   4.2e-08   28.8   3.4   158   215    68   125    22   136 0.88 GCF_000336815.1
NZ_LOPW02000001.1_91   -            388 ketoacyl-synt        PF00109.31   252   5.8e-08   28.3   6.1   1   1   1.1e-09   8.2e-08   27.8   3.1   158   215    68   125    22   136 0.88 GCF_001469875.2
NZ_LOEP01000032.1_88   -            388 ketoacyl-synt        PF00109.31   252   8.2e-08   27.8   3.1   1   1   1.1e-09   8.2e-08   27.8   3.1   158   215    68   125    22   136 0.88 GCF_001482285.1
NZ_FNIA01000003.1_167 -            247 KR                   PF08659.15   180   2.5e-23   78.6   0.2   1   1   3.7e-26   3.2e-23   78.3   0.2     2   159     7   165     6   189 0.91 GCF_900103505.1
NZ_FNIA01000003.1_178 -            146 LDcluster4           PF18306.6    151     2e-37  123.8   6.6   1   1   2.7e-40   2.3e-37  123.6   6.6     3   134     2   132     1   145 0.90 GCF_900103505.1
s5a1_contig_1_2062    -            225 LiaF-TM              PF22570.1     98   3.9e-17   58.7   8.0   1   1   2.6e-19   5.5e-17   58.2   8.0     2    96    12   107    11   109 0.95 s5a-1
NZ_AOLI01000034.1_14  -            225 LiaF-TM              PF22570.1     98   8.2e-17   57.6   8.4   1   1   5.4e-19   1.2e-16   57.1   8.4     2    96    12   107    11   109 0.95 GCF_000336955.1
NZ_AOLK01000012.1_161 -            225 LiaF-TM              PF22570.1     98   8.8e-17   57.5   8.2   1   1   5.9e-19   1.3e-16   57.0   8.2     2    96    12   107    11   109 0.95 GCF_000336755.1
NZ_AOLN01000018.1_567 -            203 LiaF-TM              PF22570.1     98   1.2e-10   37.8   1.7   1   1   9.5e-13   2.1e-10   37.1   1.7    23    95    11    84     6    87 0.92 GCF_000337815.1
NZ_WSZK01000006.1_98 -            344 LPG_synthase_TM      PF03706.18   302   2.6e-33  111.5  39.8   1   1   3.5e-36     3e-33  111.2  39.8     2   302    13   326    12   326 0.89 GCF_009791395.1
NZ_BBMP01000023.1_108 -            738 LTD                  PF00932.24   109   7.6e-18   60.6   0.7   1   1   3.7e-20   3.2e-17   58.6   0.7     4   108   633   735   631   736 0.89 GCF_000755245.1
NZ_WSZK01000006.1_120 -            140 Luciferase           PF17648.6     96   6.6e-33  108.5   0.1   1   1   9.8e-36   8.5e-33  108.1   0.1     4    95     3    93     1    94 0.96 GCF_009791395.1
NZ_CP099993.1_977    -            410 Lycopene_cycl        PF05834.17   380   7.2e-08   27.5   0.0   1   1   1.3e-10   1.1e-07   26.9   0.0     1   145     6   153     6   185 0.77 GCF_024138125.1
NZ_AOLN01000018.1_555     -            227 LysE                 PF01810.23   193   9.5e-25   82.9   3.4   1   1   1.5e-26   9.5e-25   82.9   3.4     2   127    17   140    16   162 0.90 GCF_000337815.1
NZ_AOLG01000009.1_385     -            237 LysE                 PF01810.23   193   4.4e-24   80.7   2.4   1   1     7e-26   4.4e-24   80.7   2.4     2   127    17   140    16   161 0.89 GCF_000336815.1
NZ_AOLJ01000011.1_107     -            247 LysE                 PF01810.23   193   5.1e-24   80.5   2.5   1   1   8.2e-26   5.1e-24   80.5   2.5     2   127    17   140    16   161 0.89 GCF_000336775.1
NZ_FOTC01000002.1_373     -            225 LysE                 PF01810.23   193   5.3e-24   80.5   9.9   1   1   1.8e-24   1.1e-22   76.1   1.1     2   127    17   139    16   148 0.94 GCF_900114455.1
NZ_CSTE01000002.1_1322    -            227 LysE                 PF01810.23   193   6.7e-24   80.1  12.4   1   1   1.3e-23   8.1e-22   73.3  12.4     2   132    17   144    16   221 0.70 GCF_001368915.1
NZ_LOEP01000032.1_73      -            227 LysE                 PF01810.23   193   9.7e-24   79.6  11.8   1   1   2.4e-23   1.5e-21   72.4  11.8     2   131    17   143    16   221 0.72 GCF_001482285.1
NZ_AOLI01000034.1_28      -            226 LysE                 PF01810.23   193     1e-23   79.6  13.5   1   1   1.7e-23   1.1e-21   73.0  13.5     2   190    16   217    15   220 0.72 GCF_000336955.1
s5a1_contig_1_2074        -            226 LysE                 PF01810.23   193     1e-23   79.6  13.5   1   1   1.7e-23   1.1e-21   73.0  13.5     2   190    16   217    15   220 0.72 s5a-1
NZ_AOLK01000012.1_175     -            226 LysE                 PF01810.23   193   1.6e-23   78.9  13.4   1   1   2.8e-23   1.7e-21   72.3  13.4     2   190    16   217    15   220 0.72 GCF_000336755.1
NC_017941.2_784           -            227 LysE                 PF01810.23   193     2e-23   78.6   3.8   1   1   3.3e-25     2e-23   78.6   3.8     2   127    17   140    16   161 0.92 GCF_000306765.2
NZ_LOPW02000001.1_76      -            227 LysE                 PF01810.23   193   2.7e-23   78.2  12.1   1   1   5.3e-23   3.3e-21   71.4  12.1     2   129    17   142    16   221 0.73 GCF_001469875.2
NZ_JALLPK010000001.1_2680 -            221 LysE                 PF01810.23   193   2.8e-23   78.1  10.2   1   1   2.4e-23   1.5e-21   72.5  10.2     2   192    17   214    16   215 0.81 GCF_023276375.1
NZ_SDIC01000004.1_293     -            245 LysE                 PF01810.23   193   1.1e-22   76.2   7.0   1   1   4.6e-23   2.9e-21   71.6   0.3     2   127    19   158    18   179 0.88 GCF_004116405.1
NZ_LOPU01000018.1_146     -            224 LysE                 PF01810.23   193   1.8e-22   75.5  11.5   1   1   9.9e-22   6.1e-20   67.2  11.5     2   192    17   218    16   219 0.80 GCF_001469955.1
NZ_CP099993.1_930     -            366 M20_dimer            PF07687.19   107   2.9e-23   77.6   0.1   1   1   2.9e-25   1.2e-22   75.6   0.0     2   106   157   266   156   267 0.97 GCF_024138125.1
NZ_WSZK01000006.1_129 -            420 M20_dimer            PF07687.19   107   6.9e-08   28.2   0.0   1   1   3.6e-10   1.6e-07   27.0   0.0     5   101   217   317   214   323 0.90 GCF_009791395.1
NZ_FNIA01000003.1_162 -            220 MaoC_dehydratas      PF01575.24   123   1.5e-23   78.4   0.8   1   1   2.3e-26     2e-23   78.1   0.0     8   103    94   184    79   202 0.88 GCF_900103505.1
NZ_FNIA01000003.1_162 -            220 MaoC_dehydrat_N      PF13452.11   132   2.6e-10   36.3   0.1   1   1   4.2e-12   3.6e-09   32.6   0.0    11   100    99   182    94   207 0.87 GCF_900103505.1
NZ_SDIC01000004.1_301  -            259 MarR                 PF01047.27    59   6.3e-10   34.6   0.0   1   1   7.1e-11   2.2e-09   32.8   0.0     2    50    10    59    10    62 0.93 GCF_004116405.1
NZ_AOLK01000012.1_173  -            234 MarR                 PF01047.27    59   1.1e-09   33.7   0.0   1   1   1.5e-10   4.6e-09   31.8   0.0    16    51    22    57    17    60 0.92 GCF_000336755.1
s5a1_contig_1_2072     -            234 MarR                 PF01047.27    59   1.1e-09   33.7   0.0   1   1   1.5e-10   4.6e-09   31.8   0.0    16    51    22    57    17    60 0.92 s5a-1
NZ_LOPW02000001.1_70   -            259 MarR                 PF01047.27    59   1.3e-09   33.6   0.0   1   1   1.7e-10   5.3e-09   31.6   0.0     2    50    10    59    10    62 0.94 GCF_001469875.2
NZ_AOLI01000034.1_26   -            234 MarR                 PF01047.27    59   1.3e-09   33.5   0.0   1   1   1.5e-10   4.6e-09   31.8   0.0    16    51    22    57    17    60 0.92 GCF_000336955.1
NZ_AOLJ01000011.1_114  -            259 MarR                 PF01047.27    59   1.3e-09   33.5   0.0   1   1   1.7e-10   5.3e-09   31.6   0.0     2    50    10    59    10    62 0.94 GCF_000336775.1
NZ_LOEP01000032.1_67   -            259 MarR                 PF01047.27    59   1.4e-09   33.5   0.0   1   1   1.7e-10   5.3e-09   31.6   0.0     2    50    10    59    10    62 0.94 GCF_001482285.1
NZ_AOLG01000009.1_379  -            259 MarR                 PF01047.27    59   1.4e-09   33.5   0.0   1   1   1.7e-10   5.3e-09   31.6   0.0     2    50    10    59    10    62 0.94 GCF_000336815.1
NZ_LOPU01000018.1_156  -            262 MarR                 PF01047.27    59   1.5e-09   33.4   0.0   1   1   9.7e-11     3e-09   32.4   0.0     2    50    10    59    10    62 0.93 GCF_001469955.1
NZ_LOPW02000001.1_74   -            231 MarR                 PF01047.27    59   2.2e-09   32.8   0.0   1   1   2.4e-10   7.6e-09   31.1   0.0    14    51    20    57    15    60 0.92 GCF_001469875.2
NZ_AOLJ01000011.1_109  -            231 MarR                 PF01047.27    59   2.2e-09   32.8   0.0   1   1   2.5e-10   7.8e-09   31.1   0.0    14    51    20    57    15    60 0.92 GCF_000336775.1
NZ_AOLG01000009.1_383  -            231 MarR                 PF01047.27    59   2.2e-09   32.8   0.0   1   1   2.4e-10   7.6e-09   31.1   0.0    14    51    20    57    15    60 0.92 GCF_000336815.1
NZ_LOEP01000032.1_71   -            231 MarR                 PF01047.27    59   2.2e-09   32.8   0.0   1   1   2.4e-10   7.6e-09   31.1   0.0    14    51    20    57    15    60 0.92 GCF_001482285.1
NZ_AOLN01000018.1_557  -            232 MarR                 PF01047.27    59   2.8e-09   32.5   0.0   1   1   3.3e-10     1e-08   30.7   0.0    12    51    18    57    16    60 0.92 GCF_000337815.1
NZ_CSTE01000002.1_1328 -            222 MarR                 PF01047.27    59   2.8e-09   32.5   0.0   1   1   2.7e-10   8.2e-09   31.0   0.0     2    50    10    59    10    62 0.93 GCF_001368915.1
NZ_CSTE01000002.1_1324 -            231 MarR                 PF01047.27    59   3.2e-09   32.3   0.0   1   1   2.5e-10   7.8e-09   31.1   0.0    14    51    20    57    15    60 0.92 GCF_001368915.1
NC_017941.2_782        -            232 MarR                 PF01047.27    59   3.4e-09   32.2   0.0   1   1   3.3e-10     1e-08   30.7   0.0    12    51    18    57    16    60 0.92 GCF_000306765.2
NZ_CP099993.1_949      -            260 MarR                 PF01047.27    59   4.4e-09   31.9   0.0   1   1   3.2e-10   9.9e-09   30.7   0.0     4    50    12    59    10    62 0.93 GCF_024138125.1
NZ_FOTC01000002.1_371  -            233 MarR                 PF01047.27    59   5.5e-09   31.6   0.0   1   1     5e-10   1.5e-08   30.1   0.0    14    51    20    57    14    60 0.90 GCF_900114455.1
NC_017941.2_778        -            259 MarR                 PF01047.27    59   1.4e-08   30.2   0.0   1   1     1e-09   3.1e-08   29.1   0.0     2    50    10    59    10    62 0.93 GCF_000306765.2
NZ_FOTC01000002.1_385  -            259 MarR                 PF01047.27    59   1.8e-08   29.9   0.0   1   1   1.3e-09   4.1e-08   28.8   0.0     2    50    10    59    10    62 0.93 GCF_900114455.1
s5a1_contig_1_2068     -            259 MarR                 PF01047.27    59   1.9e-08   29.9   0.0   1   1   1.5e-09   4.6e-08   28.6   0.0     2    50    10    59    10    62 0.94 s5a-1
NZ_AOLI01000034.1_20   -            259 MarR                 PF01047.27    59   1.9e-08   29.8   0.0   1   1   1.5e-09   4.6e-08   28.6   0.0     2    50    10    59    10    62 0.94 GCF_000336955.1
NZ_AOLK01000012.1_167  -            259 MarR                 PF01047.27    59     2e-08   29.8   0.0   1   1   1.5e-09   4.6e-08   28.6   0.0     2    50    10    59    10    62 0.94 GCF_000336755.1
NZ_AOLN01000018.1_561  -            375 MarR                 PF01047.27    59   2.2e-08   29.7   0.0   1   1   2.9e-09   9.1e-08   27.7   0.0     2    51   126   176   126   179 0.93 GCF_000337815.1
NZ_AQXI01000001.1_41   -            260 MarR                 PF01047.27    59   2.3e-08   29.6   0.0   1   1   1.5e-09   4.7e-08   28.6   0.0     2    50    10    59    10    62 0.93 GCF_000376445.1
NZ_SDIC01000004.1_294  -            224 MarR                 PF01047.27    59   2.3e-08   29.5   0.0   1   1   1.7e-09   5.1e-08   28.5   0.0    16    51    22    57    11    60 0.91 GCF_004116405.1
NZ_LOPU01000018.1_147  -            230 MarR                 PF01047.27    59   9.6e-08   27.6   0.0   1   1   5.9e-09   1.8e-07   26.7   0.0    16    51    22    57    13    60 0.90 GCF_001469955.1
NZ_SDIC01000004.1_301  -            259 MarR_2               PF12802.12    61   1.1e-12   43.6   0.2   1   1   1.2e-13   3.8e-12   42.0   0.2     4    53    10    59     9    63 0.94 GCF_004116405.1
NZ_LOPW02000001.1_70   -            259 MarR_2               PF12802.12    61   2.9e-12   42.4   0.1   1   1   2.4e-13   7.4e-12   41.0   0.1     4    53    10    59     9    63 0.94 GCF_001469875.2
NZ_AOLG01000009.1_379  -            259 MarR_2               PF12802.12    61     3e-12   42.3   0.1   1   1   2.4e-13   7.4e-12   41.0   0.1     4    53    10    59     9    63 0.94 GCF_000336815.1
NZ_AOLJ01000011.1_114  -            259 MarR_2               PF12802.12    61     3e-12   42.3   0.1   1   1   2.4e-13   7.4e-12   41.0   0.1     4    53    10    59     9    63 0.94 GCF_000336775.1
NZ_LOEP01000032.1_67   -            259 MarR_2               PF12802.12    61     3e-12   42.3   0.1   1   1   2.4e-13   7.4e-12   41.0   0.1     4    53    10    59     9    63 0.94 GCF_001482285.1
NZ_CSTE01000002.1_1328 -            222 MarR_2               PF12802.12    61   4.5e-12   41.7   0.1   1   1   3.8e-13   1.2e-11   40.4   0.1     4    53    10    59     9    63 0.94 GCF_001368915.1
NC_017941.2_778        -            259 MarR_2               PF12802.12    61   1.7e-11   39.9   0.1   1   1   1.2e-12   3.8e-11   38.7   0.1     4    53    10    59     9    63 0.94 GCF_000306765.2
NZ_AOLN01000018.1_561  -            375 MarR_2               PF12802.12    61     3e-11   39.1   0.1   1   1   3.2e-12   9.9e-11   37.4   0.1     4    54   126   176   125   179 0.94 GCF_000337815.1
NZ_CP099993.1_949      -            260 MarR_2               PF12802.12    61   3.4e-11   38.9   0.1   1   1     3e-12   9.3e-11   37.5   0.1     6    53    12    59    10    63 0.94 GCF_024138125.1
NZ_AQXI01000001.1_41   -            260 MarR_2               PF12802.12    61   5.7e-11   38.2   0.1   1   1   4.5e-12   1.4e-10   36.9   0.1     4    53    10    59     9    63 0.94 GCF_000376445.1
NZ_FOTC01000002.1_385  -            259 MarR_2               PF12802.12    61   1.4e-10   37.0   0.1   1   1     1e-11   3.2e-10   35.8   0.1     4    53    10    59     9    63 0.94 GCF_900114455.1
NZ_AOLI01000034.1_26   -            234 MarR_2               PF12802.12    61   1.6e-10   36.8   0.0   1   1   2.2e-11   6.7e-10   34.8   0.0    15    53    19    56    16    59 0.91 GCF_000336955.1
NZ_AOLK01000012.1_173  -            234 MarR_2               PF12802.12    61   1.8e-10   36.6   0.0   1   1   2.2e-11   6.7e-10   34.8   0.0    15    53    19    56    16    59 0.91 GCF_000336755.1
s5a1_contig_1_2072     -            234 MarR_2               PF12802.12    61   1.8e-10   36.6   0.0   1   1   2.2e-11   6.7e-10   34.8   0.0    15    53    19    56    16    59 0.91 s5a-1
s5a1_contig_1_2068     -            259 MarR_2               PF12802.12    61   1.9e-10   36.5   0.3   1   1   1.6e-11   4.9e-10   35.2   0.3     4    53    10    59     9    63 0.94 s5a-1
NZ_AOLI01000034.1_20   -            259 MarR_2               PF12802.12    61   1.9e-10   36.5   0.3   1   1   1.6e-11   4.9e-10   35.2   0.3     4    53    10    59     9    63 0.94 GCF_000336955.1
NZ_AOLK01000012.1_167  -            259 MarR_2               PF12802.12    61     2e-10   36.4   0.3   1   1   1.6e-11   4.9e-10   35.2   0.3     4    53    10    59     9    63 0.94 GCF_000336755.1
NZ_LOPU01000018.1_156  -            262 MarR_2               PF12802.12    61   2.4e-10   36.2   0.0   1   1   1.8e-11   5.5e-10   35.0   0.0     4    53    10    59     9    63 0.94 GCF_001469955.1
NZ_SDIC01000004.1_294  -            224 MarR_2               PF12802.12    61   4.5e-10   35.3   0.0   1   1   4.1e-11   1.3e-09   33.9   0.0    11    53    13    56     9    59 0.92 GCF_004116405.1
NZ_FOTC01000002.1_371  -            233 MarR_2               PF12802.12    61   4.6e-10   35.3   0.0   1   1   5.1e-11   1.6e-09   33.6   0.0    11    53    15    56     9    59 0.91 GCF_900114455.1
NZ_AOLJ01000011.1_109  -            231 MarR_2               PF12802.12    61   4.9e-10   35.2   0.0   1   1   7.1e-11   2.2e-09   33.1   0.0    16    53    20    56    12    58 0.87 GCF_000336775.1
NZ_LOEP01000032.1_71   -            231 MarR_2               PF12802.12    61   5.7e-10   35.0   0.0   1   1   8.4e-11   2.6e-09   32.9   0.0    16    53    20    56    12    58 0.87 GCF_001482285.1
NZ_AOLG01000009.1_383  -            231 MarR_2               PF12802.12    61   5.7e-10   35.0   0.0   1   1   8.4e-11   2.6e-09   32.9   0.0    16    53    20    56    12    58 0.87 GCF_000336815.1
NZ_CSTE01000002.1_1324 -            231 MarR_2               PF12802.12    61   6.6e-10   34.8   0.0   1   1   7.1e-11   2.2e-09   33.1   0.0    16    53    20    56    12    58 0.87 GCF_001368915.1
NZ_AOLN01000018.1_557  -            232 MarR_2               PF12802.12    61   7.1e-10   34.7   0.0   1   1   9.4e-11   2.9e-09   32.7   0.0    14    53    18    56    16    59 0.93 GCF_000337815.1
NZ_LOPW02000001.1_74   -            231 MarR_2               PF12802.12    61   8.1e-10   34.5   0.0   1   1   8.4e-11   2.6e-09   32.9   0.0    16    53    20    56    12    58 0.87 GCF_001469875.2
NC_017941.2_782        -            232 MarR_2               PF12802.12    61   8.8e-10   34.4   0.0   1   1   9.7e-11     3e-09   32.7   0.0    14    53    18    56    16    58 0.93 GCF_000306765.2
NZ_LOPU01000018.1_147  -            230 MarR_2               PF12802.12    61     1e-08   30.9   0.0   1   1   1.1e-09   3.3e-08   29.4   0.0    17    53    20    56    12    59 0.88 GCF_001469955.1
NZ_WSZK01000006.1_104 -            815 MbhD                 PF13244.11    67   4.1e-15   51.5  13.0   1   1   4.7e-18   4.1e-15   51.5  13.0     2    66   644   707   641   708 0.95 GCF_009791395.1
NZ_WSZK01000006.1_104 -            815 MbhE                 PF20501.3     98   2.3e-17   58.6   3.0   1   1   2.7e-20   2.3e-17   58.6   3.0     6    81   721   806   716   813 0.82 GCF_009791395.1
NZ_AOLK01000012.1_169 -            779 MCPsignal            PF00015.26   172   1.1e-46  154.6  47.2   1   1   6.9e-48     3e-45  149.9  18.6     3   171   515   683   513   684 0.95 GCF_000336755.1
NZ_AOLI01000034.1_22  -            779 MCPsignal            PF00015.26   172   4.3e-46  152.6  47.9   1   1   2.1e-47     9e-45  148.3  18.8     3   171   515   683   513   684 0.95 GCF_000336955.1
NZ_LOEP01000032.1_84      -            355 MeaB                 PF03308.21   273   4.2e-92  303.7   2.7   1   1   7.9e-94   5.2e-92  303.4   2.7     1   269    21   312    21   316 0.98 GCF_001482285.1
NZ_AOLJ01000011.1_96      -            371 MeaB                 PF03308.21   273   9.8e-92  302.5   3.2   1   1   2.1e-93   1.4e-91  302.0   3.2     1   269    21   328    21   332 0.98 GCF_000336775.1
NZ_AOLI01000034.1_40      -            362 MeaB                 PF03308.21   273   1.3e-91  302.1   2.9   1   1   2.4e-93   1.6e-91  301.8   2.9     1   267    21   317    21   323 0.98 GCF_000336955.1
NZ_LOPW02000001.1_87      -            370 MeaB                 PF03308.21   273   1.8e-91  301.6   2.7   1   1   3.9e-93   2.6e-91  301.1   2.7     1   269    21   327    21   331 0.98 GCF_001469875.2
s5a1_contig_1_2087        -            362 MeaB                 PF03308.21   273     5e-91  300.2   2.5   1   1   9.4e-93   6.3e-91  299.8   2.5     1   268    21   318    21   323 0.98 s5a-1
NZ_AOLG01000009.1_396     -            371 MeaB                 PF03308.21   273   5.3e-91  300.1   2.8   1   1   1.1e-92   7.4e-91  299.6   2.8     1   269    21   328    21   332 0.98 GCF_000336815.1
NZ_AOLK01000012.1_189     -            364 MeaB                 PF03308.21   273   8.2e-91  299.5   3.7   1   1   1.6e-92     1e-90  299.1   3.7     1   268    21   320    21   325 0.98 GCF_000336755.1
NZ_CSTE01000002.1_1311    -            372 MeaB                 PF03308.21   273   9.4e-91  299.3   4.8   1   1     2e-92   1.3e-90  298.8   4.8     1   269    21   326    21   330 0.98 GCF_001368915.1
NZ_JALLPK010000001.1_2700 -            342 MeaB                 PF03308.21   273   7.8e-90  296.2   2.5   1   1   1.5e-91     1e-89  295.8   2.5     1   265    15   291    15   299 0.98 GCF_023276375.1
NC_017941.2_796           -            383 MeaB                 PF03308.21   273   2.5e-89  294.6   6.7   1   1   7.3e-91   4.8e-89  293.6   6.7     1   269    21   340    21   344 0.98 GCF_000306765.2
NZ_AOLN01000018.1_542     -            383 MeaB                 PF03308.21   273   2.4e-88  291.4   7.6   1   1   8.6e-90   5.7e-88  290.1   7.6     1   270    21   344    21   347 0.98 GCF_000337815.1
NZ_SDIC01000004.1_309     -            358 MeaB                 PF03308.21   273   3.7e-86  284.2   6.2   1   1   7.7e-88   5.1e-86  283.7   6.2     1   263    23   310    23   320 0.97 GCF_004116405.1
NZ_AQXI01000001.1_27      -            223 MeaB                 PF03308.21   273   5.8e-52  172.0   0.4   1   1   1.1e-53   7.2e-52  171.7   0.4    95   268     2   182     1   187 0.96 GCF_000376445.1
NZ_FOTC01000002.1_384  -            230 Metallophos          PF00149.33   191   9.5e-11   38.2   1.4   1   1     4e-12   2.3e-10   36.9   1.4     4   116    19   130    17   168 0.78 GCF_900114455.1
s5a1_contig_1_2069     -            230 Metallophos          PF00149.33   191   2.8e-10   36.6   0.6   1   1   7.4e-12   4.3e-10   36.0   0.6     4   116    19   130    17   201 0.77 s5a-1
NZ_LOEP01000032.1_68   -            230 Metallophos          PF00149.33   191   2.4e-09   33.6   0.9   1   1     8e-11   4.6e-09   32.7   0.9     4   116    19   130    17   173 0.74 GCF_001482285.1
NZ_LOPU01000018.1_155  -            258 Metallophos          PF00149.33   191   2.5e-09   33.5   0.4   1   1   1.2e-10   7.1e-09   32.1   0.4     4   157    28   174    26   201 0.65 GCF_001469955.1
NZ_AQXI01000001.1_43   -            228 Metallophos          PF00149.33   191   3.5e-09   33.1   0.0   1   1   1.3e-10   7.7e-09   31.9   0.0     4   116    19   128    17   171 0.74 GCF_000376445.1
NZ_AOLI01000034.1_21   -            230 Metallophos          PF00149.33   191   5.2e-09   32.5   2.0   1   1   2.1e-10   1.2e-08   31.3   2.3     4   116    19   130    17   174 0.76 GCF_000336955.1
NZ_CP099993.1_947      -            232 Metallophos          PF00149.33   191   1.1e-08   31.5   0.0   1   1   3.6e-10   2.1e-08   30.5   0.0     4    82    18   116    17   164 0.74 GCF_024138125.1
NZ_LOPW02000001.1_71   -            230 Metallophos          PF00149.33   191   1.1e-08   31.4   1.6   1   1   5.2e-10     3e-08   30.0   1.6     4   159    19   148    17   174 0.70 GCF_001469875.2
NZ_AOLK01000012.1_168  -            230 Metallophos          PF00149.33   191   2.3e-08   30.4   1.5   1   1   7.5e-10   4.4e-08   29.5   1.5     4   116    19   130    17   173 0.75 GCF_000336755.1
NZ_CP099993.1_937      -            213 Metallophos          PF00149.33   191   2.5e-08   30.3   4.7   1   1     2e-09   1.2e-07   28.1   4.7    36   190     3   174     1   175 0.69 GCF_024138125.1
NZ_CSTE01000002.1_1327 -            230 Metallophos          PF00149.33   191   2.4e-07   27.1   0.8   1   1   1.2e-08   7.2e-07   25.5   0.8     4   155    19   144    17   171 0.70 GCF_001368915.1
NC_017941.2_779        -            273 Metallophos          PF00149.33   191   2.6e-07   27.0   0.8   1   1   1.1e-08   6.3e-07   25.7   0.9     4   115    62   172    61   196 0.70 GCF_000306765.2
NZ_AOLJ01000011.1_113  -            230 Metallophos          PF00149.33   191   3.4e-07   26.6   1.5   1   1   1.8e-08     1e-06   25.0   1.5     4   156    19   145    17   172 0.68 GCF_000336775.1
NZ_AOLG01000009.1_380  -            230 Metallophos          PF00149.33   191   3.7e-07   26.4   0.8   1   1   1.3e-08   7.6e-07   25.4   0.8     4   116    19   130    17   177 0.70 GCF_000336815.1
NZ_SDIC01000004.1_300  -            248 Metallophos          PF00149.33   191   8.1e-07   25.3   0.1   1   1   1.2e-07   6.9e-06   22.3   0.0     4    72    38   125    36   142 0.72 GCF_004116405.1
NZ_CP099993.1_947    -            232 Metallophos_2        PF12850.12   154   3.3e-08   29.4   0.2   1   1   5.3e-11   4.6e-08   28.9   0.2     4   135    18   168    16   177 0.78 GCF_024138125.1
NZ_WSZK01000006.1_94 -            245 Methyltransf_11      PF08241.17    95   4.7e-14   48.6   0.0   1   1   1.8e-16   7.6e-14   47.9   0.0    43    95    70   128    35   128 0.86 GCF_009791395.1
NZ_CP099993.1_942    -            240 Methyltransf_11      PF08241.17    95   2.7e-08   30.1   0.2   1   1     1e-10   4.4e-08   29.4   0.2     1    91    89   177    89   181 0.85 GCF_024138125.1
NZ_WSZK01000006.1_94 -            245 Methyltransf_12      PF08242.17    98   8.9e-09   31.7   0.1   1   1   1.8e-11   1.5e-08   31.0   0.1    47    98    71   126    50   126 0.77 GCF_009791395.1
NZ_WSZK01000006.1_126 -            220 Methyltransf_24      PF13578.11   105   1.6e-15   53.6   0.0   1   1   3.4e-18     3e-15   52.8   0.0     2   104    61   160    60   161 0.96 GCF_009791395.1
NZ_WSZK01000006.1_94  -            245 Methyltransf_25      PF13649.11    97     9e-13   44.5   0.0   1   1   5.2e-15   1.5e-12   43.8   0.0    46    97    72   124    58   124 0.87 GCF_009791395.1
NZ_CP099993.1_942     -            240 Methyltransf_25      PF13649.11    97   6.6e-10   35.3   0.3   1   1   4.2e-12   1.2e-09   34.5   0.3     1    97    88   177    88   177 0.88 GCF_024138125.1
NZ_WSZK01000006.1_126 -            220 Methyltransf_25      PF13649.11    97   1.2e-09   34.5   0.0   1   1   1.1e-11   3.3e-09   33.1   0.0     1    97    59   154    59   154 0.92 GCF_009791395.1
NZ_WSZK01000006.1_126 -            220 Methyltransf_3       PF01596.22   204   1.1e-21   72.7   0.0   1   1   1.9e-24   1.6e-21   72.2   0.0    27   200    38   216    21   219 0.85 GCF_009791395.1
NZ_WSZK01000006.1_126 -            220 Methyltransf_31      PF13847.11   145   3.6e-09   32.2   0.0   1   1   1.3e-11   5.5e-09   31.6   0.0     4   113    56   162    54   187 0.89 GCF_009791395.1
NZ_CP099993.1_942     -            240 Methyltransf_31      PF13847.11   145   2.1e-08   29.7   0.0   1   1   6.6e-11   2.9e-08   29.3   0.0     4   111    85   183    83   215 0.80 GCF_024138125.1
NZ_CP099993.1_961         -            430 MFS_1                PF07690.21   347   9.6e-39  128.9  58.1   1   1   1.6e-35     7e-33  109.6  29.9     2   299    20   312    19   323 0.85 GCF_024138125.1
NZ_JALLPK010000001.1_2691 -            419 MFS_1                PF07690.21   347   3.1e-34  114.1  88.9   1   1   4.8e-31   2.1e-28   94.9  56.3     3   345     2   377     1   378 0.76 GCF_023276375.1
NZ_CP099993.1_969    -            560 MM_CoA_mutase        PF01642.27   512  2.5e-232  767.6   2.5   1   1  3.5e-235    3e-232  767.3   2.5     5   512    42   552    38   552 0.98 GCF_024138125.1
NZ_WSZK01000006.1_105 -            162 MnhB                 PF04039.18   127   1.8e-28   95.0  14.2   1   1   3.8e-31   3.3e-28   94.2  14.2     1   127    10   154    10   154 0.92 GCF_009791395.1
NZ_WSZK01000006.1_108 -            193 MNHE                 PF01899.21   145   1.7e-37  124.2   4.1   1   1   2.4e-40   2.1e-37  123.9   4.1     3   135    10   162     9   171 0.88 GCF_009791395.1
NZ_BBMP01000023.1_81 -            155 Monooxy_af470-like   PF13826.11   118   3.7e-15   52.0   0.0   1   1   5.2e-18   4.5e-15   51.7   0.0     8   116     1   109     1   113 0.87 GCF_000755245.1
NZ_WSZK01000006.1_109 -             86 MrpF_PhaF            PF04066.18    53   1.2e-20   69.4  10.0   1   1   1.4e-23   1.2e-20   69.4  10.0     1    52    28    79    28    80 0.99 GCF_009791395.1
NZ_CSTE01000002.1_1339 -            412 Mrr_cat              PF04471.17   115   1.5e-09   33.7   0.1   1   1   1.3e-11   2.9e-09   32.8   0.1     3   112     6   111     4   114 0.88 GCF_001368915.1
NZ_LOEP01000032.1_54   -            379 Mrr_cat              PF04471.17   115   1.9e-09   33.4   0.0   1   1     2e-11   4.3e-09   32.2   0.0     3   113     6   112     4   114 0.84 GCF_001482285.1
NZ_LOPW02000001.1_57   -            381 Mrr_cat              PF04471.17   115   2.9e-09   32.8   0.0   1   1   2.4e-11   5.2e-09   32.0   0.0     3   113     6   112     4   114 0.87 GCF_001469875.2
NZ_AOLG01000009.1_366  -            378 Mrr_cat              PF04471.17   115   7.1e-09   31.5   0.0   1   1   6.2e-11   1.3e-08   30.7   0.0     3   113     6   112     4   114 0.88 GCF_000336815.1
NZ_JALLPK010000001.1_2702 -            291 MS_channel_2nd       PF00924.23    68   1.2e-27   91.6   0.2   1   1   3.3e-30   2.9e-27   90.4   0.2     1    66   108   173   108   175 0.97 GCF_023276375.1
NZ_JALLPK010000001.1_2702 -            291 MS_channel_3rd       PF21082.2     88   1.5e-16   56.4   0.1   1   1   2.8e-19   2.4e-16   55.7   0.1     2    88   182   266   181   266 0.98 GCF_023276375.1
NZ_AOLJ01000011.1_100  -             85 MTH865               PF07747.16    70   2.2e-32  106.3   0.4   1   1   3.8e-34   2.6e-32  106.2   0.4     1    69     7    76     7    77 0.98 GCF_000336775.1
NZ_AOLG01000009.1_392  -             85 MTH865               PF07747.16    70   2.2e-32  106.3   0.4   1   1   3.8e-34   2.6e-32  106.2   0.4     1    69     7    76     7    77 0.98 GCF_000336815.1
NZ_AOLN01000018.1_547  -             85 MTH865               PF07747.16    70   5.8e-32  105.0   0.2   1   1     1e-33   6.6e-32  104.8   0.2     1    70     7    77     7    77 0.98 GCF_000337815.1
NZ_LOEP01000032.1_80   -             85 MTH865               PF07747.16    70   6.2e-32  104.9   0.4   1   1   1.1e-33   7.2e-32  104.7   0.4     1    69     7    76     7    77 0.98 GCF_001482285.1
NZ_LOPW02000001.1_83   -             85 MTH865               PF07747.16    70   6.2e-32  104.9   0.4   1   1   1.1e-33   7.2e-32  104.7   0.4     1    69     7    76     7    77 0.98 GCF_001469875.2
NZ_CSTE01000002.1_1315 -             85 MTH865               PF07747.16    70   6.4e-32  104.9   0.4   1   1   1.1e-33   7.2e-32  104.7   0.4     1    69     7    76     7    77 0.98 GCF_001368915.1
s5a1_contig_1_2082     -             85 MTH865               PF07747.16    70   8.1e-32  104.6   0.2   1   1   1.4e-33   9.2e-32  104.4   0.2     1    69     7    76     7    77 0.98 s5a-1
NZ_AOLI01000034.1_35   -             85 MTH865               PF07747.16    70   1.1e-31  104.2   0.2   1   1   1.8e-33   1.2e-31  104.0   0.2     1    69     7    76     7    77 0.98 GCF_000336955.1
NZ_AOLK01000012.1_184  -             85 MTH865               PF07747.16    70   1.1e-31  104.2   0.2   1   1   1.8e-33   1.2e-31  104.0   0.2     1    69     7    76     7    77 0.98 GCF_000336755.1
NZ_LOPU01000018.1_159  -             87 MTH865               PF07747.16    70   1.4e-31  103.8   0.1   1   1   2.4e-33   1.6e-31  103.6   0.1     1    70     9    79     9    79 0.98 GCF_001469955.1
NZ_FOTC01000002.1_387  -             87 MTH865               PF07747.16    70   1.6e-31  103.6   0.1   1   1   2.8e-33   1.8e-31  103.4   0.1     1    70     9    79     9    79 0.99 GCF_900114455.1
NC_017941.2_792        -             85 MTH865               PF07747.16    70   1.4e-30  100.6   0.2   1   1   2.4e-32   1.6e-30  100.4   0.2     1    70     7    77     7    77 0.98 GCF_000306765.2
NZ_SDIC01000004.1_303  -             89 MTH865               PF07747.16    70   1.7e-29   97.1   0.1   1   1     3e-31     2e-29   96.9   0.1     1    70     9    81     9    81 0.97 GCF_004116405.1
NZ_CP099993.1_942    -            240 MTS                  PF05175.19   170     1e-06   24.2   0.1   1   1   1.8e-09   1.5e-06   23.6   0.1    33   102    86   155    75   182 0.91 GCF_024138125.1
NZ_CP099993.1_941    -            129 NAC                  PF01849.23    57     2e-20   68.2   0.1   1   1   3.2e-23   2.8e-20   67.8   0.1     1    56    11    69    11    70 0.96 GCF_024138125.1
NZ_AQXI01000001.1_55 -            364 NADHdh               PF00146.26   298  1.4e-101  335.5  17.1   1   1  1.9e-104  1.7e-101  335.2  17.1     5   298    42   357    38   357 0.96 GCF_000376445.1
NZ_LOPU01000018.1_150     -            428 NAD_binding_8        PF13450.11    68   6.5e-21   70.2   0.2   1   1   9.2e-22   4.7e-20   67.4   0.2     1    63     9    69     9    72 0.96 GCF_001469955.1
NZ_CSTE01000002.1_1326    -            425 NAD_binding_8        PF13450.11    68   1.8e-20   68.7   0.6   1   1   3.5e-21   1.8e-19   65.6   0.5     1    63     8    68     8    71 0.97 GCF_001368915.1
NZ_LOEP01000032.1_69      -            425 NAD_binding_8        PF13450.11    68   2.5e-20   68.3   0.3   1   1   1.4e-21   7.1e-20   66.8   0.3     1    63     8    68     8    71 0.97 GCF_001482285.1
NZ_AOLJ01000011.1_111     -            425 NAD_binding_8        PF13450.11    68   2.6e-20   68.3   0.3   1   1   1.4e-21   7.1e-20   66.8   0.3     1    63     8    68     8    71 0.97 GCF_000336775.1
NZ_LOPW02000001.1_72      -            425 NAD_binding_8        PF13450.11    68   2.6e-20   68.3   0.3   1   1   1.4e-21   7.1e-20   66.8   0.3     1    63     8    68     8    71 0.97 GCF_001469875.2
NZ_FOTC01000002.1_377     -            425 NAD_binding_8        PF13450.11    68   5.9e-20   67.1   0.4   1   1   8.5e-21   4.3e-19   64.3   0.3     1    62     8    67     8    71 0.94 GCF_900114455.1
NZ_AOLK01000012.1_171     -            426 NAD_binding_8        PF13450.11    68   1.2e-19   66.1   0.2   1   1   5.4e-21   2.8e-19   65.0   0.2     1    63     8    68     8    71 0.96 GCF_000336755.1
NZ_AOLN01000018.1_559     -            426 NAD_binding_8        PF13450.11    68   1.4e-19   65.9   0.4   1   1   8.2e-21   4.2e-19   64.4   0.4     1    63     8    68     8    71 0.95 GCF_000337815.1
NZ_AOLG01000009.1_381     -            426 NAD_binding_8        PF13450.11    68   1.8e-19   65.5   0.6   1   1   9.7e-21   4.9e-19   64.1   0.6     1    63     8    68     8    71 0.96 GCF_000336815.1
s5a1_contig_1_2070        -            426 NAD_binding_8        PF13450.11    68     2e-19   65.4   0.3   1   1   8.7e-21   4.4e-19   64.3   0.3     1    63     8    68     8    71 0.96 s5a-1
NZ_AOLI01000034.1_24      -            426 NAD_binding_8        PF13450.11    68   2.3e-19   65.2   0.2   1   1     1e-20   5.2e-19   64.1   0.2     1    63     8    68     8    71 0.96 GCF_000336955.1
NC_017941.2_780           -            426 NAD_binding_8        PF13450.11    68     3e-19   64.8   0.4   1   1   1.5e-20   7.8e-19   63.5   0.4     1    63     8    68     8    72 0.95 GCF_000306765.2
NZ_SDIC01000004.1_296     -            425 NAD_binding_8        PF13450.11    68   7.5e-18   60.4   0.2   1   1   3.7e-19   1.9e-17   59.1   0.2     1    63     9    69     9    72 0.93 GCF_004116405.1
NZ_CP099993.1_946         -            425 NAD_binding_8        PF13450.11    68   8.7e-18   60.2   1.1   1   1   5.4e-19   2.7e-17   58.6   1.1     1    65     6    68     6    70 0.93 GCF_024138125.1
NZ_AQXI01000001.1_44      -            419 NAD_binding_8        PF13450.11    68   1.2e-17   59.7   0.9   1   1   8.1e-19   4.1e-17   58.0   0.4     1    65     6    68     6    70 0.93 GCF_000376445.1
NZ_LOPU01000018.1_148     -            440 NAD_binding_8        PF13450.11    68   1.9e-07   27.0   0.1   1   1     1e-08   5.3e-07   25.6   0.1     1    30    19    48    19    50 0.95 GCF_001469955.1
NZ_AOLG01000009.1_402  -            243 NAD_kinase_C         PF20143.4    126   4.9e-13   44.7   0.1   1   1   1.4e-14   1.2e-12   43.4   0.1    24   108   144   226   136   237 0.83 GCF_000336815.1
NZ_AOLJ01000011.1_90   -            243 NAD_kinase_C         PF20143.4    126   5.4e-13   44.5   0.1   1   1   1.5e-14   1.3e-12   43.2   0.1    24   108   144   226   140   237 0.83 GCF_000336775.1
NC_017941.2_801        -            256 NAD_kinase_C         PF20143.4    126   6.4e-13   44.3   0.1   1   1   1.5e-14   1.3e-12   43.3   0.1    24   114   157   245   151   251 0.89 GCF_000306765.2
NZ_AOLN01000018.1_536  -            248 NAD_kinase_C         PF20143.4    126   6.5e-13   44.2   0.8   1   1   1.9e-14   1.6e-12   43.0   0.1    24   118   149   241   147   247 0.92 GCF_000337815.1
NZ_LOPW02000001.1_93   -            243 NAD_kinase_C         PF20143.4    126   7.8e-13   44.0   0.1   1   1     2e-14   1.7e-12   42.9   0.1    24   112   144   230   140   237 0.84 GCF_001469875.2
NZ_CSTE01000002.1_1305 -            241 NAD_kinase_C         PF20143.4    126   1.4e-12   43.2   0.1   1   1   3.5e-14   3.1e-12   42.1   0.1    24    99   142   215   138   234 0.83 GCF_001368915.1
NZ_LOEP01000032.1_90   -            243 NAD_kinase_C         PF20143.4    126   1.5e-12   43.1   0.1   1   1   4.1e-14   3.5e-12   41.9   0.1    24   111   144   229   140   237 0.84 GCF_001482285.1
NZ_AOLI01000034.1_46   -            251 NAD_kinase_C         PF20143.4    126   1.6e-11   39.7   0.1   1   1   4.7e-13     4e-11   38.5   0.1    17   115   145   241   129   250 0.80 GCF_000336955.1
s5a1_contig_1_2094     -            251 NAD_kinase_C         PF20143.4    126   3.3e-11   38.8   0.2   1   1     1e-12   8.6e-11   37.4   0.1    19   115   147   241   128   250 0.80 s5a-1
NZ_AOLK01000012.1_195  -            251 NAD_kinase_C         PF20143.4    126   5.3e-11   38.1   0.2   1   1   3.1e-12   2.7e-10   35.8   0.1    24   113   152   239   147   250 0.79 GCF_000336755.1
NZ_FOTC01000002.1_350 -            444 Na_Ca_ex             PF01699.29   151   3.9e-21   71.3  31.0   1   2   1.3e-12   3.7e-10   35.7   9.2     3   150    39   206    37   207 0.85 GCF_900114455.1
NZ_FOTC01000002.1_350 -            444 Na_Ca_ex             PF01699.29   151   3.9e-21   71.3  31.0   2   2   1.9e-15   5.6e-13   44.8   9.7     3   148   236   380   234   383 0.84 GCF_900114455.1
NZ_LOPU01000018.1_121 -            448 Na_Ca_ex             PF01699.29   151   1.5e-20   69.4  34.8   1   2     9e-13   2.6e-10   36.2   9.1     3   149    38   204    36   206 0.83 GCF_001469955.1
NZ_LOPU01000018.1_121 -            448 Na_Ca_ex             PF01699.29   151   1.5e-20   69.4  34.8   2   2   6.9e-15     2e-12   43.0  12.9     3   148   235   379   233   382 0.84 GCF_001469955.1
NZ_SDIC01000004.1_270 -            444 Na_Ca_ex             PF01699.29   151   2.6e-20   68.6  29.7   1   2   1.9e-13   5.5e-11   38.4   7.7     3   150    36   203    34   204 0.85 GCF_004116405.1
NZ_SDIC01000004.1_270 -            444 Na_Ca_ex             PF01699.29   151   2.6e-20   68.6  29.7   2   2   1.2e-13   3.3e-11   39.1   9.6     3   147   233   376   231   382 0.81 GCF_004116405.1
NZ_BBMP01000023.1_104 -            341 NLPC_P60             PF00877.24   105   1.7e-23   78.4   0.0   1   1   3.4e-26     3e-23   77.6   0.0     1    92   216   302   216   310 0.96 GCF_000755245.1
NZ_LOPU01000018.1_139     -             60 Nop10p               PF04135.17    52   7.3e-23   76.2   0.9   1   1   5.7e-25   8.2e-23   76.0   0.9     1    51     1    57     1    58 0.99 GCF_001469955.1
NZ_AQXI01000001.1_37      -             60 Nop10p               PF04135.17    52   9.8e-23   75.8   0.2   1   1   7.6e-25   1.1e-22   75.6   0.2     1    51     1    57     1    58 0.98 GCF_000376445.1
NZ_FOTC01000002.1_366     -             59 Nop10p               PF04135.17    52   4.1e-22   73.8   0.7   1   1   3.1e-24   4.5e-22   73.6   0.7     1    51     1    57     1    58 0.98 GCF_900114455.1
NZ_CP099993.1_953         -             60 Nop10p               PF04135.17    52   6.7e-22   73.1   0.2   1   1   5.2e-24   7.5e-22   72.9   0.2     1    51     1    57     1    58 0.97 GCF_024138125.1
NZ_SDIC01000004.1_287     -             61 Nop10p               PF04135.17    52   1.1e-20   69.2   1.4   1   1   8.9e-23   1.3e-20   69.0   1.4     1    51     1    57     1    58 0.98 GCF_004116405.1
NZ_JALLPK010000001.1_2684 -             60 Nop10p               PF04135.17    52   2.9e-20   67.9   0.2   1   1   2.2e-22   3.2e-20   67.7   0.2     1    51     1    57     1    58 0.95 GCF_023276375.1
NZ_AQXI01000001.1_45 -            209 NUDIX                PF00293.33   134   1.3e-15   53.4   2.8   1   1     6e-14   5.2e-11   38.4   0.6    33   127   110   199    94   205 0.79 GCF_000376445.1
NZ_CP099993.1_938    -            165 NYN                  PF01936.23   145   2.7e-40  134.0   0.2   1   1   3.6e-43   3.1e-40  133.7   0.2     1   144     9   156     9   158 0.96 GCF_024138125.1
NZ_SDIC01000004.1_312  -            128 OB_aCoA_assoc        PF01796.22    65   8.6e-15   50.2   1.4   1   1   1.9e-16   1.3e-14   49.7   1.4     2    63    47   107    46   109 0.95 GCF_004116405.1
s5a1_contig_1_2090     -            126 OB_aCoA_assoc        PF01796.22    65   2.2e-14   48.9   1.9   1   1   4.3e-16   2.9e-14   48.5   1.9     2    63    47   107    46   109 0.95 s5a-1
NZ_AOLK01000012.1_192  -            126 OB_aCoA_assoc        PF01796.22    65   3.4e-14   48.3   2.2   1   1   6.6e-16   4.4e-14   47.9   2.2     2    63    47   107    46   109 0.95 GCF_000336755.1
NZ_AOLI01000034.1_43   -            126 OB_aCoA_assoc        PF01796.22    65   3.4e-14   48.3   2.2   1   1   6.6e-16   4.4e-14   47.9   2.2     2    63    47   107    46   109 0.95 GCF_000336955.1
NC_017941.2_798        -            126 OB_aCoA_assoc        PF01796.22    65   2.8e-13   45.4   2.1   1   1   5.6e-15   3.7e-13   45.0   2.1     2    64    47   108    46   109 0.95 GCF_000306765.2
NZ_AOLN01000018.1_539  -            126 OB_aCoA_assoc        PF01796.22    65   7.4e-12   40.8   2.8   1   1   1.5e-13     1e-11   40.3   2.8     2    63    47   107    46   109 0.94 GCF_000337815.1
NZ_CSTE01000002.1_1308 -            126 OB_aCoA_assoc        PF01796.22    65   1.8e-10   36.4   1.1   1   1   4.1e-12   2.7e-10   35.8   1.1     2    62    47   106    46   108 0.85 GCF_001368915.1
NZ_AOLJ01000011.1_93   -            126 OB_aCoA_assoc        PF01796.22    65     3e-10   35.7   1.5   1   1   6.2e-12   4.1e-10   35.2   1.5     2    63    47   107    46   109 0.93 GCF_000336775.1
NZ_AOLG01000009.1_399  -            126 OB_aCoA_assoc        PF01796.22    65   3.1e-10   35.6   1.2   1   1   6.6e-12   4.4e-10   35.1   1.2     2    63    47   107    46   109 0.92 GCF_000336815.1
NZ_LOPW02000001.1_90   -            126 OB_aCoA_assoc        PF01796.22    65   4.9e-10   35.0   1.1   1   1   1.1e-11   7.3e-10   34.4   1.1     2    62    47   106    46   108 0.93 GCF_001469875.2
NZ_AQXI01000001.1_29   -            125 OB_aCoA_assoc        PF01796.22    65   1.3e-09   33.6   1.6   1   1   3.3e-11   2.2e-09   32.9   1.6     3    62    53   107    51   110 0.89 GCF_000376445.1
NZ_LOEP01000032.1_87   -            126 OB_aCoA_assoc        PF01796.22    65   2.3e-09   32.8   0.6   1   1   5.2e-11   3.5e-09   32.2   0.6     2    62    47   106    46   108 0.93 GCF_001482285.1
NZ_FNIA01000003.1_171  -            119 OB_aCoA_assoc        PF01796.22    65   8.6e-08   27.8   0.7   1   1   1.9e-09   1.2e-07   27.3   0.7     2    63    31    91    30    93 0.84 GCF_900103505.1
NZ_JALLPK010000001.1_2689 -            329 OCD_Mu_crystall      PF02423.20   314   2.8e-60  199.6   0.3   1   1   3.5e-63   3.1e-60  199.5   0.3    86   312    78   310     7   312 0.96 GCF_023276375.1
NZ_AOLK01000012.1_170 -            323 OpuAC                PF04069.17   257   7.8e-52  172.1   0.0   1   1     2e-54   8.9e-52  171.9   0.0     3   256    43   318    41   319 0.96 GCF_000336755.1
NZ_AOLI01000034.1_23  -            323 OpuAC                PF04069.17   257     1e-50  168.5   0.0   1   1   2.6e-53   1.1e-50  168.3   0.0     3   256    43   318    41   319 0.96 GCF_000336955.1
s5a1_contig_1_2092   -            349 OrfB_Zn_ribbon       PF07282.16    69   7.1e-23   76.1   1.9   1   1   3.9e-25   3.4e-22   73.9   0.7     1    69   276   342   276   342 0.98 s5a-1
NZ_CP099993.1_932     -            414 Orn_Arg_deC_N        PF02784.21   247   1.9e-48  160.7   0.0   1   1   5.7e-51   2.5e-48  160.3   0.0     3   247    37   279    35   279 0.93 GCF_024138125.1
NZ_BBMP01000023.1_101 -            406 Orn_Arg_deC_N        PF02784.21   247   7.9e-42  139.0   0.0   1   1   2.3e-44   9.8e-42  138.7   0.0     2   247    34   273    33   273 0.90 GCF_000755245.1
NZ_BBMP01000023.1_101 -            406 Orn_DAP_Arg_deC      PF00278.27    95   2.5e-22   74.7   0.0   1   1   6.8e-25     3e-22   74.5   0.0     5    95   113   360    28   360 0.67 GCF_000755245.1
NZ_CP099993.1_932     -            414 Orn_DAP_Arg_deC      PF00278.27    95   3.4e-21   71.1   0.0   1   1     9e-24   3.9e-21   70.9   0.0     5    95   174   369    30   369 0.66 GCF_024138125.1
NZ_BBMP01000023.1_88 -            143 OsmC                 PF02566.24   100     1e-11   40.9   0.1   1   1   5.4e-14   4.7e-11   38.8   0.0     2    50    79   127    78   137 0.90 GCF_000755245.1
NZ_WSZK01000006.1_106 -            183 Oxidored_q2          PF00420.29    95   1.1e-23   78.6   4.6   1   1   1.7e-26   1.5e-23   78.2   4.6     2    90    28   132    27   135 0.97 GCF_009791395.1
NZ_AQXI01000001.1_57 -             88 Oxidored_q3          PF00499.25   146   2.1e-21   71.9   6.6   1   1   2.4e-24   2.1e-21   71.9   6.6     1    67    18    84    18    88 0.91 GCF_000376445.1
NZ_AQXI01000001.1_52 -            135 Oxidored_q4          PF00507.24    99   3.3e-34  112.8   0.5   1   1   4.7e-37   4.1e-34  112.5   0.5     3    99    20   122    18   122 0.93 GCF_000376445.1
NZ_AQXI01000001.1_53 -            234 Oxidored_q6          PF01058.27   128   1.5e-28   94.8   0.2   1   1   2.4e-31   2.1e-28   94.3   0.2     1   128    71   181    70   181 0.92 GCF_000376445.1
NZ_AOLK01000012.1_194  -            435 PA                   PF02225.27    95     2e-15   52.4   0.0   1   1   4.8e-17   4.1e-15   51.4   0.0     1    95    90   184    90   184 0.83 GCF_000336755.1
NZ_AOLN01000018.1_537  -            435 PA                   PF02225.27    95   2.1e-15   52.3   0.0   1   1   5.3e-17   4.6e-15   51.3   0.0     2    95    91   184    89   184 0.82 GCF_000337815.1
NC_017941.2_800        -            435 PA                   PF02225.27    95   4.6e-15   51.3   0.0   1   1   1.2e-16     1e-14   50.2   0.0     2    95    91   184    90   184 0.82 GCF_000306765.2
NZ_LOEP01000032.1_89   -            435 PA                   PF02225.27    95   4.9e-15   51.2   0.0   1   1   1.4e-16   1.2e-14   49.9   0.0     2    95    91   184    90   184 0.82 GCF_001482285.1
NZ_AOLG01000009.1_401  -            435 PA                   PF02225.27    95   4.9e-15   51.2   0.0   1   1   1.4e-16   1.2e-14   49.9   0.0     2    95    91   184    90   184 0.82 GCF_000336815.1
NZ_LOPW02000001.1_92   -            435 PA                   PF02225.27    95     5e-15   51.2   0.0   1   1   1.4e-16   1.2e-14   49.9   0.0     2    95    91   184    90   184 0.82 GCF_001469875.2
NZ_CSTE01000002.1_1306 -            435 PA                   PF02225.27    95   5.3e-15   51.1   0.0   1   1   1.4e-16   1.2e-14   49.9   0.0     2    95    91   184    90   184 0.82 GCF_001368915.1
NZ_AOLJ01000011.1_91   -            435 PA                   PF02225.27    95   5.4e-15   51.1   0.0   1   1   1.4e-16   1.2e-14   49.9   0.0     2    95    91   184    90   184 0.82 GCF_000336775.1
NZ_AOLI01000034.1_45   -            435 PA                   PF02225.27    95     1e-14   50.2   0.0   1   1   2.4e-16   2.1e-14   49.2   0.0     2    95    91   184    90   184 0.82 GCF_000336955.1
s5a1_contig_1_2093     -            435 PA                   PF02225.27    95   1.1e-14   50.0   0.0   1   1   2.7e-16   2.3e-14   49.0   0.0     2    95    91   184    90   184 0.82 s5a-1
NZ_SDIC01000004.1_288     -            251 PAC2                 PF09754.14   215   3.5e-62  205.7   0.6   1   1   2.8e-64   4.1e-62  205.5   0.6     1   214    19   231    19   232 0.96 GCF_004116405.1
NZ_JALLPK010000001.1_2683 -            262 PAC2                 PF09754.14   215     3e-61  202.6   0.8   1   1   2.4e-63   3.4e-61  202.5   0.8     1   214    19   244    19   245 0.94 GCF_023276375.1
NZ_CP099993.1_952         -            252 PAC2                 PF09754.14   215   3.6e-61  202.4   1.0   1   1   2.9e-63   4.2e-61  202.2   1.0     1   214    19   232    19   233 0.96 GCF_024138125.1
NZ_AQXI01000001.1_38      -            252 PAC2                 PF09754.14   215   2.4e-59  196.4   0.6   1   1   1.9e-61   2.8e-59  196.2   0.6     1   214    19   232    19   233 0.96 GCF_000376445.1
NZ_FOTC01000002.1_367     -            252 PAC2                 PF09754.14   215     4e-59  195.7   0.5   1   1   3.2e-61   4.6e-59  195.5   0.5     1   214    19   232    19   233 0.96 GCF_900114455.1
NZ_LOPU01000018.1_140     -            251 PAC2                 PF09754.14   215   5.6e-59  195.2   0.3   1   1   4.5e-61   6.5e-59  195.0   0.3     1   214    19   232    19   233 0.96 GCF_001469955.1
NZ_AQXI01000001.1_46      -            397 PALP                 PF00291.30   295   1.1e-71  237.2   3.7   1   1   2.2e-73   1.3e-71  237.0   3.7     1   295    74   379    74   379 0.96 GCF_000376445.1
NZ_LOPW02000001.1_73      -            389 PALP                 PF00291.30   295   8.7e-68  224.5   1.6   1   1   1.8e-69     1e-67  224.2   1.6     2   294    71   370    70   371 0.95 GCF_001469875.2
NZ_LOEP01000032.1_70      -            389 PALP                 PF00291.30   295   7.1e-67  221.5   2.3   1   1   1.4e-68   8.2e-67  221.3   2.3     2   294    71   370    70   371 0.95 GCF_001482285.1
NZ_AOLN01000018.1_558     -            388 PALP                 PF00291.30   295   1.2e-66  220.7   1.3   1   1   2.4e-68   1.4e-66  220.5   1.3     2   294    71   369    70   370 0.96 GCF_000337815.1
NC_017941.2_781           -            389 PALP                 PF00291.30   295   3.7e-66  219.1   1.1   1   1   7.5e-68   4.3e-66  218.9   1.1     2   294    71   370    70   371 0.94 GCF_000306765.2
NZ_LOPU01000018.1_149     -            397 PALP                 PF00291.30   295   1.4e-65  217.2   2.9   1   1   2.8e-67   1.6e-65  217.0   2.9     2   294    73   378    72   379 0.95 GCF_001469955.1
NZ_AOLG01000009.1_382     -            389 PALP                 PF00291.30   295   1.5e-65  217.1   2.9   1   1     3e-67   1.7e-65  216.9   2.9     2   294    71   370    70   371 0.94 GCF_000336815.1
NZ_AOLJ01000011.1_110     -            389 PALP                 PF00291.30   295   2.3e-65  216.5   2.8   1   1   4.5e-67   2.6e-65  216.3   2.8     2   294    71   370    70   371 0.94 GCF_000336775.1
NZ_CSTE01000002.1_1325    -            389 PALP                 PF00291.30   295   4.9e-65  215.4   3.0   1   1   9.8e-67   5.6e-65  215.2   3.0     2   294    71   370    70   371 0.95 GCF_001368915.1
NZ_AOLK01000012.1_172     -            389 PALP                 PF00291.30   295   1.8e-64  213.6   2.3   1   1   3.6e-66   2.1e-64  213.4   2.3     2   294    71   370    70   371 0.95 GCF_000336755.1
s5a1_contig_1_2071        -            389 PALP                 PF00291.30   295   4.3e-64  212.3   2.5   1   1   8.5e-66   4.9e-64  212.1   2.5     2   294    71   370    70   371 0.95 s5a-1
NZ_AOLI01000034.1_25      -            389 PALP                 PF00291.30   295     1e-63  211.1   3.0   1   1     2e-65   1.2e-63  210.9   3.0     2   294    71   370    70   371 0.95 GCF_000336955.1
NZ_FOTC01000002.1_370     -            392 PALP                 PF00291.30   295     5e-62  205.5   1.5   1   1     1e-63   5.8e-62  205.3   1.5     1   294    73   373    73   374 0.95 GCF_900114455.1
NZ_JALLPK010000001.1_2681 -            390 PALP                 PF00291.30   295   2.7e-61  203.1   1.3   1   1   5.4e-63   3.1e-61  202.9   1.3     1   294    70   371    70   372 0.96 GCF_023276375.1
NZ_SDIC01000004.1_295     -            397 PALP                 PF00291.30   295   1.1e-59  197.9   9.9   1   1   2.6e-61   1.5e-59  197.4   9.9     2   294    72   378    71   379 0.93 GCF_004116405.1
NZ_JALLPK010000001.1_2705 -            317 PAPS_reduct          PF01507.24   175   1.8e-18   62.9   0.0   1   1   1.2e-17     1e-14   50.7   0.0     2   147    47   224    46   233 0.84 GCF_023276375.1
NZ_WSZK01000006.1_126 -            220 PCMT                 PF01135.24   210   4.2e-08   28.9   0.0   1   1   1.4e-10   6.1e-08   28.4   0.0    67   153    48   137    39   159 0.83 GCF_009791395.1
NZ_CP099993.1_942     -            240 PCMT                 PF01135.24   210   3.5e-07   25.9   0.1   1   1     1e-09   4.5e-07   25.5   0.1    71   168    82   178    65   209 0.82 GCF_024138125.1
NZ_AOLK01000012.1_186  -            600 PD40                 PF07676.17    38   6.7e-15   50.4   6.7   1   2   7.9e-06   0.00053   15.7   0.1    14    38   109   134   104   134 0.92 GCF_000336755.1
NZ_AOLK01000012.1_186  -            600 PD40                 PF07676.17    38   6.7e-15   50.4   6.7   2   2   0.00017     0.011   11.4   0.0     4    30   192   220   189   224 0.77 GCF_000336755.1
s5a1_contig_1_2084     -            600 PD40                 PF07676.17    38   3.8e-14   48.0   7.1   1   1   7.9e-06   0.00053   15.7   0.1    14    38   109   134   104   134 0.92 s5a-1
NZ_AOLI01000034.1_37   -            600 PD40                 PF07676.17    38   1.6e-13   46.0   7.3   1   1   7.9e-06   0.00053   15.7   0.1    14    38   109   134   104   134 0.92 GCF_000336955.1
NZ_LOPW02000001.1_85   -            608 PD40                 PF07676.17    38     6e-12   41.0   3.9   1   1   6.7e-06   0.00044   15.9   0.0    14    38   109   134   104   134 0.91 GCF_001469875.2
NZ_LOEP01000032.1_82   -            608 PD40                 PF07676.17    38   8.9e-12   40.4   4.3   1   1     7e-06   0.00047   15.9   0.1    14    38   109   134   105   134 0.91 GCF_001482285.1
NZ_AOLN01000018.1_545  -            600 PD40                 PF07676.17    38   9.2e-12   40.4   5.8   1   1   6.5e-06   0.00044   15.9   0.0    14    38   109   134   104   134 0.91 GCF_000337815.1
NZ_AOLG01000009.1_394  -            608 PD40                 PF07676.17    38   9.5e-12   40.4   5.4   1   1   8.2e-06   0.00055   15.6   0.1    14    38   109   134   104   134 0.91 GCF_000336815.1
NZ_CSTE01000002.1_1313 -            608 PD40                 PF07676.17    38   2.5e-11   39.0   5.2   1   1   1.1e-05   0.00071   15.3   0.1    15    38   110   134   106   134 0.92 GCF_001368915.1
NC_017941.2_794        -            606 PD40                 PF07676.17    38     3e-11   38.8   9.1   1   1   1.7e-06   0.00011   17.8   0.1    14    38   109   134   104   134 0.91 GCF_000306765.2
NZ_AOLJ01000011.1_98   -            608 PD40                 PF07676.17    38   1.3e-10   36.7   6.1   1   1   6.7e-06   0.00044   15.9   0.0    14    38   109   134   104   134 0.91 GCF_000336775.1
NZ_SDIC01000004.1_307  -            602 PD40                 PF07676.17    38   1.2e-09   33.7   7.5   1   1   5.2e-06   0.00035   16.3   0.0     4    38    98   134    95   134 0.85 GCF_004116405.1
NZ_LOPU01000018.1_164  -            609 PD40                 PF07676.17    38   3.6e-08   28.9  12.6   1   1   3.2e-06   0.00021   17.0   0.1    14    38   109   134   104   134 0.92 GCF_001469955.1
NZ_FOTC01000002.1_391  -            600 PD40                 PF07676.17    38   3.3e-06   22.7  10.2   1   1   4.2e-06   0.00028   16.5   0.3    15    38   108   132   106   132 0.94 GCF_900114455.1
NZ_AOLN01000018.1_563  -            756 PEP-utilizers        PF00391.28    72     1e-30  100.9   4.3   1   1   4.6e-32   2.2e-30   99.8   4.3     2    72   365   435   364   435 0.98 GCF_000337815.1
NC_017941.2_776        -            755 PEP-utilizers        PF00391.28    72   1.3e-30  100.5   5.1   1   1   6.1e-32   2.9e-30   99.4   5.1     2    72   364   434   363   434 0.97 GCF_000306765.2
NZ_LOPW02000001.1_67   -            758 PEP-utilizers        PF00391.28    72   3.2e-30   99.3   4.2   1   1   1.5e-31     7e-30   98.2   4.2     2    72   367   437   366   437 0.98 GCF_001469875.2
NZ_CSTE01000002.1_1331 -            759 PEP-utilizers        PF00391.28    72   3.2e-30   99.3   4.2   1   1   1.5e-31     7e-30   98.2   4.2     2    72   368   438   367   438 0.98 GCF_001368915.1
NZ_LOEP01000032.1_64   -            758 PEP-utilizers        PF00391.28    72   3.3e-30   99.3   4.3   1   1   1.5e-31   7.2e-30   98.2   4.3     2    72   367   437   366   437 0.98 GCF_001482285.1
NZ_AOLG01000009.1_376  -            758 PEP-utilizers        PF00391.28    72   3.3e-30   99.3   4.3   1   1   1.5e-31   7.2e-30   98.2   4.3     2    72   367   437   366   437 0.98 GCF_000336815.1
NZ_AOLJ01000011.1_117  -            758 PEP-utilizers        PF00391.28    72   3.3e-30   99.3   4.3   1   1   1.5e-31   7.2e-30   98.2   4.3     2    72   367   437   366   437 0.98 GCF_000336775.1
NZ_AOLK01000012.1_165  -            755 PEP-utilizers        PF00391.28    72   3.5e-30   99.2   4.6   1   1   1.6e-31   7.9e-30   98.1   4.6     3    72   365   434   363   434 0.98 GCF_000336755.1
s5a1_contig_1_2066     -            755 PEP-utilizers        PF00391.28    72     5e-30   98.7   4.5   1   1   2.3e-31   1.1e-29   97.6   4.5     3    72   365   434   363   434 0.98 s5a-1
NZ_AOLI01000034.1_18   -            755 PEP-utilizers        PF00391.28    72     5e-30   98.7   4.5   1   1   2.3e-31   1.1e-29   97.6   4.5     3    72   365   434   363   434 0.98 GCF_000336955.1
NZ_LOPW02000001.1_60   -            586 PEP-utilizers        PF00391.28    72   6.4e-12   40.7   2.3   1   1   4.9e-13   2.4e-11   38.9   0.1     2    72   500   570   499   570 0.84 GCF_001469875.2
NZ_AOLJ01000011.1_124  -            586 PEP-utilizers        PF00391.28    72   1.1e-11   39.9   0.1   1   1   2.3e-13   1.1e-11   39.9   0.1     2    72   500   570   499   570 0.84 GCF_000336775.1
NZ_AOLG01000009.1_369  -            586 PEP-utilizers        PF00391.28    72   1.1e-11   39.9   0.1   1   1   2.3e-13   1.1e-11   39.9   0.1     2    72   500   570   499   570 0.84 GCF_000336815.1
NZ_CSTE01000002.1_1337 -            585 PEP-utilizers        PF00391.28    72   1.2e-11   39.8   1.9   1   1     7e-13   3.4e-11   38.4   0.1     2    72   500   570   499   570 0.84 GCF_001368915.1
s5a1_contig_1_2057     -            586 PEP-utilizers        PF00391.28    72   1.3e-11   39.6   2.4   1   1   5.6e-13   2.7e-11   38.7   0.1    10    72   509   570   499   570 0.83 s5a-1
NZ_LOEP01000032.1_57   -            586 PEP-utilizers        PF00391.28    72   2.4e-11   38.9   0.1   1   1   4.9e-13   2.4e-11   38.9   0.1     2    72   500   570   499   570 0.84 GCF_001482285.1
NC_017941.2_767        -            585 PEP-utilizers        PF00391.28    72   2.4e-11   38.8   1.7   1   1   2.3e-12   1.1e-10   36.7   0.1    18    72   517   570   499   570 0.83 GCF_000306765.2
NZ_AOLN01000018.1_573  -            585 PEP-utilizers        PF00391.28    72   4.2e-11   38.1   1.7   1   1   3.7e-12   1.8e-10   36.1   0.1    18    72   517   570   499   570 0.83 GCF_000337815.1
NZ_AOLJ01000011.1_117  -            758 PEP-utilizers_C      PF02896.23   293   1.5e-82  272.7   0.0   1   1   2.5e-84   2.2e-82  272.2   0.0    11   292   459   749   449   750 0.93 GCF_000336775.1
NZ_LOEP01000032.1_64   -            758 PEP-utilizers_C      PF02896.23   293   1.5e-82  272.7   0.0   1   1   2.5e-84   2.2e-82  272.2   0.0    11   292   459   749   449   750 0.93 GCF_001482285.1
NZ_LOPW02000001.1_67   -            758 PEP-utilizers_C      PF02896.23   293   1.5e-82  272.7   0.0   1   1   2.5e-84   2.2e-82  272.2   0.0    11   292   459   749   449   750 0.93 GCF_001469875.2
NZ_AOLG01000009.1_376  -            758 PEP-utilizers_C      PF02896.23   293   2.1e-82  272.2   0.0   1   1   3.6e-84   3.1e-82  271.7   0.0    11   292   459   749   449   750 0.93 GCF_000336815.1
NZ_AOLN01000018.1_563  -            756 PEP-utilizers_C      PF02896.23   293   2.9e-82  271.8   0.0   1   1   4.9e-84   4.2e-82  271.3   0.0    11   292   457   747   447   748 0.93 GCF_000337815.1
NZ_CSTE01000002.1_1331 -            759 PEP-utilizers_C      PF02896.23   293   3.1e-82  271.7   0.0   1   1   5.2e-84   4.5e-82  271.2   0.0    11   292   460   750   450   751 0.93 GCF_001368915.1
NC_017941.2_776        -            755 PEP-utilizers_C      PF02896.23   293   8.1e-82  270.3   0.1   1   1   1.4e-83   1.2e-81  269.8   0.1    11   292   456   746   446   747 0.93 GCF_000306765.2
s5a1_contig_1_2066     -            755 PEP-utilizers_C      PF02896.23   293   2.4e-81  268.8   0.0   1   1     4e-83   3.5e-81  268.3   0.0    11   292   456   746   446   747 0.93 s5a-1
NZ_AOLI01000034.1_18   -            755 PEP-utilizers_C      PF02896.23   293   2.4e-81  268.8   0.0   1   1     4e-83   3.5e-81  268.3   0.0    11   292   456   746   446   747 0.93 GCF_000336955.1
NZ_AOLK01000012.1_165  -            755 PEP-utilizers_C      PF02896.23   293   4.2e-81  268.0   0.0   1   1     7e-83   6.1e-81  267.5   0.0    11   292   456   746   446   747 0.93 GCF_000336755.1
NZ_WSZK01000006.1_128 -            212 Peptidase_C15        PF01470.22   204     7e-54  178.6   0.0   1   1   9.1e-57   7.9e-54  178.5   0.0     1   201     1   208     1   211 0.94 GCF_009791395.1
NZ_FOTC01000002.1_354 -            192 Peptidase_C26        PF07722.18   219   1.2e-08   30.7   0.3   1   1   9.5e-10   2.7e-07   26.2   0.3   103   219    70   172    64   172 0.74 GCF_900114455.1
NZ_LOPU01000018.1_125 -            197 Peptidase_C26        PF07722.18   219   6.2e-08   28.4   0.7   1   1   6.1e-09   1.8e-06   23.6   0.7   105   219    75   175    68   175 0.76 GCF_001469955.1
NZ_SDIC01000004.1_274 -            211 Peptidase_C26        PF07722.18   219   7.2e-08   28.1   0.0   1   1   1.2e-09   3.5e-07   25.9   0.0   104   219    80   181    74   181 0.81 GCF_004116405.1
NZ_BBMP01000023.1_106 -            225 Peptidase_C39_2      PF13529.11   143   4.3e-33  110.6   0.0   1   1   6.1e-36   5.3e-33  110.3   0.0     1   142    24   174    24   175 0.94 GCF_000755245.1
NZ_CP099993.1_930      -            366 Peptidase_M20        PF01546.33   206   1.3e-26   89.5   2.1   1   1   5.8e-28   2.8e-26   88.4   2.1     2   204    68   361    67   363 0.87 GCF_024138125.1
NZ_WSZK01000006.1_129  -            420 Peptidase_M20        PF01546.33   206   3.6e-21   71.7   2.1   1   1   1.4e-22   6.5e-21   70.9   2.1     3   204    86   413    84   415 0.87 GCF_009791395.1
NC_017941.2_790        -            348 Peptidase_M20        PF01546.33   206   1.4e-09   33.9   0.1   1   1   5.5e-11   2.7e-09   32.9   0.1    33   205   172   338   153   339 0.75 GCF_000306765.2
NZ_AOLN01000018.1_549  -            348 Peptidase_M20        PF01546.33   206   2.4e-09   33.1   0.7   1   1     1e-10   4.8e-09   32.1   0.2    33   205   172   338   153   339 0.75 GCF_000337815.1
NZ_CSTE01000002.1_1316 -            348 Peptidase_M20        PF01546.33   206   2.8e-09   32.9   0.1   1   1   1.1e-10   5.2e-09   32.0   0.1    33   205   172   338   153   339 0.74 GCF_001368915.1
NZ_LOPW02000001.1_82   -            348 Peptidase_M20        PF01546.33   206   2.9e-09   32.8   0.2   1   1   1.2e-10   5.6e-09   31.9   0.2    33   205   172   338   153   339 0.74 GCF_001469875.2
NZ_AOLG01000009.1_391  -            348 Peptidase_M20        PF01546.33   206   3.9e-09   32.4   0.1   1   1   1.5e-10   7.1e-09   31.5   0.1    33   205   172   338   153   339 0.74 GCF_000336815.1
NZ_LOEP01000032.1_79   -            348 Peptidase_M20        PF01546.33   206   4.1e-09   32.3   0.1   1   1   1.6e-10   7.9e-09   31.4   0.1    33   205   172   338   153   339 0.75 GCF_001482285.1
NZ_AOLJ01000011.1_101  -            348 Peptidase_M20        PF01546.33   206   4.6e-09   32.2   0.1   1   1   1.8e-10   8.5e-09   31.3   0.1    33   205   172   338   153   339 0.75 GCF_000336775.1
NZ_AOLK01000012.1_183  -            348 Peptidase_M20        PF01546.33   206   7.7e-09   31.4   0.1   1   1   3.1e-10   1.5e-08   30.5   0.1    33   204   172   337   153   339 0.74 GCF_000336755.1
NZ_AOLI01000034.1_34   -            348 Peptidase_M20        PF01546.33   206   1.1e-08   31.0   0.1   1   1   5.2e-10   2.5e-08   29.8   0.1    33   204   172   337   157   339 0.73 GCF_000336955.1
NZ_FOTC01000002.1_388  -            350 Peptidase_M20        PF01546.33   206   1.4e-08   30.6   0.0   1   1   7.2e-10   3.5e-08   29.3   0.0    34   204   175   339   155   341 0.74 GCF_900114455.1
s5a1_contig_1_2081     -            348 Peptidase_M20        PF01546.33   206   1.4e-08   30.6   0.1   1   1   5.7e-10   2.8e-08   29.6   0.1    33   204   172   337   157   339 0.73 s5a-1
NZ_LOPU01000018.1_160  -            348 Peptidase_M20        PF01546.33   206   1.8e-08   30.2   0.1   1   1   6.5e-10   3.1e-08   29.5   0.1    35   205   174   338   164   339 0.71 GCF_001469955.1
NZ_BBMP01000023.1_97 -            250 Peptidase_M23        PF01551.27    96   3.5e-30   99.8   1.4   1   1   8.1e-33     7e-30   98.9   1.4     2    93   132   226   131   229 0.90 GCF_000755245.1
NZ_AOLJ01000011.1_91   -            435 Peptidase_M28        PF04389.22   193     5e-40  133.0   0.4   1   1   1.8e-41   6.8e-40  132.6   0.4     1   187   208   390   208   396 0.92 GCF_000336775.1
NC_017941.2_800        -            435 Peptidase_M28        PF04389.22   193   1.5e-39  131.4   0.1   1   1   5.3e-41     2e-39  131.0   0.1     1   187   208   390   208   396 0.91 GCF_000306765.2
NZ_LOEP01000032.1_89   -            435 Peptidase_M28        PF04389.22   193     2e-39  131.0   0.4   1   1   7.3e-41   2.8e-39  130.6   0.4     1   187   208   390   208   396 0.91 GCF_001482285.1
NZ_CSTE01000002.1_1306 -            435 Peptidase_M28        PF04389.22   193     2e-39  131.0   0.4   1   1   7.3e-41   2.7e-39  130.6   0.4     1   187   208   390   208   396 0.92 GCF_001368915.1
NZ_AOLG01000009.1_401  -            435 Peptidase_M28        PF04389.22   193   2.1e-39  130.9   0.3   1   1   7.8e-41   2.9e-39  130.5   0.3     1   187   208   390   208   396 0.91 GCF_000336815.1
NZ_AOLN01000018.1_537  -            435 Peptidase_M28        PF04389.22   193   3.2e-39  130.3   0.5   1   1   1.3e-40     5e-39  129.7   0.5     1   187   208   390   208   396 0.92 GCF_000337815.1
NZ_AOLI01000034.1_45   -            435 Peptidase_M28        PF04389.22   193   9.7e-39  128.8   0.4   1   1   3.9e-40   1.5e-38  128.2   0.2     1   187   208   390   208   396 0.92 GCF_000336955.1
s5a1_contig_1_2093     -            435 Peptidase_M28        PF04389.22   193   1.1e-38  128.6   0.3   1   1   4.6e-40   1.7e-38  128.0   0.1     1   187   208   390   208   396 0.92 s5a-1
NZ_AOLK01000012.1_194  -            435 Peptidase_M28        PF04389.22   193   1.1e-38  128.6   0.7   1   1     4e-40   1.5e-38  128.2   0.3     1   187   208   390   208   396 0.92 GCF_000336755.1
NZ_LOPW02000001.1_92   -            435 Peptidase_M28        PF04389.22   193   2.1e-38  127.7   0.4   1   1   7.6e-40   2.9e-38  127.2   0.4     1   187   208   390   208   396 0.91 GCF_001469875.2
NZ_FOTC01000002.1_388  -            350 Peptidase_M28        PF04389.22   193     2e-10   36.4   0.5   1   1   4.6e-08   1.7e-06   23.6   0.0    30    78   174   218   157   333 0.74 GCF_900114455.1
NC_017941.2_790        -            348 Peptidase_M28        PF04389.22   193   4.2e-10   35.4   0.6   1   1   1.1e-07     4e-06   22.4   0.0    30    81   172   220   157   326 0.70 GCF_000306765.2
NZ_AOLN01000018.1_549  -            348 Peptidase_M28        PF04389.22   193   5.4e-10   35.0   0.7   1   1   5.9e-08   2.2e-06   23.2   0.0    30    79   172   218   158   327 0.73 GCF_000337815.1
NZ_LOPU01000018.1_160  -            348 Peptidase_M28        PF04389.22   193   7.8e-10   34.5   0.3   1   1   7.3e-08   2.7e-06   22.9   0.1    30   119   172   259   157   329 0.66 GCF_001469955.1
NZ_AOLK01000012.1_183  -            348 Peptidase_M28        PF04389.22   193   1.1e-09   34.0   0.7   1   1   1.7e-07   6.6e-06   21.7   0.0    30    78   172   216   160   333 0.74 GCF_000336755.1
NZ_CSTE01000002.1_1316 -            348 Peptidase_M28        PF04389.22   193   5.4e-09   31.7   0.2   1   1   1.3e-07   4.9e-06   22.1   0.0    30    77   172   215   156   320 0.90 GCF_001368915.1
NZ_LOPW02000001.1_82   -            348 Peptidase_M28        PF04389.22   193   5.8e-09   31.6   0.2   1   1   1.4e-07   5.2e-06   22.0   0.0    30    77   172   215   156   320 0.90 GCF_001469875.2
NZ_AOLG01000009.1_391  -            348 Peptidase_M28        PF04389.22   193     6e-09   31.6   0.2   1   1   1.4e-07   5.3e-06   22.0   0.0    30    77   172   215   156   319 0.91 GCF_000336815.1
NZ_LOEP01000032.1_79   -            348 Peptidase_M28        PF04389.22   193   6.2e-09   31.5   0.2   1   1   1.5e-07   5.5e-06   21.9   0.0    30    77   172   215   156   318 0.91 GCF_001482285.1
NZ_AOLJ01000011.1_101  -            348 Peptidase_M28        PF04389.22   193   6.2e-09   31.5   0.2   1   1   1.4e-07   5.3e-06   22.0   0.0    30    77   172   215   156   318 0.91 GCF_000336775.1
NZ_WSZK01000006.1_129  -            420 Peptidase_M28        PF04389.22   193     1e-08   30.9   0.1   1   1   4.4e-10   1.6e-08   30.2   0.1     1    74    68   146    68   186 0.89 GCF_009791395.1
NZ_FOTC01000002.1_388  -            350 Peptidase_M42        PF05343.19   292   8.1e-96  316.2   0.1   1   1   1.3e-97   9.4e-96  316.0   0.1     1   292    47   334    47   334 0.96 GCF_900114455.1
NZ_LOPU01000018.1_160  -            348 Peptidase_M42        PF05343.19   292   3.3e-95  314.2   2.8   1   1   5.3e-97   3.8e-95  314.0   2.8     1   292    45   332    45   332 0.99 GCF_001469955.1
NZ_AOLI01000034.1_34   -            348 Peptidase_M42        PF05343.19   292   2.2e-93  308.2   0.8   1   1   3.5e-95   2.5e-93  308.0   0.8     1   292    45   332    45   332 0.98 GCF_000336955.1
NZ_AOLK01000012.1_183  -            348 Peptidase_M42        PF05343.19   292   4.9e-93  307.0   0.8   1   1   7.8e-95   5.7e-93  306.8   0.8     1   292    45   332    45   332 0.98 GCF_000336755.1
s5a1_contig_1_2081     -            348 Peptidase_M42        PF05343.19   292   9.2e-93  306.1   0.8   1   1   1.5e-94   1.1e-92  305.9   0.8     1   292    45   332    45   332 0.98 s5a-1
NZ_AOLN01000018.1_549  -            348 Peptidase_M42        PF05343.19   292   1.6e-92  305.3   2.2   1   1   2.6e-94   1.9e-92  305.1   2.2     1   292    45   332    45   332 0.98 GCF_000337815.1
NC_017941.2_790        -            348 Peptidase_M42        PF05343.19   292     2e-92  305.1   1.8   1   1   3.1e-94   2.2e-92  304.9   1.8     1   292    45   332    45   332 0.98 GCF_000306765.2
NZ_AOLG01000009.1_391  -            348 Peptidase_M42        PF05343.19   292   2.2e-92  304.9   1.4   1   1   3.5e-94   2.5e-92  304.7   1.4     1   292    45   332    45   332 0.98 GCF_000336815.1
NZ_LOPW02000001.1_82   -            348 Peptidase_M42        PF05343.19   292   2.4e-92  304.8   1.7   1   1   3.9e-94   2.8e-92  304.6   1.7     1   292    45   332    45   332 0.98 GCF_001469875.2
NZ_CSTE01000002.1_1316 -            348 Peptidase_M42        PF05343.19   292   8.8e-92  302.9   1.5   1   1   1.4e-93     1e-91  302.7   1.5     1   292    45   332    45   332 0.98 GCF_001368915.1
NZ_AOLJ01000011.1_101  -            348 Peptidase_M42        PF05343.19   292   1.1e-91  302.6   1.1   1   1   1.7e-93   1.2e-91  302.4   1.1     1   292    45   332    45   332 0.98 GCF_000336775.1
NZ_LOEP01000032.1_79   -            348 Peptidase_M42        PF05343.19   292   1.9e-91  301.8   1.0   1   1     3e-93   2.2e-91  301.6   1.0     1   292    45   332    45   332 0.98 GCF_001482285.1
NZ_FOTC01000002.1_376 -            239 Peptidase_M48        PF01435.23   186   5.2e-20   67.8   0.0   1   1     8e-23   6.9e-20   67.3   0.0     5   184    41   219    39   221 0.81 GCF_900114455.1
NZ_BBMP01000023.1_99 -            281 Peptidase_M55        PF04951.18   264     1e-92  306.0   0.5   1   1   1.4e-95   1.2e-92  305.7   0.5     1   260     1   263     1   266 0.99 GCF_000755245.1
NZ_FOTC01000002.1_391  -            600 Peptidase_S15        PF02129.23   262   1.6e-16   56.5   0.0   1   1   3.6e-13   2.2e-11   39.6   0.1     1   134   356   494   356   508 0.80 GCF_900114455.1
NZ_SDIC01000004.1_307  -            602 Peptidase_S15        PF02129.23   262   1.5e-15   53.3   0.0   1   1   1.2e-12   7.5e-11   37.9   0.4     7   134   364   496   358   508 0.75 GCF_004116405.1
NZ_CSTE01000002.1_1313 -            608 Peptidase_S15        PF02129.23   262   1.6e-15   53.2   0.0   1   1   3.9e-12   2.4e-10   36.2   0.1     1   133   358   494   358   507 0.78 GCF_001368915.1
NZ_AOLJ01000011.1_98   -            608 Peptidase_S15        PF02129.23   262   1.7e-15   53.1   0.0   1   1   2.6e-12   1.6e-10   36.8   0.1     1   133   358   494   358   506 0.78 GCF_000336775.1
NZ_AOLG01000009.1_394  -            608 Peptidase_S15        PF02129.23   262   1.7e-15   53.1   0.0   1   1   2.5e-12   1.5e-10   36.9   0.1     1   133   358   494   358   506 0.78 GCF_000336815.1
NZ_LOPW02000001.1_85   -            608 Peptidase_S15        PF02129.23   262   1.8e-15   53.0   0.0   1   1   2.6e-12   1.6e-10   36.8   0.1     1   133   358   494   358   506 0.78 GCF_001469875.2
NZ_LOEP01000032.1_82   -            608 Peptidase_S15        PF02129.23   262   2.2e-15   52.8   0.0   1   1   2.5e-12   1.5e-10   36.9   0.1     1   133   358   494   358   506 0.78 GCF_001482285.1
NZ_LOPU01000018.1_164  -            609 Peptidase_S15        PF02129.23   262   2.4e-15   52.6   0.0   1   1   3.9e-12   2.4e-10   36.2   0.1    46   136   397   497   358   513 0.75 GCF_001469955.1
s5a1_contig_1_2084     -            600 Peptidase_S15        PF02129.23   262   2.6e-15   52.5   0.0   1   1   3.8e-12   2.3e-10   36.3   0.1     1   132   358   493   358   506 0.78 s5a-1
NZ_AOLI01000034.1_37   -            600 Peptidase_S15        PF02129.23   262   1.1e-14   50.4   0.0   1   1   1.9e-11   1.2e-09   34.0   0.1     1   132   358   493   358   506 0.78 GCF_000336955.1
NZ_AOLK01000012.1_186  -            600 Peptidase_S15        PF02129.23   262   1.9e-14   49.7   0.0   1   1   1.9e-11   1.2e-09   33.9   0.1     1   132   358   493   358   506 0.78 GCF_000336755.1
NC_017941.2_794        -            606 Peptidase_S15        PF02129.23   262   2.1e-14   49.5   0.0   1   1   4.9e-11     3e-09   32.6   0.1     1   133   358   494   358   507 0.77 GCF_000306765.2
NZ_AOLN01000018.1_545  -            600 Peptidase_S15        PF02129.23   262   4.8e-14   48.3   0.0   1   1   3.4e-11   2.1e-09   33.1   0.1     1   132   358   493   358   506 0.78 GCF_000337815.1
NZ_FOTC01000002.1_391  -            600 Peptidase_S9         PF00326.26   213   3.2e-49  163.0   0.0   1   1   8.1e-51   5.4e-49  162.2   0.0     1   209   392   599   392   600 0.98 GCF_900114455.1
NZ_LOPU01000018.1_164  -            609 Peptidase_S9         PF00326.26   213   5.5e-49  162.2   0.0   1   1   1.5e-50   9.8e-49  161.4   0.0     1   212   394   604   394   605 0.98 GCF_001469955.1
NZ_LOPW02000001.1_85   -            608 Peptidase_S9         PF00326.26   213     9e-48  158.3   0.0   1   1   1.9e-49   1.3e-47  157.8   0.0     1   211   393   601   393   603 0.96 GCF_001469875.2
NZ_LOEP01000032.1_82   -            608 Peptidase_S9         PF00326.26   213   1.2e-47  157.9   0.0   1   1   2.5e-49   1.7e-47  157.4   0.0     1   211   393   601   393   603 0.96 GCF_001482285.1
NZ_AOLG01000009.1_394  -            608 Peptidase_S9         PF00326.26   213   1.2e-47  157.9   0.0   1   1   2.5e-49   1.7e-47  157.4   0.0     1   211   393   601   393   603 0.96 GCF_000336815.1
NZ_AOLJ01000011.1_98   -            608 Peptidase_S9         PF00326.26   213   1.3e-47  157.7   0.0   1   1   2.8e-49   1.9e-47  157.2   0.0     1   211   393   601   393   603 0.96 GCF_000336775.1
NZ_SDIC01000004.1_307  -            602 Peptidase_S9         PF00326.26   213   2.8e-47  156.6   0.0   1   1   6.9e-49   4.6e-47  155.9   0.0     2   209   395   601   394   602 0.96 GCF_004116405.1
NZ_CSTE01000002.1_1313 -            608 Peptidase_S9         PF00326.26   213   8.1e-47  155.1   0.0   1   1   1.7e-48   1.1e-46  154.7   0.0     1   211   393   601   393   603 0.96 GCF_001368915.1
NZ_AOLN01000018.1_545  -            600 Peptidase_S9         PF00326.26   213   4.3e-46  152.8   0.0   1   1   9.5e-48   6.3e-46  152.2   0.0     1   208   393   598   393   600 0.96 GCF_000337815.1
NZ_AOLK01000012.1_186  -            600 Peptidase_S9         PF00326.26   213   4.6e-46  152.7   0.0   1   1     1e-47   6.8e-46  152.1   0.0     1   208   393   598   393   600 0.97 GCF_000336755.1
NC_017941.2_794        -            606 Peptidase_S9         PF00326.26   213   6.9e-46  152.1   0.0   1   1   1.6e-47   1.1e-45  151.5   0.0     1   211   393   601   393   603 0.96 GCF_000306765.2
NZ_AOLI01000034.1_37   -            600 Peptidase_S9         PF00326.26   213     7e-46  152.1   0.0   1   1   1.5e-47     1e-45  151.5   0.0     1   208   393   598   393   600 0.96 GCF_000336955.1
s5a1_contig_1_2084     -            600 Peptidase_S9         PF00326.26   213   1.8e-45  150.7   0.0   1   1     4e-47   2.7e-45  150.2   0.0     1   208   393   598   393   600 0.96 s5a-1
NZ_FOTC01000002.1_391 -            600 Peptidase_S9_N       PF02897.20   414   4.1e-14   47.8   0.2   1   1   1.7e-16   7.4e-14   47.0   0.0   116   411    45   331    40   334 0.85 GCF_900114455.1
NZ_LOPU01000018.1_164 -            609 Peptidase_S9_N       PF02897.20   414   1.6e-08   29.4   1.4   1   1     6e-10   2.6e-07   25.4   0.4   117   355    48   276    45   333 0.74 GCF_001469955.1
NZ_FOTC01000002.1_378 -            398 Peripla_BP_2         PF01497.23   235   7.2e-19   63.8   0.0   1   1   1.6e-21   1.4e-18   62.9   0.0    23   231   111   356    91   358 0.75 GCF_900114455.1
NZ_CP099993.1_974    -            287 PFO_beta_C           PF12367.13    66   1.2e-21   72.3   0.2   1   1   3.3e-24   2.9e-21   71.1   0.2     1    61   202   262   202   264 0.96 GCF_024138125.1
NZ_FNIA01000003.1_181 -            403 PGK                  PF00162.24   379  8.9e-113  372.8   0.0   1   1  1.2e-115    1e-112  372.6   0.0     1   379     6   388     6   388 0.91 GCF_900103505.1
NZ_FNIA01000003.1_166 -            459 PhaC_N               PF07167.18   173   1.1e-12   43.7   0.0   1   1   2.1e-15   1.9e-12   43.0   0.0   116   171    40    95    28    97 0.95 GCF_900103505.1
NZ_BBMP01000023.1_85 -            146 Phage_integrase      PF00589.27   172   1.6e-10   36.7   0.0   1   1   2.5e-13   2.2e-10   36.3   0.0   102   168    65   131    50   134 0.93 GCF_000755245.1
NZ_WSZK01000006.1_110 -            144 PhaG_MnhG_YufB       PF03334.19    80   8.4e-28   92.2   8.7   1   1   1.6e-30   1.4e-27   91.5   8.7     1    79    33   111    33   112 0.98 GCF_009791395.1
NZ_WSZK01000006.1_99 -            514 Phosphodiest         PF01663.27   342   8.8e-36  119.8   0.3   1   1   3.6e-38   3.1e-35  118.0   0.3     2   328     5   411     4   430 0.84 GCF_009791395.1
NZ_AQXI01000001.1_9  -            228 PHP                  PF02811.24   164   8.9e-11   38.1   0.0   1   1   1.3e-13   1.1e-10   37.8   0.0     1    64     5    67     5   126 0.91 GCF_000376445.1
NZ_AQXI01000001.1_9  -            228 PHP_C                PF13263.11    56     7e-19   62.9   0.1   1   1   9.3e-21     4e-18   60.5   0.1     2    56   141   195   140   195 0.96 GCF_000376445.1
NZ_CP099993.1_965    -            251 PHP_C                PF13263.11    56   1.5e-16   55.5   0.2   1   1   6.9e-19     3e-16   54.5   0.2     2    54   140   192   139   193 0.96 GCF_024138125.1
NZ_BBMP01000023.1_111 -            151 PIN                  PF01850.26   120   6.6e-17   58.0   1.8   1   1   8.6e-20   7.5e-17   57.8   1.8     1   118    17   143    17   145 0.95 GCF_000755245.1
NZ_AOLN01000018.1_573  -            585 PK                   PF00224.26   328  1.5e-108  358.4   3.3   1   1  1.9e-110  2.1e-108  358.0   3.3     1   327     1   317     1   318 0.97 GCF_000337815.1
NC_017941.2_767        -            585 PK                   PF00224.26   328  2.3e-108  357.8   2.5   1   1    3e-110  3.2e-108  357.4   2.5     1   327     1   317     1   318 0.97 GCF_000306765.2
NZ_AOLG01000009.1_369  -            586 PK                   PF00224.26   328  9.4e-108  355.8   4.7   1   1  1.2e-109  1.3e-107  355.4   4.7     1   328     1   318     1   318 0.97 GCF_000336815.1
NZ_AOLJ01000011.1_124  -            586 PK                   PF00224.26   328  9.4e-108  355.8   4.7   1   1  1.2e-109  1.3e-107  355.4   4.7     1   328     1   318     1   318 0.97 GCF_000336775.1
NZ_LOEP01000032.1_57   -            586 PK                   PF00224.26   328  9.5e-108  355.8   4.7   1   1  1.2e-109  1.3e-107  355.4   4.7     1   328     1   318     1   318 0.97 GCF_001482285.1
s5a1_contig_1_2057     -            586 PK                   PF00224.26   328    1e-107  355.7   3.1   1   1  1.5e-109  1.6e-107  355.0   3.1     1   328     1   318     1   318 0.97 s5a-1
NZ_CSTE01000002.1_1337 -            585 PK                   PF00224.26   328  1.4e-107  355.2   4.1   1   1  1.8e-109    2e-107  354.8   4.1     1   328     1   318     1   318 0.97 GCF_001368915.1
NZ_LOPW02000001.1_60   -            586 PK                   PF00224.26   328  3.4e-107  354.0   4.7   1   1  4.4e-109  4.7e-107  353.5   4.7     1   328     1   318     1   318 0.97 GCF_001469875.2
s5a1_contig_1_2057     -            586 PK_C                 PF02887.21   114   2.6e-35  116.7   0.5   1   1   6.1e-37   6.6e-35  115.4   0.5     1   114   352   467   352   467 0.95 s5a-1
NZ_AOLN01000018.1_573  -            585 PK_C                 PF02887.21   114   4.5e-35  116.0   1.0   1   1   1.3e-36   1.5e-34  114.3   1.0     1   114   352   467   352   467 0.95 GCF_000337815.1
NZ_LOPW02000001.1_60   -            586 PK_C                 PF02887.21   114   2.7e-34  113.4   0.7   1   1   7.6e-36   8.2e-34  111.9   0.7     1   114   352   467   352   467 0.95 GCF_001469875.2
NC_017941.2_767        -            585 PK_C                 PF02887.21   114   4.6e-34  112.7   2.4   1   1     6e-36   6.5e-34  112.2   1.3     1   114   352   467   352   467 0.95 GCF_000306765.2
NZ_AOLG01000009.1_369  -            586 PK_C                 PF02887.21   114   4.7e-34  112.6   1.7   1   1   7.6e-36   8.2e-34  111.9   0.7     1   114   352   467   352   467 0.95 GCF_000336815.1
NZ_AOLJ01000011.1_124  -            586 PK_C                 PF02887.21   114   4.7e-34  112.6   1.7   1   1   7.6e-36   8.2e-34  111.9   0.7     1   114   352   467   352   467 0.95 GCF_000336775.1
NZ_LOEP01000032.1_57   -            586 PK_C                 PF02887.21   114   4.8e-34  112.6   1.7   1   1   7.6e-36   8.2e-34  111.9   0.7     1   114   352   467   352   467 0.95 GCF_001482285.1
NZ_CSTE01000002.1_1337 -            585 PK_C                 PF02887.21   114     6e-34  112.3   1.8   1   1   7.6e-36   8.2e-34  111.9   0.7     1   114   352   467   352   467 0.95 GCF_001368915.1
NZ_WSZK01000006.1_100 -            596 PMT                  PF02366.23   245   4.3e-08   28.7   7.2   1   1   9.8e-11   4.3e-08   28.7   7.2    64   197   126   250   114   260 0.83 GCF_009791395.1
NZ_AQXI01000001.1_49  -            583 PMT_2                PF13231.11   160   8.1e-15   51.1   8.0   1   1   2.8e-17   8.1e-15   51.1   8.0     2   138    68   204    67   213 0.90 GCF_000376445.1
NZ_WSZK01000006.1_100 -            596 PMT_2                PF13231.11   160   1.4e-11   40.6   9.6   1   1   4.7e-14   1.4e-11   40.6   9.6    24   133   146   256   136   284 0.88 GCF_009791395.1
NZ_FNIA01000003.1_156 -            767 PMT_2                PF13231.11   160     2e-07   27.1  11.3   1   1   6.8e-10     2e-07   27.1  11.3     3   134    88   218    86   245 0.78 GCF_900103505.1
NZ_WSZK01000006.1_113 -            176 Polyketide_cyc       PF03364.25   126   2.8e-07   26.6   0.2   1   1   5.6e-10   4.8e-07   25.8   0.2     3   103    12   118    10   123 0.90 GCF_009791395.1
NZ_WSZK01000006.1_113 -            176 Polyketide_cyc2      PF10604.14   142   4.3e-13   45.5   0.7   1   1   6.4e-16   5.5e-13   45.1   0.7     1   111     1   122     1   159 0.73 GCF_009791395.1
NZ_WSZK01000006.1_97 -            292 Polysacc_deac_1      PF01522.26   124   1.2e-22   75.9   0.0   1   1   2.5e-25   2.1e-22   75.1   0.0    28   123    49   144    44   144 0.97 GCF_009791395.1
NZ_BBMP01000023.1_113 -            483 Polysacc_synt        PF01943.22   274   1.1e-13   47.0  23.5   1   1   1.2e-16   1.1e-13   47.0  23.5     6   271    10   279     5   281 0.82 GCF_000755245.1
NZ_BBMP01000023.1_113 -            483 Polysacc_synt_C      PF14667.11   142   4.2e-15   51.8  16.5   1   1   4.9e-18   4.2e-15   51.8  16.5     1   138   334   467   334   471 0.85 GCF_000755245.1
NZ_CP099993.1_973    -            586 POR                  PF01558.23   173   1.8e-40  134.6   0.2   1   1   3.7e-43   3.2e-40  133.8   0.2     1   171    13   175    11   177 0.95 GCF_024138125.1
NZ_CP099993.1_973    -            586 POR_N                PF01855.24   231   5.8e-60  198.6   0.4   1   1   9.7e-63   8.4e-60  198.1   0.4     2   230   210   455   209   456 0.96 GCF_024138125.1
NZ_AOLJ01000011.1_117  -            758 PPDK_N               PF01326.24   328  2.8e-115  380.8   0.0   1   1  5.2e-117  4.5e-115  380.1   0.0     2   321    15   322    14   328 0.97 GCF_000336775.1
NZ_CSTE01000002.1_1331 -            759 PPDK_N               PF01326.24   328  3.3e-115  380.5   0.0   1   1    6e-117  5.2e-115  379.9   0.0     2   317    15   318    14   327 0.97 GCF_001368915.1
NZ_AOLG01000009.1_376  -            758 PPDK_N               PF01326.24   328  4.5e-115  380.1   0.0   1   1  7.8e-117  6.8e-115  379.5   0.0     2   323    15   324    14   329 0.97 GCF_000336815.1
NZ_LOEP01000032.1_64   -            758 PPDK_N               PF01326.24   328  5.3e-115  379.8   0.0   1   1  9.3e-117  8.1e-115  379.2   0.0     2   322    15   323    14   329 0.96 GCF_001482285.1
NZ_LOPW02000001.1_67   -            758 PPDK_N               PF01326.24   328  9.7e-115  379.0   0.0   1   1  1.8e-116  1.6e-114  378.3   0.0     2   317    15   318    14   327 0.97 GCF_001469875.2
NZ_AOLK01000012.1_165  -            755 PPDK_N               PF01326.24   328  1.2e-114  378.7   0.0   1   1  2.1e-116  1.8e-114  378.1   0.0     2   321    15   322    14   328 0.96 GCF_000336755.1
NZ_AOLN01000018.1_563  -            756 PPDK_N               PF01326.24   328    2e-114  377.9   0.0   1   1  3.6e-116  3.1e-114  377.3   0.0     2   324    15   325    14   329 0.97 GCF_000337815.1
s5a1_contig_1_2066     -            755 PPDK_N               PF01326.24   328    3e-114  377.4   0.0   1   1  5.6e-116  4.9e-114  376.7   0.0     2   316    15   317    14   328 0.96 s5a-1
NZ_AOLI01000034.1_18   -            755 PPDK_N               PF01326.24   328  7.1e-114  376.1   0.0   1   1  1.3e-115  1.1e-113  375.5   0.0     2   316    15   317    14   328 0.96 GCF_000336955.1
NC_017941.2_776        -            755 PPDK_N               PF01326.24   328  4.3e-113  373.6   0.0   1   1  7.6e-115  6.6e-113  373.0   0.0     2   318    15   319    14   329 0.96 GCF_000306765.2
NZ_JALLPK010000001.1_2676 -            397 PQQ_2                PF13360.11   233   4.3e-33  110.6   6.3   1   2   1.8e-15   1.6e-12   43.3   0.5    30   147    86   199    39   202 0.82 GCF_023276375.1
NZ_JALLPK010000001.1_2676 -            397 PQQ_2                PF13360.11   233   4.3e-33  110.6   6.3   2   2   4.3e-26   3.7e-23   78.1   0.8     8   206   185   372   180   395 0.73 GCF_023276375.1
NZ_JALLPK010000001.1_2676 -            397 PQQ_3                PF13570.11    40   1.7e-24   81.1  18.4   1   2   4.2e-09   3.6e-06   23.0   0.2     1    40   190   232   190   232 0.96 GCF_023276375.1
NZ_JALLPK010000001.1_2676 -            397 PQQ_3                PF13570.11    40   1.7e-24   81.1  18.4   2   2   8.9e-08   7.7e-05   18.8   0.0     1    40   271   315   271   315 0.90 GCF_023276375.1
NZ_WSZK01000006.1_102 -            187 Pribosyltran         PF00156.32   158   1.7e-15   52.4   1.7   1   1   2.8e-18   2.4e-15   51.9   1.7    17   141    40   168    33   184 0.84 GCF_009791395.1
NZ_CP099993.1_942    -            240 PrmA                 PF06325.18   296   4.8e-07   25.2   0.1   1   1   6.5e-10   5.6e-07   25.0   0.1   159   230    82   155    74   209 0.82 GCF_024138125.1
NZ_WSZK01000006.1_104 -            815 Proton_antipo_M      PF00361.25   294     4e-65  215.6  15.6   1   1   9.2e-68     4e-65  215.6  15.6     1   285   126   431   126   446 0.88 GCF_009791395.1
NZ_WSZK01000006.1_107 -            527 Proton_antipo_M      PF00361.25   294   2.3e-52  173.7  20.7   1   1   3.4e-53   1.5e-50  167.8  20.7     3   294   130   451   128   451 0.84 GCF_009791395.1
NZ_WSZK01000006.1_104 -            815 Proton_antipo_N      PF00662.25    51   2.2e-11   39.2   0.0   1   1   2.5e-14   2.2e-11   39.2   0.0     2    51    63   110    62   110 0.93 GCF_009791395.1
NZ_CP099993.1_940    -            178 PUA                  PF01472.25    74   8.1e-21   69.5   1.3   1   1   9.3e-24   8.1e-21   69.5   1.3     1    72   101   172   101   174 0.98 GCF_024138125.1
NZ_AQXI01000001.1_50 -            388 PurK_C               PF17769.6     56   1.4e-17   58.9   0.0   1   1   3.2e-20   2.8e-17   57.9   0.0     4    52   311   365   309   369 0.85 GCF_000376445.1
NC_017941.2_774        -            357 Pyridoxal_deC        PF00282.24   375   2.7e-32  107.6   0.0   1   1   9.6e-34   8.3e-32  106.0   0.0    74   370    42   300    32   304 0.82 GCF_000306765.2
NZ_CSTE01000002.1_1332 -            357 Pyridoxal_deC        PF00282.24   375   3.1e-31  104.1   0.0   1   1     1e-32   9.1e-31  102.6   0.0    74   356    42   288    33   303 0.80 GCF_001368915.1
NZ_LOPW02000001.1_66   -            357 Pyridoxal_deC        PF00282.24   375   4.3e-31  103.6   0.0   1   1   1.4e-32   1.2e-30  102.1   0.0    74   355    42   287    33   303 0.80 GCF_001469875.2
NZ_AOLJ01000011.1_118  -            357 Pyridoxal_deC        PF00282.24   375   6.3e-31  103.1   0.0   1   1   2.1e-32   1.8e-30  101.6   0.0    74   354    42   286    33   301 0.80 GCF_000336775.1
NZ_LOEP01000032.1_63   -            357 Pyridoxal_deC        PF00282.24   375   1.4e-30  102.0   0.0   1   1   4.6e-32     4e-30  100.5   0.0    74   354    42   286    33   301 0.80 GCF_001482285.1
NZ_AOLN01000018.1_565  -            357 Pyridoxal_deC        PF00282.24   375   1.5e-30  101.9   0.0   1   1   4.9e-32   4.2e-30  100.4   0.0    74   300    42   239    32   301 0.81 GCF_000337815.1
NZ_AOLK01000012.1_163  -            357 Pyridoxal_deC        PF00282.24   375   2.1e-30  101.3   0.0   1   1   5.1e-32   4.4e-30  100.3   0.0   143   300    90   239    40   304 0.78 GCF_000336755.1
NZ_AOLG01000009.1_375  -            357 Pyridoxal_deC        PF00282.24   375   2.5e-30  101.1   0.0   1   1   8.2e-32   7.1e-30   99.6   0.0    74   354    42   286    33   301 0.80 GCF_000336815.1
s5a1_contig_1_2064     -            357 Pyridoxal_deC        PF00282.24   375   2.7e-30  101.0   0.0   1   1   6.6e-32   5.7e-30   99.9   0.0   143   300    90   239    40   304 0.77 s5a-1
NZ_AOLI01000034.1_16   -            357 Pyridoxal_deC        PF00282.24   375   1.8e-29   98.3   0.0   1   1   4.2e-31   3.7e-29   97.3   0.0   143   300    90   239    40   304 0.79 GCF_000336955.1
s5a1_contig_1_2070        -            426 Pyr_redox            PF00070.32    82   2.5e-12   42.9   1.5   1   1   4.3e-10   2.3e-08   30.2   0.7     1    35     5    39     5    54 0.94 s5a-1
NZ_AOLK01000012.1_171     -            426 Pyr_redox            PF00070.32    82   1.2e-11   40.8   0.9   1   1   7.7e-09   4.2e-07   26.2   0.7     1    35     5    39     5    51 0.94 GCF_000336755.1
NZ_AOLG01000009.1_381     -            426 Pyr_redox            PF00070.32    82   2.9e-11   39.5   3.0   1   1   8.7e-09   4.7e-07   26.0   1.6     1    35     5    39     5    47 0.94 GCF_000336815.1
NZ_AOLJ01000011.1_111     -            425 Pyr_redox            PF00070.32    82   4.9e-11   38.8   1.6   1   1     2e-08   1.1e-06   24.9   0.7     1    35     5    39     5    49 0.94 GCF_000336775.1
NZ_AOLI01000034.1_24      -            426 Pyr_redox            PF00070.32    82   9.1e-11   37.9   0.7   1   1   2.5e-09   1.4e-07   27.7   0.5     1    35     5    39     5    54 0.94 GCF_000336955.1
NZ_AOLN01000018.1_559     -            426 Pyr_redox            PF00070.32    82   1.1e-10   37.6   3.1   1   1   6.7e-08   3.6e-06   23.2   1.3     1    35     5    39     5    45 0.94 GCF_000337815.1
NZ_LOPW02000001.1_72      -            425 Pyr_redox            PF00070.32    82   1.2e-10   37.5   1.5   1   1     2e-08   1.1e-06   24.9   0.7     1    35     5    39     5    49 0.94 GCF_001469875.2
NZ_CSTE01000002.1_1326    -            425 Pyr_redox            PF00070.32    82     3e-10   36.3   1.4   1   1   3.4e-08   1.9e-06   24.1   0.9     1    35     5    39     5    48 0.93 GCF_001368915.1
NZ_LOEP01000032.1_69      -            425 Pyr_redox            PF00070.32    82   4.5e-10   35.7   1.5   1   1     2e-08   1.1e-06   24.9   0.7     1    35     5    39     5    49 0.94 GCF_001482285.1
NC_017941.2_780           -            426 Pyr_redox            PF00070.32    82     1e-09   34.6   1.6   1   1   4.2e-08   2.3e-06   23.8   0.8     1    35     5    39     5    50 0.94 GCF_000306765.2
NZ_JALLPK010000001.1_2708 -            341 Pyr_redox_2          PF07992.19   291   4.6e-32  107.3   0.1   1   1   1.2e-33   5.7e-32  107.0   0.1     1   291     6   285     6   285 0.84 GCF_023276375.1
s5a1_contig_1_2070        -            426 Pyr_redox_2          PF07992.19   291   1.2e-12   43.6   1.7   1   1   1.5e-09   7.2e-08   27.9   0.3     2   177     5    38     2    53 0.60 s5a-1
NZ_JALLPK010000001.1_2708 -            341 Pyr_redox_3          PF13738.11   305   6.1e-17   57.5   0.0   1   1   4.4e-13   4.8e-11   38.1   0.0   104   305    82   269    77   269 0.76 GCF_023276375.1
NC_017941.2_775       -            247 Rce1-like            PF02517.21    93   5.3e-23   76.9   6.3   1   1   3.7e-25   5.3e-23   76.9   6.3     3    92   141   237   139   238 0.91 GCF_000306765.2
NZ_AOLN01000018.1_564 -            247 Rce1-like            PF02517.21    93   4.7e-22   73.9   6.2   1   1   3.3e-24   4.7e-22   73.9   6.2     4    92   142   237   139   238 0.91 GCF_000337815.1
NZ_AOLI01000034.1_17  -            245 Rce1-like            PF02517.21    93   9.6e-22   72.9   6.5   1   1   6.6e-24   9.6e-22   72.9   6.5     3    92   139   235   137   236 0.90 GCF_000336955.1
s5a1_contig_1_2065    -            245 Rce1-like            PF02517.21    93   9.6e-22   72.9   6.5   1   1   6.6e-24   9.6e-22   72.9   6.5     3    92   139   235   137   236 0.90 s5a-1
NZ_AOLK01000012.1_164 -            245 Rce1-like            PF02517.21    93   1.9e-21   71.9   6.9   1   1   1.3e-23   1.9e-21   71.9   6.9     4    92   140   235   137   236 0.90 GCF_000336755.1
NZ_AOLJ01000011.1_112 -            295 Rce1-like            PF02517.21    93   8.9e-16   53.7   4.3   1   1   6.2e-18   8.9e-16   53.7   4.3     3    92   119   221   117   222 0.92 GCF_000336775.1
NZ_AOLN01000018.1_544 -            149 RDD                  PF06271.17   137   5.3e-27   90.5   4.7   1   1     3e-29   6.6e-27   90.2   4.7     4   137    16   141    14   141 0.84 GCF_000337815.1
NZ_AOLK01000012.1_187 -            142 RDD                  PF06271.17   137   1.2e-22   76.4   3.7   1   1   6.4e-25   1.4e-22   76.2   3.7     2   137    14   135    13   135 0.92 GCF_000336755.1
s5a1_contig_1_2085    -            142 RDD                  PF06271.17   137     3e-22   75.1   4.7   1   1   1.6e-24   3.5e-22   74.9   4.7     2   136    14   134    13   135 0.95 s5a-1
NZ_AOLI01000034.1_38  -            142 RDD                  PF06271.17   137   1.3e-21   73.0   4.5   1   1   6.9e-24   1.5e-21   72.8   4.5     2   136    14   134    13   135 0.94 GCF_000336955.1
NZ_WSZK01000006.1_130 -            191 Redoxin              PF08534.15   148   5.5e-10   34.9   0.0   1   1   9.6e-13   8.3e-10   34.3   0.0     4   117    14   122    12   131 0.81 GCF_009791395.1
NZ_FNIA01000003.1_160 -            407 RGP                  PF03214.18   342     5e-16   54.5   0.0   1   1   8.2e-19   7.1e-16   54.0   0.0    88   293   105   326    61   340 0.74 GCF_900103505.1
NZ_FOTC01000002.1_363     -             93 Ribosomal_L44        PF00935.24    76   1.1e-27   92.0   5.5   1   1   1.2e-29   1.5e-27   91.6   5.5     2    76    17    92    16    92 0.98 GCF_900114455.1
NZ_CP099993.1_956         -             91 Ribosomal_L44        PF00935.24    76   3.5e-27   90.4   2.2   1   1   3.8e-29   4.7e-27   89.9   2.2     2    75    15    89    14    90 0.98 GCF_024138125.1
NZ_WSZK01000006.1_117     -             94 Ribosomal_L44        PF00935.24    76   5.3e-26   86.6   1.4   1   1   5.4e-28   6.7e-26   86.2   1.4     2    76    17    93    16    93 0.96 GCF_009791395.1
NZ_JALLPK010000001.1_2687 -             94 Ribosomal_L44        PF00935.24    76   5.6e-26   86.5   5.8   1   1   6.1e-28   7.5e-26   86.1   5.8     2    76    17    93    16    93 0.95 GCF_023276375.1
NZ_SDIC01000004.1_284     -             94 Ribosomal_L44        PF00935.24    76   9.7e-25   82.5   7.6   1   1     1e-26   1.2e-24   82.2   7.6     2    76    17    93    16    93 0.89 GCF_004116405.1
NZ_LOPU01000018.1_136     -             94 Ribosomal_L44        PF00935.24    76   1.1e-23   79.1   7.2   1   1   1.1e-25   1.4e-23   78.8   7.2     2    76    17    93    16    93 0.92 GCF_001469955.1
NZ_AQXI01000001.1_34      -             61 Ribosomal_L44        PF00935.24    76   3.4e-20   67.9   0.5   1   1     3e-22   3.7e-20   67.8   0.5    18    76     1    60     1    60 0.98 GCF_000376445.1
NZ_CP099993.1_955         -             57 Ribosomal_S27e       PF01667.22    55   4.8e-23   76.4   0.4   1   1   4.1e-25   5.1e-23   76.3   0.4     2    54     2    54     1    55 0.95 GCF_024138125.1
NZ_WSZK01000006.1_118     -             57 Ribosomal_S27e       PF01667.22    55     2e-22   74.4   0.4   1   1   1.7e-24   2.1e-22   74.3   0.4     2    54     2    54     1    55 0.95 GCF_009791395.1
NZ_AQXI01000001.1_35      -             57 Ribosomal_S27e       PF01667.22    55   2.2e-22   74.3   0.6   1   1   1.9e-24   2.3e-22   74.2   0.6     2    53     2    53     1    55 0.94 GCF_000376445.1
NZ_FOTC01000002.1_364     -             57 Ribosomal_S27e       PF01667.22    55   3.6e-22   73.6   1.6   1   1   3.1e-24   3.8e-22   73.5   1.6     2    54     2    54     1    55 0.93 GCF_900114455.1
NZ_SDIC01000004.1_285     -             57 Ribosomal_S27e       PF01667.22    55   5.4e-22   73.1   1.0   1   1   4.6e-24   5.7e-22   73.0   1.0     2    54     2    54     1    55 0.93 GCF_004116405.1
NZ_LOPU01000018.1_137     -             57 Ribosomal_S27e       PF01667.22    55   2.6e-21   70.9   0.5   1   1   2.2e-23   2.8e-21   70.8   0.5     2    54     2    54     1    55 0.93 GCF_001469955.1
NZ_JALLPK010000001.1_2686 -             61 Ribosomal_S27e       PF01667.22    55   2.6e-21   70.8   0.4   1   1   2.4e-23   2.9e-21   70.7   0.4     2    54     2    54     1    55 0.95 GCF_023276375.1
NZ_SDIC01000004.1_277 -            139 Rieske               PF00355.31    88   8.7e-11   37.4   0.0   1   1   4.1e-13   1.2e-10   37.0   0.0     7    83     9    94     5   111 0.76 GCF_004116405.1
NZ_LOPU01000018.1_128 -            139 Rieske               PF00355.31    88   5.6e-10   34.8   0.0   1   1   2.4e-12     7e-10   34.5   0.0    26    82    32    93     6   109 0.76 GCF_001469955.1
NZ_FOTC01000002.1_357 -            139 Rieske               PF00355.31    88   8.7e-09   31.0   0.1   1   1     4e-11   1.1e-08   30.6   0.1     9    82    11    94     5   110 0.75 GCF_900114455.1
NZ_FNIA01000003.1_177 -            245 RNase_H_2            PF13482.11   165   8.1e-45  148.4   0.0   1   1   1.3e-47   1.1e-44  148.0   0.0     1   163    85   233    85   235 0.93 GCF_900103505.1
NZ_AQXI01000001.1_15 -             93 RNA_pol_L            PF01193.29    74   1.7e-10   36.2   0.0   1   1   2.9e-13   2.5e-10   35.7   0.0     3    73    16    82    14    83 0.82 GCF_000376445.1
NZ_AQXI01000001.1_15 -             93 RNA_pol_L_2          PF13656.11    75   7.1e-18   59.9   0.0   1   1   9.9e-21   8.6e-18   59.6   0.0     2    74    13    88    12    89 0.94 GCF_000376445.1
NZ_CP099993.1_944    -            104 RNA_POL_M_15KD       PF02150.21    36   4.3e-07   25.5   1.6   1   1     5e-10   4.3e-07   25.5   1.6     1    34     1    30     1    31 0.94 GCF_024138125.1
NZ_AQXI01000001.1_50 -            388 RS_preATP-grasp-like PF22660.1     98   7.8e-29   95.7   0.0   1   1   1.9e-31   1.6e-28   94.7   0.0     3    98     8   105     7   105 0.98 GCF_000376445.1
NZ_SDIC01000004.1_286     -            266 S1                   PF00575.28    74   1.4e-14   49.9   2.5   1   1   1.9e-16   2.7e-14   49.1   2.5     3    74     8    81     7    81 0.98 GCF_004116405.1
NZ_CP099993.1_954         -            266 S1                   PF00575.28    74   2.3e-14   49.3   1.7   1   1   1.6e-16   2.3e-14   49.3   1.7     2    74     7    81     7    81 0.98 GCF_024138125.1
NZ_FOTC01000002.1_365     -            266 S1                   PF00575.28    74   3.8e-14   48.6   2.1   1   1   6.1e-16   8.8e-14   47.4   2.1     3    74     8    81     7    81 0.98 GCF_900114455.1
NZ_AQXI01000001.1_36      -            266 S1                   PF00575.28    74   7.7e-14   47.6   2.6   1   1   1.2e-15   1.7e-13   46.5   2.6     3    74     8    81     7    81 0.97 GCF_000376445.1
NZ_LOPU01000018.1_138     -            266 S1                   PF00575.28    74   1.1e-13   47.1   1.3   1   1   7.8e-16   1.1e-13   47.1   1.3     4    74     9    81     7    81 0.97 GCF_001469955.1
NZ_JALLPK010000001.1_2685 -            266 S1                   PF00575.28    74   1.3e-13   46.9   2.7   1   1   1.1e-15   1.5e-13   46.6   0.7     4    74     9    81     7    81 0.97 GCF_023276375.1
NZ_FOTC01000002.1_351 -            276 Sacchrp_dh_NADP      PF03435.23   129   1.4e-08   30.8   1.1   1   1   2.5e-10   1.1e-07   28.0   1.5     2    76   123   195   122   241 0.86 GCF_900114455.1
NZ_FNIA01000003.1_159 -            381 SBP_bac_11           PF13531.11   227   8.6e-09   31.2   0.9   1   1   1.6e-11   1.4e-08   30.5   0.9    17   222    91   330    76   335 0.78 GCF_900103505.1
NZ_BBMP01000023.1_103 -            619 SBP_bac_5            PF00496.27   368   3.7e-74  245.7   9.9   1   1   4.2e-77   3.7e-74  245.7   9.9     2   363   108   514   107   519 0.91 GCF_000755245.1
NZ_FNIA01000003.1_159 -            381 SBP_bac_6            PF13343.11   245   1.5e-08   30.1   0.0   1   1   2.6e-11   2.2e-08   29.5   0.0     4   220   126   343   122   362 0.85 GCF_900103505.1
NZ_FNIA01000003.1_159 -            381 SBP_bac_8            PF13416.11   279   1.9e-12   43.2   2.7   1   1   6.5e-15   5.7e-12   41.7   2.7     8   267    96   344    92   355 0.82 GCF_900103505.1
NZ_WSZK01000006.1_121 -            407 SCP2_2               PF13530.11   105   4.6e-26   87.2   0.1   1   1   1.1e-28   9.5e-26   86.2   0.1     1   102   298   401   298   404 0.92 GCF_009791395.1
NZ_SDIC01000004.1_310 -            437 SDF                  PF00375.23   387  1.3e-109  362.4  32.9   1   1  1.7e-112  1.5e-109  362.2  32.9     1   387    17   410    17   410 0.98 GCF_004116405.1
NZ_FOTC01000002.1_351 -            276 SDH_C                PF18317.6     31   9.6e-15   49.8   0.1   1   1   6.9e-17     2e-14   48.8   0.1     1    31   243   273   243   273 0.96 GCF_900114455.1
NZ_SDIC01000004.1_271 -            296 SDH_C                PF18317.6     31   1.9e-14   48.8   0.8   1   1   1.3e-16   3.8e-14   47.9   0.8     1    31   263   293   263   293 0.96 GCF_004116405.1
NZ_LOPU01000018.1_122 -            273 SDH_C                PF18317.6     31   7.2e-14   47.0   0.4   1   1   4.9e-16   1.4e-13   46.1   0.4     1    31   240   270   240   270 0.96 GCF_001469955.1
NZ_BBMP01000023.1_104 -            341 SH3_16               PF18348.6     49   3.7e-11   38.4   2.6   1   1   2.2e-13   1.9e-10   36.1   2.0     1    49    86   140    86   140 0.92 GCF_000755245.1
NZ_BBMP01000023.1_104 -            341 SH3_3                PF08239.16    54   2.1e-11   39.6   0.6   1   1   1.5e-13   1.3e-10   37.1   0.2     2    50    83   137    82   141 0.88 GCF_000755245.1
NZ_LOPU01000018.1_122 -            273 Shikimate_DH         PF01488.25   138   1.5e-11   40.2   0.0   1   1   8.6e-14   2.5e-11   39.5   0.0     7    84   113   193   107   198 0.86 GCF_001469955.1
NZ_FOTC01000002.1_351 -            276 Shikimate_DH         PF01488.25   138   2.9e-10   36.1   0.1   1   1   1.7e-12   4.8e-10   35.4   0.1     9    84   116   196   107   202 0.83 GCF_900114455.1
NZ_SDIC01000004.1_271 -            296 Shikimate_DH         PF01488.25   138   1.4e-07   27.4   0.0   1   1   9.4e-10   2.7e-07   26.5   0.0    10    84   145   216   137   219 0.90 GCF_004116405.1
NZ_LOPU01000018.1_122 -            273 Shikimate_dh_N       PF08501.16    83   1.9e-29   97.5   0.0   1   1   1.4e-31   3.9e-29   96.5   0.0     1    83     6    87     6    87 0.99 GCF_001469955.1
NZ_FOTC01000002.1_351 -            276 Shikimate_dh_N       PF08501.16    83   2.3e-29   97.2   0.0   1   1   1.9e-31   5.4e-29   96.0   0.0     1    83     6    87     6    87 0.99 GCF_900114455.1
NZ_SDIC01000004.1_271 -            296 Shikimate_dh_N       PF08501.16    83   4.5e-29   96.3   0.0   1   1   3.2e-31   9.3e-29   95.3   0.0     1    83     6    87     6    87 0.99 GCF_004116405.1
NZ_BBMP01000023.1_108 -            738 SNase                PF00565.22   107     6e-16   54.6   0.0   1   1   1.5e-18   1.3e-15   53.5   0.0     1   106   493   615   493   616 0.92 GCF_000755245.1
NZ_JALLPK010000001.1_2709 -            199 Sod_Fe_C             PF02777.23   102     1e-30  101.5   0.0   1   1   1.8e-33   1.5e-30  101.0   0.0     1   101    90   189    90   190 0.96 GCF_023276375.1
NZ_JALLPK010000001.1_2709 -            199 Sod_Fe_N             PF00081.27    82   1.4e-32  107.7   0.5   1   1   2.9e-35   2.5e-32  106.9   0.5     1    82     2    83     2    83 0.98 GCF_023276375.1
NZ_LOEP01000032.1_84   -            355 SRP54                PF00448.27   196   3.7e-08   28.9   0.5   1   1   1.4e-09   1.2e-07   27.2   0.5     3   113    51   171    49   182 0.79 GCF_001482285.1
NZ_LOPW02000001.1_87   -            370 SRP54                PF00448.27   196     4e-08   28.8   0.5   1   1   1.5e-09   1.3e-07   27.2   0.5     3   113    51   171    49   182 0.79 GCF_001469875.2
NZ_AOLG01000009.1_396  -            371 SRP54                PF00448.27   196   4.2e-08   28.7   0.5   1   1   1.6e-09   1.4e-07   27.1   0.5     3   113    51   171    49   182 0.79 GCF_000336815.1
NC_017941.2_796        -            383 SRP54                PF00448.27   196   4.5e-08   28.7   0.6   1   1   1.7e-09   1.5e-07   27.0   0.6     3   113    51   171    49   181 0.79 GCF_000306765.2
s5a1_contig_1_2087     -            362 SRP54                PF00448.27   196   1.4e-07   27.0   0.5   1   1   5.5e-09   4.7e-07   25.3   0.5     3   113    51   171    49   182 0.79 s5a-1
NZ_CSTE01000002.1_1311 -            372 SRP54                PF00448.27   196   1.7e-07   26.8   0.6   1   1   6.3e-09   5.5e-07   25.1   0.6     3   113    51   171    49   182 0.79 GCF_001368915.1
NZ_AOLJ01000011.1_96   -            371 SRP54                PF00448.27   196   1.7e-07   26.8   0.6   1   1   6.3e-09   5.4e-07   25.1   0.6     3   113    51   171    49   182 0.79 GCF_000336775.1
NZ_AOLK01000012.1_189  -            364 SRP54                PF00448.27   196   2.7e-07   26.1   0.4   1   1     1e-08   8.9e-07   24.4   0.4     3   113    51   171    49   182 0.79 GCF_000336755.1
NZ_AOLI01000034.1_40   -            362 SRP54                PF00448.27   196   2.9e-07   26.0   0.4   1   1     1e-08   8.8e-07   24.4   0.4     3   113    51   171    49   182 0.79 GCF_000336955.1
NZ_AOLN01000018.1_542  -            383 SRP54                PF00448.27   196     6e-07   25.0   0.5   1   1   2.3e-08     2e-06   23.3   0.5     3   113    51   171    49   182 0.79 GCF_000337815.1
NZ_JALLPK010000001.1_2698 -            479 SSF                  PF00474.22   406     4e-39  130.3  30.0   1   1   7.2e-42   6.2e-39  129.7  30.0     1   406    34   427    34   427 0.89 GCF_023276375.1
NZ_JALLPK010000001.1_2672 -            476 SUFBD                PF01458.22   218   2.6e-79  261.6   0.5   1   1     8e-82   3.5e-79  261.2   0.5     2   218   222   447   221   447 0.96 GCF_023276375.1
NZ_JALLPK010000001.1_2673 -            411 SUFBD                PF01458.22   218   2.1e-63  209.6   1.9   1   1   6.1e-66   2.6e-63  209.3   1.9     3   218   151   382   149   382 0.96 GCF_023276375.1
NZ_JALLPK010000001.1_2672 -            476 SufBD_N              PF19295.4    172     4e-12   41.8   0.1   1   1   9.1e-14   3.9e-11   38.6   0.0   100   171   139   210   125   211 0.87 GCF_023276375.1
NZ_JALLPK010000001.1_2673 -            411 SufBD_N              PF19295.4    172   3.3e-10   35.6   0.4   1   1   3.5e-12   1.5e-09   33.4   0.0   104   167    74   137    55   141 0.90 GCF_023276375.1
NZ_BBMP01000023.1_91 -            454 Sulfatase            PF00884.28   301   2.1e-25   85.3   0.0   1   1   3.2e-28   2.8e-25   84.9   0.0    35   301    24   332     2   332 0.89 GCF_000755245.1
NZ_WSZK01000006.1_134 -            772 T2SSE                PF00437.25   269   2.6e-36  120.8   0.0   1   1   6.1e-39   5.3e-36  119.8   0.0    10   245   314   553   307   575 0.84 GCF_009791395.1
NZ_WSZK01000006.1_135 -            678 T2SSF                PF00482.28   125   2.7e-31  103.8  11.1   1   2   3.2e-17   2.8e-14   48.9   0.5     4   124   156   282   153   283 0.96 GCF_009791395.1
NZ_WSZK01000006.1_135 -            678 T2SSF                PF00482.28   125   2.7e-31  103.8  11.1   2   2   1.2e-20     1e-17   60.0   0.9     2   123   460   584   460   584 0.97 GCF_009791395.1
NZ_JALLPK010000001.1_2696 -            358 TFIIB                PF00382.24    92   9.5e-43  139.9   0.2   1   2   1.1e-23   9.8e-21   69.4   0.1     2    90   164   252   163   254 0.95 GCF_023276375.1
NZ_JALLPK010000001.1_2696 -            358 TFIIB                PF00382.24    92   9.5e-43  139.9   0.2   2   2   1.8e-23   1.6e-20   68.7   0.0     6    91   262   347   258   348 0.97 GCF_023276375.1
NZ_CP099993.1_944    -            104 TFIIS_C              PF01096.23    39     1e-18   62.6   5.3   1   1   1.2e-21     1e-18   62.6   5.3     2    39    63   100    62   100 0.98 GCF_024138125.1
NZ_JALLPK010000001.1_2696 -            358 TF_Zn_Ribbon         PF08271.17    43   2.5e-18   61.1   3.5   1   1   2.8e-21   2.5e-18   61.1   3.5     1    43    58    99    58    99 0.98 GCF_023276375.1
NZ_CP099993.1_940    -            178 TGT_C2               PF14810.11    72   6.5e-25   82.9   0.1   1   1   1.8e-27   1.5e-24   81.8   0.0     3    72    30    99    28    99 0.96 GCF_024138125.1
NZ_CP099993.1_933    -            277 THDPS_N_2            PF14805.11    67   7.3e-22   73.1   0.1   1   1   1.2e-24   1.1e-21   72.5   0.1     1    67     2    70     2    70 0.93 GCF_024138125.1
NZ_CP099993.1_936    -            302 ThiG                 PF05690.19   247   3.7e-07   25.4   0.1   1   1   1.4e-09   5.9e-07   24.8   0.1   136   217    33   120    25   139 0.77 GCF_024138125.1
NZ_WSZK01000006.1_101 -            233 ThiJ_like            PF17124.10   186   6.2e-09   31.6   0.0   1   1   1.3e-11   1.1e-08   30.8   0.0     2    96     9    98     8   118 0.81 GCF_009791395.1
NZ_AOLK01000012.1_193  -            388 Thiolase_C           PF02803.23   123   3.1e-11   38.7   0.2   1   1     9e-13     6e-11   37.8   0.2    24   102   260   356   242   382 0.86 GCF_000336755.1
NC_017941.2_799        -            388 Thiolase_C           PF02803.23   123   5.6e-11   37.9   0.3   1   1   1.7e-12   1.1e-10   36.9   0.3    18   104   252   358   240   382 0.84 GCF_000306765.2
NZ_AOLN01000018.1_538  -            388 Thiolase_C           PF02803.23   123   5.7e-11   37.9   0.2   1   1   1.8e-12   1.2e-10   36.9   0.2    18   103   252   357   241   382 0.84 GCF_000337815.1
s5a1_contig_1_2091     -            388 Thiolase_C           PF02803.23   123   9.6e-11   37.1   0.2   1   1   2.8e-12   1.9e-10   36.2   0.2    24   102   260   356   242   382 0.86 s5a-1
NZ_AOLI01000034.1_44   -            388 Thiolase_C           PF02803.23   123   9.7e-11   37.1   0.2   1   1   2.8e-12   1.9e-10   36.2   0.2    24   102   260   356   242   382 0.86 GCF_000336955.1
NZ_AQXI01000001.1_30   -            388 Thiolase_C           PF02803.23   123   1.6e-10   36.4   0.1   1   1   5.3e-12   3.5e-10   35.3   0.1    25   100   261   354   244   381 0.87 GCF_000376445.1
NZ_SDIC01000004.1_313  -            388 Thiolase_C           PF02803.23   123   4.5e-10   35.0   0.2   1   1   2.2e-11   1.5e-09   33.3   0.2    17   101   251   355   243   383 0.84 GCF_004116405.1
NZ_CSTE01000002.1_1307 -            388 Thiolase_C           PF02803.23   123   4.7e-10   34.9   0.3   1   1   1.5e-11   9.8e-10   33.9   0.3    25   103   261   357   243   382 0.85 GCF_001368915.1
NZ_LOEP01000032.1_88   -            388 Thiolase_C           PF02803.23   123   4.8e-10   34.9   0.3   1   1   1.5e-11     1e-09   33.9   0.3    25   103   261   357   242   382 0.85 GCF_001482285.1
NZ_AOLJ01000011.1_92   -            388 Thiolase_C           PF02803.23   123     9e-10   34.0   0.2   1   1   2.8e-11   1.9e-09   33.0   0.2    25   103   261   357   243   382 0.85 GCF_000336775.1
NZ_LOPW02000001.1_91   -            388 Thiolase_C           PF02803.23   123   9.6e-10   33.9   0.2   1   1     3e-11     2e-09   32.9   0.2    25   103   261   357   243   382 0.85 GCF_001469875.2
NZ_AOLG01000009.1_400  -            388 Thiolase_C           PF02803.23   123   2.4e-09   32.6   0.2   1   1   7.4e-11   4.9e-09   31.6   0.2    25   103   261   357   243   382 0.85 GCF_000336815.1
NZ_FNIA01000003.1_170  -            384 Thiolase_C           PF02803.23   123   6.8e-09   31.1   0.4   1   1   2.4e-10   1.6e-08   29.9   0.2    17   120   252   376   238   379 0.83 GCF_900103505.1
NZ_FNIA01000003.1_170  -            384 Thiolase_C_1         PF22691.1    144   6.3e-49  161.1   2.9   1   1   7.9e-48   5.3e-46  151.7   1.2     2   143   239   381   238   382 0.97 GCF_900103505.1
NZ_AOLJ01000011.1_92   -            388 Thiolase_C_1         PF22691.1    144   4.9e-43  142.0   5.0   1   1   1.1e-44   7.3e-43  141.5   2.9     1   143   240   385   240   386 0.97 GCF_000336775.1
NZ_AOLK01000012.1_193  -            388 Thiolase_C_1         PF22691.1    144   5.5e-43  141.9   2.3   1   1   8.2e-45   5.5e-43  141.9   2.3     1   143   240   385   240   386 0.95 GCF_000336755.1
NZ_AOLI01000034.1_44   -            388 Thiolase_C_1         PF22691.1    144   6.6e-43  141.6   2.6   1   1   9.8e-45   6.6e-43  141.6   2.6     1   143   240   385   240   386 0.95 GCF_000336955.1
s5a1_contig_1_2091     -            388 Thiolase_C_1         PF22691.1    144   6.6e-43  141.6   2.6   1   1   9.8e-45   6.6e-43  141.6   2.6     1   143   240   385   240   386 0.95 s5a-1
NZ_LOPW02000001.1_91   -            388 Thiolase_C_1         PF22691.1    144   6.7e-43  141.6   2.6   1   1     1e-44   6.7e-43  141.6   2.6     1   143   240   385   240   386 0.97 GCF_001469875.2
NC_017941.2_799        -            388 Thiolase_C_1         PF22691.1    144   7.6e-43  141.4   4.2   1   1   4.1e-44   2.7e-42  139.6   2.9     1   143   240   385   240   386 0.96 GCF_000306765.2
NZ_LOEP01000032.1_88   -            388 Thiolase_C_1         PF22691.1    144   8.9e-43  141.2   3.0   1   1   1.3e-44   8.9e-43  141.2   3.0     1   143   240   385   240   386 0.97 GCF_001482285.1
NZ_CSTE01000002.1_1307 -            388 Thiolase_C_1         PF22691.1    144   9.8e-43  141.1   3.2   1   1   1.5e-44   9.8e-43  141.1   3.2     1   143   240   385   240   386 0.97 GCF_001368915.1
NZ_SDIC01000004.1_313  -            388 Thiolase_C_1         PF22691.1    144   3.4e-42  139.3   2.8   1   1   7.8e-42   5.2e-40  132.2   2.6     1   143   240   385   240   386 0.97 GCF_004116405.1
NZ_AOLN01000018.1_538  -            388 Thiolase_C_1         PF22691.1    144   3.8e-42  139.1   2.5   1   1   5.7e-44   3.8e-42  139.1   2.5     1   143   240   385   240   386 0.96 GCF_000337815.1
NZ_AOLG01000009.1_400  -            388 Thiolase_C_1         PF22691.1    144   7.8e-42  138.1   4.7   1   1   1.8e-43   1.2e-41  137.5   2.6     1   143   240   385   240   386 0.97 GCF_000336815.1
NZ_AQXI01000001.1_30   -            388 Thiolase_C_1         PF22691.1    144   5.1e-41  135.5   3.3   1   1   1.2e-40   7.8e-39  128.4   2.2     2   143   241   385   240   386 0.96 GCF_000376445.1
NZ_FNIA01000003.1_170  -            384 Thiolase_N           PF00108.28   260   7.1e-62  204.8   0.0   1   1   1.5e-63   9.8e-62  204.3   0.0     1   260     4   222     4   222 0.99 GCF_900103505.1
NZ_AQXI01000001.1_30   -            388 Thiolase_N           PF00108.28   260   4.5e-31  103.8   0.3   1   1   1.1e-32   7.2e-31  103.2   0.3     3   259     6   222     4   223 0.87 GCF_000376445.1
NZ_SDIC01000004.1_313  -            388 Thiolase_N           PF00108.28   260   1.3e-30  102.4   0.0   1   1     3e-32     2e-30  101.7   0.0     9   259    12   222     4   223 0.89 GCF_004116405.1
NC_017941.2_799        -            388 Thiolase_N           PF00108.28   260   5.8e-30  100.2   0.8   1   1   1.2e-31   7.8e-30   99.8   0.2     3   259     6   222     4   223 0.88 GCF_000306765.2
NZ_CSTE01000002.1_1307 -            388 Thiolase_N           PF00108.28   260   2.9e-29   97.9   0.3   1   1   7.2e-31   4.8e-29   97.2   0.3     5   259     8   222     4   223 0.86 GCF_001368915.1
NZ_AOLG01000009.1_400  -            388 Thiolase_N           PF00108.28   260   3.9e-29   97.5   0.4   1   1     1e-30   6.8e-29   96.7   0.4     5   259     8   222     4   223 0.86 GCF_000336815.1
NZ_AOLJ01000011.1_92   -            388 Thiolase_N           PF00108.28   260   4.2e-29   97.4   0.4   1   1     1e-30   6.8e-29   96.7   0.4     5   259     8   222     4   223 0.86 GCF_000336775.1
NZ_AOLN01000018.1_538  -            388 Thiolase_N           PF00108.28   260   5.6e-29   97.0   0.6   1   1   8.4e-31   5.6e-29   97.0   0.6     5   259     8   222     4   223 0.86 GCF_000337815.1
NZ_LOPW02000001.1_91   -            388 Thiolase_N           PF00108.28   260   1.1e-28   96.1   0.5   1   1   2.4e-30   1.6e-28   95.5   0.5     5   259     8   222     4   223 0.86 GCF_001469875.2
NZ_LOEP01000032.1_88   -            388 Thiolase_N           PF00108.28   260   1.6e-28   95.5   0.5   1   1   2.4e-30   1.6e-28   95.5   0.5     5   259     8   222     4   223 0.86 GCF_001482285.1
NZ_AOLK01000012.1_193  -            388 Thiolase_N           PF00108.28   260   7.4e-28   93.3   0.3   1   1     2e-29   1.3e-27   92.5   0.1     5   259     8   222     4   223 0.86 GCF_000336755.1
s5a1_contig_1_2091     -            388 Thiolase_N           PF00108.28   260   8.1e-28   93.2   0.1   1   1   2.2e-29   1.4e-27   92.4   0.1     5   259     8   222     4   223 0.86 s5a-1
NZ_AOLI01000034.1_44   -            388 Thiolase_N           PF00108.28   260   1.3e-27   92.5   0.1   1   1   3.3e-29   2.2e-27   91.7   0.1     3   259     6   222     4   223 0.86 GCF_000336955.1
NZ_FNIA01000003.1_174 -            123 Thioredoxin          PF00085.25   103   8.5e-30   98.6   0.0   1   1   1.2e-32     1e-29   98.3   0.0     5   102    25   120    21   121 0.89 GCF_900103505.1
NZ_FNIA01000003.1_174 -            123 Thioredoxin_2        PF13098.11   104   6.1e-11   38.3   0.1   1   1   6.3e-13   5.4e-10   35.3   0.1     5   101    38   116    34   119 0.79 GCF_900103505.1
NZ_FNIA01000003.1_157 -            383 TOBE_2               PF08402.15    76   2.2e-11   39.5   0.2   1   1   8.4e-14   7.2e-11   37.8   0.2     1    72   300   368   300   372 0.91 GCF_900103505.1
NZ_CP099993.1_974    -            287 TPP_enzyme_C         PF02775.26   151   3.9e-33  110.1   0.1   1   1   6.9e-36     6e-33  109.5   0.1     3   151    52   198    50   198 0.90 GCF_024138125.1
NZ_FNIA01000003.1_152 -            545 TrkA_C               PF02080.26    71   2.2e-27   90.5   0.5   1   2   2.7e-15   2.4e-12   42.4   0.0     2    69   262   330   261   332 0.94 GCF_900103505.1
NZ_FNIA01000003.1_152 -            545 TrkA_C               PF02080.26    71   2.2e-27   90.5   0.5   2   2   2.5e-16   2.1e-13   45.7   0.1    10    69   483   543   475   544 0.92 GCF_900103505.1
NZ_FNIA01000003.1_152 -            545 TrkA_N               PF02254.23   116   3.5e-41  135.9  10.2   1   2   3.8e-21   3.3e-18   61.8   0.9     1   116   114   229   114   229 0.94 GCF_900103505.1
NZ_FNIA01000003.1_152 -            545 TrkA_N               PF02254.23   116   3.5e-41  135.9  10.2   2   2   1.5e-26   1.3e-23   79.3   0.2     2   115   344   449   343   450 0.92 GCF_900103505.1
NZ_FNIA01000003.1_146 -             64 Trm112p              PF03966.21    40   1.7e-14   49.2   0.3   1   1   2.6e-17   2.2e-14   48.8   0.3     2    40     3    49     2    49 0.85 GCF_900103505.1
s5a1_contig_1_2061     -            690 tRNA-synt_1          PF00133.27   414   9.8e-19   63.0   0.0   1   1   3.2e-19   2.8e-17   58.2   0.0    26   244    13   247     3   281 0.88 s5a-1
NZ_AOLK01000012.1_160  -            690 tRNA-synt_1          PF00133.27   414   1.1e-18   62.8   0.0   1   1   3.8e-19   3.3e-17   58.0   0.0    26   244    13   247     3   281 0.88 GCF_000336755.1
NZ_AOLI01000034.1_13   -            696 tRNA-synt_1          PF00133.27   414   1.2e-18   62.7   0.0   1   1     4e-19   3.5e-17   57.9   0.0    26   244    13   247     3   283 0.88 GCF_000336955.1
NZ_CSTE01000002.1_1334 -            713 tRNA-synt_1          PF00133.27   414     3e-18   61.4   0.2   1   1   1.1e-18   9.2e-17   56.5   0.0    25   244    12   247     3   281 0.90 GCF_001368915.1
NZ_LOPW02000001.1_63   -            723 tRNA-synt_1          PF00133.27   414   5.6e-18   60.5   0.4   1   1   1.5e-18   1.3e-16   56.0   0.0    26   257    13   260     3   284 0.87 GCF_001469875.2
NZ_LOEP01000032.1_60   -            740 tRNA-synt_1          PF00133.27   414   6.1e-18   60.4   0.7   1   1   1.3e-18   1.1e-16   56.2   0.0    26   255    13   258     3   284 0.87 GCF_001482285.1
NZ_AOLJ01000011.1_121  -            730 tRNA-synt_1          PF00133.27   414   6.7e-18   60.3   1.0   1   1   1.2e-18     1e-16   56.4   0.0    25   252    12   255     3   309 0.88 GCF_000336775.1
NZ_AOLG01000009.1_372  -            711 tRNA-synt_1          PF00133.27   414   1.1e-17   59.6   0.2   1   1   4.9e-18   4.2e-16   54.3   0.0    25   242    12   245     3   250 0.90 GCF_000336815.1
NC_017941.2_772        -            693 tRNA-synt_1          PF00133.27   414   2.1e-17   58.7   1.3   1   1   8.1e-18     7e-16   53.6   0.0    26   243    13   246     3   256 0.90 GCF_000306765.2
NZ_AOLN01000018.1_569  -            697 tRNA-synt_1          PF00133.27   414   1.4e-16   55.9   0.0   1   1     4e-17   3.5e-15   51.3   0.0    26   244    13   247     3   280 0.90 GCF_000337815.1
NC_017941.2_772        -            693 tRNA-synt_1e         PF01406.24   301   3.2e-11   38.8   0.0   1   1   8.6e-10   7.5e-08   27.7   0.0    14   131    15   133     7   140 0.83 GCF_000306765.2
NZ_AOLI01000034.1_13   -            696 tRNA-synt_1e         PF01406.24   301   4.9e-11   38.2   0.0   1   1   7.3e-10   6.4e-08   28.0   0.0    14   129    15   131     7   140 0.83 GCF_000336955.1
NZ_CSTE01000002.1_1334 -            713 tRNA-synt_1e         PF01406.24   301   5.3e-11   38.1   0.0   1   1     4e-10   3.5e-08   28.8   0.0    13   129    14   131     6   140 0.83 GCF_001368915.1
s5a1_contig_1_2061     -            690 tRNA-synt_1e         PF01406.24   301   5.6e-11   38.0   0.0   1   1   8.4e-10   7.3e-08   27.8   0.0    14   129    15   131     7   140 0.83 s5a-1
NZ_AOLJ01000011.1_121  -            730 tRNA-synt_1e         PF01406.24   301   6.1e-11   37.9   0.0   1   1   5.9e-10   5.1e-08   28.3   0.0    13   132    14   134     6   140 0.83 GCF_000336775.1
NZ_AOLK01000012.1_160  -            690 tRNA-synt_1e         PF01406.24   301   6.6e-11   37.8   0.0   1   1   7.2e-10   6.3e-08   28.0   0.0    14   129    15   131     7   140 0.83 GCF_000336755.1
NZ_AOLN01000018.1_569  -            697 tRNA-synt_1e         PF01406.24   301   7.8e-11   37.5   0.0   1   1   1.4e-09   1.2e-07   27.1   0.0    14   131    15   133     6   140 0.82 GCF_000337815.1
NZ_LOPW02000001.1_63   -            723 tRNA-synt_1e         PF01406.24   301   8.4e-11   37.4   0.0   1   1   8.2e-10   7.1e-08   27.8   0.0    14   129    15   131     7   140 0.84 GCF_001469875.2
NZ_LOEP01000032.1_60   -            740 tRNA-synt_1e         PF01406.24   301   1.2e-10   37.0   0.0   1   1   1.1e-09   9.2e-08   27.5   0.0    14   129    15   131     7   140 0.84 GCF_001482285.1
NZ_AOLG01000009.1_372  -            711 tRNA-synt_1e         PF01406.24   301   2.2e-10   36.1   0.0   1   1   5.7e-10   4.9e-08   28.3   0.0    13   132    14   134     6   140 0.83 GCF_000336815.1
NC_017941.2_772        -            693 tRNA-synt_1g         PF09334.16   391  7.9e-151  497.9   0.0   1   1  1.2e-152  1.1e-150  497.5   0.0     2   391    13   402    12   402 0.98 GCF_000306765.2
NZ_AOLK01000012.1_160  -            690 tRNA-synt_1g         PF09334.16   391  2.8e-150  496.1   0.0   1   1  4.4e-152  3.8e-150  495.7   0.0     2   391    13   402    12   402 0.98 GCF_000336755.1
s5a1_contig_1_2061     -            690 tRNA-synt_1g         PF09334.16   391  2.9e-150  496.1   0.0   1   1  4.4e-152  3.9e-150  495.6   0.0     2   391    13   402    12   402 0.98 s5a-1
NZ_AOLN01000018.1_569  -            697 tRNA-synt_1g         PF09334.16   391    3e-150  496.0   0.0   1   1    5e-152  4.3e-150  495.5   0.0     2   391    13   402    12   402 0.98 GCF_000337815.1
NZ_AOLI01000034.1_13   -            696 tRNA-synt_1g         PF09334.16   391  7.7e-150  494.7   0.0   1   1  1.2e-151    1e-149  494.2   0.0     2   391    13   408    12   408 0.96 GCF_000336955.1
NZ_AOLG01000009.1_372  -            711 tRNA-synt_1g         PF09334.16   391  2.1e-149  493.2   0.0   1   1  6.2e-151  5.3e-149  491.9   0.0     2   391    13   402    12   402 0.98 GCF_000336815.1
NZ_LOPW02000001.1_63   -            723 tRNA-synt_1g         PF09334.16   391  3.9e-145  479.2   0.1   1   2   2.8e-90   2.5e-88  292.2   0.0     2   241    13   250    12   255 0.97 GCF_001469875.2
NZ_LOPW02000001.1_63   -            723 tRNA-synt_1g         PF09334.16   391  3.9e-145  479.2   0.1   2   2     1e-57   8.7e-56  185.0   0.0   238   391   277   431   269   431 0.96 GCF_001469875.2
NZ_CSTE01000002.1_1334 -            713 tRNA-synt_1g         PF09334.16   391  5.9e-145  478.6   0.0   1   1  1.5e-146  1.3e-144  477.4   0.0     2   391    13   419    12   419 0.94 GCF_001368915.1
NZ_AOLJ01000011.1_121  -            730 tRNA-synt_1g         PF09334.16   391  2.3e-142  470.0   0.0   1   1  6.7e-144  5.8e-142  468.7   0.0     2   391    13   436    12   436 0.94 GCF_000336775.1
NZ_LOEP01000032.1_60   -            740 tRNA-synt_1g         PF09334.16   391  2.1e-141  466.9   0.2   1   2   1.5e-90   1.3e-88  293.1   0.0     2   241    13   250    12   255 0.97 GCF_001482285.1
NZ_LOEP01000032.1_60   -            740 tRNA-synt_1g         PF09334.16   391  2.1e-141  466.9   0.2   2   2   1.8e-53   1.5e-51  171.0   0.1   238   391   277   448   269   448 0.87 GCF_001482285.1
NZ_AOLK01000012.1_160  -            690 tRNA_bind            PF01588.25    96   8.2e-25   82.5   0.1   1   1   1.6e-26   1.4e-24   81.8   0.1     1    96   598   688   598   688 0.96 GCF_000336755.1
s5a1_contig_1_2061     -            690 tRNA_bind            PF01588.25    96   9.2e-25   82.4   0.1   1   1   1.8e-26   1.6e-24   81.6   0.1     1    96   598   688   598   688 0.96 s5a-1
NZ_AOLI01000034.1_13   -            696 tRNA_bind            PF01588.25    96   9.4e-25   82.3   0.1   1   1   1.8e-26   1.6e-24   81.6   0.1     1    96   604   694   604   694 0.96 GCF_000336955.1
NZ_AOLG01000009.1_372  -            711 tRNA_bind            PF01588.25    96   1.1e-24   82.2   0.3   1   1   2.1e-26   1.8e-24   81.4   0.3     1    96   619   709   619   709 0.97 GCF_000336815.1
NZ_AOLJ01000011.1_121  -            730 tRNA_bind            PF01588.25    96   1.1e-24   82.1   0.3   1   1   2.2e-26   1.9e-24   81.4   0.3     1    96   638   728   638   728 0.97 GCF_000336775.1
NZ_LOPW02000001.1_63   -            723 tRNA_bind            PF01588.25    96   1.1e-24   82.1   0.3   1   1   2.1e-26   1.8e-24   81.4   0.3     1    96   631   721   631   721 0.97 GCF_001469875.2
NZ_LOEP01000032.1_60   -            740 tRNA_bind            PF01588.25    96   1.3e-24   81.9   0.3   1   1   2.4e-26   2.1e-24   81.2   0.3     1    96   648   738   648   738 0.97 GCF_001482285.1
NZ_CSTE01000002.1_1334 -            713 tRNA_bind            PF01588.25    96   2.5e-24   81.0   0.2   1   1   4.7e-26   4.1e-24   80.3   0.2     1    96   621   711   621   711 0.97 GCF_001368915.1
NZ_AOLN01000018.1_569  -            697 tRNA_bind            PF01588.25    96   4.5e-24   80.1   0.1   1   1     9e-26   7.8e-24   79.4   0.1     1    96   605   695   605   695 0.97 GCF_000337815.1
NC_017941.2_772        -            693 tRNA_bind            PF01588.25    96     1e-23   79.0   0.1   1   1   2.1e-25   1.8e-23   78.2   0.1     1    96   601   691   601   691 0.97 GCF_000306765.2
NZ_LOPU01000018.1_120 -            471 tRNA_deacylase       PF04414.17   205   6.7e-60  197.8   0.0   1   1   3.3e-62   9.4e-60  197.3   0.0     3   204    81   293    79   294 0.94 GCF_001469955.1
NZ_SDIC01000004.1_269 -            440 tRNA_deacylase       PF04414.17   205   3.2e-58  192.3   0.0   1   1   1.6e-60   4.5e-58  191.8   0.0     3   204    69   265    67   266 0.96 GCF_004116405.1
NZ_FOTC01000002.1_349 -            454 tRNA_deacylase       PF04414.17   205   4.6e-58  191.8   0.0   1   1   2.6e-60   7.4e-58  191.1   0.0     3   204    76   276    74   277 0.94 GCF_900114455.1
NZ_SDIC01000004.1_268 -            381 Tubulin              PF00091.30   190   3.8e-51  169.8   1.8   1   1   7.1e-54   6.2e-51  169.1   1.8     2   188    54   212    53   214 0.98 GCF_004116405.1
NZ_CP099993.1_941    -            129 UBA_4                PF14555.11    43   4.2e-07   25.4   0.8   1   1   9.3e-10   8.1e-07   24.5   0.8    11    34   103   126   103   127 0.96 GCF_024138125.1
NZ_AQXI01000001.1_18 -            439 UbiA                 PF01040.23   250   1.5e-61  203.5  23.5   1   1   1.7e-64   1.5e-61  203.5  23.5     3   244   175   418   172   427 0.94 GCF_000376445.1
NZ_WSZK01000006.1_94 -            245 Ubie_methyltran      PF01209.23   233   3.5e-08   28.8   0.0   1   1   4.8e-11   4.2e-08   28.5   0.0    98   155    73   132    36   177 0.84 GCF_009791395.1
NZ_AOLK01000012.1_174  -            231 UPF0016              PF01169.24    75   1.8e-29   97.6  13.7   1   2   4.8e-14   3.8e-12   42.2   4.9     9    75    17    83     8    83 0.92 GCF_000336755.1
NZ_AOLK01000012.1_174  -            231 UPF0016              PF01169.24    75   1.8e-29   97.6  13.7   2   2   8.4e-20   6.6e-18   60.6   1.5     3    75   129   202   127   202 0.96 GCF_000336755.1
NC_017941.2_783        -            231 UPF0016              PF01169.24    75   6.2e-29   95.9  13.3   1   2   5.4e-14   4.2e-12   42.0   3.4     5    75    13    83     9    83 0.93 GCF_000306765.2
NC_017941.2_783        -            231 UPF0016              PF01169.24    75   6.2e-29   95.9  13.3   2   2     2e-19   1.6e-17   59.4   2.3     3    75   129   202   127   202 0.96 GCF_000306765.2
s5a1_contig_1_2073     -            231 UPF0016              PF01169.24    75   8.7e-29   95.5  12.9   1   2     2e-13   1.6e-11   40.1   4.5     9    75    17    83     8    83 0.92 s5a-1
s5a1_contig_1_2073     -            231 UPF0016              PF01169.24    75   8.7e-29   95.5  12.9   2   2   1.1e-19   8.7e-18   60.2   1.3     3    75   129   202   127   202 0.96 s5a-1
NZ_AOLI01000034.1_27   -            231 UPF0016              PF01169.24    75   9.4e-29   95.4  12.9   1   2     2e-13   1.6e-11   40.1   4.5     9    75    17    83     8    83 0.92 GCF_000336955.1
NZ_AOLI01000034.1_27   -            231 UPF0016              PF01169.24    75   9.4e-29   95.4  12.9   2   2   1.1e-19   8.7e-18   60.2   1.3     3    75   129   202   127   202 0.96 GCF_000336955.1
NZ_FOTC01000002.1_372  -            236 UPF0016              PF01169.24    75   2.2e-28   94.2  16.0   1   2   3.8e-13     3e-11   39.3   6.4     9    75    17    83     8    83 0.92 GCF_900114455.1
NZ_FOTC01000002.1_372  -            236 UPF0016              PF01169.24    75   2.2e-28   94.2  16.0   2   2   1.1e-19   8.6e-18   60.2   2.0     3    75   134   207   132   207 0.95 GCF_900114455.1
NZ_LOPW02000001.1_75   -            233 UPF0016              PF01169.24    75   2.9e-28   93.8  16.7   1   2   8.1e-14   6.4e-12   41.4   5.2     5    75    13    83     9    83 0.92 GCF_001469875.2
NZ_LOPW02000001.1_75   -            233 UPF0016              PF01169.24    75   2.9e-28   93.8  16.7   2   2   5.2e-19   4.1e-17   58.1   3.7     3    75   131   204   129   204 0.97 GCF_001469875.2
NZ_CSTE01000002.1_1323 -            233 UPF0016              PF01169.24    75     1e-27   92.1  20.3   1   2   1.3e-13     1e-11   40.8   5.3    12    75    20    83     9    83 0.94 GCF_001368915.1
NZ_CSTE01000002.1_1323 -            233 UPF0016              PF01169.24    75     1e-27   92.1  20.3   2   2   2.6e-19     2e-17   59.0   4.5     3    75   131   204   129   204 0.97 GCF_001368915.1
NZ_LOEP01000032.1_72   -            233 UPF0016              PF01169.24    75   1.8e-27   91.2  21.8   1   2   1.5e-14   1.2e-12   43.8   5.1    12    75    20    83     9    83 0.94 GCF_001482285.1
NZ_LOEP01000032.1_72   -            233 UPF0016              PF01169.24    75   1.8e-27   91.2  21.8   2   2   7.1e-19   5.6e-17   57.6   3.7     3    75   131   204   129   204 0.97 GCF_001482285.1
NZ_AOLJ01000011.1_108  -            233 UPF0016              PF01169.24    75   9.9e-27   88.9  22.8   1   2   1.6e-13   1.2e-11   40.5   5.3    12    75    20    83     9    83 0.94 GCF_000336775.1
NZ_AOLJ01000011.1_108  -            233 UPF0016              PF01169.24    75   9.9e-27   88.9  22.8   2   2   1.2e-18   9.6e-17   56.9   4.0     3    75   131   204   129   204 0.97 GCF_000336775.1
NZ_AOLN01000018.1_556  -            231 UPF0016              PF01169.24    75   2.5e-26   87.6  15.4   1   2   7.7e-13   6.1e-11   38.3   6.5     3    75    11    83     9    83 0.94 GCF_000337815.1
NZ_AOLN01000018.1_556  -            231 UPF0016              PF01169.24    75   2.5e-26   87.6  15.4   2   2   7.1e-18   5.6e-16   54.4   1.5     3    75   129   202   127   202 0.95 GCF_000337815.1
NZ_AOLG01000009.1_384  -            233 UPF0016              PF01169.24    75   1.6e-25   85.0  22.6   1   2   1.6e-13   1.2e-11   40.5   5.3    12    75    20    83     9    83 0.94 GCF_000336815.1
NZ_AOLG01000009.1_384  -            233 UPF0016              PF01169.24    75   1.6e-25   85.0  22.6   2   2   6.1e-18   4.8e-16   54.6   4.0     3    75   131   204   129   204 0.97 GCF_000336815.1
NZ_FNIA01000003.1_150 -             92 UPF0058              PF01893.21    87   9.1e-35  114.6   1.3   1   1   1.2e-37     1e-34  114.4   1.3     1    86     1    87     1    88 0.95 GCF_900103505.1
NZ_FOTC01000002.1_392 -            140 Usp                  PF00582.31   141   6.1e-33  110.1   0.9   1   1   7.8e-36   6.8e-33  109.9   0.9     1   137     1   137     1   140 0.98 GCF_900114455.1
NZ_LOPW02000001.1_65   -            188 VTT_dom              PF09335.16   123     1e-09   34.7   0.4   1   1   3.5e-12     1e-09   34.7   0.4    16   118    72   178    50   182 0.87 GCF_001469875.2
NZ_LOEP01000032.1_62   -            188 VTT_dom              PF09335.16   123   1.1e-09   34.5   0.5   1   1   3.9e-12   1.1e-09   34.5   0.5    16   118    72   178    50   182 0.87 GCF_001482285.1
NZ_CSTE01000002.1_1333 -            188 VTT_dom              PF09335.16   123   1.3e-09   34.3   1.1   1   1   4.5e-12   1.3e-09   34.3   1.1    16   118    72   178    50   182 0.86 GCF_001368915.1
NZ_WSZK01000006.1_127 -            524 Xan_ur_permease      PF00860.25   389   4.4e-76  251.8  32.4   1   1   7.6e-79   6.6e-76  251.2  32.4     3   386    31   429    29   432 0.90 GCF_009791395.1
NZ_JALLPK010000001.1_2694 -            324 XPG_I                PF00867.23    89   7.9e-23   76.4   0.0   1   1   2.2e-25   1.9e-22   75.2   0.0     2    89   145   224   144   224 0.95 GCF_023276375.1
NZ_JALLPK010000001.1_2694 -            324 XPG_N                PF00752.22   101   2.8e-13   45.9   0.0   1   1     6e-16   5.2e-13   45.1   0.0    10   100     6   101     3   102 0.89 GCF_023276375.1
NZ_CP099993.1_964    -            162 YdjM                 PF04307.19   176     3e-12   42.1   2.5   1   1   1.3e-14   1.1e-11   40.2   2.5     1   145     1   132     1   152 0.81 GCF_024138125.1
#
# Program:         hmmsearch
# Version:         3.3.2 (Nov 2020)
# Pipeline mode:   SEARCH
# Query file:      /Users/rs1521/workspace/data/Pfam_37/Pfam-A.hmm
# Target file:     data/gene_neighbourhood/gene_maps.faa
# Option settings: /Users/rs1521/miniconda3_x86/bin/hmmsearch -o /dev/null --domtblout data/gene_neighbourhood/gene_maps.pfam.domtblout.txt --cut_ga --cpu 8 /Users/rs1521/workspace/data/Pfam_37/Pfam-A.hmm data/gene_neighbourhood/gene_maps.faa 
# Current dir:     /Users/rs1521/workspace/chahrazad
# Date:            Thu Oct  1 21:18:57 2026
# [ok]
