#                                                                            --- full sequence --- -------------- this domain -------------   hmm coord   ali coord   env coord
# target name        accession   tlen query name           accession   qlen   E-value  score  bias   #  of  c-Evalue  i-Evalue  score  bias  from    to  from    to  from    to  acc description of target
#------------------- ---------- ----- -------------------- ---------- ----- --------- ------ ----- --- --- --------- --------- ------ ----- ----- ----- ----- ----- ----- ----- ---- ---------------------
CAJWBY010000001.1_74  -            385 2-Hacid_dh           PF00389.35   134   1.1e-19   68.2   0.0   1   1   7.6e-23   1.4e-19   67.9   0.0    29   122    35   289    11   372 0.88 GCA_913020705.1
JAKCFJ010000003.1_433 -            314 2-Hacid_dh           PF00389.35   134   9.2e-11   39.3   0.0   1   1     6e-14   1.1e-10   39.1   0.0    16   132    18   312     4   314 0.85 GCA_025041175.1
JAKCFJ010000003.1_433 -            314 2-Hacid_dh_C         PF02826.24   178     2e-54  181.4   0.0   1   1   5.6e-57   2.6e-54  181.1   0.0     1   178   103   282   103   282 0.96 GCA_025041175.1
CAJWBY010000001.1_74  -            385 2-Hacid_dh_C         PF02826.24   178   4.8e-28   95.5   0.0   1   1   1.7e-30     8e-28   94.7   0.0    33   170   122   262   114   269 0.88 GCA_913020705.1
NZ_CP017922.1_1594    -            408 2-Hacid_dh_C         PF02826.24   178   4.4e-12   43.5   0.0   1   1   3.4e-14   1.6e-11   41.7   0.0    30   127   192   285   168   326 0.92 GCF_001870125.1
NZ_CP072036.1_1276    -            326 2-Hacid_dh_C         PF02826.24   178   7.5e-09   33.0   0.0   1   1   2.8e-11   1.3e-08   32.2   0.0    29   114     9    92     3   103 0.86 GCF_018847375.1
JAANXC010000074.1_5   -            266 2-Hacid_dh_C         PF02826.24   178   1.9e-08   31.6   1.2   1   1   1.8e-10   8.2e-08   29.6   0.2    28   139    51   159    29   174 0.78 GCA_018263495.1
JACENB010000156.1_1   -             87 2-Hacid_dh_C         PF02826.24   178   6.5e-08   29.9   0.1   1   1   1.5e-10     7e-08   29.8   0.1    21   100     3    82     1    86 0.89 GCA_013867245.1
JAAUVF010000069.1_8   -            225 2-Hacid_dh_C         PF02826.24   178   1.2e-07   29.0   0.0   1   1   3.9e-10   1.8e-07   28.5   0.0    21   101     3    83     1    90 0.88 GCA_012030815.1
NZ_CP095757.1_3387    -            418 2-Hacid_dh_C         PF02826.24   178   7.7e-07   26.4   0.0   1   1   3.4e-09   1.6e-06   25.4   0.0    27   102    94   170    79   174 0.83 GCF_023093535.1
JAHFTO010000017.1_22 -            371 2-oxoacid_dh         PF00198.28   232   1.6e-85  284.0   0.2   1   1   5.8e-89   2.1e-85  283.6   0.2     3   232   141   369   139   369 0.98 GCA_023269355.1
JAJXYX010000055.1_37 -            899 2-oxogl_dehyd_N      PF16078.10    41   4.1e-10   36.8   0.0   1   1   2.5e-13   9.3e-10   35.7   0.0     7    39    12    44     8    46 0.91 GCA_021780355.1
NZ_JAALLS010000018.1_31 -             78 23S_rRNA_IVP         PF05635.16   106   2.7e-19   67.2   0.0   1   1   8.2e-23     3e-19   67.0   0.0    41   106     2    67     1    67 0.98 GCF_011059105.1
JAFEGH010000007.1_336 -            236 2OG-FeII_Oxy         PF03171.25   101   5.1e-07   27.7   0.0   1   1   2.4e-10   8.8e-07   27.0   0.0     2   100   125   231   124   232 0.91 GCA_018240065.1
JAFEGH010000007.1_336 -            236 2OG-FeII_Oxy_3       PF13640.11    98     2e-17   61.7   0.0   1   1   3.1e-20   3.8e-17   60.8   0.0     2    98   128   231   127   231 0.89 GCA_018240065.1
JAFEGH010000007.1_331 -            238 2OG-FeII_Oxy_3       PF13640.11    98   2.5e-10   39.0   0.0   1   1   3.8e-13   4.7e-10   38.1   0.0    23    97   160   232   114   233 0.79 GCA_018240065.1
NZ_CP007026.1_597     -            248 2OG-FeII_Oxy_3       PF13640.11    98   1.1e-09   36.8   0.0   1   1   1.8e-12   2.2e-09   35.9   0.0     6    97   124   236   119   237 0.85 GCF_000812185.1
NZ_AOIQ01000016.1_65    -            344 3Beta_HSD            PF01073.24   280     2e-18   64.2   0.0   1   1   9.5e-21   3.2e-18   63.5   0.0     1   230    39   256    39   273 0.84 GCF_000337515.1
NZ_FNFE01000004.1_420   -            302 3Beta_HSD            PF01073.24   280   4.7e-11   40.0   0.0   1   1   2.5e-13   8.5e-11   39.1   0.0     1   129     4   121     4   148 0.77 GCF_900100335.1
PAAH01000021.1_3        -            293 3Beta_HSD            PF01073.24   280   1.4e-10   38.4   2.2   1   1   1.5e-12     5e-10   36.6   2.2     1   270     4   238     4   247 0.69 GCA_002698885.1
JACDHC010000108.1_5     -            461 3Beta_HSD            PF01073.24   280   2.1e-10   37.8   0.0   1   1   9.2e-13   3.1e-10   37.3   0.0     1   114    10   127    10   146 0.78 GCA_013821245.1
JAHFTO010000030.1_2     -            353 3Beta_HSD            PF01073.24   280   3.5e-10   37.1   0.0   1   1   1.3e-12   4.5e-10   36.8   0.0    60   229    66   225     9   234 0.76 GCA_023269355.1
NZ_CP044129.1_2641      -            314 3Beta_HSD            PF01073.24   280   1.7e-09   34.8   0.0   1   1   9.9e-12   3.3e-09   33.9   0.0     2   276     5   258     4   263 0.86 GCF_009617995.1
NZ_QLVG01000046.1_18    -            329 3Beta_HSD            PF01073.24   280   4.1e-09   33.6   0.0   1   1   4.5e-09   1.5e-06   25.2   0.0     1   225     5   208     5   249 0.74 GCF_003382685.1
JAKCFM010000002.1_414   -            279 3Beta_HSD            PF01073.24   280   5.9e-09   33.1   0.0   1   1   2.3e-11   7.7e-09   32.7   0.0    48   122    44   116     4   154 0.85 GCA_025041195.1
NZ_JAKUHT010000007.1_11 -            270 3Beta_HSD            PF01073.24   280   1.9e-08   31.4   0.0   1   1   8.5e-11   2.8e-08   30.8   0.0     1   157     4   148     4   163 0.85 GCF_022436705.1
QNGA01000011.1_100      -            207 3Beta_HSD            PF01073.24   280   1.4e-06   25.3   0.0   1   1   5.2e-09   1.8e-06   25.0   0.0     1   122     4   111     4   133 0.85 GCA_003298465.1
NZ_MU078716.1_59     -            175 3D                   PF06725.16    72     9e-09   33.2   0.0   1   1     4e-12   1.5e-08   32.5   0.0     2    57   106   160   105   174 0.86 GCF_014078545.1
NZ_CP100454.1_524     -            656 3HCDH                PF00725.27    97   1.1e-52  174.3   3.4   1   2   6.1e-37   1.1e-33  113.4   0.1     1    97   191   286   191   286 0.98 GCF_024228315.1
NZ_CP100454.1_524     -            656 3HCDH                PF00725.27    97   1.1e-52  174.3   3.4   2   2   3.9e-18   7.2e-15   53.1   0.1     6    84   306   384   303   392 0.92 GCF_024228315.1
NZ_BGKI01000007.1_261 -            412 3HCDH                PF00725.27    97   2.2e-35  118.9   0.1   1   2   1.8e-28   3.3e-25   86.2   0.0     1    97   219   314   219   314 0.95 GCF_003175215.1
NZ_BGKI01000007.1_261 -            412 3HCDH                PF00725.27    97   2.2e-35  118.9   0.1   2   2     2e-10   3.7e-07   28.3   0.0     7    80   337   409   336   411 0.92 GCF_003175215.1
NZ_BGKI01000007.1_261    -            412 3HCDH_N              PF02737.23   180   8.8e-67  222.2   0.7   1   1   7.2e-70   8.8e-67  222.2   0.7     1   179    36   216    36   217 0.99 GCF_003175215.1
NZ_CP100454.1_524        -            656 3HCDH_N              PF02737.23   180   3.8e-66  220.2   0.1   1   1   4.8e-69   5.8e-66  219.6   0.1     1   179     8   188     8   189 0.99 GCF_024228315.1
NZ_FNYR01000003.1_13 -            171 4HBT                 PF03061.27    79   4.7e-18   63.1   0.2   1   1   9.5e-21   8.8e-18   62.2   0.1     2    77    56   134    55   136 0.96 GCF_900109065.1
AOLX01000025.1_66    -            139 4HBT                 PF03061.27    79   1.4e-16   58.4   0.1   1   1     3e-19   2.8e-16   57.4   0.1     1    76    19   104    19   107 0.97 GCA_000336895.1
NZ_CP095482.1_1926   -            143 4HBT                 PF03061.27    79   4.2e-15   53.6   1.0   1   1   6.3e-18   5.8e-15   53.2   0.5     3    77    26    99    24   100 0.97 GCF_023028225.1
NZ_CP096659.1_1989   -            159 4HBT                 PF03061.27    79     5e-15   53.4   0.1   1   1   9.2e-18   8.5e-15   52.6   0.1     3    74    64   135    62   139 0.96 GCF_023238205.1
AOLX01000025.1_66    -            139 4HBT_2               PF13279.11   122   2.2e-24   84.0   0.0   1   1   1.4e-27   2.6e-24   83.8   0.0     1   121    11   132    11   133 0.92 GCA_000336895.1
NZ_FNYR01000003.1_13 -            171 4HBT_2               PF13279.11   122   3.6e-24   83.3   0.1   1   1   4.7e-27   8.7e-24   82.1   0.0     1   118    47   158    47   162 0.93 GCF_900109065.1
NZ_CP096659.1_1989   -            159 4HBT_3               PF13622.11    83   3.6e-06   24.9   0.3   1   1   9.8e-10   3.6e-06   24.9   0.3     9    81    62   150    56   152 0.76 GCF_023238205.1
NZ_CP085330.1_307    -            666 5_nucleotid_C        PF02872.23   158   7.4e-34  114.9   0.0   1   1   7.5e-37   1.4e-33  114.0   0.0    12   153   329   471   317   476 0.89 GCF_020614375.1
NZ_CP095482.1_322    -            464 5_nucleotid_C        PF02872.23   158   1.8e-28   97.4   0.0   1   1   1.4e-31   2.6e-28   96.9   0.0     1   157   261   412   261   413 0.83 GCF_023028225.1
PXRE01000009.1_36        -            735 AAA                  PF00004.34   131   8.4e-92  302.2   0.0   1   2   8.4e-49   2.1e-46  155.4   0.0     1   130   225   353   225   354 0.97 GCA_003021085.1
PXRE01000009.1_36        -            735 AAA                  PF00004.34   131   8.4e-92  302.2   0.0   2   2   1.6e-45   3.9e-43  144.8   0.0     1   130   515   646   515   647 0.97 GCA_003021085.1
NZ_WUYX01000071.1_162    -            467 AAA                  PF00004.34   131   3.7e-46  154.6   0.1   1   1   3.4e-48   8.4e-46  153.4   0.1     1   130   246   378   246   379 0.97 GCF_009834785.1
NZ_LOPW02000010.1_165    -            519 AAA                  PF00004.34   131   5.5e-42  141.1   0.0   1   1   4.9e-44   1.2e-41  140.0   0.0     1   130   268   396   268   397 0.98 GCF_001469875.2
NZ_CP044130.1_65         -            412 AAA                  PF00004.34   131     3e-41  138.7   0.0   1   1   5.8e-43   1.4e-40  136.5   0.0     1   131   149   279   149   279 0.97 GCF_009617995.1
JAFGCY010000005.1_40     -            588 AAA                  PF00004.34   131   1.2e-21   75.3   0.0   1   1   1.1e-23   2.6e-21   74.2   0.0     2   128   331   456   330   459 0.94 GCA_016932385.1
NZ_CP085338.1_545        -            335 AAA                  PF00004.34   131   2.2e-07   29.1   0.1   1   1   3.3e-09     8e-07   27.3   0.1     1   129    39   172    39   174 0.81 GCF_020618475.1
JAGXTE010000055.1_40     -            432 AAA                  PF00004.34   131   2.5e-07   28.9   0.0   1   1   2.7e-09   6.7e-07   27.6   0.0     3   124    65   209    63   214 0.78 GCA_018334095.1
WHTU01000040.1_25        -            769 AAA                  PF00004.34   131   3.3e-06   25.3   0.2   1   1   5.3e-08   1.3e-05   23.4   0.0     1   110   347   458   347   491 0.77 GCA_009377575.1
NC_019964.1_206          -            423 AAA                  PF00004.34   131   5.1e-06   24.7   0.0   1   1   5.3e-08   1.3e-05   23.4   0.0     1   111   105   236   105   251 0.70 GCF_000328525.1
NZ_CP100456.1_72         -            413 AAA                  PF00004.34   131   9.4e-06   23.9   0.1   1   1   1.1e-07   2.8e-05   22.3   0.0     2    73    54   155    53   205 0.74 GCF_024228315.1
VXON01000181.1_6         -            192 AAA                  PF00004.34   131     2e-05   22.8   0.1   1   1   2.4e-07     6e-05   21.3   0.0     1    63     7    88     7   100 0.69 GCA_009840065.1
JAHFTO010000058.1_8     -            398 AAA_14               PF13173.11   129   1.2e-27   94.2   0.0   1   1   2.4e-30   2.2e-27   93.4   0.0     3   128    19   136    17   137 0.91 GCA_023269355.1
NZ_JAJCVI010000007.1_50 -            462 AAA_14               PF13173.11   129   2.9e-09   34.8   0.0   1   1   6.2e-12   5.7e-09   33.8   0.0     3   126    21   171    19   174 0.69 GCF_020567525.1
JAIOOR010000024.1_77 -            627 AAA_15               PF13175.11   374   7.1e-42  142.1  12.6   1   1   1.7e-44   1.3e-41  141.2  12.6     1   374     1   391     1   391 0.73 GCA_021414365.1
NZ_CP101458.1_813    -            889 AAA_15               PF13175.11   374   8.2e-14   49.7   1.0   1   1   1.7e-13   1.2e-10   39.3   1.0     1   265     1   396     1   850 0.86 GCF_024362525.1
NZ_QPII01000004.1_27 -           1164 AAA_15               PF13175.11   374   5.4e-11   40.4   0.0   1   1   1.4e-12     1e-09   36.2   0.0     1    53     1    54     1    89 0.86 GCF_003336675.1
NZ_CP100456.1_72          -            413 AAA_16               PF13191.11   167   2.3e-14   52.0   1.5   1   1   2.6e-14   1.9e-11   42.5   0.0     3   148    28   155    26   168 0.71 GCF_024228315.1
NC_019964.1_206           -            423 AAA_16               PF13191.11   167   1.3e-13   49.6   0.9   1   1   1.4e-14     1e-11   43.4   0.3     2   142    79   195    78   227 0.69 GCF_000328525.1
NZ_JAJCVJ010000001.1_1432 -            372 AAA_16               PF13191.11   167     1e-12   46.6   1.4   1   1   1.8e-15   1.3e-12   46.3   0.5     2   159    34   183    33   192 0.81 GCF_020567425.1
VXON01000181.1_6       -            192 AAA_17               PF13207.11   136   1.1e-30  104.4   0.0   1   1   1.2e-33   1.5e-30  104.0   0.0     1   136    10   148    10   148 0.96 GCA_009840065.1
JAKCFM010000001.1_1544 -            192 AAA_17               PF13207.11   136   1.5e-14   52.2   0.1   1   1   2.1e-17   2.5e-14   51.5   0.1     2   111     7   113     6   136 0.67 GCA_025041195.1
LKNH01000122.1_2       -            165 AAA_17               PF13207.11   136   1.9e-07   29.2   1.2   1   1   2.9e-10   3.5e-07   28.3   1.2     2   128    12   121    11   135 0.76 GCA_001564135.1
JAKCFM010000001.1_1544 -            192 AAA_18               PF13238.11   128     8e-21   72.6   0.0   1   1   2.4e-23   1.5e-20   71.7   0.0     1   120     3   125     3   136 0.90 GCA_025041195.1
LKNH01000122.1_2       -            165 AAA_18               PF13238.11   128   3.8e-11   41.3   0.2   1   1   8.3e-14   5.1e-11   40.9   0.2     1   113     8   122     8   139 0.85 GCA_001564135.1
JAHRAL010000035.1_1    -            181 AAA_18               PF13238.11   128   1.1e-08   33.4   0.0   1   1     3e-11   1.8e-08   32.6   0.0     1   127     3   117     3   118 0.83 GCA_020027325.1
NZ_NHSQ01000159.1_23    -            723 AAA_19               PF13245.11   134     5e-24   82.7   0.0   1   1   8.8e-27   1.1e-23   81.7   0.0     1   132    14   255    14   257 0.89 GCF_016653465.1
NZ_MWLL01000195.1_26    -           1697 AAA_19               PF13245.11   134   3.2e-14   51.0   3.5   1   1   3.3e-16     4e-13   47.5   0.0     8   133   617   762   608   763 0.86 GCF_002198675.1
NZ_JAKUHT010000013.1_58 -           1081 AAA_19               PF13245.11   134   3.8e-14   50.8   1.4   1   1   2.6e-16   3.2e-13   47.8   1.4     9   134    16   410     7   410 0.92 GCF_022436705.1
NZ_WUYX01000071.1_162 -            467 AAA_2                PF07724.19   166   3.2e-08   31.5   0.5   1   1   1.2e-10   2.2e-07   28.8   0.1     5   100   245   338   241   348 0.86 GCF_009834785.1
NZ_JADDKQ010000020.1_100 -            226 AAA_21               PF13304.11   304     5e-22   77.1   1.2   1   1   2.4e-17   3.8e-15   54.5   0.2   228   303   124   196    86   197 0.88 GCF_016464425.1
JAIOOR010000024.1_77     -            627 AAA_21               PF13304.11   304   1.1e-17   62.8   0.0   1   1   3.7e-13     6e-11   40.7   0.0   259   304   344   392   297   392 0.87 GCA_021414365.1
NZ_CVUA01000001.1_1749   -            277 AAA_21               PF13304.11   304   1.4e-15   55.9   2.4   1   1   3.4e-14   5.4e-12   44.1   0.0   220   298   100   193    52   199 0.71 GCF_001282785.1
NZ_FNFE01000002.1_19     -            340 AAA_21               PF13304.11   304   5.4e-15   53.9   4.3   1   1   1.8e-12   2.8e-10   38.5   0.2   185   299   140   228   101   232 0.73 GCF_900100335.1
NZ_CP084469.1_3283       -            336 AAA_21               PF13304.11   304   1.2e-14   52.8   3.3   1   1   3.3e-12   5.3e-10   37.6   0.1   221   298   119   193    69   196 0.77 GCF_020405205.1
NZ_JAJCVJ010000002.1_896 -            262 AAA_21               PF13304.11   304   1.9e-13   48.9   0.1   1   1   6.6e-11   1.1e-08   33.3   0.0   221   298   116   191    73   197 0.81 GCF_020567425.1
UYNY01000100.1_4         -            446 AAA_21               PF13304.11   304     3e-12   44.9   1.1   1   1   2.3e-11   3.6e-09   34.8   0.0   224   301   276   353   233   357 0.84 GCA_900620265.1
NZ_QPII01000006.1_218    -            242 AAA_21               PF13304.11   304   1.9e-11   42.3   0.2   1   1   6.2e-10   9.9e-08   30.1   0.0   233   300   132   196   129   197 0.89 GCF_003336675.1
NZ_QPII01000004.1_27     -           1164 AAA_21               PF13304.11   304   3.7e-11   41.4   0.7   1   1     1e-10   1.6e-08   32.7   0.0     1    68    26    88    26   128 0.91 GCF_003336675.1
NZ_CP100456.1_72        -            413 AAA_22               PF13401.11   130   5.9e-14   50.3   0.0   1   1   2.6e-16   1.6e-13   48.9   0.0     7   122    52   178    47   184 0.87 GCF_024228315.1
NC_019964.1_206         -            423 AAA_22               PF13401.11   130   5.1e-12   44.0   0.0   1   1     2e-14   1.3e-11   42.7   0.0     7   121   104   227    98   234 0.86 GCF_000328525.1
NZ_JAJCVI010000007.1_50 -            462 AAA_22               PF13401.11   130   5.7e-10   37.4   0.0   1   1   3.1e-12   1.9e-09   35.7   0.0     4   123    19   139    16   143 0.76 GCF_020567525.1
NZ_QPII01000004.1_27 -           1164 AAA_23               PF13476.11   201   5.6e-20   70.6   0.0   1   1   7.5e-23   5.6e-20   70.6   0.0     1   197     5   225     5   233 0.74 GCF_003336675.1
NZ_CP101458.1_813    -            889 AAA_23               PF13476.11   201   5.9e-18   64.0  20.6   1   1   8.1e-21   5.9e-18   64.0  20.6     1   200     5   223     5   434 0.71 GCF_024362525.1
NZ_CP095488.1_181    -            649 AAA_23               PF13476.11   201   2.9e-12   45.4   0.3   1   1   3.9e-15   2.9e-12   45.4   0.3     1   201    20   251    20   293 0.62 GCF_023028345.1
JAFGCY010000067.1_15 -            560 AAA_23               PF13476.11   201   4.7e-11   41.4   4.2   1   1   2.5e-12   1.8e-09   36.2   4.2     2   177     5   175     4   393 0.80 GCA_016932385.1
JALDAN010000004.1_23 -            229 AAA_25               PF13481.11   195   3.9e-15   53.7   0.0   1   1   5.8e-18   7.1e-15   52.9   0.0    14   188     5   158     1   161 0.80 GCA_022729355.1
NZ_NHSQ01000084.1_114 -            703 AAA_26               PF13500.11   198   8.5e-18   62.7   0.0   1   1   1.9e-20   1.7e-17   61.7   0.0     2   183     3   197     2   213 0.81 GCF_016653465.1
JADFQH010000044.1_8   -            491 AAA_26               PF13500.11   198   5.9e-15   53.4   0.3   1   1   1.1e-16     1e-13   49.4   0.3     1   192     3   235     3   240 0.87 GCA_022561895.1
NZ_CP101458.1_813    -            889 AAA_27               PF13514.11   206   1.5e-06   25.7   0.0   1   1   4.1e-10   1.5e-06   25.7   0.0     1    60     1    60     1   106 0.76 GCF_024362525.1
NZ_CP101458.1_813    -            889 AAA_29               PF13555.11    61   1.8e-07   28.6   0.0   1   1   4.7e-10   3.4e-07   27.7   0.0     2    50     4    51     3    54 0.91 GCF_024362525.1
NZ_QPII01000004.1_27 -           1164 AAA_29               PF13555.11    61   2.5e-07   28.1   0.0   1   1   6.6e-10   4.8e-07   27.2   0.0     1    46     3    48     3    55 0.86 GCF_003336675.1
NZ_CP085338.1_545    -            335 AAA_3                PF07726.16   131   9.1e-62  204.5   0.2   1   1   4.2e-65   1.5e-61  203.8   0.2     1   130    38   167    38   168 0.99 GCF_020618475.1
NZ_MWLL01000195.1_26 -           1697 AAA_30               PF13604.11   191   1.6e-46  156.2   4.9   1   1   4.4e-50   1.6e-46  156.2   4.9     2   187   604   816   603   820 0.97 GCF_002198675.1
NZ_CP085330.1_1       -            288 AAA_31               PF13614.11   177   1.5e-36  123.7   0.0   1   1   3.2e-39     2e-36  123.3   0.0     2   166    13   184    12   195 0.87 GCF_020614375.1
NZ_CP085331.1_164     -            288 AAA_31               PF13614.11   177   9.9e-32  108.0   0.0   1   1   2.1e-34   1.3e-31  107.6   0.0     2   150     7   159     6   183 0.86 GCF_020614375.1
NZ_AOLJ01000027.1_53  -            676 AAA_31               PF13614.11   177   5.1e-23   79.7   0.0   1   2   7.5e-13   4.6e-10   37.5   0.0     7   132    24   157    20   164 0.70 GCF_000336775.1
NZ_AOLJ01000027.1_53  -            676 AAA_31               PF13614.11   177   5.1e-23   79.7   0.0   2   2   2.7e-13   1.6e-10   38.9   0.0     8   131   349   488   346   496 0.70 GCF_000336775.1
NZ_FOTC01000002.1_400 -            414 AAA_31               PF13614.11   177     2e-15   54.9   0.0   1   1   5.8e-18   3.6e-15   54.1   0.0     4   148     7   146     4   168 0.80 GCF_900114455.1
PXRK01000076.1_39     -            282 AAA_31               PF13614.11   177   1.3e-14   52.3   0.0   1   1   3.2e-17     2e-14   51.7   0.0     3   155     5   148     3   163 0.85 GCA_003021015.1
LKNH01000122.1_2      -            165 AAA_33               PF13671.11   143   4.5e-30  102.6   0.2   1   1     6e-33   5.5e-30  102.3   0.2     1   142     7   140     7   141 0.96 GCA_001564135.1
NZ_CP072036.1_2462    -            627 AAA_33               PF13671.11   143   1.7e-11   42.3   1.0   1   1   1.4e-13   1.3e-10   39.5   0.1     1   130   455   585   455   593 0.84 GCF_018847375.1
NZ_QPII01000005.1_233 -            196 AAA_33               PF13671.11   143   1.1e-07   30.0   0.0   1   1   1.6e-10   1.5e-07   29.6   0.0     2   130    11   133    10   141 0.84 GCF_003336675.1
NZ_CP085338.1_545         -            335 AAA_5                PF07728.19   139   1.9e-18   64.5   0.0   1   1   1.1e-20   4.8e-18   63.2   0.0     1   139    38   166    38   166 0.96 GCF_020618475.1
NZ_JANHDJ010000002.1_667  -           1045 AAA_5                PF07728.19   139     2e-14   51.5   0.0   1   1   9.2e-17   4.3e-14   50.5   0.0     1   139   741   913   741   913 0.92 GCF_024494645.1
PXRE01000009.1_36         -            735 AAA_5                PF07728.19   139   7.8e-12   43.1   0.2   1   1   4.7e-08   2.2e-05   22.3   0.0     1    79   224   294   224   343 0.66 GCA_003021085.1
NZ_JALLGW010000001.1_1802 -            743 AAA_5                PF07728.19   139   7.8e-08   30.2   0.0   1   1   4.1e-10   1.9e-07   28.9   0.0     1   125   388   505   388   517 0.75 GCF_023074835.1
WHTU01000040.1_25         -            769 AAA_5                PF07728.19   139   1.2e-07   29.5   0.1   1   1   7.9e-10   3.6e-07   28.0   0.1     1   125   346   460   346   470 0.83 GCA_009377575.1
NZ_LOPW02000010.1_165     -            519 AAA_5                PF07728.19   139     2e-07   28.9   0.0   1   1   1.8e-09   8.2e-07   26.9   0.0     2   139   268   389   267   389 0.80 GCF_001469875.2
NZ_WUYX01000071.1_162     -            467 AAA_5                PF07728.19   139   5.7e-07   27.4   0.2   1   1   5.9e-09   2.7e-06   25.2   0.2     1    81   245   317   245   368 0.58 GCF_009834785.1
NZ_CP085338.1_545    -            335 AAA_lid_2            PF17863.6     74   9.8e-27   90.3   1.2   1   1   5.2e-30   1.9e-26   89.4   1.2     2    73   233   304   232   305 0.96 GCF_020618475.1
PXRE01000009.1_36     -            735 AAA_lid_3            PF17862.6     45   2.3e-24   82.3  10.7   1   2   1.8e-18   2.2e-15   53.7   0.5     1    35   376   410   376   417 0.94 GCA_003021085.1
PXRE01000009.1_36     -            735 AAA_lid_3            PF17862.6     45   2.3e-24   82.3  10.7   2   2     2e-12   2.5e-09   34.3   0.7     1    39   669   707   669   713 0.94 GCA_003021085.1
NZ_WUYX01000071.1_162 -            467 AAA_lid_3            PF17862.6     45   2.2e-14   50.5   0.3   1   1   4.3e-17   5.3e-14   49.2   0.3     2    44   402   444   401   445 0.94 GCF_009834785.1
NZ_LOPW02000010.1_165 -            519 AAA_lid_3            PF17862.6     45     2e-10   37.8   0.2   1   1   3.8e-13   4.7e-10   36.6   0.2     2    44   419   461   418   462 0.94 GCF_001469875.2
NZ_FTNO01000001.1_1045 -            252 AA_kinase            PF00696.33   234   4.8e-38  128.9   1.8   1   1   4.8e-41   5.9e-38  128.6   1.8     2   221     3   218     2   223 0.92 GCF_900156425.1
JAKUOP010000013.1_63   -            471 AA_kinase            PF00696.33   234   5.6e-31  105.8   1.7   1   1     8e-34   9.8e-31  105.0   1.7     1   233     3   296     3   299 0.83 GCA_022450565.1
NZ_SDIC01000005.1_240  -            182 AA_kinase            PF00696.33   234   2.7e-16   57.8   0.1   1   1   9.5e-12   1.2e-08   32.8   0.0   169   234    81   148    72   148 0.94 GCF_004116405.1
NZ_CP101156.1_2664       -            776 AA_permease          PF00324.26   470   7.4e-44  147.9  44.1   1   1     1e-46   9.3e-44  147.6  44.1     4   427     2   400     1   417 0.84 GCF_024298845.1
NZ_JAJCVI010000004.1_493 -            751 AA_permease          PF00324.26   470   3.4e-38  129.3  35.4   1   1     5e-41   4.6e-38  128.8  35.4     3   412    16   408    14   421 0.83 GCF_020567525.1
NZ_JANHJR010000004.1_450 -            516 AA_permease          PF00324.26   470   7.9e-38  128.0  39.0   1   1   1.1e-40   9.8e-38  127.7  39.0     3   384    89   452    87   496 0.89 GCF_024495425.1
JAHFTO010000038.1_15     -            468 AA_permease          PF00324.26   470     1e-26   91.4  49.1   1   1   1.4e-29   1.3e-26   91.0  49.1    17   453    22   443     8   465 0.84 GCA_023269355.1
JAHFTO010000038.1_15     -            468 AA_permease_2        PF13520.11   427   4.7e-76  254.1  57.8   1   1   6.5e-79     6e-76  253.8  57.8     1   426     6   440     5   443 0.94 GCA_023269355.1
NZ_JAJCVI010000004.1_493 -            751 AA_permease_2        PF13520.11   427   8.5e-46  154.4  40.9   1   1   1.1e-48     1e-45  154.2  40.9     1   401    10   413    10   437 0.84 GCF_020567525.1
NZ_JANHJR010000004.1_450 -            516 AA_permease_2        PF13520.11   427   9.7e-43  144.4  44.7   1   1   1.3e-45   1.2e-42  144.0  44.7     7   402    89   482    83   504 0.83 GCF_024495425.1
NZ_CP101156.1_2664       -            776 AA_permease_2        PF13520.11   427   3.5e-39  132.6  47.4   1   1   4.6e-42   4.2e-39  132.4  47.4     8   424     2   416     1   417 0.85 GCF_024298845.1
NZ_MWLL01000204.1_21 -            210 ABATE                PF07336.16   130   1.9e-13   48.9  23.2   1   1   9.1e-17   3.3e-13   48.1  23.2     1   129    17   162    17   163 0.83 GCF_002198675.1
NZ_JADDKQ010000027.1_30 -            279 ABC-3                PF00950.22   258   4.1e-75  250.4  34.5   1   1   2.5e-78   4.6e-75  250.2  34.5     1   253    12   263    12   268 0.98 GCF_016464425.1
RKSK01000014.1_3        -            285 ABC-3                PF00950.22   258     3e-56  188.5  36.2   1   1   1.8e-59   3.4e-56  188.4  36.2     3   256     8   261     6   263 0.98 GCA_007570915.1
NZ_RDFA01000008.1_27 -            522 ABC1                 PF03109.21   244   3.6e-50  168.1   0.0   1   1   1.3e-53   4.8e-50  167.7   0.0     2   241    86   323    85   326 0.94 GCF_004118325.1
JAHRAL010000099.1_5      -            268 ABC2_membrane        PF01061.29   211   4.1e-35  119.0  16.4   1   1   5.6e-38   4.1e-35  119.0  16.4     3   209    17   228    15   230 0.93 GCA_020027325.1
NZ_JADDKQ010000003.1_221 -            271 ABC2_membrane        PF01061.29   211   1.2e-27   94.6   2.7   1   1     2e-30   1.5e-27   94.3   2.7     4   208    29   233    26   236 0.92 GCF_016464425.1
NZ_JAALLS010000018.1_19  -            372 ABC2_membrane        PF01061.29   211   5.9e-27   92.3  23.8   1   1   1.4e-28   1.1e-25   88.2  17.5    49   210   176   336   138   337 0.92 GCF_011059105.1
JAFGCY010000095.1_34     -            378 ABC2_membrane        PF01061.29   211   1.3e-22   78.1  16.5   1   1   2.4e-23   1.8e-20   71.1  14.5    45   210   181   342   158   343 0.89 GCA_016932385.1
LKNH01000005.1_27        -            262 ABC2_membrane        PF01061.29   211   2.8e-22   77.0   5.0   1   1   5.7e-25   4.2e-22   76.5   5.0     3   209     7   216     5   218 0.90 GCA_001564135.1
NZ_JAAAJC010000002.1_405 -            281 ABC2_membrane_2      PF12679.12   283     4e-60  201.2  17.6   1   1   6.4e-63   4.7e-60  201.0  17.6     1   283     4   281     4   281 0.91 GCF_009900715.1
NZ_QPII01000008.1_120    -            276 ABC2_membrane_2      PF12679.12   283   3.5e-46  155.4  23.7   1   1   5.5e-49   4.1e-46  155.2  23.7     2   282     6   275     5   276 0.93 GCF_003336675.1
JAFGCY010000095.1_34     -            378 ABC2_membrane_2      PF12679.12   283     1e-17   62.1  11.7   1   1   2.3e-20   1.7e-17   61.4  11.7     2   272     9   367     8   372 0.79 GCA_016932385.1
NZ_JAALLS010000018.1_19  -            372 ABC2_membrane_2      PF12679.12   283   1.1e-17   61.9  10.3   1   1   2.1e-20   1.5e-17   61.5  10.3     3   278     7   367     5   370 0.74 GCF_011059105.1
NZ_JALIQP010000001.1_214 -            382 ABC2_membrane_2      PF12679.12   283   2.9e-10   37.6   3.7   1   1   5.1e-13   3.8e-10   37.2   3.7     2   216    39   346    38   371 0.89 GCF_023566055.1
NZ_JAALLS010000018.1_19  -            372 ABC2_membrane_3      PF12698.12   347   5.2e-51  171.5  19.2   1   1   1.1e-53   5.8e-51  171.3  19.2     1   346    19   364    19   365 0.88 GCF_011059105.1
JAFGCY010000095.1_34     -            378 ABC2_membrane_3      PF12698.12   347   7.6e-43  144.6  14.1   1   1   1.7e-45   9.1e-43  144.4  14.1     2   343    23   367    22   369 0.84 GCA_016932385.1
NZ_JADDKQ010000003.1_221 -            271 ABC2_membrane_3      PF12698.12   347   9.4e-18   62.1   0.2   1   1   1.8e-20   9.4e-18   62.1   0.2   158   346    72   262    67   263 0.94 GCF_016464425.1
NZ_JALXFV010000002.1_455 -            356 ABC2_membrane_3      PF12698.12   347   2.3e-17   60.9   3.8   1   1   6.4e-20   3.4e-17   60.3   3.8     6   344    21   344    19   346 0.80 GCF_023699475.1
NZ_JALIQP010000001.1_214 -            382 ABC2_membrane_3      PF12698.12   347   7.3e-17   59.2   0.0   1   1   2.7e-19   1.4e-16   58.3   0.0     8   304    62   342    53   363 0.78 GCF_023566055.1
JAHRAL010000099.1_5      -            268 ABC2_membrane_3      PF12698.12   347   2.1e-15   54.4  25.4   1   1   5.3e-18   2.8e-15   54.0  25.4   159   345    68   256    59   258 0.93 GCA_020027325.1
LKNH01000005.1_27        -            262 ABC2_membrane_3      PF12698.12   347   7.8e-14   49.2   3.5   1   1   1.5e-16   7.8e-14   49.2   3.5   164   346    61   255    49   256 0.89 GCA_001564135.1
NZ_QPII01000008.1_120    -            276 ABC2_membrane_4      PF12730.12   179   1.3e-10   39.3  10.1   1   1   7.2e-14   1.3e-10   39.3  10.1    12   177    18   185    11   214 0.72 GCF_003336675.1
NZ_JAAAJC010000002.1_405 -            281 ABC2_membrane_4      PF12730.12   179   4.5e-10   37.5   7.3   1   1   2.5e-13   4.5e-10   37.5   7.3    15   151    26   160     8   187 0.75 GCF_009900715.1
NZ_QPII01000008.1_120    -            276 ABC2_membrane_5      PF13346.11   205   5.6e-08   30.3   8.0   1   1     3e-11   5.6e-08   30.3   8.0    36   160    59   187    47   226 0.76 GCF_003336675.1
NZ_JAAAJC010000002.1_405 -            281 ABC2_membrane_5      PF13346.11   205   1.8e-07   28.7   3.6   1   1   9.7e-11   1.8e-07   28.7   3.6    40   184    67   219    52   227 0.64 GCF_009900715.1
PXRE01000007.1_7     -            627 ABC_membrane         PF00664.28   274   3.2e-41  139.5   2.5   1   1   1.2e-44   4.4e-41  139.1   2.5     3   273    44   335    41   336 0.95 GCA_003021085.1
PXRK01000067.1_84        -            723 ABC_tran             PF00005.32   137   1.7e-65  217.5   0.0   1   2   3.2e-29     5e-27   92.9   0.0     2   137    26   183    25   183 0.89 GCA_003021015.1
PXRK01000067.1_84        -            723 ABC_tran             PF00005.32   137   1.7e-65  217.5   0.0   2   2   2.2e-38   3.4e-36  122.6   0.0     2   136   399   548   398   549 0.98 GCA_003021015.1
JADKAQ010000009.1_25     -            548 ABC_tran             PF00005.32   137   2.4e-53  178.1   0.2   1   2   9.8e-38   1.5e-35  120.5   0.0     3   137    33   180    31   180 0.97 GCA_016719105.1
JADKAQ010000009.1_25     -            548 ABC_tran             PF00005.32   137   2.4e-53  178.1   0.2   2   2     1e-17   1.6e-15   55.7   0.0     2   125   310   453   309   466 0.83 GCA_016719105.1
NZ_WSZK01000007.1_29     -            338 ABC_tran             PF00005.32   137   1.1e-38  130.7   0.0   1   1   9.3e-41   1.4e-38  130.3   0.0     2   137    47   198    46   198 0.95 GCF_009791395.1
NZ_QPII01000001.1_492    -            364 ABC_tran             PF00005.32   137   4.4e-37  125.5   0.0   1   1   4.3e-39   6.5e-37  124.9   0.0     1   136    18   167    18   168 0.97 GCF_003336675.1
NC_012028.1_168          -            236 ABC_tran             PF00005.32   137   1.1e-36  124.2   0.0   1   1   9.4e-39   1.4e-36  123.8   0.0     2   136    21   163    20   164 0.97 GCF_000022205.1
PXRE01000007.1_7         -            627 ABC_tran             PF00005.32   137   3.7e-36  122.5   0.0   1   1   4.1e-38   6.2e-36  121.8   0.0     1   137   397   546   397   546 0.93 GCA_003021085.1
NZ_CVUA01000001.1_1749   -            277 ABC_tran             PF00005.32   137   1.1e-34  117.7   0.0   1   1   9.7e-37   1.5e-34  117.3   0.0     1   137    19   163    19   163 0.98 GCF_001282785.1
NZ_CP084469.1_3283       -            336 ABC_tran             PF00005.32   137   1.3e-34  117.5   0.0   1   1   1.4e-36   2.1e-34  116.8   0.0     1   137    20   164    20   164 0.98 GCF_020405205.1
NZ_CVUA01000001.1_1079   -            434 ABC_tran             PF00005.32   137   1.8e-34  117.0   0.0   1   1   1.7e-36   2.6e-34  116.5   0.0     2   137    40   188    39   188 0.97 GCF_001282785.1
QOOS01000012.1_25        -            287 ABC_tran             PF00005.32   137   3.3e-34  116.2   0.2   1   1   3.1e-36   4.7e-34  115.7   0.2     1   135    48   201    48   203 0.95 GCA_003331425.1
JADJWG010000001.1_163    -            258 ABC_tran             PF00005.32   137   5.4e-34  115.5   0.0   1   1   4.8e-36   7.4e-34  115.0   0.0     2   137    30   174    29   174 0.95 GCA_016716475.1
NZ_JAJCVJ010000002.1_896 -            262 ABC_tran             PF00005.32   137   2.8e-33  113.2   0.0   1   1   2.4e-35   3.7e-33  112.8   0.0     1   137    18   161    18   161 0.98 GCF_020567425.1
NZ_FNFE01000004.1_90     -            243 ABC_tran             PF00005.32   137   8.9e-33  111.5   0.0   1   1   7.9e-35   1.2e-32  111.1   0.0     1   135    24   172    24   174 0.98 GCF_900100335.1
NZ_FNFE01000002.1_19     -            340 ABC_tran             PF00005.32   137   3.5e-32  109.6   0.0   1   1   4.1e-34   6.3e-32  108.8   0.0     2   136    53   196    52   197 0.94 GCF_900100335.1
CP060262.1_850           -            245 ABC_tran             PF00005.32   137     4e-31  106.2   0.0   1   1     4e-33   6.2e-31  105.6   0.0     1   136    17   161    17   162 0.93 GCA_022646745.1
WHTU01000011.1_78        -            380 ABC_tran             PF00005.32   137   6.1e-31  105.6   0.0   1   1   8.8e-33   1.4e-30  104.5   0.0     1   136    39   185    39   186 0.95 GCA_009377575.1
NZ_JAKUHT010000006.1_28  -            260 ABC_tran             PF00005.32   137     2e-29  100.7   0.0   1   1   1.7e-31   2.5e-29  100.4   0.0     5   136    24   172    20   173 0.94 GCF_022436705.1
NZ_JADDKQ010000020.1_100 -            226 ABC_tran             PF00005.32   137   2.6e-29  100.3   0.0   1   1   2.2e-31   3.4e-29  100.0   0.0     3   136    22   161    20   162 0.95 GCF_016464425.1
NZ_QPII01000004.1_18     -            214 ABC_tran             PF00005.32   137   3.3e-29  100.0   0.0   1   1   2.6e-31     4e-29   99.7   0.0     2   136    21   161    20   162 0.97 GCF_003336675.1
NZ_JAALLS010000018.1_22  -            307 ABC_tran             PF00005.32   137   4.7e-28   96.3   0.0   1   1   8.9e-30   1.4e-27   94.8   0.0     2   137    20   161    19   161 0.89 GCF_011059105.1
NZ_QPII01000006.1_218    -            242 ABC_tran             PF00005.32   137     2e-24   84.5   0.0   1   1     2e-26   3.1e-24   83.9   0.0     1   137    31   165    31   165 0.88 GCF_003336675.1
NZ_CP058335.1_1164       -            356 ABC_tran             PF00005.32   137   8.8e-18   63.0   0.1   1   1   3.9e-19     6e-17   60.3   0.1     1   134    75   274    75   277 0.75 GCF_013391105.1
JAGXTE010000054.1_47     -            263 Abhydrolase_1        PF00561.25   245   1.4e-30  104.5   0.0   1   1   1.1e-32   3.3e-30  103.3   0.0     2   245    25   249    24   249 0.87 GCA_018334095.1
NZ_MWLL01000189.1_49     -            265 Abhydrolase_1        PF00561.25   245   1.5e-29  101.1   0.0   1   1   2.3e-31   7.1e-29   98.9   0.0     4   245    25   249    22   249 0.94 GCF_002198675.1
NC_017944.1_408          -            566 Abhydrolase_1        PF00561.25   245   1.6e-21   74.9   0.0   1   1   7.7e-24   2.4e-21   74.3   0.0     2   223    79   327    78   346 0.82 GCF_000306765.2
NZ_JAJFAY010000002.1_710 -            263 Abhydrolase_1        PF00561.25   245   7.5e-19   66.1   0.0   1   1     1e-20   3.2e-18   64.0   0.0    28   244    48   242    36   243 0.93 GCF_021083305.1
JAHEXS010000001.1_31     -            358 Abhydrolase_1        PF00561.25   245   1.3e-17   62.0   0.0   1   1   7.3e-19   2.3e-16   58.0   0.0    19   239    93   334    71   337 0.66 GCA_023252015.1
NZ_QQTY01000001.1_34     -            275 Abhydrolase_1        PF00561.25   245   3.4e-15   54.1   0.0   1   1   7.3e-15   2.2e-12   44.9   0.1     2   119    40   163    39   175 0.79 GCF_003670115.1
JAFAQB010000083.1_7      -            294 Abhydrolase_1        PF00561.25   245   1.8e-13   48.5   0.2   1   1   9.2e-15   2.8e-12   44.5   0.0     3   105    93   210    91   218 0.81 GCA_019246625.1
NZ_BBMP01000023.1_84     -            204 Abhydrolase_1        PF00561.25   245   1.1e-12   45.9   0.0   1   1   4.8e-15   1.5e-12   45.5   0.0     1   103    21   120    21   189 0.83 GCF_000755245.1
NZ_JANHAU010000002.1_576 -            601 Abhydrolase_1        PF00561.25   245   4.1e-11   40.7   0.3   1   1     2e-09   6.2e-07   27.1   0.1     1   102   378   489   378   523 0.77 GCF_024464185.1
NZ_NHSQ01000041.1_15     -            293 Abhydrolase_1        PF00561.25   245     1e-09   36.2   0.0   1   1   1.2e-11   3.7e-09   34.3   0.0     2   109    37   147    36   158 0.83 GCF_016653465.1
NZ_QURE01000033.1_2      -            435 Abhydrolase_1        PF00561.25   245   1.2e-09   35.9   0.0   1   1   4.4e-11   1.4e-08   32.5   0.0    16   239    97   376    68   381 0.59 GCF_009898475.1
NZ_RDFA01000004.1_315    -            485 Abhydrolase_1        PF00561.25   245   2.2e-07   28.5   0.0   1   1   3.6e-09   1.1e-06   26.2   0.0     3   131   216   350   214   370 0.73 GCF_004118325.1
PXRE01000037.1_10    -            215 Abhydrolase_2        PF02230.21   217   2.1e-19   68.0   0.0   1   1   8.6e-22   3.2e-18   64.1   0.0     9   212    18   207    10   212 0.88 GCA_003021085.1
JAFAQB010000083.1_7  -            294 Abhydrolase_3        PF07859.18   210   5.2e-07   27.4   0.1   1   1   3.9e-10   1.4e-06   25.9   0.1    46   124   152   221   148   237 0.74 GCA_019246625.1
NZ_MWLL01000189.1_49     -            265 Abhydrolase_4        PF08386.15   103   3.1e-06   25.0   0.0   1   1   4.9e-09     9e-06   23.5   0.0    35    90   204   259   180   262 0.88 GCF_002198675.1
NZ_JAJFAY010000002.1_710 -            263 Abhydrolase_4        PF08386.15   103   9.1e-06   23.5   0.0   1   1   9.1e-09   1.7e-05   22.7   0.0    34    92   197   255   176   261 0.92 GCF_021083305.1
NZ_MWLL01000189.1_49     -            265 Abhydrolase_6        PF12697.12   217   5.2e-29  100.2  16.7   1   1   1.1e-31     6e-29  100.0  16.7     2   216    25   254    24   255 0.74 GCF_002198675.1
JAGXTE010000054.1_47     -            263 Abhydrolase_6        PF12697.12   217   3.7e-22   77.8   0.0   1   1   8.5e-25   4.5e-22   77.5   0.0     1   215    26   253    26   255 0.68 GCA_018334095.1
NZ_BBMP01000023.1_84     -            204 Abhydrolase_6        PF12697.12   217   4.4e-20   71.0   0.6   1   1   9.3e-23   4.9e-20   70.9   0.6     1   147    23   182    23   204 0.63 GCF_000755245.1
NZ_JAJFAY010000002.1_710 -            263 Abhydrolase_6        PF12697.12   217   3.1e-17   61.7  11.3   1   1   7.4e-20   3.9e-17   61.4  11.3     6   216    33   248    26   249 0.65 GCF_021083305.1
NZ_NHSQ01000041.1_15     -            293 Abhydrolase_6        PF12697.12   217   2.6e-15   55.4   8.4   1   1   6.1e-18   3.2e-15   55.1   8.4     1   209    38   275    38   284 0.64 GCF_016653465.1
NZ_RDFA01000004.1_315    -            485 Abhydrolase_6        PF12697.12   217   5.7e-13   47.8   8.3   1   1   1.1e-15   5.7e-13   47.8   8.3     1   211   216   454   216   460 0.52 GCF_004118325.1
JAFAQB010000083.1_7      -            294 Abhydrolase_6        PF12697.12   217   3.8e-07   28.7   0.0   1   1   9.9e-10   5.2e-07   28.3   0.0     1    97    93   209    93   270 0.76 GCA_019246625.1
JADFQH010000019.1_6  -            571 ABM                  PF03992.21    78   2.4e-18   63.9   6.3   1   1   4.8e-17   8.8e-14   49.2   0.1     6    77   485   555   481   556 0.95 GCA_022561895.1
CP046181.1_1941      -             97 ABM                  PF03992.21    78   1.8e-11   41.9   0.0   1   1   1.2e-14   2.2e-11   41.5   0.0     2    65     3    65     2    68 0.95 GCA_014075315.1
NZ_MU078723.1_324    -            637 ACAS_N               PF16177.10    55   5.6e-18   62.3   6.2   1   1   3.3e-21   1.2e-17   61.2   6.2     5    55    17    66    14    66 0.95 GCF_014078545.1
NZ_CP058335.1_532    -            523 ACCA                 PF03255.19   310   2.3e-16   57.6   1.1   1   1   1.7e-17   6.1e-14   49.6   0.0    64   237   287   455   281   465 0.80 GCF_013391105.1
JAFGCY010000091.1_11 -            399 Acetate_kinase       PF00871.22   392  4.4e-147  487.5   0.1   1   1  1.4e-150    5e-147  487.4   0.1     2   392     3   390     2   390 0.98 GCA_016932385.1
NZ_JALIQP010000001.1_255  -            168 Acetyltransf_1       PF00583.30   116   1.2e-23   81.4   0.2   1   1   7.5e-26   1.4e-23   81.1   0.2    17   116    41   143    17   143 0.86 GCF_023566055.1
NZ_CP095487.1_930         -            164 Acetyltransf_1       PF00583.30   116   5.9e-21   72.7   0.4   1   1     4e-23   7.7e-21   72.3   0.4    17   116    39   137    15   137 0.79 GCF_023028345.1
LKNH01000095.1_4          -            160 Acetyltransf_1       PF00583.30   116   9.7e-19   65.5   0.0   1   1     6e-21   1.2e-18   65.3   0.0    18   116    44   143    16   143 0.85 GCA_001564135.1
NZ_CP100454.1_986         -            158 Acetyltransf_1       PF00583.30   116   4.6e-17   60.1   0.1   1   1   2.9e-19   5.7e-17   59.8   0.1    14   116    36   129    15   129 0.81 GCF_024228315.1
NZ_CP100762.1_2540        -            176 Acetyltransf_1       PF00583.30   116   1.4e-16   58.6   0.0   1   1   9.3e-19   1.8e-16   58.2   0.0    16   116    44   144    20   144 0.90 GCF_024296665.1
JAFEGH010000007.1_323     -            230 Acetyltransf_1       PF00583.30   116   5.9e-16   56.6   0.0   1   1   4.6e-18     9e-16   56.0   0.0    15   116    87   184    68   184 0.79 GCA_018240065.1
NZ_JDTH01000002.1_583     -            243 Acetyltransf_1       PF00583.30   116   2.1e-15   54.8   0.1   1   1   2.1e-17   4.1e-15   53.8   0.1    20   116   123   217    98   217 0.82 GCF_000710615.1
NZ_LWHG01000011.1_529     -            304 Acetyltransf_1       PF00583.30   116   3.2e-15   54.2   0.2   1   1   1.4e-14   2.7e-12   44.8   0.0    11   104    26   118    11   122 0.76 GCF_001625445.1
NZ_LIGX01000009.1_9       -            166 Acetyltransf_1       PF00583.30   116   4.3e-15   53.8   0.0   1   1   2.8e-17   5.4e-15   53.5   0.0     3   116    19   139    17   139 0.81 GCF_001683795.1
NZ_JAJFAY010000001.1_1683 -            244 Acetyltransf_1       PF00583.30   116   9.3e-15   52.7   0.0   1   1   8.2e-17   1.6e-14   51.9   0.0    14   116    41   139    20   139 0.82 GCF_021083305.1
NZ_CP101156.1_2930        -            159 Acetyltransf_1       PF00583.30   116   4.7e-14   50.4   0.1   1   1     3e-16   5.8e-14   50.1   0.1    18   116    40   137    17   137 0.84 GCF_024298845.1
NZ_LIGX01000002.1_259     -            357 Acetyltransf_1       PF00583.30   116   2.1e-13   48.3   0.1   1   1   3.3e-15   6.4e-13   46.8   0.0    22    98   237   312   216   327 0.78 GCF_001683795.1
NZ_JALLPK010000001.1_665  -            160 Acetyltransf_1       PF00583.30   116   9.3e-13   46.3   0.1   1   1   6.5e-15   1.3e-12   45.8   0.1    24   116    42   124    15   124 0.69 GCF_023276375.1
NZ_ML974127.1_936         -            203 Acetyltransf_1       PF00583.30   116   1.8e-12   45.3   0.0   1   1   1.6e-14   3.1e-12   44.6   0.0    28   116    58   142    34   144 0.80 GCF_004765815.2
PFRJ01000029.1_12         -            113 Acetyltransf_1       PF00583.30   116   6.9e-12   43.4   0.0   1   1   4.3e-14   8.3e-12   43.2   0.0    17    91    31   113    18   113 0.80 GCA_002788515.1
NZ_AOJN01000048.1_6       -            194 Acetyltransf_1       PF00583.30   116   1.4e-11   42.4   0.1   1   1   1.2e-13   2.3e-11   41.8   0.1    31   102    31   105     3   114 0.78 GCF_000337335.1
PXRK01000011.1_3          -            192 Acetyltransf_1       PF00583.30   116   1.9e-10   38.8   0.3   1   1   1.4e-12   2.8e-10   38.3   0.3    16   113    52   150    37   152 0.78 GCA_003021015.1
NZ_CP085327.1_849         -            357 Acetyltransf_1       PF00583.30   116   6.5e-09   33.9   1.6   1   1   5.9e-11   1.2e-08   33.1   0.5    41   116   227   300   165   302 0.88 GCF_020614375.1
JADJWG010000004.1_327     -            166 Acetyltransf_1       PF00583.30   116   1.5e-05   23.0   0.2   1   1   1.6e-07   3.1e-05   22.0   0.2    26    82    59   109    34   136 0.70 GCA_016716475.1
NZ_CP100454.1_986         -            158 Acetyltransf_10      PF13673.12   128   5.9e-16   56.4   0.0   1   1     2e-18   7.2e-16   56.1   0.0    28   121    51   144    28   153 0.83 GCF_024228315.1
NZ_CP095487.1_930         -            164 Acetyltransf_10      PF13673.12   128   6.5e-16   56.2   0.0   1   1   2.2e-18   8.2e-16   55.9   0.0     5   109    34   139    30   150 0.87 GCF_023028345.1
NZ_JAJFAY010000001.1_1683 -            244 Acetyltransf_10      PF13673.12   128   6.8e-14   49.7   0.0   1   1   2.9e-16   1.1e-13   49.1   0.0    11   116    36   148    26   152 0.84 GCF_021083305.1
NZ_JALIQP010000001.1_255  -            168 Acetyltransf_10      PF13673.12   128   1.8e-13   48.4   0.0   1   1     7e-16   2.6e-13   47.8   0.0    32   109    57   145    36   151 0.86 GCF_023566055.1
NZ_CP101156.1_2930        -            159 Acetyltransf_10      PF13673.12   128     8e-12   43.0   0.0   1   1   2.6e-14   9.7e-12   42.7   0.0    29   126    51   157    33   159 0.86 GCF_024298845.1
NZ_JALLPK010000001.1_665  -            160 Acetyltransf_10      PF13673.12   128   1.2e-11   42.4   0.0   1   1   4.3e-14   1.6e-11   42.1   0.0    31   109    51   126    30   141 0.78 GCF_023276375.1
JADJWG010000004.1_327     -            166 Acetyltransf_10      PF13673.12   128   1.3e-11   42.4   0.0   1   1   6.5e-14   2.4e-11   41.5   0.0    16   120    51   149    46   152 0.85 GCA_016716475.1
LKNH01000095.1_4          -            160 Acetyltransf_10      PF13673.12   128   1.5e-10   38.9   0.1   1   1   5.9e-13   2.2e-10   38.4   0.1    16   110    41   146    24   153 0.88 GCA_001564135.1
JAFEGH010000007.1_323     -            230 Acetyltransf_10      PF13673.12   128   1.7e-10   38.7   0.1   1   1   8.9e-13   3.3e-10   37.8   0.1    38   112   112   189    68   206 0.79 GCA_018240065.1
PFRJ01000029.1_12         -            113 Acetyltransf_10      PF13673.12   128   1.6e-07   29.1   0.0   1   1   5.8e-10   2.1e-07   28.7   0.0     7    82    32   112    28   113 0.76 GCA_002788515.1
NZ_BBMP01000004.1_89 -            397 Acetyltransf_17      PF17668.6    114   2.5e-25   87.1   0.9   1   1   1.8e-28   6.6e-25   85.7   0.9     2   114   180   289   179   289 0.89 GCF_000755245.1
NZ_CP100762.1_2540    -            176 Acetyltransf_3       PF13302.12   138   8.1e-31  105.3   0.0   1   1   2.1e-33   9.5e-31  105.1   0.0     2   138    12   145    11   145 0.90 GCF_024296665.1
PXRK01000011.1_3      -            192 Acetyltransf_3       PF13302.12   138   7.3e-18   63.4   0.1   1   1     2e-20   9.1e-18   63.0   0.1     4   134    13   150    10   151 0.76 GCA_003021015.1
NZ_LIGX01000009.1_9   -            166 Acetyltransf_3       PF13302.12   138   4.6e-11   41.3   0.0   1   1   1.3e-13   5.8e-11   41.0   0.0    37   138    42   140     4   140 0.79 GCF_001683795.1
LKNH01000095.1_4      -            160 Acetyltransf_3       PF13302.12   138   3.3e-08   32.1   0.0   1   1   8.3e-11   3.8e-08   31.9   0.0    51   138    53   144     6   144 0.81 GCA_001564135.1
NZ_JDTH01000002.1_583 -            243 Acetyltransf_3       PF13302.12   138   1.2e-07   30.3   0.1   1   1   3.7e-10   1.7e-07   29.8   0.1     3   136    83   216    81   218 0.80 GCF_000710615.1
NZ_CP095487.1_930     -            164 Acetyltransf_3       PF13302.12   138   1.5e-07   29.9   0.4   1   1   4.3e-10     2e-07   29.6   0.4     4   138     3   138     2   138 0.77 GCF_023028345.1
NZ_CP101156.1_2930    -            159 Acetyltransf_3       PF13302.12   138   3.4e-07   28.8   0.1   1   1   8.4e-10   3.9e-07   28.6   0.1     1   125     4   125     4   138 0.76 GCF_024298845.1
NZ_LWHG01000011.1_529 -            304 Acetyltransf_3       PF13302.12   138   5.5e-07   28.1   6.8   1   1   1.4e-09   6.5e-07   27.9   0.5     3   119     7   112     6   128 0.73 GCF_001625445.1
NZ_JDTH01000002.1_583 -            243 Acetyltransf_4       PF13420.12   155   3.4e-13   47.7   0.0   1   1   4.8e-16   4.4e-13   47.3   0.0     1   155    84   238    84   238 0.87 GCF_000710615.1
NZ_CP100762.1_2540    -            176 Acetyltransf_4       PF13420.12   155   3.2e-08   31.5   0.0   1   1   4.3e-11   3.9e-08   31.2   0.0     1   152    14   162    14   164 0.91 GCF_024296665.1
NZ_LIGX01000009.1_9   -            166 Acetyltransf_4       PF13420.12   155   4.9e-07   27.7   0.0   1   1   6.1e-10   5.6e-07   27.5   0.0    34   151    39   156    19   160 0.91 GCF_001683795.1
NZ_CP095487.1_930     -            164 Acetyltransf_4       PF13420.12   155   2.6e-06   25.3   0.0   1   1   3.4e-09   3.2e-06   25.0   0.0     1   138     3   141     3   151 0.81 GCF_023028345.1
NZ_CP095487.1_930    -            164 Acetyltransf_6       PF13480.12   143   2.8e-08   31.8   2.4   1   1   1.1e-11     4e-08   31.3   2.4    25   134     5   119     2   129 0.83 GCF_023028345.1
NZ_CP095487.1_930         -            164 Acetyltransf_7       PF13508.12    84   1.7e-17   61.3   0.1   1   1   1.1e-19   2.6e-17   60.8   0.1     2    83    56   138    55   139 0.82 GCF_023028345.1
NZ_JALIQP010000001.1_255  -            168 Acetyltransf_7       PF13508.12    84   7.9e-17   59.2   0.0   1   1   5.4e-19   1.2e-16   58.6   0.0     5    83    58   144    54   145 0.81 GCF_023566055.1
NZ_CP100454.1_986         -            158 Acetyltransf_7       PF13508.12    84   3.2e-15   54.1   0.1   1   1   1.9e-17   4.3e-15   53.6   0.1     3    83    54   130    52   131 0.84 GCF_024228315.1
JAFEGH010000007.1_323     -            230 Acetyltransf_7       PF13508.12    84   1.1e-14   52.3   0.0   1   1   8.4e-17   1.9e-14   51.5   0.0    10    84   112   186   102   186 0.78 GCA_018240065.1
LKNH01000095.1_4          -            160 Acetyltransf_7       PF13508.12    84   3.6e-14   50.7   0.0   1   1   2.4e-16   5.4e-14   50.1   0.0     8    84    61   145    55   145 0.79 GCA_001564135.1
NZ_JALLPK010000001.1_665  -            160 Acetyltransf_7       PF13508.12    84   6.2e-14   49.9   0.0   1   1   4.8e-16   1.1e-13   49.1   0.0     4    83    52   125    49   126 0.75 GCF_023276375.1
NZ_JAJFAY010000001.1_1683 -            244 Acetyltransf_7       PF13508.12    84   1.1e-13   49.1   0.0   1   1     9e-16   2.1e-13   48.2   0.0     3    83    57   140    55   141 0.77 GCF_021083305.1
NZ_CP101156.1_2930        -            159 Acetyltransf_7       PF13508.12    84   5.6e-11   40.5   0.0   1   1   3.4e-13   7.9e-11   40.0   0.0     3    83    53   138    51   139 0.74 GCF_024298845.1
NZ_JDTH01000002.1_583     -            243 Acetyltransf_7       PF13508.12    84   1.8e-10   38.8   0.0   1   1   2.2e-12     5e-10   37.4   0.0     3    83   133   218   131   219 0.81 GCF_000710615.1
NZ_LIGX01000002.1_259     -            357 Acetyltransf_7       PF13508.12    84   2.3e-10   38.5   0.3   1   1   7.8e-11   1.8e-08   32.4   0.0     7    67   252   312   247   328 0.78 GCF_001683795.1
JADJWG010000004.1_327     -            166 Acetyltransf_7       PF13508.12    84   8.9e-10   36.6   0.0   1   1   5.6e-12   1.3e-09   36.1   0.0     4    83    67   137    64   138 0.67 GCA_016716475.1
PFRJ01000029.1_12         -            113 Acetyltransf_7       PF13508.12    84   6.6e-09   33.8   0.0   1   1   3.7e-11   8.6e-09   33.4   0.0     2    56    50   110    49   113 0.83 GCA_002788515.1
NZ_LWHG01000011.1_529     -            304 Acetyltransf_7       PF13508.12    84   9.8e-09   33.3   0.0   1   1   3.2e-10   7.4e-08   30.5   0.0     3    65    49   110    47   123 0.82 GCF_001625445.1
NZ_AOJN01000048.1_6       -            194 Acetyltransf_7       PF13508.12    84   1.2e-07   29.8   0.1   1   1   7.5e-10   1.7e-07   29.3   0.1     5    83    33   115    29   116 0.77 GCF_000337335.1
NZ_BBMP01000004.1_89 -            397 Acetyltransf_9       PF13527.12   127   5.6e-28   95.2   0.0   1   1   1.8e-30   1.7e-27   93.7   0.0     2   126     4   130     3   131 0.96 GCF_000755245.1
NZ_CP100454.1_986    -            158 Acetyltransf_9       PF13527.12   127   7.9e-09   33.4   0.0   1   1   1.8e-10   1.7e-07   29.1   0.0    69   126    72   131     2   132 0.66 GCF_024228315.1
NZ_CP101156.1_2930   -            159 Acetyltransf_9       PF13527.12   127   9.6e-09   33.1   0.0   1   1   4.8e-11   4.4e-08   30.9   0.0     2   125     7   138     6   140 0.82 GCF_024298845.1
CAJWBY010000078.1_21 -            880 Aconitase            PF00330.25   463  3.4e-135  449.3   0.0   1   1  2.4e-138  4.5e-135  448.9   0.0    11   463    69   543    57   543 0.93 GCA_913020705.1
SKKJ01000103.1_3     -            420 Aconitase            PF00330.25   463   4.9e-98  326.8   4.4   1   1   1.5e-98   2.7e-95  317.8   4.4    18   463    28   412     7   412 0.92 GCA_007121575.1
CAJWBY010000078.1_21  -            880 Aconitase_C          PF00694.24   131   6.4e-29   98.7   0.0   1   1   6.3e-32   1.2e-28   97.9   0.0     4   130   667   798   664   799 0.89 GCA_913020705.1
NZ_QQTY01000001.1_524 -            250 Aconitase_C          PF00694.24   131   3.8e-20   70.3   0.0   1   1   3.1e-23   5.6e-20   69.8   0.0     7   127    52   164    46   168 0.87 GCF_003670115.1
PXRE01000005.1_20    -            182 ACPS                 PF01648.25   111   3.9e-14   50.4   0.0   1   1   1.3e-17   4.9e-14   50.1   0.0     3    87    56   134    54   171 0.86 GCA_003021085.1
PXRK01000073.1_23        -            219 ACT                  PF01842.30    66   1.5e-13   48.0   0.1   1   1   4.2e-16   7.7e-13   45.8   0.0     3    64    43   105    41   107 0.95 GCA_003021015.1
NZ_JAJFAY010000002.1_406 -            317 ACT                  PF01842.30    66   3.4e-08   30.9   2.7   1   1   5.4e-11     1e-07   29.4   0.7     2    51     8    56     7    63 0.82 GCF_021083305.1
PXRK01000073.1_23    -            219 ACT_5                PF13710.11    62   5.7e-10   36.7   0.0   1   1   3.8e-13   1.4e-09   35.4   0.0     2    62    50   111    49   111 0.93 GCA_003021015.1
NZ_JAJFAY010000002.1_406 -            317 ACT_6                PF13740.11    76   7.8e-12   42.7   0.2   1   1   6.3e-15   2.3e-11   41.2   0.2     5    75     9    81     8    82 0.95 GCF_021083305.1
NZ_LOPW02000010.1_149 -            135 ACT_7                PF13840.11    65   1.9e-18   63.9   0.0   1   1   9.1e-22   3.4e-18   63.0   0.0     1    64    57   119    57   120 0.96 GCF_001469875.2
NZ_CP058335.1_3586   -            300 acVLRF1              PF18859.6    130   1.4e-36  123.4   4.7   1   1   3.8e-40   1.4e-36  123.4   4.7     2   129   175   297   174   298 0.90 GCF_013391105.1
AOLX01000025.1_66    -            139 Acyl-ACP_TE_C        PF20791.2    101     6e-11   40.2   0.3   1   1     7e-11   1.3e-07   29.5   0.4    10    36     7    33     3    42 0.87 GCA_000336895.1
NZ_FNYR01000003.1_13 -            171 Acyl-ACP_TE_C        PF20791.2    101   1.4e-09   35.9   0.0   1   1   4.5e-12   8.3e-09   33.4   0.0    11    95    44   137    34   141 0.76 GCF_900109065.1
NZ_JALIQP010000007.1_18 -            384 Acyl-CoA_dh_1        PF00441.29   150   4.3e-51  170.8   1.3   1   1   1.8e-54   6.7e-51  170.1   1.3     1   150   229   379   229   379 0.99 GCF_023566055.1
NZ_JALIQP010000007.1_18 -            384 Acyl-CoA_dh_2        PF08028.16   134   8.5e-18   62.7   0.6   1   1   2.3e-21   8.5e-18   62.7   0.6     4   128   247   362   244   368 0.92 GCF_023566055.1
NZ_JALIQP010000007.1_18 -            384 Acyl-CoA_dh_M        PF02770.24    97   1.9e-28   96.3   0.0   1   1   9.1e-32   3.4e-28   95.5   0.0     1    97   121   217   121   217 0.93 GCF_023566055.1
NZ_JALIQP010000007.1_18 -            384 Acyl-CoA_dh_N        PF02771.21   113   8.8e-35  117.3   0.7   1   1   5.5e-38     2e-34  116.1   0.3     1   111     6   115     6   117 0.97 GCF_023566055.1
CAJWBY010000042.1_18 -             89 Acylphosphatase      PF00708.23    85   5.4e-24   82.1   0.0   1   1   1.6e-27   5.8e-24   82.0   0.0     3    82     7    85     5    88 0.92 GCA_913020705.1
CAJWBY010000078.1_7  -            311 Acyl_transf_1        PF00698.26   319     2e-41  140.3   1.1   1   1   6.2e-45   2.3e-41  140.0   1.1     2   280     7   290     6   306 0.89 GCA_913020705.1
CP060262.1_3079      -            193 Adenine_glyco        PF03352.18   177   1.7e-84  279.8   0.0   1   1   5.2e-88   1.9e-84  279.7   0.0     1   177    10   186    10   186 1.00 GCA_022646745.1
JAFGCY010000011.1_64 -            422 Adenylsucc_synt      PF00709.26   416  1.2e-161  535.8   0.0   1   1  7.5e-165  1.4e-161  535.6   0.0     1   416     5   420     5   420 0.98 GCA_016932385.1
RHFB01000044.1_4     -            331 Adenylsucc_synt      PF00709.26   416   9.1e-82  272.7   2.1   1   2   1.8e-37   3.3e-34  116.1   0.1     1   141     5   136     5   143 0.92 GCA_003724285.1
RHFB01000044.1_4     -            331 Adenylsucc_synt      PF00709.26   416   9.1e-82  272.7   2.1   2   2   2.4e-44   4.4e-41  138.7   0.1   185   329   140   282   136   285 0.93 GCA_003724285.1
NZ_JAALLS010000021.1_39 -            330 ADH_N                PF08240.17   104   1.6e-34  116.1   0.4   1   1   4.6e-37   4.3e-34  114.7   0.1     2   104    25   135    24   135 0.98 GCF_011059105.1
RKRU01000145.1_8        -            170 ADH_N                PF08240.17   104   5.4e-27   91.9   0.1   1   1   7.1e-30   6.6e-27   91.6   0.1     1   104    30   143    30   143 0.96 GCA_007571225.1
NZ_JALJCL010000007.1_39 -            337 ADH_N                PF08240.17   104   2.9e-22   76.7   1.6   1   1   5.3e-25   4.9e-22   75.9   0.3     2   104    27   133    26   133 0.89 GCF_023698535.1
NZ_CP100454.1_3021      -            331 ADH_N                PF08240.17   104   8.4e-18   62.3   3.6   1   1   2.2e-20     2e-17   61.1   1.6     2   104    27   110    26   110 0.92 GCF_024228315.1
CP094974.1_4662           -            251 adh_short            PF00106.30   195   8.8e-65  215.6   0.5   1   1   3.1e-67     1e-64  215.4   0.5     2   193     8   200     7   202 0.98 GCA_022869805.1
NZ_CP099998.1_71          -            255 adh_short            PF00106.30   195   3.6e-58  194.0   2.5   1   1   1.4e-60   4.5e-58  193.7   2.5     1   190    12   204    12   209 0.97 GCF_024138145.1
NZ_ML974131.1_616         -            285 adh_short            PF00106.30   195   2.7e-54  181.3   0.0   1   1     1e-56   3.4e-54  181.0   0.0     2   191     4   187     3   191 0.95 GCF_004143485.2
NZ_JADDKQ010000001.1_92   -            257 adh_short            PF00106.30   195     3e-51  171.4   0.9   1   1   1.1e-53   3.8e-51  171.1   0.9     2   187    25   208    24   216 0.98 GCF_016464425.1
JAFEGL010000061.1_27      -            236 adh_short            PF00106.30   195   1.2e-48  163.0   0.0   1   1   4.3e-51   1.4e-48  162.7   0.0     3   193     2   186     1   188 0.95 GCA_018239895.1
NZ_JALLGW010000001.1_1677 -            332 adh_short            PF00106.30   195   1.1e-44  150.0   0.4   1   1   4.2e-47   1.4e-44  149.7   0.4     2   192     9   201     8   204 0.97 GCF_023074835.1
NZ_MWLL01000086.1_34      -            252 adh_short            PF00106.30   195     5e-43  144.6   0.0   1   1   2.3e-45   7.6e-43  144.0   0.0     1   190    10   188    10   191 0.94 GCF_002198675.1
JAIOPB010000048.1_15      -            625 adh_short            PF00106.30   195   3.9e-39  131.9   0.0   1   1   4.1e-35   1.4e-32  110.6   0.0     1   185     7   203     7   210 0.89 GCA_021414105.1
NZ_CP095487.1_3426        -            234 adh_short            PF00106.30   195   3.1e-37  125.7   0.0   1   1   1.3e-39   4.4e-37  125.2   0.0     2   177     4   180     3   185 0.98 GCF_023028345.1
NZ_JAJCVJ010000001.1_1550 -            241 adh_short            PF00106.30   195   5.8e-36  121.6   0.0   1   1   2.3e-38   7.8e-36  121.1   0.0     3   188     5   187     3   192 0.93 GCF_020567425.1
NZ_BBMP01000011.1_123     -            292 adh_short            PF00106.30   195   3.1e-35  119.2   0.1   1   1   1.1e-37   3.8e-35  118.9   0.1     1   190    38   227    38   232 0.97 GCF_000755245.1
CP094974.1_4662           -            251 adh_short_C2         PF13561.11   236   2.3e-74  247.7   1.1   1   1   7.7e-77   2.6e-74  247.5   1.1     1   235    13   248    13   249 0.98 GCA_022869805.1
NZ_CP099998.1_71          -            255 adh_short_C2         PF13561.11   236   1.1e-67  225.8   2.3   1   1     4e-70   1.3e-67  225.5   2.3     6   235    21   252    18   253 0.96 GCF_024138145.1
NZ_MWLL01000086.1_34      -            252 adh_short_C2         PF13561.11   236   1.4e-61  205.9   0.1   1   1   4.8e-64   1.6e-61  205.6   0.1     1   236    16   238    16   238 0.95 GCF_002198675.1
NZ_ML974131.1_616         -            285 adh_short_C2         PF13561.11   236   1.8e-41  140.0   0.0   1   1     7e-44   2.4e-41  139.6   0.0     3   186    11   188     9   207 0.94 GCF_004143485.2
NZ_JADDKQ010000001.1_92   -            257 adh_short_C2         PF13561.11   236   1.7e-36  123.7   1.0   1   1   6.3e-39   2.1e-36  123.4   1.0     1   185    30   212    30   243 0.89 GCF_016464425.1
NZ_BBMP01000011.1_123     -            292 adh_short_C2         PF13561.11   236   6.3e-33  112.0   0.5   1   1   4.6e-35   1.6e-32  110.8   0.5     1   236    44   289    44   289 0.88 GCF_000755245.1
JAFEGL010000061.1_27      -            236 adh_short_C2         PF13561.11   236   1.4e-32  110.9   0.0   1   1   5.1e-35   1.7e-32  110.6   0.0     1   215     6   214     6   223 0.94 GCA_018239895.1
NZ_JALLGW010000001.1_1677 -            332 adh_short_C2         PF13561.11   236   5.9e-31  105.6   0.1   1   1   2.2e-33   7.3e-31  105.3   0.1     1   184    14   199    14   233 0.86 GCF_023074835.1
JAIOPB010000048.1_15      -            625 adh_short_C2         PF13561.11   236   7.9e-31  105.2   0.0   1   1   2.4e-25   8.1e-23   79.0   0.0     6   179    16   203    13   220 0.84 GCA_021414105.1
NZ_CP095487.1_3426        -            234 adh_short_C2         PF13561.11   236   9.4e-31  104.9   0.0   1   1   3.2e-33   1.1e-30  104.7   0.0     2   171    10   180     9   217 0.94 GCF_023028345.1
NZ_JAJCVJ010000001.1_1550 -            241 adh_short_C2         PF13561.11   236   6.2e-26   89.2   0.1   1   1   2.2e-28   7.5e-26   88.9   0.1     1   185     9   190     9   231 0.87 GCF_020567425.1
NZ_CP100454.1_3021      -            331 ADH_zinc_N           PF00107.31   129   1.2e-30  103.9   0.1   1   1   1.7e-33   2.1e-30  103.1   0.1     1   125   158   284   158   288 0.92 GCF_024228315.1
NZ_JALJCL010000007.1_39 -            337 ADH_zinc_N           PF00107.31   129   1.9e-21   74.1   0.0   1   1   2.4e-24   2.9e-21   73.5   0.0     1   128   173   298   173   299 0.92 GCF_023698535.1
CABXPS010000022.1_23    -            117 ADH_zinc_N           PF00107.31   129     1e-10   39.4   0.0   1   1   1.4e-13   1.7e-10   38.7   0.0    58   125     7    74     2    78 0.89 GCA_902514095.1
NZ_CP100454.1_3021      -            331 ADH_zinc_N_2         PF13602.11   134   1.8e-25   88.2   0.3   1   1   3.3e-28   4.1e-25   87.0   0.0     1   134   190   329   190   329 0.80 GCF_024228315.1
CABXPS010000022.1_23    -            117 ADH_zinc_N_2         PF13602.11   134   9.6e-15   53.5   0.0   1   1   8.7e-18   1.1e-14   53.3   0.0    22   132     6   110     1   112 0.78 GCA_902514095.1
NZ_JALJCL010000007.1_39 -            337 ADH_zinc_N_2         PF13602.11   134   1.3e-11   43.3   0.0   1   1   1.8e-14   2.2e-11   42.6   0.0    12   134   217   333   205   333 0.79 GCF_023698535.1
NZ_CP017922.1_1594   -            408 AdoHcyase            PF05221.22   299   1.6e-37  127.0   0.0   1   2   1.1e-16   8.2e-14   49.1   0.0    11   132     6   124     2   131 0.93 GCF_001870125.1
NZ_CP017922.1_1594   -            408 AdoHcyase            PF05221.22   299   1.6e-37  127.0   0.0   2   2   7.4e-25   5.4e-22   76.0   0.0   178   285   133   406   123   407 0.98 GCF_001870125.1
JAANXC010000074.1_5  -            266 AdoHcyase            PF05221.22   299   8.2e-26   88.5   0.0   1   1   1.3e-28   9.8e-26   88.3   0.0   185   286     1   264     1   265 1.00 GCA_018263495.1
JABFSW010000086.1_4  -            187 AdoHcyase            PF05221.22   299   3.3e-12   43.9   0.0   1   1   4.7e-15   3.4e-12   43.8   0.0   220   284    70   183    12   186 0.80 GCA_013140415.1
JABJDB010000060.1_7  -             62 AdoHcyase            PF05221.22   299   4.4e-10   36.9   0.3   1   1   6.4e-13   4.7e-10   36.8   0.3   228   285     2    59     1    61 0.97 GCA_018668425.1
JACDHC010000109.1_1  -             82 AdoHcyase            PF05221.22   299   1.3e-09   35.4   0.0   1   1   2.1e-12   1.6e-09   35.1   0.0   222   284    17    79    15    81 0.95 GCA_013821245.1
JAANXC010000074.1_5  -            266 AdoHcyase_NAD        PF00670.26   162   3.2e-51  171.4   0.7   1   1   3.5e-54   3.2e-51  171.4   0.7     1   161    37   197    37   198 0.99 GCA_018263495.1
NZ_CP017922.1_1594   -            408 AdoHcyase_NAD        PF00670.26   162   1.4e-46  156.4   0.3   1   1   2.6e-49   2.4e-46  155.6   0.3     3   160   178   339   176   341 0.95 GCF_001870125.1
JABFSW010000086.1_4  -            187 AdoHcyase_NAD        PF00670.26   162   2.4e-40  136.0   3.1   1   1   3.2e-43     3e-40  135.7   0.4    45   161     2   118     1   119 0.98 GCA_013140415.1
NZ_CP072036.1_1276   -            326 AdoHcyase_NAD        PF00670.26   162   1.3e-08   32.9   0.3   1   1   2.6e-11   2.4e-08   32.0   0.3    20    82    13    75     2    83 0.88 GCF_018847375.1
NZ_NHSQ01000161.1_16 -            311 ADP_ribosyl_GH       PF03747.19   287   1.5e-84  281.8   3.3   1   1   4.6e-88   1.7e-84  281.6   3.3     1   287     9   284     9   284 0.96 GCF_016653465.1
NZ_QQTY01000001.1_76 -            617 AFOR_C               PF01314.23   385  2.4e-109  363.8   0.7   1   1  8.3e-113    3e-109  363.4   0.7    16   385   241   612   230   612 0.92 GCF_003670115.1
NZ_QQTY01000001.1_76 -            617 AFOR_N               PF02730.20   199   3.2e-62  207.6   0.0   1   1   1.3e-65   4.9e-62  207.0   0.0     1   197    11   213    11   215 0.97 GCF_003670115.1
PXRK01000073.1_23    -            219 AHAS-like_ACT        PF22629.1     67   1.7e-21   73.9   0.0   1   1     1e-24   3.7e-21   72.8   0.0     1    66    43   109    43   110 0.96 GCA_003021015.1
NZ_AOLK01000015.1_286 -            168 AhpC-TSA             PF00578.26   124     7e-36  120.7   0.1   1   1   1.2e-38   8.5e-36  120.4   0.1     1   123     4   136     4   137 0.96 GCF_000336755.1
NZ_CP095757.1_2221    -            427 AhpC-TSA             PF00578.26   124   6.1e-31  104.7   0.0   1   1   1.3e-33   9.3e-31  104.1   0.0     1   123    39   158    39   159 0.97 GCF_023093535.1
NZ_CP012850.1_1957    -            184 AhpC-TSA             PF00578.26   124     2e-24   83.6   0.0   1   1   3.5e-27   2.5e-24   83.3   0.0     2   122    13   133    12   135 0.97 GCF_000802205.1
JADJWG010000004.1_337 -            175 AhpC-TSA             PF00578.26   124     2e-21   74.0   0.0   1   1   3.2e-24   2.4e-21   73.7   0.0     1   123    23   142    23   143 0.93 GCA_016716475.1
NC_017941.2_207       -            179 AhpC-TSA             PF00578.26   124   4.1e-20   69.7   0.0   1   1   7.7e-23   5.7e-20   69.3   0.0     7   101    25   121    13   155 0.87 GCF_000306765.2
NZ_JADDKQ010000030.1_18 -            173 AHSA1                PF08327.16   125   2.5e-23   80.4   0.2   1   1   2.3e-26   2.9e-23   80.2   0.2     2   125    15   162    14   162 0.90 GCF_016464425.1
NZ_JADDKQ010000016.1_84 -            266 AHSA1                PF08327.16   125   2.3e-14   51.5   0.1   1   1   4.5e-17   5.5e-14   50.2   0.1     3   124    23   149    21   150 0.86 GCF_016464425.1
JAATVR010000362.1_9     -            153 AHSA1                PF08327.16   125   4.4e-07   27.9   0.7   1   1   4.2e-10   5.2e-07   27.7   0.7     1    97    11   121    11   149 0.71 GCA_014523665.1
NZ_JAALLS010000018.1_45 -            359 AI-2E_transport      PF01594.21   327   3.4e-58  195.1  39.8   1   1   3.2e-61   3.9e-58  194.9  39.8     7   326    14   340     9   341 0.87 GCF_011059105.1
PXRE01000009.1_4        -            333 AI-2E_transport      PF01594.21   327   9.8e-50  167.3  28.8   1   1   9.9e-53   1.2e-49  167.0  28.8     2   325     8   321     6   323 0.91 GCA_003021085.1
NZ_CP095482.1_462       -            393 AI-2E_transport      PF01594.21   327   1.6e-30  104.1  24.3   1   1   2.2e-33   2.7e-30  103.4  24.3     6   319    20   333    12   338 0.85 GCF_023028225.1
PXRX01000013.1_41    -            568 AICARFT_IMPCHas      PF01808.23   311   2.7e-34  116.7   0.0   1   1   1.7e-37   6.2e-34  115.6   0.0    84   311   257   499   250   499 0.84 GCA_003023195.1
CM001158.1_487        -            216 AIRC                 PF00731.25   148   1.4e-55  184.6   0.4   1   1   5.2e-58   9.6e-55  181.9   0.4     2   147    34   193    33   194 0.92 GCA_000204585.1
JADJWG010000004.1_415 -            267 AIRC                 PF00731.25   148   6.4e-16   56.0   1.9   1   1   6.3e-19   1.2e-15   55.1   1.9     2   128   123   249   122   256 0.84 GCA_016716475.1
NZ_CP011070.1_1283   -            679 AIRS                 PF00586.29   112   6.1e-45  150.0   0.1   1   2   2.8e-25   5.2e-22   76.2   0.4     2   110    60   173    59   174 0.93 GCF_000956175.1
NZ_CP011070.1_1283   -            679 AIRS                 PF00586.29   112   6.1e-45  150.0   0.1   2   2   1.2e-23   2.3e-20   70.9   0.0     1   112   418   536   418   536 0.93 GCF_000956175.1
NZ_NHSQ01000051.1_23 -            321 AIRS                 PF00586.29   112   4.4e-28   95.7   0.2   1   1     4e-31   7.3e-28   95.0   0.2     1   112    26   136    26   136 0.96 GCF_016653465.1
NZ_CP011070.1_1283   -            679 AIRS_C               PF02769.27   156   8.6e-49  163.4   1.0   1   2   8.4e-36   1.5e-32  110.6   0.6     2   151   187   334   186   338 0.89 GCF_000956175.1
NZ_CP011070.1_1283   -            679 AIRS_C               PF02769.27   156   8.6e-49  163.4   1.0   2   2   1.9e-17   3.5e-14   51.0   0.0     2   135   548   675   547   678 0.91 GCF_000956175.1
NZ_NHSQ01000051.1_23 -            321 AIRS_C               PF02769.27   156   1.6e-10   39.1   0.0   1   1   1.4e-13   2.5e-10   38.5   0.0     1   152   148   296   148   299 0.78 GCF_016653465.1
NZ_CP044523.1_3437   -            361 ALAD                 PF00490.26   317  3.5e-144  477.5   0.2   1   1  1.1e-147  4.1e-144  477.3   0.2     2   315    38   358    37   360 0.97 GCF_008831545.1
DTTB01000133.1_19    -             89 Alba                 PF01918.26    66   1.7e-12   44.7   0.3   1   1   1.5e-15   2.7e-12   44.1   0.3     3    64     2    61     1    63 0.91 GCA_012964965.1
VYCS01000032.1_26    -             97 Alba                 PF01918.26    66   9.9e-09   32.7   0.2   1   1   7.2e-12   1.3e-08   32.2   0.2     3    60    16    72    14    76 0.90 GCA_009843815.1
NZ_WUYX01000003.1_6   -            499 Aldedh               PF00171.27   461  4.7e-167  553.9   0.0   1   1  2.9e-170  5.3e-167  553.7   0.0     2   461    24   482    23   482 0.98 GCF_009834785.1
JADJWG010000001.1_844 -            543 Aldedh               PF00171.27   461   3.7e-98  326.8   0.0   1   1  2.7e-101     5e-98  326.4   0.0    18   455    65   507    62   512 0.96 GCA_016716475.1
NZ_OBEJ01000004.1_116   -            330 Aldo_ket_red         PF00248.26   291   1.4e-82  274.8   0.0   1   1   2.1e-85   1.5e-82  274.7   0.0     3   288    21   319    19   322 0.95 GCF_900215575.1
NZ_JAJCVI010000008.1_47 -            276 Aldo_ket_red         PF00248.26   291   6.3e-58  193.9   0.0   1   1   3.3e-59   2.4e-56  188.7   0.0     2   290    20   263    19   264 0.97 GCF_020567525.1
NZ_CP100400.1_1792      -            470 Aldo_ket_red         PF00248.26   291   7.9e-55  183.7   0.0   1   1   2.5e-56   1.9e-53  179.2   0.0     4   291   209   456   203   456 0.94 GCF_024218795.1
NZ_CP099997.1_1197      -            370 Aldo_ket_red         PF00248.26   291   3.3e-29   99.6   0.0   1   1   1.3e-24   9.5e-22   75.1   0.0     2   143    34   210    33   215 0.93 GCF_024138145.1
NZ_LWHG01000029.1_183   -            308 Aldo_ket_red         PF00248.26   291   8.9e-20   68.7   0.0   1   1   1.5e-22   1.1e-19   68.4   0.0     2   147    16   151    15   191 0.86 GCF_001625445.1
NZ_JADDKQ010000009.1_91 -            455 AlkZ-like            PF06224.17   329   7.9e-67  223.9  26.2   1   1   3.8e-70   1.4e-66  223.1  26.2     1   329    62   407    62   407 0.93 GCF_016464425.1
NZ_MWLL01000247.1_27 -            575 Alpha-amylase        PF00128.29   347  6.8e-129  428.0   0.0   1   1  2.8e-132    1e-128  427.4   0.0     1   344    31   396    31   399 0.97 GCF_002198675.1
PXRK01000073.1_23    -            219 ALS_ss_C             PF10369.14    74   3.7e-20   69.5   0.0   1   1   1.6e-23   5.8e-20   68.9   0.0     1    74   121   192   121   192 0.97 GCA_003021015.1
NZ_CP095757.1_356    -            239 Amdase               PF17645.6    228   2.2e-35  120.1   0.1   1   1   6.5e-39   2.4e-35  120.0   0.1     1   228     8   235     8   235 0.92 GCF_023093535.1
SZNP01000004.1_659   -            493 Amidase              PF01425.26   445  1.2e-105  351.8   0.0   1   1    5e-109  1.8e-105  351.3   0.0     1   445    26   464    26   464 0.88 GCA_005239435.1
NZ_JALLPK010000001.1_3132 -            287 Amidase_2            PF01510.30   131   2.4e-22   77.4   0.7   1   1   1.1e-25   4.1e-22   76.7   0.7     3   130   134   275   132   276 0.89 GCF_023276375.1
NZ_PHNJ01000023.1_36     -            336 Amidohydro_1         PF01979.25   345   5.8e-31  105.7   0.0   1   1   9.7e-31     6e-28   95.8   0.0     1   330    28   325    28   335 0.78 GCF_008122205.1
NZ_JALXFV010000007.1_171 -            381 Amidohydro_1         PF01979.25   345   1.3e-28   98.0   5.4   1   1   2.5e-31   1.5e-28   97.7   5.4     1   344    49   379    49   380 0.83 GCF_023699475.1
JAHENP010000186.1_1      -            460 Amidohydro_1         PF01979.25   345     6e-21   72.8   3.4   1   1   7.9e-23   4.8e-20   69.8   3.4     2   323    46   388    45   422 0.75 GCA_018609965.1
JADJWG010000004.1_243    -            423 Amidohydro_1         PF01979.25   345   6.6e-17   59.5   0.0   1   1   1.2e-15   7.4e-13   46.2   0.0   233   345   311   416   243   416 0.90 GCA_016716475.1
NZ_JAKUHT010000001.1_36  -            539 Amidohydro_1         PF01979.25   345   3.6e-14   50.5   0.0   1   1   9.2e-15   5.7e-12   43.3   0.0   125   345   313   536   274   536 0.78 GCF_022436705.1
NZ_JAKUHT010000023.1_2 -            349 Amidohydro_2         PF04909.19   289   2.8e-51  172.7   3.7   1   1   2.6e-54   3.2e-51  172.5   3.7     1   289    12   318    12   318 0.94 GCF_022436705.1
PXRK01000054.1_4       -            281 Amidohydro_2         PF04909.19   289   3.1e-25   87.2  12.8   1   1   3.1e-28   3.9e-25   86.9  12.8     1   288    11   279    11   279 0.85 GCA_003021015.1
NZ_WUUT01000001.1_337  -            268 Amidohydro_2         PF04909.19   289   1.1e-12   46.0   0.1   1   1   1.6e-15     2e-12   45.2   0.1     1   288    11   264    11   265 0.86 GCF_009831575.1
NZ_JAKUHT010000001.1_36  -            539 Amidohydro_3         PF07969.16   472   1.8e-56  190.3  18.7   1   1   5.5e-59   2.9e-56  189.6  18.7     2   472    72   537    71   537 0.83 GCF_022436705.1
JADKAQ010000008.1_352    -            545 Amidohydro_3         PF07969.16   472   9.7e-22   75.8   0.4   1   2   3.7e-11   1.9e-08   31.9   0.1     1   145    84   207    84   303 0.78 GCA_016719105.1
JADKAQ010000008.1_352    -            545 Amidohydro_3         PF07969.16   472   9.7e-22   75.8   0.4   2   2   3.4e-14   1.8e-11   41.9   0.0   373   470   431   524   349   525 0.81 GCA_016719105.1
JAHENP010000186.1_1      -            460 Amidohydro_3         PF07969.16   472   1.4e-20   71.9  15.0   1   1   1.2e-15   6.5e-13   46.7   6.6   239   472   127   424   101   424 0.76 GCA_018609965.1
JADJWG010000004.1_243    -            423 Amidohydro_3         PF07969.16   472   2.9e-17   61.0   3.8   1   1   5.6e-15     3e-12   44.5   0.5   153   472   126   417    91   417 0.69 GCA_016716475.1
NZ_JALXFV010000007.1_171 -            381 Amidohydro_3         PF07969.16   472   1.5e-14   52.1  16.2   1   1   3.2e-15   1.7e-12   45.3  12.2   228   472   163   381   134   381 0.81 GCF_023699475.1
QNGA01000013.1_36        -            393 Amidohydro_3         PF07969.16   472   1.5e-13   48.8  12.6   1   1   2.7e-13   1.4e-10   39.0   4.3   295   450   227   374   216   382 0.88 GCA_003298465.1
NZ_PHNJ01000023.1_36     -            336 Amidohydro_3         PF07969.16   472   7.5e-11   39.9   0.1   1   1   9.4e-11     5e-08   30.6   0.0   357   454   230   317   152   335 0.70 GCF_008122205.1
NZ_QLVG01000083.1_7    -            400 Aminotran_1_2        PF00155.26   361   1.3e-75  252.5   0.0   1   1   4.9e-78   1.5e-75  252.4   0.0     2   361    42   391    41   391 0.95 GCF_003382685.1
NZ_JADDKQ010000007.1_1 -            335 Aminotran_1_2        PF00155.26   361   4.3e-60  201.5   0.0   1   1   1.6e-62     5e-60  201.3   0.0     4   359     3   321     1   322 0.96 GCF_016464425.1
NZ_LWHG01000021.1_261  -            275 Aminotran_1_2        PF00155.26   361   8.3e-52  174.3   0.0   1   1   3.3e-54     1e-51  174.0   0.0     2   232    28   244    27   253 0.97 GCF_001625445.1
JADKAQ010000002.1_4    -            411 Aminotran_1_2        PF00155.26   361   9.9e-48  160.9   0.0   1   1   3.9e-50   1.2e-47  160.6   0.0     2   358    77   401    76   403 0.93 GCA_016719105.1
NZ_CBTY010000008.1_429 -            463 Aminotran_1_2        PF00155.26   361   3.2e-45  152.6   0.0   1   1   2.9e-47   8.9e-45  151.1   0.0    14   336    61   385    51   398 0.90 GCF_000723185.1
NZ_PEND01000001.1_589  -            356 Aminotran_1_2        PF00155.26   361   7.8e-45  151.3   0.0   1   1     3e-47   9.1e-45  151.1   0.0    34   360    42   348    15   349 0.89 GCF_002844195.1
CAJWBY010000138.1_7    -            336 Aminotran_1_2        PF00155.26   361   3.4e-13   47.2   0.1   1   1   1.4e-15   4.4e-13   46.9   0.1    21   361    15   331     3   331 0.79 GCA_913020705.1
JADJWG010000004.1_261  -            375 Aminotran_1_2        PF00155.26   361   1.7e-11   41.7   0.0   1   1   5.4e-09   1.7e-06   25.2   0.0    21   192    33   188    22   209 0.86 GCA_016716475.1
NZ_CP035119.1_2275     -            349 Aminotran_1_2        PF00155.26   361   5.8e-09   33.3   0.0   1   1   7.9e-11   2.4e-08   31.3   0.0    19   359    20   344    12   346 0.80 GCF_004087835.1
WHTU01000006.1_16      -            415 Aminotran_1_2        PF00155.26   361   6.6e-08   29.8   0.0   1   1   5.3e-10   1.6e-07   28.6   0.0    39   236    70   264    31   406 0.70 GCA_009377575.1
JAFAQB010000329.1_2    -            446 Aminotran_1_2        PF00155.26   361   7.3e-07   26.4   0.0   1   1   6.7e-09   2.1e-06   24.9   0.0   167   310   187   324    91   393 0.82 GCA_019246625.1
NZ_LWHG01000021.1_260  -             74 Aminotran_1_2        PF00155.26   361   9.3e-06   22.8   0.0   1   1   3.4e-08   1.1e-05   22.6   0.0   275   336     1    65     1    69 0.90 GCF_001625445.1
NZ_WRXM01000005.1_170 -            441 Aminotran_3          PF00202.26   403  1.3e-117  390.7   0.0   1   1  8.6e-121  1.6e-117  390.4   0.0    10   403    30   437    24   437 0.93 GCF_010119205.1
CACLIK010000008.1_36  -            363 Aminotran_3          PF00202.26   403   5.9e-46  154.7   0.0   1   1   4.5e-49   8.2e-46  154.2   0.0    65   326    19   272     2   308 0.86 GCA_902606965.1
JADJWG010000001.1_819 -            299 Aminotran_4          PF01063.24   223   1.3e-55  186.4   0.0   1   1   8.5e-59   1.6e-55  186.2   0.0     1   222    42   264    42   265 0.94 GCA_016716475.1
JAATVK010000108.1_3   -            307 Aminotran_4          PF01063.24   223   3.5e-49  165.4   0.0   1   1   2.3e-52   4.2e-49  165.1   0.0     2   223    36   265    35   265 0.96 GCA_014523485.1
WHTU01000006.1_16         -            415 Aminotran_5          PF00266.24   371  1.6e-151  502.2   0.4   1   1  5.5e-154  1.8e-151  502.0   0.4     1   371    30   402    30   402 0.99 GCA_009377575.1
RKRU01000015.1_3          -            430 Aminotran_5          PF00266.24   371   2.2e-80  268.1   1.4   1   2   6.8e-32   2.3e-29  100.3   0.0     1   138     2   139     2   143 0.93 GCA_007571225.1
RKRU01000015.1_3          -            430 Aminotran_5          PF00266.24   371   2.2e-80  268.1   1.4   2   2   3.6e-52   1.2e-49  167.0   0.4   138   370   176   402   168   403 0.92 GCA_007571225.1
JAFEGH010000007.1_304     -            392 Aminotran_5          PF00266.24   371   5.4e-72  240.5   0.0   1   1   1.9e-74   6.2e-72  240.3   0.0     3   371    21   383    19   383 0.97 GCA_018240065.1
JADJWG010000004.1_261     -            375 Aminotran_5          PF00266.24   371   6.1e-56  187.7   0.0   1   1   5.3e-58   1.8e-55  186.2   0.0    27   371    38   368    18   368 0.90 GCA_016716475.1
NZ_JALLPK010000001.1_3475 -            349 Aminotran_5          PF00266.24   371   2.6e-17   60.6   0.0   1   1   8.5e-20   2.9e-17   60.4   0.0   124   337   106   312     6   331 0.87 GCF_023276375.1
NZ_CP035119.1_2275        -            349 Aminotran_5          PF00266.24   371   4.8e-14   49.8   0.0   1   1   2.7e-16   8.9e-14   49.0   0.0    67   294    69   287    57   295 0.81 GCF_004087835.1
NZ_QLVG01000083.1_7       -            400 Aminotran_5          PF00266.24   371   2.3e-07   27.9   0.0   1   1     1e-09   3.4e-07   27.3   0.0    60   177   100   215    55   219 0.73 GCF_003382685.1
NZ_JAALLS010000018.1_42   -            394 Aminotran_5          PF00266.24   371   1.5e-06   25.2   0.0   1   1   7.5e-09   2.5e-06   24.4   0.0    78   275    92   294    84   311 0.81 GCF_011059105.1
NZ_PEND01000001.1_589     -            356 Aminotran_5          PF00266.24   371   4.1e-06   23.7   0.0   1   1   1.9e-08   6.3e-06   23.1   0.0    48   177    55   180    52   186 0.83 GCF_002844195.1
NZ_LWHG01000021.1_261     -            275 Aminotran_5          PF00266.24   371   5.1e-06   23.4   0.0   1   1     2e-08   6.8e-06   23.0   0.0    61   177    87   201    40   206 0.79 GCF_001625445.1
NZ_MWLL01000155.1_45   -            472 Amino_oxidase        PF01593.29   443   8.1e-41  138.4   4.8   1   1   1.9e-43     1e-40  138.1   4.8     1   443    44   447    44   447 0.80 GCF_002198675.1
CP060262.1_1763        -            490 Amino_oxidase        PF01593.29   443   1.1e-27   95.2   0.0   1   1   2.6e-30   1.4e-27   94.8   0.0     1   434    13   476    13   480 0.73 GCA_022646745.1
NZ_LWHG01000021.1_287  -            239 Amino_oxidase        PF01593.29   443   4.9e-26   89.7   0.1   1   1   1.1e-28   5.8e-26   89.5   0.1   193   441    11   234     2   236 0.88 GCF_001625445.1
NZ_LWHG01000021.1_300  -            197 Amino_oxidase        PF01593.29   443   2.2e-23   81.0   0.5   1   1   4.8e-26   2.5e-23   80.8   0.5     1   180    11   177    11   189 0.82 GCF_001625445.1
VYCS01000010.1_30      -            449 Amino_oxidase        PF01593.29   443   2.7e-23   80.7   0.0   1   1   6.1e-26   3.2e-23   80.4   0.0     2   436    13   428    12   430 0.82 GCA_009843815.1
NZ_OBEJ01000002.1_93 -            210 AMMECR1              PF01871.22   168     6e-43  144.0   0.0   1   1   1.9e-46     7e-43  143.8   0.0     1   168    25   195    25   195 0.96 GCF_900215575.1
NZ_JADDKQ010000010.1_125 -            454 Ammonium_transp      PF00909.26   399  1.3e-120  400.6  41.6   1   1  7.8e-124  1.4e-120  400.4  41.6     1   399    12   424    12   424 0.94 GCF_016464425.1
LKNH01000028.1_11        -            592 Ammonium_transp      PF00909.26   399   7.1e-99  328.9  37.9   1   1  4.7e-102   8.7e-99  328.6  37.9     1   399    29   447    29   447 0.93 GCA_001564135.1
NZ_MU078723.1_324         -            637 AMP-binding          PF00501.33   384   4.2e-90  300.0   0.0   1   1   1.1e-92   5.6e-90  299.6   0.0     5   378    71   453    67   460 0.86 GCF_014078545.1
JADKAQ010000002.1_431     -            608 AMP-binding          PF00501.33   384   6.8e-85  282.9   0.0   1   1   1.8e-87   9.3e-85  282.4   0.0    11   384    34   432    25   432 0.84 GCA_016719105.1
NZ_JAJCVI010000001.1_495  -            545 AMP-binding          PF00501.33   384   3.5e-72  241.1   4.7   1   1   6.6e-75   3.5e-72  241.0   3.9     3   384    20   384    18   384 0.86 GCF_020567525.1
NZ_JALLGW010000001.1_1034 -            569 AMP-binding          PF00501.33   384   4.9e-72  240.6   0.0   1   1   1.3e-74     7e-72  240.1   0.0     3   384    43   431    32   431 0.83 GCF_023074835.1
NZ_QPII01000009.1_68      -            550 AMP-binding          PF00501.33   384     2e-70  235.3   0.0   1   1   4.5e-73   2.4e-70  235.0   0.0     9   384    34   409    26   409 0.84 GCF_003336675.1
JAHFTO010000030.1_5       -           1006 AMP-binding          PF00501.33   384     2e-62  208.9   0.0   1   1   5.1e-65   2.7e-62  208.5   0.0     4   384   105   458   102   458 0.83 GCA_023269355.1
NZ_KB913017.1_771         -            457 AMP-binding          PF00501.33   384   3.3e-11   40.3   0.6   1   1   1.5e-13   7.6e-11   39.1   0.6   170   374   116   310    51   312 0.73 GCF_000383975.1
NZ_MU078723.1_324         -            637 AMP-binding_C        PF13193.11    76   1.3e-26   91.1   0.2   1   1   4.7e-29   3.4e-26   89.7   0.2     1    76   514   593   514   593 0.95 GCF_014078545.1
NZ_AOIJ01000040.1_81      -            149 AMP-binding_C        PF13193.11    76   7.9e-25   85.4   0.2   1   1   1.5e-27   1.1e-24   85.0   0.2     1    76    37   115    37   115 0.95 GCF_000337175.1
NZ_JAJCVI010000001.1_495  -            545 AMP-binding_C        PF13193.11    76   1.3e-18   65.5   1.5   1   1   5.4e-21     4e-18   63.9   1.5     2    75   449   531   448   532 0.89 GCF_020567525.1
NZ_QPII01000009.1_68      -            550 AMP-binding_C        PF13193.11    76     2e-17   61.7   0.0   1   1   4.9e-20   3.6e-17   60.8   0.0     2    76   460   540   459   540 0.85 GCF_003336675.1
NZ_JALLGW010000001.1_1034 -            569 AMP-binding_C        PF13193.11    76   1.2e-12   46.4   0.2   1   1   3.5e-15   2.6e-12   45.3   0.2     1    76   478   555   478   555 0.95 GCF_023074835.1
NZ_KB913017.1_771    -            457 AMP-binding_C_2      PF14535.11    96   1.1e-14   52.2   0.7   1   1   5.8e-18   2.1e-14   51.3   0.7     1    96   362   453   362   453 0.88 GCF_000383975.1
NZ_CP095482.1_464     -             91 Amphi-Trp            PF20068.4     93     2e-32  108.9   0.6   1   1   1.2e-35   2.2e-32  108.7   0.6     1    92     1    90     1    91 0.97 GCF_023028225.1
NZ_WUYX01000053.1_205 -            259 Amphi-Trp            PF20068.4     93     9e-16   55.5   0.7   1   1     1e-18   1.9e-15   54.5   0.7     6    84    21    98    15   107 0.93 GCF_009834785.1
NZ_CP012850.1_293    -            580 ANAPC3               PF12895.12    82   2.5e-34  115.2  19.8   1   4   1.4e-09   5.6e-07   27.6   0.1     6    81   202   278   198   279 0.95 GCF_000802205.1
NZ_CP012850.1_293    -            580 ANAPC3               PF12895.12    82   2.5e-34  115.2  19.8   2   4   2.8e-12   1.1e-09   36.2   0.7     1    81   265   346   265   347 0.83 GCF_000802205.1
NZ_CP012850.1_293    -            580 ANAPC3               PF12895.12    82   2.5e-34  115.2  19.8   3   4   4.7e-12   1.9e-09   35.4   0.1     2    81   300   380   299   381 0.84 GCF_000802205.1
NZ_CP012850.1_293    -            580 ANAPC3               PF12895.12    82   2.5e-34  115.2  19.8   4   4   6.7e-10   2.7e-07   28.5   0.1     2    80   437   517   436   519 0.95 GCF_000802205.1
QQVN01000003.1_719   -            514 ANAPC3               PF12895.12    82   3.2e-14   50.8   1.6   1   1   1.7e-09   6.8e-07   27.3   0.0     4    80    89   166    87   177 0.95 GCA_003352285.1
NZ_CP026995.1_1601   -            426 ANAPC3               PF12895.12    82   4.7e-14   50.2   0.6   1   1   5.8e-11   2.4e-08   31.9   0.0     1    79   155   234   155   237 0.96 GCF_013407185.1
JAENJF010000025.1_8  -            162 ANAPC3               PF12895.12    82   3.1e-12   44.4   0.1   1   1   1.6e-09   6.4e-07   27.4   0.0     2    81    16    96    15    97 0.96 GCA_016844685.1
VYCS01000039.1_60    -            931 ANF_receptor         PF01094.33   353     2e-48  163.0   0.0   1   2   8.9e-25   8.2e-22   75.4   0.0     6   350   170   519   166   522 0.84 GCA_009843815.1
VYCS01000039.1_60    -            931 ANF_receptor         PF01094.33   353     2e-48  163.0   0.0   2   2   1.1e-27   9.9e-25   85.0   0.0    12   351   574   896   564   898 0.81 GCA_009843815.1
NZ_QPII01000009.1_95 -            401 ANF_receptor         PF01094.33   353   1.3e-39  133.9   0.0   1   1   1.9e-42   1.7e-39  133.6   0.0     6   342    48   381    44   388 0.83 GCF_003336675.1
CP094974.1_1343      -            437 ANF_receptor         PF01094.33   353   5.7e-18   62.8   0.0   1   1   8.4e-21   7.7e-18   62.4   0.0    23   351    45   368    39   370 0.81 GCA_022869805.1
NZ_CP100446.1_536    -            454 ANF_receptor         PF01094.33   353   7.4e-11   39.4   0.1   1   1     1e-12   9.3e-10   35.8   0.1     3   294    88   373    86   409 0.71 GCF_024227435.1
NZ_CP072036.1_2476   -            174 Ank                  PF00023.35    33   4.3e-13   46.5   0.3   1   2   3.8e-08   0.00014   19.8   0.1     5    32    87   114    85   115 0.90 GCF_018847375.1
NZ_CP072036.1_2476   -            174 Ank                  PF00023.35    33   4.3e-13   46.5   0.3   2   2   1.2e-09   4.3e-06   24.6   0.0     3    32   128   157   126   158 0.94 GCF_018847375.1
NZ_CP072036.1_2476   -            174 Ank_2                PF12796.12    90   7.7e-11   40.2   0.3   1   1   4.9e-14   1.8e-10   39.0   0.2    27    90    79   157    64   157 0.80 GCF_018847375.1
NZ_CP072036.1_2476   -            174 Ank_4                PF13637.11    50   1.4e-06   26.2   0.0   1   1   1.7e-09   6.4e-06   24.1   0.0     4    50    91   147    86   147 0.82 GCF_018847375.1
JAKBAE010000091.1_3  -            446 Anth_synt_I_N        PF04715.18   140   2.3e-20   71.0   0.0   1   1   8.2e-22   1.5e-18   65.1   0.0     1   137    25   138    25   141 0.89 GCA_021809325.1
NZ_CP095757.1_1378   -            586 Anth_synt_I_N        PF04715.18   140   3.3e-11   41.4   0.0   1   1   5.5e-14     1e-10   39.8   0.0     3   129    35   167    33   169 0.83 GCF_023093535.1
NZ_CP095487.1_488      -            878 Anticodon_1          PF08264.18   148   5.8e-39  131.1   0.0   1   1   5.3e-41   2.2e-38  129.2   0.0     1   144   607   749   607   755 0.91 GCF_023028345.1
NZ_CP026995.1_509      -            959 Anticodon_1          PF08264.18   148   2.8e-27   93.1   1.6   1   1   1.5e-29   6.3e-27   92.0   1.6     1   147   699   834   699   835 0.93 GCF_013407185.1
NZ_MWLL01000125.1_23   -           1089 Anticodon_1          PF08264.18   148   7.6e-27   91.8   0.0   1   1   4.5e-29   1.8e-26   90.5   0.0     1   145   745   884   745   888 0.92 GCF_002198675.1
JADKAQ010000002.1_27   -            824 Anticodon_1          PF08264.18   148   4.1e-19   66.7   0.0   1   1   3.2e-21   1.3e-18   65.0   0.0     1   142   671   786   671   792 0.84 GCA_016719105.1
JABGTD010000004.1_38   -            192 Anticodon_1          PF08264.18   148   1.2e-08   32.8   0.0   1   1   3.6e-11   1.5e-08   32.4   0.0     6   129    62   178    57   190 0.82 GCA_018647405.1
JAKAJY010000012.1_1    -            155 Anticodon_1          PF08264.18   148   3.1e-08   31.4   0.1   1   1     9e-11   3.7e-08   31.1   0.1     1   111    19   124    19   153 0.81 GCA_021824845.1
NZ_JAALLS010000006.1_3 -            676 Anticodon_1          PF08264.18   148   4.5e-08   30.8   0.5   1   1     2e-10   8.2e-08   30.0   0.5     3    88   420   506   418   567 0.79 GCF_011059105.1
PAAH01000002.1_1       -            388 Anticodon_1          PF08264.18   148   4.6e-08   30.8   0.0   1   1   1.9e-10   7.7e-08   30.1   0.0     2   112   254   359   253   384 0.83 GCA_002698885.1
JAENJF010000050.1_3    -            120 Anticodon_1          PF08264.18   148   1.1e-06   26.3   0.0   1   1     3e-09   1.2e-06   26.2   0.0    19   106     1    82     1   117 0.79 GCA_016844685.1
NZ_JAALLS010000006.1_3 -            676 Anticodon_3          PF19303.4    152   7.1e-16   56.2   0.1   1   1   2.4e-18   1.3e-15   55.4   0.1     1   147   408   552   408   556 0.93 GCF_011059105.1
JABGTD010000004.1_38   -            192 Anticodon_3          PF19303.4    152   9.6e-11   39.5   0.0   1   1   2.2e-13   1.2e-10   39.3   0.0     1   147    47   190    47   192 0.84 GCA_018647405.1
JAKAJY010000012.1_1    -            155 Anticodon_3          PF19303.4    152   1.7e-09   35.5   0.0   1   1   3.5e-12   1.9e-09   35.3   0.0    11   148    19   153     9   155 0.83 GCA_021824845.1
JACRND010000156.1_1    -            251 Anticodon_3          PF19303.4    152   4.4e-09   34.1   0.0   1   1   1.2e-11   6.3e-09   33.6   0.0     1   148   104   248   104   251 0.86 GCA_016234975.1
JAENJF010000050.1_3    -            120 Anticodon_3          PF19303.4    152   7.9e-09   33.3   0.0   1   1   1.7e-11   8.7e-09   33.2   0.0    29   148     1   117     1   120 0.80 GCA_016844685.1
PAAH01000002.1_1       -            388 Anticodon_3          PF19303.4    152     2e-08   32.0   0.0   1   1   5.4e-11   2.9e-08   31.5   0.0     2   149   244   388   243   388 0.82 GCA_002698885.1
JAAUVF010000069.1_3    -             71 Anticodon_3          PF19303.4    152   7.5e-06   23.6   0.0   1   1   1.5e-08   7.7e-06   23.6   0.0    87   148     6    68     1    71 0.79 GCA_012030815.1
NZ_CP072036.1_2238    -            305 ApbA                 PF02558.21   150   8.7e-42  140.0   0.0   1   1   1.4e-44   1.7e-41  139.1   0.0     1   148     3   149     3   151 0.98 GCF_018847375.1
CAJWBY010000103.1_7   -            335 ApbA                 PF02558.21   150   2.4e-12   44.5   0.0   1   1   4.2e-15   5.1e-12   43.4   0.0     1   106     8   115     8   139 0.89 GCA_913020705.1
NZ_CP072036.1_2238   -            305 ApbA_C               PF08546.16   125   3.9e-21   73.4   0.0   1   1   1.7e-24   6.1e-21   72.8   0.0     3   117   180   294   178   299 0.95 GCF_018847375.1
NZ_PHNJ01000010.1_52    -            358 APH                  PF01636.28   239   1.6e-48  163.3   3.8   1   1   5.1e-51   2.7e-48  162.6   3.8     1   222    35   267    35   287 0.91 GCF_008122205.1
JAFEGH010000004.1_13    -            296 APH                  PF01636.28   239   8.4e-40  134.7   2.5   1   1   2.1e-42   1.1e-39  134.4   2.5     6   238    32   258    28   259 0.87 GCA_018240065.1
NZ_JADDKQ010000016.1_97 -            305 APH                  PF01636.28   239   4.4e-34  116.0  17.2   1   1   1.1e-36   5.7e-34  115.6  17.2     2   232    29   263    28   272 0.86 GCF_016464425.1
PXRX01000043.1_73       -            354 APH                  PF01636.28   239   1.5e-22   78.2   2.1   1   1   4.1e-25   2.2e-22   77.7   2.1    13   213    37   268    27   308 0.77 GCA_003023195.1
QNGA01000004.1_232      -            377 APH                  PF01636.28   239   2.2e-15   54.8   3.1   1   1   1.1e-17     6e-15   53.4   0.6    21   184    56   238    37   243 0.83 GCA_003298465.1
JAHFTO010000029.1_4     -            369 APH                  PF01636.28   239   3.5e-13   47.6   0.0   1   1   1.1e-15   5.5e-13   47.0   0.0     2   206    61   277    60   314 0.75 GCA_023269355.1
LKNH01000122.1_2     -            165 APS_kinase           PF01583.25   152   3.9e-07   28.0   0.2   1   1   2.9e-10   5.3e-07   27.5   0.2     5   117     8   116     4   121 0.92 GCA_001564135.1
PXRX01000030.1_41    -            122 AraC_binding         PF02311.24   135   1.9e-05   22.2   0.3   1   1   1.2e-08   2.3e-05   21.9   0.3     2    83    33   116    32   120 0.85 GCA_003023195.1
JALDAN010000020.1_13 -            138 Archease             PF01951.21   136   3.2e-33  112.7   0.4   1   1   9.6e-37   3.6e-33  112.5   0.4     1   136     5   138     5   138 0.92 GCA_022729355.1
NZ_CP024808.1_1594   -            241 Arch_flagellin       PF01917.21   162   1.3e-23   81.9  13.2   1   1   5.6e-27   2.1e-23   81.2  13.2     2   162    15   228    14   228 0.80 GCF_002787055.1
NZ_CP100454.1_1650   -             46 Arc_trans_TRASH      PF08394.15    37   4.6e-06   24.7   3.4   1   1   8.5e-09   1.6e-05   23.0   3.4     1    35     4    40     4    41 0.77 GCF_024228315.1
VMDM01000042.1_4     -            329 Arginase             PF00491.26   280   4.8e-61  204.4   0.0   1   1   4.9e-64     6e-61  204.1   0.0     2   277    48   308    47   310 0.91 GCA_008080815.1
NZ_AOII01000084.1_84 -            304 Arginase             PF00491.26   280   6.4e-57  190.9   0.4   1   1     6e-60   7.4e-57  190.7   0.4     2   277    38   298    37   301 0.92 GCF_000337615.1
NC_019964.1_2171     -            304 Arginase             PF00491.26   280   1.1e-55  186.8   0.9   1   1   1.1e-58   1.4e-55  186.5   0.9     2   277    33   289    32   291 0.90 GCF_000328525.1
NZ_QPII01000005.1_243 -            409 Arm-DNA-bind_3       PF13356.11    83   3.7e-22   76.0   0.1   1   1   2.3e-25   8.4e-22   74.9   0.1     1    78     4    84     4    89 0.91 GCF_003336675.1
NZ_JAKUHT010000013.1_62 -            289 ARPP-1               PF20208.3    297   5.5e-47  158.2   0.0   1   1   1.7e-50   6.3e-47  158.1   0.0     2   294     6   276     5   279 0.90 GCF_022436705.1
NZ_AOLJ01000027.1_53  -            676 ArsA_ATPase          PF02374.20   305    3e-171  566.3   0.0   1   3     2e-98   1.8e-95  317.4   0.0     1   305    19   301    19   301 0.97 GCF_000336775.1
NZ_AOLJ01000027.1_53  -            676 ArsA_ATPase          PF02374.20   305    3e-171  566.3   0.0   2   3   4.5e-52   4.1e-49  165.2   0.0     1   153   343   503   343   513 0.90 GCF_000336775.1
NZ_AOLJ01000027.1_53  -            676 ArsA_ATPase          PF02374.20   305    3e-171  566.3   0.0   3   3   2.4e-24   2.2e-21   74.1   0.0   193   302   518   626   511   629 0.94 GCF_000336775.1
NZ_WUYX01000004.1_79  -            411 ArsA_ATPase          PF02374.20   305     4e-78  260.5   0.0   1   2   1.3e-27   1.2e-24   84.8   0.0     3    76    55   130    54   135 0.92 GCF_009834785.1
NZ_WUYX01000004.1_79  -            411 ArsA_ATPase          PF02374.20   305     4e-78  260.5   0.0   2   2   1.6e-54   1.5e-51  173.2   0.0   103   303   195   410   181   411 0.91 GCF_009834785.1
NZ_CP085330.1_1       -            288 ArsA_ATPase          PF02374.20   305   1.9e-07   28.3   0.1   1   1   3.8e-10   3.5e-07   27.5   0.1     7    51    19    64    13   147 0.80 GCF_020614375.1
NZ_FOTC01000002.1_400 -            414 ArsA_ATPase          PF02374.20   305   9.3e-07   26.1   0.2   1   1   1.8e-09   1.6e-06   25.3   0.2     6    54    10    59     6    94 0.79 GCF_900114455.1
NZ_NHSQ01000084.1_117 -            165 ArsA_HSP20           PF17886.6     63   1.1e-09   35.5   0.1   1   1   8.3e-13   3.1e-09   34.1   0.1     4    62    73   150    70   151 0.96 GCF_016653465.1
CAJQMY010000006.1_24 -             85 ArsC                 PF03960.20    79   3.4e-13   47.5   0.3   1   1   1.1e-16   4.1e-13   47.3   0.3    10    70    19    80     5    83 0.91 GCA_905479565.1
NZ_JAJFAY010000005.1_173 -            108 ArsD                 PF06953.16   123   2.3e-30  103.2   0.1   1   1   6.7e-34   2.5e-30  103.1   0.1     1   101     1   103     1   108 0.95 GCF_021083305.1
NZ_NHSQ01000191.1_7  -            347 ArsP_1               PF03773.18   294   5.3e-73  243.5  18.5   1   1   1.7e-76   6.4e-73  243.2  18.5     1   293    50   344    50   345 0.94 GCF_016653465.1
NZ_NHSQ01000113.1_63 -            457 ASL_C                PF08328.16   115   3.5e-50  166.7   0.0   1   1   2.5e-53   9.2e-50  165.3   0.0     1   115   333   447   333   447 0.99 GCF_016653465.1
NSIR01000001.1_250    -            176 AsnC_trans_reg       PF01037.26    73   7.8e-19   65.1   0.1   1   2   6.1e-09   2.5e-06   25.1   0.0    11    69    15    73     6    77 0.90 GCA_002737445.1
NSIR01000001.1_250    -            176 AsnC_trans_reg       PF01037.26    73   7.8e-19   65.1   0.1   2   2   5.3e-13   2.2e-10   38.1   0.1     1    68   100   166   100   170 0.94 GCA_002737445.1
AOLX01000027.1_327    -            164 AsnC_trans_reg       PF01037.26    73     3e-18   63.3   0.1   1   1   1.4e-20   5.7e-18   62.4   0.1     2    72    72   142    71   143 0.95 GCA_000336895.1
JOSY01000060.1_11     -             79 AsnC_trans_reg       PF01037.26    73   1.3e-13   48.4   0.0   1   1   3.8e-16   1.5e-13   48.2   0.0     1    69     6    73     6    76 0.96 GCA_000746765.1
JALDAN010000024.1_5   -            151 AsnC_trans_reg       PF01037.26    73   1.9e-13   47.9   0.5   1   1   7.5e-16   3.1e-13   47.2   0.5     2    72    69   137    68   138 0.94 GCA_022729355.1
JAHFUX010000004.1_25  -            103 AsnC_trans_reg       PF01037.26    73   8.6e-10   36.2   0.1   1   1   2.7e-12   1.1e-09   35.8   0.1     1    69    30    97    30   100 0.94 GCA_023264875.1
VXON01000127.1_9      -             76 AsnC_trans_reg       PF01037.26    73   4.2e-08   30.8   0.2   1   1   1.1e-10   4.5e-08   30.7   0.2     1    71     6    75     6    76 0.93 GCA_009840065.1
JADNRU010000001.1_23  -            143 AsnC_trans_reg       PF01037.26    73   1.8e-07   28.8   0.1   1   1     6e-10   2.5e-07   28.3   0.1     2    69     7    73     6    77 0.90 GCA_016276965.1
NZ_CP017922.1_593     -            134 AsnC_trans_reg       PF01037.26    73   2.9e-07   28.1   0.0   1   1     1e-09   4.2e-07   27.6   0.0     2    65    53   114    52   117 0.96 GCF_001870125.1
NZ_CBTY010000009.1_39 -             72 AsnC_trans_reg       PF01037.26    73   1.6e-06   25.7   0.2   1   1   4.8e-09     2e-06   25.4   0.2    26    70    23    67     4    69 0.94 GCF_000723185.1
RKRY01000001.1_1      -            305 Asn_synthase         PF00733.26   354   9.6e-38  128.4   0.0   1   2   3.6e-22   2.6e-19   67.8   0.0    24   141    16   133    13   143 0.90 GCA_007571135.1
RKRY01000001.1_1      -            305 Asn_synthase         PF00733.26   354   9.6e-38  128.4   0.0   2   2   1.6e-19   1.2e-16   59.1   0.0   228   311   154   239   132   283 0.77 GCA_007571135.1
NZ_CP099546.1_1542    -            386 Asn_synthase         PF00733.26   354   2.1e-35  120.7   8.3   1   2     8e-26   5.9e-23   79.8   2.5     2   141   128   263   127   283 0.91 GCF_023973145.1
NZ_CP099546.1_1542    -            386 Asn_synthase         PF00733.26   354   2.1e-35  120.7   8.3   2   2   3.7e-15   2.7e-12   44.7   0.4   218   308   280   368   262   385 0.83 GCF_023973145.1
NZ_LWHG01000011.1_138 -            596 Asn_synthase         PF00733.26   354   5.3e-11   40.5   1.9   1   1   1.2e-13   8.7e-11   39.8   1.3     2   130   224   352   223   354 0.82 GCF_001625445.1
NZ_NHSQ01000009.1_3   -            240 Asn_synthase         PF00733.26   354   1.6e-07   29.1   0.1   1   1   3.1e-10   2.3e-07   28.5   0.1    22    76     6    59     2    64 0.85 GCF_016653465.1
RHFB01000061.1_5      -            263 Asn_synthase         PF00733.26   354   2.9e-06   24.9   0.0   1   1   6.5e-09   4.8e-06   24.2   0.0    19    79    16    76    11   100 0.86 GCA_003724285.1
PXRE01000008.1_62    -            318 Asparaginase         PF00710.25   193   5.9e-59  196.6   1.3   1   1     9e-62   1.7e-58  195.1   0.1     5   191     2   183     1   185 0.97 GCA_003021085.1
RKRU01000058.1_6     -            473 Asparaginase         PF00710.25   193   1.8e-53  178.7   0.3   1   1   1.7e-56   3.1e-53  177.9   0.3     1   186   115   311   115   318 0.91 GCA_007571225.1
RKRU01000058.1_6     -            473 Asparaginase_C       PF17763.6    114   2.1e-30  102.8   0.2   1   1   3.1e-33   5.6e-30  101.4   0.2     1   114   351   464   351   464 0.99 GCA_007571225.1
PXRE01000008.1_62    -            318 Asparaginase_C       PF17763.6    114   1.8e-27   93.3   1.1   1   1   1.5e-30   2.8e-27   92.7   0.1     2   114   201   315   200   315 0.97 GCA_003021085.1
NZ_NHSQ01000052.1_45  -            347 AstE_AspA            PF04952.19   290   6.2e-50  167.8   0.0   1   1   7.8e-53   7.2e-50  167.6   0.0     1   289    46   318    46   319 0.96 GCF_016653465.1
NZ_CP095757.1_3536    -            320 AstE_AspA            PF04952.19   290   8.8e-38  127.9   0.0   1   1   1.2e-40   1.1e-37  127.6   0.0     1   283    42   310    42   316 0.93 GCF_023093535.1
NZ_BBMP01000007.1_119 -            276 AstE_AspA            PF04952.19   290   3.5e-16   57.0   0.0   1   1   8.8e-19   8.1e-16   55.8   0.0     3   254    11   225    10   246 0.73 GCF_000755245.1
NZ_FOTC01000002.1_393 -            540 AstE_AspA            PF04952.19   290   1.1e-11   42.2   0.0   1   1   2.1e-14     2e-11   41.4   0.0     1   106    64   158    64   161 0.92 GCF_900114455.1
NZ_JAAAJC010000001.1_1282 -            163 ATP-cone             PF03477.21    88   5.1e-20   69.6   0.2   1   1     2e-23   7.3e-20   69.1   0.2     2    86    50   135    49   137 0.97 GCF_009900715.1
NZ_WSZK01000006.1_159 -            390 ATP-grasp            PF02222.27   171   5.2e-54  180.1   0.0   1   1   2.2e-57   8.1e-54  179.5   0.0     2   171   116   292   115   292 0.95 GCF_009791395.1
WHTU01000013.1_56    -            376 ATP-grasp_2          PF08442.15   202   1.3e-39  133.6   0.0   1   1   6.8e-43   2.5e-39  132.7   0.0     2   200     3   188     2   190 0.92 GCA_009377575.1
NZ_QLVG01000049.1_28 -            346 ATP-grasp_3          PF02655.19   160     4e-17   60.5   0.0   1   1   1.5e-20   5.7e-17   60.0   0.0     3   159   111   281   109   282 0.89 GCF_003382685.1
JAHENP010000032.1_2  -            757 ATP-grasp_5          PF13549.11   221   1.9e-74  247.5   0.7   1   1   1.8e-77   3.4e-74  246.7   0.7    10   221   528   740   513   740 0.97 GCA_018609965.1
WHTU01000013.1_56    -            376 ATP-grasp_5          PF13549.11   221   1.1e-07   29.1   0.0   1   1   1.2e-10   2.2e-07   28.2   0.0    10   221     3   205     1   205 0.83 GCA_009377575.1
JALDAN010000004.1_23 -            229 ATPase               PF06745.18   231   5.2e-15   53.2   0.7   1   1     1e-10   1.9e-07   28.5   0.2     1    58     6    62     6    75 0.92 GCA_022729355.1
NZ_JAJCVI010000007.1_50 -            462 ATPase_2             PF01637.23   225     2e-22   77.9   0.0   1   1   1.2e-25   4.4e-22   76.7   0.0     2   225     2   202     1   202 0.89 GCF_020567525.1
NZ_QLVG01000049.1_28 -            346 ATPgrasp_Ter         PF15632.11   131   2.2e-14   51.1   0.0   1   1   8.2e-18     3e-14   50.7   0.0     3   124   189   317   187   324 0.87 GCF_003382685.1
NZ_NHSQ01000084.1_121 -            239 ATP_bind_3           PF01171.25   182   3.2e-19   67.1   0.0   1   1   1.3e-22   4.6e-19   66.6   0.0     2   167     8   176     7   182 0.88 GCF_016653465.1
NZ_JALLPK010000001.1_3187 -            205 Auto_anti-p27        PF06677.17    40   1.9e-18   64.0   1.3   1   1   7.8e-22   2.9e-18   63.5   1.3     2    40    29    65    28    65 0.95 GCF_023276375.1
JAFAQB010000083.1_7  -            294 AXE1                 PF05448.17   321   6.6e-07   26.1   0.0   1   1   5.5e-10     2e-06   24.5   0.0    86   218    95   215    86   224 0.82 GCA_019246625.1
NZ_MWLL01000170.1_8  -            132 B12-binding          PF02310.24   121   2.8e-29   99.2   2.4   1   1   2.5e-32   3.1e-29   99.0   2.4     2   116     5   117     4   122 0.93 GCF_002198675.1
JAHEFU010000237.1_6  -            116 B12-binding          PF02310.24   121   4.8e-23   79.1   0.1   1   1   4.7e-26   5.8e-23   78.8   0.1    19   118     1    98     1   101 0.94 GCA_024645305.1
VHBK01000003.1_59    -            277 B12-binding          PF02310.24   121   2.9e-14   50.7   0.0   1   1     4e-17   4.9e-14   50.0   0.0     2    91   164   252   163   264 0.94 GCA_016872015.1
VHBK01000003.1_59    -            277 B12-binding_2        PF02607.22    74     7e-13   46.4   0.0   1   1   3.1e-16   1.1e-12   45.7   0.0     2    72    81   151    80   152 0.93 GCA_016872015.1
JADJWG010000002.1_888 -             84 Bac_export_3         PF01313.24    74   1.4e-27   93.2   5.9   1   1   4.3e-31   1.6e-27   93.0   5.9     2    73     6    77     5    78 0.97 GCA_016716475.1
NZ_MWLL01000003.1_6   -            334 Bac_luciferase       PF00296.25   314   1.9e-69  232.2   6.6   1   1   2.5e-72   2.3e-69  231.9   6.6    14   314     8   305     2   305 0.95 GCF_002198675.1
NZ_FOTC01000001.1_336 -            331 Bac_luciferase       PF00296.25   314     1e-66  223.2  10.0   1   1   1.3e-69   1.2e-66  223.0  10.0    20   313    15   307     2   308 0.89 GCF_900114455.1
PXRX01000038.1_105    -            291 Bac_luciferase       PF00296.25   314     4e-50  168.7   0.2   1   1   7.8e-53   7.1e-50  167.8   0.1    21   227    15   234     4   238 0.95 GCA_003023195.1
NZ_CP012850.1_1784    -            334 Bac_luciferase       PF00296.25   314   7.1e-44  148.2   0.0   1   1   9.9e-47   9.2e-44  147.8   0.0    14   255    23   256    12   310 0.81 GCF_000802205.1
PXRX01000011.1_31    -            429 Band_7               PF01145.30   176   4.4e-35  119.1   4.6   1   1   2.4e-38   4.4e-35  119.1   4.6     2   175    76   245    75   246 0.97 GCA_003023195.1
JAKCFM010000002.1_47 -            233 Band_7               PF01145.30   176   4.8e-31  105.9   0.2   1   1   3.3e-34   6.2e-31  105.6   0.2     2   147    32   177    31   198 0.94 GCA_025041195.1
NZ_CP044523.1_2462       -            517 BAT                  PF15915.10   156     3e-50  167.8   7.2   1   1   1.1e-52     3e-50  167.8   7.2     1   154   364   517   364   517 1.00 GCF_008831545.1
NZ_PHNJ01000008.1_81     -            763 BAT                  PF15915.10   156   1.7e-49  165.3   5.8   1   1   6.1e-52   1.7e-49  165.3   5.8     1   156   540   695   540   695 0.99 GCF_008122205.1
NZ_RKLT01000002.1_606    -           1116 BAT                  PF15915.10   156   6.4e-44  147.2   2.9   1   1   2.3e-46   6.4e-44  147.2   2.9     1   155   898  1052   898  1053 0.99 GCF_019599505.1
NZ_OBEJ01000001.1_888    -            706 BAT                  PF15915.10   156   8.9e-43  143.5   7.6   1   1   3.1e-45   8.9e-43  143.5   7.6     1   156   482   637   482   637 0.99 GCF_900215575.1
NZ_WRXM01000005.1_100    -           1420 BAT                  PF15915.10   156   1.4e-35  120.1   0.0   1   1     5e-38   1.4e-35  120.1   0.0     1   145  1188  1330  1188  1337 0.98 GCF_010119205.1
NZ_AOLK01000011.1_212    -           1059 BAT                  PF15915.10   156   6.8e-34  114.7   1.8   1   1   2.4e-36   6.8e-34  114.7   1.8     1   150   846   994   846   997 0.98 GCF_000336755.1
NZ_CP095482.1_1929       -           1355 BAT                  PF15915.10   156   7.2e-31  104.8   6.1   1   1   2.5e-33   7.2e-31  104.8   6.1     1   155  1133  1285  1133  1286 0.95 GCF_023028225.1
NZ_AQXI01000001.1_14     -            222 BAT                  PF15915.10   156   1.1e-24   84.7   0.4   1   1   6.8e-27   1.9e-24   84.0   0.4    19   147     2   131     1   135 0.95 GCF_000376445.1
NZ_CP084469.1_2750       -            381 BAT                  PF15915.10   156   2.6e-23   80.3   5.2   1   1     9e-26   2.6e-23   80.3   5.2     6   141   166   301   161   308 0.95 GCF_020405205.1
NZ_FNFE01000005.1_157    -            565 BAT                  PF15915.10   156   1.2e-20   71.6  12.0   1   1   4.3e-23   1.2e-20   71.6  12.0     3   140   351   489   350   501 0.93 GCF_900100335.1
NZ_JAAAJC010000003.1_143 -            227 BAT                  PF15915.10   156     1e-19   68.6   1.7   1   1   3.5e-22     1e-19   68.6   1.7    10   145     9   147     6   156 0.89 GCF_009900715.1
NZ_JAJCVI010000002.1_388 -            227 BAT                  PF15915.10   156   4.2e-11   40.6   2.9   1   1   2.5e-13     7e-11   39.9   2.9    23   141    38   156    31   164 0.87 GCF_020567525.1
NZ_CP095487.1_1533       -            217 BAT                  PF15915.10   156   2.7e-08   31.5  10.5   1   1   2.4e-10   6.8e-08   30.2  10.5     4   143     5   139     3   144 0.81 GCF_023028345.1
NC_012028.1_168      -            236 BCA_ABC_TP_C         PF12399.13    27   9.4e-08   29.3   0.3   1   1   7.7e-11   2.8e-07   27.8   0.0     1    24   212   235   212   236 0.95 GCF_000022205.1
JADFQH010000041.1_14 -            537 BCCT                 PF02028.22   485  2.7e-120  399.8  43.6   1   1  8.5e-124  3.1e-120  399.6  43.6     2   484    20   500    19   501 0.96 GCA_022561895.1
NZ_JANHAU010000002.1_576 -            601 BD-FAE               PF20434.3    215   2.4e-13   47.8   0.0   1   1   3.9e-15   7.1e-12   43.0   0.0     8   211   372   557   365   560 0.77 GCF_024464185.1
NZ_CP099546.1_1911       -            708 BD-FAE               PF20434.3    215   2.1e-12   44.8   0.0   1   1     4e-14   7.4e-11   39.7   0.0    10   215   457   643   451   643 0.79 GCF_023973145.1
JADFQH010000257.1_2   -            371 Beta-lactamase       PF00144.29   329   7.5e-69  230.1   0.7   1   1   4.8e-72   8.9e-69  229.9   0.7     3   310     9   348     7   365 0.91 GCA_022561895.1
JAKCFJ010000001.1_845 -            699 Beta-lactamase       PF00144.29   329   1.2e-61  206.4   4.7   1   1   1.3e-64   2.3e-61  205.5   4.7     2   317    90   409    85   418 0.88 GCA_025041175.1
NZ_BBMP01000023.1_105 -            287 Beta-lactamase2      PF13354.11   214   8.1e-44  147.3   0.0   1   1   2.8e-47     1e-43  146.9   0.0    15   213    47   250    39   251 0.97 GCF_000755245.1
CAJWBY010000138.1_7  -            336 Beta_elim_lyase      PF01212.26   288  4.2e-106  352.2   0.1   1   1  4.2e-109  5.1e-106  351.9   0.1     1   286     3   284     3   286 0.99 GCA_913020705.1
JAFAQB010000329.1_2  -            446 Beta_elim_lyase      PF01212.26   288   4.6e-08   30.4   0.0   1   1   8.3e-11     1e-07   29.3   0.0    24   238    56   312    48   411 0.79 GCA_019246625.1
NZ_CP101156.1_2195        -           3281 Beta_helix           PF13229.11   158   6.7e-70  231.5 106.7   1   6     6e-14   5.5e-11   40.1  18.0    24   138   137   257   132   261 0.86 GCF_024298845.1
NZ_CP101156.1_2195        -           3281 Beta_helix           PF13229.11   158   6.7e-70  231.5 106.7   2   6   1.4e-20   1.3e-17   61.6   8.9     8   158   243   398   238   409 0.94 GCF_024298845.1
NZ_CP101156.1_2195        -           3281 Beta_helix           PF13229.11   158   6.7e-70  231.5 106.7   3   6   2.9e-10   2.6e-07   28.1   6.4     3    93   447   538   445   543 0.90 GCF_024298845.1
NZ_CP101156.1_2195        -           3281 Beta_helix           PF13229.11   158   6.7e-70  231.5 106.7   4   6     7e-21   6.4e-18   62.6  17.1     2   143   494   641   493   650 0.93 GCF_024298845.1
NZ_CP101156.1_2195        -           3281 Beta_helix           PF13229.11   158   6.7e-70  231.5 106.7   5   6   3.2e-10     3e-07   28.0   9.1    12   153   839   989   831   992 0.59 GCF_024298845.1
NZ_CP101156.1_2195        -           3281 Beta_helix           PF13229.11   158   6.7e-70  231.5 106.7   6   6   1.8e-14   1.6e-11   41.8  13.3     7   141   983  1111   977  1122 0.90 GCF_024298845.1
NZ_CP100454.1_2796        -            333 Beta_helix           PF13229.11   158   4.6e-42  141.1  21.8   1   3   1.4e-19   1.3e-16   58.4   7.1    22   148    83   203    58   208 0.90 GCF_024228315.1
NZ_CP100454.1_2796        -            333 Beta_helix           PF13229.11   158   4.6e-42  141.1  21.8   2   3   1.9e-21   1.7e-18   64.5   1.3    10   143   158   287   157   292 0.97 GCF_024228315.1
NZ_CP100454.1_2796        -            333 Beta_helix           PF13229.11   158   4.6e-42  141.1  21.8   3   3   1.3e-14   1.2e-11   42.2   0.3     9   130   202   325   200   332 0.70 GCF_024228315.1
NZ_WRXM01000003.1_266     -            462 Beta_helix           PF13229.11   158   2.5e-27   93.2   5.9   1   2   6.3e-24   5.8e-21   72.5   0.9     2   156   150   308   149   309 0.95 GCF_010119205.1
NZ_WRXM01000003.1_266     -            462 Beta_helix           PF13229.11   158   2.5e-27   93.2   5.9   2   2   1.3e-10   1.2e-07   29.2   1.0    69   149   292   369   288   376 0.83 GCF_010119205.1
NZ_JALLPK010000001.1_2677 -            620 Beta_helix           PF13229.11   158     1e-06   26.2   4.5   1   1   1.1e-09     1e-06   26.2   4.5    65   140   141   220    53   239 0.75 GCF_023276375.1
NSIR01000003.1_19    -            156 BFN_dom              PF02577.19   112   4.9e-10   37.0   0.0   1   1   1.6e-13   6.1e-10   36.7   0.0    21   107    66   153    46   156 0.88 GCA_002737445.1
REGJ01000004.1_64     -            943 Big_9                PF17963.6     89     4e-63  208.1  43.8   1   5   6.8e-11   8.3e-08   30.8   0.1     4    88   276   361   273   362 0.84 GCA_003702525.1
REGJ01000004.1_64     -            943 Big_9                PF17963.6     89     4e-63  208.1  43.8   2   5   2.4e-20   2.9e-17   61.1   0.1     1    88   367   454   367   455 0.91 GCA_003702525.1
REGJ01000004.1_64     -            943 Big_9                PF17963.6     89     4e-63  208.1  43.8   3   5   2.7e-14   3.3e-11   41.7   1.4     1    86   460   544   460   548 0.83 GCA_003702525.1
REGJ01000004.1_64     -            943 Big_9                PF17963.6     89     4e-63  208.1  43.8   4   5   2.1e-11   2.5e-08   32.5   1.1     2    89   553   636   552   636 0.82 GCA_003702525.1
REGJ01000004.1_64     -            943 Big_9                PF17963.6     89     4e-63  208.1  43.8   5   5   7.1e-23   8.7e-20   69.2   1.9     1    88   641   729   641   730 0.94 GCA_003702525.1
NZ_RDFA01000002.1_222 -            886 Big_9                PF17963.6     89   4.1e-21   73.4   4.0   1   1   3.4e-24   4.1e-21   73.4   4.0     1    89   588   680   588   680 0.93 GCF_004118325.1
PXRE01000001.1_101   -            623 Biotin_carb_C        PF02785.24   108   6.5e-34  114.1   0.0   1   1     4e-37   1.5e-33  112.9   0.0     1   108   349   457   349   457 0.97 GCA_003021085.1
PXRE01000001.1_101   -            623 Biotin_carb_N        PF00289.27   110   6.6e-48  159.5   0.7   1   1   2.5e-50   9.3e-47  155.8   0.2     1   110     1   111     1   111 0.98 GCA_003021085.1
PXRE01000001.1_101   -            623 Biotin_lipoyl        PF00364.27    73   5.4e-17   59.2   7.2   1   1   5.4e-20   9.9e-17   58.3   6.0     2    73   556   622   555   622 0.91 GCA_003021085.1
JAHFTO010000017.1_22 -            371 Biotin_lipoyl        PF00364.27    73   7.5e-14   49.1   0.8   1   1   9.3e-17   1.7e-13   48.0   0.8     2    70     4    72     3    75 0.95 GCA_023269355.1
JADKAQ010000009.1_28 -            345 Bmp                  PF02608.19   301   6.7e-65  216.7   0.0   1   1   2.2e-68   8.3e-65  216.5   0.0     5   300    39   344    36   345 0.94 GCA_016719105.1
NC_012029.1_2205     -            120 BolA                 PF01722.23    76   7.4e-18   62.4   0.0   1   1   2.7e-21     1e-17   62.0   0.0    21    75    41    95    33    96 0.91 GCF_000022205.1
JAFGCY010000067.1_21 -            108 BON                  PF04972.22    69   2.7e-11   41.4   0.7   1   1   8.9e-15   3.3e-11   41.1   0.7     3    68    25    91    23    92 0.96 GCA_016932385.1
QNGA01000009.1_102       -            313 BPD_transp_1         PF00528.27   184     1e-44  150.3  16.3   1   1   5.7e-47     1e-44  150.3  16.3     1   183   113   311   113   312 0.99 GCA_003298465.1
WHTU01000019.1_56        -            349 BPD_transp_1         PF00528.27   184   1.2e-39  133.6  14.8   1   1   7.1e-42   1.2e-39  133.6  14.8     1   183   143   346   143   347 0.99 GCA_009377575.1
RKRU01000181.1_14        -            464 BPD_transp_1         PF00528.27   184   2.6e-27   93.5  10.0   1   1   1.5e-29   2.6e-27   93.5  10.0     1   183   278   463   278   464 0.94 GCA_007571225.1
NZ_JAAOIR010000003.1_320 -            266 BPD_transp_1         PF00528.27   184   3.1e-26   90.0  16.9   1   1   1.8e-28   3.1e-26   90.0  16.9     1   177    84   248    80   255 0.90 GCF_011440375.1
NZ_JAJCVJ010000003.1_173 -            313 BPD_transp_1         PF00528.27   184   7.7e-25   85.4  10.0   1   1   4.4e-27   7.7e-25   85.4  10.0     1   183   124   309   124   310 0.92 GCF_020567425.1
NZ_CP044129.1_2955       -            265 BPD_transp_1         PF00528.27   184   6.4e-19   66.1  11.3   1   1   3.6e-21   6.4e-19   66.1  11.3     1   182    92   261    84   263 0.95 GCF_009617995.1
NZ_MWLL01000151.1_6      -            309 BPD_transp_1         PF00528.27   184   1.6e-18   64.9  14.7   1   1     9e-21   1.6e-18   64.9  14.7     4   180   126   300   123   304 0.90 GCF_002198675.1
NZ_CP031310.1_1075       -            908 BPD_transp_1         PF00528.27   184   3.4e-18   63.8   3.1   1   1   1.9e-20   3.4e-18   63.8   3.1     2   135   685   823   684   835 0.90 GCF_004799665.1
NZ_JDTH01000001.1_839    -            318 BPD_transp_1         PF00528.27   184   4.7e-18   63.3  15.7   1   1   2.7e-20   4.7e-18   63.3  15.7     2   180   106   312   105   316 0.81 GCF_000710615.1
NZ_JAKUHT010000011.1_91  -            294 BPD_transp_1         PF00528.27   184   1.1e-16   58.9  19.2   1   1   6.2e-19   1.1e-16   58.9  19.2     2   176    83   282    82   290 0.93 GCF_022436705.1
NZ_WUYX01000003.1_80     -            307 BPD_transp_1         PF00528.27   184   1.8e-16   58.1  17.7   1   1     1e-18   1.8e-16   58.1  17.7    10   169   119   290   105   305 0.74 GCF_009834785.1
JACNFV010000084.1_4      -            345 BPD_transp_1         PF00528.27   184   6.3e-16   56.4  16.6   1   1   3.6e-18   6.3e-16   56.4  16.6     1   183   113   336   113   337 0.86 GCA_014384445.1
CP071596.1_3206          -            303 BPD_transp_1         PF00528.27   184   1.1e-15   55.5  20.1   1   1   6.5e-18   1.1e-15   55.5  20.1    15   172   128   286   111   295 0.74 GCA_017357105.2
CAJQMY010000047.1_3      -            172 BPD_transp_1         PF00528.27   184   1.5e-15   55.1  10.3   1   1     1e-17   1.8e-15   54.9  10.3    38   183     2   163     1   164 0.91 GCA_905479565.1
NZ_QLVG01000001.1_152    -            546 BPD_transp_1         PF00528.27   184   2.6e-14   51.1  19.6   1   1   1.5e-16   2.6e-14   51.1  19.6    27   179   373   539   318   545 0.72 GCF_003382685.1
JACNFV010000112.1_12     -             67 BPD_transp_1         PF00528.27   184     2e-13   48.2   1.8   1   1   1.2e-15   2.2e-13   48.1   1.8   122   183     1    62     1    63 0.98 GCA_014384445.1
NZ_AOIJ01000057.1_60     -            107 BPD_transp_1         PF00528.27   184   2.4e-13   47.9   0.0   1   1   1.7e-15   2.9e-13   47.7   0.0    98   180     2    91     1    94 0.98 GCF_000337175.1
LKNH01000067.1_5         -            286 BPD_transp_1         PF00528.27   184   4.9e-13   46.9  17.7   1   1   2.8e-15   4.9e-13   46.9  17.7     8   174    88   272    81   278 0.76 GCA_001564135.1
NZ_KB913017.1_3342       -            296 BPD_transp_1         PF00528.27   184   3.3e-11   41.0  11.3   1   1   1.9e-13   3.3e-11   41.0  11.3     2   180   117   289   116   293 0.92 GCF_000383975.1
NZ_LOPU01000029.1_136    -            228 BPD_transp_1         PF00528.27   184     2e-10   38.5   8.5   1   1   1.1e-12     2e-10   38.5   8.5     3   175    37   219    34   224 0.89 GCF_001469955.1
NZ_QPII01000032.1_5      -            536 BPD_transp_1         PF00528.27   184   4.4e-07   27.5  13.4   1   1   2.5e-09   4.4e-07   27.5  13.4     4   173    56   243    53   251 0.72 GCF_003336675.1
QNGA01000009.1_102   -            313 BPD_transp_1_N       PF19300.4    114   2.6e-13   47.9   0.0   1   1   3.9e-16   1.5e-12   45.5   0.0     1    76     1    76     1   102 0.94 GCA_003298465.1
RKRU01000208.1_5          -            340 BPD_transp_2         PF02653.21   269   4.6e-43  145.0  26.5   1   1   1.3e-45   5.4e-43  144.8  26.5     3   269    10   319     8   319 0.95 GCA_007571225.1
NZ_JAJCVI010000003.1_155  -            492 BPD_transp_2         PF02653.21   269   1.2e-42  143.7  30.4   1   1   5.6e-45   2.3e-42  142.7  30.4     3   252    51   341    49   385 0.90 GCF_020567525.1
JADKAQ010000009.1_24      -            370 BPD_transp_2         PF02653.21   269     2e-41  139.6  34.8   1   1     5e-44     2e-41  139.6  34.8     4   268    75   351    72   352 0.92 GCA_016719105.1
NZ_CP085305.1_230         -            414 BPD_transp_2         PF02653.21   269   8.6e-41  137.6  45.7   1   1   2.1e-43   8.6e-41  137.6  45.7     4   267   101   400    98   402 0.85 GCF_020700235.1
AOLX01000027.1_189        -            295 BPD_transp_2         PF02653.21   269   1.5e-39  133.5  41.5   1   1   4.1e-42   1.7e-39  133.4  41.5     2   268     7   280     6   283 0.79 GCA_000336895.1
CP094974.1_1346           -            477 BPD_transp_2         PF02653.21   269     2e-38  129.8  29.1   1   1   4.8e-41     2e-38  129.8  29.1     4   242    69   375    66   437 0.85 GCA_022869805.1
NZ_JANJYH010000002.1_54   -            292 BPD_transp_2         PF02653.21   269   2.6e-38  129.5  37.3   1   1   7.4e-41     3e-38  129.2  37.3     3   269    11   280     9   282 0.89 GCF_024609245.1
NZ_JALLPK010000001.1_1714 -            563 BPD_transp_2         PF02653.21   269   3.2e-38  129.1  66.0   1   2     7e-16   2.9e-13   47.3  28.3     7   206    12   233     6   256 0.81 GCF_023276375.1
NZ_JALLPK010000001.1_1714 -            563 BPD_transp_2         PF02653.21   269   3.2e-38  129.1  66.0   2   2   1.5e-27   6.2e-25   85.6  29.3    54   269   292   543   269   543 0.77 GCF_023276375.1
NZ_CVUA01000001.1_1625    -            409 BPD_transp_2         PF02653.21   269   1.9e-31  106.9  48.8   1   1     1e-28   4.2e-26   89.4  26.9    35   268   138   387   131   388 0.85 GCF_001282785.1
NZ_LOPW02000017.1_240     -            230 bPH_2                PF03703.19    78   4.5e-17   59.8   0.0   1   1   3.6e-20   6.7e-17   59.3   0.0     2    76    76   150    75   152 0.97 GCF_001469875.2
NZ_JALLPK010000001.1_1230 -            184 bPH_2                PF03703.19    78   1.9e-14   51.5   0.1   1   1   1.6e-17     3e-14   50.8   0.1     2    72    82   152    81   158 0.94 GCF_023276375.1
SZNP01000009.1_214   -            317 BPL_C                PF02237.22    48   3.3e-12   43.9   0.4   1   1   1.8e-15   3.3e-12   43.9   0.4     1    47   267   313   267   314 0.98 GCA_005239435.1
NZ_CP030846.1_1202   -            136 BPL_C                PF02237.22    48   2.4e-08   31.5   0.0   1   1   2.6e-11   4.9e-08   30.6   0.0     1    46    91   135    91   136 0.97 GCF_013407275.1
NZ_LWHG01000028.1_332 -            188 BPL_LplA_LipB        PF03099.24   133   5.9e-17   59.6   0.0   1   1     7e-20   8.7e-17   59.1   0.0    23   109    98   176    79   184 0.89 GCF_001625445.1
SZNP01000009.1_214    -            317 BPL_LplA_LipB        PF03099.24   133   6.2e-16   56.3   0.0   1   1   7.4e-19   9.1e-16   55.8   0.0    20   133    96   212    81   212 0.92 GCA_005239435.1
RHFA01000120.1_3      -            334 BPL_LplA_LipB        PF03099.24   133   4.2e-14   50.4   0.1   1   1   5.6e-17   6.9e-14   49.7   0.1    23   133   105   211    88   211 0.88 GCA_003724275.1
NZ_CP085338.1_545    -            335 bpMoxR               PF20030.4    205   3.3e-11   40.4   0.0   1   1   1.5e-14   5.6e-11   39.6   0.0     5   178    10   183     7   212 0.83 GCF_020618475.1
NZ_JAAOIR010000001.1_1636 -            465 CAA_C                PF21133.2    144   6.7e-48  159.8   0.0   1   1   2.7e-51     1e-47  159.2   0.0     1   143   295   442   295   443 0.94 GCF_011440375.1
NZ_RDFA01000002.1_222 -            886 Cadherin             PF00028.22    93   4.4e-20   69.7   2.8   1   2   4.2e-13   1.5e-09   35.9   0.2     3    92   394   482   393   483 0.95 GCF_004118325.1
NZ_RDFA01000002.1_222 -            886 Cadherin             PF00028.22    93   4.4e-20   69.7   2.8   2   2   4.4e-12   1.6e-08   32.6   0.0     3    92   495   584   493   585 0.91 GCF_004118325.1
REGJ01000004.1_64     -            943 Cadherin_4           PF17803.6     71   1.1e-45  151.8  28.8   1   3   7.4e-17   9.1e-14   49.5   0.1     2    71   358   424   357   424 0.93 GCA_003702525.1
REGJ01000004.1_64     -            943 Cadherin_4           PF17803.6     71   1.1e-45  151.8  28.8   2   3   2.7e-11   3.3e-08   31.7   0.7     1    71   450   517   450   517 0.88 GCA_003702525.1
REGJ01000004.1_64     -            943 Cadherin_4           PF17803.6     71   1.1e-45  151.8  28.8   3   3   8.1e-20   9.9e-17   59.0   4.4     2    64   632   691   631   698 0.95 GCA_003702525.1
NZ_RDFA01000002.1_222 -            886 Cadherin_4           PF17803.6     71   4.3e-16   57.0   1.2   1   1   3.5e-19   4.3e-16   57.0   1.2     1    71   578   649   578   649 0.98 GCF_004118325.1
REGJ01000004.1_64     -            943 Cadherin_5           PF17892.6     98   2.2e-40  134.2  27.6   1   2   6.9e-17   1.3e-13   48.4   0.0     2    97   367   456   366   457 0.90 GCA_003702525.1
REGJ01000004.1_64     -            943 Cadherin_5           PF17892.6     98   2.2e-40  134.2  27.6   2   2   2.9e-12   5.4e-09   33.6   0.9     1    95   640   729   640   732 0.89 GCA_003702525.1
NZ_RDFA01000002.1_222 -            886 Cadherin_5           PF17892.6     98   1.5e-18   64.2   0.8   1   1   7.9e-22   1.5e-18   64.2   0.8     1    98   587   682   587   682 0.88 GCF_004118325.1
JAKCFJ010000001.1_1391 -            238 CAP                  PF00188.31   117   1.2e-15   56.1   0.0   1   1     1e-18   1.9e-15   55.5   0.0     2   114   111   231   110   235 0.95 GCA_025041175.1
JAFGCY010000084.1_41   -            284 CAP                  PF00188.31   117   5.8e-09   34.6   0.0   1   1   4.6e-12   8.5e-09   34.0   0.0     1   103    39   144    39   152 0.92 GCA_016932385.1
NZ_BCNB01000006.1_2573 -            578 Carbam_trans_C       PF16861.10   170   1.6e-62  207.8   0.0   1   1   6.3e-66   2.3e-62  207.3   0.0     1   170   406   578   406   578 0.97 GCF_001485575.1
NZ_BCNB01000006.1_2573 -            578 Carbam_trans_N       PF02543.20   346   2.3e-47  159.8   0.0   1   1   9.2e-51   3.4e-47  159.3   0.0     9   345    13   356     6   357 0.86 GCF_001485575.1
NZ_CP058335.1_532    -            523 Carboxyl_trans       PF01039.27   493  1.1e-200  665.1   0.0   1   1  3.5e-204  1.3e-200  665.0   0.0     1   493    36   521    36   521 0.99 GCF_013391105.1
NZ_JALIQP010000002.1_24 -            297 CarboxypepD_reg      PF13620.11    82   1.3e-26   90.5  13.4   1   2   1.7e-19   3.1e-16   57.3   5.2     2    81    35   113    34   114 0.91 GCF_023566055.1
NZ_JALIQP010000002.1_24 -            297 CarboxypepD_reg      PF13620.11    82   1.3e-26   90.5  13.4   2   2   3.8e-13     7e-10   36.9   0.7     1    79   218   288   218   291 0.92 GCF_023566055.1
JADJWG010000004.1_338   -            324 CarboxypepD_reg      PF13620.11    82   3.2e-17   60.4   6.4   1   1   9.1e-15   1.7e-11   42.1   0.9     2    56   260   316   259   322 0.85 GCA_016716475.1
NZ_NHSQ01000070.1_119 -            508 Carb_kinase          PF01256.22   242     3e-59  198.2   2.5   1   1     4e-62   7.3e-59  196.9   1.3     1   237   255   490   255   494 0.95 GCF_016653465.1
JALDAN010000006.1_34  -            261 Carb_kinase          PF01256.22   242   8.1e-46  154.2   0.1   1   1   5.1e-49   9.4e-46  154.0   0.1     1   241    24   256    24   257 0.94 GCA_022729355.1
NZ_CP101156.1_2195    -           3281 CARDB                PF07705.16   101   5.7e-10   37.1  41.0   1   1   7.6e-09     7e-06   24.0   3.0     5    84   701   781   697   787 0.83 GCF_024298845.1
NZ_RDFA01000002.1_222 -            886 CARDB                PF07705.16   101   3.8e-07   28.0   0.1   1   1   4.1e-10   3.8e-07   28.0   0.1     6    72   697   761   692   786 0.84 GCF_004118325.1
NZ_CP096658.1_2423    -            316 CARDB                PF07705.16   101     1e-06   26.7   0.1   1   1   3.3e-09     3e-06   25.1   0.0     2    76   178   265   177   283 0.85 GCF_023238445.1
NZ_JANJYH010000002.1_428 -            309 Caroten_synth        PF04240.17   209   2.8e-63  211.4  15.1   1   1   1.9e-66   3.5e-63  211.0  15.1     1   208    73   287    73   288 0.98 GCF_024609245.1
NZ_CP084469.1_2436       -            156 Caroten_synth        PF04240.17   209   3.7e-10   37.8  15.3   1   1   2.7e-13   4.9e-10   37.4  15.3    19   158    24   154     7   156 0.79 GCF_020405205.1
JAATVT010000241.1_2  -            912 Cation_ATPase_C      PF00689.26   175     7e-25   85.6   9.3   1   1   1.9e-28     7e-25   85.6   9.3     1   174   742   904   742   905 0.95 GCA_014523685.1
JAATVT010000241.1_2  -            912 Cation_ATPase_N      PF00690.31    69     5e-16   55.9   0.2   1   1   1.4e-19     5e-16   55.9   0.2     2    69    14    82    13    82 0.92 GCA_014523685.1
JAKCFM010000001.1_2886 -            296 Cation_efflux        PF01545.26   198   4.9e-41  138.4  10.0   1   1   3.2e-44   5.9e-41  138.2  10.0     3   198    13   204    11   204 0.98 GCA_025041195.1
NZ_CP100445.1_2953     -            318 Cation_efflux        PF01545.26   198   1.5e-39  133.6  17.0   1   1     1e-42   1.9e-39  133.2  17.0     3   193    36   222    34   226 0.96 GCF_024227435.1
NZ_FOTC01000003.1_27 -            143 CBFD_NFYB_HMF        PF00808.28    65   1.1e-27   93.9   0.5   1   2     2e-13   7.4e-10   36.7   0.0     2    60     4    62     3    68 0.97 GCF_900114455.1
NZ_FOTC01000003.1_27 -            143 CBFD_NFYB_HMF        PF00808.28    65   1.1e-27   93.9   0.5   2   2   2.6e-19   9.7e-16   55.6   0.2     2    62    75   136    74   137 0.97 GCF_900114455.1
JADFQH010000044.1_8   -            491 CbiA                 PF01656.28   125   1.2e-22   78.0   0.0   1   1   5.9e-25   2.4e-22   77.0   0.0     2   113     6   235     5   243 0.96 GCA_022561895.1
NZ_AOLJ01000027.1_53  -            676 CbiA                 PF01656.28   125   9.8e-21   71.8   0.0   1   2   5.1e-12   2.1e-09   35.2   0.0     2    65    22   227    21   250 0.76 GCF_000336775.1
NZ_AOLJ01000027.1_53  -            676 CbiA                 PF01656.28   125   9.8e-21   71.8   0.0   2   2   1.8e-10   7.2e-08   30.2   0.0     4    54   348   415   345   527 0.76 GCF_000336775.1
NZ_CP072036.1_2462    -            627 CbiA                 PF01656.28   125   1.8e-19   67.7   0.0   1   1   6.2e-20   2.5e-17   60.7   0.0     2   100     9   173     8   196 0.91 GCF_018847375.1
NZ_CP085330.1_1       -            288 CbiA                 PF01656.28   125   1.2e-18   65.0   0.0   1   1   3.9e-21   1.6e-18   64.6   0.0     1   123    15   244    15   246 0.90 GCF_020614375.1
NZ_FOTC01000002.1_400 -            414 CbiA                 PF01656.28   125   1.8e-18   64.5   0.0   1   1   4.8e-20     2e-17   61.1   0.0     2   125     8   216     7   216 0.94 GCF_900114455.1
NZ_AQXI01000001.1_598 -            212 CbiA                 PF01656.28   125   9.4e-16   55.7   0.0   1   1   3.1e-18   1.3e-15   55.3   0.0     1   111     2   185     2   192 0.92 GCF_000376445.1
NZ_CP085331.1_164     -            288 CbiA                 PF01656.28   125   1.7e-15   54.9   0.0   1   1   5.7e-18   2.3e-15   54.4   0.0     1    69     9   127     9   212 0.79 GCF_020614375.1
PXRK01000076.1_39     -            282 CbiA                 PF01656.28   125   1.4e-14   51.9   0.1   1   1   5.9e-17   2.4e-14   51.1   0.1     2   116     7   200     6   204 0.88 GCA_003021015.1
NZ_WUYX01000004.1_79  -            411 CbiA                 PF01656.28   125   4.3e-08   30.9   0.0   1   1   2.4e-10   9.9e-08   29.8   0.0     3    73    57   300    55   353 0.81 GCF_009834785.1
NZ_LIGX01000020.1_82 -            865 CbiG_C               PF01890.21   117   2.5e-37  125.7   0.6   1   1   2.5e-40   9.2e-37  123.9   0.1     2   117   487   602   486   602 0.98 GCF_001683795.1
NZ_LIGX01000020.1_82 -            865 CbiG_N               PF11760.13    82     8e-33  110.1   0.7   1   1   9.5e-36   3.5e-32  108.0   0.0     3    82   314   393   312   393 0.98 GCF_001683795.1
NZ_RDFA01000001.1_92 -            227 CbiM                 PF01891.21   205   1.6e-35  120.6  25.9   1   1   4.9e-39   1.8e-35  120.4  25.9     1   205     5   209     5   209 0.96 GCF_004118325.1
NZ_AOJH01000012.1_22 -            271 CbiQ                 PF02361.21   216   1.4e-31  107.6   3.8   1   1   5.1e-35   1.9e-31  107.2   3.8     4   210    24   231    22   236 0.95 GCF_000337355.1
QNGA01000001.1_1711  -            270 CbiX                 PF01903.22   106   1.1e-34  116.6   0.1   1   2   1.2e-20   4.6e-17   60.0   0.0     1   105    14   117    14   118 0.92 GCA_003298465.1
QNGA01000001.1_1711  -            270 CbiX                 PF01903.22   106   1.1e-34  116.6   0.1   2   2   4.7e-19   1.7e-15   55.0   0.0     1   104   140   252   140   254 0.95 GCA_003298465.1
NZ_JANHDJ010000005.1_266 -            562 CBM_6                PF03422.20   125   7.6e-30  101.6  18.2   1   3   8.5e-13   3.1e-09   34.9   0.6    19   124   188   286   178   287 0.87 GCF_024494645.1
NZ_JANHDJ010000005.1_266 -            562 CBM_6                PF03422.20   125   7.6e-30  101.6  18.2   2   3   3.1e-14   1.2e-10   39.6   1.7    16   124   326   427   316   428 0.88 GCF_024494645.1
NZ_JANHDJ010000005.1_266 -            562 CBM_6                PF03422.20   125   7.6e-30  101.6  18.2   3   3   1.4e-13     5e-10   37.5   0.2    15   124   457   559   446   560 0.85 GCF_024494645.1
NZ_CP085330.1_1       -            288 CBP_BcsQ             PF06564.17   234   6.3e-09   33.4   0.1   1   1   2.3e-11   1.7e-08   32.0   0.1     7   138    18   155    12   165 0.68 GCF_020614375.1
NZ_AQXI01000001.1_598 -            212 CBP_BcsQ             PF06564.17   234   8.1e-09   33.1   1.5   1   1   3.4e-10   2.5e-07   28.2   1.5     4   152     2   139     1   152 0.79 GCF_000376445.1
NZ_CP085331.1_164     -            288 CBP_BcsQ             PF06564.17   234   8.5e-08   29.7   0.0   1   1   1.9e-10   1.4e-07   29.0   0.0     4   143     9   153     7   168 0.81 GCF_020614375.1
NZ_FOTC01000002.1_400 -            414 CBP_BcsQ             PF06564.17   234   1.3e-07   29.1   0.8   1   1   2.2e-08   1.7e-05   22.2   0.1     5   151     8   151     5   162 0.85 GCF_900114455.1
JADDOW010000067.1_15     -            278 CBS                  PF00571.33    57   1.7e-47  157.3   9.8   1   4   3.3e-10   7.6e-08   30.4   0.0     2    55     6    57     5    59 0.90 GCA_016782225.1
JADDOW010000067.1_15     -            278 CBS                  PF00571.33    57   1.7e-47  157.3   9.8   2   4   6.4e-10   1.5e-07   29.5   0.1     1    56    71   128    70   129 0.87 GCA_016782225.1
JADDOW010000067.1_15     -            278 CBS                  PF00571.33    57   1.7e-47  157.3   9.8   3   4   4.7e-16   1.1e-13   49.1   0.3     2    52   138   187   138   189 0.94 GCA_016782225.1
JADDOW010000067.1_15     -            278 CBS                  PF00571.33    57   1.7e-47  157.3   9.8   4   4   3.8e-17   8.8e-15   52.6   0.1     1    56   219   274   219   275 0.94 GCA_016782225.1
NZ_CP100762.1_2006       -            140 CBS                  PF00571.33    57   8.7e-29   97.4   9.2   1   2   1.1e-15   2.5e-13   47.9   1.6     1    54     3    55     3    58 0.89 GCF_024296665.1
NZ_CP100762.1_2006       -            140 CBS                  PF00571.33    57   8.7e-29   97.4   9.2   2   2   2.3e-16   5.4e-14   50.1   0.2     2    56    69   123    68   124 0.93 GCF_024296665.1
DAMC01000063.1_8         -            161 CBS                  PF00571.33    57   1.6e-27   93.3   5.9   1   2   9.5e-15   2.2e-12   44.9   1.3     1    52    17    67    17    72 0.91 GCA_002499525.1
DAMC01000063.1_8         -            161 CBS                  PF00571.33    57   1.6e-27   93.3   5.9   2   2   1.2e-16   2.8e-14   51.0   0.2     1    54    81   133    81   135 0.95 GCA_002499525.1
NZ_WUUT01000001.1_18     -            142 CBS                  PF00571.33    57   9.2e-27   90.9   0.7   1   2   2.4e-15   5.5e-13   46.8   0.1     1    55     6    61     6    63 0.93 GCF_009831575.1
NZ_WUUT01000001.1_18     -            142 CBS                  PF00571.33    57   9.2e-27   90.9   0.7   2   2   3.8e-14   8.8e-12   43.0   0.1     2    55    73   125    72   127 0.92 GCF_009831575.1
NZ_CP012850.1_3338       -            485 CBS                  PF00571.33    57   1.4e-26   90.3   0.4   1   2   1.2e-12   2.8e-10   38.2   0.0     4    50    98   144    95   148 0.91 GCF_000802205.1
NZ_CP012850.1_3338       -            485 CBS                  PF00571.33    57   1.4e-26   90.3   0.4   2   2   3.8e-16   8.8e-14   49.4   0.2     1    53   155   207   155   210 0.97 GCF_000802205.1
NZ_LQMW01000023.1_68     -            125 CBS                  PF00571.33    57   1.5e-25   87.1   2.5   1   2   1.4e-11   3.3e-09   34.7   0.1     2    55     6    58     5    60 0.88 GCF_001541925.1
NZ_LQMW01000023.1_68     -            125 CBS                  PF00571.33    57   1.5e-25   87.1   2.5   2   2   3.9e-17   8.9e-15   52.6   0.4     2    54    70   121    69   124 0.93 GCF_001541925.1
NZ_JAJCVJ010000002.1_122 -            393 CBS                  PF00571.33    57   3.7e-23   79.4   2.2   1   2   2.4e-11   5.6e-09   34.0   0.1     1    52   246   298   246   302 0.86 GCF_020567425.1
NZ_JAJCVJ010000002.1_122 -            393 CBS                  PF00571.33    57   3.7e-23   79.4   2.2   2   2     1e-14   2.4e-12   44.8   0.2     1    55   310   366   310   368 0.97 GCF_020567425.1
NZ_WUUT01000001.1_1002   -            125 CBS                  PF00571.33    57   1.6e-22   77.3   0.6   1   2   2.9e-11   6.7e-09   33.7   0.1     1    55     9    60     9    62 0.93 GCF_009831575.1
NZ_WUUT01000001.1_1002   -            125 CBS                  PF00571.33    57   1.6e-22   77.3   0.6   2   2     6e-14   1.4e-11   42.3   0.1    10    53    80   122    71   124 0.89 GCF_009831575.1
JADFQH010000016.1_18     -            182 CBS                  PF00571.33    57   1.8e-20   70.8   2.1   1   2   2.3e-14   5.3e-12   43.7   3.2     1    55     7    60     7    62 0.92 GCA_022561895.1
JADFQH010000016.1_18     -            182 CBS                  PF00571.33    57   1.8e-20   70.8   2.1   2   2   2.9e-08   6.8e-06   24.1   0.0     3    55    73   124    71   126 0.79 GCA_022561895.1
NZ_JADDKQ010000022.1_54  -            467 CBS                  PF00571.33    57   9.6e-19   65.3   4.8   1   2   1.1e-11   2.6e-09   35.1   1.3     5    52   226   272   219   275 0.90 GCF_016464425.1
NZ_JADDKQ010000022.1_54  -            467 CBS                  PF00571.33    57   9.6e-19   65.3   4.8   2   2   3.6e-10   8.3e-08   30.2   0.1     7    56   287   336   282   337 0.91 GCF_016464425.1
NZ_NHSQ01000028.1_16     -            453 CBS                  PF00571.33    57     6e-18   62.7   4.1   1   2   1.1e-09   2.4e-07   28.7   0.5     2    54   140   198   139   201 0.89 GCF_016653465.1
NZ_NHSQ01000028.1_16     -            453 CBS                  PF00571.33    57     6e-18   62.7   4.1   2   2   1.9e-11   4.3e-09   34.4   0.2     1    56   204   259   204   260 0.94 GCF_016653465.1
JAAUVF010000153.1_3      -            141 CBS                  PF00571.33    57   1.7e-17   61.3   0.4   1   1   2.2e-14   5.1e-12   43.7   0.0     1    56    23    77    23    78 0.91 GCA_012030815.1
NZ_JAALLS010000018.1_30  -            424 CBS                  PF00571.33    57   6.3e-16   56.2   0.6   1   2   2.9e-09   6.6e-07   27.4   0.0     4    52   219   268   214   271 0.88 GCF_011059105.1
NZ_JAALLS010000018.1_30  -            424 CBS                  PF00571.33    57   6.3e-16   56.2   0.6   2   2   4.2e-09   9.8e-07   26.8   0.1     4    56   277   328   274   329 0.86 GCF_011059105.1
JAATVR010000297.1_1      -            645 CBS                  PF00571.33    57   3.7e-14   50.6   7.9   1   1   1.4e-12   3.3e-10   37.9   1.5     1    55    37    90    37    92 0.91 GCA_014523665.1
JACNFV010000162.1_5      -            186 CBS                  PF00571.33    57   4.6e-13   47.1   0.0   1   1   3.4e-11   7.9e-09   33.5   0.0     1    51    68   117    68   122 0.93 GCA_014384445.1
RHFA01000008.1_4     -            234 CbtA                 PF09490.15   239   1.5e-30  104.5  40.7   1   1   4.7e-34   1.7e-30  104.4  40.7     4   235     6   217     3   221 0.88 GCA_003724275.1
WHSX01000035.1_9     -            108 CbtB                 PF09489.15    51     2e-11   41.7   0.2   1   1   8.6e-15   3.2e-11   41.0   0.2    16    51    59   108    53   108 0.92 GCA_009379865.1
NZ_JALLGW010000001.1_1115 -            731 CCG                  PF02754.21    85   1.6e-14   51.5   0.0   1   1   1.8e-15   3.3e-12   44.1   0.1     1    83   592   682   592   684 0.86 GCF_023074835.1
NZ_RKLT01000001.1_961     -           1035 CCG                  PF02754.21    85   1.6e-07   29.1   0.0   1   1   8.9e-09   1.6e-05   22.7   0.0    19    84   943  1010   928  1011 0.83 GCF_019599505.1
PXRE01000009.1_36    -            735 CDC48_2              PF02933.22    64   4.7e-13   46.4   1.7   1   1   8.8e-16   3.2e-12   43.7   0.3     8    62   115   169   111   171 0.91 GCA_003021085.1
PXRE01000009.1_36    -            735 CDC48_N              PF02359.23    85   1.4e-24   83.9   1.0   1   1   2.3e-27   8.5e-24   81.3   0.4     1    82     9    89     9    92 0.97 GCA_003021085.1
NZ_WRXM01000002.1_456 -            250 Cdc6-ORC-like_ATPase_lid PF22606.1     60   1.2e-07   29.3   0.0   1   1   8.2e-11     3e-07   28.0   0.0     1    57    65   120    65   123 0.92 GCF_010119205.1
NZ_CP100456.1_72      -            413 Cdc6_C               PF09079.16    96   1.6e-20   70.7   0.0   1   1   2.7e-23   3.3e-20   69.6   0.0     2    96   290   384   289   384 0.97 GCF_024228315.1
NZ_WRXM01000002.1_456 -            250 Cdc6_C               PF09079.16    96     7e-16   55.8   0.3   1   1   2.2e-18   2.7e-15   53.9   0.0     5    95   150   242   146   243 0.94 GCF_010119205.1
JAGXTE010000055.1_40  -            432 Cdc6_C               PF09079.16    96   1.6e-11   41.8   0.0   1   1   8.1e-14   9.9e-11   39.3   0.0     5    93   299   386   295   387 0.92 GCA_018334095.1
NZ_CP100456.1_72      -            413 Cdc6_lid             PF22703.1     68   7.5e-27   90.8   2.0   1   1   1.5e-29   1.4e-26   89.9   2.0     2    68   214   280   213   280 0.98 GCF_024228315.1
NZ_WRXM01000002.1_456 -            250 Cdc6_lid             PF22703.1     68   2.7e-25   85.8   0.9   1   1   7.4e-27   6.8e-24   81.3   0.6     1    66    71   135    71   137 0.97 GCF_010119205.1
NC_019964.1_206       -            423 Cdc6_lid             PF22703.1     68   1.5e-20   70.7   0.1   1   1   3.5e-23   3.3e-20   69.5   0.1     1    68   263   329   263   329 0.98 GCF_000328525.1
JAGXTE010000055.1_40  -            432 Cdc6_lid             PF22703.1     68   6.1e-15   52.7   0.1   1   1   1.3e-17   1.2e-14   51.8   0.1     3    52   226   274   224   286 0.88 GCA_018334095.1
UYNY01000031.1_59       -            186 CDP-OH_P_transf      PF01066.26   152   3.4e-11   41.5   6.1   1   1   3.8e-14   4.7e-11   41.1   6.1     7   145    30   168    25   178 0.64 GCA_900620265.1
NZ_JAJCVI010000001.1_57 -            240 CDP-OH_P_transf      PF01066.26   152   5.8e-11   40.7  15.4   1   1     6e-14   7.4e-11   40.4  14.8     2   138    10   163     9   198 0.73 GCF_020567525.1
JAHENP010000202.1_8     -            205 CDP-OH_P_transf      PF01066.26   152   3.9e-08   31.6  10.9   1   1   5.4e-11   6.7e-08   30.8  10.7     4   139    28   172    26   191 0.71 GCA_018609965.1
JACZSC010000018.1_17  -            334 CdvA                 PF18822.6    123   4.9e-26   88.9  11.1   1   1   4.3e-29     8e-26   88.2  11.1     1   120    84   203    84   206 0.97 GCA_022574415.1
JACASX010000001.1_213 -            272 CdvA                 PF18822.6    123   2.1e-24   83.6   9.3   1   1   2.1e-27   3.8e-24   82.8   9.3     2   122    85   205    84   206 0.98 GCA_013390745.1
JAJNBK010000301.1_2  -            342 Cellulase            PF00150.23   272   3.9e-11   40.7   2.4   1   1   3.3e-14   1.2e-10   39.1   2.4    22   269    35   304     9   306 0.70 GCA_021155845.1
NZ_JAMZIE010000001.1_53 -            364 CetZ_C               PF21011.2    180   7.9e-54  179.6   2.0   1   1   3.4e-57   1.3e-53  178.9   2.0    10   178   189   361   185   363 0.94 GCF_024178165.1
NZ_NHSQ01000084.1_105 -            318 CHAD                 PF05235.19   228   5.6e-62  207.4   7.3   1   1   4.5e-65   5.6e-62  207.4   7.3     2   227    24   255    23   256 0.94 GCF_016653465.1
QOOS01000002.1_55     -            255 CHAD                 PF05235.19   228   1.4e-19   68.7   0.0   1   1   1.4e-21   1.7e-18   65.2   0.0    22   227    31   218    14   219 0.78 GCA_003331425.1
JAHCGZ010000007.1_45  -            139 CHAD                 PF05235.19   228   1.1e-12   46.1   0.0   1   1   1.1e-15   1.4e-12   45.8   0.0   168   224    44    97    25   101 0.89 GCA_022117465.1
JAFGCY010000084.1_30 -            691 CHASE2               PF05226.16   257     3e-25   87.0   0.0   1   1   1.7e-28   6.4e-25   85.9   0.0     4   254    18   374    13   379 0.59 GCA_016932385.1
NZ_QPII01000005.1_220 -            922 CHAT                 PF12770.12   289   2.1e-11   41.5   0.6   1   1   2.1e-14   7.7e-11   39.7   0.6   107   258   740   881   707   884 0.83 GCF_003336675.1
JADKAQ010000017.1_109 -            362 CheB_methylest       PF01339.22   174   1.4e-70  234.2   1.0   1   1   1.5e-73   5.5e-70  232.3   0.6     1   172   173   349   173   351 0.94 GCA_016719105.1
LKML01000072.1_9     -            387 CheC                 PF04509.17    38   3.2e-22   76.0   0.3   1   2   7.3e-14   1.3e-10   38.8   0.0     7    35   104   132   101   135 0.95 GCA_001563795.1
LKML01000072.1_9     -            387 CheC                 PF04509.17    38   3.2e-22   76.0   0.3   2   2   5.1e-12   9.3e-09   32.9   0.0     1    35   292   326   292   329 0.93 GCA_001563795.1
NZ_KZ859516.1_9      -            207 CheC                 PF04509.17    38   2.6e-16   57.1   0.3   1   1   3.3e-19     6e-16   55.9   0.1     1    38   114   151   114   151 0.97 GCF_003382685.1
NZ_AOLJ01000024.1_223 -            169 CheD                 PF03975.18   108   8.5e-31  104.1   0.0   1   1   3.1e-34   1.1e-30  103.7   0.0     1   107    59   160    59   161 0.95 GCF_000336775.1
NZ_AVSQ01000012.1_13 -            266 CheR                 PF01739.23   195   2.1e-53  178.4   0.1   1   1   7.3e-57   2.7e-53  178.1   0.1     1   182    64   239    64   249 0.94 GCF_000685395.1
NZ_AVSQ01000012.1_13 -            266 CheR_N               PF03705.20    53   2.6e-08   31.2   0.1   1   1   1.1e-11   4.1e-08   30.6   0.1    13    52    11    50     3    51 0.93 GCF_000685395.1
NZ_PHNJ01000008.1_63 -            244 CheW                 PF01584.24   138     2e-15   54.4   0.3   1   1     2e-18   3.8e-15   53.5   0.0     2   107    38   145    37   152 0.87 GCF_008122205.1
NZ_CP100445.1_3683   -           1377 CheW                 PF01584.24   138   1.3e-10   38.8   0.3   1   1   1.4e-13   2.5e-10   37.9   0.3     2   132  1255  1376  1254  1377 0.95 GCF_024227435.1
LKML01000072.1_9     -            387 CheX                 PF13690.11    94   1.3e-19   67.9   0.2   1   2   3.6e-10   6.7e-07   27.1   0.0     2    81    60   142    59   153 0.89 GCA_001563795.1
LKML01000072.1_9     -            387 CheX                 PF13690.11    94   1.3e-19   67.9   0.2   2   2   8.6e-14   1.6e-10   38.7   0.0     2    80   252   335   251   353 0.87 GCA_001563795.1
NZ_KZ859516.1_9      -            207 CheX                 PF13690.11    94     2e-08   31.9   0.1   1   1   6.4e-11   1.2e-07   29.5   0.0     3    80    71   157    69   173 0.85 GCF_003382685.1
JAATVR010000294.1_12 -            523 Chitin_synth_2       PF03142.20   527   4.7e-16   56.2   0.1   1   1   2.5e-19   4.7e-16   56.2   0.1   195   294   209   308   195   317 0.91 GCA_014523665.1
JADFQH010000019.1_6  -            571 Chlor_dismutase      PF06778.17   189   8.1e-63  209.2   0.0   1   1   4.5e-66   1.7e-62  208.2   0.0     1   189    35   244    35   244 0.97 GCA_022561895.1
JAHFTO010000029.1_4  -            369 Choline_kinase       PF01633.25   211   5.3e-08   30.4   0.1   1   1   2.5e-11   9.2e-08   29.7   0.1    51   169   136   265   130   277 0.63 GCA_023269355.1
NZ_CP095757.1_1378   -            586 Chorismate_bind      PF00425.23   257   7.8e-89  295.4   0.0   1   1     6e-92   1.1e-88  294.9   0.0     3   257   261   513   259   513 0.99 GCF_023093535.1
JAKBAE010000091.1_3  -            446 Chorismate_bind      PF00425.23   257   8.6e-87  288.7   0.0   1   1   7.6e-90   1.4e-86  288.0   0.0     3   257   193   437   191   437 0.98 GCA_021809325.1
NZ_WUUT01000002.1_158 -            168 CinA                 PF02464.22   155   2.1e-54  181.1   0.4   1   1   6.3e-58   2.3e-54  181.0   0.4     2   153     7   162     6   164 0.95 GCF_009831575.1
NZ_JAJCVI010000001.1_784 -            286 CitG                 PF01874.21   284     8e-68  226.8   5.7   1   1   2.5e-71   9.1e-68  226.7   5.7     1   284     5   278     5   278 0.91 GCF_020567525.1
NZ_NHSQ01000052.1_48 -            652 CitMHS               PF03600.21   336   5.7e-71  237.1  30.1   1   1   9.3e-74   5.7e-71  237.1  30.1     1   336    45   600    45   600 0.97 GCF_016653465.1
JAHEFU010000007.1_13 -            498 CitMHS               PF03600.21   336   3.3e-55  185.2  42.5   1   1   9.9e-58   6.1e-55  184.4  32.2     2   322    51   428    50   432 0.89 GCA_024645305.1
NZ_CP085336.1_978    -            293 CitMHS               PF03600.21   336   1.2e-46  157.2   2.8   1   1   2.3e-49   1.4e-46  156.9   2.8     1   193    24   224    24   278 0.93 GCF_020618475.1
NZ_CP085336.1_979    -            306 CitMHS               PF03600.21   336   8.2e-30  101.8  23.4   1   1   1.7e-31     1e-28   98.2  12.8   193   335    96   250    17   251 0.84 GCF_020618475.1
JAHEFU010000095.1_1  -            180 CitMHS               PF03600.21   336     3e-28   96.6  15.4   1   1   4.9e-31     3e-28   96.6  15.4     2   114    52   164    51   170 0.97 GCA_024645305.1
WHSX01000035.1_15    -             69 CitMHS               PF03600.21   336   3.9e-10   37.1   1.3   1   1   6.6e-13     4e-10   37.0   1.3    15    75     4    68     1    69 0.85 GCA_009379865.1
BGOU01000003.1_75    -            205 CMAS                 PF02353.25   273   2.3e-07   28.1   0.0   1   1   3.2e-10   2.9e-07   27.8   0.0    60   189    43   166    16   169 0.86 GCA_003569705.1
NZ_LIGX01000007.1_9  -            224 CMAS                 PF02353.25   273     3e-07   27.8   0.0   1   1   4.3e-10   3.9e-07   27.4   0.0    65   164    45   145    33   177 0.87 GCF_001683795.1
JAHFTO010000009.1_12 -            283 CMAS                 PF02353.25   273     3e-07   27.7   0.1   1   1   4.9e-10   4.5e-07   27.2   0.1    44   176    37   167    26   188 0.82 GCA_023269355.1
NZ_LOEP01000056.1_64 -            124 CMD                  PF02627.25    84   2.2e-14   51.0   0.1   1   1   2.5e-17   3.1e-14   50.5   0.1    16    77    28    95    13    98 0.85 GCF_001482285.1
NZ_CP095483.1_134    -            180 CMD                  PF02627.25    84   5.4e-12   43.3   0.9   1   1   6.8e-15   8.3e-12   42.7   0.4     1    82    38   118    38   120 0.87 GCF_023028225.1
NZ_QPII01000012.1_99 -            196 CMD                  PF02627.25    84   5.8e-10   36.8   0.0   1   1   1.3e-11   1.5e-08   32.3   0.1     1    47    46    94    46   103 0.92 GCF_003336675.1
JADJWG010000002.1_759   -            364 CM_2                 PF01817.26    80   8.6e-22   74.9   1.7   1   1   9.2e-25   1.7e-21   74.0   1.7     5    79     2    76     1    77 0.98 GCA_016716475.1
NZ_JAALLS010000018.1_18 -            383 CM_2                 PF01817.26    80   1.1e-19   68.3   4.7   1   1   1.2e-22   2.1e-19   67.3   4.7     1    79     8    86     8    87 0.98 GCF_011059105.1
NZ_JAALLS010000018.1_30 -            424 CNNM                 PF01595.25   181     8e-42  140.7   0.3   1   1   6.4e-45   1.2e-41  140.1   0.3     1   176     5   192     5   198 0.95 GCF_011059105.1
NZ_JADDKQ010000022.1_54 -            467 CNNM                 PF01595.25   181   1.6e-35  120.2   0.9   1   1   1.2e-38   2.1e-35  119.7   0.9     2   180    11   204    10   205 0.94 GCF_016464425.1
CAJWBY010000066.1_22 -            290 CoA_binding          PF02629.24    97     3e-33  112.2   0.4   1   1   1.6e-36     3e-33  112.2   0.4     1    97     6    99     6    99 0.99 GCA_913020705.1
JAHENP010000032.1_2  -            757 CoA_binding          PF02629.24    97   4.7e-08   31.5   0.3   1   1   6.8e-11   1.2e-07   30.1   0.3     4    97    58   145    55   145 0.88 GCA_018609965.1
NZ_JAAOIR010000001.1_15 -            136 CoA_binding_2        PF13380.11   116   1.4e-39  132.9   0.2   1   1   1.3e-42   1.7e-39  132.7   0.2     2   115    17   131    16   132 0.97 GCF_011440375.1
JAHENP010000032.1_2     -            757 CoA_binding_2        PF13380.11   116   7.5e-23   79.0   0.5   1   1   1.8e-25   2.2e-22   77.5   0.2     2   114    59   180    58   182 0.95 GCA_018609965.1
CP094974.1_2504      -            380 CoA_transf_3         PF02515.22   366  1.2e-109  364.5   0.0   1   1    4e-113  1.5e-109  364.2   0.0     1   352     3   353     3   360 0.92 GCA_022869805.1
NZ_LIGX01000020.1_50 -            175 CobA_CobO_BtuR       PF02572.20   172   3.9e-53  177.9   0.0   1   1   1.2e-56   4.3e-53  177.8   0.0     4   172     5   175     2   175 0.96 GCF_001683795.1
CAJWBY010000301.1_2      -            401 cobW                 PF02492.24   180   3.4e-55  184.2   0.8   1   1   4.8e-58   4.4e-55  183.8   0.8     1   179     7   211     7   212 0.95 GCA_913020705.1
CP046181.1_1968          -            232 cobW                 PF02492.24   180   2.5e-08   31.4   0.1   1   1   8.3e-11   7.6e-08   29.9   0.1     2   172    45   209    44   216 0.75 GCA_014075315.1
NZ_JALIQP010000001.1_930 -            341 cobW                 PF02492.24   180   2.2e-06   25.1   1.6   1   1   3.4e-08   3.1e-05   21.4   1.6     2   169    60   222    59   231 0.77 GCF_023566055.1
CAJWBY010000301.1_2  -            401 CobW_C               PF07683.19    94   4.7e-24   81.9   0.0   1   1   2.8e-27     1e-23   80.8   0.0     1    94   257   374   257   374 0.98 GCA_913020705.1
CP060262.1_2190      -            184 Cob_adeno_trans      PF01923.23   171   1.5e-61  205.2   0.0   1   1   4.5e-65   1.6e-61  205.0   0.0     1   171     3   166     3   166 0.95 GCA_022646745.1
JAATVT010000134.1_12 -            306 CofD                 PF01933.23   290     4e-47  158.5   0.0   1   1   1.3e-50   4.7e-47  158.3   0.0     1   240     2   242     2   288 0.85 GCA_014523685.1
JADJWG010000001.1_668 -            390 CofH_C               PF19288.4    125   1.5e-12   45.2   0.0   1   1   1.4e-15   2.6e-12   44.4   0.0     4   119   265   379   262   384 0.86 GCA_016716475.1
JAEHKV010000040.1_1   -            295 CofH_C               PF19288.4    125   4.1e-09   34.1   0.0   1   1     7e-12   1.3e-08   32.5   0.0     2    45   250   293   249   295 0.95 GCA_016838845.1
NZ_JAJCVJ010000003.1_373 -            312 Collar               PF07484.17    57   1.2e-21   74.2   0.3   1   1   7.7e-25   2.8e-21   73.0   0.3     1    57   139   195   139   195 0.99 GCF_020567425.1
NZ_JAALLS010000012.1_22 -            274 ComA                 PF02679.20   243   1.3e-83  277.9   0.0   1   1     4e-87   1.5e-83  277.7   0.0     1   242    13   261    13   262 0.97 GCF_011059105.1
JAKCFJ010000001.1_69 -            574 Complex1_30kDa       PF00329.24   124   1.3e-38  130.1   0.1   1   1   1.3e-41   2.5e-38  129.2   0.1     2   123    43   160    42   161 0.90 GCA_025041175.1
NZ_MWLL01000160.1_87 -            522 Complex1_30kDa       PF00329.24   124   5.9e-10   37.5   0.0   1   1   5.7e-13   1.1e-09   36.7   0.0    38   115    48   133    20   141 0.74 GCF_002198675.1
JAKCFJ010000001.1_69 -            574 Complex1_49kDa       PF00346.24   271   4.5e-84  279.4   0.0   1   1   7.9e-86   1.4e-82  274.5   0.0     5   271   324   574   320   574 0.93 GCA_025041175.1
NZ_MWLL01000160.1_87 -            522 Complex1_49kDa       PF00346.24   271   7.3e-26   88.6   0.0   1   1   6.3e-24   1.2e-20   71.5   0.0    12   164   288   439   279   456 0.85 GCF_002198675.1
SZNP01000005.1_307   -            411 Complex1_51K         PF01512.22   150   1.2e-20   71.6   0.0   1   1   4.9e-24   1.8e-20   71.1   0.0     1   149    20   176    20   177 0.89 GCA_005239435.1
NZ_QLVG01000056.1_3  -            135 Com_YlbF             PF06133.16   105   3.6e-25   86.3  13.0   1   1   2.2e-28   4.1e-25   86.1  13.0     6   104    24   121    19   122 0.93 GCF_003382685.1
NZ_PHNJ01000022.1_24 -            122 Com_YlbF             PF06133.16   105     1e-19   68.7   4.1   1   1   6.3e-23   1.2e-19   68.6   4.1     4   104    14   109    11   110 0.94 GCF_008122205.1
PXSA01000039.1_142   -            330 Cons_hypoth698       PF03601.19   304   1.6e-57  192.5  17.4   1   1   5.2e-61   1.9e-57  192.2  17.4     1   302    10   309    10   311 0.97 GCA_003023565.1
JALDAN010000014.1_14 -            202 Cons_hypoth95        PF03602.20   182   9.6e-10   36.2   0.0   1   1   3.6e-13   1.3e-09   35.7   0.0    43   127    46   127    34   143 0.86 GCA_022729355.1
NZ_CP101156.1_2195   -           3281 CopC                 PF04234.17    92   1.9e-05   23.3   1.0   1   1   5.2e-09   1.9e-05   23.3   1.0     5    92  3024  3115  3021  3115 0.77 GCF_024298845.1
UYNY01000006.1_25    -            165 CopD                 PF05425.18   105   1.2e-10   39.5  15.0   1   1   3.1e-14   1.2e-10   39.5  15.0     3   105    52   161    50   161 0.93 GCA_900620265.1
NZ_AP017569.1_45         -            360 Copper-bind          PF00127.25    99   6.8e-34  114.0   0.0   1   2   1.7e-17   3.3e-15   54.1   0.0     2    98    68   157    67   158 0.86 GCF_002355655.1
NZ_AP017569.1_45         -            360 Copper-bind          PF00127.25    99   6.8e-34  114.0   0.0   2   2   3.1e-18   6.1e-16   56.4   0.0     2    98   208   297   207   298 0.86 GCF_002355655.1
NZ_CP095482.1_2262       -            800 Copper-bind          PF00127.25    99   1.4e-20   71.3   0.3   1   1   3.4e-22   6.5e-20   69.2   0.3     7    99   697   800   692   800 0.86 GCF_023028225.1
NZ_CVUA01000001.1_1040   -            235 Copper-bind          PF00127.25    99   1.1e-18   65.2   0.0   1   1   1.2e-20   2.4e-18   64.2   0.0     7    98    80   182    76   183 0.90 GCF_001282785.1
NZ_JANHAU010000004.1_162 -            160 Copper-bind          PF00127.25    99   2.6e-18   64.0   0.2   1   1   9.9e-20   1.9e-17   61.3   0.2     3    99    75   160    71   160 0.88 GCF_024464185.1
NZ_OBEJ01000001.1_101    -            177 Copper-bind          PF00127.25    99   1.1e-17   62.0   0.0   1   1   1.3e-19   2.5e-17   60.9   0.0     7    99    93   177    87   177 0.86 GCF_900215575.1
NZ_AOLN01000018.1_529    -            216 Copper-bind          PF00127.25    99   1.9e-16   58.1   0.0   1   1   2.1e-18     4e-16   57.0   0.0     4    98    64   152    61   153 0.85 GCF_000337815.1
NZ_JALJCL010000001.1_417 -            228 Copper-bind          PF00127.25    99   1.5e-14   52.0   0.0   1   1   2.4e-16   4.7e-14   50.4   0.0     4    98    79   160    76   161 0.89 GCF_023698535.1
PXRE01000024.1_94        -            126 Copper-bind          PF00127.25    99   8.7e-13   46.3   0.0   1   1   5.8e-15   1.1e-12   46.0   0.0    20    99    53   126    35   126 0.85 GCA_003021085.1
NZ_AOLK01000012.1_181    -            123 Copper-bind          PF00127.25    99     2e-11   42.0   0.1   1   1   1.5e-13     3e-11   41.4   0.1    29    98     3    66     1    67 0.86 GCF_000336755.1
NC_010085.1_872          -            539 Copper-bind          PF00127.25    99   4.2e-11   40.9   0.1   1   1   1.1e-12     2e-10   38.7   0.0    13    99   455   539   447   539 0.81 GCF_000018465.1
JOSY01000051.1_17        -            174 Copper-bind          PF00127.25    99   5.6e-11   40.5   0.0   1   1   5.6e-13   1.1e-10   39.6   0.0    14    98    98   173    87   174 0.85 GCA_000746765.1
JADNRU010000010.1_20     -            196 Copper-bind          PF00127.25    99   1.1e-10   39.6   0.1   1   1   1.5e-12     3e-10   38.2   0.1    14    99   120   196   114   196 0.84 GCA_016276965.1
JAGXTE010000041.1_15     -            324 Copper-bind          PF00127.25    99   4.8e-10   37.5   0.0   1   1   7.2e-12   1.4e-09   36.0   0.0    12    99    37   125    31   125 0.85 GCA_018334095.1
NZ_PEND01000001.1_845    -            354 Copper-bind          PF00127.25    99   1.9e-07   29.2   0.0   1   1     7e-09   1.3e-06   26.5   0.0    19    99   105   188    99   188 0.87 GCF_002844195.1
JABMOR010000028.1_9      -            656 Copper-bind          PF00127.25    99   2.6e-07   28.8   0.0   1   1     4e-09   7.8e-07   27.2   0.0    13    98    31   107    23   108 0.80 GCA_013203245.1
NZ_AOLK01000012.1_182    -            115 Copper-bind          PF00127.25    99   5.5e-07   27.7   0.0   1   1   3.8e-09   7.4e-07   27.3   0.0     3    51    63   110    59   115 0.83 GCF_000336755.1
LDXL01000008.1_210       -            145 Copper-bind          PF00127.25    99   7.7e-07   27.3   0.0   1   1   8.6e-09   1.7e-06   26.2   0.0    13    98    51   129    42   130 0.79 GCA_001443365.1
NZ_MU078716.1_89         -            137 Copper-bind          PF00127.25    99   4.7e-06   24.7   0.4   1   1   5.8e-08   1.1e-05   23.5   0.4     9    99    56   137    48   137 0.80 GCF_014078545.1
NZ_CP026994.1_641    -            549 CorA                 PF01544.23   292   3.1e-67  224.7   3.0   1   1   8.4e-71   3.1e-67  224.7   3.0     4   292   257   545   254   545 0.97 GCF_013407165.1
NZ_JADDKQ010000022.1_54 -            467 CorC_HlyC            PF03471.22    81   2.4e-18   63.7   0.4   1   1   7.8e-21   1.4e-17   61.2   0.1     3    79   354   445   352   447 0.96 GCF_016464425.1
NZ_JAALLS010000018.1_30 -            424 CorC_HlyC            PF03471.22    81   3.3e-16   56.9   1.5   1   1   2.8e-19   5.2e-16   56.2   0.2     2    78   344   421   343   424 0.91 GCF_011059105.1
NZ_JAAAJC010000002.1_233 -            604 COX1                 PF00115.25   436  2.8e-152  505.3  65.6   1   1  2.2e-155    4e-152  504.8  65.6     1   436    66   524    66   524 0.99 GCF_009900715.1
JAKBAE010000016.1_27     -            649 COX1                 PF00115.25   436    8e-135  447.8  67.4   1   1  4.3e-138    8e-135  447.8  67.4     1   433    55   501    55   504 0.97 GCA_021809325.1
JADFQH010000072.1_5      -            276 COX15-CtaA           PF02628.20   322   8.5e-15   52.3  36.5   1   1   8.3e-18   1.5e-14   51.5  22.5     3   213     9   183     7   187 0.91 GCA_022561895.1
NZ_JAAAJC010000002.1_107 -            181 COX15-CtaA           PF02628.20   322   8.3e-09   32.6  15.1   1   1   6.9e-12   1.3e-08   32.0  15.1     2   162    21   160    13   179 0.69 GCF_009900715.1
NZ_RKLT01000001.1_1075 -            275 COX2                 PF00116.25   120     1e-14   52.2   1.0   1   1   2.8e-17   5.2e-14   50.0   0.0    43   114   144   215   140   222 0.94 GCF_019599505.1
JAJXYX010000059.1_34   -            294 COX2                 PF00116.25   120   1.2e-07   29.5   0.0   1   1   1.3e-09   2.3e-06   25.3   0.0    50   119   158   227   149   228 0.94 GCA_021780355.1
NZ_RKLT01000001.1_1075 -            275 COX2_TM              PF02790.20    88   2.9e-09   34.8   0.0   1   1   1.3e-12   4.9e-09   34.0   0.0    11    86    26    98    18   100 0.88 GCF_019599505.1
NZ_FTNO01000001.1_969 -            277 COX3                 PF00510.23   258     8e-31  105.6  14.3   1   1   1.9e-33   3.5e-30  103.5  14.3     7   255    21   271    16   274 0.83 GCF_900156425.1
JAKBAE010000016.1_28  -            186 COX3                 PF00510.23   258   2.2e-10   38.6  21.9   1   1   3.5e-13   6.4e-10   37.1  21.9    78   255     8   181     3   184 0.84 GCA_021809325.1
JAKBAE010000031.1_3  -            104 COX4_pro             PF03626.19    72   2.1e-11   41.9  12.7   1   1   7.8e-15   2.9e-11   41.4  12.7     2    72    16    86    15    86 0.92 GCA_021809325.1
JAJXYX010000059.1_34 -            294 COX_ARM              PF06481.19    46   1.8e-11   41.5   0.0   1   1   8.1e-15     3e-11   40.8   0.0     1    46   241   286   241   286 0.98 GCA_021780355.1
NZ_FTNO01000001.1_366 -            549 Cpn60_TCP1           PF00118.29   490  1.1e-185  615.8  13.3   1   1  3.3e-189  1.2e-185  615.6  13.3     1   489    36   520    36   521 0.99 GCF_900156425.1
PXRE01000001.1_101   -            623 CPSase_L_D2          PF02786.22   211   2.5e-68  227.5   0.0   1   1   3.1e-71   5.7e-68  226.3   0.0     2   209   117   335   116   337 0.95 GCA_003021085.1
NZ_JAKUHT010000029.1_35 -            160 CPSase_sm_chain      PF00988.27   126   1.5e-51  171.3   0.0   1   1   4.8e-55   1.7e-51  171.0   0.0     1   119     7   125     7   131 0.97 GCF_022436705.1
NZ_CP072036.1_2462   -            627 CPT                  PF07931.17   172   4.4e-33  112.3   0.0   1   1   2.6e-36   9.5e-33  111.2   0.0     1   171   453   618   453   619 0.87 GCF_018847375.1
JADDOW010000045.1_7  -            128 CRCB                 PF02537.20   103   4.8e-23   79.2   9.4   1   1   1.5e-26   5.7e-23   79.0   9.4     2   102     8   116     7   117 0.90 GCA_016782225.1
JAKCFJ010000003.1_667 -            392 Creatinase_N         PF01321.23   128   7.7e-22   75.9   0.1   1   1   7.5e-25   1.4e-21   75.1   0.1     1   128    17   160    17   160 0.88 GCA_025041175.1
NZ_CP085302.1_87      -            370 Creatinase_N         PF01321.23   128     8e-11   40.3   0.0   1   1     1e-13   1.9e-10   39.2   0.0    12   127    18   144     9   144 0.89 GCF_020700235.1
SKKJ01000319.1_4     -            257 Creatininase         PF02633.19   238   2.2e-63  211.6   0.1   1   1   7.4e-67   2.7e-63  211.3   0.1     7   237    12   249     7   250 0.93 GCA_007121575.1
NZ_JALLGW010000002.1_387 -             81 CRS1_YhbY            PF01985.26    84     3e-19   66.9   0.1   1   1   9.7e-23   3.6e-19   66.7   0.1     8    84     4    81     2    81 0.96 GCF_023074835.1
NZ_JAKUHT010000013.1_37 -             57 CsbD                 PF05532.17    53   1.1e-15   55.0  11.1   1   1   3.4e-19   1.3e-15   54.8  11.1     2    53     6    57     5    57 0.98 GCF_022436705.1
JADKAQ010000023.1_59 -             68 CSD                  PF00313.27    66   2.4e-31  105.2   0.5   1   1   1.4e-34   2.6e-31  105.1   0.5     2    65     5    67     4    68 0.97 GCA_016719105.1
NZ_CP085327.1_2749   -             78 CSD                  PF00313.27    66   2.4e-19   66.8   0.2   1   1   1.6e-22     3e-19   66.4   0.2     2    64    17    76    16    77 0.97 GCF_020614375.1
JALDAN010000027.1_7  -            521 CTP_synth_N          PF06418.19   265  4.5e-116  384.6   0.0   1   1  1.6e-119  5.9e-116  384.2   0.0     1   265     3   267     3   267 0.99 GCA_022729355.1
NZ_CP100762.1_1267   -            211 CTP_transf_3         PF02348.24   217   5.1e-07   27.4   0.0   1   1   2.7e-10   9.8e-07   26.5   0.0     2   121     9   134     8   163 0.79 GCF_024296665.1
JAHEFU010000137.1_2  -            155 CTP_transf_like      PF01467.31   133   1.9e-19   67.9   0.0   1   1   3.4e-22   2.5e-19   67.6   0.0     1   132    24   151    24   152 0.82 GCA_024645305.1
NZ_AVSQ01000002.1_6  -            156 CTP_transf_like      PF01467.31   133   7.7e-18   62.7   0.0   1   1   1.3e-20   9.5e-18   62.4   0.0     2   132     9   144     8   145 0.82 GCF_000685395.1
BFAR01000126.1_13    -             86 CTP_transf_like      PF01467.31   133   1.1e-14   52.6   0.0   1   1   1.5e-17   1.1e-14   52.5   0.0     2    81     5    81     4    86 0.85 GCA_008974855.1
WHSX01000054.1_4     -            181 CTP_transf_like      PF01467.31   133   3.8e-14   50.8   0.0   1   1   7.4e-17   5.4e-14   50.3   0.0     2    82     5    83     4   157 0.69 GCA_009379865.1
AOLX01000023.1_296   -            211 CTP_transf_like      PF01467.31   133   1.5e-10   39.2   0.0   1   1     4e-13   2.9e-10   38.2   0.0     1   132    45   197    45   198 0.72 GCA_000336895.1
JAHFUM010000012.1_44 -            184 Cu-binding_MopE      PF11617.13    30   4.1e-20   69.5  33.5   1   2   5.1e-15   1.9e-11   41.8   7.0     1    26    48    74    48    76 0.96 GCA_023265135.1
JAHFUM010000012.1_44 -            184 Cu-binding_MopE      PF11617.13    30   4.1e-20   69.5  33.5   2   2   2.2e-14     8e-11   39.8   8.9     1    27    96   123    96   124 0.96 GCA_023265135.1
NZ_KZ859519.1_5      -            333 Cu-oxidase           PF00394.27   157     6e-14   50.2   0.1   1   1   9.3e-17   3.4e-13   47.7   0.0     3   146   165   300   163   311 0.77 GCF_003382685.1
NZ_KZ859519.1_5       -            333 Cu-oxidase_2         PF07731.19   137   2.2e-31  106.2  10.2   1   2   2.6e-13   3.2e-10   37.7   1.1    24   136    57   156    34   157 0.83 GCF_003382685.1
NZ_KZ859519.1_5       -            333 Cu-oxidase_2         PF07731.19   137   2.2e-31  106.2  10.2   2   2   7.8e-24   9.6e-21   71.7   2.3     6   126   193   300   182   303 0.84 GCF_003382685.1
NZ_MWLL01000260.1_1   -            438 Cu-oxidase_2         PF07731.19   137   2.3e-20   70.5   8.0   1   1   4.2e-18   5.2e-15   53.2   2.9    23   133   342   437   328   438 0.87 GCF_002198675.1
NZ_PEND01000001.1_845 -            354 Cu-oxidase_2         PF07731.19   137     2e-09   35.1   0.2   1   1   1.7e-09   2.1e-06   25.3   0.0    35   136   105   190    77   191 0.74 GCF_002844195.1
NZ_KZ859519.1_5       -            333 Cu-oxidase_3         PF07732.20   119   5.2e-22   75.9   5.2   1   1   4.7e-22   5.8e-19   66.1   0.3    23   117    62   156    58   157 0.95 GCF_003382685.1
NZ_MWLL01000260.1_1   -            438 Cu-oxidase_3         PF07732.20   119   1.5e-12   45.4   4.0   1   1   4.6e-14   5.7e-11   40.3   0.4    23   117   175   286   156   287 0.81 GCF_002198675.1
NZ_PEND01000001.1_845 -            354 Cu-oxidase_3         PF07732.20   119   6.1e-11   40.2   0.0   1   1     1e-13   1.2e-10   39.2   0.0     3   118    79   191    77   192 0.88 GCF_002844195.1
JAFAQB010000223.1_6  -            341 Cupin_1              PF00190.27   151   3.1e-49  164.2   0.0   1   2   2.1e-26   7.7e-23   78.5   0.0     1   146     7   144     7   146 0.85 GCA_019246625.1
JAFAQB010000223.1_6  -            341 Cupin_1              PF00190.27   151   3.1e-49  164.2   0.0   2   2   4.6e-28   1.7e-24   83.9   0.0     1   148   182   322   182   325 0.90 GCA_019246625.1
JAFAQB010000223.1_6       -            341 Cupin_2              PF07883.16    70     2e-22   76.5   0.7   1   2   5.8e-13   3.1e-10   37.4   0.2     4    62    43   107    40   115 0.86 GCA_019246625.1
JAFAQB010000223.1_6       -            341 Cupin_2              PF07883.16    70     2e-22   76.5   0.7   2   2   5.5e-13   2.9e-10   37.5   0.0     2    65   216   286   215   291 0.85 GCA_019246625.1
CP071596.1_3609           -            160 Cupin_2              PF07883.16    70   2.3e-16   57.0   0.0   1   1   8.8e-19   4.6e-16   56.1   0.0     2    68    39   109    38   111 0.93 GCA_017357105.2
PXRX01000030.1_41         -            122 Cupin_2              PF07883.16    70   1.5e-14   51.3   0.7   1   1   4.1e-17   2.1e-14   50.7   0.7     3    63    38   103    36   110 0.86 GCA_003023195.1
NZ_CP100000.1_1971        -            202 Cupin_2              PF07883.16    70   1.6e-10   38.4   0.4   1   1   4.8e-13   2.5e-10   37.7   0.4     5    67    37   103    33   105 0.93 GCF_024138165.1
NZ_CP095482.1_530         -             99 Cupin_2              PF07883.16    70   3.9e-10   37.1   0.0   1   1   8.7e-13   4.6e-10   36.9   0.0     4    51    30    78    27    96 0.88 GCF_023028225.1
NZ_JALLPK010000001.1_3015 -            157 Cupin_2              PF07883.16    70   1.1e-09   35.7   1.4   1   1   4.1e-12   2.2e-09   34.7   0.5     3    62    39   103    37   110 0.82 GCF_023276375.1
NZ_CP012850.1_238         -            162 Cupin_2              PF07883.16    70   2.5e-08   31.3   0.1   1   1   7.5e-11   3.9e-08   30.7   0.1     3    70    45   115    43   115 0.93 GCF_000802205.1
LDXL01000008.1_210     -            145 Cupredoxin_1         PF13473.11   104   1.2e-07   29.4   0.0   1   1   3.6e-10   6.7e-07   27.1   0.0    30   101    50   126     9   129 0.83 GCA_001443365.1
NZ_RKLT01000001.1_1075 -            275 Cupredoxin_1         PF13473.11   104   1.5e-07   29.2   0.0   1   1   1.8e-10   3.3e-07   28.1   0.0    35   104   147   220   138   220 0.83 GCF_019599505.1
NZ_MWLL01000195.1_13 -            123 CutA1                PF03091.20    99     1e-24   84.0   0.0   1   1   3.3e-28   1.2e-24   83.8   0.0     3    98    20   114    18   115 0.98 GCF_002198675.1
JAJXYX010000059.1_41 -            168 CwfJ_C_1             PF04677.20   122   2.4e-09   34.9   0.3   1   1   1.2e-12   4.3e-09   34.1   0.1    10   109    23   126    16   131 0.87 GCA_021780355.1
NZ_FTNO01000001.1_721 -            234 CxxCxxCC             PF03692.20    85   8.6e-12   43.4   0.1   1   1   5.4e-15     2e-11   42.2   0.1     1    73    29   137    29   155 0.77 GCF_900156425.1
JAFEGH010000013.1_17 -            234 Cyclase              PF04199.18   142   2.5e-36  122.8   0.0   1   1   8.4e-40   3.1e-36  122.5   0.0     1   141    10   171    10   172 0.90 GCA_018240065.1
CAJQSE010000010.1_23 -            128 Cyclophil_like       PF04126.18   120   5.7e-12   43.3   0.0   1   1   1.8e-15   6.6e-12   43.1   0.0     7   118    15   122     9   124 0.89 GCA_905612485.1
CAJQSE010000010.1_23 -            128 Cyclophil_like2      PF18050.6    115   3.4e-08   31.3   0.0   1   1   1.3e-11   4.7e-08   30.9   0.0    20   105    36   117    30   122 0.80 GCA_905612485.1
NZ_QLVG01000083.1_7   -            400 Cys_Met_Meta_PP      PF01053.25   381   2.3e-08   30.7   0.1   1   1   3.4e-11   6.2e-08   29.3   0.0    68   175   102   215    58   222 0.81 GCF_003382685.1
NZ_LWHG01000021.1_261 -            275 Cys_Met_Meta_PP      PF01053.25   381   5.7e-08   29.4   0.0   1   1     5e-11   9.1e-08   28.8   0.0    68   176    88   202    69   206 0.81 GCF_001625445.1
JAKCFM010000001.1_1544 -            192 Cytidylate_kin2      PF13189.11   176   9.1e-23   79.1   1.1   1   1   1.1e-25   4.2e-22   76.9   1.1     2   175     3   156     2   157 0.95 GCA_025041195.1
NZ_BBJP01000023.1_216 -            269 Cytochrome_B         PF00033.24   189   1.1e-45  153.6  16.1   1   1   4.9e-49   1.8e-45  152.8  16.1    13   184    78   259    71   264 0.93 GCF_000739595.1
JAHEFU010000211.1_1  -            490 Cytochrome_C554      PF13435.11    84   1.6e-15   55.6   6.6   1   1   1.1e-18     4e-15   54.3   2.4     2    84   370   437   369   437 0.92 GCA_024645305.1
JADKAQ010000017.1_19  -            683 Cytochrome_CBB3      PF13442.11    68   2.4e-12   44.8   0.0   1   1   5.5e-15   6.8e-12   43.3   0.0     4    68   458   525   456   525 0.88 GCA_016719105.1
NZ_QPII01000005.1_255 -            489 Cytochrome_CBB3      PF13442.11    68   1.5e-10   39.1   0.5   1   1   1.5e-08   1.8e-05   22.7   0.1     3    26   319   349   317   371 0.70 GCF_003336675.1
JADKAQ010000016.1_41  -            573 Cytochrome_CBB3      PF13442.11    68   3.6e-09   34.6   0.0   1   1   5.8e-12   7.1e-09   33.7   0.0     1    68   476   543   476   543 0.97 GCA_016719105.1
JADFQH010000228.1_5  -            289 Cytochrom_B_C        PF00032.22   102   7.3e-09   33.6   2.1   1   1   5.8e-12   2.1e-08   32.1   0.9     1    69   139   222   139   261 0.75 GCA_022561895.1
NZ_BBJP01000023.1_216 -            269 Cytochrom_B_N_2      PF13631.11   169   1.4e-40  136.8  10.8   1   1   3.7e-44   1.4e-40  136.8  10.8     2   117   146   261   145   269 0.96 GCF_000739595.1
NZ_QPII01000005.1_255 -            489 Cytochrom_C          PF00034.26    90   7.6e-12   44.2   0.2   1   1   4.9e-08     9e-05   21.5   0.0     2    57   320   377   319   394 0.69 GCF_003336675.1
JABMOR010000089.1_2  -            319 Cytochrom_D1         PF02239.21   368   2.7e-13   46.9   0.1   1   1   2.8e-10   5.2e-07   26.3   0.3     9   120   198   309   190   311 0.91 GCA_013203245.1
JAHENP010000241.1_2  -            899 DabA                 PF10070.14   747  7.6e-251  832.4   0.0   1   1  2.8e-254    1e-250  831.9   0.0     2   747    32   850    31   850 0.92 GCA_018609965.1
NZ_CP019067.1_2567   -            313 DAGK_cat             PF00781.29   125   1.9e-25   86.7   0.4   1   1   8.6e-29   3.2e-25   85.9   0.4     3   123    12   128    10   130 0.90 GCF_001989615.1
NZ_QLVG01000049.1_28 -            346 Dala_Dala_lig_C      PF07478.18   204   9.4e-08   29.5   0.0   1   1   1.6e-10   5.8e-07   27.0   0.0    33    96   149   212   119   298 0.85 GCF_003382685.1
NZ_CP095757.1_765        -            402 DAO                  PF01266.29   353   1.1e-78  263.0  11.6   1   1   2.4e-80     5e-78  260.8  11.6     2   353     3   370     2   370 0.83 GCF_023093535.1
CP060262.1_1763          -            490 DAO                  PF01266.29   353   1.6e-15   55.3   0.3   1   1   2.3e-11   4.8e-09   33.9   0.0     1    37     5    40     5   127 0.91 GCA_022646745.1
NZ_MWLL01000155.1_45     -            472 DAO                  PF01266.29   353     6e-11   40.2  11.1   1   1   1.2e-10   2.5e-08   31.6   5.4     1    37    36    71    36    74 0.96 GCF_002198675.1
NZ_MWLL01000206.1_4      -            405 DAO                  PF01266.29   353   3.5e-09   34.4  19.2   1   1   7.2e-10   1.5e-07   29.0   4.3     1    40    90   127    90   132 0.92 GCF_002198675.1
NZ_LIGX01000018.1_34     -            534 DAO                  PF01266.29   353   4.5e-09   34.0   6.3   1   1   2.7e-10   5.6e-08   30.4   6.3     1   323     5   329     5   382 0.61 GCF_001683795.1
NZ_LWHG01000021.1_287    -            239 DAO                  PF01266.29   353   8.3e-08   29.9   0.1   1   1   4.8e-10   9.7e-08   29.6   0.1   153   300    26   173    14   225 0.68 GCF_001625445.1
NZ_LWHG01000021.1_300    -            197 DAO                  PF01266.29   353   1.1e-07   29.4   1.4   1   1   8.6e-10   1.8e-07   28.8   1.4     2    37     4    38     3    50 0.94 GCF_001625445.1
JADJWG010000004.1_191 -            263 DapB_C               PF05173.19   121   1.2e-42  142.5   0.0   1   1   9.2e-46   1.7e-42  142.1   0.0     1   121   125   261   125   261 0.92 GCA_016716475.1
NZ_CP099993.1_934     -            139 DapB_C               PF05173.19   121   2.2e-35  119.1   0.0   1   1   1.4e-38   2.6e-35  118.9   0.0    17   120     2   134     1   135 0.88 GCF_024138125.1
JADJWG010000004.1_191 -            263 DapB_N               PF01113.25   124   1.7e-31  106.7   0.0   1   1   2.7e-34   3.3e-31  105.7   0.0     1   124     3   122     3   122 0.98 GCA_016716475.1
NZ_CP099993.1_935     -            146 DapB_N               PF01113.25   124     7e-28   95.0   0.0   1   1   6.7e-31   8.2e-28   94.7   0.0     2   124     4   122     3   122 0.94 GCF_024138125.1
NZ_PEND01000002.1_457 -            353 DapB_N               PF01113.25   124   4.3e-07   27.8   0.0   1   1     1e-09   1.2e-06   26.4   0.0     1    95     2   106     2   110 0.85 GCF_002844195.1
JAHEFU010000047.1_10 -            279 DAP_epimerase        PF01678.24   121   2.8e-61  202.7   0.1   1   2   6.7e-29   2.5e-25   86.7   0.0     4   119     1   121     1   123 0.95 GCA_024645305.1
JAHEFU010000047.1_10 -            279 DAP_epimerase        PF01678.24   121   2.8e-61  202.7   0.1   2   2   1.8e-37   6.8e-34  114.3   0.1     1   120   153   270   153   271 0.97 GCA_024645305.1
JAATVS010000692.1_8  -            606 dCache_1             PF02743.23   240   3.4e-15   54.0   6.2   1   1   1.4e-18   5.1e-15   53.4   3.9    18   238    58   300    55   302 0.81 GCA_014523695.1
PXRX01000038.1_80    -            167 DCD                  PF22769.1    153   1.8e-07   29.1   0.0   1   1   6.3e-11   2.3e-07   28.8   0.0    68   120    83   133    48   163 0.81 GCA_003023195.1
JAHEXS010000133.1_4  -            170 dCMP_cyt_deam_1      PF00383.28   102     9e-26   87.5   1.7   1   1   6.4e-29   1.2e-25   87.2   1.7     2   100     9   133     8   135 0.97 GCA_023252015.1
JAHELB010000057.1_2  -            213 dCMP_cyt_deam_1      PF00383.28   102   2.1e-24   83.2   0.7   1   1   1.5e-27   2.8e-24   82.7   0.7     2   100    48   172    47   174 0.97 GCA_024644385.1
NZ_CP095757.1_420     -            173 DcpS_C               PF11969.13   114   7.3e-16   56.4   0.0   1   1   7.6e-19   9.4e-16   56.1   0.0     2   105    37   140    36   147 0.90 GCF_023093535.1
NZ_AOLJ01000011.1_679 -            138 DcpS_C               PF11969.13   114   1.2e-14   52.5   0.0   1   1   1.3e-17   1.6e-14   52.1   0.0     2   106     4   108     3   115 0.86 GCF_000336775.1
JAJXYX010000059.1_41  -            168 DcpS_C               PF11969.13   114   6.3e-10   37.3   0.1   1   1   6.9e-13   8.4e-10   36.9   0.1     5   101    27   125    23   133 0.85 GCA_021780355.1
NZ_PHNJ01000014.1_7  -            495 DctM                 PF06808.17   413     6e-77  256.9  41.7   1   1     2e-80   7.3e-77  256.6  41.7     4   412    21   428    18   429 0.95 GCF_008122205.1
JAKCFJ010000003.1_660 -            378 DctP                 PF03480.18   286   2.1e-37  126.8   0.1   1   1   7.7e-41   2.8e-37  126.3   0.1     9   276    59   335    54   341 0.91 GCA_025041175.1
JAKCFJ010000003.1_659 -            182 DctQ                 PF04290.17   132   6.1e-27   91.9  14.7   1   1   1.7e-30   6.2e-27   91.8  11.6     1   131    29   160    29   161 0.95 GCA_025041175.1
WHTU01000063.1_6      -            265 DDE_Tnp_1            PF01609.26   200   1.8e-32  110.5   1.7   1   1   2.3e-35   2.2e-32  110.2   1.7     3   200    75   259    73   259 0.94 GCA_009377575.1
NZ_AOLG01000052.1_34  -            198 DDE_Tnp_1            PF01609.26   200   7.6e-14   49.7   0.7   1   1   1.1e-16     1e-13   49.2   0.7     6    96   111   198   107   198 0.87 GCF_000336815.1
NZ_CP095488.1_349     -            208 DDE_Tnp_1            PF01609.26   200   3.5e-10   37.7   0.5   1   1   6.2e-13   5.7e-10   37.0   0.5    64   184    16   156     6   170 0.69 GCF_023028345.1
JADJWG010000004.1_639 -             93 DDE_Tnp_1            PF01609.26   200   4.4e-09   34.1   0.2   1   1   6.5e-12     6e-09   33.7   0.2    81   188     2    75     1    87 0.87 GCA_016716475.1
JADJWG010000004.1_639 -             93 DDE_Tnp_1_2          PF13586.11    86   1.3e-08   33.0   0.1   1   1   3.8e-12   1.4e-08   32.8   0.1     2    85     2    88     1    89 0.88 GCA_016716475.1
WHTU01000063.1_6     -            265 DDE_Tnp_1_5          PF13737.11   112   6.3e-13   46.9   0.0   1   1     4e-16   1.5e-12   45.7   0.0    24   111     3    90     1    91 0.88 GCA_009377575.1
JAHRAJ010000053.1_18 -            306 DDE_Tnp_IS240        PF13610.11   139   6.8e-17   59.7   0.5   1   1   5.5e-20     1e-16   59.1   0.5     3   122   127   251   125   266 0.90 GCA_020027365.1
CAJWBY010000200.1_6    -            417 DEAD                 PF00270.34   167   6.2e-54  180.0   0.1   1   1     2e-55     6e-53  176.7   0.0     1   163    25   190    25   194 0.94 GCA_913020705.1
DP000238.1_1814        -            912 DEAD                 PF00270.34   167   2.4e-39  132.5   0.0   1   1   1.3e-41   4.1e-39  131.7   0.0     1   164    29   197    29   200 0.90 GCA_000200715.1
NSIR01000004.1_97      -            546 DEAD                 PF00270.34   167   6.5e-24   82.3   0.1   1   1   2.5e-25   7.6e-23   78.8   0.0     3   164    64   216    62   219 0.84 GCA_002737445.1
NZ_CP030846.1_1140     -            107 DEAD                 PF00270.34   167   1.4e-13   48.7   0.1   1   1   5.3e-16   1.6e-13   48.5   0.1     3    88    20   100    18   106 0.80 GCF_013407275.1
NZ_PHNJ01000004.1_156  -            488 DEAD                 PF00270.34   167   3.2e-12   44.3   0.0   1   1   6.3e-14   1.9e-11   41.7   0.0    18   161   134   251   100   255 0.72 GCF_008122205.1
NZ_RKSM01000001.1_2127 -            628 DEAD                 PF00270.34   167   3.3e-11   40.9   0.0   1   1   2.2e-13   6.7e-11   40.0   0.0     2   164   262   403   261   405 0.70 GCF_008729015.1
NZ_QPII01000005.1_231  -            959 DEAD                 PF00270.34   167   4.9e-10   37.1   0.0   1   1   6.4e-12     2e-09   35.2   0.0    14   161    55   201    42   207 0.74 GCF_003336675.1
JAHRAL010000052.1_17   -            576 DEAD                 PF00270.34   167   2.6e-08   31.5   0.0   1   1     4e-10   1.2e-07   29.3   0.0     5   161   116   271   113   276 0.69 GCA_020027325.1
JACENB010000018.1_1    -            439 DEAD                 PF00270.34   167   6.2e-08   30.3   0.3   1   1   9.9e-09     3e-06   24.8   0.0     3    73    18    86    16   148 0.82 GCA_013867245.1
JAFEGL010000003.1_128  -            985 DEAD                 PF00270.34   167   9.3e-07   26.5   0.0   1   1   1.5e-08   4.7e-06   24.2   0.0    16   130   126   245   112   255 0.77 GCA_018239895.1
NZ_RDFA01000004.1_64 -            837 DEAD_2               PF06733.20   172   1.4e-11   42.1   0.0   1   1   6.8e-14   1.3e-10   39.0   0.0     7   171   100   352    96   353 0.88 GCF_004118325.1
NZ_CP099997.1_2592   -            642 DEAD_2               PF06733.20   172   1.8e-06   25.4   0.0   1   1   1.6e-09   2.9e-06   24.8   0.0   103   167   132   192   124   197 0.90 GCF_024138145.1
DP000238.1_1814      -            912 DEAD_assoc           PF08494.16   191   1.6e-33  113.9   0.0   1   1     1e-36   3.8e-33  112.7   0.0     2   191   578   751   577   751 0.92 GCA_000200715.1
NZ_QLVG01000083.1_7   -            400 DegT_DnrJ_EryC1      PF01041.22   360     2e-12   44.8   0.2   1   1   4.2e-15   3.1e-12   44.1   0.2    42   145   103   213    87   217 0.84 GCF_003382685.1
JAFEGH010000007.1_304 -            392 DegT_DnrJ_EryC1      PF01041.22   360   4.2e-09   33.8   0.1   1   1   8.8e-12   6.5e-09   33.2   0.1    44   152    80   194    52   208 0.81 GCA_018240065.1
NZ_LWHG01000021.1_261 -            275 DegT_DnrJ_EryC1      PF01041.22   360   3.7e-08   30.7   0.4   1   1   6.1e-11   4.5e-08   30.4   0.4    41   146    89   200    45   220 0.81 GCF_001625445.1
CAJWBY010000138.1_7   -            336 DegT_DnrJ_EryC1      PF01041.22   360   1.4e-07   28.8   0.1   1   1   3.9e-08   2.9e-05   21.2   0.0    23   147    33   168    15   183 0.71 GCA_913020705.1
JADJWG010000004.1_261 -            375 DegT_DnrJ_EryC1      PF01041.22   360   3.8e-07   27.4   0.0   1   1   7.6e-10   5.6e-07   26.8   0.0    23   153    53   189    31   197 0.78 GCA_016716475.1
NZ_BBMP01000023.1_81 -            155 Dehydratase_hem      PF13816.11   310   6.4e-07   26.8   0.2   1   1   1.8e-10   6.6e-07   26.7   0.2    55   152    55   147    20   155 0.79 GCF_000755245.1
NZ_AOJG01000027.1_27 -            251 Dehydratase_LU       PF02286.20   552    2e-114  380.8   3.1   1   1    6e-118  2.2e-114  380.7   3.1     1   231    21   251    21   251 1.00 GCF_000337375.1
WHTU01000013.1_20     -            262 DeoC                 PF01791.14   229     3e-58  194.9   0.0   1   1   2.8e-61   3.5e-58  194.7   0.0     2   229    19   232    18   232 0.99 GCA_009377575.1
NZ_AOJI01000026.1_238 -            267 DeoC                 PF01791.14   229   2.6e-42  142.7   0.0   1   1   2.5e-45     3e-42  142.5   0.0     1   229    15   236    15   236 0.96 GCF_000336995.1
NZ_KZ859515.1_65      -            244 DeoC                 PF01791.14   229   2.2e-07   28.5   0.1   1   1   2.4e-10   2.9e-07   28.1   0.1    39   223    46   217    17   223 0.77 GCF_003382685.1
NZ_LWHG01000031.1_142 -            255 DeoRC                PF00455.27   160     1e-52  176.1   0.0   1   1   7.2e-56   2.6e-52  174.7   0.0     4   159    77   231    74   232 0.99 GCF_001625445.1
NZ_MWLL01000129.1_23 -            413 DFP                  PF04127.20   186   3.9e-68  226.7   0.9   1   1   2.7e-71   9.9e-68  225.4   0.1     1   186   177   366   177   366 0.95 GCF_002198675.1
NC_017941.2_1107      -            305 DHDPS                PF00701.27   289   2.8e-94  312.8   0.0   1   1   1.8e-97   3.2e-94  312.6   0.0     2   288     6   291     5   292 0.98 GCF_000306765.2
JAFEGH010000007.1_333 -            324 DHDPS                PF00701.27   289   5.5e-40  134.6   0.0   1   1   3.7e-43   6.9e-40  134.3   0.0     3   281    37   316    35   322 0.91 GCA_018240065.1
NZ_CP100454.1_1641     -            352 DHH                  PF01368.25   125   7.9e-12   43.3   2.0   1   1   6.6e-15   1.2e-11   42.7   2.0     3   125    41   182    39   182 0.71 GCF_024228315.1
NZ_RKSM01000001.1_1505 -            573 DHH                  PF01368.25   125   8.2e-11   40.0   0.0   1   1   1.1e-13     2e-10   38.8   0.0     3   125   154   298   152   298 0.73 GCF_008729015.1
NZ_CP100454.1_1641     -            352 DHHA1                PF02272.24   138   3.4e-16   57.7   0.0   1   1   5.9e-19   7.3e-16   56.6   0.0    38   125   237   323   207   341 0.79 GCF_024228315.1
NZ_RKSM01000001.1_1505 -            573 DHHA1                PF02272.24   138   2.3e-14   51.8   0.6   1   1     6e-17   7.4e-14   50.1   0.4    38   130   353   453   329   459 0.81 GCF_008729015.1
JAJNBK010000204.1_1    -            511 DHHA1                PF02272.24   138   1.1e-10   39.9   1.9   1   1   2.8e-13   3.4e-10   38.3   1.9     5   138   367   505   363   505 0.87 GCA_021155845.1
NZ_CP101458.1_2842   -            121 DHNA                 PF04038.17   108     5e-37  124.5   0.0   1   1   1.5e-40   5.7e-37  124.3   0.0     1   107     8   114     8   115 0.97 GCF_024362525.1
NZ_CP017922.1_1824   -            408 DHQS                 PF01959.21   344  2.7e-101  336.7   0.3   1   1  9.1e-105  3.4e-101  336.3   0.3    24   344    84   408    64   408 0.92 GCF_001870125.1
NZ_WSZK01000024.1_3  -            226 DHquinase_I          PF01487.20   230   8.3e-45  151.4   0.0   1   1   2.7e-48     1e-44  151.1   0.0    20   228    21   220     9   222 0.87 GCF_009791395.1
NZ_JAKUHT010000013.1_36 -            141 DHquinase_II         PF01220.24   138   1.6e-50  168.1   0.0   1   1   4.9e-54   1.8e-50  168.0   0.0     1   137     2   139     2   140 0.98 GCF_022436705.1
CAJWBY010000248.1_2       -            354 DHQ_synthase         PF01761.25   261  3.4e-105  348.7   0.0   1   1  2.2e-108  4.1e-105  348.4   0.0     2   260    65   323    64   324 0.98 GCA_913020705.1
NZ_JALLPK010000001.1_2648 -            349 DHQ_synthase         PF01761.25   261     2e-12   44.6   1.3   1   1   2.5e-15   4.6e-12   43.4   0.9    17   256    72   319    67   324 0.79 GCF_023276375.1
NZ_VSLZ01000004.1_290 -            236 DICT                 PF10069.14   129   3.1e-14   50.8   0.0   1   1   1.2e-17   4.4e-14   50.3   0.0    12   128    98   207    91   208 0.89 GCF_010747475.1
NZ_JANHDJ010000003.1_295 -            354 Dimerisation2        PF16864.10    90   8.3e-10   36.2   0.1   1   1   9.3e-13   3.4e-09   34.3   0.0     4    80    24    95    21    98 0.88 GCF_024494645.1
JADJWG010000004.1_49 -            160 DinB_2               PF12867.12   128   1.9e-13   48.7   2.1   1   1   6.6e-17   2.4e-13   48.4   2.1     8   128    28   150     6   150 0.91 GCA_016716475.1
JALDAN010000020.1_6  -            339 Diphthamide_syn      PF01866.22   302   2.7e-59  198.8   0.0   1   1   9.3e-63   3.4e-59  198.4   0.0     2   276    42   319    41   327 0.93 GCA_022729355.1
NZ_AOLK01000015.1_185 -            236 Diphthami_syn_2      PF01902.22   219   7.1e-56  186.9   0.0   1   1     4e-59   1.5e-55  185.9   0.0     4   216     6   232     3   235 0.87 GCF_000336755.1
JADKAQ010000003.1_107 -            171 DJ-1_PfpI            PF01965.29   165   4.7e-46  154.4   0.0   1   1   2.9e-49   5.3e-46  154.2   0.0     2   163     5   165     4   167 0.99 GCA_016719105.1
CP071596.1_3107       -            230 DJ-1_PfpI            PF01965.29   165   1.6e-16   58.3   0.2   1   1   1.9e-18   3.4e-15   54.0   0.2     4   164     7   223     4   224 0.80 GCA_017357105.2
JAFAQB010000083.1_7      -            294 DLH                  PF01738.23   217     3e-10   37.8   0.0   1   1   7.8e-13   4.1e-10   37.4   0.0    39   183   117   261    83   272 0.80 GCA_019246625.1
NZ_JANHAU010000002.1_576 -            601 DLH                  PF01738.23   217   1.2e-09   35.8   0.0   1   1   5.9e-12   3.1e-09   34.5   0.0    30   201   395   593   361   600 0.80 GCF_024464185.1
PXRE01000037.1_10        -            215 DLH                  PF01738.23   217     4e-07   27.6   0.0   1   1   1.1e-09     6e-07   27.0   0.0    93   193    96   201    64   210 0.84 GCA_003021085.1
NZ_CP099546.1_1911       -            708 DLH                  PF01738.23   217     2e-06   25.3   0.1   1   1   1.1e-08   5.8e-06   23.8   0.1    84   194   526   668   504   685 0.88 GCF_023973145.1
JABSRD010000001.1_383 -            133 DMRL_synthase        PF00885.24   139   2.6e-31  106.2   0.2   1   1   8.4e-35   3.1e-31  105.9   0.2     8   134     2   124     1   129 0.91 GCA_013215285.1
NZ_JADDKQ010000016.1_87 -            319 DMT_YdcZ             PF04657.18   140   8.5e-30  101.6  48.5   1   2   5.4e-21     2e-17   61.5  17.3     3   139    19   156    17   157 0.86 GCF_016464425.1
NZ_JADDKQ010000016.1_87 -            319 DMT_YdcZ             PF04657.18   140   8.5e-30  101.6  48.5   2   2   2.7e-16     1e-12   46.3  23.2     4   135   178   312   175   315 0.82 GCF_016464425.1
NZ_MU078723.1_203        -            181 DnaJ                 PF00226.36    63   3.5e-25   85.7   1.3   1   1   1.4e-27   8.7e-25   84.4   1.3     1    63   116   177   116   177 0.99 GCF_014078545.1
CACLNC010000019.1_10     -            286 DnaJ                 PF00226.36    63   1.5e-22   77.3   1.8   1   1   2.4e-25   1.5e-22   77.3   1.8     1    63   220   280   220   280 0.96 GCA_902608175.1
VHBH01000001.1_103       -            222 DnaJ                 PF00226.36    63   7.4e-18   62.2   1.5   1   1   2.1e-20   1.3e-17   61.4   0.5     2    57     6    60     5    64 0.93 GCA_016872055.1
NZ_CP095482.1_332        -            303 DnaJ                 PF00226.36    63   1.5e-17   61.2   0.4   1   1   3.5e-20   2.1e-17   60.7   0.4     2    63    18    78    17    78 0.98 GCF_023028225.1
NZ_JAJCVJ010000004.1_118 -            181 DnaJ                 PF00226.36    63   5.1e-14   49.9   0.0   1   1   1.1e-16     7e-14   49.5   0.0     2    54   131   180   130   181 0.95 GCF_020567425.1
NZ_CP101458.1_912        -            199 DnaJ                 PF00226.36    63   7.4e-13   46.2   0.0   1   1   2.1e-15   1.3e-12   45.4   0.0     2    51   147   192   146   197 0.94 GCF_024362525.1
JADKAQ010000016.1_62 -            234 DNA_alkylation       PF08713.16   213   9.4e-47  157.2   0.3   1   1   2.9e-50   1.1e-46  157.0   0.3     9   213     2   210     1   210 0.98 GCA_016719105.1
NZ_JAALLS010000007.1_105 -            156 DNA_binding_1        PF01035.25    81   3.7e-35  117.4   0.0   1   1   1.3e-38   4.9e-35  117.0   0.0     1    81    73   153    73   153 0.99 GCF_011059105.1
NZ_NHSQ01000051.1_48 -           1017 DNA_gyraseA_C        PF03989.18    48   2.4e-73  239.1  13.7   1   6   6.6e-13   2.4e-09   34.2   0.0     1    47   672   718   672   719 0.94 GCF_016653465.1
NZ_NHSQ01000051.1_48 -           1017 DNA_gyraseA_C        PF03989.18    48   2.4e-73  239.1  13.7   2   6   2.8e-13     1e-09   35.5   0.0     1    47   722   771   722   772 0.95 GCF_016653465.1
NZ_NHSQ01000051.1_48 -           1017 DNA_gyraseA_C        PF03989.18    48   2.4e-73  239.1  13.7   3   6     4e-13   1.5e-09   34.9   0.1     3    47   780   822   779   823 0.94 GCF_016653465.1
NZ_NHSQ01000051.1_48 -           1017 DNA_gyraseA_C        PF03989.18    48   2.4e-73  239.1  13.7   4   6   1.4e-16   5.1e-13   46.0   0.1     2    46   827   871   826   873 0.97 GCF_016653465.1
NZ_NHSQ01000051.1_48 -           1017 DNA_gyraseA_C        PF03989.18    48   2.4e-73  239.1  13.7   5   6   2.9e-15   1.1e-11   41.8   0.4     3    38   877   912   875   922 0.92 GCF_016653465.1
NZ_NHSQ01000051.1_48 -           1017 DNA_gyraseA_C        PF03989.18    48   2.4e-73  239.1  13.7   6   6   1.2e-17   4.5e-14   49.4   0.2     1    46   926   971   926   972 0.96 GCF_016653465.1
NZ_CP100445.1_484    -            699 DNA_gyraseB          PF00204.30   173     4e-62  206.5   0.5   1   1   2.1e-65   7.9e-62  205.5   0.5     1   172   286   455   286   456 0.99 GCF_024227435.1
NZ_CP100445.1_484    -            699 DNA_gyraseB_C        PF00986.26    63   2.6e-31  105.4   0.0   1   1   1.4e-34   5.1e-31  104.4   0.0     5    63   630   688   626   688 0.97 GCF_024227435.1
NZ_LOPU01000017.1_68 -            586 DNA_ligase_A_C       PF04679.20    94   3.3e-14   50.8   0.1   1   1   2.3e-17   8.6e-14   49.5   0.1     3    93   478   567   476   568 0.90 GCF_001469955.1
NZ_LOPU01000017.1_68 -            586 DNA_ligase_A_M       PF01068.26   204   1.5e-52  176.0   0.0   1   1   1.3e-55   4.9e-52  174.3   0.0     2   204   229   456   228   456 0.92 GCF_001469955.1
NZ_LOPU01000017.1_68 -            586 DNA_ligase_A_N       PF04675.19   174   1.7e-41  140.1   0.0   1   1     1e-44   3.8e-41  138.9   0.0     2   174     3   176     2   176 0.95 GCF_001469955.1
NZ_NHSQ01000084.1_123 -            519 DNA_methylase        PF00145.22   324   3.9e-58  195.1   0.0   1   2   1.3e-45   4.8e-42  142.2   0.0     2   168    34   230    33   277 0.91 GCF_016653465.1
NZ_NHSQ01000084.1_123 -            519 DNA_methylase        PF00145.22   324   3.9e-58  195.1   0.0   2   2   6.5e-18   2.4e-14   51.2   0.0   252   322   417   495   299   497 0.75 GCF_016653465.1
NZ_CP017922.1_666    -            542 DNA_photolyase       PF00875.23   164   3.8e-26   89.7   0.0   1   2   7.4e-14   2.7e-10   38.2   0.0     2    66     8    91     7    93 0.85 GCF_001870125.1
NZ_CP017922.1_666    -            542 DNA_photolyase       PF00875.23   164   3.8e-26   89.7   0.0   2   2   3.5e-17   1.3e-13   49.0   0.0    66   155   115   205   103   212 0.91 GCF_001870125.1
CAJWBY010000004.1_35 -            379 DNA_pol_A_exo1       PF01612.25   173     1e-42  143.6   0.5   1   1   5.1e-46   1.9e-42  142.8   0.5     3   173     5   171     4   171 0.98 GCA_913020705.1
JACRND010000075.1_12 -            443 DNA_pol_B            PF00136.26   453   7.1e-53  177.7   5.4   1   1   1.9e-55   1.1e-52  177.0   5.4     9   431    17   407     9   425 0.86 GCA_016234975.1
LFLC01000043.1_32    -            875 DNA_pol_B            PF00136.26   453     5e-51  171.6   4.6   1   1   1.3e-53   8.2e-51  170.9   4.6    10   426   450   834   441   857 0.84 GCA_001543015.1
PXSA01000014.1_47    -            895 DNA_pol_B            PF00136.26   453   2.7e-49  165.9   0.0   1   1   7.2e-52   4.4e-49  165.2   0.0    27   382   450   779   437   798 0.83 GCA_003023565.1
NZ_CP017922.1_1965   -            679 DNA_pol_B            PF00136.26   453   2.6e-36  123.1   1.1   1   1     1e-38   6.4e-36  121.8   1.1    33   385   293   610   261   626 0.81 GCF_001870125.1
NZ_AOIJ01000084.1_73 -            453 DNA_pol_B            PF00136.26   453   8.3e-27   91.8   0.0   1   1   3.3e-29     2e-26   90.5   0.0    43   450    55   422    25   425 0.82 GCF_000337175.1
VMDM01000051.1_15    -            267 DNA_pol_B            PF00136.26   453   9.2e-24   81.7   3.3   1   1   2.5e-26   1.5e-23   81.0   3.3   168   430     2   230     1   250 0.85 GCA_008080815.1
DAMC01000085.1_25    -            548 DNA_pol_B_exo1       PF03104.24   242   4.2e-31  105.9   0.8   1   1   6.7e-34   8.2e-31  105.0   0.8     2   232   116   339   115   357 0.83 GCA_002499525.1
LFLC01000043.1_32    -            875 DNA_pol_B_exo1       PF03104.24   242   3.9e-28   96.2   4.2   1   1     6e-31   7.4e-28   95.3   4.2     2   241   141   381   140   382 0.87 GCA_001543015.1
PXSA01000014.1_47    -            895 DNA_pol_B_exo1       PF03104.24   242   1.6e-23   81.1   0.0   1   1   2.5e-26   3.1e-23   80.2   0.0     2   242   146   367   145   367 0.77 GCA_003023565.1
JADJWG010000004.1_746 -            585 DNA_pol_B_thumb      PF14791.11    63   1.8e-26   89.6   0.1   1   1   1.2e-29   4.5e-26   88.3   0.1     1    63   262   322   262   322 0.98 GCA_016716475.1
NZ_CP100400.1_580    -            400 DNA_primase_S        PF01896.24   163   2.3e-24   84.4   0.1   1   1   1.4e-27   5.2e-24   83.2   0.1     1   157   111   328   111   332 0.72 GCF_024218795.1
NZ_NHSQ01000051.1_48 -           1017 DNA_topoisoIV        PF00521.25   432  3.1e-155  515.0   0.1   1   2   2.5e-44   4.6e-41  138.8   0.1     1    85    16   100    16   113 0.97 GCF_016653465.1
NZ_NHSQ01000051.1_48 -           1017 DNA_topoisoIV        PF00521.25   432  3.1e-155  515.0   0.1   2   2    9e-116  1.7e-112  374.2   0.0    79   431   243   640   222   641 0.96 GCF_016653465.1
JAHFTO010000004.1_88 -            630 DNA_topoisoIV        PF00521.25   432  7.5e-106  352.3   1.2   1   1  5.5e-109    1e-105  351.8   1.2     1   428    23   435    23   442 0.95 GCA_023269355.1
JADJWG010000004.1_347 -            155 Dockerin_1           PF00404.23    57   1.3e-09   35.9   3.0   1   1   5.5e-11     2e-07   28.9   0.3     1    51     5    59     5    62 0.92 GCA_016716475.1
NZ_CP031310.1_3153   -             71 Dodecin              PF07311.17    64     1e-23   81.2   1.3   1   1     3e-27   1.1e-23   81.1   1.3     1    64     7    70     7    70 0.99 GCF_004799665.1
NZ_JAJCVJ010000001.1_935 -            384 DoxX                 PF07681.17    85   2.8e-09   35.3   7.1   1   1   1.5e-12   2.8e-09   35.3   7.1     3    80   249   330   247   355 0.86 GCF_020567425.1
NZ_AQXI01000004.1_223    -            167 DoxX                 PF07681.17    85   4.8e-07   28.1   8.4   1   1   2.6e-10   4.8e-07   28.1   8.4     5    78    50   121    47   128 0.89 GCF_000376445.1
NZ_SDIC01000012.1_36 -            397 DR2241               PF18069.6    111   1.6e-43  144.8   0.2   1   1   1.2e-46   4.3e-43  143.5   0.2     1   111   126   236   126   236 0.98 GCF_004116405.1
NZ_NHSQ01000084.1_114 -            703 DRTGG                PF07085.17   105   6.3e-29   97.7   0.0   1   1   6.4e-32   2.4e-28   95.8   0.0     1   104   212   326   212   327 0.97 GCF_016653465.1
NZ_MU078805.1_1      -            301 DS                   PF01916.22   288   8.9e-81  269.0   0.0   1   1   5.4e-84     1e-80  268.9   0.0     1   282     9   301     9   301 0.93 GCF_014078545.1
JADKAQ010000004.1_57 -            423 DS                   PF01916.22   288   7.5e-70  233.2   0.0   1   1   5.3e-73   9.8e-70  232.8   0.0     9   287    93   391    85   392 0.94 GCA_016719105.1
JADFQH010000029.1_13 -            209 DSBA                 PF01323.25   191   6.9e-35  118.3   0.0   1   1   6.3e-38   7.8e-35  118.1   0.0     2   189     9   205     8   207 0.92 GCA_022561895.1
NZ_CP095492.1_184    -            184 DSBA                 PF01323.25   191   1.6e-22   78.0   2.1   1   1   5.2e-24   6.3e-21   72.8   2.1     1   191    32   181    32   181 0.93 GCF_023028105.1
DRGT01000093.1_18    -            279 DSBA                 PF01323.25   191     9e-22   75.5   0.9   1   1   5.2e-22   6.3e-19   66.2   0.9     1   190   113   274   113   275 0.82 GCA_011055585.1
NZ_CP095757.1_2221      -            427 DsbD                 PF02683.20   213   6.5e-56  187.3  12.9   1   1   6.2e-59   1.1e-55  186.5  12.9     1   213   198   416   198   416 0.95 GCF_023093535.1
NZ_JALIQP010000002.1_37 -            252 DsbD                 PF02683.20   213   7.4e-22   76.0  16.6   1   1   5.1e-25   9.4e-22   75.6  16.6     5   211    13   235     9   237 0.86 GCF_023566055.1
NZ_CP095757.1_2221   -            427 DsbD_2               PF13386.11   199   3.9e-13   47.5  14.2   1   1   1.1e-16   3.9e-13   47.5  14.2     2   198   198   412   197   413 0.74 GCF_023093535.1
NZ_CP044129.1_493    -            116 dsDNA_bind           PF01984.25   106   5.9e-30  101.4  17.1   1   1   1.8e-33   6.8e-30  101.2  17.1     1   105    13   115    13   116 0.96 GCF_009617995.1
NZ_FNYR01000013.1_66 -            119 DsrE                 PF02635.20   116     3e-09   34.8   0.0   1   1   2.2e-12     4e-09   34.4   0.0    31   115    34   117     8   118 0.80 GCF_900109065.1
WHSX01000035.1_2     -            176 DsrE                 PF02635.20   116   3.3e-06   25.0   0.0   1   1   2.6e-09   4.8e-06   24.5   0.0    24   109    86   169    67   175 0.84 GCA_009379865.1
JAFGCY010000015.1_20 -            441 DUF1015              PF06245.16   325   5.9e-90  299.2   0.0   1   1   1.9e-93     7e-90  299.0   0.0     1   324     4   348     4   349 0.90 GCA_016932385.1
JAHFTO010000011.1_4  -            363 DUF1016_N            PF17761.6    137   1.1e-46  156.1   1.2   1   1   1.3e-49     5e-46  154.0   1.2     2   137    29   164    28   164 0.99 GCA_023269355.1
NZ_JAAOIR010000001.1_663 -            354 DUF1028              PF06267.17   193   8.6e-76  251.8   1.0   1   1   6.2e-79   1.1e-75  251.4   1.0     1   193    31   225    31   225 0.98 GCF_011440375.1
NZ_CP101460.1_20         -            228 DUF1028              PF06267.17   193   1.3e-58  195.8   0.0   1   1   8.2e-62   1.5e-58  195.6   0.0     1   193     2   191     2   191 0.97 GCF_024362525.1
NZ_MU078717.1_34     -             58 DUF1059              PF06348.16    56     4e-20   69.6   0.4   1   1   3.6e-23   4.4e-20   69.5   0.4     2    56     3    57     2    57 0.98 GCF_014078545.1
JAIOOR010000007.1_97 -             61 DUF1059              PF06348.16    56   2.3e-13   47.9   0.3   1   1   2.2e-16   2.7e-13   47.7   0.3     2    56     3    57     2    57 0.98 GCA_021414365.1
JAGQHF010000029.1_39 -             85 DUF1059              PF06348.16    56   4.8e-08   30.9   1.0   1   1   5.2e-10   6.4e-07   27.3   0.2     1    40     1    39     1    46 0.93 GCA_020431985.1
NZ_CP085301.1_3346   -            423 DUF11                PF01345.23   114     1e-08   33.2   0.1   1   1   1.6e-11     3e-08   31.7   0.0     2    58    55   111    54   130 0.90 GCF_020700235.1
NZ_CP044129.1_2543   -            641 DUF11                PF01345.23   114   5.6e-07   27.7   0.0   1   1   6.7e-10   1.2e-06   26.5   0.0     2    58   273   329   272   369 0.89 GCF_009617995.1
NZ_PHNJ01000001.1_358 -            184 DUF1102              PF06510.16   141   4.6e-08   31.1   0.1   1   1   7.5e-11   1.4e-07   29.6   0.1     1   137    39   173    39   177 0.75 GCF_008122205.1
NZ_CP095487.1_1210    -            205 DUF1102              PF06510.16   141   1.9e-06   25.9   2.4   1   1   7.9e-09   1.5e-05   23.0   2.4    16   138    58   200    39   203 0.75 GCF_023028345.1
NZ_JAKUHT010000013.1_43 -            275 DUF1206              PF06724.16    70     7e-42  139.1  38.4   1   3   1.4e-17   5.2e-14   49.8   9.9     1    66    26    90    26    93 0.94 GCF_022436705.1
NZ_JAKUHT010000013.1_43 -            275 DUF1206              PF06724.16    70     7e-42  139.1  38.4   2   3   8.7e-13   3.2e-09   34.5   5.8    10    69   117   178   111   179 0.83 GCF_022436705.1
NZ_JAKUHT010000013.1_43 -            275 DUF1206              PF06724.16    70     7e-42  139.1  38.4   3   3   5.7e-23   2.1e-19   67.1   6.6     1    68   204   271   204   272 0.98 GCF_022436705.1
NZ_RDFA01000001.1_969 -            139 DUF123               PF01986.21    95   6.3e-32  107.7   0.0   1   1   2.2e-35     8e-32  107.4   0.0     3    94    28   119    26   120 0.93 GCF_004118325.1
CACLNC010000012.1_2  -            341 DUF1246              PF06849.17   122   5.6e-44  146.8   0.0   1   1   2.5e-47   9.1e-44  146.2   0.0     1   122     4   125     4   125 0.99 GCA_902608175.1
NZ_QPII01000020.1_37 -            148 DUF1295              PF06966.17   235     2e-06   25.2   0.3   1   1   7.8e-10   2.9e-06   24.7   0.3   116   234    30   143     2   144 0.66 GCF_003336675.1
CACLNC010000012.1_2  -            341 DUF1297              PF06973.17   188   1.6e-74  247.3   0.0   1   1   5.6e-78   2.1e-74  246.9   0.0     1   188   156   341   156   341 0.98 GCA_902608175.1
JADKAQ010000019.1_40 -            141 DUF1348              PF07080.16   130   1.3e-64  213.8   7.6   1   1     4e-68   1.5e-64  213.6   7.6     1   129     7   135     7   136 0.99 GCA_016719105.1
NZ_CP095482.1_957     -            207 DUF1405              PF07187.16   160   1.1e-30  104.5  11.4   1   1   6.1e-34   1.1e-30  104.5  11.4     2   159    34   199    33   200 0.95 GCF_023028225.1
NZ_AOJI01000017.1_364 -            277 DUF1405              PF07187.16   160     4e-21   73.5   7.4   1   1     3e-24   5.4e-21   73.1   7.4     3   139    95   248    93   267 0.87 GCF_000336995.1
NZ_WUYX01000053.1_205 -            259 DUF1508              PF07411.17    48   4.3e-18   62.7   0.1   1   1     2e-21   7.4e-18   62.0   0.1     1    48   208   256   208   256 0.97 GCF_009834785.1
NZ_CP100446.1_591    -            353 DUF1611              PF07755.16   201   2.2e-61  204.5   0.7   1   1   1.3e-64   4.8e-61  203.4   0.7     2   195   153   334   152   341 0.90 GCF_024227435.1
NZ_CP100446.1_591    -            353 DUF1611_N            PF17396.7     95     4e-29   98.6   0.1   1   1   2.9e-32   1.1e-28   97.2   0.0     2    95    48   145    47   145 0.95 GCF_024227435.1
NZ_CP100401.1_172        -            374 DUF1616              PF07760.16   307  1.7e-112  373.3   0.2   1   1  2.5e-115  2.3e-112  372.8   0.2     2   307    25   360    24   360 0.97 GCF_024218795.1
NZ_JANHDJ010000005.1_270 -            512 DUF1616              PF07760.16   307   1.3e-70  235.8   0.6   1   1   2.3e-73   2.2e-70  235.0   0.6     3   305    26   336    23   338 0.93 GCF_024494645.1
NZ_FOCX01000040.1_3      -            346 DUF1616              PF07760.16   307   9.1e-49  164.0   1.8   1   1   1.3e-51   1.2e-48  163.6   1.8     4   307    25   323    21   323 0.90 GCF_900110215.1
NZ_FNYR01000003.1_15     -            132 DUF1616              PF07760.16   307     5e-37  125.4   0.0   1   1   6.3e-40   5.8e-37  125.2   0.0    99   211     1   111     1   115 0.97 GCF_900109065.1
NZ_JAJCVI010000006.1_146 -            221 DUF1648              PF07853.16    49     1e-12   45.3   1.1   1   1   2.8e-16     1e-12   45.3   1.1     2    49    13    60    12    60 0.95 GCF_020567525.1
VMDM01000036.1_7     -            173 DUF1722              PF08349.16   117   6.5e-21   72.5   0.2   1   1   2.5e-24   9.2e-21   72.1   0.2     2   116    49   163    48   164 0.98 GCA_008080815.1
NZ_AOJN01000066.1_28 -            498 DUF1743              PF08489.16   116   1.3e-36  123.0   0.0   1   1   5.7e-40   2.1e-36  122.3   0.0     1   116   194   308   194   308 0.99 GCF_000337335.1
NZ_CP100454.1_1090   -            209 DUF1751              PF08551.15    99   2.6e-06   25.7   0.6   1   1   1.2e-09   4.4e-06   25.0   0.1     7    66    53   112    43   118 0.91 GCF_024228315.1
NZ_ML974131.1_616    -            285 DUF1776              PF08643.15   294   1.9e-07   28.5   0.0   1   1     1e-10   3.9e-07   27.5   0.0   100   214    80   193    76   261 0.75 GCF_004143485.2
NZ_SOSC01000004.1_206 -            126 DUF188               PF02639.19   130   7.7e-07   26.6   0.0   1   1   4.9e-10   1.8e-06   25.4   0.0    28    79    65   118    54   120 0.87 GCF_005049285.1
JACDHC010000051.1_2  -            104 DUF190               PF02641.20    97   4.8e-20   69.4   0.0   1   1   1.5e-23   5.4e-20   69.3   0.0     3    97     9   103     7   103 0.96 GCA_013821245.1
CACHDH010000001.1_11 -            164 DUF192               PF02643.20    96   6.5e-32  107.3   0.0   1   1     5e-35   9.2e-32  106.8   0.0     2    96    50   161    49   161 0.93 GCA_902578515.1
NZ_CP095487.1_619    -            169 DUF192               PF02643.20    96   2.2e-28   96.0   0.0   1   1   1.5e-31   2.8e-28   95.7   0.0     2    95    56   161    55   162 0.90 GCF_023028345.1
JAJXYX010000059.1_5  -            136 DUF2000              PF09391.15   133   3.3e-37  125.2   0.0   1   1     1e-40   3.7e-37  125.0   0.0     1   133     4   136     4   136 0.96 GCA_021780355.1
CACIXQ010000008.1_12 -             87 DUF2024              PF09630.15    81   1.3e-37  125.3   2.1   1   1   4.1e-41   1.5e-37  125.1   2.1     1    81     3    83     3    83 0.99 GCA_902590655.1
NZ_FTNO01000001.1_14 -            240 DUF2071              PF09844.14   212   3.7e-11   40.8   0.0   1   1   1.3e-14   4.7e-11   40.4   0.0     7   192    12   207     8   223 0.86 GCF_900156425.1
NZ_AOIQ01000006.1_216 -            222 DUF2110              PF09883.14   223   4.2e-88  292.5   0.0   1   1   1.3e-91   4.8e-88  292.2   0.0     1   223     4   220     4   220 0.98 GCF_000337515.1
CP060262.1_2212      -            156 DUF212               PF02681.19   126   1.1e-44  149.4   0.3   1   1   3.5e-48   1.3e-44  149.2   0.3     3   126     8   144     6   144 0.96 GCA_022646745.1
JAJXYX010000102.1_12 -            163 DUF2147              PF09917.14   112   2.4e-19   67.8   0.2   1   1   8.5e-23   3.1e-19   67.4   0.2     1   110    21   135    21   136 0.88 GCA_021780355.1
NZ_QPII01000005.1_239 -            212 DUF2201_N            PF13203.11   271   2.8e-14   51.1   0.7   1   1   1.2e-17   4.5e-14   50.4   0.5    17   116    39   141    26   161 0.88 GCF_003336675.1
NZ_CP017922.1_2058   -            140 DUF2203              PF09969.14   122   5.3e-37  125.0   0.1   1   1   1.6e-40     6e-37  124.8   0.1     1   122     3   125     3   125 0.97 GCF_001870125.1
PXSA01000027.1_39    -            148 DUF2240              PF09999.14   144   2.5e-54  180.6   0.2   1   1   7.7e-58   2.8e-54  180.4   0.2     1   142     2   140     2   142 0.98 GCA_003023565.1
NZ_JANHAU010000004.1_169 -             77 DUF2249              PF10006.14    70   2.2e-24   82.8   0.9   1   1   6.5e-28   2.4e-24   82.7   0.9     2    67     6    73     5    76 0.87 GCF_024464185.1
NZ_CP100454.1_1676   -            240 DUF2270              PF10028.14   184     4e-74  246.0   9.3   1   1   1.3e-77   4.9e-74  245.7   9.3     1   184    37   216    37   216 0.99 GCF_024228315.1
NZ_CP095482.1_2409   -            789 DUF2298              PF10060.14   488  1.2e-148  493.8  22.6   1   1  3.2e-152  1.2e-148  493.8  22.6     3   488    44   576    42   576 0.90 GCF_023028225.1
JOSY01000033.1_27    -            200 DUF2299              PF10061.14   138   3.8e-07   27.7   0.1   1   1   4.7e-10   5.7e-07   27.1   0.1     1    91    50   139    50   144 0.90 GCA_000746765.1
NZ_CP012850.1_345    -            153 DUF2299              PF10061.14   138   1.7e-06   25.6   0.0   1   1   2.5e-09     3e-06   24.8   0.0    57   133    63   139    32   144 0.83 GCF_000802205.1
NZ_WSZK01000006.1_96 -            119 DUF2304              PF10066.14   106   3.9e-16   57.0   4.0   1   1   1.2e-19   4.3e-16   56.9   4.0     4   105     9   110     6   111 0.96 GCF_009791395.1
PFRJ01000048.1_18    -            849 DUF2334              PF10096.14   203   8.5e-14   49.3   7.0   1   1     1e-10   1.9e-07   28.6   0.7     3   191   323   520   321   543 0.77 GCA_002788515.1
NZ_JAJCVI010000007.1_50 -            462 DUF234               PF03008.19   100     6e-25   85.4   0.0   1   1   4.3e-28   1.6e-24   84.0   0.0     1    91   307   393   307   400 0.96 GCF_020567525.1
NZ_CP021324.1_820    -            732 DUF2341              PF10102.14    84   9.9e-09   33.3   0.2   1   1   1.3e-11   4.6e-08   31.2   0.2     2    52    90   141    89   167 0.90 GCF_002156965.1
JAFAQB010000302.1_1  -            251 DUF2382              PF09557.15   111   2.5e-13   48.1  14.4   1   1   1.5e-16   5.5e-13   47.0  12.4     2    99   140   251   139   251 0.84 GCA_019246625.1
NZ_CP072036.1_2137   -            603 DUF262               PF03235.19   199   2.1e-34  117.1   0.1   1   1   1.6e-37   5.9e-34  115.7   0.1     6   197    21   221    14   223 0.73 GCF_018847375.1
NZ_BBMP01000004.1_42 -            242 DUF2797              PF10977.13   227   1.5e-17   61.9   0.4   1   1   1.3e-18   4.7e-15   53.8   0.3    67   227    76   225    60   225 0.86 GCF_000755245.1
JADKAQ010000016.1_63 -            193 DUF2911              PF11138.13   145   3.2e-35  118.9   0.0   1   1   1.2e-38   4.3e-35  118.4   0.0    12   143    56   188    44   189 0.92 GCA_016719105.1
NZ_JALLPK010000001.1_2692 -            181 DUF3054              PF11255.13   110     6e-25   85.5   9.3   1   1     5e-28   9.2e-25   85.0   9.3     1   109    64   177    64   178 0.92 GCF_023276375.1
QNGA01000004.1_59         -            137 DUF3054              PF11255.13   110   1.1e-22   78.2  10.5   1   1   7.4e-26   1.4e-22   78.0  10.5     1   110    20   132    20   132 0.94 GCA_003298465.1
NZ_CP031310.1_857    -            203 DUF309               PF03745.19    59   4.6e-20   68.8   0.1   1   1   4.4e-23   8.1e-20   68.1   0.1     1    59     5    64     5    64 0.94 GCF_004799665.1
NZ_AOJN01000056.1_3  -            187 DUF309               PF03745.19    59   6.4e-17   58.8   0.2   1   1     6e-20   1.1e-16   58.0   0.2     2    59    61   121    60   121 0.95 GCF_000337335.1
JADKAQ010000031.1_56 -            109 DUF326               PF03860.21    21   9.7e-10   35.9  68.8   1   1   7.1e-10   2.6e-06   25.0  16.9     2    21    88   107    88   107 0.96 GCA_016719105.1
NZ_FTNO01000002.1_252 -            204 DUF3267              PF11667.13   108   5.5e-19   66.3   1.4   1   1   1.5e-22   5.6e-19   66.3   0.1     2   107    75   178    74   179 0.87 GCF_900156425.1
NZ_SOSC01000014.1_2  -             71 DUF3311              PF11755.13    61   4.3e-14   50.1  13.6   1   1   1.5e-17   5.6e-14   49.7  13.6     1    56    12    67    12    70 0.95 GCF_005049285.1
CAJWBY010000001.1_74 -            385 DUF3410              PF11890.13    81   4.3e-22   75.5   0.0   1   1     2e-25   7.4e-22   74.8   0.0     1    81   302   381   302   381 0.95 GCA_913020705.1
NZ_MWLL01000247.1_27 -            575 DUF3459              PF11941.13    90   2.9e-06   25.3   2.4   1   1   2.9e-09   1.1e-05   23.5   0.5     1    86   483   567   483   571 0.91 GCF_002198675.1
NZ_CP085330.1_469    -            293 DUF3473              PF11959.13   130   7.4e-29   98.1   0.0   1   1   2.9e-32   1.1e-28   97.6   0.0     1   129   143   276   143   277 0.88 GCF_020614375.1
NZ_BBMP01000010.1_36 -            252 DUF34_NIF3           PF01784.23   244   1.7e-50  169.7   0.0   1   1   5.6e-54   2.1e-50  169.4   0.0    10   240    14   239     5   243 0.91 GCF_000755245.1
NZ_CP100355.1_1908   -            363 DUF354               PF04007.17   349   1.5e-11   41.7   0.0   1   1   4.1e-10   1.5e-06   25.3   0.0     3   135     5   137     3   178 0.88 GCF_024204665.1
NZ_JALXFV010000008.1_846 -             94 DUF357               PF04010.18    73     9e-33  109.9   0.2   1   1   2.9e-36   1.1e-32  109.7   0.2     1    73    11    83    11    83 0.99 GCF_023699475.1
JACZSC010000036.1_2  -            165 DUF359               PF04019.17   126   3.2e-36  121.5   0.2   1   1   1.1e-39     4e-36  121.2   0.2     1   125    46   164    46   165 0.93 GCA_022574415.1
NZ_CP031310.1_2890   -            137 DUF371               PF04027.18   133   8.9e-53  175.6   0.1   1   1   2.7e-56   9.8e-53  175.4   0.1     1   132     5   136     5   137 0.99 GCF_004799665.1
NZ_CVUA01000001.1_199 -            363 DUF373               PF04123.18   335    2e-111  370.4   5.1   1   1  6.7e-115  2.5e-111  370.1   5.1     2   334     2   342     1   343 0.95 GCF_001282785.1
NZ_CVUA01000001.1_1790 -            106 DUF3784              PF12650.12    94   2.1e-07   28.8   0.1   1   1   6.8e-11   2.5e-07   28.6   0.1     2    93    13   101    12   102 0.79 GCF_001282785.1
NZ_JAALLS010000018.1_12 -            656 DUF3857              PF12969.12   170   5.8e-12   43.7   0.7   1   1   4.8e-15   1.8e-11   42.1   0.7     9   143    74   196    70   212 0.79 GCF_011059105.1
NZ_JALIQP010000002.1_24 -            297 DUF3869              PF12985.12    85   2.2e-10   38.4   7.1   1   1   1.9e-09   3.5e-06   24.9   0.0     7    83   218   290   212   291 0.82 GCF_023566055.1
NZ_RDFA01000004.1_315 -            485 DUF3887              PF13026.11    91   1.4e-15   55.5   0.0   1   1   6.2e-19   2.3e-15   54.8   0.0     4    91    79   165    76   165 0.94 GCF_004118325.1
NZ_CBTY010000009.1_293 -            330 DUF389               PF04087.19   137   2.6e-29   99.8  16.8   1   1     7e-33   2.6e-29   99.8  16.8     1   137   145   283   145   283 0.93 GCF_000723185.1
JABHJJ010000102.1_15 -            103 DUF3892              PF13031.11    71   1.7e-05   23.0   0.2   1   1   5.8e-09   2.1e-05   22.7   0.2    12    71    19    99     8    99 0.78 GCA_018691945.1
NZ_AOLG01000047.1_3  -            459 DUF4010              PF13194.11   210   3.7e-54  181.3  21.4   1   1     1e-57   3.7e-54  181.3  21.4     1   208   226   428   226   430 0.96 GCF_000336815.1
JAFAQB010000083.1_1   -             87 DUF4096              PF13340.11    76   1.3e-25   87.2   0.0   1   1   8.3e-29   1.5e-25   87.0   0.0     2    72    16    86    15    87 0.95 GCA_019246625.1
JADJWG010000001.1_920 -             75 DUF4096              PF13340.11    76   3.1e-18   63.6   1.9   1   1   1.8e-21   3.2e-18   63.5   1.9     1    68     4    71     4    75 0.92 GCA_016716475.1
PXRX01000038.1_139    -            132 DUF4112              PF13430.11   105   3.6e-34  114.9   0.3   1   1   3.3e-37     4e-34  114.7   0.3     2   105    27   129    26   129 0.98 GCA_003023195.1
NZ_FOTC01000002.1_815 -            135 DUF4112              PF13430.11   105   3.4e-31  105.3   0.1   1   1   3.2e-34   3.9e-31  105.1   0.1     2   105    28   129    27   129 0.98 GCF_900114455.1
NZ_AOJH01000035.1_40  -             92 DUF4112              PF13430.11   105   1.1e-14   52.3   0.3   1   1   5.3e-12   6.5e-09   33.7   0.0     2    43    31    72    30    74 0.95 GCF_000337355.1
CAJWBY010000006.1_29 -            418 DUF4113              PF13438.11    51   1.3e-21   74.1   0.1   1   1     1e-24   3.7e-21   72.7   0.1     3    51   368   416   367   416 0.98 GCA_913020705.1
NZ_WRXM01000002.1_996   -            230 DUF4129              PF13559.11    69     4e-15   53.4   8.0   1   1   1.1e-17   8.2e-15   52.4   8.0     3    69   139   205   138   205 0.91 GCF_010119205.1
NZ_CP095491.1_1757      -            304 DUF4129              PF13559.11    69   1.6e-14   51.5   1.8   1   1   2.1e-17   1.6e-14   51.5   1.8     3    69   226   293   225   293 0.94 GCF_023028105.1
NZ_JANHDP010000007.1_12 -            546 DUF4129              PF13559.11    69   5.2e-14   49.9   8.6   1   1   1.2e-16   9.2e-14   49.1   6.8     3    69   469   536   467   536 0.96 GCF_024494695.1
JAKCFM010000001.1_2279  -            324 DUF4129              PF13559.11    69   1.8e-10   38.5   7.6   1   1   5.4e-13     4e-10   37.4   7.6     5    67   248   310   244   312 0.91 GCA_025041195.1
NZ_ML974139.1_29        -           1088 DUF4129              PF13559.11    69   1.1e-07   29.6   5.6   1   1   1.5e-10   1.1e-07   29.6   5.6     3    58   999  1056   995  1068 0.90 GCF_004143485.2
JAHFTO010000058.1_8  -            398 DUF4143              PF13635.11   160     9e-51  169.5   0.0   1   1   3.4e-54   1.3e-50  169.1   0.0     1   160   178   337   178   337 0.98 GCA_023269355.1
NZ_QPII01000001.1_100 -            439 DUF4147              PF13660.11   234   3.3e-85  283.0   0.6   1   1   1.3e-88   4.8e-85  282.5   0.6     2   234    18   248    17   248 0.97 GCF_003336675.1
NZ_CP084469.1_3283   -            336 DUF4162              PF13732.11    81   2.9e-10   38.5   0.0   1   1   1.7e-12   3.2e-09   35.2   0.0     2    80   218   300   218   301 0.84 GCF_020405205.1
WHTU01000011.1_78    -            380 DUF4162              PF13732.11    81   4.1e-09   34.8   1.8   1   1   2.1e-11   3.9e-08   31.7   0.5    20    79   305   366   291   368 0.82 GCA_009377575.1
JADKAQ010000016.1_44 -            275 DUF4184              PF13803.11   229   9.1e-52  173.9   1.7   1   1   2.9e-55   1.1e-51  173.6   1.7     1   229     1   257     1   257 0.84 GCA_016719105.1
NZ_CP031310.1_3375   -            200 DUF420               PF04238.17   130   1.7e-28   97.3  11.4   1   1   4.6e-32   1.7e-28   97.3  11.4     2   129    53   184    52   185 0.94 GCF_004799665.1
NZ_FNYR01000048.1_13 -            153 DUF4212              PF13937.11    79     3e-22   76.6   0.1   1   1   9.9e-26   3.6e-22   76.3   0.1     2    78    46   125    45   126 0.95 GCF_900109065.1
NZ_CP100445.1_3256      -            237 DUF429               PF04250.18   214   2.4e-36  123.2   0.3   1   1   1.6e-39   2.9e-36  122.9   0.3     1   171     9   202     9   218 0.84 GCF_024227435.1
NZ_JAAAJC010000004.1_42 -            283 DUF429               PF04250.18   214   9.9e-11   39.5   3.0   1   1   7.9e-13   1.5e-09   35.7   3.0    21   203    43   250    11   258 0.72 GCF_009900715.1
JABDOO010000027.1_1  -            246 DUF432               PF04254.18   123   3.7e-26   89.5   0.1   1   1   3.2e-29   5.9e-26   88.9   0.1     1   123    61   187    61   187 0.93 GCA_013043295.1
JAJRWR010000006.1_5  -            138 DUF432               PF04254.18   123   2.4e-16   57.8   0.0   1   1     2e-19   3.6e-16   57.3   0.0    46   123     5    84     1    84 0.94 GCA_024276695.1
NZ_CP100454.1_3005   -             98 DUF433               PF04255.19    56   5.7e-17   59.1   0.0   1   1     2e-20   7.4e-17   58.7   0.0     1    56     9    65     9    65 0.94 GCF_024228315.1
JABMOR010000028.1_8  -            319 DUF4344              PF14247.11   220   2.7e-59  198.3   3.5   1   1   1.1e-62   3.9e-59  197.8   3.5    30   220   120   314    92   314 0.90 GCA_013203245.1
NZ_AQXI01000001.1_1400 -            332 DUF4352              PF11611.13   122   1.5e-08   32.7   0.0   1   1   7.4e-12   2.7e-08   31.9   0.0    20   111   220   308   206   315 0.85 GCF_000376445.1
NZ_CP095487.1_3386   -            218 DUF4382              PF14321.11   136   1.3e-24   84.7   0.4   1   1   9.4e-28   1.7e-24   84.3   0.4     1   136    36   181    36   181 0.91 GCF_023028345.1
NZ_CP101156.1_2632   -            338 DUF4382              PF14321.11   136   9.4e-16   56.0   0.6   1   1   2.3e-17   4.2e-14   50.7   0.6     2   136    72   275    71   275 0.89 GCF_024298845.1
NZ_WSZK01000015.1_864 -            150 DUF4385              PF14328.11   148   6.2e-58  192.9   5.3   1   1   1.9e-61   6.9e-58  192.8   5.3     5   147     9   147     5   148 0.97 GCF_009791395.1
NZ_BBMP01000023.1_82 -            246 DUF4386              PF14329.11   210   4.8e-12   44.0  27.1   1   1   1.9e-15   7.1e-12   43.4  27.1     4   207    27   223    19   237 0.84 GCF_000755245.1
NZ_JAAAJC010000002.1_197 -            225 DUF4396              PF14342.11   141     1e-30  104.7   5.0   1   1   2.8e-34     1e-30  104.7   5.0     2   141    79   211    78   211 0.95 GCF_009900715.1
JADKAQ010000016.1_50 -            334 DUF4405              PF14358.11    66     2e-09   35.6   7.4   1   1   5.4e-13     2e-09   35.6   7.4     2    66   111   170   110   170 0.92 GCA_016719105.1
CAJWBY010000188.1_4  -            168 DUF4410              PF14366.11   120   1.3e-12   45.6   0.0   1   1   4.5e-16   1.6e-12   45.2   0.0    35   118    63   141    39   143 0.87 GCA_913020705.1
JAFEGL010000021.1_20 -            138 DUF4440              PF14534.11   107   1.2e-09   36.3   0.0   1   1   7.8e-13   1.4e-09   36.1   0.0     1   107    12   122    12   122 0.89 GCA_018239895.1
NZ_AP017569.1_169    -            140 DUF4440              PF14534.11   107   1.6e-06   26.3   0.2   1   1   1.1e-09   2.1e-06   25.9   0.2     3    77    30   103    29   127 0.83 GCF_002355655.1
NZ_CP096659.1_1989   -            159 DUF4442              PF14539.11   132     1e-08   33.2   0.0   1   1   3.6e-12   1.3e-08   32.8   0.0     8   121    21   139    15   151 0.79 GCF_023238205.1
WHTU01000011.1_65    -            214 DUF4443              PF14544.11   100   3.5e-32  108.1   0.0   1   1   1.4e-35   5.1e-32  107.6   0.0     1    99   107   206   107   207 0.97 GCA_009377575.1
NC_015948.1_811      -            208 DUF447_C             PF20766.2     53     8e-19   65.2   0.1   1   1   3.7e-22   1.4e-18   64.5   0.1     1    52   148   201   148   202 0.98 GCF_000223905.1
NC_015948.1_811      -            208 DUF447_N             PF04289.17   114   3.2e-26   89.3   0.0   1   1   1.6e-29   5.8e-26   88.5   0.0     1   112    28   139    28   141 0.92 GCF_000223905.1
SKKJ01000102.1_8     -            159 DUF456               PF04306.18   139   6.8e-24   82.5  25.9   1   1   1.8e-27   6.8e-24   82.5  25.9     1   137    22   155    22   157 0.97 GCA_007121575.1
NZ_NHSQ01000084.1_107 -            349 DUF475               PF04332.20   293  1.3e-115  384.0  19.3   1   1  3.5e-119  1.3e-115  384.0  19.3     1   292    48   340    48   341 0.99 GCF_016653465.1
NZ_CP085336.1_1263   -            133 DUF488               PF04343.18   121   2.1e-09   35.8   0.4   1   1   7.7e-13   2.8e-09   35.4   0.4    57   120    53   128    45   129 0.76 GCF_020618475.1
NZ_CP085336.1_1263   -            133 DUF488-N3a           PF22751.1    118   6.5e-11   40.3   0.0   1   1     2e-14   7.5e-11   40.1   0.0    34   115    41   130    19   133 0.83 GCF_020618475.1
NZ_CP095482.1_2262   -            800 DUF5059              PF16502.10   619  1.1e-184  613.4  83.3   1   1  4.6e-188  1.7e-184  612.8  83.3     2   619    48   663    47   663 0.96 GCF_023028225.1
SKKJ01000272.1_4     -            322 DUF5128              PF17170.9    321   4.7e-08   30.3   0.0   1   1   4.8e-10   1.8e-06   25.1   0.0    37   127   141   231   121   233 0.85 GCA_007121575.1
NZ_JAAOIR010000001.1_569 -            421 DUF5305              PF17231.7    217   6.5e-50  167.3   0.0   1   1   1.7e-52   3.2e-49  165.1   0.0     1   217   134   351   134   351 0.99 GCF_011440375.1
NZ_CP058335.1_1423       -            341 DUF5305              PF17231.7    217   2.3e-46  155.7   2.8   1   1   1.2e-49   2.3e-46  155.7   2.8     1   217   125   328   125   328 0.98 GCF_013391105.1
NC_017943.1_117      -            239 DUF547               PF04784.19   125   6.6e-30  101.4   0.0   1   1   2.5e-33   9.3e-30  101.0   0.0     8   125    48   168    40   168 0.86 GCF_000306765.2
NZ_CVUA01000001.1_1763 -            133 DUF5518              PF17647.6    116   1.5e-14   51.9  24.8   1   1   9.1e-18   1.7e-14   51.7  24.8     1   116     9   127     9   127 0.91 GCF_001282785.1
CP094974.1_3167        -            134 DUF5518              PF17647.6    116   3.7e-10   37.7  35.4   1   1   2.8e-13   5.2e-10   37.2  35.4     1   115     5   119     5   120 0.77 GCA_022869805.1
PXSA01000026.1_10    -            112 DUF5615              PF18480.6    110   1.4e-16   58.0   0.1   1   1   8.8e-20   1.6e-16   57.9   0.1     2    84     4    86     3   107 0.81 GCA_003023565.1
RHFD01000095.1_3     -             95 DUF5615              PF18480.6    110   4.3e-06   24.3   0.0   1   1     3e-09   5.5e-06   24.0   0.0     3    58     4    62     1    91 0.81 GCA_003724325.1
AOLX01000014.1_371    -            127 DUF5658              PF18902.5     82   9.1e-09   33.8   0.2   1   1   1.1e-11   1.3e-08   33.3   0.2     5    59    46   101    42   126 0.66 GCA_000336895.1
NZ_RDFA01000002.1_244 -            125 DUF5658              PF18902.5     82     7e-07   27.7   0.0   1   1   8.4e-10     1e-06   27.2   0.0     5    61    45   101    41   123 0.77 GCF_004118325.1
JADFQH010000010.1_23  -            110 DUF5658              PF18902.5     82   9.5e-07   27.3   0.1   1   1     1e-09   1.3e-06   26.9   0.1     5    52    28    75    26   108 0.78 GCA_022561895.1
CACLNC010000019.1_9  -             47 DUF5679              PF18930.5     40   5.6e-18   62.6   5.5   1   1   1.7e-21   6.3e-18   62.4   5.5     1    40     5    44     5    44 0.99 GCA_902608175.1
NZ_CP099546.1_241    -            106 DUF5783              PF19095.5    105   2.4e-48  160.3   4.8   1   1   7.3e-52   2.7e-48  160.2   4.8     1   104     1   104     1   105 0.99 GCF_023973145.1
NZ_JANHDJ010000004.1_121 -            104 DUF5785              PF19098.5     98   6.7e-50  165.4   1.2   1   1     2e-53   7.5e-50  165.2   1.2     1    97     2    98     2    99 0.99 GCF_024494645.1
NZ_PEND01000007.1_230 -             57 DUF5786              PF19099.5     55   6.8e-15   53.4   2.1   1   1     2e-18   7.5e-15   53.2   2.1     1    55     1    54     1    54 0.98 GCF_002844195.1
NZ_CP100454.1_970    -            326 DUF5787              PF19100.5    278   1.7e-95  317.6   2.8   1   1   5.9e-99   2.2e-95  317.3   2.8     1   273    20   276    20   280 0.97 GCF_024228315.1
NZ_WUUT01000001.1_598 -            179 DUF5788              PF19101.5    131     8e-58  191.5  10.7   1   1   5.1e-61   9.4e-58  191.3  10.7     2   130    31   159    30   160 0.98 GCF_009831575.1
NZ_WUYX01000021.1_108 -            135 DUF5788              PF19101.5    131     8e-47  155.9   4.8   1   1   4.8e-50   8.9e-47  155.8   4.8     1   131     1   131     1   131 0.99 GCF_009834785.1
NZ_AOII01000107.1_11 -            150 DUF5790              PF19103.5    126   1.3e-59  198.1   8.6   1   1   4.7e-63   1.7e-59  197.7   8.6     1   126     1   127     1   127 0.98 GCF_000337615.1
JAHENP010000141.1_8  -            139 DUF5791              PF19104.5    124   1.8e-38  129.2   9.1   1   1   5.8e-42   2.1e-38  129.0   9.1     1   123    17   137    17   138 0.97 GCA_018609965.1
NZ_JANHDJ010000004.1_382 -            365 DUF5794              PF19107.5    128   6.4e-53  176.1  12.5   1   1   1.7e-56   6.4e-53  176.1  12.5     1   128    90   217    90   217 0.99 GCF_024494645.1
NZ_JDTH01000002.1_753 -             74 DUF5795              PF19108.5     74   6.7e-46  152.0   2.1   1   1     2e-49   7.3e-46  151.9   2.1     1    73     1    73     1    74 0.98 GCF_000710615.1
NZ_FOCX01000010.1_144 -            111 DUF5798              PF19111.5     89   3.3e-32  108.3  10.8   1   1   1.1e-35   4.1e-32  108.0  10.8     1    88     9    96     9    97 0.98 GCF_900110215.1
NZ_CP085301.1_3346   -            423 DUF58                PF01882.23    86     2e-21   73.7   0.0   1   1   2.6e-24   4.7e-21   72.5   0.0     1    85   193   279   193   280 0.96 GCF_020700235.1
NZ_CP044129.1_2543   -            641 DUF58                PF01882.23    86   9.9e-20   68.3   0.1   1   1   1.2e-22   2.2e-19   67.2   0.1     1    85   413   499   413   500 0.97 GCF_009617995.1
NZ_RKLT01000016.1_60 -            122 DUF5802              PF19118.5    113   3.9e-43  143.9   0.1   1   1   1.3e-46     5e-43  143.6   0.1     2   110     3   111     2   113 0.98 GCF_019599505.1
NZ_CP031310.1_765    -            251 DUF5803              PF19119.5    196   1.3e-79  264.1   0.4   1   1   5.6e-83     2e-79  263.4   0.4     1   196    41   235    41   235 0.99 GCF_004799665.1
NZ_CP100355.1_2109   -            121 DUF5805              PF19121.5     67   1.1e-13   49.1   1.6   1   1   3.9e-17   1.4e-13   48.7   1.6     3    67    53   117    51   117 0.94 GCF_024204665.1
NZ_CP085335.1_80     -            269 DUF5806              PF19122.5    148   2.1e-66  220.1   0.3   1   1   7.1e-70   2.6e-66  219.8   0.3     1   146   105   249   105   251 0.98 GCF_020618475.1
NC_019964.1_86       -            132 DUF5811              PF19128.5    103   4.5e-46  153.1   1.2   1   1   1.5e-49   5.5e-46  152.8   1.2     2   103    28   132    27   132 0.95 GCF_000328525.1
NZ_SBIT01000008.1_15      -             79 DUF5816              PF19133.5     72   3.8e-39  130.6   0.9   1   1   2.3e-42   4.3e-39  130.4   0.9     1    72     8    79     8    79 0.99 GCF_004765785.1
NZ_JAJFAY010000001.1_1683 -            244 DUF5816              PF19133.5     72   4.4e-36  120.7   3.9   1   1   4.1e-39   7.6e-36  120.0   3.9     2    72   174   244   173   244 0.98 GCF_021083305.1
JAHENP010000247.1_7  -            266 DUF5821              PF19138.5    217   5.7e-56  187.5   2.8   1   1   2.2e-59   8.3e-56  186.9   2.8     2   206    52   253    51   262 0.96 GCA_018609965.1
NZ_AOLK01000021.1_19 -             96 DUF5827              PF19145.5     87   2.8e-40  134.1   0.9   1   1     9e-44   3.3e-40  133.9   0.9     1    87     1    86     1    86 0.99 GCF_000336755.1
NZ_VSLZ01000001.1_825 -            141 DUF5830              PF19148.5    114   4.9e-54  179.0   0.1   1   1   1.5e-57   5.6e-54  178.7   0.1     2   114    29   141    28   141 0.99 GCF_010747475.1
NZ_CP026995.1_1599   -            254 DUF5906              PF19263.4    114   2.2e-16   58.3   0.2   1   1   1.8e-19   6.5e-16   56.8   0.2    30   114    69   152    52   152 0.82 GCF_013407185.1
NZ_MWLL01000125.1_23 -           1089 DUF5915              PF19302.4    195   2.4e-21   73.9   0.0   1   1   1.2e-24   4.3e-21   73.1   0.0     2   175   901  1077   900  1086 0.87 GCF_002198675.1
PAAH01000018.1_43    -             50 DUF5989              PF19451.4     49   2.4e-08   31.7   1.2   1   1   7.1e-12   2.6e-08   31.6   1.2     2    47     5    49     4    50 0.92 GCA_002698885.1
NZ_FOCX01000007.1_74 -            310 DUF5995              PF19458.4    225   1.5e-56  188.9   2.8   1   1     5e-60   1.8e-56  188.6   2.8     1   223    58   274    58   276 0.93 GCF_900110215.1
NZ_CP095487.1_2514   -            379 DUF63                PF01889.22   269   2.4e-41  140.5  16.1   1   1   3.3e-43   6.2e-40  135.9  13.5    12   269    82   379    80   379 0.82 GCF_023028345.1
NZ_CP085301.1_693    -            270 DUF63                PF01889.22   269     1e-22   79.5   9.7   1   1   7.5e-26   1.4e-22   79.0   9.7    24   263    11   264     6   269 0.89 GCF_020700235.1
NZ_SDIC01000010.1_16 -             98 DUF6516              PF20126.4     81   3.9e-14   50.2   0.5   1   1   1.2e-17   4.6e-14   50.0   0.5     2    80    11    91    10    92 0.83 GCF_004116405.1
NZ_OBEJ01000002.1_506 -            218 DUF6517              PF20127.4    187   5.5e-64  213.3   7.8   1   1   1.7e-67   6.3e-64  213.1   7.8     2   186    31   216    30   217 0.97 GCF_900215575.1
NZ_JADDKQ010000016.1_94 -           1146 DUF6603              PF20248.3    502     3e-98  327.3   1.6   1   1  1.2e-101   4.3e-98  326.8   1.6    20   501   491  1045   473  1046 0.89 GCF_016464425.1
JACZSC010000035.1_4  -            125 DUF6659              PF20364.3    131   7.8e-26   88.5   0.2   1   1   1.7e-28   9.1e-26   88.3   0.2    10   121    13   124     6   125 0.95 GCA_022574415.1
PFRJ01000043.1_7     -            105 DUF6659              PF20364.3    131     9e-18   62.5   0.1   1   1     2e-20     1e-17   62.3   0.1     5    98     3    97     1   102 0.90 GCA_002788515.1
CP046181.1_1981      -             41 DUF6659              PF20364.3    131   1.4e-16   58.6   0.0   1   1   2.7e-19   1.4e-16   58.6   0.0    89   128     1    40     1    41 0.98 GCA_014075315.1
CP046181.1_1980      -             77 DUF6659              PF20364.3    131   8.5e-15   52.8   0.0   1   1   1.9e-17   9.8e-15   52.6   0.0     4    69     6    71     2    75 0.96 GCA_014075315.1
NC_018655.1_1232     -            126 DUF6659              PF20364.3    131   5.4e-13   47.0   0.3   1   1   1.3e-15   6.9e-13   46.7   0.3     7   117     8   118     3   125 0.90 GCF_000299365.1
NZ_MU078694.1_491    -            153 DUF6659              PF20364.3    131   2.6e-12   44.8   0.7   1   1   6.3e-15   3.3e-12   44.5   0.7    14   119    42   146    31   152 0.87 GCF_014078525.1
NZ_CP030846.1_1436   -            118 DUF6659              PF20364.3    131   1.3e-08   32.9   0.0   1   1   2.8e-11   1.4e-08   32.7   0.0    15   107    10   103     2   117 0.82 GCF_013407275.1
NZ_JAJCVJ010000002.1_598 -            201 DUF6663              PF20368.3    243   4.7e-51  171.2   0.7   1   1   1.9e-51   6.9e-48  160.8   0.1    73   240    45   199    32   201 0.94 GCF_020567425.1
JAFEGH010000007.1_312 -            286 DUF6671              PF20376.3    217   1.5e-52  176.3   0.4   1   1   4.7e-56   1.7e-52  176.1   0.4     1   217    63   286    63   286 0.92 GCA_018240065.1
NZ_AQXI01000001.1_80 -             75 DUF6684              PF20389.3     79   5.1e-28   94.8   2.1   1   1   1.4e-31   5.3e-28   94.7   2.1     1    71     1    71     1    75 0.97 GCF_000376445.1
NZ_SOSC01000003.1_17 -            186 DUF6735              PF20509.3    204   5.2e-45  151.5   2.4   1   2     3e-21   1.1e-17   62.3   0.8     2    47     5    50     4    53 0.94 GCF_005049285.1
NZ_SOSC01000003.1_17 -            186 DUF6735              PF20509.3    204   5.2e-45  151.5   2.4   2   2   6.8e-30   2.5e-26   90.5   0.0    71   202    49   174    47   176 0.85 GCF_005049285.1
NZ_NHSQ01000189.1_3  -            292 DUF6910              PF21851.1    225   1.1e-47  160.4   0.0   1   1   1.5e-50   2.7e-47  159.2   0.0     1   225    71   276    71   276 0.91 GCF_016653465.1
JADKAQ010000016.1_54 -            305 DUF6910              PF21851.1    225     7e-47  157.8   0.0   1   1   5.2e-50   9.6e-47  157.3   0.0     1   197    93   290    93   296 0.91 GCA_016719105.1
NZ_JAJCVJ010000003.1_373 -            312 DUF6916              PF21880.1     91   8.4e-17   58.8   0.0   1   1   3.7e-20   1.4e-16   58.2   0.0     2    91     9    98     8    98 0.88 GCF_020567425.1
JAFEGL010000003.1_45 -            277 DUF692               PF05114.18   263   5.5e-99  328.4   0.0   1   1  1.7e-102   6.2e-99  328.2   0.0     1   262    10   271    10   272 0.99 GCA_018239895.1
NZ_NHSQ01000189.1_3  -            292 DUF6929              PF22000.1    286   3.8e-56  188.1   0.0   1   1   2.3e-59   4.3e-56  187.9   0.0     2   286    23   287    22   287 0.87 GCF_016653465.1
JADKAQ010000016.1_54 -            305 DUF6929              PF22000.1    286   5.3e-50  167.9   0.0   1   1   3.4e-53   6.3e-50  167.6   0.0     1   245    38   290    38   296 0.91 GCA_016719105.1
JAFAQB010000141.1_7  -            286 DUF72                PF01904.23   217   9.6e-63  209.9   0.7   1   1   3.3e-66   1.2e-62  209.5   0.7     1   217    27   265    27   265 0.90 GCA_019246625.1
JAKCFJ010000002.1_93     -            302 DUF726               PF05277.17   343   1.3e-07   28.6   0.0   1   1   1.1e-10     2e-07   28.0   0.0   195   309   152   265   141   298 0.73 GCA_025041175.1
NZ_JANHDJ010000016.1_22 -            333 DUF772               PF05598.16    74   2.1e-07   28.6   0.2   1   1   1.7e-10   6.4e-07   27.1   0.0     4    67    65   126    63   132 0.90 GCF_024494645.1
NZ_JAMZIE010000001.1_401 -            504 DUF790               PF05626.16   387  9.5e-122  404.2   0.0   1   1  3.2e-125  1.2e-121  403.9   0.0     1   387     1   389     1   389 0.97 GCF_024178165.1
NZ_PEND01000007.1_201 -           1017 DUF87                PF01935.22   220   8.6e-07   27.0   5.2   1   1   2.6e-10   9.7e-07   26.8   0.1    37    92   483   534   483   583 0.78 GCF_002844195.1
NZ_QQTY01000001.1_534 -            165 DUF892               PF05974.17   159   1.6e-39  133.3   5.4   1   1   5.2e-43   1.9e-39  133.0   5.4     2   151     6   154     5   157 0.96 GCF_003670115.1
JAKCFJ010000002.1_93 -            302 DUF900               PF05990.17   232   6.5e-06   23.5   0.0   1   1   2.6e-09   9.7e-06   22.9   0.0    18   120    95   201    89   228 0.87 GCA_025041175.1
NZ_QPII01000005.1_225 -            322 DUF932               PF06067.16   227   1.7e-72  241.6   0.0   1   1   5.4e-76     2e-72  241.4   0.0     1   227    77   302    77   302 0.99 GCF_003336675.1
JADJWG010000004.1_328 -            430 DUF935               PF06074.17   518   9.4e-81  269.8   0.0   1   1   3.3e-84   1.2e-80  269.5   0.0    31   412    38   425    21   429 0.93 GCA_016716475.1
NZ_CP100445.1_3888   -            210 DUF998               PF06197.18   184   2.2e-15   54.5  33.4   1   1   7.1e-19   2.6e-15   54.3  33.4     1   183    13   199    13   200 0.81 GCF_024227435.1
NZ_LIGX01000041.1_182 -            326 Dus                  PF01207.22   311   8.7e-79  262.6   0.0   1   1   8.3e-82     1e-78  262.3   0.0     2   297    16   316    15   324 0.94 GCF_001683795.1
NZ_BBMP01000006.1_115 -            254 Dus                  PF01207.22   311   4.1e-09   33.7   0.1   1   1   9.1e-12   1.1e-08   32.3   0.1    65   231    88   239    80   251 0.84 GCF_000755245.1
NZ_CP100445.1_2115   -            420 DXP_synthase_N       PF13292.11   274   5.9e-08   30.0   0.0   1   1   2.8e-11     1e-07   29.2   0.0   114   177   185   248   174   315 0.82 GCF_024227435.1
NZ_JADDKQ010000010.1_216 -            603 Dynamin_N            PF00350.28   168   6.9e-11   40.2   0.0   1   1     6e-11   7.3e-08   30.4   0.0     2    54    66   116    64   209 0.71 GCF_016464425.1
NZ_NHSQ01000087.1_48 -            236 DZR_2                PF18912.5     56   1.7e-13   48.0   9.5   1   1     9e-17   3.3e-13   47.0   9.5     2    56    11    68    10    73 0.91 GCF_016653465.1
JAATVT010000241.1_2  -            912 E1-E2_ATPase         PF00122.25   181   3.6e-49  164.5   0.1   1   1   2.9e-52   3.6e-49  164.5   0.1     2   180   122   313   121   314 0.98 GCA_014523685.1
JADKAQ010000001.1_77 -            621 E1-E2_ATPase         PF00122.25   181   1.4e-47  159.3   0.5   1   1   1.2e-50   1.4e-47  159.3   0.5     3   180   123   292   121   293 0.98 GCA_016719105.1
NC_019964.1_3075     -            881 E1-E2_ATPase         PF00122.25   181   6.8e-45  150.5   3.2   1   1   5.5e-48   6.8e-45  150.5   3.2     5   180   310   485   306   486 0.96 GCF_000328525.1
NZ_CP100445.1_2115   -            420 E1_dh                PF00676.25   300   6.8e-91  302.1   0.0   1   1   6.5e-94     8e-91  301.8   0.0     2   299    91   383    90   384 0.95 GCF_024227435.1
JAFEGL010000068.1_64 -            678 E1_dh                PF00676.25   300   9.6e-65  216.2   0.0   1   1   1.1e-67   1.3e-64  215.7   0.0     3   298    27   326    25   328 0.94 GCA_018239895.1
JAJXYX010000055.1_37 -            899 E1_dh                PF00676.25   300   7.3e-45  150.9   0.0   1   1   8.9e-48   1.1e-44  150.4   0.0    10   297   185   498   179   501 0.88 GCA_021780355.1
NZ_QPII01000005.1_246   -            832 EAL                  PF00563.25   236     4e-73  243.4   0.0   1   1   3.6e-76   6.7e-73  242.7   0.0     2   236   581   816   580   816 0.98 GCF_003336675.1
NZ_JADDKQ010000016.1_96 -            415 EAL                  PF00563.25   236   2.5e-44  149.1   0.0   1   1   2.1e-47   3.8e-44  148.6   0.0     9   236   165   380   157   380 0.94 GCF_016464425.1
NZ_JAJCVJ010000001.1_1703 -            301 EamA                 PF00892.25   136   2.2e-38  129.2  24.5   1   2   8.5e-23   7.9e-20   69.2   6.4     6   135    10   140     8   141 0.94 GCF_020567425.1
NZ_JAJCVJ010000001.1_1703 -            301 EamA                 PF00892.25   136   2.2e-38  129.2  24.5   2   2   6.5e-22     6e-19   66.3  10.2     3   134   154   288   152   290 0.94 GCF_020567425.1
NC_012029.1_1142          -            311 EamA                 PF00892.25   136   8.7e-37  124.1  36.3   1   2   1.5e-19   1.4e-16   58.6  13.5     8   135    15   140    10   141 0.94 GCF_000022205.1
NC_012029.1_1142          -            311 EamA                 PF00892.25   136   8.7e-37  124.1  36.3   2   2   1.5e-23   1.4e-20   71.6  14.8     2   135   155   295   154   296 0.93 GCF_000022205.1
JADKAQ010000025.1_78      -            319 EamA                 PF00892.25   136   6.2e-34  114.8  29.8   1   2   2.3e-18   2.2e-15   54.8   7.4     5   135    11   140     7   141 0.88 GCA_016719105.1
JADKAQ010000025.1_78      -            319 EamA                 PF00892.25   136   6.2e-34  114.8  29.8   2   2   6.4e-22   5.9e-19   66.3  14.4     3   135   156   293   154   294 0.97 GCA_016719105.1
CP094974.1_1980           -            136 EamA                 PF00892.25   136   4.7e-18   63.4  15.2   1   1   5.6e-21   5.1e-18   63.3  15.2     3   134     4   134     2   136 0.97 GCA_022869805.1
NZ_CP095483.1_135       -            258 ECH_1                PF00378.25   251   6.9e-61  203.5   0.1   1   1   1.3e-63   7.7e-61  203.3   0.1     3   250    10   257     8   258 0.96 GCF_023028225.1
NZ_CP100454.1_524       -            656 ECH_1                PF00378.25   251   5.1e-59  197.4   0.0   1   1   1.2e-61   7.5e-59  196.8   0.0     4   251   408   656   406   656 0.95 GCF_024228315.1
NZ_JADDKQ010000024.1_34 -            317 ECH_1                PF00378.25   251   1.4e-52  176.3   0.0   1   1   3.8e-55   2.4e-52  175.5   0.0     6   249    50   311    45   312 0.90 GCF_016464425.1
PXRE01000005.1_16       -            249 ECH_1                PF00378.25   251   2.3e-46  155.9   0.1   1   1   4.7e-49   2.9e-46  155.6   0.1     4   191    12   201     9   208 0.93 GCA_003021085.1
PXRX01000012.1_65       -            152 ECH_1                PF00378.25   251   8.5e-24   82.0   0.0   1   1   1.6e-26   9.9e-24   81.8   0.0     4   122    25   145    22   149 0.91 GCA_003023195.1
PXRE01000005.1_17       -            265 ECH_1                PF00378.25   251   1.8e-19   67.8   0.0   1   1     4e-22   2.4e-19   67.4   0.0    40   210    75   241    49   248 0.89 GCA_003021085.1
NZ_CP095483.1_135       -            258 ECH_2                PF16113.10   335   7.1e-41  138.5   0.3   1   1   1.1e-41   7.8e-39  131.8   0.1     2   185    14   196    13   202 0.94 GCF_023028225.1
NZ_CP100454.1_524       -            656 ECH_2                PF16113.10   335   2.2e-38  130.3   0.0   1   1   1.3e-36   9.9e-34  115.0   0.0     1   186   410   594   410   596 0.95 GCF_024228315.1
PXRE01000005.1_16       -            249 ECH_2                PF16113.10   335   4.1e-29   99.9   0.2   1   1     6e-32   4.4e-29   99.7   0.2     3   184    16   197    14   238 0.87 GCA_003021085.1
PXRX01000012.1_65       -            152 ECH_2                PF16113.10   335   7.1e-21   72.8   0.1   1   1   1.1e-23   8.4e-21   72.5   0.1     1   120    27   144    27   147 0.96 GCA_003023195.1
NZ_JADDKQ010000024.1_34 -            317 ECH_2                PF16113.10   335   2.3e-14   51.4   0.0   1   1   5.6e-16   4.1e-13   47.2   0.0     3   178    52   243    50   246 0.74 GCF_016464425.1
JAHFTO010000029.1_4  -            369 EcKL                 PF02958.25   294   1.8e-06   25.2   0.0   1   1   7.5e-10   2.7e-06   24.6   0.0   151   260   168   280   151   307 0.65 GCA_023269355.1
NZ_CP100355.1_1076   -            784 EF-G_D2              PF22042.1     84   4.7e-14   50.0   0.3   1   1   3.4e-17   1.3e-13   48.7   0.3     5    82   352   430   348   432 0.93 GCF_024204665.1
NZ_CP100355.1_1076   -            784 EFG_C                PF00679.29    89     1e-24   84.2   0.1   1   1   1.1e-27   4.1e-24   82.2   0.0     1    87   676   761   676   763 0.97 GCF_024204665.1
NZ_CP100355.1_1076   -            784 EFG_III              PF14492.11    75   1.1e-22   77.7   0.6   1   1   2.9e-26   1.1e-22   77.7   0.6     1    74   443   516   443   517 0.98 GCF_024204665.1
NZ_CP100355.1_1076   -            784 EFG_IV               PF03764.23   121   1.1e-23   81.0   0.0   1   1   9.1e-27   3.4e-23   79.5   0.0    12   120   569   673   559   674 0.91 GCF_024204665.1
JAFGCY010000036.1_13 -            177 EFP                  PF01132.25    54   1.2e-19   67.8   0.2   1   1   6.7e-23   2.5e-19   66.8   0.2     1    54    58   111    58   111 0.98 GCA_016932385.1
JAFGCY010000036.1_13 -            177 EFP_N                PF08207.17    58     1e-20   71.3   0.4   1   1   1.1e-23   4.2e-20   69.3   0.0     9    57     1    49     1    50 0.97 GCA_016932385.1
NZ_AOLK01000022.1_392 -            202 eIF-5_eIF-2B         PF01873.22   117   6.2e-32  107.7   0.0   1   1   2.5e-35   9.1e-32  107.2   0.0     5   116    18   127    15   128 0.97 GCF_000336755.1
JALDAN010000009.1_4  -            224 eIF-6                PF01912.23   197   8.6e-51  169.9   2.4   1   1   3.1e-54   1.1e-50  169.5   2.4     1   196    12   201    12   220 0.97 GCA_022729355.1
JALDAN010000001.1_18 -            397 eIF2_C               PF09173.16    86   3.2e-28   95.5   0.0   1   1     2e-31   7.5e-28   94.4   0.0     2    86   310   393   309   393 0.98 GCA_022729355.1
UYNY01000046.1_16    -            263 EIF_2_alpha          PF07541.17   114   5.7e-19   66.0   0.0   1   1   3.7e-22   1.4e-18   64.7   0.0     4   112   121   222   118   224 0.86 GCA_900620265.1
NZ_QPII01000034.1_3  -            346 ELFV_dehydrog        PF00208.26   241   3.4e-21   73.8   0.8   1   2   3.9e-09   7.1e-06   23.6   0.1     9    59   149   200   141   208 0.88 GCF_003336675.1
NZ_QPII01000034.1_3  -            346 ELFV_dehydrog        PF00208.26   241   3.4e-21   73.8   0.8   2   2   6.3e-17   1.2e-13   49.1   0.1    98   232   217   343   200   346 0.74 GCF_003336675.1
LFEZ01000013.1_8     -            338 ELFV_dehydrog        PF00208.26   241   4.8e-09   34.0   0.0   1   1   5.3e-12   9.7e-09   33.0   0.0    55   118    33    94     1   111 0.78 GCA_001510295.1
NZ_QPII01000034.1_3  -            346 ELFV_dehydrog_N      PF02812.23   129   4.8e-31  104.9   0.0   1   1   2.7e-34   9.9e-31  103.9   0.0    19   128    23   131    11   132 0.93 GCF_003336675.1
JAFGCY010000036.1_13 -            177 Elong-fact-P_C       PF09285.16    56   7.7e-26   87.3   0.4   1   1   4.6e-29   1.7e-25   86.3   0.4     1    56   119   174   119   174 0.98 GCA_016932385.1
NZ_VSLZ01000003.1_173 -            206 EMC3_TMCO1           PF01956.21   169   1.2e-24   84.8   0.0   1   1   3.9e-28   1.4e-24   84.5   0.0     3   157    43   194    41   202 0.95 GCF_010747475.1
JAKCFM010000001.1_1688 -            226 EndIII_4Fe-2S        PF10576.14    17   4.6e-07   27.7   4.1   1   1     4e-10   7.3e-07   27.1   4.1     1    17   193   209   193   209 1.00 GCA_025041195.1
NZ_CP100445.1_3255     -             55 EndIII_4Fe-2S        PF10576.14    17   5.3e-05   21.2   4.0   1   1   2.9e-08   5.3e-05   21.2   4.0     1    17    29    45    29    45 0.94 GCF_024227435.1
NZ_CP101458.1_2207   -            261 Endonuclease_5       PF04493.19   198     4e-55  184.3   0.0   1   1   1.4e-58   5.2e-55  183.9   0.0    17   197    57   248    44   249 0.84 GCF_024362525.1
JADJWG010000002.1_222 -            431 Enolase_C            PF00113.27   296  6.7e-130  430.4   0.0   1   1  2.4e-133    9e-130  430.0   0.0     2   288   143   425   142   430 0.98 GCA_016716475.1
JADJWG010000002.1_222 -            431 Enolase_N            PF03952.21   131     1e-59  198.2   0.0   1   1   4.5e-63   1.7e-59  197.5   0.0     1   131     7   137     7   137 0.99 GCA_016716475.1
NZ_AOIQ01000016.1_65      -            344 Epimerase            PF01370.26   240   1.8e-61  205.4   1.0   1   1   1.2e-63   2.2e-61  205.0   1.0     1   240    38   267    38   267 0.98 GCF_000337515.1
NZ_FNFE01000004.1_420     -            302 Epimerase            PF01370.26   240   2.4e-48  162.4   1.7   1   1   1.6e-50   2.9e-48  162.1   1.7     1   240     3   231     3   231 0.95 GCF_900100335.1
NZ_QLVG01000046.1_18      -            329 Epimerase            PF01370.26   240   7.7e-34  114.9   1.2   1   1   5.5e-34     1e-31  108.0   1.2     1   240     4   224     4   224 0.93 GCF_003382685.1
NZ_JAKUHT010000007.1_11   -            270 Epimerase            PF01370.26   240     1e-25   88.3   0.0   1   1   1.3e-27   2.4e-25   87.1   0.0     1   170     3   165     3   181 0.87 GCF_022436705.1
PAAH01000021.1_3          -            293 Epimerase            PF01370.26   240   1.7e-23   81.0   0.0   1   1   1.1e-25     2e-23   80.8   0.0     1   240     3   218     3   218 0.86 GCA_002698885.1
JAHFTO010000030.1_2       -            353 Epimerase            PF01370.26   240   1.3e-21   74.8   0.0   1   1     2e-23   3.6e-21   73.4   0.0     1   233     8   233     8   240 0.80 GCA_023269355.1
NZ_CP044129.1_2641        -            314 Epimerase            PF01370.26   240   4.6e-20   69.8   0.1   1   1   3.3e-22   6.1e-20   69.4   0.1     1   230     3   226     3   232 0.84 GCF_009617995.1
JAKCFM010000002.1_414     -            279 Epimerase            PF01370.26   240   1.7e-19   67.9   0.6   1   1   1.3e-21   2.5e-19   67.4   0.6     1   177     3   185     3   230 0.79 GCA_025041195.1
NZ_NHSQ01000094.1_12      -            289 Epimerase            PF01370.26   240     4e-14   50.4   0.1   1   1   1.7e-15   3.1e-13   47.4   0.1     4   239     7   213     4   214 0.87 GCF_016653465.1
NZ_JAKUHT010000020.1_30   -            293 Epimerase            PF01370.26   240   2.1e-13   48.0   0.0   1   1   7.3e-14   1.3e-11   42.1   0.0     1   114     1   104     1   110 0.90 GCF_022436705.1
QNGA01000011.1_100        -            207 Epimerase            PF01370.26   240   2.8e-12   44.3   0.1   1   1   2.3e-14   4.2e-12   43.7   0.1     1   154     3   133     3   148 0.77 GCA_003298465.1
JACDHC010000108.1_5       -            461 Epimerase            PF01370.26   240   1.2e-11   42.2   0.0   1   1   1.2e-13   2.1e-11   41.4   0.0     1   118     9   131     9   150 0.89 GCA_013821245.1
NZ_ML974131.1_616         -            285 Epimerase            PF01370.26   240   5.2e-09   33.6   0.0   1   1   5.2e-11   9.6e-09   32.7   0.0     1   167     5   173     5   187 0.76 GCF_004143485.2
JAIOPB010000048.1_15      -            625 Epimerase            PF01370.26   240   9.2e-07   26.2   0.0   1   1   3.6e-08   6.6e-06   23.4   0.0     1   193     9   217     9   229 0.70 GCA_021414105.1
CP094974.1_4662           -            251 Epimerase            PF01370.26   240   9.6e-07   26.2   0.2   1   1     1e-08   1.9e-06   25.2   0.2     2   160    10   174     9   189 0.81 GCA_022869805.1
NZ_CP099998.1_71          -            255 Epimerase            PF01370.26   240   3.7e-06   24.2   0.7   1   1   3.4e-08   6.2e-06   23.5   0.7     2    97    15   122    14   182 0.74 GCF_024138145.1
JADKAQ010000016.1_55      -            218 Epimerase            PF01370.26   240   4.4e-06   24.0   0.2   1   1   1.3e-07   2.3e-05   21.6   0.2     1   115     9   119     9   208 0.87 GCA_016719105.1
NZ_CP099993.1_935         -            146 Epimerase            PF01370.26   240   1.1e-05   22.8   0.1   1   1   7.1e-08   1.3e-05   22.5   0.1     1    95     5    96     5   108 0.80 GCF_024138125.1
NZ_JAJCVJ010000001.1_1550 -            241 Epimerase            PF01370.26   240   1.1e-05   22.7   0.0   1   1   9.4e-08   1.7e-05   22.1   0.0     2   124     6   143     5   172 0.74 GCF_020567425.1
NZ_JAAOIR010000001.1_124 -            463 Epimerase_2          PF02350.24   347   3.9e-33  112.5   0.3   1   2   3.6e-13   1.3e-09   35.1   0.4    11   104    50   149    42   158 0.78 GCF_011440375.1
NZ_JAAOIR010000001.1_124 -            463 Epimerase_2          PF02350.24   347   3.9e-33  112.5   0.3   2   2   2.5e-25   9.1e-22   75.1   0.0   104   336   183   426   179   436 0.75 GCF_011440375.1
UYNY01000031.1_96    -            822 ERAP1_C              PF11838.13   318   1.1e-52  177.2   0.0   1   1   6.7e-56   2.5e-52  176.0   0.0     4   317   504   811   502   812 0.93 GCA_900620265.1
NZ_RKSM01000001.1_2127 -            628 ERCC3_RAD25_C        PF16203.10   248   6.7e-20   69.2   0.0   1   1   5.1e-23   9.3e-20   68.7   0.0    24   154   448   575   424   615 0.83 GCF_008729015.1
NZ_PHNJ01000004.1_156  -            488 ERCC3_RAD25_C        PF16203.10   248     2e-18   64.3   0.1   1   1   1.5e-21   2.8e-18   63.9   0.1    57   182   368   487   342   488 0.86 GCF_008122205.1
NZ_QPII01000005.1_223 -            253 ERF                  PF04404.17   153   8.4e-19   65.8   0.0   1   1   3.1e-22   1.2e-18   65.4   0.0     3   129    71   190    69   208 0.86 GCF_003336675.1
JAHFTO010000030.1_8  -            440 ERG4_ERG24           PF01222.22   432   4.6e-76  254.1  17.5   1   1   1.4e-79   5.3e-76  253.8  17.5    65   432    69   440    24   440 0.91 GCA_023269355.1
NZ_SOSC01000013.1_20 -            106 EthD                 PF07110.16    96   3.3e-15   54.8   0.5   1   1   2.5e-18   9.2e-15   53.4   0.5     2    95    12    89    11    90 0.92 GCF_005049285.1
CP060262.1_319       -            448 Exonuc_VII_L         PF02601.20   315   4.8e-86  286.8   0.0   1   1   1.6e-89   5.9e-86  286.5   0.0     1   314   127   441   127   442 0.93 GCA_022646745.1
NZ_CP099998.1_162    -            258 Exo_endo_phos        PF03372.28   225   8.3e-07   26.7   0.0   1   1   4.3e-10   1.6e-06   25.8   0.0     2   157     5   183     4   187 0.79 GCF_024138145.1
JAATVK010000265.1_5  -            493 Exo_endo_phos_3      PF19580.4    311   9.1e-43  144.2   4.3   1   1   1.6e-33     6e-30  102.1   0.1     2   181    20   202    19   219 0.85 GCA_014523485.1
CAJWBY010000103.1_7      -            335 F420_oxidored        PF03807.22    94   1.7e-07   29.5   0.0   1   1   1.6e-09   6.6e-07   27.6   0.0     1    83     7   100     7   110 0.88 GCA_913020705.1
NZ_CP072036.1_1276       -            326 F420_oxidored        PF03807.22    94   1.8e-06   26.2   0.1   1   1   9.6e-09   3.9e-06   25.1   0.1     1    84    18    98    18   103 0.79 GCF_018847375.1
NZ_CP095757.1_3387       -            418 F420_oxidored        PF03807.22    94   2.8e-06   25.6   1.4   1   1     1e-08   4.2e-06   25.1   0.0     1    79   105   179   105   189 0.81 GCF_023093535.1
JAAUVF010000069.1_8      -            225 F420_oxidored        PF03807.22    94   7.4e-06   24.3   0.1   1   1   3.7e-08   1.5e-05   23.3   0.1     1    85    19   101    19   104 0.80 GCA_012030815.1
JACENB010000156.1_1      -             87 F420_oxidored        PF03807.22    94   1.9e-05   23.0   0.2   1   1   5.6e-08   2.3e-05   22.7   0.2     1    67    19    81    19    84 0.87 GCA_013867245.1
JAHRAL010000121.1_1      -            270 F420_oxidored        PF03807.22    94   4.2e-05   21.8   1.6   1   1   1.2e-07   4.9e-05   21.6   0.5     4    68   124   189   122   213 0.85 GCA_020027325.1
NZ_CP017922.1_595    -            444 F5_F8_type_C         PF00754.30   127   4.3e-15   53.7   2.0   1   1   2.3e-18   8.3e-15   52.8   2.0     3   126   319   436   315   437 0.81 GCF_001870125.1
NZ_CP017922.1_595    -            444 F5_F8_type_C_2       PF22633.1     91   1.1e-11   43.0   3.2   1   1   3.2e-15   1.2e-11   42.9   1.9     1    91   331   420   331   420 0.88 GCF_001870125.1
NZ_PEND01000007.1_211 -            243 FAA_hydrolase        PF01557.23   214   3.2e-72  240.4   0.0   1   1     1e-75   3.7e-72  240.2   0.0     1   213    45   240    45   241 0.98 GCF_002844195.1
NZ_CP085337.1_318     -            548 FAD-oxidase_C        PF02913.24   248   3.7e-56  188.3   0.0   1   1   6.8e-59     5e-56  187.9   0.0     2   248   278   517   277   517 0.96 GCF_020618475.1
NZ_RKLT01000001.1_961 -           1035 FAD-oxidase_C        PF02913.24   248   1.8e-55  186.1   0.2   1   1     5e-58   3.7e-55  185.1   0.2     2   248   299   567   298   567 0.97 GCF_019599505.1
REGH01000017.1_14     -            482 FAD-oxidase_C        PF02913.24   248   1.1e-42  144.2   0.0   1   1   1.9e-45   1.4e-42  143.8   0.0     2   248   237   467   236   467 0.88 GCA_003702495.1
NZ_CP100756.1_1072    -            558 FAD-oxidase_C        PF02913.24   248   3.6e-26   90.1   0.1   1   1   2.4e-24   1.8e-21   74.7   0.0   130   246   422   549   416   551 0.96 GCF_024266705.1
REGF01000007.1_29     -             75 FAD-oxidase_C        PF02913.24   248   3.2e-17   60.8   0.1   1   1   4.6e-20   3.4e-17   60.7   0.1   191   247     4    60     1    61 0.94 GCA_003702465.1
NZ_LIGX01000018.1_34   -            534 FAD_binding_2        PF00890.29   414   1.1e-97  325.7   5.0   1   1  5.5e-100   1.3e-97  325.4   5.0     1   414     5   390     5   390 0.97 GCF_001683795.1
QNGA01000001.1_1459    -            419 FAD_binding_2        PF00890.29   414   5.6e-11   40.0   0.4   1   1   2.5e-08   5.8e-06   23.5   0.0   138   206   105   174    97   187 0.89 GCA_003298465.1
NZ_CP095757.1_765      -            402 FAD_binding_2        PF00890.29   414   4.9e-09   33.6   1.5   1   1   4.2e-11   9.7e-09   32.6   1.5     2   205     3   222     2   237 0.63 GCF_023093535.1
NZ_JAALLS010000022.1_3 -            415 FAD_binding_2        PF00890.29   414   7.9e-09   32.9   0.2   1   1   5.7e-08   1.3e-05   22.3   0.3     3   108    11   109     9   203 0.78 GCF_011059105.1
CP060262.1_1763        -            490 FAD_binding_2        PF00890.29   414   3.5e-08   30.8   0.9   1   1   6.9e-09   1.6e-06   25.3   0.7     2    37     6    41     5    45 0.94 GCA_022646745.1
NZ_MWLL01000206.1_4    -            405 FAD_binding_2        PF00890.29   414   4.6e-08   30.4   4.1   1   1     2e-10   4.6e-08   30.4   4.1     1    37    90   125    90   130 0.92 GCF_002198675.1
JADDOW010000092.1_10   -            363 FAD_binding_2        PF00890.29   414   1.8e-07   28.4   0.8   1   1   1.5e-08   3.4e-06   24.2   0.1     2    31     8    37     7    43 0.94 GCA_016782225.1
NZ_CP058335.1_3815     -            459 FAD_binding_2        PF00890.29   414   1.9e-07   28.4   0.6   1   1     2e-09   4.5e-07   27.1   0.6     1    33     5    37     5    68 0.95 GCF_013391105.1
NZ_MWLL01000155.1_45   -            472 FAD_binding_2        PF00890.29   414   3.8e-07   27.3   3.9   1   1   1.7e-09   3.8e-07   27.3   3.9     1    35    36    70    36    76 0.92 GCF_002198675.1
NZ_LWHG01000021.1_300  -            197 FAD_binding_2        PF00890.29   414   1.1e-06   25.8   0.9   1   1   7.6e-09   1.7e-06   25.2   0.9     2    36     4    38     3    43 0.94 GCF_001625445.1
LKNH01000075.1_2       -            453 FAD_binding_2        PF00890.29   414   3.5e-06   24.2   0.0   1   1   2.3e-08   5.2e-06   23.6   0.0     1    34     5    38     5   104 0.82 GCA_001564135.1
NZ_JAJFAY010000005.1_294 -            417 FAD_binding_3        PF01494.24   349   2.4e-45  153.0   0.2   1   1   1.1e-47     3e-45  152.7   0.2     2   330    16   341    15   363 0.85 GCF_021083305.1
QNGA01000001.1_1459      -            419 FAD_binding_3        PF01494.24   349   2.7e-43  146.3   1.1   1   1   5.3e-45   1.4e-42  143.9   1.1     2   346     8   354     7   357 0.86 GCA_003298465.1
NZ_LWHG01000011.1_63     -            404 FAD_binding_3        PF01494.24   349   5.2e-28   96.0   0.1   1   1   2.7e-30     7e-28   95.6   0.1     2   346    27   359    26   362 0.85 GCF_001625445.1
JAKBAE010000073.1_7      -            395 FAD_binding_3        PF01494.24   349   1.3e-13   48.6   0.0   1   1     9e-16   2.4e-13   47.8   0.0     4   320     6   317     3   345 0.78 GCA_021809325.1
NZ_JANHAU010000006.1_233 -            456 FAD_binding_3        PF01494.24   349   4.6e-10   37.0   0.1   1   1   9.7e-12   2.6e-09   34.5   0.1     6   319    22   355    18   361 0.73 GCF_024464185.1
NZ_CP058335.1_3815       -            459 FAD_binding_3        PF01494.24   349   1.8e-09   35.0   2.4   1   1   5.5e-11   1.4e-08   32.0   2.4     2   161     4   169     3   178 0.83 GCF_013391105.1
NZ_LWHG01000021.1_300    -            197 FAD_binding_3        PF01494.24   349   2.8e-07   27.8   0.5   1   1   1.5e-09   3.9e-07   27.3   0.5     2    35     2    35     1    45 0.91 GCF_001625445.1
NZ_ML974127.1_1523       -            404 FAD_binding_3        PF01494.24   349   1.4e-06   25.6   1.4   1   1   4.3e-08   1.1e-05   22.5   1.4     2   337     5   326     4   332 0.69 GCF_004765815.2
NZ_MWLL01000155.1_45     -            472 FAD_binding_3        PF01494.24   349   4.4e-06   23.9   2.3   1   1   2.6e-08   6.8e-06   23.3   2.3     2    44    35    77    34    80 0.88 GCF_002198675.1
NZ_RKLT01000001.1_961 -           1035 FAD_binding_4        PF01565.28   139     2e-42  141.9   0.3   1   1   5.7e-45   5.3e-42  140.6   0.3     3   138    67   202    65   203 0.98 GCF_019599505.1
NZ_CP085337.1_318     -            548 FAD_binding_4        PF01565.28   139   5.1e-40  134.1   0.1   1   1   9.4e-43   8.7e-40  133.4   0.1     1   138   102   240   102   241 0.98 GCF_020618475.1
REGH01000017.1_14     -            482 FAD_binding_4        PF01565.28   139   8.8e-33  110.7   0.0   1   1   2.1e-35   1.9e-32  109.6   0.0     1   134    37   166    37   170 0.95 GCA_003702495.1
NZ_CP100756.1_1072    -            558 FAD_binding_4        PF01565.28   139   2.3e-29   99.7   0.1   1   1     5e-32   4.6e-29   98.7   0.1     1   135   111   254   111   257 0.95 GCF_024266705.1
PXSA01000002.1_64    -            207 FAD_binding_6        PF00970.29    99   9.7e-15   52.5   0.0   1   1   3.8e-18   1.4e-14   52.0   0.0     2    99     6    99     4    99 0.89 GCA_003023565.1
NZ_CP017922.1_666    -            542 FAD_binding_7        PF03441.19   203   6.8e-74  245.4   1.6   1   1   3.6e-77   1.3e-73  244.5   1.6     2   199   327   538   326   541 0.90 GCF_001870125.1
LKNH01000075.1_2     -            453 FAD_oxidored         PF12831.12   416   4.9e-09   33.7   0.0   1   1     4e-12   4.9e-09   33.7   0.0     1   140     5   163     5   168 0.74 GCA_001564135.1
NZ_MWLL01000206.1_4  -            405 FAD_oxidored         PF12831.12   416   1.2e-08   32.4   5.7   1   1   9.6e-12   1.2e-08   32.4   5.7     1    38    90   126    90   169 0.76 GCF_002198675.1
NZ_ML974127.1_1523   -            404 FAD_oxidored         PF12831.12   416   2.2e-08   31.5   0.1   1   1     8e-11   9.8e-08   29.4   0.1     1   150     6   157     6   160 0.70 GCF_004765815.2
NZ_LIGX01000017.1_17 -            311 FAD_syn              PF06574.17   158   2.6e-35  119.3   0.0   1   1   9.5e-39   3.5e-35  118.9   0.0     4   157    13   165    10   166 0.93 GCF_001683795.1
NZ_WUUT01000001.1_868 -            280 FBPase               PF00316.25   191   5.6e-23   79.3   0.0   1   1   2.9e-26   1.1e-22   78.3   0.0    54   179    32   142    10   148 0.91 GCF_009831575.1
JAATVT010000111.1_2  -            415 FBPase_3             PF01950.21   361  3.7e-154  510.9   0.0   1   1  1.2e-157  4.3e-154  510.7   0.0     1   361     2   361     2   361 0.99 GCA_014523685.1
NZ_WUUT01000001.1_868 -            280 FBPase_C             PF18913.5    127   3.4e-38  128.1   0.0   1   1   1.3e-41   4.9e-38  127.6   0.0     2   126   157   279   156   280 0.97 GCF_009831575.1
JAJXYX010000059.1_4  -            213 FCD                  PF07729.17   125     5e-17   60.3   1.0   1   1   2.1e-20   7.6e-17   59.7   1.0     3   114    84   195    82   203 0.95 GCA_021780355.1
NZ_QPII01000001.1_144     -            387 Fe-ADH               PF00465.24   363  1.8e-117  390.0   0.1   1   1  2.2e-120    2e-117  389.8   0.1     2   362    14   378    13   379 0.98 GCF_003336675.1
NZ_CP100454.1_3535        -            421 Fe-ADH               PF00465.24   363   9.1e-64  213.3   0.7   1   2   1.1e-29   9.8e-27   91.5   0.3     1   151    14   170    14   184 0.90 GCF_024228315.1
NZ_CP100454.1_3535        -            421 Fe-ADH               PF00465.24   363   9.1e-64  213.3   0.7   2   2   1.4e-38   1.3e-35  120.7   0.0   152   355   194   403   171   409 0.92 GCF_024228315.1
NZ_JAJCVJ010000004.1_39   -            358 Fe-ADH               PF00465.24   363   8.9e-56  187.0   6.3   1   1   1.1e-58     1e-55  186.8   6.3     2   363     9   344     8   344 0.89 GCF_020567425.1
NZ_JALLPK010000001.1_2648 -            349 Fe-ADH               PF00465.24   363   4.9e-24   82.6   6.3   1   1   2.5e-26   2.3e-23   80.4   6.3     1   342    11   318    11   336 0.77 GCF_023276375.1
NZ_JALLPK010000001.1_2648 -            349 Fe-ADH_2             PF13685.11   249   6.4e-62  207.2   4.4   1   1   1.4e-64     1e-61  206.6   4.4     1   249    15   270    15   270 0.89 GCF_023276375.1
NZ_JAJCVJ010000004.1_39   -            358 Fe-ADH_2             PF13685.11   249   3.8e-25   86.8   6.7   1   1   6.3e-28   4.7e-25   86.5   6.7    10   248    21   274    12   275 0.84 GCF_020567425.1
NZ_QPII01000001.1_144     -            387 Fe-ADH_2             PF13685.11   249   3.6e-17   60.6   5.9   1   1   2.9e-18   2.1e-15   54.8   5.9     2   236    18   275    17   283 0.83 GCF_003336675.1
CAJWBY010000248.1_2       -            354 Fe-ADH_2             PF13685.11   249     2e-10   38.6   0.5   1   1   1.5e-12   1.1e-09   36.1   0.5     3   161    18   184    16   267 0.77 GCA_913020705.1
NZ_CP100454.1_3535        -            421 Fe-ADH_2             PF13685.11   249   3.1e-10   37.9   1.3   1   1     3e-12   2.2e-09   35.1   0.2     2    99    19   117    18   120 0.88 GCF_024228315.1
NZ_QPII01000017.1_24 -            108 Fe-S_biosyn          PF01521.25   110   1.1e-21   74.9   0.0   1   1   3.2e-25   1.2e-21   74.8   0.0     2   110     3   104     2   104 0.97 GCF_003336675.1
NZ_QPII01000016.1_99    -            334 FecCD                PF01032.23   311   1.2e-92  308.0  35.3   1   1     8e-96   1.5e-92  307.7  35.3     2   311    19   329    17   329 0.98 GCF_003336675.1
NZ_JADDKQ010000027.1_30 -            279 FecCD                PF01032.23   311     5e-08   30.1  24.9   1   1   2.7e-11     5e-08   30.1  24.9   104   285    64   245    44   263 0.82 GCF_016464425.1
NZ_JAALLS010000004.1_159 -            218 FeoA                 PF04023.19    74   3.2e-22   76.2   0.1   1   1   1.2e-23   4.5e-20   69.3   0.1     2    73   145   216   144   217 0.96 GCF_011059105.1
JAFEGL010000003.1_108 -            458 FeoB_N               PF02421.23   156   1.2e-11   42.1   0.0   1   1   1.2e-14   2.2e-11   41.3   0.0     3    92   228   318   226   354 0.83 GCA_018239895.1
SZNP01000010.1_142    -            123 Fer2                 PF00111.32    77   3.8e-18   63.0   0.1   1   1   7.5e-21   6.9e-18   62.2   0.1     4    76    29   101    27   102 0.94 GCA_005239435.1
NZ_CP044130.1_67      -            672 Fer2                 PF00111.32    77   1.4e-14   51.6   1.1   1   1   4.4e-17   4.1e-14   50.1   1.1     9    73   583   647   579   651 0.93 GCF_009617995.1
NZ_CP084470.1_375     -            152 Fer2                 PF00111.32    77     8e-12   42.7   1.0   1   1   1.2e-14   1.1e-11   42.2   0.7     9    77    63   131    55   131 0.90 GCF_020405205.1
NZ_FOTC01000007.1_172 -            118 Fer2                 PF00111.32    77   2.9e-08   31.3   0.3   1   1     1e-10   9.5e-08   29.7   0.3     2    76    21    99    20   100 0.71 GCF_900114455.1
AOLX01000027.1_120        -            153 Fer4                 PF00037.32    24   9.4e-14   48.4   8.7   1   2   9.5e-09   5.8e-06   23.7   0.5     2    23    41    62    40    63 0.92 GCA_000336895.1
AOLX01000027.1_120        -            153 Fer4                 PF00037.32    24   9.4e-14   48.4   8.7   2   2   2.8e-10   1.7e-07   28.5   2.4     7    23    81    97    78    98 0.94 GCA_000336895.1
NZ_JALLGW010000001.1_1115 -            731 Fer4                 PF00037.32    24   9.5e-11   38.9  13.1   1   1     7e-09   4.3e-06   24.1   1.8     3    22   300   319   299   320 0.92 GCF_023074835.1
JAANXA010000050.1_14      -            162 Fer4                 PF00037.32    24   1.5e-10   38.3   9.1   1   1   2.9e-09   1.8e-06   25.3   2.4     3    24   126   147   125   147 0.90 GCA_018263505.1
NZ_PHNJ01000002.1_441     -            584 Fer4                 PF00037.32    24   7.9e-10   36.0  18.0   1   1     2e-10   1.2e-07   29.0   4.2     2    23   211   232   210   233 0.93 GCF_008122205.1
JAFGCY010000084.1_27      -            290 Fer4                 PF00037.32    24   8.8e-09   32.7  33.3   1   1   1.6e-10     1e-07   29.3   2.5     1    23   112   134   112   135 0.92 GCA_016932385.1
NZ_JALLGW010000001.1_1115 -            731 Fer4_10              PF13237.11    53   7.4e-09   33.2  12.3   1   1   2.8e-11   1.7e-08   32.1  10.8     2    53   298   378   297   378 0.85 GCF_023074835.1
NZ_PHNJ01000002.1_441     -            584 Fer4_10              PF13237.11    53   1.5e-08   32.2   9.2   1   1   2.5e-11   1.5e-08   32.2   9.2     3    53   211   257   209   257 0.90 GCF_008122205.1
JAFGCY010000084.1_27      -            290 Fer4_10              PF13237.11    53     3e-08   31.3  32.0   1   1   1.9e-09   1.2e-06   26.2  11.3     3    53    81   130    79   130 0.93 GCA_016932385.1
JAANXA010000050.1_14      -            162 Fer4_10              PF13237.11    53     5e-08   30.5   5.2   1   1   2.1e-10   1.3e-07   29.2   5.3     4    53    66   142    63   142 0.96 GCA_018263505.1
AOLX01000027.1_120        -            153 Fer4_10              PF13237.11    53   3.4e-07   27.9  20.1   1   1   3.5e-09   2.1e-06   25.3  11.5     6    53    44    93    41    93 0.88 GCA_000336895.1
JAFGCY010000084.1_27 -            290 Fer4_11              PF13247.11   100   9.7e-21   71.6  12.6   1   1   5.2e-24   9.7e-21   71.6  12.6     2   100    79   184    78   184 0.87 GCA_016932385.1
NZ_KB913017.1_2090   -            287 Fer4_11              PF13247.11   100   2.6e-18   63.8  16.0   1   1   1.9e-18   3.5e-15   53.8   3.1     3    64    51   111    49   116 0.94 GCF_000383975.1
LFEZ01000013.1_15    -            226 Fer4_12              PF13353.11   137     2e-09   35.6   0.0   1   1   1.9e-12   3.4e-09   34.9   0.0     2    79    11    96    10   123 0.77 GCA_001510295.1
NZ_CP072036.1_899    -            415 Fer4_12              PF13353.11   137   6.4e-09   34.0   0.0   1   1   6.5e-12   1.2e-08   33.1   0.0    12   115    54   155    44   175 0.76 GCF_018847375.1
VHBH01000001.1_103   -            222 Fer4_13              PF13370.11    58   1.7e-10   39.2   2.6   1   1   1.1e-13   4.1e-10   38.0   2.6     1    58   152   210   152   210 0.85 GCA_016872055.1
NZ_RKLT01000001.1_961     -           1035 Fer4_17              PF13534.11    61   1.4e-08   33.0   2.9   1   1   2.7e-11   3.3e-08   31.8   2.9     2    61   624   702   611   702 0.88 GCF_019599505.1
NZ_JALLGW010000001.1_1115 -            731 Fer4_17              PF13534.11    61   3.6e-06   25.2   7.6   1   1   2.9e-09   3.6e-06   25.2   7.6     1    60   304   381   304   382 0.78 GCF_023074835.1
NZ_JALLGW010000001.1_1115 -            731 Fer4_2               PF12797.12    22   1.9e-08   31.5  18.7   1   1   3.9e-09   2.9e-06   24.7   2.7     1    22   296   317   296   317 0.95 GCF_023074835.1
JAFGCY010000084.1_27      -            290 Fer4_2               PF12797.12    22     8e-07   26.5   3.3   1   1   1.1e-09     8e-07   26.5   3.3     2    22   111   131   110   131 0.93 GCA_016932385.1
NZ_PHNJ01000002.1_441     -            584 Fer4_2               PF12797.12    22   8.3e-07   26.4  12.9   1   1   4.5e-09   3.3e-06   24.5   3.5     4    22   211   229   208   229 0.93 GCF_008122205.1
NZ_PHNJ01000002.1_441 -            584 Fer4_21              PF14697.11    59   1.4e-10   39.0   6.2   1   1   7.4e-14   1.4e-10   39.0   6.2     1    52   210   257   210   261 0.89 GCF_008122205.1
AOLX01000027.1_120    -            153 Fer4_21              PF14697.11    59   3.9e-10   37.5   7.9   1   1   3.1e-13   5.7e-10   37.0   7.9     5    57    44    97    41    99 0.82 GCA_000336895.1
NZ_SDIC01000012.1_36 -            397 Fer4_23              PF18009.6     82   2.9e-30  102.3   1.3   1   1     2e-33   7.3e-30  101.0   1.3     2    81   238   317   237   318 0.98 GCF_004116405.1
NZ_KB913017.1_2090    -            287 Fer4_6               PF12837.12    24     1e-12   45.1  36.1   1   1   7.7e-10   7.1e-07   26.7   2.9     2    23    84   105    83   106 0.91 GCF_000383975.1
NZ_PHNJ01000002.1_441 -            584 Fer4_6               PF12837.12    24   1.7e-06   25.5   3.4   1   1   1.8e-09   1.7e-06   25.5   3.4     3    22   211   230   210   232 0.90 GCF_008122205.1
JAFGCY010000084.1_27  -            290 Fer4_6               PF12837.12    24   2.4e-06   25.0   4.8   1   1   2.6e-09   2.4e-06   25.0   4.8     2    24   112   134   111   134 0.94 GCA_016932385.1
AOLX01000027.1_120    -            153 Fer4_7               PF12838.12    52   5.1e-12   43.8  10.7   1   1   1.1e-14   8.2e-12   43.2  10.7     1    52    46    96    46    96 0.94 GCA_000336895.1
JAFGCY010000084.1_27  -            290 Fer4_7               PF12838.12    52   2.7e-10   38.3  27.7   1   1   1.1e-09   8.2e-07   27.2  14.8     1    52    86   133    86   133 0.91 GCA_016932385.1
NZ_JALLGW010000001.1_1115 -            731 Fer4_8               PF13183.11    68   9.3e-10   36.7   7.9   1   1   1.7e-12   1.6e-09   36.0   5.7     3    68   303   381   301   381 0.68 GCF_023074835.1
NZ_RKLT01000001.1_961     -           1035 Fer4_8               PF13183.11    68   2.1e-09   35.6   4.9   1   1     6e-12   5.6e-09   34.2   4.9     2    68   621   701   620   701 0.83 GCF_019599505.1
AOLX01000027.1_120        -            153 Fer4_9               PF13187.11    52   6.4e-10   36.7   8.7   1   1   1.7e-12     1e-09   36.1   8.7     1    52    46    97    33    97 0.94 GCA_000336895.1
NZ_JALLGW010000001.1_1115 -            731 Fer4_9               PF13187.11    52   7.4e-10   36.5   8.5   1   1   1.9e-12   1.2e-09   35.8   5.8     1    50   304   380   304   381 0.97 GCF_023074835.1
NZ_FOTC01000002.1_400 -            414 Fer4_NifH            PF00142.23   271   6.1e-11   40.0   0.0   1   1   5.9e-13   1.1e-09   35.9   0.0     7   256    12   247     6   254 0.78 GCF_900114455.1
NC_017941.2_2572     -             80 Ferredoxin_N         PF16947.10    65   2.3e-34  115.0   1.1   1   1   7.4e-38   2.7e-34  114.8   1.1     2    64    11    72    10    73 0.97 GCF_000306765.2
JAATVR010000510.1_11 -            217 Ferritin             PF00210.29   142   1.4e-23   81.1   0.0   1   1   5.3e-27     2e-23   80.7   0.0     4   138    52   191    49   193 0.93 GCA_014523665.1
NZ_LOPU01000018.1_153 -            285 FeS_assembly_P       PF01883.24    73   2.1e-14   51.4   0.0   1   1   1.2e-17   4.3e-14   50.3   0.0     3    71    28   103    26   105 0.95 GCF_001469955.1
NC_010085.1_1229         -            160 Fe_dep_repress       PF01325.24    60   1.9e-22   77.0   0.1   1   1   2.5e-25   3.1e-22   76.3   0.1     2    60    30    88    29    88 0.98 GCF_000018465.1
NZ_JAALLS010000004.1_159 -            218 Fe_dep_repress       PF01325.24    60   2.6e-22   76.5   0.8   1   1     4e-25   4.9e-22   75.7   0.8     2    60     3    61     2    61 0.98 GCF_011059105.1
NZ_CP085338.1_446        -            141 Fe_dep_repress       PF01325.24    60   1.7e-15   54.8   0.0   1   1   2.1e-18   2.6e-15   54.2   0.0     4    60     2    59     1    59 0.97 GCF_020618475.1
NZ_JAALLS010000004.1_159 -            218 Fe_dep_repr_C        PF02742.20    70   1.5e-32  109.2   1.2   1   1     3e-35   3.7e-32  107.9   1.2     1    70    64   133    64   133 0.99 GCF_011059105.1
NC_010085.1_1229         -            160 Fe_dep_repr_C        PF02742.20    70   3.4e-14   50.4   0.0   1   1     5e-17   6.1e-14   49.6   0.0     1    64    91   153    91   155 0.98 GCF_000018465.1
NZ_CP085338.1_446        -            141 Fe_dep_repr_C        PF02742.20    70   1.3e-09   35.7   0.0   1   1   1.8e-12   2.2e-09   35.0   0.0     1    64    62   123    62   125 0.97 GCF_020618475.1
NZ_CP100000.1_1072      -            901 FG-GAP               PF01839.28    37   1.5e-40  134.3  96.6   1   5   1.2e-10   1.1e-07   29.3   4.3     7    36   120   150   113   151 0.90 GCF_024138165.1
NZ_CP100000.1_1072      -            901 FG-GAP               PF01839.28    37   1.5e-40  134.3  96.6   2   5   7.6e-14     7e-11   39.6  12.1     1    37   178   215   178   215 0.96 GCF_024138165.1
NZ_CP100000.1_1072      -            901 FG-GAP               PF01839.28    37   1.5e-40  134.3  96.6   3   5   9.9e-11   9.1e-08   29.6  10.0     6    37   387   419   383   419 0.94 GCF_024138165.1
NZ_CP100000.1_1072      -            901 FG-GAP               PF01839.28    37   1.5e-40  134.3  96.6   4   5   2.1e-08     2e-05   22.2   3.8     3    36   451   486   449   487 0.92 GCF_024138165.1
NZ_CP100000.1_1072      -            901 FG-GAP               PF01839.28    37   1.5e-40  134.3  96.6   5   5   4.8e-09   4.4e-06   24.2   8.6     6    36   520   551   515   552 0.92 GCF_024138165.1
NZ_CP031310.1_1334   -            444 FG-GAP_2             PF14312.11    49   1.1e-84  276.2  53.4   1   5   2.9e-17   5.3e-14   49.9   3.5     1    49   105   158   105   158 0.89 GCF_004799665.1
NZ_CP031310.1_1334   -            444 FG-GAP_2             PF14312.11    49   1.1e-84  276.2  53.4   2   5   4.8e-20   8.9e-17   58.8   1.4     1    49   165   214   165   214 0.98 GCF_004799665.1
NZ_CP031310.1_1334   -            444 FG-GAP_2             PF14312.11    49   1.1e-84  276.2  53.4   3   5   1.2e-22   2.2e-19   67.2   0.4     1    49   221   271   221   271 0.99 GCF_004799665.1
NZ_CP031310.1_1334   -            444 FG-GAP_2             PF14312.11    49   1.1e-84  276.2  53.4   4   5   3.2e-18   5.8e-15   53.0   1.6     1    49   278   331   278   331 0.92 GCF_004799665.1
NZ_CP031310.1_1334   -            444 FG-GAP_2             PF14312.11    49   1.1e-84  276.2  53.4   5   5   4.4e-15   8.1e-12   42.9   1.4     1    49   338   387   338   387 0.91 GCF_004799665.1
NZ_CP100459.1_41        -            381 FG-GAP_3             PF13517.11    61   1.7e-32  109.6  23.3   1   4   4.3e-13   3.9e-10   38.0   2.4     1    60    99   161    99   162 0.74 GCF_024228315.1
NZ_CP100459.1_41        -            381 FG-GAP_3             PF13517.11    61   1.7e-32  109.6  23.3   2   4   4.7e-10   4.3e-07   28.2   1.9     1    60   151   215   151   216 0.85 GCF_024228315.1
NZ_CP100459.1_41        -            381 FG-GAP_3             PF13517.11    61   1.7e-32  109.6  23.3   3   4   1.7e-11   1.5e-08   32.9   1.7     1    61   247   311   247   311 0.80 GCF_024228315.1
NZ_CP100459.1_41        -            381 FG-GAP_3             PF13517.11    61   1.7e-32  109.6  23.3   4   4     1e-13   9.5e-11   39.9   0.3     1    60   300   363   300   364 0.87 GCF_024228315.1
NZ_JADDKQ010000016.1_27 -            392 FG-GAP_3             PF13517.11    61   4.3e-15   53.8  49.9   1   1   6.7e-10   6.2e-07   27.7   3.1     1    60   271   339   271   340 0.79 GCF_016464425.1
NZ_CP011070.1_1283   -            679 FGAR-AT_linker       PF18072.6     50   1.7e-11   42.2   0.4   1   1     1e-14   3.8e-11   41.1   0.4    10    50     1    38     1    38 0.94 GCF_000956175.1
NZ_CP072036.1_2477   -            342 FGE-sulfatase        PF03781.21   255   2.6e-24   84.0   0.0   1   1   1.6e-27     6e-24   82.8   0.0    28   254    83   294    73   295 0.76 GCF_018847375.1
NZ_WUUT01000001.1_669 -            511 FGGY_C               PF02782.21   198   1.1e-47  160.2   0.6   1   1   5.4e-51     2e-47  159.3   0.6     2   197   271   459   270   460 0.92 GCF_009831575.1
NZ_WUUT01000001.1_669 -            511 FGGY_N               PF00370.26   245   7.9e-73  242.8   0.0   1   1     3e-76   1.1e-72  242.3   0.0     1   245     5   261     5   261 0.95 GCF_009831575.1
NZ_LIGX01000018.1_54 -            373 Fic                  PF02661.23    93   3.2e-20   70.5   0.0   1   1   4.9e-23   1.8e-19   68.1   0.0     2    93   111   215   110   215 0.96 GCF_001683795.1
NZ_LIGX01000018.1_54 -            373 Fic_N                PF13784.11    82   1.5e-22   77.2   0.0   1   1   7.4e-26   2.7e-22   76.4   0.0     4    80    24   102    21   104 0.94 GCF_001683795.1
CP046181.1_1979      -             50 Fis1_TPR_C           PF14853.11    53   1.5e-06   26.0   0.8   1   1   1.7e-09   1.6e-06   26.0   0.8    11    50     8    47     4    49 0.95 GCA_014075315.1
JAKBAE010000069.1_6  -            139 FKBP_C               PF00254.33    94   7.7e-13   46.4   0.0   1   1   2.6e-16   9.6e-13   46.1   0.0     5    73     2    69     1   136 0.81 GCA_021809325.1
JAFEGH010000007.1_332 -            178 Flavin_Reduct        PF01613.23   153   1.1e-32  111.1   0.0   1   1   3.8e-36   1.4e-32  110.7   0.0     6   145    18   158    14   163 0.93 GCA_018240065.1
NZ_JAKUHT010000012.1_296 -            182 Flavodoxin_2         PF02525.22   198   3.1e-08   31.3   0.0   1   1     1e-11   3.8e-08   31.0   0.0     4   177     6   148     3   172 0.62 GCF_022436705.1
NZ_LIGX01000017.1_17 -            311 Flavokinase          PF01687.22   124   9.8e-42  139.9   0.0   1   1   3.9e-45   1.4e-41  139.3   0.0     1   124   183   306   183   306 0.96 GCF_001683795.1
NZ_QURE01000026.1_4  -            199 Flavoprotein         PF02441.24   162   1.2e-46  156.0   0.0   1   1   7.5e-50   1.4e-46  155.8   0.0     1   162    14   185    14   185 0.92 GCF_009898475.1
NZ_MWLL01000129.1_23 -            413 Flavoprotein         PF02441.24   162     7e-27   91.8   0.2   1   1   8.6e-30   1.6e-26   90.6   0.0     7   159     1   164     1   167 0.92 GCF_002198675.1
NZ_RKSM01000003.1_57 -            434 FmdA_AmdA            PF03069.20   373  2.4e-165  547.7   0.0   1   1  1.5e-168  2.7e-165  547.5   0.0     2   373    18   409    17   409 0.98 GCF_008729015.1
NZ_MWLL01000214.1_11 -            308 FmdA_AmdA            PF03069.20   373   9.8e-36  121.2   0.9   1   2   2.3e-16   4.2e-13   46.7   0.0    19   157    18   146     4   153 0.83 GCF_002198675.1
NZ_MWLL01000214.1_11 -            308 FmdA_AmdA            PF03069.20   373   9.8e-36  121.2   0.9   2   2   3.1e-24   5.7e-21   72.6   0.6   201   362   148   290   143   298 0.86 GCF_002198675.1
NZ_JAKUHT010000012.1_296 -            182 FMN_red              PF03358.20   152   2.8e-35  118.9   0.0   1   1   2.1e-38   3.8e-35  118.4   0.0     2   146     4   147     3   151 0.96 GCF_022436705.1
NZ_JAAAJC010000012.1_8   -            197 FMN_red              PF03358.20   152   2.7e-26   89.7   0.0   1   1   1.8e-29   3.3e-26   89.4   0.0     2   149    22   160    21   163 0.93 GCF_009900715.1
LDXL01000008.1_195   -            939 fn3                  PF00041.26    84   3.3e-81  265.3  40.9   1   6   6.7e-17   4.1e-14   50.3   0.5     2    80    53   139    52   143 0.89 GCA_001443365.1
LDXL01000008.1_195   -            939 fn3                  PF00041.26    84   3.3e-81  265.3  40.9   2   6   2.6e-17   1.6e-14   51.7   2.9     2    83   158   247   157   248 0.90 GCA_001443365.1
LDXL01000008.1_195   -            939 fn3                  PF00041.26    84   3.3e-81  265.3  40.9   3   6   2.4e-16   1.5e-13   48.5   3.2     2    81   264   348   263   351 0.87 GCA_001443365.1
LDXL01000008.1_195   -            939 fn3                  PF00041.26    84   3.3e-81  265.3  40.9   4   6     1e-16   6.2e-14   49.8   0.1     3    83   358   446   357   447 0.90 GCA_001443365.1
LDXL01000008.1_195   -            939 fn3                  PF00041.26    84   3.3e-81  265.3  40.9   5   6   1.1e-13   6.9e-11   40.0   1.4     2    82   463   551   462   553 0.92 GCA_001443365.1
LDXL01000008.1_195   -            939 fn3                  PF00041.26    84   3.3e-81  265.3  40.9   6   6   1.8e-16   1.1e-13   49.0   0.7     2    75   569   648   567   657 0.85 GCA_001443365.1
NZ_CP011097.1_832    -            815 fn3                  PF00041.26    84   1.3e-75  247.4  46.9   1   6   8.4e-16   5.2e-13   46.8   4.0     1    83    36   123    36   124 0.87 GCF_000955905.1
NZ_CP011097.1_832    -            815 fn3                  PF00041.26    84   1.3e-75  247.4  46.9   2   6     8e-15   4.9e-12   43.7   2.1     2    82   136   225   135   227 0.87 GCF_000955905.1
NZ_CP011097.1_832    -            815 fn3                  PF00041.26    84   1.3e-75  247.4  46.9   3   6   5.2e-16   3.2e-13   47.5   2.6     2    82   239   327   235   329 0.87 GCF_000955905.1
NZ_CP011097.1_832    -            815 fn3                  PF00041.26    84   1.3e-75  247.4  46.9   4   6   8.7e-16   5.4e-13   46.8   0.8     2    82   341   429   340   431 0.90 GCF_000955905.1
NZ_CP011097.1_832    -            815 fn3                  PF00041.26    84   1.3e-75  247.4  46.9   5   6   9.1e-19   5.6e-16   56.3   0.8     2    82   447   535   446   537 0.88 GCF_000955905.1
NZ_CP011097.1_832    -            815 fn3                  PF00041.26    84   1.3e-75  247.4  46.9   6   6   7.8e-12   4.8e-09   34.1   1.0     6    83   546   629   542   630 0.89 GCF_000955905.1
NZ_CP024808.1_360    -            610 fn3                  PF00041.26    84   9.1e-54  177.4  31.2   1   4   3.7e-18   2.3e-15   54.4   5.0     1    83    31   121    31   122 0.91 GCF_002787055.1
NZ_CP024808.1_360    -            610 fn3                  PF00041.26    84   9.1e-54  177.4  31.2   2   4   2.6e-18   1.6e-15   54.9   1.7     2    82   134   222   133   224 0.89 GCF_002787055.1
NZ_CP024808.1_360    -            610 fn3                  PF00041.26    84   9.1e-54  177.4  31.2   3   4     1e-18   6.1e-16   56.2   1.2     1    82   239   328   239   330 0.89 GCF_002787055.1
NZ_CP024808.1_360    -            610 fn3                  PF00041.26    84   9.1e-54  177.4  31.2   4   4   3.7e-10   2.2e-07   28.7   1.3    10    83   343   423   338   424 0.87 GCF_002787055.1
JAKAJY010000132.1_3  -            634 fn3                  PF00041.26    84     9e-44  145.4  31.8   1   4   1.9e-12   1.2e-09   36.1   0.2    18    83     2    75     1    76 0.85 GCA_021824845.1
JAKAJY010000132.1_3  -            634 fn3                  PF00041.26    84     9e-44  145.4  31.8   2   4     4e-13   2.5e-10   38.2   3.4     6    82    84   167    80   169 0.87 GCA_021824845.1
JAKAJY010000132.1_3  -            634 fn3                  PF00041.26    84     9e-44  145.4  31.8   3   4   1.3e-15     8e-13   46.2   4.9     2    83   189   276   188   277 0.89 GCA_021824845.1
JAKAJY010000132.1_3  -            634 fn3                  PF00041.26    84     9e-44  145.4  31.8   4   4   6.9e-14   4.3e-11   40.7   2.4     3    82   296   380   292   382 0.89 GCA_021824845.1
BGOU01000010.1_43    -           1102 fn3                  PF00041.26    84   1.5e-26   90.2  22.0   1   2   1.7e-17   1.1e-14   52.2   1.3     1    83    72   162    72   163 0.91 GCA_003569705.1
BGOU01000010.1_43    -           1102 fn3                  PF00041.26    84   1.5e-26   90.2  22.0   2   2   1.1e-16   6.7e-14   49.7   2.2     1    81   172   260   172   263 0.91 GCA_003569705.1
REGK01000001.1_1     -            299 fn3                  PF00041.26    84   1.9e-10   38.6   0.1   1   1   5.9e-13   3.6e-10   37.7   0.1     3    82    34   119    32   121 0.86 GCA_003702545.1
NZ_CP084469.1_3402   -            739 Fn3-like             PF14310.11    71   1.9e-15   54.5   0.0   1   1   1.5e-18   5.5e-15   53.1   0.0     3    68   660   724   658   727 0.94 GCF_020405205.1
CAJWBY010000090.1_13     -            223 Formyl_trans_N       PF00551.24   181   9.3e-71  235.1   0.2   1   1   1.2e-73   1.1e-70  234.9   0.2     2   181    14   193    13   193 0.99 GCA_913020705.1
NZ_JAJFAY010000002.1_406 -            317 Formyl_trans_N       PF00551.24   181   1.2e-38  130.4   0.0   1   1   1.9e-41   1.8e-38  129.9   0.0     2   181    91   263    90   263 0.93 GCF_021083305.1
PXRX01000013.1_41        -            568 Formyl_trans_N       PF00551.24   181   4.7e-35  118.7   0.0   1   1     3e-37   2.7e-34  116.2   0.0     2   181     3   189     2   189 0.86 GCA_003023195.1
NZ_ML974131.1_630        -            268 Formyl_trans_N       PF00551.24   181   9.6e-09   33.0   0.0   1   1   1.6e-11   1.5e-08   32.3   0.0    84   174   128   217   110   223 0.89 GCF_004143485.2
NZ_LOPW02000010.1_851 -            603 Form_Nir_trans       PF01226.22   240   5.6e-51  171.0  19.6   1   1   1.9e-54   7.1e-51  170.6  19.6     1   240    39   275    39   275 0.94 GCF_001469875.2
NZ_CP095487.1_930        -            164 FR47                 PF08445.15    86   3.6e-11   40.7   0.0   1   1   1.2e-13   7.4e-11   39.7   0.0    11    82    70   142    59   146 0.87 GCF_023028345.1
NZ_JALLPK010000001.1_665 -            160 FR47                 PF08445.15    86     9e-11   39.4   0.0   1   1   2.9e-13   1.8e-10   38.5   0.0     7    80    58   127    54   133 0.88 GCF_023276375.1
NZ_JALIQP010000001.1_255 -            168 FR47                 PF08445.15    86   3.2e-10   37.7   0.0   1   1   8.8e-13   5.4e-10   36.9   0.0    20    79    85   145    79   149 0.89 GCF_023566055.1
LKNH01000095.1_4         -            160 FR47                 PF08445.15    86   2.9e-08   31.4   0.0   1   1   8.9e-11   5.5e-08   30.5   0.0    23    80    88   146    78   154 0.87 GCA_001564135.1
NZ_CP100454.1_986        -            158 FR47                 PF08445.15    86   6.4e-06   23.9   0.0   1   1   1.6e-08   9.8e-06   23.3   0.0    11    81    64   133    57   137 0.86 GCF_024228315.1
NZ_PHNJ01000002.1_441 -            584 FrhB_FdhB_C          PF04432.18   150   7.5e-34  114.5   0.0   1   1   4.4e-37   1.6e-33  113.4   0.0     4   137   380   523   378   534 0.91 GCF_008122205.1
NZ_PHNJ01000002.1_441 -            584 FrhB_FdhB_N          PF04422.18    78   1.8e-20   70.6   0.1   1   1   9.7e-24   3.6e-20   69.7   0.1     3    73   287   357   286   361 0.92 GCF_008122205.1
NZ_QURE01000033.1_2  -            435 FrsA-like            PF06500.16   414   2.6e-06   24.2   0.0   1   1   2.5e-09   9.1e-06   22.4   0.0   214   304   100   197    20   246 0.76 GCF_009898475.1
NZ_MWLL01000265.1_9  -            269 FtsJ                 PF01728.24   181   1.9e-41  139.8   0.0   1   1   1.9e-44   2.3e-41  139.4   0.0     1   180    63   248    63   249 0.95 GCF_002198675.1
JAHFTO010000009.1_12 -            283 FtsJ                 PF01728.24   181   3.3e-06   24.9   0.1   1   1   4.3e-09   5.3e-06   24.2   0.1    14    97    49   126    40   157 0.83 GCA_023269355.1
NZ_JALXFV010000004.1_76 -            412 FtsX                 PF02687.26   120   1.4e-21   74.6  11.3   1   1   7.5e-25   1.4e-21   74.6  11.3     3   120   293   405   291   405 0.98 GCF_023699475.1
JADDOQ010000026.1_27    -            413 FtsX                 PF02687.26   120   1.5e-15   55.1  18.5   1   1   7.9e-19   1.5e-15   55.1  18.5     2   103   305   409   304   413 0.84 GCA_016782315.1
NZ_QPII01000002.1_278 -            389 FtsZ_C               PF12327.13    95   3.9e-37  124.2   2.8   1   1   1.1e-40   3.9e-37  124.2   2.8     1    95   223   318   223   318 0.99 GCF_003336675.1
NZ_CP072036.1_2464   -            959 FucT_N               PF18025.6     91   2.5e-09   35.2   0.0   1   1   1.7e-12   6.3e-09   34.0   0.0     1    89     7   100     7   101 0.90 GCF_018847375.1
JADDOQ010000058.1_11 -            473 FumaraseC_C          PF10415.14    54   4.3e-21   72.9   0.1   1   1   1.2e-24   4.3e-21   72.9   0.1     1    54   417   470   417   470 0.98 GCA_016782315.1
JADKAQ010000016.1_68 -            476 F_bP_aldolase        PF01116.25   277   3.5e-14   50.7   0.0   1   1   1.4e-17   5.2e-14   50.2   0.0    12   245    86   377    84   409 0.72 GCA_016719105.1
NZ_WRXM01000005.1_100    -           1420 GAF                  PF01590.31   133   3.3e-29   99.8   1.8   1   2   1.4e-16   3.2e-14   51.3   0.1     1   133   856   995   856   995 0.87 GCF_010119205.1
NZ_WRXM01000005.1_100    -           1420 GAF                  PF01590.31   133   3.3e-29   99.8   1.8   2   2   8.9e-15     2e-12   45.5   0.0    52   133  1092  1176  1037  1176 0.82 GCF_010119205.1
NZ_AOLK01000011.1_212    -           1059 GAF                  PF01590.31   133   8.8e-22   75.8   0.5   1   1   1.3e-16   3.1e-14   51.4   0.1     1   133   362   501   362   501 0.83 GCF_000336755.1
NZ_JAAOIR010000004.1_215 -            763 GAF                  PF01590.31   133   7.3e-20   69.6   1.0   1   1   3.5e-16     8e-14   50.1   0.0     3   133   169   306   167   306 0.81 GCF_011440375.1
NZ_OBEJ01000001.1_888    -            706 GAF                  PF01590.31   133   4.5e-15   54.1   0.1   1   1   1.4e-11   3.3e-09   35.1   0.0    44   133   378   470   335   470 0.81 GCF_900215575.1
NZ_CP100000.1_3254       -            632 GAF                  PF01590.31   133   2.4e-13   48.5   0.4   1   1   1.8e-14   4.2e-12   44.5   0.2     1   133    28   166    28   166 0.86 GCF_024138165.1
NZ_CP095482.1_1929       -           1355 GAF                  PF01590.31   133   2.2e-12   45.4   5.8   1   1   5.3e-09   1.2e-06   26.8   0.2    54   133  1039  1121   977  1121 0.74 GCF_023028225.1
NZ_RKLT01000002.1_606    -           1116 GAF                  PF01590.31   133   4.4e-11   41.2   1.4   1   1   8.5e-08     2e-05   22.9   0.0    55   133   806   886   753   886 0.78 GCF_019599505.1
NZ_CP044523.1_2462       -            517 GAF                  PF01590.31   133   1.1e-09   36.7   0.1   1   1   1.3e-11     3e-09   35.3   0.1    48   133   261   352   176   352 0.76 GCF_008831545.1
NZ_JAMZIE010000002.1_583 -            667 GAF                  PF01590.31   133   1.4e-09   36.4   0.1   1   1   3.5e-11     8e-09   33.9   0.0    62   133    18    89     4    89 0.86 GCF_024178165.1
NZ_WUYX01000013.1_51     -            623 GAF                  PF01590.31   133   1.8e-07   29.5   0.1   1   1   4.8e-09   1.1e-06   27.0   0.0     3   133   285   408   283   408 0.80 GCF_009834785.1
NZ_PHNJ01000008.1_81     -            763 GAF                  PF01590.31   133   2.3e-07   29.2   0.2   1   1   2.8e-08   6.4e-06   24.5   0.0    56   133   449   528   383   528 0.67 GCF_008122205.1
NZ_FTNO01000002.1_63     -            743 GAF                  PF01590.31   133   9.6e-07   27.2   0.2   1   1   5.3e-08   1.2e-05   23.6   0.1     3   133   276   402   275   402 0.77 GCF_900156425.1
NZ_FNFE01000005.1_157    -            565 GAF                  PF01590.31   133   2.5e-06   25.8   0.4   1   1     6e-08   1.4e-05   23.4   0.4    57   132   231   336   176   337 0.66 GCF_900100335.1
NZ_CP095757.1_1147       -            754 GAF                  PF01590.31   133   5.5e-06   24.7   2.5   1   1   3.4e-08   7.7e-06   24.2   0.2     3   132   402   529   400   530 0.82 GCF_023093535.1
LKNH01000007.1_3         -            505 GAF                  PF01590.31   133   6.4e-06   24.5   0.1   1   1     8e-08   1.9e-05   23.0   0.1     7   132    30   160    25   161 0.75 GCA_001564135.1
NZ_OBEJ01000001.1_888    -            706 GAF_2                PF13185.11   136   3.6e-29   99.4   3.1   1   2   3.6e-14   8.8e-12   43.2   0.9     2   136   156   288   155   288 0.84 GCF_900215575.1
NZ_OBEJ01000001.1_888    -            706 GAF_2                PF13185.11   136   3.6e-29   99.4   3.1   2   2   4.7e-18   1.1e-15   55.7   0.0     2   135   331   470   330   471 0.86 GCF_900215575.1
NZ_WRXM01000005.1_100    -           1420 GAF_2                PF13185.11   136   2.1e-28   97.0   9.4   1   2   1.1e-09   2.6e-07   28.7   0.3     2   136   855   996   854   996 0.80 GCF_010119205.1
NZ_WRXM01000005.1_100    -           1420 GAF_2                PF13185.11   136   2.1e-28   97.0   9.4   2   2   4.6e-20   1.1e-17   62.2   0.1     2   135  1032  1176  1031  1177 0.85 GCF_010119205.1
NZ_RKLT01000002.1_606    -           1116 GAF_2                PF13185.11   136     1e-23   81.8   7.5   1   2   2.5e-13   6.1e-11   40.4   1.4     2   136   571   703   570   703 0.81 GCF_019599505.1
NZ_RKLT01000002.1_606    -           1116 GAF_2                PF13185.11   136     1e-23   81.8   7.5   2   2   2.7e-14   6.7e-12   43.5   0.5     4   135   748   886   745   887 0.83 GCF_019599505.1
NZ_CP095482.1_1929       -           1355 GAF_2                PF13185.11   136   1.4e-23   81.4  14.3   1   1   8.6e-18   2.1e-15   54.9   0.8     2   135   978  1121   977  1122 0.84 GCF_023028225.1
NZ_JAAOIR010000004.1_215 -            763 GAF_2                PF13185.11   136   1.4e-18   65.2  13.7   1   1   1.1e-12   2.8e-10   38.3   0.1     2   129   166   300   165   307 0.78 GCF_011440375.1
NZ_AOLK01000011.1_212    -           1059 GAF_2                PF13185.11   136   2.2e-17   61.3   9.7   1   1   9.9e-13   2.4e-10   38.5   0.3     2   136   361   502   360   502 0.90 GCF_000336755.1
NZ_WUYX01000013.1_51     -            623 GAF_2                PF13185.11   136   2.2e-15   54.8   3.8   1   1   2.4e-17     6e-15   53.4   0.1     4   136   284   409   282   409 0.81 GCF_009834785.1
NZ_CP095757.1_1147       -            754 GAF_2                PF13185.11   136   4.6e-15   53.8   2.2   1   1   1.9e-17   4.6e-15   53.8   2.2     2   136   399   531   398   531 0.87 GCF_023093535.1
NZ_CP044523.1_2462       -            517 GAF_2                PF13185.11   136   2.7e-14   51.3   0.8   1   1   3.1e-16   7.6e-14   49.8   0.8     2   135   206   352   205   353 0.74 GCF_008831545.1
NZ_FTNO01000002.1_63     -            743 GAF_2                PF13185.11   136   1.2e-12   45.9   1.2   1   1   1.6e-14     4e-12   44.3   0.2     3   135   274   402   272   403 0.86 GCF_900156425.1
NZ_JAMZIE010000002.1_582 -            817 GAF_2                PF13185.11   136   2.2e-12   45.1   3.6   1   1     2e-10     5e-08   31.0   0.6     3   135   473   598   471   599 0.81 GCF_024178165.1
NZ_CP100000.1_3254       -            632 GAF_2                PF13185.11   136   4.9e-10   37.5   0.7   1   1     8e-12     2e-09   35.6   0.3     2   136    27   167    26   167 0.81 GCF_024138165.1
NZ_PHNJ01000008.1_81     -            763 GAF_2                PF13185.11   136   1.7e-09   35.7   0.1   1   1   4.3e-11   1.1e-08   33.2   0.0    81   135   474   528   375   529 0.84 GCF_008122205.1
NZ_RKLT01000002.1_606    -           1116 GAF_3                PF13492.11   129   1.2e-14   52.6   2.0   1   1   1.8e-10   8.3e-08   30.5   0.3     5   129   576   704   572   704 0.82 GCF_019599505.1
NZ_CP044523.1_2462       -            517 GAF_3                PF13492.11   129   5.4e-10   37.6   0.0   1   1   3.6e-12   1.7e-09   35.9   0.0    64   127   286   352   259   354 0.77 GCF_008831545.1
NZ_CP100000.1_3254       -            632 GAF_3                PF13492.11   129   5.6e-08   31.0   0.0   1   1   4.2e-10   1.9e-07   29.3   0.0     1   128    28   167    28   168 0.83 GCF_024138165.1
NZ_CP072036.1_2468   -            751 Galactosyl_T         PF01762.26   195   1.6e-11   42.1   0.0   1   1   2.9e-13   1.1e-09   36.2   0.0     2   105    20   108    19   118 0.91 GCF_018847375.1
NZ_LIGX01000024.1_17 -            793 Gal_mutarotas_2      PF13802.11   184   1.9e-37  127.0   0.1   1   1   7.8e-41   2.9e-37  126.5   0.1     2   184    28   200    27   200 0.93 GCF_001683795.1
NZ_QPII01000005.1_220 -            922 GAP1-N1              PF20012.4    101   3.4e-19   66.8   0.0   1   1   1.9e-22     7e-19   65.8   0.0     2   100     5   105     4   106 0.96 GCF_003336675.1
PAAH01000032.1_11    -             88 Gar1                 PF04410.19    92   1.7e-10   38.3   0.0   1   1   5.1e-14   1.9e-10   38.2   0.0     2    81     2    72     1    82 0.77 GCA_002698885.1
JAHRAJ010000036.1_6  -            484 GARS_A               PF01071.24   194   8.1e-39  131.2   0.0   1   1     3e-42   1.1e-38  130.8   0.0     3   193   110   310   108   311 0.90 GCA_020027365.1
JAHRAJ010000036.1_6  -            484 GARS_N               PF02844.20   100   1.1e-17   62.3   0.1   1   1   6.1e-21   2.3e-17   61.4   0.1     2   100     5   107     4   107 0.85 GCA_020027365.1
NZ_PEND01000001.1_545 -            218 GATase               PF00117.33   190   7.3e-46  154.0   0.0   1   1   1.5e-48   9.1e-46  153.7   0.0     1   187     4   204     4   207 0.96 GCF_002844195.1
JALDAN010000027.1_7   -            521 GATase               PF00117.33   190   1.4e-38  130.2   0.0   1   1   5.4e-41   3.3e-38  129.0   0.0     3   188   302   517   300   519 0.91 GCA_022729355.1
NZ_CP072036.1_807     -            507 GATase               PF00117.33   190   2.3e-36  123.0   0.0   1   1   7.1e-39   4.3e-36  122.1   0.0     2   187     9   184     8   186 0.90 GCF_018847375.1
LKNH01000091.1_6      -            239 GATase               PF00117.33   190   2.8e-25   86.8   0.0   1   1   6.5e-28     4e-25   86.3   0.0    20   178    24   178    14   183 0.84 GCA_001564135.1
NZ_CP017922.1_2405    -            229 GATase               PF00117.33   190   4.5e-25   86.2   0.0   1   1   9.8e-28     6e-25   85.8   0.0    29   174    38   180    20   187 0.84 GCF_001870125.1
NZ_CP100355.1_2572    -            230 GATase               PF00117.33   190   3.3e-21   73.6   0.0   1   1   6.8e-24   4.2e-21   73.2   0.0    41   177    45   183    12   193 0.77 GCF_024204665.1
CAJWBY010000113.1_4  -           1485 GATase_2             PF00310.26   420  3.2e-173  574.0   0.0   1   1  1.2e-176  4.3e-173  573.6   0.0     1   420    12   424    12   424 0.99 GCA_913020705.1
JADFQH010000044.1_8      -            491 GATase_3             PF07685.19   196   3.4e-44  148.6   0.0   1   1   5.2e-47   4.8e-44  148.1   0.0     1   194   262   442   262   444 0.91 GCA_022561895.1
NZ_CP072036.1_2462       -            627 GATase_3             PF07685.19   196   9.2e-40  134.1   0.0   1   1   1.6e-42   1.5e-39  133.4   0.0     3   192   251   438   249   442 0.89 GCF_018847375.1
JAHEFU010000104.1_4      -            203 GATase_3             PF07685.19   196   1.7e-12   45.1   0.0   1   1   2.5e-15   2.3e-12   44.7   0.0    24   123    25   118    17   144 0.85 GCA_024645305.1
NZ_JAKUHT010000001.1_220 -            223 GATase_3             PF07685.19   196   5.9e-09   33.6   0.0   1   1     2e-11   1.9e-08   31.9   0.0    35    91    36    94     5   102 0.83 GCF_022436705.1
NZ_JAKUHT010000001.1_220 -            223 GATase_5             PF13507.11   260     4e-34  115.6   0.0   1   1     2e-37   7.2e-34  114.8   0.0     3   232     2   201     1   208 0.90 GCF_022436705.1
LIAL01000040.1_4     -            585 GATase_6             PF13522.11   130   1.6e-20   71.2   0.0   1   1   1.6e-23   2.9e-20   70.4   0.0    10   129    65   191    54   192 0.81 GCA_001437625.1
JAKBAE010000012.1_14 -            466 GATase_6             PF13522.11   130   2.2e-16   57.8   0.0   1   1   2.3e-19   4.2e-16   56.9   0.0     3   130    60   196    58   196 0.87 GCA_021809325.1
LIAL01000040.1_4     -            585 GATase_7             PF13537.11   123   1.5e-17   61.5   0.2   1   1   4.5e-20   8.2e-17   59.1   0.0     9   117    81   192    71   197 0.89 GCA_001437625.1
JAKBAE010000012.1_14 -            466 GATase_7             PF13537.11   123   1.9e-15   54.7   0.0   1   1   1.7e-18   3.2e-15   54.0   0.0     7   121    81   200    73   202 0.87 GCA_021809325.1
JAKCFM010000001.1_2490 -            492 GatB_N               PF02934.20   277  1.4e-105  350.2   0.0   1   1  5.9e-109  2.2e-105  349.5   0.0     2   271    13   304    12   309 0.93 GCA_025041195.1
JAKCFM010000001.1_2490 -            492 GatB_Yqey            PF02637.23   148   1.4e-36  123.3   0.0   1   1   5.9e-40   2.2e-36  122.7   0.0     1   148   346   490   346   490 0.96 GCA_025041195.1
JADKAQ010000003.1_250 -            103 GatC                 PF02686.20    66   7.8e-10   36.6   0.0   1   1     3e-13   1.1e-09   36.1   0.0     1    66    19    90    19    90 0.83 GCA_016719105.1
RKRU01000058.1_6     -            473 GatD_N               PF18195.6     54   1.1e-16   57.7   0.9   1   1   6.9e-20   2.5e-16   56.5   0.9     2    52    22    74    21    76 0.88 GCA_007571225.1
DRGT01000043.1_22    -            273 GCD14                PF08704.15   247   1.1e-36  124.5   0.6   1   1   6.6e-39   1.2e-35  121.1   0.1     1   185    57   238    57   243 0.95 GCA_011055585.1
NZ_ML974127.1_826    -            260 GCD14                PF08704.15   247   4.9e-14   50.3   0.2   1   1   2.3e-12   4.2e-09   34.2   0.0    27   178    71   235    61   241 0.82 GCF_004765815.2
NZ_CVUA01000001.1_1166 -            253 GCH_III              PF05165.17   246   1.6e-86  287.3   0.0   1   1   5.7e-90   2.1e-86  286.9   0.0     2   235     7   244     6   249 0.97 GCF_001282785.1
JADFQH010000262.1_2  -            360 GCS2                 PF04107.18   291   5.4e-15   53.2   0.0   1   1   2.1e-18   7.8e-15   52.7   0.0    26   266    20   267     3   284 0.78 GCA_022561895.1
NZ_PHNJ01000013.1_63 -            307 GDPD                 PF03009.22   244   1.3e-30  105.1   0.1   1   1   4.7e-34   1.7e-30  104.6   0.1     1   243    49   289    49   290 0.80 GCF_008122205.1
NZ_AOIQ01000016.1_65    -            344 GDP_Man_Dehyd        PF16363.10   332   5.4e-53  178.3   0.0   1   1   2.6e-55   1.2e-52  177.2   0.0     1   331    39   329    39   330 0.85 GCF_000337515.1
NZ_FNFE01000004.1_420   -            302 GDP_Man_Dehyd        PF16363.10   332   2.4e-38  130.1   0.1   1   1   9.4e-40   4.4e-37  126.0   0.1     1   331     4   296     4   297 0.85 GCF_900100335.1
PAAH01000021.1_3        -            293 GDP_Man_Dehyd        PF16363.10   332   2.8e-19   67.5   1.3   1   1   6.6e-20     3e-17   60.8   1.3     1   268     4   238     4   243 0.81 GCA_002698885.1
JAHFTO010000030.1_2     -            353 GDP_Man_Dehyd        PF16363.10   332     5e-15   53.5   0.0   1   1   3.5e-17   1.6e-14   51.8   0.0     1   329     9   326     9   329 0.77 GCA_023269355.1
NZ_JAKUHT010000007.1_11 -            270 GDP_Man_Dehyd        PF16363.10   332   1.4e-11   42.2   0.0   1   1   2.2e-13     1e-10   39.3   0.0     1   179     4   163     4   214 0.86 GCF_022436705.1
JAKCFM010000002.1_414   -            279 GDP_Man_Dehyd        PF16363.10   332   2.8e-08   31.3   0.0   1   1   1.4e-10   6.3e-08   30.2   0.0    34   172    24   165     4   174 0.76 GCA_025041195.1
JACDHC010000108.1_5     -            461 GDP_Man_Dehyd        PF16363.10   332   2.9e-08   31.3   0.1   1   1     1e-10   4.8e-08   30.6   0.1     1    76    10    83    10    87 0.85 GCA_013821245.1
NZ_AOLJ01000003.1_37 -            396 GD_AH_C              PF20629.2    242   1.1e-98  327.2   0.9   1   1  4.4e-102   1.6e-98  326.6   0.9     1   239   145   385   145   387 0.98 GCF_000336775.1
NZ_AOLJ01000003.1_37 -            396 GD_AH_second         PF04295.18   136     5e-31  105.3   0.1   1   1   2.3e-34   8.5e-31  104.6   0.1     1   135     7   135     7   136 0.97 GCF_000336775.1
NZ_CP085301.1_3465   -             81 GerE                 PF00196.24    57   1.1e-07   29.2   0.2   1   1   6.9e-11   2.5e-07   28.0   0.1     3    45    23    65    21    76 0.85 GCF_020700235.1
NZ_CP084469.1_2896   -            364 GFO_IDH_MocA         PF01408.27   120     1e-21   75.6   0.0   1   1     5e-25   1.8e-21   74.8   0.0     9   119    51   161    43   162 0.91 GCF_020405205.1
NZ_CP084469.1_2896   -            364 GFO_IDH_MocA_C       PF02894.22   218   9.4e-17   59.3   0.0   1   1   5.5e-20     2e-16   58.2   0.0     4   218   176   364   175   364 0.76 GCF_020405205.1
NZ_CP084469.1_2896   -            364 GFO_IDH_MocA_C3      PF22725.1    124   2.4e-21   73.8   0.1   1   1   1.2e-24   4.4e-21   72.9   0.1     8   124   176   285   174   285 0.95 GCF_020405205.1
JADKAQ010000016.1_37  -            678 GGDEF                PF00990.26   161   2.5e-40  135.6   0.0   1   1   8.4e-43   1.6e-39  133.1   0.0     2   160   448   620   447   621 0.87 GCA_016719105.1
NZ_QPII01000005.1_246 -            832 GGDEF                PF00990.26   161   1.3e-31  107.3   0.0   1   1   1.3e-34   2.3e-31  106.5   0.0     1   158   398   558   398   560 0.94 GCF_003336675.1
JAJNBK010000057.1_3  -            327 GHMP_kinases_C       PF08544.18    85   1.5e-13   48.7   0.0   1   1   8.5e-17   3.1e-13   47.7   0.0     2    76   233   304   232   311 0.87 GCA_021155845.1
JAJNBK010000057.1_3      -            327 GHMP_kinases_N       PF00288.31    65   3.7e-15   53.9   0.1   1   1     7e-18   8.6e-15   52.7   0.1     1    65   102   168   102   168 0.96 GCA_021155845.1
JAHEFU010000127.1_2      -            322 GHMP_kinases_N       PF00288.31    65   3.6e-11   41.1   3.3   1   1   6.2e-14   7.6e-11   40.1   2.6     1    65    89   147    89   147 0.92 GCA_024645305.1
NZ_JALLGW010000001.1_363 -            271 GHMP_kinases_N       PF00288.31    65   7.4e-10   36.9   0.7   1   1   1.2e-12   1.5e-09   35.9   0.7     3    64    78   140    76   141 0.87 GCF_023074835.1
NZ_CP100445.1_2546    -            492 GIDA                 PF01134.27   391   1.2e-06   25.6   0.8   1   1   5.8e-09   5.4e-06   23.4   0.1     1    74     5    78     5   161 0.83 GCF_024227435.1
LKNH01000075.1_2      -            453 GIDA                 PF01134.27   391   1.2e-06   25.5   0.1   1   1   2.8e-08   2.5e-05   21.2   0.1     1    29     5    33     5    51 0.89 GCA_001564135.1
PXRX01000012.1_71    -            234 GIDE                 PF12483.13   160   4.9e-08   30.4   0.0   1   1     3e-11   1.1e-07   29.2   0.0    15   144    70   203    60   225 0.76 GCA_003023195.1
JAKBAE010000123.1_4  -            605 GIY-YIG              PF01541.29    78   2.9e-10   38.1   0.1   1   1   3.6e-13   1.3e-09   36.0   0.1     3    78    16    90    14    90 0.86 GCA_021809325.1
VYCS01000031.1_16    -            541 Gln-synt_C           PF00120.29   344  4.3e-121  401.9   0.0   1   1  2.8e-124  5.2e-121  401.6   0.0     2   344   170   538   169   538 0.96 GCA_009843815.1
JAAUVF010000034.1_3  -            345 Gln-synt_C           PF00120.29   344    1e-107  357.9   0.0   1   1  6.4e-111  1.2e-107  357.7   0.0    31   344     8   342     2   342 0.95 GCA_012030815.1
VYCS01000031.1_16    -            541 Gln-synt_N           PF03951.24    82     6e-24   81.3   0.0   1   1   3.1e-27   1.2e-23   80.3   0.0     2    81    75   159    74   160 0.92 GCA_009843815.1
NZ_OBEJ01000001.1_756 -             84 Glrx-like            PF05768.19    77   1.4e-17   61.6   0.0   1   1     4e-21   1.5e-17   61.5   0.0     2    73     7    78     6    82 0.92 GCF_900215575.1
NZ_FNYR01000003.1_10 -            114 GLUCM-like_C         PF14336.11   291   5.5e-31  105.8   0.2   1   1   1.7e-34   6.1e-31  105.7   0.2   192   280     1    88     1    99 0.96 GCF_900109065.1
NZ_CP084469.1_3576   -            294 Glucodextran_N       PF09137.16   263   2.3e-11   41.5   0.2   1   1   8.8e-15   3.2e-11   41.0   0.2    37   255    64   291    57   293 0.80 GCF_020405205.1
NZ_CP031310.1_81     -            180 Gluconate_2-dh3      PF13618.11   135   2.4e-06   25.7   0.0   1   1   8.4e-10   3.1e-06   25.3   0.0     1   135    43   169    43   169 0.81 GCF_004799665.1
NZ_SDIC01000006.1_119 -            263 Glucosaminidase      PF01832.25   123   6.8e-17   60.1   0.0   1   1   2.6e-20   9.4e-17   59.6   0.0     4   121    71   181    68   183 0.79 GCF_004116405.1
NZ_NHSQ01000068.1_16  -            111 Glutaredoxin         PF00462.29    60   2.5e-22   76.6   0.0   1   1   2.8e-25   3.5e-22   76.2   0.0     1    60    16    80    16    80 0.99 GCF_016653465.1
NZ_MWLL01000206.1_4   -            405 Glutaredoxin         PF00462.29    60   2.3e-13   47.9   0.1   1   1   1.3e-15   1.6e-12   45.2   0.0     1    57     5    62     5    65 0.96 GCF_002198675.1
NZ_OBEJ01000001.1_756 -             84 Glutaredoxin         PF00462.29    60   9.6e-09   33.1   0.0   1   1   1.4e-11   1.7e-08   32.3   0.0     1    57     7    64     7    67 0.81 GCF_900215575.1
UYNY01000069.1_122   -            415 GlutR_dimer          PF00745.25    99   1.2e-13   49.0   0.0   1   1     5e-17   1.8e-13   48.4   0.0     2    98   317   413   316   414 0.96 GCA_900620265.1
UYNY01000069.1_122   -            415 GlutR_N              PF05201.20   151   7.6e-36  120.9   0.0   1   1   3.2e-39   1.2e-35  120.3   0.0     3   148    11   152     9   155 0.94 GCA_900620265.1
CAJWBY010000113.1_4  -           1485 Glu_synthase         PF01645.22   369  3.6e-153  507.8   0.0   1   1  7.2e-155  2.6e-151  501.7   0.0     1   368   792  1155   792  1156 0.99 GCA_913020705.1
CAJWBY010000113.1_4  -           1485 Glu_syn_central      PF04898.19   277  5.2e-108  358.4   0.1   1   1    3e-110  1.1e-106  354.0   0.0     2   277   456   736   455   736 0.96 GCA_913020705.1
NZ_FNFE01000008.1_207 -            384 Glycos_transf_1      PF00534.25   172   3.5e-45  151.4   0.0   1   1   1.5e-46   5.9e-44  147.4   0.0     9   171   188   345   181   346 0.97 GCF_900100335.1
NZ_WUUT01000001.1_263 -            354 Glycos_transf_1      PF00534.25   172     3e-34  115.8   0.0   1   1   9.7e-37     4e-34  115.4   0.0    13   172   168   325   160   325 0.95 GCF_009831575.1
NZ_MWLL01000146.1_11  -            370 Glycos_transf_1      PF00534.25   172   9.7e-34  114.1   0.0   1   1   3.6e-36   1.5e-33  113.5   0.0    17   169   192   341   180   344 0.97 GCF_002198675.1
JADKAQ010000013.1_102 -            399 Glycos_transf_1      PF00534.25   172   9.1e-33  110.9   0.0   1   1   5.8e-35   2.4e-32  109.6   0.0    11   170   209   364   200   366 0.91 GCA_016719105.1
NZ_WUUT01000002.1_368 -            347 Glycos_transf_1      PF00534.25   172   9.1e-19   65.4   0.0   1   1   3.1e-21   1.3e-18   64.9   0.0    10   152   171   310   162   313 0.88 GCF_009831575.1
NC_015944.1_172       -            438 Glycos_transf_1      PF00534.25   172   2.1e-17   60.9   0.0   1   1   7.2e-20   2.9e-17   60.5   0.0     8   169   221   382   215   385 0.93 GCF_000223905.1
JADDOQ010000236.1_2   -            353 Glycos_transf_1      PF00534.25   172   4.3e-13   46.9   0.1   1   1   2.1e-15   8.4e-13   46.0   0.1    16   166   178   320   164   326 0.87 GCA_016782315.1
NZ_AOJI01000002.1_23  -            311 Glycos_transf_1      PF00534.25   172   6.2e-12   43.1   0.0   1   1   2.7e-14   1.1e-11   42.3   0.0    63   129   186   252   181   284 0.89 GCF_000336995.1
NZ_LIGX01000014.1_13  -            374 Glycos_transf_1      PF00534.25   172   1.7e-10   38.5   0.0   1   1   8.3e-13   3.4e-10   37.5   0.0    88   172   265   348   260   348 0.97 GCF_001683795.1
NZ_CP030846.1_823         -            641 Glycos_transf_2      PF00535.31   168   1.2e-36  123.9   0.1   1   1   1.4e-38   3.7e-36  122.3   0.1     1   165   297   457   297   460 0.87 GCF_013407275.1
JAATVR010000294.1_12      -            523 Glycos_transf_2      PF00535.31   168   2.7e-30  103.3   0.7   1   1     1e-32   2.7e-30  103.3   0.7     1   165   139   304   139   306 0.90 GCA_014523665.1
NZ_AOLJ01000011.1_132     -            624 Glycos_transf_2      PF00535.31   168   2.4e-29  100.2   0.0   1   1   1.3e-31   3.4e-29   99.7   0.0     1   167    20   189    20   190 0.93 GCF_000336775.1
NZ_JANHJR010000001.1_374  -            359 Glycos_transf_2      PF00535.31   168   3.3e-28   96.5   0.0   1   1   2.2e-30   5.8e-28   95.7   0.0     2   104    45   145    44   192 0.93 GCF_024495425.1
NZ_JALXFV010000002.1_303  -            224 Glycos_transf_2      PF00535.31   168     3e-27   93.4   0.4   1   1   1.4e-29   3.7e-27   93.0   0.4     3   167     6   161     4   162 0.92 GCF_023699475.1
NZ_NHSQ01000137.1_18      -            307 Glycos_transf_2      PF00535.31   168   4.4e-25   86.3   0.0   1   1     3e-27     8e-25   85.4   0.0     1   120    14   132    14   201 0.83 GCF_016653465.1
NZ_JADDKQ010000016.1_79   -            583 Glycos_transf_2      PF00535.31   168   2.1e-24   84.1   0.0   1   1   1.2e-26   3.2e-24   83.5   0.0     1   165   224   387   224   389 0.95 GCF_016464425.1
CP046181.1_908            -            272 Glycos_transf_2      PF00535.31   168   1.6e-22   78.0   0.4   1   1   1.5e-24   3.9e-22   76.7   0.3     1   130     9   143     9   181 0.78 GCA_014075315.1
JAFEGL010000003.1_136     -            299 Glycos_transf_2      PF00535.31   168   8.4e-20   69.1   0.0   1   1   4.8e-22   1.3e-19   68.5   0.0     2   162     4   173     3   177 0.90 GCA_018239895.1
NZ_CP096659.1_2304        -            220 Glycos_transf_2      PF00535.31   168   1.7e-17   61.6   0.0   1   1   7.6e-20     2e-17   61.4   0.0     3   135    10   138     8   177 0.86 GCF_023238205.1
NZ_AOJH01000074.1_3       -            350 Glycos_transf_2      PF00535.31   168   5.5e-17   60.0   0.4   1   1   3.9e-19     1e-16   59.1   0.4     1   131     4   127     4   194 0.85 GCF_000337355.1
NZ_JALLPK010000001.1_1615 -            440 Glycos_transf_2      PF00535.31   168   2.1e-11   41.8   0.1   1   1   1.1e-13     3e-11   41.3   0.1     2   163   100   259    99   264 0.82 GCF_023276375.1
NZ_JANHDJ010000005.1_171  -            256 Glycos_transf_2      PF00535.31   168   3.3e-10   37.9   0.0   1   1   1.9e-12   4.9e-10   37.3   0.0     2   167     7   167     6   168 0.86 GCF_024494645.1
NZ_JAJFAY010000017.1_20   -            286 Glycos_transf_2      PF00535.31   168   5.5e-08   30.7   0.1   1   1   3.5e-10   9.3e-08   29.9   0.1    65   116    46    99     8   105 0.84 GCF_021083305.1
CP060262.1_1709      -            342 Glycos_transf_3      PF00591.26   253   4.8e-90  299.3   0.5   1   1     4e-93   7.3e-90  298.7   0.5     2   252    74   324    73   325 0.99 GCA_022646745.1
CAJWBY010000316.1_3  -            438 Glycos_transf_3      PF00591.26   253   1.3e-48  163.6   6.4   1   1   1.2e-51   2.1e-48  162.9   6.4     2   253    78   309    77   309 0.98 GCA_913020705.1
CAJWBY010000316.1_3  -            438 Glycos_trans_3N      PF02885.22    63   1.4e-20   70.6   0.1   1   1   2.1e-23   3.9e-20   69.2   0.1     2    63     6    67     5    67 0.98 GCA_913020705.1
CP060262.1_1709      -            342 Glycos_trans_3N      PF02885.22    63   7.2e-20   68.3   2.5   1   1   5.8e-23   1.1e-19   67.8   1.3     3    63     5    65     3    65 0.97 GCA_022646745.1
NZ_JAKUHT010000012.1_142 -            611 Glyco_hydro_15       PF00723.26   427   2.9e-73  244.9   0.2   1   1   9.7e-76   3.6e-72  241.3   0.2     4   426   235   603   232   604 0.94 GCF_022436705.1
NZ_SBIS02000014.1_60 -            545 Glyco_hydro_18       PF00704.33   317     1e-72  243.2   0.7   1   1   3.6e-76   1.3e-72  242.9   0.7     1   317    53   376    53   376 0.89 GCF_004765815.2
ML241305.1_518       -            628 Glyco_hydro_2        PF00703.26   109   4.5e-07   28.4   0.0   1   1     4e-10   1.5e-06   26.7   0.0     1    99   141   241   141   245 0.90 GCA_005239435.1
NZ_CP084469.1_3402   -            739 Glyco_hydro_3        PF00933.26   316   2.5e-73  245.0   0.0   1   1   2.1e-76   3.8e-73  244.4   0.0     1   316    22   348    22   348 0.93 GCF_020405205.1
CP071596.1_2797      -            395 Glyco_hydro_3        PF00933.26   316     2e-71  238.7   0.0   1   1   1.4e-74   2.6e-71  238.4   0.0     2   312    18   336    17   339 0.95 GCA_017357105.2
NZ_LIGX01000024.1_17 -            793 Glyco_hydro_31_2nd   PF01055.31   328  3.7e-119  395.6   1.0   1   1  1.6e-122    6e-119  394.9   1.0     1   328   242   568   242   568 0.96 GCF_001683795.1
NZ_LIGX01000024.1_17 -            793 Glyco_hydro_31_3rd   PF21365.2     87   1.4e-21   74.5   0.0   1   1   9.1e-25   3.3e-21   73.3   0.0     1    87   576   663   576   663 0.95 GCF_001683795.1
NZ_JADDKQ010000016.1_71 -            311 Glyco_hydro_32N      PF00251.25   307     1e-14   52.5   0.0   1   1   3.4e-18   1.3e-14   52.3   0.0    21   215    21   228    13   288 0.75 GCF_016464425.1
NZ_CP084469.1_3402   -            739 Glyco_hydro_3_C      PF01915.27   200     5e-50  168.0   0.0   1   1   4.3e-53   7.9e-50  167.3   0.0     2   200   387   621   386   621 0.90 GCF_020405205.1
CP071596.1_2796      -            272 Glyco_hydro_3_C      PF01915.27   200   1.4e-42  143.7   0.0   1   1   8.8e-46   1.6e-42  143.5   0.0    45   200     1   193     1   193 0.91 GCA_017357105.2
NZ_SDIC01000002.1_685 -            440 Glyco_hydro_4        PF02056.21   183   1.8e-56  188.3   0.0   1   1   6.9e-60   2.5e-56  187.9   0.0     1   179     3   180     3   184 0.97 GCF_004116405.1
NZ_SDIC01000002.1_685 -            440 Glyco_hydro_4C       PF11975.13   211   7.3e-57  190.5   0.0   1   1   2.7e-60     1e-56  190.0   0.0     1   211   193   410   193   410 0.83 GCF_004116405.1
NZ_JANHJR010000001.1_374 -            359 Glyco_tranf_2_2      PF10111.14   276     4e-12   43.9   0.0   1   1   5.8e-14   7.2e-11   39.8   0.0    17   223    61   253    45   271 0.73 GCF_024495425.1
NZ_NHSQ01000137.1_18     -            307 Glyco_tranf_2_2      PF10111.14   276   2.7e-11   41.2   0.0   1   1   7.7e-11   9.5e-08   29.6   0.0    29   104    39   113    14   119 0.84 GCF_016653465.1
NZ_CP030846.1_823        -            641 Glyco_tranf_2_2      PF10111.14   276     6e-10   36.8   0.1   1   1   2.3e-12   2.8e-09   34.6   0.2     1   108   297   397   297   512 0.87 GCF_013407275.1
NZ_CP030846.1_823         -            641 Glyco_tranf_2_3      PF13641.11   230   5.6e-30  102.8   0.0   1   1   2.5e-32   9.3e-30  102.1   0.0     1   230   294   513   294   513 0.93 GCF_013407275.1
NZ_JADDKQ010000016.1_79   -            583 Glyco_tranf_2_3      PF13641.11   230   1.7e-21   75.0   0.1   1   1   7.4e-24   2.7e-21   74.4   0.1     3   230   223   456   220   456 0.88 GCF_016464425.1
NZ_NHSQ01000137.1_18      -            307 Glyco_tranf_2_3      PF13641.11   230   6.7e-19   66.5   0.0   1   1   7.4e-21   2.7e-18   64.5   0.0     1   227    11   257     9   259 0.83 GCF_016653465.1
JAATVR010000294.1_12      -            523 Glyco_tranf_2_3      PF13641.11   230   1.8e-18   65.1   0.1   1   1   1.9e-20     7e-18   63.2   0.1     3   228   138   405   135   407 0.83 GCA_014523665.1
NZ_JALLPK010000001.1_1615 -            440 Glyco_tranf_2_3      PF13641.11   230   8.2e-16   56.4   1.5   1   1   3.9e-18   1.5e-15   55.6   1.5     1   228    95   315    95   317 0.86 GCF_023276375.1
NZ_AOLJ01000011.1_132     -            624 Glyco_tranf_2_3      PF13641.11   230     4e-12   44.4   0.1   1   1   2.3e-14   8.5e-12   43.3   0.1     3   202    19   216    16   231 0.82 GCF_000336775.1
NZ_JANHJR010000001.1_374  -            359 Glyco_tranf_2_3      PF13641.11   230   1.5e-11   42.5   0.1   1   1   6.8e-14   2.5e-11   41.8   0.1     3   213    43   246    40   277 0.85 GCF_024495425.1
JAFEGL010000003.1_136     -            299 Glyco_tranf_2_3      PF13641.11   230   2.8e-11   41.6   0.0   1   1   9.4e-14   3.5e-11   41.3   0.0     3   218     2   223     1   233 0.88 GCA_018239895.1
CP046181.1_908            -            272 Glyco_tranf_2_3      PF13641.11   230   7.7e-10   36.9   0.0   1   1   4.1e-12   1.5e-09   35.9   0.0     3   121     8   127     6   164 0.82 GCA_014075315.1
NZ_JALXFV010000002.1_303  -            224 Glyco_tranf_2_3      PF13641.11   230   1.4e-09   36.1   0.4   1   1   5.6e-12   2.1e-09   35.5   0.3     4   126     4   114     2   154 0.81 GCF_023699475.1
NZ_CP072036.1_2464   -            959 Glyco_transf_10      PF00852.24   182   3.8e-21   73.3   0.1   1   1     2e-24   7.3e-21   72.4   0.1    16   137   136   255   122   256 0.88 GCF_018847375.1
NZ_CP072036.1_2468   -            751 Glyco_transf_11      PF01531.21   298   4.3e-16   56.7   0.0   1   1   1.7e-19   6.4e-16   56.2   0.0   127   296   591   750   571   751 0.85 GCF_018847375.1
NZ_CP085335.1_293    -            519 Glyco_transf_20      PF00982.26   473  4.3e-125  415.8   0.0   1   1  1.3e-128  4.9e-125  415.6   0.0    21   471    50   498    18   500 0.93 GCF_020618475.1
NZ_JAJFAY010000017.1_20   -            286 Glyco_transf_21      PF13506.11   174   4.2e-11   40.4   0.0   1   1   8.3e-14   6.1e-11   39.8   0.0     1   174    31   191    31   191 0.87 GCF_021083305.1
NZ_CP030846.1_823         -            641 Glyco_transf_21      PF13506.11   174   2.5e-10   37.8   0.1   1   1   6.4e-13   4.8e-10   36.9   0.1    17   173   357   511   346   512 0.88 GCF_013407275.1
NZ_JALLPK010000001.1_1615 -            440 Glyco_transf_21      PF13506.11   174   3.8e-10   37.3   0.0   1   1   7.7e-13   5.7e-10   36.7   0.0    18   172   165   314   153   316 0.89 GCF_023276375.1
JAATVR010000294.1_12      -            523 Glyco_transf_21      PF13506.11   174   1.2e-08   32.4   0.6   1   1   2.2e-10   1.6e-07   28.7   0.0    17   115   202   304   194   307 0.89 GCA_014523665.1
NZ_JADDKQ010000016.1_79   -            583 Glyco_transf_21      PF13506.11   174   3.6e-07   27.6   0.4   1   1   3.7e-09   2.7e-06   24.7   0.4    23   174   297   455   281   455 0.80 GCF_016464425.1
JADKAQ010000013.1_102 -            399 Glyco_transf_4       PF13439.11   170   3.8e-33  112.6   1.9   1   1   8.3e-36   3.8e-33  112.6   1.9     1   169    18   192    18   193 0.98 GCA_016719105.1
NZ_MWLL01000146.1_11  -            370 Glyco_transf_4       PF13439.11   170   2.6e-23   80.6   8.2   1   1   1.4e-25   6.3e-23   79.4   5.3     1   167    12   170    12   171 0.89 GCF_002198675.1
NZ_WUUT01000002.1_368 -            347 Glyco_transf_4       PF13439.11   170   3.6e-16   57.4   0.3   1   1   1.1e-17   4.9e-15   53.7   0.1     6   170    20   167    18   167 0.87 GCF_009831575.1
NC_015944.1_172       -            438 Glyco_transf_4       PF13439.11   170   5.2e-12   43.9   0.1   1   1   3.9e-14   1.8e-11   42.1   0.1     3   170    21   213    19   213 0.83 GCF_000223905.1
NZ_FNFE01000008.1_207 -            384 Glyco_transf_4       PF13439.11   170   1.4e-11   42.4   0.0   1   1   7.2e-14   3.3e-11   41.3   0.0     2   170    16   181    15   181 0.88 GCF_900100335.1
NZ_WUUT01000001.1_263 -            354 Glyco_transf_4       PF13439.11   170   2.1e-11   41.9   1.2   1   1   4.2e-12   1.9e-09   35.5   0.7    37   164    28   148    14   151 0.80 GCF_009831575.1
JADDOW010000025.1_1   -            128 Glyco_transf_4       PF13439.11   170   4.6e-11   40.8   0.1   1   1   1.8e-12   8.4e-10   36.7   0.1     2   116    11   117    10   126 0.88 GCA_016782225.1
NZ_AOJI01000002.1_23  -            311 Glyco_transf_4       PF13439.11   170   8.3e-11   39.9   0.0   1   1   7.4e-13   3.4e-10   38.0   0.0     9   170    16   143    11   143 0.71 GCF_000336995.1
NZ_CP072036.1_2467   -            786 Glyco_transf_6       PF03414.18   313   3.4e-35  119.1   0.3   1   1   1.7e-38   6.3e-35  118.2   0.3    76   299   542   760   459   775 0.86 GCF_018847375.1
NZ_QPII01000003.1_287 -            347 Glyco_transf_9       PF01075.22   247   6.1e-62  206.9   0.0   1   1     4e-65   7.5e-62  206.6   0.0     1   245    77   320    77   322 0.95 GCF_003336675.1
JAFEGL010000042.1_62  -            304 Glyco_transf_9       PF01075.22   247   1.2e-08   32.3   0.0   1   1   1.5e-10   2.7e-07   27.9   0.0   106   200   157   237   147   245 0.86 GCA_018239895.1
NZ_FNFE01000008.1_207 -            384 Glyco_trans_1_2      PF13524.11    92   4.3e-16   56.6   0.1   1   1   1.9e-18   1.2e-15   55.2   0.0     5    90   273   359   269   361 0.94 GCF_900100335.1
NZ_MWLL01000146.1_11  -            370 Glyco_trans_1_2      PF13524.11    92   7.1e-10   36.7   0.0   1   1   4.1e-12   2.5e-09   34.9   0.0     3    84   269   352   264   358 0.95 GCF_002198675.1
NZ_WUUT01000001.1_263 -            354 Glyco_trans_1_2      PF13524.11    92     2e-09   35.3   0.0   1   1   7.3e-12   4.5e-09   34.1   0.0     3    85   250   334   248   344 0.91 GCF_009831575.1
JADKAQ010000013.1_102 -            399 Glyco_trans_1_2      PF13524.11    92     6e-08   30.5   0.1   1   1   2.8e-10   1.7e-07   29.1   0.1     6    90   294   379   284   381 0.87 GCA_016719105.1
NC_015944.1_172       -            438 Glyco_trans_1_2      PF13524.11    92     3e-07   28.3   0.0   1   1   1.1e-09   6.5e-07   27.2   0.0    10    86   318   395   306   401 0.83 GCF_000223905.1
NZ_MWLL01000146.1_11  -            370 Glyco_trans_1_4      PF13692.11   142     3e-39  132.3   1.1   1   1   1.1e-41   4.5e-39  131.7   0.3     3   142   192   330   190   330 0.94 GCF_002198675.1
NZ_FNFE01000008.1_207 -            384 Glyco_trans_1_4      PF13692.11   142   8.3e-38  127.6   0.1   1   1   7.8e-40   3.2e-37  125.7   0.0     2   141   195   331   194   332 0.94 GCF_900100335.1
JADKAQ010000013.1_102 -            399 Glyco_trans_1_4      PF13692.11   142   9.5e-35  117.7   0.3   1   1   7.3e-37     3e-34  116.1   0.4     3   139   214   349   212   352 0.93 GCA_016719105.1
NZ_WUUT01000001.1_263 -            354 Glyco_trans_1_4      PF13692.11   142   3.7e-30  102.8   0.2   1   1   1.5e-32   6.2e-30  102.1   0.2     3   139   172   309   170   311 0.89 GCF_009831575.1
NC_015944.1_172       -            438 Glyco_trans_1_4      PF13692.11   142   2.1e-21   74.5   0.0   1   1     8e-24   3.3e-21   73.8   0.0     2   141   229   370   228   371 0.91 GCF_000223905.1
NZ_WUUT01000002.1_368 -            347 Glyco_trans_1_4      PF13692.11   142   6.7e-17   59.8   0.0   1   1   2.6e-19   1.1e-16   59.2   0.0     3   138   178   312   176   313 0.90 GCF_009831575.1
NZ_AOJI01000002.1_23  -            311 Glyco_trans_1_4      PF13692.11   142   2.8e-13   48.1   0.1   1   1   1.4e-15   5.9e-13   47.0   0.1    64   141   201   278   173   279 0.74 GCF_000336995.1
JADDOQ010000236.1_2   -            353 Glyco_trans_1_4      PF13692.11   142   1.9e-09   35.7   0.0   1   1   8.3e-12   3.4e-09   34.9   0.0    24   140   195   309   178   311 0.73 GCA_016782315.1
NZ_LIGX01000014.1_13  -            374 Glyco_trans_1_4      PF13692.11   142   1.3e-07   29.7   0.0   1   1   6.1e-10   2.5e-07   28.8   0.0    71   133   264   325   237   332 0.90 GCF_001683795.1
NZ_CP030846.1_823         -            641 Glyco_trans_2_3      PF13632.11   198     1e-23   82.0   0.3   1   1   1.1e-26     1e-23   82.0   0.3     1   185   373   572   373   586 0.86 GCF_013407275.1
NZ_JALLPK010000001.1_1615 -            440 Glyco_trans_2_3      PF13632.11   198     1e-19   68.9   0.8   1   1   1.1e-22     1e-19   68.9   0.8     1   195   180   382   180   386 0.79 GCF_023276375.1
NZ_JADDKQ010000016.1_79   -            583 Glyco_trans_2_3      PF13632.11   198   9.4e-17   59.2   1.3   1   1   2.7e-19   2.5e-16   57.8   1.3     2   197   306   518   305   519 0.81 GCF_016464425.1
JADKAQ010000013.1_102 -            399 Glyco_trans_4_2      PF13477.11   139   1.7e-08   32.5   0.0   1   1   5.5e-11     1e-07   30.0   0.0    10   130    22   154    17   161 0.69 GCA_016719105.1
JADKAQ010000013.1_102 -            399 Glyco_trans_4_4      PF13579.11   158   1.5e-20   71.9  12.3   1   1   2.4e-23   1.5e-20   71.9  12.3     2   151    20   183    19   188 0.87 GCA_016719105.1
NZ_MWLL01000146.1_11  -            370 Glyco_trans_4_4      PF13579.11   158   1.8e-18   65.1  18.0   1   1   2.9e-21   1.8e-18   65.1  18.0     1   158    13   168    13   168 0.83 GCF_002198675.1
NC_015944.1_172       -            438 Glyco_trans_4_4      PF13579.11   158   9.3e-18   62.8   0.9   1   1   2.5e-20   1.5e-17   62.1   0.9     2   158    21   208    20   208 0.78 GCF_000223905.1
NZ_WUUT01000002.1_368 -            347 Glyco_trans_4_4      PF13579.11   158   1.6e-11   42.6  13.3   1   1   4.6e-14   2.8e-11   41.7   7.8     4   156    19   160    16   161 0.84 GCF_009831575.1
NZ_WUUT01000001.1_263 -            354 Glyco_trans_4_4      PF13579.11   158   2.8e-09   35.3  17.3   1   1     6e-12   3.7e-09   34.9   5.4    33   157    26   148    15   149 0.87 GCF_009831575.1
VMDM01000022.1_27    -            339 Glyco_tran_28_C      PF04101.21   166   1.2e-13   49.2   0.1   1   1   1.1e-15   4.1e-12   44.2   0.0     5   113   199   295   194   338 0.80 GCA_008080815.1
NZ_JAALLS010000004.1_50 -            133 Glyoxalase           PF00903.30   121   1.5e-22   78.0   0.1   1   1   3.7e-25   1.7e-22   77.8   0.1     1   121     2   127     2   127 0.92 GCF_011059105.1
NZ_CP100000.1_3647      -            132 Glyoxalase           PF00903.30   121   2.7e-21   73.9   0.6   1   1   7.2e-24   3.3e-21   73.7   0.6     3   121     7   128     5   128 0.89 GCF_024138165.1
NZ_WSZK01000041.1_13    -            277 Glyoxalase           PF00903.30   121   3.6e-21   73.6   0.4   1   2   1.8e-14   8.4e-12   43.3   0.0     1   121    10   122    10   122 0.93 GCF_009791395.1
NZ_WSZK01000041.1_13    -            277 Glyoxalase           PF00903.30   121   3.6e-21   73.6   0.4   2   2   6.7e-10   3.1e-07   28.6   0.2     2   119   166   271   165   273 0.87 GCF_009791395.1
NZ_FOTC01000002.1_896   -            119 Glyoxalase           PF00903.30   121   1.7e-18   64.9   1.4   1   1   4.2e-21   1.9e-18   64.8   1.4     2   121     3   114     2   114 0.91 GCF_900114455.1
NZ_CP031310.1_1214      -            318 Glyoxalase           PF00903.30   121   2.1e-18   64.7   4.2   1   2   1.6e-12   7.3e-10   37.0   0.8     1   121     7   129     7   129 0.76 GCF_004799665.1
NZ_CP031310.1_1214      -            318 Glyoxalase           PF00903.30   121   2.1e-18   64.7   4.2   2   2   6.9e-10   3.2e-07   28.5   0.1     2   121   157   269   156   269 0.96 GCF_004799665.1
JAIOOR010000024.1_44    -            147 Glyoxalase           PF00903.30   121   8.9e-15   52.9   0.0   1   1   2.4e-17   1.1e-14   52.6   0.0     2   121    31   139    30   139 0.88 GCA_021414365.1
NZ_CP012850.1_2745      -            129 Glyoxalase           PF00903.30   121   2.2e-11   42.0   0.0   1   1     6e-14   2.7e-11   41.7   0.0     7   119    18   120    11   122 0.94 GCF_000802205.1
NZ_MWLL01000242.1_49    -            136 Glyoxalase           PF00903.30   121   4.7e-06   24.8   0.2   1   1   3.3e-08   1.5e-05   23.1   0.2     2   121     6   127     5   127 0.73 GCF_002198675.1
NZ_JAALLS010000004.1_50 -            133 Glyoxalase_3         PF13468.11   176   1.9e-10   38.8   0.1   1   1   9.7e-14   3.6e-10   37.9   0.1     1   108     3   103     3   132 0.81 GCF_011059105.1
NZ_JAALLS010000004.1_50 -            133 Glyoxalase_4         PF13669.11   109     1e-27   94.4   0.2   1   1   1.7e-30   1.3e-27   94.0   0.2     1   109     4   114     4   114 0.97 GCF_011059105.1
NZ_FOTC01000002.1_896   -            119 Glyoxalase_4         PF13669.11   109   2.8e-12   44.6   0.2   1   1   8.3e-13   6.1e-10   37.1   0.1     2    89     5    85     4    88 0.87 GCF_900114455.1
NZ_CP100000.1_3647      -            132 Glyoxalase_4         PF13669.11   109   3.2e-10   38.0   0.1   1   1   2.1e-11   1.6e-08   32.6   0.1     2   105     8   113     7   117 0.83 GCF_024138165.1
NZ_MWLL01000242.1_49    -            136 Glyoxalase_4         PF13669.11   109   4.2e-10   37.7   0.1   1   1   1.9e-12   1.4e-09   36.0   0.0     1   109     7   116     7   116 0.88 GCF_002198675.1
NZ_FOTC01000002.1_896   -            119 Glyoxalase_6         PF18029.6    106   7.9e-08   30.7   0.3   1   1   1.1e-10   9.9e-08   30.4   0.3     2   104     6   113     5   115 0.73 GCF_900114455.1
NZ_CP100000.1_3647      -            132 Glyoxalase_6         PF18029.6    106   4.9e-06   24.9   0.1   1   1   7.2e-09   6.7e-06   24.5   0.1     2   105     9   128     8   129 0.73 GCF_024138165.1
NZ_JAALLS010000004.1_50 -            133 Glyoxalase_6         PF18029.6    106   5.8e-06   24.7   0.1   1   1   9.1e-09   8.4e-06   24.2   0.1     3    93     7   108     4   121 0.83 GCF_011059105.1
NZ_OBEJ01000001.1_1106 -            530 GMC_oxred_C          PF05199.18   139   3.5e-26   90.2   0.1   1   1   2.3e-29   8.6e-26   88.9   0.1     1   139   400   519   400   519 0.90 GCF_900215575.1
NZ_OBEJ01000001.1_1106 -            530 GMC_oxred_N          PF00732.24   218   9.5e-12   42.9   0.0   1   1   2.4e-14   8.7e-11   39.8   0.0    22   217    92   314    87   315 0.73 GCF_900215575.1
NZ_CP072036.1_807    -            507 GMP_synt_C           PF00958.27    92   1.2e-38  128.8   0.0   1   1   7.7e-42   2.8e-38  127.6   0.0     3    92   417   506   415   506 0.99 GCF_018847375.1
JAKCFM010000001.1_550 -            737 GNAT_acetyltr_2      PF13718.11   229   3.5e-33  112.6   0.0   1   2   2.9e-21   1.1e-17   62.0   0.0     2   123   424   536   423   541 0.92 GCA_025041195.1
JAKCFM010000001.1_550 -            737 GNAT_acetyltr_2      PF13718.11   229   3.5e-33  112.6   0.0   2   2     1e-17   3.9e-14   50.3   0.0   177   227   536   586   530   587 0.90 GCA_025041195.1
JAKCFJ010000003.1_524 -            441 GntP_permease        PF02447.21   440   1.2e-86  288.9  43.8   1   1   3.9e-90   1.4e-86  288.6  43.8     6   440    11   440     4   440 0.93 GCA_025041175.1
JAJXYX010000059.1_4  -            213 GntR                 PF00392.26    64   1.5e-20   70.4   1.0   1   1   6.7e-24   2.5e-20   69.7   0.2     3    64    12    72    10    72 0.97 GCA_021780355.1
CAJWBY010000103.1_7  -            335 GPD_NAD_C_bact       PF20618.3     66   4.1e-26   89.1   0.2   1   1   3.2e-29   1.2e-25   87.6   0.2     1    66   244   310   244   310 0.91 GCA_913020705.1
NZ_PEND01000002.1_457 -            353 Gp_dh_C              PF02800.25   158   6.2e-18   62.6   0.0   1   1   2.9e-21   1.1e-17   61.9   0.0     1   156   145   297   145   299 0.93 GCF_002844195.1
NZ_CP044523.1_3023   -            176 GrpB                 PF04229.19   159   9.6e-49  163.4   0.1   1   1     3e-52   1.1e-48  163.2   0.1     1   159     5   166     5   166 0.89 GCF_008831545.1
NZ_CP095491.1_3531   -            372 GrpE                 PF01025.24   165   5.8e-43  144.2   5.2   1   1   3.1e-46   5.8e-43  144.2   5.2     4   164   136   294   129   295 0.97 GCF_023028105.1
JAHENP010000050.1_8  -            215 GrpE                 PF01025.24   165   6.7e-25   85.4   0.8   1   1   5.6e-28     1e-24   84.8   0.8     6   164    58   214    38   215 0.86 GCA_018609965.1
JAHENP010000075.1_9  -            465 GSH-S_ATP            PF02955.21   175     9e-11   39.3   0.0   1   1   4.3e-14   1.6e-10   38.5   0.0    82   163   194   277   175   283 0.81 GCA_018609965.1
NZ_CP095757.1_2221   -            427 GSHPx                PF00255.24   108   4.8e-09   33.5   0.0   1   1   3.2e-12   1.2e-08   32.3   0.0     3    90    45   128    44   132 0.86 GCF_023093535.1
JADKAQ010000013.1_102 -            399 GT4-conflict         PF20706.2    385     2e-15   54.4   1.0   1   1   3.3e-17   3.1e-14   50.5   1.3   179   327   196   332   167   385 0.77 GCA_016719105.1
NZ_WUUT01000001.1_263 -            354 GT4-conflict         PF20706.2    385   2.8e-14   50.6   1.6   1   1   4.5e-17   4.1e-14   50.1   1.6   175   374   151   345   136   353 0.74 GCF_009831575.1
NZ_FNFE01000008.1_207 -            384 GT4-conflict         PF20706.2    385   3.4e-14   50.4   0.0   1   1   7.8e-16   7.1e-13   46.0   0.0   175   385   171   359   154   359 0.84 GCF_900100335.1
NZ_MWLL01000146.1_11  -            370 GT4-conflict         PF20706.2    385   6.5e-12   42.8   5.8   1   1   7.1e-15   6.5e-12   42.8   5.8   147   327   137   310   122   344 0.76 GCF_002198675.1
NZ_CP044130.1_37     -            821 GTP-eEF1A_C          PF22594.1    101   3.7e-53  175.9   0.0   1   2   3.1e-24   5.8e-21   72.6   0.0     1   101   470   573   470   573 0.95 GCF_009617995.1
NZ_CP044130.1_37     -            821 GTP-eEF1A_C          PF22594.1    101   3.7e-53  175.9   0.0   2   2   3.8e-33     7e-30  101.2   0.0     2   100   717   815   716   816 0.98 GCF_009617995.1
NZ_QURE01000019.1_38 -            437 GTP-eEF1A_C          PF22594.1    101   5.7e-36  120.7   0.0   1   1   6.1e-39   1.1e-35  119.8   0.0     1   101   326   426   326   426 0.99 GCF_009898475.1
NZ_CP100355.1_1076      -            784 GTP_EFTU             PF00009.32   188   1.8e-57  191.7   0.3   1   1     4e-60   2.9e-57  191.0   0.3     1   187    75   314    75   315 0.89 GCF_024204665.1
NZ_QURE01000019.1_38    -            437 GTP_EFTU             PF00009.32   188     3e-51  171.4   0.0   1   1   6.7e-54   4.9e-51  170.7   0.0     1   181     6   219     6   226 0.91 GCF_009898475.1
JALDAN010000001.1_18    -            397 GTP_EFTU             PF00009.32   188   1.8e-36  123.3   4.5   1   1     2e-38   1.5e-35  120.2   4.5     4   187     8   188     5   189 0.93 GCA_022729355.1
NZ_JANHDP010000006.1_10 -            573 GTP_EFTU             PF00009.32   188     2e-35  119.9   0.0   1   1   3.7e-38   2.7e-35  119.4   0.0     2   187   164   383   163   384 0.90 GCF_024494695.1
NZ_SOSC01000010.1_49    -            607 GTP_EFTU             PF00009.32   188   5.4e-34  115.2   0.0   1   1   4.2e-36   3.1e-33  112.7   0.0     4   184    23   229    20   233 0.80 GCF_005049285.1
NZ_QURE01000019.1_38    -            437 GTP_EFTU_D2          PF03144.30    73   9.5e-19   65.4   5.5   1   1   3.1e-21   1.6e-18   64.7   3.1     1    72   248   314   248   315 0.95 GCF_009898475.1
NZ_CP100355.1_1076      -            784 GTP_EFTU_D2          PF03144.30    73   7.8e-17   59.3   1.2   1   1   1.5e-19   7.8e-17   59.3   1.2     1    72   363   429   363   430 0.98 GCF_024204665.1
NZ_JANHDP010000006.1_10 -            573 GTP_EFTU_D2          PF03144.30    73   1.7e-13   48.6   0.3   1   1   9.5e-16     5e-13   47.1   0.3     1    72   406   476   406   477 0.96 GCF_024494695.1
RKRY01000155.1_10       -            307 GTP_EFTU_D2          PF03144.30    73   3.3e-10   38.0   0.1   1   1   1.6e-12   8.3e-10   36.7   0.1     1    72   155   221   155   222 0.94 GCA_007571135.1
JAHFUM010000012.1_52    -            219 GTP_EFTU_D2          PF03144.30    73   1.2e-09   36.2   0.2   1   1   5.2e-12   2.7e-09   35.1   0.2     1    72   153   219   153   219 0.95 GCA_023265135.1
NZ_CP044130.1_37        -            821 GTP_EFTU_D3          PF03143.22   106   6.7e-41  136.7   0.0   1   2   7.4e-20   9.1e-17   59.1   0.0     3   105   466   575   464   576 0.91 GCF_009617995.1
NZ_CP044130.1_37        -            821 GTP_EFTU_D3          PF03143.22   106   6.7e-41  136.7   0.0   2   2   9.4e-25   1.2e-21   74.8   0.0     5   105   714   818   711   819 0.95 GCF_009617995.1
NZ_QURE01000019.1_38    -            437 GTP_EFTU_D3          PF03143.22   106     7e-28   94.8   0.1   1   1   2.2e-30   2.7e-27   92.9   0.1     2   105   321   428   320   429 0.95 GCF_009898475.1
NZ_JANHDP010000006.1_10 -            573 GTP_EFTU_D3          PF03143.22   106     6e-09   33.9   0.0   1   1   1.3e-11   1.6e-08   32.5   0.0     3   105   484   569   482   570 0.87 GCF_024494695.1
NZ_SOSC01000010.1_49 -            607 GTP_EFTU_D4          PF14578.11    86   3.1e-22   76.0   0.0   1   1   2.7e-25   9.8e-22   74.5   0.0     1    85   476   563   476   564 0.94 GCF_005049285.1
NZ_CP100400.1_1272   -            143 GtrA                 PF04138.19   117     3e-24   83.2  11.1   1   1   1.9e-27   3.4e-24   83.0  11.1     1   117    19   138    19   138 0.98 GCF_024218795.1
NZ_BBMP01000023.1_72 -            159 GtrA                 PF04138.19   117   6.7e-21   72.4   9.4   1   1   4.4e-24     8e-21   72.2   9.4     1   117    22   141    22   141 0.99 GCF_000755245.1
JAFGCY010000084.1_30 -            691 Guanylate_cyc        PF00211.25   183   3.4e-24   83.2   0.0   1   1   8.7e-27   5.4e-24   82.5   0.0     8   180   474   654   471   657 0.90 GCA_016932385.1
JAGQHF010000052.1_20 -            235 Guanylate_cyc        PF00211.25   183     1e-16   58.9   0.2   1   1     2e-19   1.2e-16   58.6   0.2    11   162    46   207    40   230 0.82 GCA_020431985.1
JAHFUM010000012.1_38 -            215 Guanylate_cyc        PF00211.25   183   2.1e-10   38.2   0.1   1   1   4.7e-13   2.9e-10   37.8   0.1     9   169    35   198    28   209 0.83 GCA_023265135.1
LFEY01000027.1_1     -            171 Guanylate_cyc        PF00211.25   183   6.4e-10   36.7   0.0   1   1   1.4e-12   8.7e-10   36.2   0.0    38   171    21   160     2   169 0.75 GCA_001510275.1
NZ_CP026993.1_679    -            393 Guanylate_cyc        PF00211.25   183   7.9e-07   26.6   0.0   1   1   2.6e-09   1.6e-06   25.6   0.0    10   162    11   159     5   184 0.75 GCF_013407145.1
JADDOQ010000026.1_6  -            116 Guanylate_cyc        PF00211.25   183   1.4e-05   22.5   0.0   1   1   3.1e-08   1.9e-05   22.1   0.0   118   161    46    92    40   103 0.80 GCA_016782315.1
CAJWBY010000113.1_4  -           1485 GXGXG                PF01493.24   190   2.8e-76  253.0   6.6   1   1   7.6e-80   2.8e-76  253.0   6.6     2   185  1235  1418  1234  1423 0.98 GCA_913020705.1
NZ_CP100445.1_3683   -           1377 H-kinase_dim         PF02895.19    68   6.7e-10   37.1   5.4   1   1   2.5e-13   9.2e-10   36.6   3.5     2    68  1002  1062  1001  1062 0.96 GCF_024227435.1
s5a1_contig_1_575     -            219 HAD                  PF12710.12   189   3.3e-10   38.4   1.5   1   1   2.2e-13   4.1e-10   38.2   1.5     1   186     6   175     6   178 0.73 s5a-1
s5a1_contig_1_575        -            219 HAD_2                PF13419.11   178   3.1e-22   77.3   0.0   1   1     4e-25   3.6e-22   77.1   0.0     3   176     8   185     6   187 0.88 s5a-1
NZ_CP095491.1_3251       -            232 HAD_2                PF13419.11   178   4.9e-16   57.1   0.0   1   1   8.3e-19   7.6e-16   56.5   0.0     2   178     6   188     5   188 0.88 GCF_023028105.1
NZ_JAMZIE010000002.1_574 -            256 HAD_2                PF13419.11   178   2.1e-12   45.3   0.2   1   1   1.3e-10   1.2e-07   29.7   0.0   134   178   180   225   169   225 0.94 GCF_024178165.1
NZ_NHSQ01000084.1_111    -            222 HAD_2                PF13419.11   178   7.2e-11   40.3   0.0   1   1   4.5e-13   4.1e-10   37.8   0.0    68   176    80   187    10   189 0.68 GCF_016653465.1
NZ_CP085331.1_205        -             76 HalOD1               PF18545.6     74   3.1e-20   69.9   0.1   1   1   6.4e-23   3.4e-20   69.8   0.1     2    74     7    76     6    76 0.90 GCF_020614375.1
NZ_WRXM01000002.1_414    -            107 HalOD1               PF18545.6     74   6.1e-20   69.0   0.6   1   1   1.6e-22   8.3e-20   68.5   0.6     2    74    21    89    20    89 0.94 GCF_010119205.1
NZ_PHNJ01000001.1_50     -            100 HalOD1               PF18545.6     74   9.9e-20   68.3   1.8   1   1   2.2e-22   1.2e-19   68.1   1.8     1    74    24    98    24    98 0.94 GCF_008122205.1
NZ_JAJFAY010000002.1_974 -             96 HalOD1               PF18545.6     74   6.7e-18   62.4   0.4   1   1   1.7e-20   8.9e-18   62.0   0.4     3    73    23    91    21    92 0.94 GCF_021083305.1
NZ_RDFA01000002.1_209    -             93 HalOD1               PF18545.6     74   3.5e-15   53.7   0.4   1   1   9.2e-18   4.8e-15   53.2   0.4     3    73    17    91    15    92 0.87 GCF_004118325.1
NZ_PEND01000006.1_335    -            108 HalOD1               PF18545.6     74   2.5e-14   51.0   0.0   1   1   7.5e-17   3.9e-14   50.3   0.0     2    74    29   103    28   103 0.93 GCF_002844195.1
NZ_CP095489.1_100        -             86 HalOD1               PF18545.6     74     1e-09   36.2   0.2   1   1   2.8e-12   1.5e-09   35.7   0.2    26    68    34    72    17    76 0.91 GCF_023028345.1
NZ_AOJG01000027.1_11 -             52 HalOD2               PF18547.6     52   9.6e-08   29.6   2.7   1   1   2.8e-11     1e-07   29.5   2.7     2    48     5    51     4    52 0.89 GCF_000337375.1
NZ_JALIQP010000006.1_150 -            200 HalX                 PF08663.15    68   4.3e-14   50.4   9.8   1   1   1.2e-17   4.3e-14   50.4   9.8     2    68   117   182   116   182 0.99 GCF_023566055.1
NZ_JALLGW010000001.1_2739 -            790 HAMP                 PF00672.30    53   5.4e-18   62.9  13.1   1   1   3.2e-17   2.9e-14   50.9   0.3     1    53   206   259   206   259 0.98 GCF_023074835.1
NZ_AOLK01000011.1_553     -            756 HAMP                 PF00672.30    53   4.6e-13   47.1  12.1   1   2   1.1e-09     1e-06   26.7   0.9     2    52   308   358   307   359 0.95 GCF_000336755.1
NZ_AOLK01000011.1_553     -            756 HAMP                 PF00672.30    53   4.6e-13   47.1  12.1   2   2   3.1e-08   2.8e-05   22.1   0.3    17    52   371   407   368   408 0.90 GCF_000336755.1
LDXL01000006.1_130        -            509 HAMP                 PF00672.30    53   9.9e-10   36.4   0.2   1   1   1.5e-11   1.4e-08   32.7   0.0     1    52   220   270   220   271 0.95 GCA_001443365.1
LFLC01000025.1_38         -            626 HAMP                 PF00672.30    53   2.7e-08   31.8   0.0   1   1   1.2e-10   1.1e-07   29.8   0.0     2    52   343   393   342   394 0.94 GCA_001543015.1
JAATVS010000692.1_8      -            606 HATPase_c            PF02518.31   111     2e-28   96.8   0.2   1   1   3.1e-30   3.8e-28   95.9   0.2     2   109   503   605   502   606 0.96 GCA_014523695.1
JADDOW010000070.1_2      -            576 HATPase_c            PF02518.31   111   4.1e-26   89.4   0.7   1   1   2.5e-27     3e-25   86.6   0.1     2   109   454   576   453   576 0.84 GCA_016782225.1
LDXL01000006.1_130       -            509 HATPase_c            PF02518.31   111     3e-25   86.6   0.0   1   1   5.4e-27   6.6e-25   85.5   0.0     2   109   390   490   389   492 0.91 GCA_001443365.1
LFLC01000025.1_38        -            626 HATPase_c            PF02518.31   111   1.4e-24   84.4   0.2   1   1   3.9e-26   4.8e-24   82.7   0.1     1   110   519   622   519   623 0.94 GCA_001543015.1
NZ_JAAOIR010000004.1_215 -            763 HATPase_c            PF02518.31   111   8.1e-23   78.8   0.0   1   1   1.8e-24   2.2e-22   77.4   0.0     5   110   653   755   650   756 0.86 GCF_011440375.1
NZ_WUYX01000013.1_51     -            623 HATPase_c            PF02518.31   111   1.2e-22   78.2   0.2   1   1   1.8e-24   2.2e-22   77.3   0.2     2   107   522   618   521   621 0.93 GCF_009834785.1
JACZUQ010000039.1_10     -             95 HATPase_c            PF02518.31   111   1.2e-22   78.2   0.0   1   1   1.1e-24   1.3e-22   78.1   0.0     9   109     1    94     1    95 0.93 GCA_022573065.1
JACNFR010000009.1_5      -            225 HATPase_c            PF02518.31   111   9.2e-22   75.4   0.0   1   1   1.3e-23   1.5e-21   74.6   0.0     2    92   138   224   137   225 0.95 GCA_014384555.1
NZ_CP095757.1_1147       -            754 HATPase_c            PF02518.31   111   1.6e-20   71.4   0.1   1   1   3.5e-22   4.3e-20   70.0   0.1     2   105   652   747   651   749 0.90 GCF_023093535.1
NZ_CP100445.1_3683       -           1377 HATPase_c            PF02518.31   111   1.7e-20   71.2   1.9   1   1   3.8e-22   4.7e-20   69.9   0.1     5   109  1111  1248  1107  1250 0.88 GCF_024227435.1
NZ_CP100445.1_484        -            699 HATPase_c            PF02518.31   111   1.9e-20   71.1   0.8   1   1   5.7e-22     7e-20   69.3   0.1     2   106    88   229    87   233 0.89 GCF_024227435.1
NZ_CP096659.1_3230       -            792 HATPase_c            PF02518.31   111     4e-20   70.1   0.0   1   1   6.8e-22   8.3e-20   69.1   0.0     2   106   688   786   687   789 0.94 GCF_023238205.1
NZ_JADDKQ010000016.1_68  -            642 HATPase_c            PF02518.31   111   8.6e-20   69.0   0.0   1   1     2e-21   2.4e-19   67.6   0.0     2   110   538   641   537   642 0.89 GCF_016464425.1
NZ_JAMZIE010000002.1_581 -            366 HATPase_c            PF02518.31   111   1.9e-19   67.9   0.0   1   1   4.3e-21   5.3e-19   66.5   0.0     6   109   258   358   254   360 0.85 GCF_024178165.1
NZ_CP100000.1_3254       -            632 HATPase_c            PF02518.31   111   1.9e-19   67.9   0.2   1   1   1.1e-20   1.3e-18   65.2   0.0     2   106   526   622   525   625 0.91 GCF_024138165.1
NZ_JAJCVI010000003.1_202 -            640 HATPase_c            PF02518.31   111   6.3e-19   66.2   2.6   1   1   1.6e-19   1.9e-17   61.5   2.6     2   106   497   635   496   638 0.73 GCF_020567525.1
NZ_FTNO01000002.1_63     -            743 HATPase_c            PF02518.31   111   8.6e-19   65.8   0.0   1   1   1.8e-20   2.2e-18   64.5   0.0     2    93   644   729   643   742 0.85 GCF_900156425.1
CP060262.1_2227          -           1206 HATPase_c            PF02518.31   111   1.2e-18   65.3   0.2   1   1     5e-20   6.1e-18   63.0   0.2     2   109   922  1050   921  1052 0.78 GCA_022646745.1
PXRE01000005.1_26        -            342 HATPase_c            PF02518.31   111   1.6e-18   64.9   0.1   1   1   5.6e-20   6.9e-18   62.9   0.0     8   108   238   339   233   342 0.87 GCA_003021085.1
NZ_JALJCL010000001.1_349 -            568 HATPase_c            PF02518.31   111   1.8e-18   64.7   0.0   1   1   3.2e-20     4e-18   63.7   0.0     5   109   457   558   454   560 0.88 GCF_023698535.1
NZ_RKLT01000002.1_645    -            238 HATPase_c            PF02518.31   111   2.5e-18   64.3   0.0   1   1   3.7e-20   4.6e-18   63.5   0.0     2   106   132   230   131   234 0.93 GCF_019599505.1
LKNH01000007.1_3         -            505 HATPase_c            PF02518.31   111     3e-18   64.0   0.0   1   1   8.1e-19   9.9e-17   59.2   0.0     5   110   280   379   277   380 0.89 GCA_001564135.1
NZ_FNYR01000027.1_10     -            589 HATPase_c            PF02518.31   111   8.1e-18   62.7   0.0   1   1   1.4e-19   1.7e-17   61.6   0.0     2   105   479   579   478   585 0.86 GCF_900109065.1
NZ_CSTE01000001.1_445    -             81 HATPase_c            PF02518.31   111   1.5e-17   61.8   0.1   1   1   1.2e-19   1.5e-17   61.8   0.1    29   107     3    77     1    81 0.87 GCF_001368915.1
NZ_CP053941.1_2087       -            372 HATPase_c            PF02518.31   111   3.9e-17   60.5   0.0   1   1   8.4e-19     1e-16   59.1   0.0     6   110   269   369   264   370 0.89 GCF_013267195.1
NZ_CP100000.1_234        -            379 HATPase_c            PF02518.31   111   2.3e-16   58.0   0.0   1   1   3.3e-18   4.1e-16   57.2   0.0     7   110   276   376   271   377 0.83 GCF_024138165.1
PXRX01000018.1_27        -            479 HATPase_c            PF02518.31   111   2.9e-16   57.6   0.0   1   1   7.2e-18   8.8e-16   56.1   0.0     7   110   349   449   344   450 0.86 GCA_003023195.1
PXSA01000032.1_14        -            812 HATPase_c            PF02518.31   111   2.9e-15   54.4   0.0   1   1   7.1e-17   8.7e-15   52.9   0.0     4    93    45   142    43   189 0.77 GCA_003023565.1
NZ_SOSC01000001.1_835    -            479 HATPase_c            PF02518.31   111   3.7e-15   54.1   0.1   1   1   1.5e-16   1.9e-14   51.8   0.0     6   109   375   476   371   478 0.84 GCF_005049285.1
JADKAQ010000016.1_47     -            378 HATPase_c            PF02518.31   111   5.1e-10   37.6   0.0   1   1   8.3e-12     1e-09   36.6   0.0     9   110   260   353   253   354 0.81 GCA_016719105.1
PXRE01000005.1_26        -            342 HATPase_c_2          PF13581.11   127   1.1e-10   39.3   0.2   1   1   5.2e-13   2.1e-10   38.4   0.2    20   126   224   337   204   338 0.81 GCA_003021085.1
NZ_JAMZIE010000002.1_581 -            366 HATPase_c_2          PF13581.11   127     2e-10   38.5   0.2   1   1   1.1e-12   4.4e-10   37.4   0.2    31   126   257   355   227   356 0.87 GCF_024178165.1
NZ_SOSC01000001.1_835    -            479 HATPase_c_2          PF13581.11   127   7.5e-10   36.7   0.7   1   1   6.2e-12   2.5e-09   35.0   0.7    28   110   371   452   298   473 0.88 GCF_005049285.1
PXRX01000018.1_27        -            479 HATPase_c_2          PF13581.11   127   2.6e-09   34.9   1.2   1   1   1.4e-11   5.8e-09   33.8   0.3    31   109   347   423   317   445 0.83 GCA_003023195.1
NZ_CP100000.1_234        -            379 HATPase_c_2          PF13581.11   127   6.4e-09   33.7   0.1   1   1   1.6e-11   6.4e-09   33.7   0.1    14   125   259   371   247   373 0.80 GCF_024138165.1
NZ_JAAOIR010000004.1_215 -            763 HATPase_c_2          PF13581.11   127   2.2e-08   32.0   0.7   1   1   3.9e-10   1.6e-07   29.1   0.1    39   113   661   738   617   752 0.64 GCF_011440375.1
PXSA01000032.1_14    -            812 HATPase_c_3          PF13589.11   137   1.2e-11   42.6   0.0   1   1   7.8e-15   2.9e-11   41.3   0.0     5   121    49   175    46   186 0.78 GCA_003023565.1
LDXL01000006.1_130       -            509 HATPase_c_5          PF14501.11   102   3.4e-09   34.3   5.1   1   1   2.2e-11   1.6e-08   32.2   0.0     6    98   394   487   390   489 0.85 GCA_001443365.1
LFLC01000025.1_38        -            626 HATPase_c_5          PF14501.11   102   7.2e-09   33.3   2.8   1   1   1.1e-11   8.4e-09   33.1   0.8     6    96   524   616   520   620 0.80 GCA_001543015.1
JACZUQ010000039.1_10     -             95 HATPase_c_5          PF14501.11   102     2e-08   31.8   0.0   1   1   3.2e-11   2.3e-08   31.6   0.0    10    98     2    91     1    93 0.85 GCA_022573065.1
JACNFR010000009.1_5      -            225 HATPase_c_5          PF14501.11   102   2.7e-08   31.4   0.7   1   1   7.2e-11   5.3e-08   30.5   0.2     3    86   139   223   137   224 0.83 GCA_014384555.1
NZ_JAAOIR010000004.1_215 -            763 HATPase_c_5          PF14501.11   102   1.1e-05   23.0   0.0   1   1   2.7e-08     2e-05   22.2   0.0     8   102   656   753   651   753 0.83 GCF_011440375.1
NZ_SDIC01000004.1_92 -            110 HbpS-like            PF03928.19   128   8.5e-36  120.6   2.9   1   1   2.6e-39   9.4e-36  120.4   2.9    24   127     1   104     1   105 0.97 GCF_004116405.1
NZ_CP085337.1_802    -            385 HCS_D2               PF22617.1     82   1.5e-20   71.1   0.0   1   1   1.1e-23   4.1e-20   69.7   0.0     1    80   288   366   288   368 0.97 GCF_020618475.1
PXSA01000014.1_32        -            226 HD                   PF01966.27   116   9.9e-18   62.3   3.2   1   1   1.9e-20   9.9e-18   62.3   3.2     2   114    51   149    50   151 0.94 GCA_003023565.1
NZ_JAMZIE010000003.1_223 -            391 HD                   PF01966.27   116     1e-15   55.8   2.2   1   1     2e-18     1e-15   55.8   2.2     1   115    50   157    50   158 0.83 GCF_024178165.1
NC_012029.1_668          -            311 HD                   PF01966.27   116   1.3e-11   42.6   2.2   1   1   4.1e-14   2.2e-11   41.8   1.4    12   115   126   219   122   220 0.86 GCF_000022205.1
RHFA01000084.1_2         -            165 HD                   PF01966.27   116   5.2e-11   40.6   0.6   1   1   4.8e-13   2.5e-10   38.4   0.6     1   115    18   119    18   120 0.75 GCA_003724275.1
NZ_PHNJ01000001.1_379    -            221 HD                   PF01966.27   116   3.1e-09   34.9   0.6   1   1   1.1e-11   5.6e-09   34.1   0.2     1   115    49   153    49   154 0.81 GCF_008122205.1
JADJWG010000004.1_349    -            412 HD                   PF01966.27   116   1.1e-06   26.7   0.0   1   1   5.7e-09     3e-06   25.3   0.0     3   115   139   274   137   275 0.88 GCA_016716475.1
JAFGCY010000084.1_28 -            310 HDOD                 PF08668.17   196   6.8e-24   82.2   0.0   1   1   2.4e-27   8.8e-24   81.8   0.0    15   189    46   219    32   226 0.91 GCA_016932385.1
NZ_PHNJ01000001.1_379 -            221 HD_3                 PF13023.11   165   1.1e-37  127.2   0.4   1   1   8.4e-41   1.6e-37  126.7   0.4     4   144    30   170    27   190 0.90 GCF_008122205.1
RHFA01000084.1_2      -            165 HD_3                 PF13023.11   165   6.2e-34  115.0   0.0   1   1   3.9e-37   7.1e-34  114.8   0.0     9   135     3   127     1   151 0.92 GCA_003724275.1
NZ_NHSQ01000084.1_106 -            177 HD_4                 PF13328.11   156   1.4e-17   61.6   0.1   1   1   1.7e-20   6.4e-17   59.5   0.1     1   139    12   142    12   147 0.79 GCF_016653465.1
JADJWG010000004.1_349 -            412 HD_5                 PF13487.11   170   3.5e-20   70.2   0.0   1   1   1.9e-23     7e-20   69.2   0.0    44   169   185   306   162   307 0.89 GCA_016716475.1
NZ_JAMZIE010000003.1_223 -            391 HD_assoc_2           PF19276.4    222   2.4e-47  158.9   1.2   1   1   9.9e-51   3.7e-47  158.4   1.2     1   213   169   391   169   391 0.91 GCF_024178165.1
NZ_CP044130.1_36     -            940 HEAT_2               PF13646.11    88   5.9e-23   78.8  43.5   1   2   1.1e-10   9.9e-08   30.0   1.8     2    64   438   507   437   509 0.89 GCF_009617995.1
NZ_CP044130.1_36     -            940 HEAT_2               PF13646.11    88   5.9e-23   78.8  43.5   2   2   2.2e-10     2e-07   29.0   5.8     6    88   517   602   512   602 0.84 GCF_009617995.1
NZ_MU078694.1_167    -            164 HEAT_2               PF13646.11    88   2.2e-16   57.7   0.0   1   1   1.5e-15   1.4e-12   45.5   0.0     3    87    62   146    60   147 0.92 GCF_014078525.1
NZ_CP044130.1_33     -            966 HEAT_2               PF13646.11    88   1.2e-12   45.8  18.3   1   1   1.4e-10   1.3e-07   29.6   8.2     6    88   155   247   146   247 0.80 GCF_009617995.1
CAJWBY010000200.1_6     -            417 Helicase_C           PF00271.36   110   7.1e-34  114.1   0.0   1   1   8.8e-34   2.9e-31  105.7   0.0     6   110   232   337   227   337 0.90 GCA_913020705.1
VYCS01000001.1_6        -           1034 Helicase_C           PF00271.36   110   1.2e-27   94.1   0.0   1   1   1.5e-29     5e-27   92.1   0.0     5   110   420   528   416   528 0.88 GCA_009843815.1
NSIR01000004.1_97       -            546 Helicase_C           PF00271.36   110   1.5e-23   80.9   0.1   1   1   3.6e-25   1.2e-22   78.0   0.1     2   109   378   489   377   490 0.91 GCA_002737445.1
NZ_QPII01000005.1_231   -            959 Helicase_C           PF00271.36   110   2.3e-22   77.1   0.0   1   1   9.5e-23   3.2e-20   70.2   0.0     4   110   441   549   406   549 0.85 GCF_003336675.1
DP000238.1_1814         -            912 Helicase_C           PF00271.36   110   1.4e-21   74.6   0.0   1   1   5.2e-21   1.8e-18   64.6   0.0    14   106   249   342   237   345 0.93 GCA_000200715.1
JADDOW010000025.1_20    -            198 Helicase_C           PF00271.36   110   1.4e-19   68.1   0.2   1   1   2.7e-21   9.1e-19   65.5   0.0    31   109     6    88     1    89 0.92 GCA_016782225.1
JAHRAL010000052.1_17    -            576 Helicase_C           PF00271.36   110   1.4e-17   61.7   0.8   1   1   3.4e-19   1.1e-16   58.8   0.0     6   110   408   509   399   509 0.89 GCA_020027325.1
NZ_PHNJ01000004.1_156   -            488 Helicase_C           PF00271.36   110   2.1e-17   61.1   0.0   1   1   2.9e-19   9.8e-17   59.0   0.0     2   109   358   460   357   461 0.95 GCF_008122205.1
NZ_JAKUHT010000013.1_65 -            638 Helicase_C           PF00271.36   110   6.3e-17   59.6   0.0   1   1   4.2e-19   1.4e-16   58.5   0.0     2   110   458   568   457   568 0.89 GCF_022436705.1
NZ_RKSM01000001.1_2127  -            628 Helicase_C           PF00271.36   110   4.5e-14   50.4   0.0   1   1   3.6e-16   1.2e-13   49.0   0.0     2   108   469   571   468   573 0.91 GCF_008729015.1
NZ_CP099997.1_2592   -            642 Helicase_C_2         PF13307.11   170   7.7e-25   85.6   0.0   1   1     6e-28   1.1e-24   85.1   0.0     1   169   395   552   395   553 0.92 GCF_024138145.1
NZ_RDFA01000004.1_64 -            837 Helicase_C_2         PF13307.11   170   7.5e-24   82.4   0.0   1   1   6.9e-27   1.3e-23   81.7   0.0     2   159   643   799   642   808 0.92 GCF_004118325.1
JAKCFM010000001.1_550 -            737 Helicase_RecD        PF05127.19   176   3.4e-50  168.1   0.1   1   1   1.4e-53   5.3e-50  167.5   0.1     1   176   218   387   218   387 0.91 GCA_025041195.1
NZ_CP085331.1_177    -            244 HEM4                 PF02602.20   231   1.1e-43  146.8   0.1   1   1   6.7e-47   1.2e-43  146.6   0.1     3   229    19   232    17   234 0.92 GCF_020614375.1
JADDOQ010000157.1_4  -            303 HEM4                 PF02602.20   231     2e-25   87.0   0.0   1   1   2.8e-28   5.1e-25   85.7   0.0    13   230    37   296    33   297 0.83 GCA_016782315.1
JAKUOP010000007.1_45 -            183 Hemerythrin          PF01814.28   127   3.1e-14   51.3   0.2   1   1   2.9e-17   5.3e-14   50.6   0.0     4   127     4   136     1   136 0.89 GCA_022450565.1
VXON01000027.1_4     -            183 Hemerythrin          PF01814.28   127   4.8e-12   44.2   3.4   1   1   2.6e-15   4.8e-12   44.2   3.4     2   122     3   130     2   135 0.85 GCA_009840065.1
DP000238.1_516       -           1607 HemolysinCabind      PF00353.24    36   5.2e-11   40.1  58.4   1   3   4.8e-09   1.8e-05   22.4   6.4     5    34  1509  1538  1505  1540 0.94 GCA_000200715.1
DP000238.1_516       -           1607 HemolysinCabind      PF00353.24    36   5.2e-11   40.1  58.4   2   3     2e-10   7.4e-07   26.8  22.5     1    34  1541  1574  1541  1576 0.95 GCA_000200715.1
DP000238.1_516       -           1607 HemolysinCabind      PF00353.24    36   5.2e-11   40.1  58.4   3   3   5.6e-07    0.0021   15.8  20.3     2    35  1560  1593  1559  1594 0.97 GCA_000200715.1
NZ_CP035119.1_975    -            607 Hepar_II_III         PF07940.18   237   1.1e-42  143.9   0.4   1   1   4.4e-46   1.6e-42  143.4   0.4     5   213   353   553   349   588 0.87 GCF_004087835.1
NZ_CP035119.1_975    -            607 Hepar_II_III_N       PF16889.10   340   5.1e-18   63.2   0.0   1   1   2.1e-21   7.6e-18   62.7   0.0   131   316   154   331   140   345 0.84 GCF_004087835.1
CAJWBY010000063.1_10     -            173 Hexapep              PF00132.29    36   2.6e-22   75.3  11.4   1   2   2.3e-10   1.4e-07   28.7   0.0     2    35    10    43     9    44 0.95 GCA_913020705.1
CAJWBY010000063.1_10     -            173 Hexapep              PF00132.29    36   2.6e-22   75.3  11.4   2   2     3e-12   1.9e-09   34.7   3.2     1    35    87   121    87   122 0.96 GCA_913020705.1
NZ_JAKUHT010000021.1_46  -            182 Hexapep              PF00132.29    36     6e-15   52.0  11.1   1   1   1.5e-13     9e-11   38.8   6.3     2    34   127   159   126   161 0.95 GCF_022436705.1
NZ_JANHDJ010000001.1_553 -            280 Hexapep              PF00132.29    36   1.4e-14   50.9   3.2   1   1     3e-10   1.8e-07   28.4   0.2     2    35   178   211   177   212 0.94 GCF_024494645.1
JAJXYX010000059.1_16     -            189 Hexapep              PF00132.29    36     2e-12   44.1  14.6   1   1   9.2e-14   5.6e-11   39.5   3.3     1    35    93   127    93   128 0.96 GCA_021780355.1
NZ_CP099546.1_1573       -            183 Hexapep              PF00132.29    36   7.7e-10   35.9   1.1   1   1   1.3e-12   7.7e-10   35.9   1.1     2    36   117   151   116   151 0.96 GCF_023973145.1
NZ_JAKUHT010000021.1_46  -            182 Hexapep_2            PF14602.11    34   1.6e-11   41.5   7.6   1   1   2.2e-12     2e-09   34.8   6.2     1    32   126   159   126   161 0.96 GCF_022436705.1
NZ_CP099546.1_1573       -            183 Hexapep_2            PF14602.11    34   4.4e-08   30.5   7.5   1   1     1e-10   9.3e-08   29.5   2.2     2    34   117   151   116   151 0.96 GCF_023973145.1
NZ_JANHDJ010000001.1_553 -            280 Hexapep_2            PF14602.11    34   1.3e-07   29.0   8.7   1   1   2.8e-09   2.5e-06   24.9   0.8     1    33   177   211   177   212 0.94 GCF_024494645.1
JAJXYX010000059.1_16     -            189 Hexapep_2            PF14602.11    34   4.1e-07   27.4  10.7   1   1   8.5e-10   7.9e-07   26.5   2.7     2    28    94   122    93   128 0.92 GCA_021780355.1
NZ_CP067007.1_1550   -            543 He_PIG               PF05345.17    96   1.8e-06   26.0   5.6   1   1   1.1e-09     4e-06   25.0   5.6     7    96   133   214   127   214 0.76 GCF_018128925.1
NZ_CP095487.1_2963   -            617 HGTP_anticodon       PF03129.25    94   1.3e-11   42.3   0.0   1   1     7e-15   2.6e-11   41.3   0.0     1    91   489   574   489   577 0.95 GCF_023028345.1
JAKCFM010000001.1_1688   -            226 HHH                  PF00633.28    30   2.1e-10   37.7   0.0   1   1   1.2e-12   1.1e-09   35.4   0.0     2    30   105   133   104   133 0.94 GCA_025041195.1
NZ_JALIQP010000004.1_228 -            363 HHH                  PF00633.28    30   5.4e-08   30.1   0.0   1   1   1.4e-10   1.3e-07   29.0   0.0     1    30   167   196   167   196 0.96 GCF_023566055.1
JAKCFM010000001.1_1688    -            226 HhH-GPD              PF00730.30   108   1.1e-24   84.6   0.0   1   1   1.9e-27   1.7e-24   84.0   0.0     1   107    39   174    39   175 0.96 GCA_025041195.1
NZ_JALLPK010000001.1_3670 -            266 HhH-GPD              PF00730.30   108     5e-19   66.4   0.0   1   1   7.2e-22   6.6e-19   66.0   0.0     1   105    54   206    54   209 0.96 GCF_023276375.1
NZ_WUUT01000003.1_11      -            192 HhH-GPD              PF00730.30   108   1.5e-16   58.5   0.0   1   1     2e-19   1.8e-16   58.2   0.0     2    87    39   159    38   177 0.92 GCF_009831575.1
NZ_JALIQP010000004.1_228  -            363 HhH-GPD              PF00730.30   108   1.9e-16   58.1   0.0   1   1   3.1e-19   2.9e-16   57.5   0.0     1    94   101   224   101   235 0.89 GCF_023566055.1
JAFEGL010000003.1_106 -            181 HHH_5                PF14520.11    57     9e-17   59.1   0.3   1   1   4.1e-19   1.9e-16   58.1   0.3     1    57    54   112    54   112 0.88 GCA_018239895.1
NZ_VSLZ01000003.1_346 -            113 HHH_5                PF14520.11    57   2.6e-15   54.4   0.2   1   1   7.9e-18   3.6e-15   54.0   0.2     3    56    58   111    56   112 0.96 GCF_010747475.1
NZ_AOII01000084.1_32  -            227 HHH_5                PF14520.11    57   3.4e-14   50.8   0.3   1   1   1.4e-16   6.7e-14   49.9   0.3     4    55   173   224   171   225 0.95 GCF_000337615.1
NZ_CP100000.1_3528    -            299 HHH_5                PF14520.11    57   1.1e-13   49.2   0.5   1   1   5.1e-16   2.3e-13   48.2   0.5     4    57   245   298   243   298 0.97 GCF_024138165.1
NZ_CP101159.1_37      -           1082 HHH_5                PF14520.11    57   1.7e-12   45.4   0.0   1   1   1.1e-14   5.2e-12   43.8   0.0     2    55     7    60     6    62 0.96 GCF_024298845.1
JADJWG010000004.1_746 -            585 HHH_5                PF14520.11    57   6.8e-10   37.1   3.5   1   1   3.1e-08   1.4e-05   23.2   1.4     2    51    97   148    96   152 0.93 GCA_016716475.1
JAKBAE010000123.1_4   -            605 HHH_5                PF14520.11    57   7.3e-10   37.0   0.5   1   1   4.9e-12   2.2e-09   35.4   0.0     3    53   552   601   550   604 0.94 GCA_021809325.1
NC_017944.1_408       -            566 HHH_5                PF14520.11    57     3e-09   35.0   0.1   1   1   1.6e-11   7.3e-09   33.8   0.1     3    56   485   538   483   539 0.94 GCF_000306765.2
JADJWG010000004.1_746 -            585 HHH_8                PF14716.11    68   1.5e-21   74.4   3.5   1   1   9.2e-24   3.4e-20   70.0   0.2     2    67    10    77     9    78 0.95 GCA_016716475.1
NZ_JAALLS010000022.1_3 -            415 HI0933_like          PF03486.19   244   9.1e-74  245.7   0.0   1   1   2.9e-77   1.1e-73  245.5   0.0     3   243    10   410     8   411 0.96 GCF_011059105.1
NZ_JAALLS010000022.1_3 -            415 HI0933_like_1st      PF22780.1    165   1.1e-33  114.1   0.0   1   1   4.6e-37   1.7e-33  113.5   0.0     1   165   196   357   196   357 0.98 GCF_011059105.1
NZ_WUYX01000022.1_19 -             84 HicA_toxin           PF07927.17    58   2.2e-12   44.7   0.0   1   1   7.7e-16   2.8e-12   44.3   0.0     1    58     8    70     8    70 0.85 GCF_009834785.1
JADDOW010000070.1_2      -            576 HisKA                PF00512.30    66     5e-16   56.3   1.8   1   1   4.2e-18   9.2e-16   55.4   0.2     2    66   341   405   340   405 0.94 GCA_016782225.1
NZ_WUYX01000013.1_51     -            623 HisKA                PF00512.30    66   1.5e-13   48.3   0.6   1   1   1.6e-15   3.5e-13   47.2   0.6     2    63   424   481   423   483 0.95 GCF_009834785.1
NZ_WRXM01000002.1_440    -            175 HisKA                PF00512.30    66   1.8e-13   48.1   2.8   1   1   1.9e-15   4.2e-13   46.9   0.3     3    63    71   127    69   130 0.91 GCF_010119205.1
NZ_CP095757.1_1147       -            754 HisKA                PF00512.30    66   2.4e-13   47.7   0.9   1   1   1.1e-15   2.4e-13   47.7   0.9     2    64   553   612   552   614 0.94 GCF_023093535.1
NZ_FTNO01000002.1_63     -            743 HisKA                PF00512.30    66   3.4e-13   47.2   2.5   1   1   1.7e-15   3.7e-13   47.1   0.3     2    62   545   601   544   604 0.95 GCF_900156425.1
NZ_JAJCVI010000003.1_202 -            640 HisKA                PF00512.30    66   1.6e-12   45.1   0.1   1   1     3e-14   6.5e-12   43.1   0.0     2    63   399   456   398   459 0.94 GCF_020567525.1
LFLC01000025.1_38        -            626 HisKA                PF00512.30    66   5.9e-12   43.2   0.1   1   1   8.1e-14   1.7e-11   41.7   0.0     3    62   418   478   416   482 0.92 GCA_001543015.1
NZ_RKLT01000002.1_645    -            238 HisKA                PF00512.30    66   2.3e-11   41.4   0.2   1   1   1.8e-13   3.9e-11   40.6   0.2     2    64    34    92    33    94 0.95 GCF_019599505.1
NZ_JADDKQ010000016.1_68  -            642 HisKA                PF00512.30    66   4.2e-11   40.5   0.5   1   1   1.9e-13   4.2e-11   40.5   0.5     3    66   427   493   425   493 0.93 GCF_016464425.1
JACNFR010000009.1_5      -            225 HisKA                PF00512.30    66   1.2e-10   39.0   0.6   1   1   1.2e-12   2.6e-10   38.0   0.6     3    64    35    98    33   100 0.92 GCA_014384555.1
LDXL01000006.1_130       -            509 HisKA                PF00512.30    66   1.3e-10   38.9   0.4   1   1   1.7e-12   3.7e-10   37.5   0.2     5    63   288   349   284   352 0.86 GCA_001443365.1
JAATVS010000692.1_8      -            606 HisKA                PF00512.30    66   1.2e-09   35.8   1.3   1   1   1.6e-11   3.4e-09   34.4   1.3     2    65   386   454   385   455 0.86 GCA_014523695.1
NZ_CP096659.1_3230       -            792 HisKA                PF00512.30    66   4.4e-09   34.0   0.0   1   1     7e-11   1.5e-08   32.3   0.0     3    63   591   647   589   650 0.94 GCF_023238205.1
CP060262.1_2227          -           1206 HisKA                PF00512.30    66   5.2e-09   33.8   0.0   1   1   9.4e-11     2e-08   31.9   0.0     6    61   819   875   814   878 0.94 GCA_022646745.1
NZ_CP100000.1_3254       -            632 HisKA                PF00512.30    66   3.4e-08   31.2   0.4   1   1     5e-10   1.1e-07   29.6   0.4     3    62   430   484   428   487 0.90 GCF_024138165.1
NZ_CP031310.1_2103       -            375 HisKA                PF00512.30    66   6.7e-08   30.3   0.6   1   1   6.4e-10   1.4e-07   29.2   0.6     9    57   167   214   158   220 0.92 GCF_004799665.1
NZ_CP100000.1_234        -            379 HisKA                PF00512.30    66   2.8e-07   28.3   0.1   1   1   2.4e-09   5.2e-07   27.4   0.1     5    63   169   226   165   229 0.88 GCF_024138165.1
NZ_CP031310.1_2103   -            375 HisKA_4TM            PF16926.10   130   3.2e-07   28.0   8.8   1   1   8.6e-11   3.2e-07   28.0   8.8     2   129    15   142    14   143 0.94 GCF_004799665.1
NZ_JALJCL010000001.1_349 -            568 HisKA_7TM            PF16927.10   224   3.2e-57  191.7  16.3   1   1   2.4e-60   4.5e-57  191.2  16.3     5   224    14   244    10   244 0.95 GCF_023698535.1
NZ_FNYR01000027.1_10     -            589 HisKA_7TM            PF16927.10   224   8.6e-49  164.1  22.0   1   1   6.3e-52   1.2e-48  163.7  22.0     5   224    12   233     9   233 0.97 GCF_900109065.1
CAJWBY010000005.1_53 -            432 Histidinol_dh        PF00815.25   411  4.2e-160  531.0   1.6   1   1  2.8e-163  5.1e-160  530.7   1.6    11   411    31   430    21   430 0.97 GCA_913020705.1
PXSA01000026.1_1     -            156 Histidinol_dh        PF00815.25   411   9.7e-43  144.4   0.0   1   1   6.3e-46   1.2e-42  144.2   0.0     7   146    23   156    19   156 0.94 GCA_003023565.1
NZ_FOTC01000003.1_27 -            143 Histone              PF00125.29   122   1.5e-17   61.7   0.5   1   1   1.9e-14     7e-11   40.2   0.3    47   118    70   138    66   141 0.92 GCF_900114455.1
NZ_NHSQ01000046.1_8  -            308 Hist_deacetyl        PF00850.24   298   2.7e-29  100.2   0.0   1   1   3.7e-31   1.4e-27   94.6   0.0     7   288    32   285    25   292 0.84 GCF_016653465.1
UYNY01000063.1_8     -            252 His_biosynth         PF00977.26   228   3.1e-74  247.0   0.3   1   1     1e-77   3.9e-74  246.7   0.3     1   225     6   232     6   234 0.98 GCA_900620265.1
JADKAQ010000016.1_47 -            378 His_kinase           PF06580.18    81   3.1e-25   86.0   0.0   1   1   1.2e-28   4.6e-25   85.5   0.0     1    81   162   241   162   241 0.94 GCA_016719105.1
NZ_MWLL01000203.1_5  -            192 His_Phos_1           PF00300.27   194   2.1e-47  159.1   2.6   1   1   1.3e-50   2.3e-47  158.9   2.6     1   192     8   191     8   192 0.95 GCF_002198675.1
VXON01000053.1_22    -            157 His_Phos_1           PF00300.27   194   1.4e-13   48.7   0.0   1   1   1.3e-16   2.4e-13   47.9   0.0     1    78     3    81     3    84 0.91 GCA_009840065.1
NZ_CP095757.1_420     -            173 HIT                  PF01230.28    98   1.6e-29  100.2   0.0   1   1   1.7e-32     2e-29   99.9   0.0     2    97    45   140    44   141 0.98 GCF_023093535.1
NZ_AOLJ01000011.1_679 -            138 HIT                  PF01230.28    98   1.1e-28   97.5   0.2   1   1   1.1e-31   1.4e-28   97.2   0.2     3    97    13   107    11   108 0.98 GCF_000336775.1
JAJXYX010000059.1_41  -            168 HIT                  PF01230.28    98   1.2e-22   78.2   0.4   1   1   1.4e-25   1.8e-22   77.6   0.4     4    95    35   126    33   128 0.97 GCA_021780355.1
JADKAQ010000002.1_550 -            297 HlyD_3               PF13437.11   106   6.4e-16   56.8   6.9   1   1   3.4e-18   1.3e-14   52.6   0.3     2    95   166   271   165   287 0.80 GCA_016719105.1
JADKAQ010000002.1_550 -            297 HlyD_D23             PF16576.10   214   1.1e-14   51.9   5.7   1   1   1.3e-16   4.8e-13   46.6   5.7    18   213    26   281    23   282 0.78 GCA_016719105.1
NZ_CP100762.1_1168   -             71 HMA                  PF00403.31    62   5.8e-14   50.0   0.0   1   1   3.5e-17   6.4e-14   49.9   0.0     2    62     7    67     6    67 0.97 GCF_024296665.1
NC_019964.1_3075     -            881 HMA                  PF00403.31    62   1.6e-11   42.2   0.0   1   1   4.4e-14   8.1e-11   39.9   0.0     2    62    82   142    81   142 0.98 GCF_000328525.1
JACZTB010000005.1_5  -            202 HMBD                 PF19335.4     28   4.4e-09   33.9   1.0   1   1   2.5e-12   9.2e-09   32.9   1.0     6    27     1    22     1    23 0.97 GCA_022573895.1
NZ_CP085337.1_802    -            385 HMGL-like            PF00682.24   260   1.4e-69  232.1   5.3   1   1   4.9e-73   1.8e-69  231.8   5.3     2   260    20   274    19   274 0.98 GCF_020618475.1
RKRU01000176.1_4     -            325 HNH                  PF01844.28    47   2.2e-13   47.9   0.5   1   1   2.9e-16   2.2e-13   47.9   0.5     1    47   170   215   170   215 0.93 GCA_007571225.1
NZ_CP035119.1_347    -            228 HNH                  PF01844.28    47   7.7e-10   36.6   7.4   1   1   2.2e-12   1.6e-09   35.5   7.4     1    44   158   209   158   212 0.88 GCF_004087835.1
NZ_CP026995.1_1607   -            239 HNH                  PF01844.28    47   5.9e-07   27.3   4.7   1   1   1.6e-09   1.2e-06   26.4   4.7     1    47   185   233   185   233 0.94 GCF_013407185.1
UYNY01000031.1_98    -            509 HNH                  PF01844.28    47   8.7e-07   26.8   0.0   1   1   2.4e-09   1.8e-06   25.8   0.0     1    47   362   407   362   407 0.92 GCA_900620265.1
JACZSC010000114.1_4  -            163 HNH                  PF01844.28    47   9.2e-06   23.5   8.1   1   1   2.2e-08   1.6e-05   22.7   8.1     1    47   122   163   122   163 0.92 GCA_022574415.1
NZ_JADDKQ010000003.1_161 -            294 HNH_2                PF13391.11    66   2.6e-09   34.6   0.8   1   1   1.3e-12   4.9e-09   33.7   0.8     1    64   188   236   188   238 0.87 GCF_016464425.1
UYNY01000031.1_98    -            509 HNH_4                PF13395.11    54   1.2e-08   32.5   0.0   1   1   5.2e-12   1.9e-08   31.9   0.0     1    53   362   409   362   410 0.88 GCA_900620265.1
RKRU01000176.1_4     -            325 HNH_5                PF14279.11    56     3e-14   50.5   3.3   1   1   2.5e-17   9.1e-14   48.9   0.3     1    51   170   220   170   225 0.94 GCA_007571225.1
NZ_CP100762.1_2425   -            176 HNOB                 PF07700.20   163   2.1e-25   87.3   0.0   1   1   6.2e-29   2.3e-25   87.2   0.0     1   153     2   148     2   158 0.94 GCF_024296665.1
LFEZ01000013.1_8     -            338 Homoserine_dh        PF00742.24   173   4.3e-57  190.5   0.3   1   1   1.9e-60     7e-57  189.8   0.3     1   173   156   329   156   329 0.99 GCA_001510295.1
JADFQH010000003.1_4  -            305 HpcH_HpaI            PF03328.19   221   4.4e-27   92.5   0.0   1   1   1.7e-30   6.4e-27   92.0   0.0    21   219    83   292    70   293 0.88 GCA_022561895.1
NZ_CP044523.1_520    -            513 HPP                  PF04982.18   122   4.3e-13   47.2   7.3   1   1     4e-16   1.5e-12   45.5   7.3     1    99    67   178    67   213 0.79 GCF_008831545.1
NZ_CP100445.1_3683   -           1377 Hpt                  PF01627.28    84   1.5e-21   74.2   5.6   1   1   2.5e-24   9.1e-21   71.7   0.6     1    82     3   102     3   104 0.95 GCF_024227435.1
NZ_CP031310.1_2166   -             86 HrcA_DNA-bdg         PF03444.20    79   3.9e-07   27.4   0.0   1   1   2.6e-10   4.8e-07   27.1   0.0     3    75     2    71     1    74 0.93 GCF_004799665.1
CAJWBY010000188.1_6  -            273 HRDC                 PF00570.28    68     4e-22   75.7   0.0   1   1   3.4e-25   6.3e-22   75.1   0.0     4    68   192   256   189   256 0.97 GCA_913020705.1
CAJWBY010000004.1_35 -            379 HRDC                 PF00570.28    68   2.8e-14   50.6   0.0   1   1   3.4e-17   6.2e-14   49.5   0.0     2    66   214   278   213   280 0.95 GCA_913020705.1
NZ_NHSQ01000084.1_117 -            165 HSP20                PF00011.26   102     9e-25   84.5   0.7   1   1   9.4e-28   1.1e-24   84.2   0.7     3   102    67   165    65   165 0.92 GCF_016653465.1
NZ_WUYX01000071.1_34  -            121 HSP20                PF00011.26   102   2.3e-13   47.9   0.0   1   1   2.2e-16   2.7e-13   47.7   0.0     3   100    20   114    18   116 0.88 GCF_009834785.1
NZ_PEND01000004.1_39  -            165 HSP20                PF00011.26   102   5.8e-08   30.5   0.0   1   1   1.2e-10   1.4e-07   29.3   0.0     2    91    36   128    35   137 0.83 GCF_002844195.1
NZ_QPII01000001.1_333 -            284 HTH_1                PF00126.32    60   2.1e-21   73.4   1.8   1   1     3e-24   5.6e-21   72.0   1.8     2    59     8    66     7    67 0.94 GCF_003336675.1
NZ_FOTC01000003.1_322    -            219 HTH_10               PF04967.17    53   2.1e-22   76.5   0.2   1   1     2e-24   3.5e-22   75.8   0.2     1    52   161   212   161   213 0.98 GCF_900114455.1
NZ_OBEJ01000001.1_888    -            706 HTH_10               PF04967.17    53   1.2e-21   74.0   0.0   1   1   2.2e-23   3.8e-21   72.4   0.0     1    53   643   695   643   695 0.98 GCF_900215575.1
NZ_AOLK01000011.1_212    -           1059 HTH_10               PF04967.17    53   2.8e-21   72.9   0.0   1   1   1.2e-22   2.2e-20   70.0   0.0     1    53  1003  1055  1003  1055 0.98 GCF_000336755.1
NZ_AQXI01000001.1_14     -            222 HTH_10               PF04967.17    53   3.3e-21   72.6   0.0   1   1   3.1e-23   5.5e-21   71.9   0.0     1    52   148   199   148   200 0.98 GCF_000376445.1
NZ_FNFE01000005.1_157    -            565 HTH_10               PF04967.17    53   3.7e-21   72.5   0.1   1   1   4.1e-23   7.2e-21   71.5   0.1     1    53   508   560   508   560 0.98 GCF_900100335.1
NZ_AOJI01000002.1_152    -             78 HTH_10               PF04967.17    53     2e-20   70.1   0.0   1   1   1.4e-22   2.4e-20   69.9   0.0     1    52    21    72    21    73 0.98 GCF_000336995.1
NZ_CP084469.1_2750       -            381 HTH_10               PF04967.17    53     2e-20   70.1   0.0   1   1   1.9e-22   3.3e-20   69.4   0.0     1    52   318   369   318   370 0.98 GCF_020405205.1
NZ_WRXM01000005.1_100    -           1420 HTH_10               PF04967.17    53   5.5e-20   68.7   0.0   1   1   1.7e-21     3e-19   66.4   0.0     1    53  1346  1398  1346  1398 0.98 GCF_010119205.1
NZ_CP095487.1_1533       -            217 HTH_10               PF04967.17    53   1.5e-19   67.3   0.1   1   1   1.3e-21   2.3e-19   66.7   0.1     1    53   156   208   156   208 0.98 GCF_023028345.1
NZ_PHNJ01000004.1_112    -            218 HTH_10               PF04967.17    53   3.9e-19   66.0   0.1   1   1   3.5e-21   6.1e-19   65.4   0.1     1    53   153   205   153   205 0.98 GCF_008122205.1
NZ_PHNJ01000008.1_81     -            763 HTH_10               PF04967.17    53   8.5e-19   64.9   0.0   1   1   1.2e-20     2e-18   63.7   0.0     1    52   701   752   701   753 0.96 GCF_008122205.1
NZ_RKLT01000002.1_606    -           1116 HTH_10               PF04967.17    53   9.1e-19   64.8   0.0   1   1   1.1e-20   1.9e-18   63.8   0.0     1    52  1059  1110  1059  1111 0.98 GCF_019599505.1
NZ_JAAAJC010000003.1_143 -            227 HTH_10               PF04967.17    53   1.8e-17   60.7   0.0   1   1   1.7e-19   2.9e-17   60.0   0.0     1    53   156   208   156   208 0.98 GCF_009900715.1
NZ_JANHJR010000001.1_260 -            219 HTH_10               PF04967.17    53   7.2e-17   58.7   0.0   1   1     6e-19   1.1e-16   58.2   0.0     1    51   162   212   162   214 0.96 GCF_024495425.1
NZ_CP035120.1_17         -            214 HTH_10               PF04967.17    53   3.8e-16   56.4   0.1   1   1   7.5e-18   1.3e-15   54.7   0.1     2    52   157   207   156   208 0.97 GCF_004087835.1
NZ_JAJCVI010000002.1_388 -            227 HTH_10               PF04967.17    53   1.6e-15   54.5   0.1   1   1   1.5e-17   2.6e-15   53.7   0.1     1    52   169   220   169   221 0.95 GCF_020567525.1
AOLX01000017.1_80        -            221 HTH_10               PF04967.17    53   2.6e-15   53.7   0.0   1   1   2.3e-17     4e-15   53.1   0.0     1    52   158   209   158   210 0.98 GCA_000336895.1
NZ_CP095482.1_1929       -           1355 HTH_10               PF04967.17    53   9.3e-15   52.0   0.0   1   1   1.5e-16   2.7e-14   50.5   0.0     1    52  1292  1343  1292  1344 0.96 GCF_023028225.1
NZ_CP044130.1_165        -            238 HTH_10               PF04967.17    53   4.6e-14   49.7   0.1   1   1   4.2e-16   7.4e-14   49.1   0.1     3    52   182   231   180   232 0.95 GCF_009617995.1
PXSA01000026.1_8         -             84 HTH_10               PF04967.17    53   1.6e-13   48.0   0.0   1   1   1.7e-15     3e-13   47.1   0.0     1    53    25    73    25    73 0.97 GCA_003023565.1
NZ_LWHG01000029.1_102    -            234 HTH_10               PF04967.17    53     2e-13   47.7   0.0   1   1   1.9e-15   3.4e-13   47.0   0.0     1    53   170   222   170   222 0.93 GCF_001625445.1
NZ_LWHG01000028.1_332 -            188 HTH_11               PF08279.17    55   3.3e-12   43.9   0.0   1   1   1.3e-14     6e-12   43.0   0.0     8    54    11    54     4    55 0.90 GCF_001625445.1
SZNP01000009.1_214    -            317 HTH_11               PF08279.17    55   1.6e-11   41.7   0.0   1   1   6.2e-14   2.8e-11   40.9   0.0     8    54    11    54     4    55 0.88 GCA_005239435.1
NZ_LWHG01000031.1_142 -            255 HTH_11               PF08279.17    55   1.9e-08   31.9   0.1   1   1     8e-11   3.7e-08   30.9   0.1     1    47     6    50     6    59 0.85 GCF_001625445.1
PXRK01000024.1_5      -             88 HTH_11               PF08279.17    55   1.1e-07   29.4   0.0   1   1   3.1e-10   1.4e-07   29.0   0.0    12    45     5    38     1    48 0.85 GCA_003021015.1
SZNP01000001.1_1090   -            247 HTH_11               PF08279.17    55   3.5e-07   27.8   0.0   1   1   2.3e-09     1e-06   26.3   0.0     5    44    12    51    10    63 0.78 GCA_005239435.1
NZ_BBJP01000023.1_115 -            206 HTH_11               PF08279.17    55   7.7e-07   26.7   0.0   1   1   3.7e-09   1.7e-06   25.6   0.0     8    43   127   160   123   168 0.83 GCF_000739595.1
JAATVS010000148.1_13  -             54 HTH_11               PF08279.17    55   9.5e-07   26.4   0.1   1   1   2.5e-09   1.2e-06   26.1   0.1     1    39    15    50    15    54 0.86 GCA_014523695.1
NZ_MWLL01000195.1_15  -             94 HTH_17               PF12728.12    51   2.6e-12   44.6   0.0   1   1   1.9e-15   3.5e-12   44.2   0.0     1    48    26    73    26    75 0.94 GCF_002198675.1
NZ_JADDKQ010000016.1_85 -            192 HTH_20               PF12840.12    51   6.6e-15   52.6   1.3   1   1   4.1e-17   6.6e-15   52.6   1.3     2    50    17    63    16    64 0.97 GCF_016464425.1
NZ_PHNJ01000001.1_151   -            100 HTH_20               PF12840.12    51   1.4e-14   51.6   0.2   1   1   1.3e-16   2.1e-14   51.0   0.2     1    49     7    54     7    54 0.98 GCF_008122205.1
NZ_FNYR01000009.1_71    -            234 HTH_20               PF12840.12    51   8.9e-14   49.0   1.1   1   1   8.9e-15   1.4e-12   45.1   0.1     1    51    10    59    10    59 0.98 GCF_900109065.1
NZ_CP019067.1_1424      -            274 HTH_20               PF12840.12    51   1.3e-13   48.4   0.2   1   1   1.9e-15     3e-13   47.3   0.2     1    51    35    84    35    84 0.97 GCF_001989615.1
NZ_LWHG01000029.1_95    -            113 HTH_20               PF12840.12    51   7.4e-13   46.0   0.3   1   1   6.5e-15     1e-12   45.6   0.3     1    50    36    84    36    85 0.97 GCF_001625445.1
JADKAQ010000014.1_220   -            117 HTH_20               PF12840.12    51   2.8e-12   44.2   0.3   1   1   3.6e-14   5.8e-12   43.2   0.3     1    50    19    68    19    69 0.97 GCA_016719105.1
JAKCFJ010000001.1_2386  -            120 HTH_20               PF12840.12    51   4.7e-12   43.5   0.0   1   1   3.9e-14   6.3e-12   43.1   0.0     1    49    34    81    34    83 0.96 GCA_025041175.1
NZ_AOLK01000019.1_125   -            202 HTH_20               PF12840.12    51   7.4e-11   39.6   0.0   1   1   8.6e-13   1.4e-10   38.8   0.0     1    48    37    83    37    86 0.94 GCF_000336755.1
NZ_AOJI01000022.1_52    -            167 HTH_20               PF12840.12    51   1.5e-10   38.6   1.4   1   1   1.6e-09   2.5e-07   28.3   0.1     4    49    77   122    74   124 0.96 GCF_000336995.1
SZNP01000009.1_214      -            317 HTH_20               PF12840.12    51   3.2e-10   37.6   0.3   1   1   5.5e-12   8.8e-10   36.2   0.0     3    47     2    45     1    45 0.97 GCA_005239435.1
CP094974.1_1594         -            113 HTH_20               PF12840.12    51   4.9e-10   37.0   1.4   1   1   3.1e-12   4.9e-10   37.0   1.4     1    49    10    57    10    59 0.96 GCA_022869805.1
NZ_CP085336.1_1307      -             95 HTH_20               PF12840.12    51   7.5e-10   36.4   0.4   1   1     7e-12   1.1e-09   35.9   0.4     4    50    16    61    14    62 0.97 GCF_020618475.1
NZ_CP085336.1_520       -            184 HTH_20               PF12840.12    51   3.4e-09   34.3   0.2   1   1   6.2e-11   9.9e-09   32.8   0.2     3    50    26    77    24    78 0.90 GCF_020618475.1
NZ_LWHG01000028.1_332   -            188 HTH_20               PF12840.12    51   7.9e-09   33.2   0.2   1   1   1.3e-10     2e-08   31.8   0.0     3    46     2    44     1    49 0.93 GCF_001625445.1
PXRK01000024.1_5        -             88 HTH_20               PF12840.12    51   1.7e-08   32.1   0.1   1   1   2.7e-10   4.3e-08   30.8   0.0    19    49    10    40     1    42 0.91 GCA_003021015.1
NZ_CP031310.1_1355      -            124 HTH_20               PF12840.12    51     1e-07   29.6   0.4   1   1   2.5e-09     4e-07   27.7   0.3     1    50    47    95    47    96 0.94 GCF_004799665.1
NZ_CVUA01000001.1_1769  -            114 HTH_20               PF12840.12    51   1.4e-07   29.2   0.1   1   1   2.3e-09   3.7e-07   27.8   0.1     2    51    29    77    28    77 0.90 GCF_001282785.1
NZ_RDFA01000002.1_210   -            119 HTH_20               PF12840.12    51     2e-07   28.7   2.9   1   1   2.9e-09   4.6e-07   27.5   2.9     1    48    23    83    23    84 0.86 GCF_004118325.1
NZ_WRXM01000001.1_417   -            350 HTH_20               PF12840.12    51   2.1e-07   28.6   0.0   1   1   2.8e-09   4.6e-07   27.5   0.0    11    50    29    67    22    68 0.90 GCF_010119205.1
BGOU01000010.1_49     -            146 HTH_23               PF13384.11    50   3.6e-08   30.8   0.5   1   1   8.6e-11   1.1e-07   29.3   0.2     3    46     4    46     2    50 0.91 GCA_003569705.1
NZ_CP035119.1_347     -            228 HTH_23               PF13384.11    50   3.5e-07   27.6   0.0   1   1   1.3e-09   1.6e-06   25.5   0.0    14    41    15    42    12    46 0.90 GCF_004087835.1
QQVN01000005.1_531        -            168 HTH_24               PF13412.11    48   1.3e-18   64.1   0.1   1   2   9.9e-11   1.1e-08   32.2   0.0     3    48     4    49     2    49 0.92 GCA_003352285.1
QQVN01000005.1_531        -            168 HTH_24               PF13412.11    48   1.3e-18   64.1   0.1   2   2   1.2e-09   1.4e-07   28.8   0.0     3    47    78   123    76   124 0.88 GCA_003352285.1
NZ_CP095757.1_34          -            160 HTH_24               PF13412.11    48   1.4e-15   54.4   0.9   1   1   3.3e-17   3.8e-15   53.0   0.2     1    47     8    55     8    56 0.98 GCF_023093535.1
JALDAN010000024.1_5       -            151 HTH_24               PF13412.11    48   2.2e-14   50.5   0.1   1   1   1.7e-15     2e-13   47.5   0.1     1    48     2    49     2    49 0.97 GCA_022729355.1
SZNP01000001.1_1090       -            247 HTH_24               PF13412.11    48   7.6e-14   48.8   0.0   1   1   1.3e-15   1.5e-13   47.9   0.0     1    48     5    53     5    53 0.98 GCA_005239435.1
NZ_AOLJ01000011.1_114     -            259 HTH_24               PF13412.11    48   2.6e-11   40.7   0.0   1   1     4e-13   4.6e-11   39.9   0.0     3    48    11    57     9    57 0.95 GCF_000336775.1
AOLX01000027.1_327        -            164 HTH_24               PF13412.11    48     6e-10   36.3   0.4   1   1   1.7e-11     2e-09   34.7   0.2     5    48     4    47     2    47 0.97 GCA_000336895.1
NZ_AOJI01000022.1_52      -            167 HTH_24               PF13412.11    48   6.1e-10   36.3   0.0   1   1   3.9e-08   4.5e-06   23.9   0.0     2    48    76   122    75   122 0.96 GCF_000336995.1
NZ_AOLN01000018.1_561     -            375 HTH_24               PF13412.11    48   1.4e-09   35.2   0.0   1   1   2.6e-11   2.9e-09   34.1   0.0     3    48   127   173   125   173 0.95 GCF_000337815.1
JAKCFJ010000001.1_2386    -            120 HTH_24               PF13412.11    48   1.5e-09   35.1   0.2   1   1   2.4e-11   2.8e-09   34.2   0.2     4    48    38    81    36    81 0.96 GCA_025041175.1
SZNP01000004.1_596        -            256 HTH_24               PF13412.11    48   8.8e-09   32.6   0.0   1   1   1.2e-10   1.3e-08   32.0   0.0     6    47    19    60    15    61 0.94 GCA_005239435.1
NZ_BBJP01000023.1_115     -            206 HTH_24               PF13412.11    48   1.4e-08   32.0   0.1   1   1   7.8e-09     9e-07   26.2   0.0     9    47   124   162   116   163 0.89 GCF_000739595.1
NZ_FNYR01000009.1_71      -            234 HTH_24               PF13412.11    48   1.5e-08   31.9   1.5   1   1     5e-09   5.8e-07   26.8   0.4     2    48    12    57    12    57 0.94 GCF_900109065.1
NZ_CVUA01000001.1_1846    -             98 HTH_24               PF13412.11    48   2.7e-08   31.1   0.0   1   1   3.2e-10   3.7e-08   30.6   0.0    11    48    23    60    15    60 0.95 GCF_001282785.1
SZNP01000009.1_214        -            317 HTH_24               PF13412.11    48   2.7e-08   31.0   0.0   1   1   8.1e-10   9.3e-08   29.3   0.0     1    46     1    45     1    45 0.97 GCA_005239435.1
NZ_CP035119.1_347         -            228 HTH_24               PF13412.11    48   1.2e-07   29.0   0.0   1   1     2e-09   2.3e-07   28.0   0.0    15    40    16    41    13    42 0.94 GCF_004087835.1
LDXL01000008.1_147        -            110 HTH_24               PF13412.11    48   1.4e-07   28.8   0.0   1   1   1.6e-09   1.8e-07   28.4   0.0    10    48    56    94    50    94 0.89 GCA_001443365.1
NZ_MU078716.1_68          -             78 HTH_24               PF13412.11    48   1.7e-07   28.5   0.2   1   1   6.7e-09   7.8e-07   26.4   0.2     5    48    16    60    12    60 0.93 GCF_014078545.1
NZ_LWHG01000028.1_332     -            188 HTH_24               PF13412.11    48   2.5e-07   28.0   0.0   1   1   4.8e-09   5.5e-07   26.8   0.0     1    46     1    45     1    45 0.96 GCF_001625445.1
JAATVR010000777.1_12      -            150 HTH_24               PF13412.11    48   2.7e-07   27.8   0.7   1   1   2.4e-09   2.7e-07   27.8   0.7     1    43     1    43     1    44 0.96 GCA_014523665.1
CP094974.1_1594           -            113 HTH_24               PF13412.11    48   4.8e-07   27.0   0.2   1   1   8.2e-09   9.4e-07   26.1   0.2    19    47    28    56    25    57 0.93 GCA_022869805.1
NZ_CP019067.1_1424        -            274 HTH_24               PF13412.11    48   7.5e-07   26.4   0.0   1   1   1.2e-08   1.4e-06   25.6   0.0     3    48    38    82    36    82 0.91 GCF_001989615.1
NZ_LWHG01000031.1_142     -            255 HTH_24               PF13412.11    48   9.9e-07   26.0   0.2   1   1   2.1e-08   2.4e-06   24.8   0.2     2    48     4    50     3    50 0.96 GCF_001625445.1
NZ_JADDKQ010000016.1_85   -            192 HTH_24               PF13412.11    48   1.2e-06   25.8   0.2   1   1     3e-08   3.5e-06   24.3   0.0     9    48    25    62    17    62 0.83 GCF_016464425.1
PXRK01000024.1_5          -             88 HTH_24               PF13412.11    48   1.4e-06   25.6   0.0   1   1   1.7e-08   1.9e-06   25.1   0.0    14    47     6    39     4    40 0.96 GCA_003021015.1
NZ_CP101156.1_508         -            125 HTH_24               PF13412.11    48   1.5e-06   25.5   0.0   1   1   2.2e-08   2.5e-06   24.8   0.0     3    48     6    51     4    51 0.97 GCF_024298845.1
JADKAQ010000014.1_220     -            117 HTH_24               PF13412.11    48   2.9e-06   24.5   0.0   1   1   4.3e-08     5e-06   23.8   0.0     2    48    21    67    21    67 0.98 GCA_016719105.1
QNGA01000001.1_602        -            181 HTH_24               PF13412.11    48   4.2e-06   24.0   0.1   1   1   8.2e-08   9.4e-06   22.9   0.0    11    48   131   168   120   168 0.86 GCA_003298465.1
NZ_LWHG01000029.1_95      -            113 HTH_24               PF13412.11    48   1.1e-05   22.7   0.0   1   1   1.7e-07   1.9e-05   21.9   0.0    19    48    54    83    38    83 0.81 GCF_001625445.1
JAHFTO010000030.1_16 -             79 HTH_26               PF13443.11    63   1.7e-05   22.7   0.0   1   1   7.7e-09   2.8e-05   22.1   0.0     2    55    13    65    13    65 0.96 GCA_023269355.1
NZ_MU078716.1_68      -             78 HTH_27               PF13463.11    68   3.8e-06   24.9   0.0   1   1   5.3e-09   6.5e-06   24.1   0.0     5    54    16    64    12    72 0.86 GCF_014078545.1
JACNFV010000162.1_5  -            186 HTH_3                PF01381.27    55   7.3e-11   39.7   0.1   1   1   2.2e-13   1.3e-10   38.9   0.1     3    50    11    59     9    61 0.95 GCA_014384445.1
JAHFTO010000030.1_16 -             79 HTH_3                PF01381.27    55   6.9e-10   36.6   0.0   1   1   1.4e-12   8.8e-10   36.3   0.0     1    55    13    67    13    67 0.94 GCA_023269355.1
NZ_MWLL01000195.1_14 -            194 HTH_3                PF01381.27    55   1.1e-09   36.0   0.0   1   1   2.6e-12   1.6e-09   35.4   0.0    10    55     1    46     1    46 0.97 GCF_002198675.1
JALDAN010000022.1_14 -            152 HTH_3                PF01381.27    55   1.7e-08   32.2   2.1   1   1   2.7e-11   1.7e-08   32.2   2.1     1    52    72   123    72   125 0.97 GCA_022729355.1
QNGA01000012.1_77    -            299 HTH_3                PF01381.27    55     2e-08   31.9   0.0   1   1   6.4e-11   3.9e-08   31.0   0.0     5    34    24    53    20    59 0.86 GCA_003298465.1
NZ_CP035119.1_347    -            228 HTH_3                PF01381.27    55   2.8e-07   28.2   0.0   1   1   9.4e-10   5.8e-07   27.2   0.0     9    38    18    47    16    49 0.88 GCF_004087835.1
JACNFV010000162.1_5  -            186 HTH_31               PF13560.11    64   3.4e-07   28.2   0.0   1   1   1.4e-10   5.3e-07   27.6   0.0     9    56    12    59    11    69 0.94 GCA_014384445.1
NZ_JAKUHT010000029.1_7 -            112 HTH_34               PF13601.11    80   1.8e-14   51.4   0.0   1   1   6.2e-18   2.3e-14   51.1   0.0     1    79    17    99    17   100 0.92 GCF_022436705.1
SCVO01000033.1_36    -            101 HTH_45               PF14947.11    77   1.8e-12   44.9   1.8   1   1     6e-16   2.2e-12   44.6   1.8     1    71    15    91    15    97 0.89 GCA_004322465.1
NZ_FNYR01000009.1_71    -            234 HTH_5                PF01022.25    47   5.7e-18   62.3   0.1   1   1   2.1e-19   3.9e-17   59.7   0.1     2    47    13    58    12    58 0.97 GCF_900109065.1
NZ_PHNJ01000001.1_151   -            100 HTH_5                PF01022.25    47   2.3e-15   54.0   0.0   1   1   1.8e-17   3.3e-15   53.5   0.0     2    46    10    54     9    54 0.97 GCF_008122205.1
NZ_CP031310.1_1355      -            124 HTH_5                PF01022.25    47   6.5e-15   52.5   0.8   1   1   1.5e-16   2.7e-14   50.6   0.5     4    46    52    94    49    95 0.97 GCF_004799665.1
NZ_CP085336.1_1307      -             95 HTH_5                PF01022.25    47   5.1e-13   46.5   0.0   1   1   4.5e-15   8.3e-13   45.8   0.0     2    46    16    60    15    61 0.97 GCF_020618475.1
QQVN01000005.1_531      -            168 HTH_5                PF01022.25    47   1.9e-12   44.6   0.0   1   1   4.9e-08     9e-06   23.3   0.0     5    45    81   123    78   124 0.90 GCA_003352285.1
NZ_BBJP01000023.1_115   -            206 HTH_5                PF01022.25    47     4e-08   30.8   0.0   1   1   1.1e-07   1.9e-05   22.2   0.0     6    45   123   162   119   164 0.92 GCF_000739595.1
JADKAQ010000014.1_220   -            117 HTH_5                PF01022.25    47   5.2e-08   30.4   0.0   1   1   4.6e-10   8.4e-08   29.8   0.0     1    47    21    68    21    68 0.91 GCA_016719105.1
NZ_ML974130.1_679       -            152 HTH_5                PF01022.25    47     8e-08   29.8   0.3   1   1   9.6e-10   1.8e-07   28.7   0.2     8    46    62   102    55   102 0.82 GCF_004143485.2
NZ_CP085336.1_520       -            184 HTH_5                PF01022.25    47   8.3e-08   29.8   0.4   1   1   1.8e-09   3.2e-07   27.9   0.1     3    46    28    76    26    76 0.95 GCF_020618475.1
SZNP01000004.1_596      -            256 HTH_5                PF01022.25    47   1.4e-07   29.0   0.0   1   1   1.6e-09     3e-07   28.0   0.0     7    45    21    60    17    61 0.93 GCA_005239435.1
NZ_CP095482.1_906       -            174 HTH_5                PF01022.25    47   1.1e-06   26.2   0.0   1   1     1e-08   1.9e-06   25.4   0.0    13    45    72   104    67   106 0.88 GCF_023028225.1
NZ_JADDKQ010000016.1_85 -            192 HTH_5                PF01022.25    47   4.7e-06   24.2   0.0   1   1   5.6e-08     1e-05   23.1   0.0     1    46    18    62    18    62 0.93 GCF_016464425.1
NZ_JALIQP010000002.1_33 -            207 HTH_5                PF01022.25    47   6.5e-06   23.7   0.0   1   1     6e-08   1.1e-05   23.0   0.0    10    46    94   130    89   131 0.93 GCF_023566055.1
PXRK01000024.1_5        -             88 HTH_5                PF01022.25    47   7.4e-06   23.5   0.0   1   1   5.5e-08     1e-05   23.1   0.0    16    47    10    41     6    41 0.95 GCA_003021015.1
NZ_AOLJ01000011.1_114   -            259 HTH_5                PF01022.25    47   7.7e-06   23.5   0.0   1   1   8.3e-08   1.5e-05   22.5   0.0     3    47    12    58    10    58 0.90 GCF_000336775.1
NZ_FOCX01000019.1_73 -            176 HTH_63               PF20575.3    148   1.7e-44  148.9   1.1   1   1   6.1e-48   2.2e-44  148.4   1.1     5   145    23   165    19   167 0.96 GCF_900110215.1
JALDAN010000024.1_5  -            151 HTH_AsnC-type        PF13404.11    42   3.7e-15   53.3   0.6   1   1   7.4e-18   6.9e-15   52.4   0.1     1    42     2    43     2    43 0.99 GCA_022729355.1
NZ_CP095757.1_34     -            160 HTH_AsnC-type        PF13404.11    42   9.3e-15   52.0   0.4   1   1   3.3e-17   3.1e-14   50.3   0.4     1    42     8    50     8    50 0.96 GCF_023093535.1
SZNP01000001.1_1090  -            247 HTH_AsnC-type        PF13404.11    42   5.7e-12   43.0   0.3   1   1   1.5e-14   1.3e-11   41.9   0.3     1    42     5    47     5    47 0.98 GCA_005239435.1
JAATVR010000777.1_12 -            150 HTH_AsnC-type        PF13404.11    42     7e-08   30.0   0.2   1   1   2.6e-10   2.4e-07   28.3   0.1     1    42     1    42     1    42 0.98 GCA_014523665.1
NZ_BBJP01000023.1_115 -            206 HTH_Crp_2            PF13545.11    70   2.2e-08   31.7   0.1   1   1   3.4e-11   4.2e-08   30.8   0.1    22    68   132   177   110   179 0.84 GCF_000739595.1
NZ_LWHG01000031.1_142 -            255 HTH_DeoR             PF08220.17    57   3.5e-14   50.1   0.9   1   1   3.4e-17   6.2e-14   49.3   0.2     1    53     6    58     6    62 0.95 GCF_001625445.1
SZNP01000004.1_596      -            256 HTH_IclR             PF09339.15    52   3.2e-14   50.2   0.0   1   1   4.3e-16   1.6e-13   48.0   0.0     2    49    15    61    14    64 0.95 GCA_005239435.1
NZ_AOJH01000006.1_11    -            170 HTH_IclR             PF09339.15    52   7.2e-09   33.1   0.1   1   1   5.3e-11     2e-08   31.7   0.0    15    51    40    76    37    77 0.94 GCF_000337355.1
NZ_JAJCVI010000007.1_50 -            462 HTH_IclR             PF09339.15    52   7.9e-09   33.0   0.6   1   1   5.8e-11   2.1e-08   31.6   0.1     6    51   242   285   241   286 0.96 GCF_020567525.1
NZ_CVUA01000001.1_1769  -            114 HTH_IclR             PF09339.15    52   3.1e-08   31.1   0.8   1   1   2.2e-10   8.1e-08   29.7   0.2     7    50    35    76    33    78 0.93 GCF_001282785.1
QNGA01000001.1_602      -            181 HTH_IclR             PF09339.15    52   4.8e-07   27.2   0.1   1   1     3e-09   1.1e-06   26.1   0.0    11    50   130   169   127   171 0.92 GCA_003298465.1
NZ_PHNJ01000001.1_151   -            100 HTH_IclR             PF09339.15    52   7.3e-07   26.6   0.1   1   1   3.4e-09   1.3e-06   25.9   0.1     6    49    13    54    13    55 0.94 GCF_008122205.1
NZ_CP095482.1_906       -            174 HTH_IclR             PF09339.15    52   4.8e-06   24.1   0.0   1   1   2.8e-08     1e-05   23.0   0.0    16    50    72   106    67   108 0.88 GCF_023028225.1
NZ_AOLJ01000011.1_114   -            259 HTH_IclR             PF09339.15    52   6.2e-06   23.7   0.0   1   1   4.4e-08   1.6e-05   22.4   0.0     6    51    14    59    14    60 0.96 GCF_000336775.1
JALDAN010000024.1_5     -            151 HTH_IclR             PF09339.15    52   1.3e-05   22.6   0.0   1   1   5.6e-08   2.1e-05   22.0   0.0     7    48     8    48     7    50 0.93 GCA_022729355.1
NZ_FOCX01000009.1_84 -            420 HTH_OrfB_IS605       PF12323.13    47   2.2e-08   31.3   0.6   1   1   1.3e-11   4.8e-08   30.2   0.6     1    36     1    35     1    43 0.93 GCF_900110215.1
JADKAQ010000016.1_41 -            573 HupE_UreJ_2          PF13795.11   156   2.8e-44  148.3   8.4   1   1   1.4e-47   5.3e-44  147.4   8.4     1   153   210   358   210   361 0.93 GCA_016719105.1
NZ_CP095482.1_1903    -            141 HxlR                 PF01638.22    91   5.7e-24   81.6   0.0   1   1   7.9e-27   7.2e-24   81.3   0.0     1    87    35   122    35   126 0.96 GCF_023028225.1
NC_010085.1_1797      -            130 HxlR                 PF01638.22    91   6.8e-23   78.1   0.0   1   1   9.5e-26   8.7e-23   77.8   0.0     1    87    20   107    20   110 0.97 GCF_000018465.1
JAIOPB010000036.1_18  -             56 HxlR                 PF01638.22    91   3.1e-16   56.8   0.6   1   1   3.6e-19   3.3e-16   56.7   0.6    34    88     1    55     1    56 0.97 GCA_021414105.1
NZ_LQMW01000022.1_117 -            175 HxlR                 PF01638.22    91   1.9e-06   25.4   0.1   1   1   3.3e-09     3e-06   24.8   0.1     8    84     8    86     5    92 0.85 GCF_001541925.1
NZ_CP099998.1_16     -            694 Hydantoinase_A       PF01968.23   291   4.2e-92  306.2   6.2   1   1   1.5e-95   5.5e-92  305.8   0.8     1   288   213   500   213   503 0.99 GCF_024138145.1
NZ_CP095757.1_783    -            613 Hydantoinase_B       PF02538.19   519  4.3e-160  531.3   0.2   1   1  1.4e-163  5.2e-160  531.0   0.2     1   519     5   533     5   533 0.94 GCF_023093535.1
NZ_CP099998.1_16     -            694 Hydant_A_C           PF19278.4    193   2.9e-26   89.8   0.0   1   1   1.2e-29   4.6e-26   89.1   0.0    13   188   517   689   514   694 0.95 GCF_024138145.1
NZ_CP099998.1_16     -            694 Hydant_A_N           PF05378.18   176   3.7e-46  154.8   1.0   1   1   9.9e-50   3.7e-46  154.8   1.0     2   175     5   192     4   193 0.96 GCF_024138145.1
JADKAQ010000001.1_77     -            621 Hydrolase            PF00702.31   191   7.2e-28   96.0   1.1   1   1   1.6e-30   7.2e-28   96.0   1.1     3   191   311   525   309   525 0.88 GCA_016719105.1
NC_019964.1_3075         -            881 Hydrolase            PF00702.31   191   1.1e-23   82.3   4.1   1   1   6.8e-25   3.1e-22   77.6   4.1     1   191   502   787   502   787 0.89 GCF_000328525.1
s5a1_contig_1_575        -            219 Hydrolase            PF00702.31   191   2.1e-20   71.7   1.2   1   1   5.8e-23   2.7e-20   71.3   1.2     2   191     4   181     3   181 0.80 s5a-1
NZ_JAMZIE010000002.1_574 -            256 Hydrolase            PF00702.31   191   9.5e-18   63.0   0.4   1   1   1.2e-18   5.6e-16   57.2   0.4     4   191     4   219     1   219 0.77 GCF_024178165.1
NZ_NHSQ01000084.1_111    -            222 Hydrolase            PF00702.31   191   2.2e-17   61.8   0.0   1   1   5.9e-20   2.7e-17   61.5   0.0     1   191     7   183     7   183 0.83 GCF_016653465.1
NZ_CP095491.1_3251       -            232 Hydrolase            PF00702.31   191   4.2e-16   57.6   1.6   1   1   1.3e-18   6.2e-16   57.1   1.6     3   191     4   182     4   182 0.79 GCF_023028105.1
JAATVT010000241.1_2      -            912 Hydrolase            PF00702.31   191   9.5e-16   56.5   0.0   1   1   1.4e-15   6.5e-13   47.2   0.0    87   191   557   673   465   673 0.85 GCA_014523685.1
NZ_AOLN01000001.1_200    -            222 Hydrolase            PF00702.31   191   1.2e-10   39.9   0.6   1   1   7.3e-13   3.4e-10   38.4   0.6     5   191     6   185     5   185 0.72 GCF_000337815.1
NZ_AOLN01000001.1_200 -            222 Hydrolase_3          PF08282.17   255   2.6e-26   90.6   0.0   1   2   3.5e-10   4.3e-07   27.6   0.0     1    73     5    73     5    90 0.89 GCF_000337815.1
NZ_AOLN01000001.1_200 -            222 Hydrolase_3          PF08282.17   255   2.6e-26   90.6   0.0   2   2     2e-20   2.5e-17   61.2   0.1   176   254   138   216   110   217 0.88 GCF_000337815.1
JAGXTE010000054.1_47     -            263 Hydrolase_4          PF12146.13   239   4.1e-19   66.6   0.0   1   1   2.8e-21     1e-18   65.3   0.0     5   238    24   248    21   249 0.74 GCA_018334095.1
JAFAQB010000083.1_7      -            294 Hydrolase_4          PF12146.13   239   5.8e-15   53.0   0.0   1   1   3.3e-16   1.2e-13   48.7   0.0     8   114    94   211    88   222 0.80 GCA_019246625.1
NZ_QURE01000033.1_2      -            435 Hydrolase_4          PF12146.13   239   7.4e-15   52.6   0.0   1   1   1.1e-14   4.2e-12   43.6   0.0    20   117    97   198    79   238 0.80 GCF_009898475.1
NZ_JAJFAY010000002.1_710 -            263 Hydrolase_4          PF12146.13   239   1.3e-14   51.8   0.1   1   1   1.3e-16   4.9e-14   49.9   0.1    32   238    48   242    43   243 0.79 GCF_021083305.1
NZ_MWLL01000189.1_49     -            265 Hydrolase_4          PF12146.13   239   2.9e-12   44.1   0.1   1   1   1.5e-14   5.6e-12   43.2   0.1     9   236    26   246    22   249 0.69 GCF_002198675.1
NZ_RDFA01000004.1_315    -            485 Hydrolase_4          PF12146.13   239   6.6e-11   39.7   0.0   1   1   2.2e-12   8.3e-10   36.1   0.0    20   232   237   443   213   449 0.65 GCF_004118325.1
NZ_BBMP01000023.1_84     -            204 Hydrolase_4          PF12146.13   239   5.9e-09   33.3   0.0   1   1     2e-11   7.5e-09   33.0   0.0     7   111    23   120    21   158 0.85 GCF_000755245.1
NZ_JAMZIE010000002.1_574 -            256 Hydrolase_6          PF13344.11   101   2.3e-26   89.5   0.1   1   1   2.8e-29     1e-25   87.5   0.0     2    99     5   102     4   104 0.97 GCF_024178165.1
NZ_JAMZIE010000002.1_574 -            256 Hydrolase_like       PF13242.11    75   6.9e-24   81.3   0.4   1   1   3.2e-26   3.9e-23   78.9   0.2     1    74   178   251   178   252 0.96 GCF_024178165.1
s5a1_contig_1_575        -            219 Hydrolase_like       PF13242.11    75   1.2e-11   42.1   0.2   1   1     3e-14   3.6e-11   40.6   0.2     2    59   141   198   140   218 0.86 s5a-1
NZ_CP095491.1_3251       -            232 Hydrolase_like       PF13242.11    75   1.2e-10   38.9   1.4   1   1   1.5e-13   1.8e-10   38.3   0.7     2    75   144   212   143   214 0.85 GCF_023028105.1
DP000238.1_516       -           1607 HYR                  PF02494.21    81   8.8e-84  273.7  73.6   1   9   1.6e-08     3e-05   22.1   0.1     2    80   417   491   416   492 0.83 GCA_000200715.1
DP000238.1_516       -           1607 HYR                  PF02494.21    81   8.8e-84  273.7  73.6   2   9   9.1e-09   1.7e-05   22.9   0.1     1    74   493   562   493   569 0.83 GCA_000200715.1
DP000238.1_516       -           1607 HYR                  PF02494.21    81   8.8e-84  273.7  73.6   3   9   2.2e-09     4e-06   24.9   0.8     2    81   571   645   570   645 0.80 GCA_000200715.1
DP000238.1_516       -           1607 HYR                  PF02494.21    81   8.8e-84  273.7  73.6   4   9   2.1e-08   3.8e-05   21.7   0.1     1    73   646   714   646   722 0.82 GCA_000200715.1
DP000238.1_516       -           1607 HYR                  PF02494.21    81   8.8e-84  273.7  73.6   5   9   4.3e-09   7.8e-06   23.9   0.6     1    81   723   799   723   799 0.76 GCA_000200715.1
DP000238.1_516       -           1607 HYR                  PF02494.21    81   8.8e-84  273.7  73.6   6   9   5.3e-09   9.8e-06   23.6   0.1     2    77   955  1026   954  1030 0.84 GCA_000200715.1
DP000238.1_516       -           1607 HYR                  PF02494.21    81   8.8e-84  273.7  73.6   7   9     4e-10   7.3e-07   27.2   0.3     2    81  1032  1106  1031  1106 0.84 GCA_000200715.1
DP000238.1_516       -           1607 HYR                  PF02494.21    81   8.8e-84  273.7  73.6   8   9   2.9e-09   5.4e-06   24.5   0.1     1    80  1107  1182  1107  1183 0.81 GCA_000200715.1
DP000238.1_516       -           1607 HYR                  PF02494.21    81   8.8e-84  273.7  73.6   9   9   7.1e-12   1.3e-08   32.8   0.6     2    81  1185  1260  1184  1260 0.87 GCA_000200715.1
BGOU01000010.1_43    -           1102 HYR                  PF02494.21    81   1.2e-08   33.0   5.6   1   1   6.5e-12   1.2e-08   33.0   5.6     2    81   271   348   270   348 0.85 GCA_003569705.1
JAKCFM010000002.1_17 -            615 H_lectin             PF09458.15    67   2.4e-09   35.0   0.1   1   1   1.3e-09   4.7e-06   24.4   0.1     2    56   150   200   149   213 0.83 GCA_025041195.1
SZNP01000004.1_596   -            256 IclR                 PF01614.23   128   8.1e-33  110.8   0.0   1   1   1.5e-35   5.6e-32  108.1   0.0     3   123   127   247   125   251 0.95 GCA_005239435.1
NZ_SOSC01000010.1_49 -            607 IF-2                 PF11987.13   117   1.1e-23   81.1   2.3   1   1   6.2e-27   2.3e-23   80.1   2.3     5   117   346   456   342   456 0.91 GCF_005049285.1
NZ_CP100445.1_2917        -            384 IF-2B                PF01008.22   280   6.1e-75  249.8   2.9   1   1     1e-77   1.3e-74  248.7   2.9     2   280    24   363    23   363 0.98 GCF_024227435.1
NZ_JANHDP010000002.1_647  -            283 IF-2B                PF01008.22   280   1.3e-45  153.5   0.3   1   1   1.3e-48   1.6e-45  153.2   0.3     2   274    14   277    13   279 0.94 GCF_024494695.1
NZ_JALLPK010000001.1_3667 -            420 IF-2B                PF01008.22   280   1.7e-44  149.8   1.0   1   1   1.9e-47   2.4e-44  149.4   1.0     2   276   141   397   140   400 0.87 GCF_023276375.1
NZ_CP019067.1_2690   -            127 IF5A-like_N          PF21485.2     63   7.1e-16   55.6   0.0   1   1   3.1e-19   1.1e-15   55.0   0.0     8    60     8    60     3    63 0.90 GCF_001989615.1
JAHFTO010000016.1_41 -            243 IGPS                 PF00218.26   254   3.3e-72  240.4   0.5   1   1   2.2e-75     4e-72  240.2   0.5    28   253    16   239     5   240 0.94 GCA_023269355.1
JADDOQ010000110.1_1  -            259 IGPS                 PF00218.26   254   5.2e-56  187.4   0.6   1   1   3.1e-59   5.7e-56  187.3   0.6    30   237    40   259    15   259 0.90 GCA_016782315.1
NZ_CP095757.1_3387   -            418 IlvC                 PF01450.24   144   7.9e-59  195.9   0.5   1   1   6.6e-62   1.2e-58  195.3   0.5     1   144   270   410   270   410 0.98 GCF_023093535.1
NZ_CP072036.1_1276   -            326 IlvC                 PF01450.24   144   9.6e-56  185.9   0.0   1   1   7.7e-59   1.4e-55  185.3   0.0     2   142   183   323   182   325 0.98 GCF_018847375.1
NZ_MWLL01000232.1_28 -            611 ILVD_EDD             PF00920.26   516  5.4e-170  564.1   0.0   1   1  1.7e-173  6.2e-170  563.9   0.0     1   516    72   593    72   593 0.95 GCF_002198675.1
NZ_CP095757.1_3387   -            418 IlvN                 PF07991.17   165   1.1e-71  237.6   0.1   1   1   2.3e-74   1.7e-71  236.9   0.1     2   165   101   264   100   264 0.99 GCF_023093535.1
NZ_CP072036.1_1276   -            326 IlvN                 PF07991.17   165   8.1e-69  228.2   0.3   1   1   1.6e-71   1.2e-68  227.7   0.3     2   165    14   176    13   176 0.99 GCF_018847375.1
JAAUVF010000069.1_8  -            225 IlvN                 PF07991.17   165   5.3e-67  222.3   0.1   1   1   9.3e-70   6.9e-67  221.9   0.1     2   159    15   172    14   177 0.99 GCA_012030815.1
JACENB010000156.1_1  -             87 IlvN                 PF07991.17   165   5.2e-31  105.2   0.8   1   1   7.9e-34   5.8e-31  105.0   0.8     2    73    15    86    14    87 0.98 GCA_013867245.1
JAANXC010000074.1_5  -            266 IlvN                 PF07991.17   165   1.2e-06   25.9   0.1   1   1   2.9e-09   2.2e-06   25.1   0.1     2    99    57   150    56   167 0.81 GCA_018263495.1
NZ_CP012850.1_3338   -            485 IMPDH                PF00478.30   345  7.2e-148  489.9   6.7   1   1  2.4e-151  8.9e-148  489.6   6.7     1   345    13   480    13   480 0.97 GCF_000802205.1
JAJXYX010000059.1_39 -            402 IMS                  PF00817.25   148   4.1e-37  125.1   0.0   1   1   4.9e-40     9e-37  124.0   0.0     1   148     3   150     3   150 0.95 GCA_021780355.1
CAJWBY010000006.1_29 -            418 IMS                  PF00817.25   148   1.8e-33  113.3   0.0   1   1   3.8e-36   7.1e-33  111.4   0.0     1   147     5   151     5   152 0.96 GCA_913020705.1
CAJWBY010000006.1_29 -            418 IMS_C                PF11799.13   109   3.6e-12   44.4   0.1   1   1   1.9e-14   3.4e-11   41.3   0.0     2   109   245   358   244   358 0.90 GCA_913020705.1
JAJXYX010000059.1_39 -            402 IMS_C                PF11799.13   109     2e-11   42.1   0.2   1   1   3.3e-14   6.1e-11   40.5   0.2     1   107   235   344   235   346 0.84 GCA_021780355.1
JAJXYX010000059.1_39 -            402 IMS_HHH_1            PF21999.1     53   1.8e-08   32.5   0.2   1   1   9.2e-11   3.4e-07   28.4   0.0     1    53   175   227   175   227 0.99 GCA_021780355.1
NZ_QQTY01000003.1_495 -            261 Inositol_P           PF00459.30   271     2e-52  176.1   0.2   1   1   6.4e-56   2.4e-52  175.8   0.2     7   268     5   258     2   261 0.95 GCF_003670115.1
NZ_QPII01000005.1_229 -            364 Inovirus_Gp2         PF11726.13   179     5e-09   34.0   0.2   1   1   3.3e-12   1.2e-08   32.7   0.1     4    93   176   260   173   280 0.84 GCF_003336675.1
NZ_PEND01000007.1_201 -           1017 Intein_splicing      PF14890.11   155     1e-26   91.3   0.0   1   1   9.5e-30   1.8e-26   90.6   0.0    10   155    65   482    57   482 0.88 GCF_002844195.1
NZ_NHSQ01000051.1_48  -           1017 Intein_splicing      PF14890.11   155   3.4e-14   50.7   0.0   1   1   4.2e-16   7.7e-13   46.3   0.0     2   155   103   242   102   242 0.73 GCF_016653465.1
NZ_JANHDJ010000004.1_373 -            269 Ion_trans            PF00520.36   241   1.1e-14   52.0   6.7   1   1   4.6e-18   1.7e-14   51.3   6.7    12   221    29   214    22   217 0.75 GCF_024494645.1
JAHENP010000251.1_8      -            400 Ion_trans_2          PF07885.21    79   3.5e-17   59.9   7.0   1   1   4.6e-20   8.4e-17   58.6   5.6     3    75   142   216   140   220 0.88 GCA_018609965.1
NZ_JANHDJ010000004.1_373 -            269 Ion_trans_2          PF07885.21    79     4e-16   56.5  12.6   1   1   2.9e-19   5.4e-16   56.0   9.5     2    74   150   223   147   227 0.88 GCF_024494645.1
JADJWG010000001.1_149 -            541 iPGM_N               PF06415.18   217   8.1e-77  255.3   0.0   1   1   2.9e-80   1.1e-76  254.9   0.0     1   216    90   323    90   324 0.92 GCA_016716475.1
NZ_FTNO01000005.1_195 -            190 Isochorismatase      PF00857.25   175   1.4e-47  159.8   0.0   1   1   1.3e-50   1.5e-47  159.6   0.0     2   174     9   177     8   178 0.96 GCF_900156425.1
JAATVR010000580.1_9   -            253 Isochorismatase      PF00857.25   175   7.7e-43  144.3   0.0   1   1   7.6e-46   9.3e-43  144.1   0.0     2   174    15   203    14   204 0.98 GCA_014523665.1
NZ_CP072036.1_1525    -            183 Isochorismatase      PF00857.25   175   7.2e-42  141.2   0.0   1   1   6.3e-45   7.7e-42  141.1   0.0     2   158     7   153     6   180 0.92 GCF_018847375.1
JADKAQ010000004.1_277 -            367 Iso_dh               PF00180.25   348  6.3e-127  421.3   0.0   1   1  1.9e-130  7.2e-127  421.1   0.0     1   348     4   359     4   359 0.98 GCA_016719105.1
NZ_QPII01000005.1_240 -             93 IstB_IS21            PF01695.22   238   4.4e-10   37.2   0.0   1   1   2.5e-13   4.7e-10   37.1   0.0    56   121     4    70     1    85 0.87 GCF_003336675.1
PXSA01000006.1_5     -            304 IU_nuc_hydro         PF01156.24   297   2.4e-78  261.5   1.3   1   1   7.2e-82   2.7e-78  261.4   1.3     1   297     5   295     5   295 0.93 GCA_003023565.1
JACEMX010000155.1_4  -            706 K319L-like_PKD       PF22352.1     84   9.4e-73  238.1  27.7   1   5   4.8e-13   8.9e-10   36.2   0.0     4    84    32   114    29   114 0.90 GCA_013867335.1
JACEMX010000155.1_4  -            706 K319L-like_PKD       PF22352.1     84   9.4e-73  238.1  27.7   2   5   4.9e-11   9.1e-08   29.8   0.0     1    82   125   209   125   210 0.92 GCA_013867335.1
JACEMX010000155.1_4  -            706 K319L-like_PKD       PF22352.1     84   9.4e-73  238.1  27.7   3   5   3.8e-17   7.1e-14   49.4   0.9     1    84   321   405   321   405 0.94 GCA_013867335.1
JACEMX010000155.1_4  -            706 K319L-like_PKD       PF22352.1     84   9.4e-73  238.1  27.7   4   5   1.6e-16   2.9e-13   47.4   0.3     1    84   416   500   416   500 0.94 GCA_013867335.1
JACEMX010000155.1_4  -            706 K319L-like_PKD       PF22352.1     84   9.4e-73  238.1  27.7   5   5   5.7e-19     1e-15   55.2   0.7     1    84   604   690   604   690 0.97 GCA_013867335.1
s5a1_contig_1_942    -            476 K319L-like_PKD       PF22352.1     84   3.3e-07   28.0   7.8   1   1     2e-10   3.7e-07   27.8   5.5     3    84    98   169    96   169 0.88 s5a-1
CP046181.1_1968      -            232 KAP_NTPase           PF07693.19   293   6.3e-07   26.7   0.0   1   1   4.1e-10   7.5e-07   26.4   0.0     4    58    28    81    26   176 0.87 GCA_014075315.1
JAHCGZ010000007.1_27 -             70 KAP_NTPase           PF07693.19   293   7.1e-06   23.2   0.5   1   1   3.9e-09   7.2e-06   23.2   0.5     3    41    28    65    13    70 0.88 GCA_022117465.1
CP046181.1_1971      -            155 Kazal_1              PF00050.26    49   2.4e-08   31.6   0.3   1   1   1.6e-11   5.8e-08   30.4   0.3     7    30    63    88    56   103 0.80 GCA_014075315.1
CP046181.1_1971      -            155 Kazal_2              PF07648.20    48   5.8e-08   30.5   0.8   1   1   3.4e-11   1.3e-07   29.4   0.8     5    48    66   101    62   101 0.76 GCA_014075315.1
JAKBAE010000044.1_5  -            279 Kdo_hydroxy          PF11004.13   275   9.6e-62  206.4   0.6   1   1   4.9e-62   1.8e-58  195.7   0.1    63   273    51   265    47   267 0.93 GCA_021809325.1
JADDOQ010000132.1_1  -            308 Kelch_1              PF01344.30    46   1.8e-52  172.2   4.7   1   4     3e-11   1.1e-07   29.0   0.1     7    45    87   127    83   128 0.93 GCA_016782315.1
JADDOQ010000132.1_1  -            308 Kelch_1              PF01344.30    46   1.8e-52  172.2   4.7   2   4   3.8e-17   1.4e-13   47.8   0.0     4    46   133   176   131   176 0.97 GCA_016782315.1
JADDOQ010000132.1_1  -            308 Kelch_1              PF01344.30    46   1.8e-52  172.2   4.7   3   4   9.1e-13   3.4e-09   33.9   0.0     2    46   179   222   178   222 0.95 GCA_016782315.1
JADDOQ010000132.1_1  -            308 Kelch_1              PF01344.30    46   1.8e-52  172.2   4.7   4   4   6.5e-15   2.4e-11   40.7   0.0     2    44   225   267   224   269 0.95 GCA_016782315.1
JADDOQ010000132.1_1   -            308 Kelch_2              PF07646.20    48   3.9e-34  112.7   0.0   1   3   2.9e-09   5.3e-06   24.0   0.0     4    48    84   128    82   128 0.94 GCA_016782315.1
JADDOQ010000132.1_1   -            308 Kelch_2              PF07646.20    48   3.9e-34  112.7   0.0   2   3   9.1e-12   1.7e-08   31.9   0.0     3    48   132   176   130   176 0.86 GCA_016782315.1
JADDOQ010000132.1_1   -            308 Kelch_2              PF07646.20    48   3.9e-34  112.7   0.0   3   3   1.1e-08     2e-05   22.1   0.0     2    48   225   269   224   269 0.95 GCA_016782315.1
JADJWG010000004.1_348 -            387 Kelch_2              PF07646.20    48   2.1e-10   37.9  21.7   1   1   1.6e-08   2.9e-05   21.6   0.7     2    47   145   185   144   186 0.90 GCA_016716475.1
JADDOQ010000132.1_1   -            308 Kelch_3              PF13415.11    48   9.4e-25   84.0   5.8   1   2     1e-09   1.9e-06   25.7   0.0     1    41   140   180   140   184 0.94 GCA_016782315.1
JADDOQ010000132.1_1   -            308 Kelch_3              PF13415.11    48   9.4e-25   84.0   5.8   2   2   5.9e-10   1.1e-06   26.5   0.0     1    46   234   278   234   280 0.91 GCA_016782315.1
JADDOQ010000132.1_1  -            308 Kelch_4              PF13418.11    49   2.8e-28   95.4   0.8   1   2     4e-12   1.5e-08   32.3   0.0     4    49   132   177   130   177 0.92 GCA_016782315.1
JADDOQ010000132.1_1  -            308 Kelch_4              PF13418.11    49   2.8e-28   95.4   0.8   2   2   2.3e-11   8.6e-08   29.8   0.0     9    48   231   269   225   270 0.88 GCA_016782315.1
JADDOQ010000132.1_1   -            308 Kelch_5              PF13854.11    42   1.3e-23   80.0   0.7   1   1   4.7e-10   8.7e-07   26.4   0.1     2    42   128   167   126   167 0.92 GCA_016782315.1
JADDOQ010000132.1_1  -            308 Kelch_6              PF13964.11    50   3.9e-36  119.7   7.6   1   2   7.8e-16   2.9e-12   43.9   0.0     4    50   133   179   130   179 0.95 GCA_016782315.1
JADDOQ010000132.1_1  -            308 Kelch_6              PF13964.11    50   3.9e-36  119.7   7.6   2   2   6.3e-12   2.3e-08   31.6   0.0     9    50   232   272   226   272 0.91 GCA_016782315.1
NZ_LIGX01000018.1_97  -            417 ketoacyl-synt        PF00109.31   252   2.4e-65  218.4   0.1   1   1   5.4e-68     1e-64  216.3   0.0     2   252     4   249     3   249 0.93 GCF_001683795.1
NZ_RKLT01000008.1_107 -            385 ketoacyl-synt        PF00109.31   252   9.1e-10   36.3   6.8   1   1   2.9e-10   5.4e-07   27.2   4.3   165   207    75   117    62   135 0.86 GCF_019599505.1
NZ_LIGX01000018.1_97 -            417 Ketoacyl-synt_C      PF02801.27   119   1.9e-43  145.0   0.2   1   1   9.1e-47   3.3e-43  144.2   0.2     1   118   257   372   257   373 0.98 GCF_001683795.1
JAHENP010000061.1_12 -            151 KOW                  PF00467.34    32   4.7e-10   36.7   1.6   1   1   1.7e-13   6.1e-10   36.3   0.4     1    32    95   126    95   126 0.97 GCA_018609965.1
CP094974.1_4662           -            251 KR                   PF08659.15   180   3.6e-15   54.1   0.2   1   1   1.4e-17     5e-15   53.6   0.2     2   152     8   159     7   184 0.88 GCA_022869805.1
JAFEGL010000061.1_27      -            236 KR                   PF08659.15   180   2.2e-14   51.5   0.2   1   1   8.5e-17   3.1e-14   51.0   0.2     3   165     2   158     1   172 0.88 GCA_018239895.1
NZ_CP099998.1_71          -            255 KR                   PF08659.15   180   2.9e-13   47.9   1.2   1   1   1.1e-15   4.1e-13   47.4   1.2     4   163    15   177    13   187 0.80 GCF_024138145.1
NZ_ML974131.1_616         -            285 KR                   PF08659.15   180   4.1e-13   47.4   0.0   1   1   1.5e-15   5.6e-13   46.9   0.0     2   164     4   160     3   179 0.88 GCF_004143485.2
NZ_JALLGW010000001.1_1677 -            332 KR                   PF08659.15   180   8.9e-13   46.3   0.1   1   1   3.5e-15   1.3e-12   45.8   0.1     3   163    10   170     8   215 0.88 GCF_023074835.1
NZ_JADDKQ010000001.1_92   -            257 KR                   PF08659.15   180   3.2e-12   44.5   0.7   1   1   1.2e-14   4.4e-12   44.0   0.7     3   174    26   199    23   204 0.81 GCF_016464425.1
JAIOPB010000048.1_15      -            625 KR                   PF08659.15   180   5.6e-12   43.7   0.0   1   1   6.7e-11   2.5e-08   31.8   0.0     3   109     9   119     8   131 0.78 GCA_021414105.1
NZ_CP095487.1_3426        -            234 KR                   PF08659.15   180   1.6e-08   32.4   0.2   1   1   6.1e-11   2.2e-08   32.0   0.2     2   164     4   167     3   183 0.81 GCF_023028345.1
NZ_MWLL01000086.1_34      -            252 KR                   PF08659.15   180   9.4e-08   29.9   1.4   1   1   3.2e-09   1.2e-06   26.4   1.4    44   161    41   159     9   175 0.78 GCF_002198675.1
NZ_JAJCVJ010000001.1_1550 -            241 KR                   PF08659.15   180   2.8e-06   25.1   0.0   1   1   1.4e-08     5e-06   24.3   0.0     4   156     6   153     4   169 0.84 GCF_020567425.1
LKNH01000122.1_2     -            165 KTI12                PF08433.15   271   5.6e-13   46.7   0.0   1   1   1.9e-16   6.9e-13   46.4   0.0     3   139     7   140     6   150 0.93 GCA_001564135.1
NZ_JAALLS010000018.1_42 -            394 KYNU_C               PF22580.1     90   4.2e-09   34.1   0.0   1   1   1.9e-12     7e-09   33.4   0.0    17    90   314   385   297   385 0.86 GCF_011059105.1
JAHFTO010000030.1_14 -            157 LacAB_rpiB           PF02502.23   138   2.3e-33  112.8   0.0   1   1   7.6e-37   2.8e-33  112.6   0.0     1   128     3   130     3   136 0.96 GCA_023269355.1
NZ_MWLL01000103.1_36 -            356 LacI                 PF00356.26    46   2.5e-15   53.8   0.1   1   1   1.5e-18   5.6e-15   52.6   0.1     2    44     5    47     4    49 0.96 GCF_002198675.1
NZ_RKLT01000018.1_53      -            251 Lactamase_B          PF00753.32   196   3.7e-26   90.0   1.2   1   1   1.6e-28     5e-26   89.6   1.2     5   196    28   234    25   234 0.96 GCF_019599505.1
NZ_CP031310.1_3034        -            249 Lactamase_B          PF00753.32   196   1.1e-21   75.4  10.9   1   1   2.1e-21   6.6e-19   66.4  10.9     4   196    69   227    67   231 0.87 GCF_004799665.1
NZ_AOLJ01000013.1_18      -            192 Lactamase_B          PF00753.32   196   7.9e-21   72.6   8.5   1   1   8.1e-21   2.5e-18   64.5   8.5     3   196    11   170     9   170 0.93 GCF_000336775.1
NZ_AOJG01000012.1_151     -            282 Lactamase_B          PF00753.32   196   6.9e-17   59.8   7.6   1   1   5.5e-19   1.7e-16   58.5   7.6    16   196    34   200    24   200 0.90 GCF_000337375.1
LFLC01000008.1_87         -            338 Lactamase_B          PF00753.32   196   6.1e-10   37.1   3.0   1   1   4.3e-12   1.3e-09   36.0   3.0     8   179    98   254    92   265 0.87 GCA_001543015.1
NZ_CP095491.1_436         -            260 Lactamase_B          PF00753.32   196   1.3e-09   36.0   5.9   1   1   2.1e-11   6.3e-09   33.8   5.9     2    86     4    83     3   220 0.71 GCF_023028105.1
JAFEGL010000045.1_18      -            257 Lactamase_B          PF00753.32   196   2.1e-09   35.3   1.5   1   1   9.5e-12   2.9e-09   34.9   0.3     8    64    39    89    33    91 0.93 GCA_018239895.1
NZ_WUYX01000030.1_94      -            309 Lactamase_B          PF00753.32   196   1.9e-08   32.2   1.6   1   1   1.1e-10   3.4e-08   31.4   1.6    36    80    66   110    13   178 0.72 GCF_009834785.1
NZ_JANHJR010000001.1_1111 -            450 Lactamase_B          PF00753.32   196   2.2e-08   32.0   1.5   1   1   1.8e-10   5.5e-08   30.7   1.5    10    77    20   107    13   181 0.78 GCF_024495425.1
NZ_CP100756.1_1027        -            274 Lactamase_B          PF00753.32   196   5.1e-07   27.6   3.3   1   1   2.8e-09   8.5e-07   26.8   3.3    13   158    45   184    34   226 0.82 GCF_024266705.1
NZ_JANHDJ010000002.1_658  -            794 Lactamase_B          PF00753.32   196   6.1e-07   27.3   6.6   1   1     2e-09   6.1e-07   27.3   6.6    13   154    26   162    13   191 0.85 GCF_024494645.1
NZ_FTNO01000001.1_998     -            262 Lactamase_B          PF00753.32   196   1.7e-06   25.8   1.5   1   1   9.3e-09   2.8e-06   25.1   1.5     5    86    31   103    27   230 0.83 GCF_900156425.1
JAFEGL010000045.1_18      -            257 Lactamase_B_2        PF12706.12   200   1.8e-27   94.0   0.1   1   1   6.4e-30   2.1e-27   93.8   0.1     1   199    47   226    47   227 0.88 GCA_018239895.1
NZ_FTNO01000001.1_998     -            262 Lactamase_B_2        PF12706.12   200   1.9e-25   87.4   0.1   1   1   6.8e-28   2.3e-25   87.1   0.1     2   198    43   224    42   226 0.89 GCF_900156425.1
JALDAN010000043.1_4       -            229 Lactamase_B_2        PF12706.12   200   7.7e-24   82.1   0.3   1   1   3.2e-26   1.1e-23   81.7   0.3     3   200    28   197    27   197 0.87 GCA_022729355.1
NZ_CP100756.1_1027        -            274 Lactamase_B_2        PF12706.12   200   1.6e-20   71.3   1.0   1   1   6.2e-23   2.1e-20   70.9   1.0     3   199    50   250    48   251 0.86 GCF_024266705.1
NZ_CP095491.1_436         -            260 Lactamase_B_2        PF12706.12   200   2.6e-18   64.1   1.5   1   1   4.2e-18   1.4e-15   55.2   1.5     3   200    20   221    18   221 0.82 GCF_023028105.1
NZ_CP012850.1_1609        -            459 Lactamase_B_2        PF12706.12   200   2.1e-15   54.6   0.0   1   1   9.8e-18   3.3e-15   54.0   0.0    27   200    83   259    54   259 0.86 GCF_000802205.1
NZ_BBMP01000007.1_96      -            286 Lactamase_B_2        PF12706.12   200   8.5e-13   46.1   0.9   1   1   3.9e-15   1.3e-12   45.5   0.9    17   200    58   236    40   236 0.72 GCF_000755245.1
NZ_JANHJR010000001.1_1111 -            450 Lactamase_B_2        PF12706.12   200   3.7e-10   37.5   0.2   1   1   5.6e-11   1.9e-08   31.9   0.1    30   131    73   172    60   222 0.79 GCF_024495425.1
NZ_JANHDJ010000002.1_658  -            794 Lactamase_B_2        PF12706.12   200   1.3e-08   32.4   1.6   1   1     4e-11   1.3e-08   32.4   1.6     3   145    31   160    30   227 0.70 GCF_024494645.1
NZ_CP031310.1_3034        -            249 Lactamase_B_2        PF12706.12   200     5e-08   30.5   3.3   1   1   2.3e-10   7.6e-08   29.9   3.3     1    62    80   133    80   165 0.80 GCF_004799665.1
NZ_WUYX01000030.1_94      -            309 Lactamase_B_2        PF12706.12   200     8e-08   29.9   0.2   1   1   4.4e-10   1.5e-07   29.0   0.1    30   115    73   156    55   211 0.81 GCF_009834785.1
JALDAN010000043.1_4  -            229 Lactamase_B_3        PF13483.11   160   1.2e-32  110.8   0.5   1   1   1.2e-35   1.5e-32  110.6   0.5     1   160     9   196     9   196 0.91 GCA_022729355.1
NZ_CP095491.1_436    -            260 Lactamase_B_3        PF13483.11   160   6.1e-18   63.1   0.2   1   1   4.2e-20   5.1e-17   60.1   0.2     1   160     2   220     2   220 0.86 GCF_023028105.1
NZ_BBMP01000007.1_96 -            286 Lactamase_B_3        PF13483.11   160   1.7e-07   29.1   0.0   1   1   2.1e-10   2.6e-07   28.5   0.0     3    83    26   145    24   235 0.78 GCF_000755245.1
NZ_AOJI01000033.1_106 -            589 Lactate_perm         PF02652.19   522   4.3e-96  320.4  44.0   1   1     1e-98   3.8e-95  317.3  44.0     2   521     6   579     5   580 0.92 GCF_000336995.1
JABMOR010000089.1_2   -            319 Lactonase            PF10282.14   344   3.9e-15   53.6   0.3   1   1   1.6e-10   1.5e-07   28.7   0.0   138   319   135   294   132   314 0.85 GCA_013203245.1
NZ_PEND01000007.1_201 -           1017 LAGLIDADG_3          PF14528.11    82   9.4e-15   52.4   0.6   1   1   2.6e-17   9.5e-14   49.2   0.1     2    80   273   349   272   351 0.90 GCF_002844195.1
REGJ01000004.1_65    -           1624 Laminin_G_3          PF13385.12   151   2.7e-22   77.3   0.2   1   1   1.4e-24   5.1e-21   73.1   0.2     8   150   242   404   238   405 0.79 GCA_003702525.1
VXON01000115.1_7      -            170 LDcluster4           PF18306.6    151   6.1e-44  147.0   0.8   1   1   3.7e-47   6.8e-44  146.9   0.8     1   139     3   144     3   159 0.87 GCA_009840065.1
NZ_SBIS02000007.1_185 -            154 LDcluster4           PF18306.6    151   5.9e-39  130.9   5.8   1   1   3.7e-42   6.9e-39  130.6   5.8     3   145     2   143     1   148 0.91 GCF_004765815.2
JAHEFU010000001.1_25 -            308 Ldh_1_C              PF02866.23   174   7.9e-31  105.1   0.0   1   1     4e-34   1.5e-30  104.2   0.0     3   168   147   305   146   307 0.93 GCA_024645305.1
JAHEFU010000001.1_25 -            308 Ldh_1_N              PF00056.28   141     5e-37  124.8   0.0   1   1   1.9e-40   7.1e-37  124.3   0.0     2   141     3   142     2   142 0.98 GCA_024645305.1
NZ_CP031310.1_2090   -            895 LEA_2                PF03168.18    98   3.6e-37  124.5  12.8   1   3   1.7e-11   3.1e-08   31.7   0.1     3    67   201   267   199   292 0.86 GCF_004799665.1
NZ_CP031310.1_2090   -            895 LEA_2                PF03168.18    98   3.6e-37  124.5  12.8   2   3   4.4e-11     8e-08   30.4   0.0     3    77   495   569   494   585 0.89 GCF_004799665.1
NZ_CP031310.1_2090   -            895 LEA_2                PF03168.18    98   3.6e-37  124.5  12.8   3   3   2.3e-12   4.2e-09   34.5   0.0     3    95   789   879   787   881 0.93 GCF_004799665.1
PXRE01000002.1_32    -            620 LEA_2                PF03168.18    98   1.1e-35  119.8   7.8   1   3   3.8e-12   7.1e-09   33.8   0.1     2    95    66   156    65   158 0.86 GCA_003021085.1
PXRE01000002.1_32    -            620 LEA_2                PF03168.18    98   1.1e-35  119.8   7.8   2   3   2.7e-12     5e-09   34.3   0.0     3    94   208   298   206   301 0.88 GCA_003021085.1
PXRE01000002.1_32    -            620 LEA_2                PF03168.18    98   1.1e-35  119.8   7.8   3   3   9.8e-12   1.8e-08   32.5   0.0     3    84   504   585   502   591 0.92 GCA_003021085.1
JAFEGH010000006.1_330 -            330 Legionella_OMP       PF05150.17   281   4.3e-29   99.1   1.6   1   1   2.6e-32   4.7e-29   98.9   1.6    12   279    40   328    27   330 0.80 GCA_018240065.1
JAKBAE010000127.1_6   -            351 Legionella_OMP       PF05150.17   281   3.4e-22   76.4   0.0   1   1   2.6e-25   4.8e-22   75.9   0.0     9   278    27   348    22   351 0.87 GCA_021809325.1
NZ_CP031310.1_394    -            227 LiaF-like_C          PF09922.14   114   5.7e-08   30.4   0.0   1   1   2.7e-11   9.8e-08   29.7   0.0     3    73   129   198   127   208 0.83 GCF_004799665.1
NZ_CP031310.1_394    -            227 LiaF-TM              PF22570.1     98   1.2e-18   65.6   9.2   1   1   4.4e-22   1.6e-18   65.1   9.2     1    96     8   105     8   107 0.95 GCF_004799665.1
NZ_CP031310.1_394    -            227 LiaI-LiaF-like_TM1   PF18917.5     42     3e-13   47.4  23.9   1   1   5.1e-11   1.9e-07   28.9   4.0     1    42     7    49     7    49 0.92 GCF_004799665.1
NZ_CP031310.1_2353   -            310 LIAS_N               PF16881.10    96   1.8e-12   45.3   0.1   1   1   1.3e-15   4.7e-12   44.0   0.1    57    96     2    41     1    41 0.97 GCF_004799665.1
CAJWBY010000066.1_22 -            290 Ligase_CoA           PF00549.24   128   1.4e-29  100.6   1.9   1   1   1.3e-32   2.3e-29   99.9   1.9     1   127   151   271   151   272 0.96 GCA_913020705.1
WHTU01000013.1_56    -            376 Ligase_CoA           PF00549.24   128   1.1e-16   58.9   0.7   1   1   9.5e-20   1.8e-16   58.2   0.7     3   116   248   354   246   365 0.93 GCA_009377575.1
JAHENP010000032.1_2  -            757 Ligase_CoA_2         PF19045.5    162   1.1e-07   29.8   0.8   1   1   2.9e-11   1.1e-07   29.8   0.8     1   137   345   477   345   498 0.87 GCA_018609965.1
NZ_CP067007.1_1199   -            133 LMWPc                PF01451.26   144   1.9e-21   74.5   0.3   1   1   7.3e-24   2.7e-20   70.8   0.3     1   143     7   127     7   128 0.89 GCF_018128925.1
NZ_AOLJ01000011.1_132    -            624 LPG_synthase_TM      PF03706.18   302   1.3e-43  147.3  36.0   1   1   2.5e-46   3.1e-43  146.1  36.0     1   302   262   591   262   592 0.89 GCF_000336775.1
NZ_CP100000.1_3803       -            344 LPG_synthase_TM      PF03706.18   302     2e-38  130.3  49.2   1   1   1.9e-41   2.4e-38  130.1  49.2     1   302    11   329    11   329 0.96 GCF_024138165.1
NZ_JALLPK010000001.1_776 -            340 LPG_synthase_TM      PF03706.18   302     4e-31  106.3  37.7   1   1   3.9e-34   4.8e-31  106.1  37.7     2   302    11   323    10   323 0.84 GCF_023276375.1
QNGA01000012.1_21    -            245 LplA-B_cat           PF21948.1    200   2.3e-13   48.3   0.0   1   1   7.9e-17   2.9e-13   48.0   0.0    14   147    23   165    14   212 0.90 GCA_003298465.1
CP060262.1_2216      -            634 LptC                 PF06835.18   175   2.4e-10   38.0   4.1   1   1   5.1e-10   9.5e-07   26.3   0.1     3    99    30   133    28   147 0.80 GCA_022646745.1
JAFGCY010000067.1_17 -            627 LptD_N               PF03968.19   113   4.1e-13   47.3   0.2   1   1   9.7e-09   1.8e-05   22.7   0.0     2   100   248   391   247   403 0.90 GCA_016932385.1
JADJWG010000004.1_353 -            364 LptF_LptG            PF03739.19   353   1.8e-33  113.8   3.5   1   1   1.2e-36   2.2e-33  113.5   3.5     1   351     6   359     6   361 0.90 GCA_016716475.1
JADJWG010000004.1_354 -            555 LptF_LptG            PF03739.19   353   1.7e-32  110.6   9.0   1   1   9.2e-28   1.7e-24   84.2   5.2     2   150     8   154     7   174 0.91 GCA_016716475.1
NZ_JALJCL010000008.1_175 -            919 LTD                  PF00932.24   109   1.1e-21   75.0   0.0   1   1   1.4e-24   2.6e-21   73.8   0.0     7   107   812   919   808   919 0.95 GCF_023698535.1
NZ_BBMP01000023.1_108    -            738 LTD                  PF00932.24   109   3.2e-17   60.6   0.7   1   1   7.4e-20   1.4e-16   58.6   0.7     4   108   633   735   631   736 0.89 GCF_000755245.1
CP060262.1_758       -            402 LtrA                 PF06772.16   356   2.7e-76  254.9  32.9   1   1   9.2e-80   3.4e-76  254.5  32.9     2   350    22   374    21   377 0.86 GCA_022646745.1
NZ_AOLJ01000022.1_219 -            148 Luciferase           PF17648.6     96   1.2e-38  128.9   0.2   1   1     8e-42   1.5e-38  128.6   0.2     3    95     6    98     4    99 0.98 GCF_000336775.1
NZ_CP012850.1_264     -             86 Luciferase           PF17648.6     96   5.1e-14   49.9   0.0   1   1   4.1e-17   7.6e-14   49.4   0.0    22    95     1    81     1    82 0.85 GCF_000802205.1
JADDOQ010000058.1_11 -            473 Lyase_1              PF00206.25   312   2.5e-96  320.5   0.7   1   2   4.8e-31   8.8e-28   95.3   0.7    28   124     5   115     1   119 0.94 GCA_016782315.1
JADDOQ010000058.1_11 -            473 Lyase_1              PF00206.25   312   2.5e-96  320.5   0.7   2   2   5.9e-70   1.1e-66  223.1   0.0   128   312   152   337   146   337 0.97 GCA_016782315.1
NZ_NHSQ01000113.1_63 -            457 Lyase_1              PF00206.25   312     5e-67  224.2   0.0   1   1   3.7e-70   6.8e-67  223.8   0.0     1   305    16   314    16   321 0.97 GCF_016653465.1
JADJWG010000002.1_1123 -            627 Lyase_aromatic       PF00221.24   466  3.1e-160  531.6   0.2   1   1  1.1e-163  4.1e-160  531.2   0.2     1   449    20   515    20   528 0.92 GCA_016716475.1
NZ_ML974127.1_1523   -            404 Lycopene_cycl        PF05834.17   380   3.6e-07   27.3   0.2   1   1   5.1e-10   1.9e-06   24.9   0.2     1   352     6   370     6   387 0.70 GCF_004765815.2
NZ_RKLT01000001.1_242 -            255 LysE                 PF01810.23   193   3.3e-26   89.7  13.8   1   1   1.7e-27   3.2e-24   83.2  13.7     2   130    31   156    30   235 0.76 GCF_019599505.1
NZ_AOII01000046.1_1   -            202 LysE                 PF01810.23   193     7e-20   69.1  14.5   1   1   5.5e-23     1e-19   68.6   3.0    11   127     2   116     1   128 0.93 GCF_000337615.1
NZ_SBIS02000007.1_185 -            154 Lysine_decarbox      PF03641.19   131   7.1e-09   33.7   0.3   1   1   3.4e-12   1.2e-08   32.9   0.3     1    69    42   108    42   114 0.90 GCF_004765815.2
NZ_QPII01000001.1_333 -            284 LysR_substrate       PF03466.25   209     2e-24   83.9   0.3   1   1     9e-28   3.3e-24   83.2   0.3     6   208    94   282    91   283 0.91 GCF_003336675.1
RHFA01000046.1_7     -             55 LysW-like_globular   PF21344.2     46   5.6e-13   46.1   1.0   1   1   1.6e-16     6e-13   46.0   1.0     2    44     3    46     2    48 0.91 GCA_003724275.1
JADKAQ010000001.1_135 -            278 LytTR                PF04397.20    98   2.8e-27   92.6   0.0   1   1   1.3e-30   4.6e-27   91.9   0.0     2    96   179   273   178   275 0.97 GCA_016719105.1
JADJWG010000001.1_1355   -            453 M20_dimer            PF07687.19   107   5.4e-17   59.5   0.0   1   1   1.3e-19   9.4e-17   58.7   0.0     2   105   193   351   192   353 0.94 GCA_016716475.1
NZ_JANHAU010000006.1_205 -            395 M20_dimer            PF07687.19   107   1.3e-16   58.2   0.0   1   1   3.5e-19   2.6e-16   57.3   0.0     2   103   183   290   182   294 0.94 GCF_024464185.1
JAHENP010000073.1_16     -            436 M20_dimer            PF07687.19   107   5.4e-12   43.4   0.4   1   1   2.2e-14   1.6e-11   41.8   0.4    11   102   233   322   228   327 0.88 GCA_018609965.1
NZ_JAKUHT010000022.1_24  -            454 M20_dimer            PF07687.19   107   1.5e-07   29.1   0.0   1   1   5.1e-10   3.7e-07   27.8   0.0    13    99   226   310   221   315 0.90 GCF_022436705.1
NZ_SDIC01000008.1_297    -            409 M20_dimer            PF07687.19   107   8.6e-07   26.7   0.0   1   1     5e-09   3.7e-06   24.6   0.0     7   101   218   311   212   314 0.92 GCF_004116405.1
NZ_JAKUHT010000021.1_46 -            182 Mac                  PF12464.13    53   2.7e-13   47.7   0.1   1   1   9.6e-17   3.5e-13   47.3   0.1     1    53     4    54     4    54 0.96 GCF_022436705.1
NZ_JALXFV010000004.1_76 -            412 MacB_PCD             PF12704.12   207     8e-20   69.7   6.8   1   1   4.4e-23     8e-20   69.7   6.8     1   206    21   249    21   250 0.72 GCF_023699475.1
JADDOQ010000026.1_27    -            413 MacB_PCD             PF12704.12   207   8.2e-09   33.8   0.2   1   1   9.2e-12   1.7e-08   32.7   0.2     2   180    22   246    22   282 0.66 GCA_016782315.1
JAHEXS010000133.1_4  -            170 MafB19-deam          PF14437.11   142   1.6e-14   51.8   0.3   1   1     1e-17   1.9e-14   51.5   0.3     2   104     9   138     8   161 0.93 GCA_023252015.1
JAHELB010000057.1_2  -            213 MafB19-deam          PF14437.11   142   9.4e-14   49.3   0.1   1   1   6.8e-17   1.3e-13   48.9   0.1     2   106    48   179    47   208 0.92 GCA_024644385.1
NZ_MWLL01000247.1_27 -            575 Malt_amylase_C       PF16657.10    75   2.3e-08   31.8   0.0   1   1   1.3e-11   4.7e-08   30.8   0.0     1    61   500   560   500   569 0.90 GCF_002198675.1
PXRX01000030.1_41    -            122 MannoseP_isomer      PF01050.23   116   1.4e-06   26.2   0.0   1   1   4.6e-10   1.7e-06   26.0   0.0    28   111    33   117    22   122 0.85 GCA_003023195.1
PXRE01000015.1_147   -            206 MaoC_dehydratas      PF01575.24   123   5.8e-21   72.1   0.0   1   1   2.2e-24   8.2e-21   71.6   0.0     7   103    81   172    75   191 0.89 GCA_003021085.1
PXRE01000015.1_147   -            206 MaoC_dehydrat_N      PF13452.11   132   3.1e-07   28.4   0.0   1   1   1.8e-10   6.7e-07   27.3   0.0    11    64    87   138    73   194 0.82 GCA_003021085.1
BGOU01000010.1_46    -            437 MAP6                 PF21410.2    813   1.5e-11   41.0   5.1   1   1   5.5e-15     2e-11   40.5   5.1   421   584   181   344   102   359 0.76 GCA_003569705.1
NZ_AOLJ01000011.1_114    -            259 MarR                 PF01047.27    59   5.7e-09   33.5   0.0   1   1   6.1e-11   2.2e-08   31.6   0.0     2    50    10    59    10    62 0.94 GCF_000336775.1
QNGA01000001.1_602       -            181 MarR                 PF01047.27    59     5e-08   30.5   0.0   1   1   2.5e-10   9.2e-08   29.7   0.0    12    51   132   171   120   172 0.84 GCA_003298465.1
NZ_FNYR01000009.1_71     -            234 MarR                 PF01047.27    59   6.2e-08   30.2   0.1   1   1   4.5e-10   1.7e-07   28.8   0.1     7    57    17    64    12    66 0.85 GCF_900109065.1
NZ_AOLN01000018.1_561    -            375 MarR                 PF01047.27    59   9.2e-08   29.7   0.0   1   1     1e-09   3.8e-07   27.7   0.0     2    51   126   176   126   179 0.93 GCF_000337815.1
NZ_JAALLS010000004.1_159 -            218 MarR                 PF01047.27    59   2.2e-07   28.4   0.0   1   1   1.1e-09   4.1e-07   27.6   0.0     9    48    14    54     9    57 0.85 GCF_011059105.1
SZNP01000004.1_596       -            256 MarR                 PF01047.27    59   4.3e-07   27.5   0.0   1   1   2.5e-09   9.1e-07   26.5   0.0     4    47    17    60    15    63 0.93 GCA_005239435.1
NZ_CP095482.1_906        -            174 MarR                 PF01047.27    59   6.9e-07   26.9   0.0   1   1   2.9e-09   1.1e-06   26.2   0.0     2    47    59   104    58   110 0.93 GCF_023028225.1
JALDAN010000024.1_5      -            151 MarR                 PF01047.27    59   1.2e-06   26.1   0.0   1   1   6.7e-09   2.5e-06   25.1   0.0     3    48     4    49     2    56 0.91 GCA_022729355.1
NZ_AOLJ01000011.1_114   -            259 MarR_2               PF12802.12    61   1.3e-11   42.3   0.1   1   1   8.6e-14   3.2e-11   41.0   0.1     4    53    10    59     9    63 0.94 GCF_000336775.1
NZ_BBJP01000023.1_115   -            206 MarR_2               PF12802.12    61   9.1e-11   39.6   0.2   1   1   3.6e-12   1.3e-09   35.8   0.0    13    53   126   165   122   168 0.91 GCF_000739595.1
NZ_AOLN01000018.1_561   -            375 MarR_2               PF12802.12    61   1.3e-10   39.1   0.1   1   1   1.1e-12   4.2e-10   37.4   0.1     4    54   126   176   125   179 0.94 GCF_000337815.1
QNGA01000001.1_602      -            181 MarR_2               PF12802.12    61   2.5e-10   38.1   0.1   1   1   1.8e-12   6.5e-10   36.8   0.1    16    54   133   171   125   174 0.85 GCA_003298465.1
NZ_AOJH01000006.1_11    -            170 MarR_2               PF12802.12    61     2e-09   35.3   0.1   1   1   1.6e-11   5.9e-09   33.8   0.1     1    61    24    84    24    84 0.94 GCF_000337355.1
NZ_CP019067.1_1242      -            114 MarR_2               PF12802.12    61   4.1e-09   34.2   0.0   1   1   1.9e-11   6.9e-09   33.5   0.0     9    52    24    68    20    71 0.95 GCF_001989615.1
NZ_JADDKQ010000016.1_85 -            192 MarR_2               PF12802.12    61   2.6e-07   28.5   1.2   1   1   1.6e-09   5.8e-07   27.4   0.3    14    59    28    70    17    70 0.84 GCF_016464425.1
PXRK01000024.1_5        -             88 MarR_2               PF12802.12    61   2.8e-07   28.4   0.0   1   1   1.3e-09   4.9e-07   27.6   0.0    18    55     6    44     3    48 0.89 GCA_003021015.1
NZ_CP100000.1_2813   -            506 MatE                 PF01554.23   161   1.3e-58  195.0  29.4   1   2   3.5e-36   6.5e-33  111.5  12.7     1   161    25   189    25   189 0.99 GCF_024138165.1
NZ_CP100000.1_2813   -            506 MatE                 PF01554.23   161   1.3e-58  195.0  29.4   2   2   2.3e-29   4.2e-26   89.3   8.7     1   160   254   419   254   420 0.96 GCF_024138165.1
NZ_LWHG01000003.1_39 -            481 MatE                 PF01554.23   161   3.2e-11   40.9   7.2   1   1   1.8e-14   3.2e-11   40.9   7.2     1   161   222   380   222   380 0.98 GCF_001625445.1
JACZTB010000005.1_5  -            202 MauE                 PF07291.16   128   1.8e-09   35.8   7.8   1   1   4.8e-13   1.8e-09   35.8   7.8     6   127    76   199    71   200 0.83 GCA_022573895.1
NZ_AOJG01000015.1_46     -            100 MazE_antitoxin       PF04014.23    48   7.1e-13   46.1   0.1   1   1   1.4e-15   1.1e-12   45.5   0.1     3    34     3    34     3    42 0.92 GCF_000337375.1
PXRX01000016.1_2         -             98 MazE_antitoxin       PF04014.23    48     1e-12   45.6   0.3   1   1   1.9e-15   1.4e-12   45.1   0.3     1    46     9    54     9    56 0.94 GCA_003023195.1
NZ_JAAAJC010000001.1_135 -            333 MazE_antitoxin       PF04014.23    48   4.3e-10   37.2   0.0   1   1   1.6e-12   1.2e-09   35.8   0.0     1    44     7    50     7    54 0.92 GCF_009900715.1
WHTU01000010.1_24        -            355 MazE_antitoxin       PF04014.23    48   6.8e-08   30.1   0.0   1   1     2e-10   1.5e-07   29.0   0.0     1    36    14    49    14    60 0.89 GCA_009377575.1
NZ_MU078697.1_125        -             53 MazE_antitoxin       PF04014.23    48     5e-07   27.4   1.2   1   1   6.7e-10     5e-07   27.4   1.2    10    43    21    53    19    53 0.96 GCF_014078525.1
NZ_CP100445.1_460    -            858 MbhD                 PF13244.11    67   1.7e-16   57.9  13.4   1   1   4.7e-20   1.7e-16   57.9  13.4     2    66   623   686   621   687 0.97 GCF_024227435.1
NZ_CP100445.1_460    -            858 MbhE                 PF20501.3     98   5.4e-22   75.5   2.0   1   1   7.5e-25   2.8e-21   73.2   2.0     2    81   695   776   693   782 0.85 GCF_024227435.1
NZ_WSZK01000026.1_89 -            313 MCH                  PF02289.21   311  2.7e-112  372.8   0.4   1   1  8.1e-116    3e-112  372.6   0.4     1   311     3   308     3   308 1.00 GCF_009791395.1
NZ_JALLGW010000001.1_1802 -            743 MCM                  PF00493.28   224     3e-48  161.6   0.0   1   1   4.8e-51   5.9e-48  160.7   0.0    33   222   367   552   327   554 0.92 GCF_023074835.1
WHTU01000040.1_25         -            769 MCM                  PF00493.28   224   1.6e-31  106.9   0.0   1   1   2.5e-34     3e-31  106.0   0.0     2   211   287   497   286   506 0.91 GCA_009377575.1
NZ_CP085338.1_545         -            335 MCM                  PF00493.28   224   4.1e-08   30.4   0.0   1   1   6.1e-11   7.5e-08   29.5   0.0    42   191    21   169     7   203 0.75 GCF_020618475.1
NZ_JALLGW010000001.1_1802 -            743 MCM_lid              PF17855.6     87   7.1e-16   56.3   1.4   1   1   8.4e-19   1.6e-15   55.2   1.4     4    87   573   652   570   652 0.93 GCF_023074835.1
WHTU01000040.1_25         -            769 MCM_lid              PF17855.6     87   7.7e-12   43.3   0.7   1   1   4.2e-15   7.7e-12   43.3   0.7     2    85   521   600   520   602 0.93 GCA_009377575.1
NZ_JALLGW010000001.1_1802 -            743 MCM_OB               PF17207.8    126   2.8e-13   47.5   0.3   1   1   1.6e-16   5.8e-13   46.5   0.3     4   121   167   289   164   293 0.89 GCF_023074835.1
NZ_JAJFAY010000003.1_359  -            534 MCPsignal            PF00015.26   172   9.7e-47  156.7  55.1   1   1   1.7e-44   1.3e-41  140.1  24.8     2   171   278   447   274   448 0.97 GCF_021083305.1
NZ_JALLGW010000001.1_2739 -            790 MCPsignal            PF00015.26   172   1.1e-41  140.3  26.9   1   1   1.5e-44   1.1e-41  140.3  26.9     3   171   531   699   518   700 0.95 GCF_023074835.1
LKML01000064.1_7          -            588 MCPsignal            PF00015.26   172   1.3e-41  140.1  56.9   1   1   1.7e-42   1.2e-39  133.6  26.3     7   166   362   521   357   527 0.93 GCA_001563795.1
NZ_WUUT01000004.1_123     -            628 MCPsignal            PF00015.26   172   7.2e-41  137.6  25.6   1   1   9.7e-44   7.2e-41  137.6  25.6     3   168   401   566   396   570 0.94 GCF_009831575.1
NZ_AOLK01000011.1_553     -            756 MCPsignal            PF00015.26   172   1.3e-40  136.8  53.0   1   1   2.8e-42     2e-39  132.9  24.0    14   171   497   668   486   669 0.89 GCF_000336755.1
NC_017943.1_110      -            533 MCRA                 PF06100.16   495  4.2e-210  696.5   0.0   1   1  1.3e-213  4.8e-210  696.3   0.0     2   495    14   502    13   502 0.99 GCF_000306765.2
JAHEFU010000127.1_2  -            322 MDD_C                PF18376.6    186   1.1e-13   49.1   0.0   1   1   4.6e-17   1.7e-13   48.6   0.0     2   133   173   301   172   315 0.91 GCA_024645305.1
NZ_JALIQP010000001.1_930 -            341 MeaB                 PF03308.21   273   3.4e-84  279.8   1.6   1   1     7e-87   4.3e-84  279.5   1.6     1   266    30   300    30   307 0.95 GCF_023566055.1
CP046181.1_1968          -            232 MeaB                 PF03308.21   273   4.8e-65  217.0   2.9   1   1   8.9e-68   5.5e-65  216.8   2.9     1   188    15   195    15   224 0.94 GCA_014075315.1
NZ_AQXI01000001.1_27     -            223 MeaB                 PF03308.21   273   2.5e-51  172.0   0.4   1   1     5e-54   3.1e-51  171.7   0.4    95   268     2   182     1   187 0.96 GCF_000376445.1
JAHCGZ010000007.1_26     -            230 MeaB                 PF03308.21   273   2.2e-50  168.9   0.4   1   1   4.4e-53   2.7e-50  168.6   0.4    67   269     2   194     1   198 0.91 GCA_022117465.1
JAHCGZ010000007.1_27     -             70 MeaB                 PF03308.21   273   2.1e-11   41.1   0.0   1   1   3.8e-14   2.3e-11   40.9   0.0     1    58    16    69    16    70 0.94 GCA_022117465.1
NZ_CP096659.1_3230   -            792 MEDS                 PF14417.11   161   5.9e-49  163.7   2.9   1   1   9.7e-52   1.8e-48  162.2   0.3     1   161    48   209    48   209 0.99 GCF_023238205.1
NZ_CP012850.1_3589   -            398 MEDS                 PF14417.11   161     8e-25   85.3   0.0   1   1   2.8e-15   5.2e-12   43.6   0.0     2   150   219   368   218   382 0.85 GCF_000802205.1
LDXL01000001.1_209   -            278 Memo                 PF01875.22   269   8.8e-83  275.3   0.0   1   1   2.7e-86   9.9e-83  275.2   0.0     2   268     6   275     5   276 0.97 GCA_001443365.1
JAFEGL010000003.1_69 -            248 MerR                 PF00376.28    38   5.4e-13   46.3   0.8   1   1   3.8e-16   1.4e-12   45.0   0.4     1    38     4    41     4    41 0.97 GCA_018239895.1
JAFEGL010000003.1_69 -            248 MerR-DNA-bind        PF09278.16    65   1.9e-06   26.1  10.2   1   1   5.8e-10   2.1e-06   26.0   5.8     4    63    49   109    46   111 0.89 GCA_018239895.1
JAFEGL010000003.1_69  -            248 MerR_1               PF13411.11    69   3.1e-16   57.0   1.3   1   1   2.5e-19   3.1e-16   57.0   1.3     1    68     3    71     3    72 0.98 GCA_018239895.1
NZ_CP035119.1_347     -            228 MerR_1               PF13411.11    69   7.7e-06   23.7   0.0   1   1   1.3e-08   1.7e-05   22.7   0.0     3    41    21    60    19    64 0.93 GCF_004087835.1
JADJWG010000001.1_149 -            541 Metalloenzyme        PF01676.23   252     8e-70  232.9   0.0   1   1   2.6e-73   9.4e-70  232.7   0.0     2   251    10   527     9   528 0.98 GCA_016716475.1
NZ_MU078695.1_71         -            372 Metallophos          PF00149.33   191   4.2e-17   61.0   0.2   1   1   1.7e-19   6.3e-17   60.4   0.2     1   190     1   202     1   203 0.78 GCF_014078525.1
NZ_CP044523.1_720        -            246 Metallophos          PF00149.33   191   8.9e-14   50.1   0.9   1   1   4.5e-16   1.7e-13   49.2   0.6     3   189    36   185    35   187 0.73 GCF_008831545.1
NZ_CP085340.1_211        -            446 Metallophos          PF00149.33   191   3.6e-11   41.6   0.2   1   1   1.3e-11   4.6e-09   34.7   0.1     4   142    11   189     9   233 0.59 GCF_020618475.1
NZ_JAKUHT010000013.1_47  -            340 Metallophos          PF00149.33   191   1.2e-10   39.9   0.0   1   1   6.2e-13   2.3e-10   39.0   0.0     2   188    39   269    38   271 0.62 GCF_022436705.1
JAFEGH010000005.1_2      -            409 Metallophos          PF00149.33   191   7.9e-09   34.0   0.2   1   1   4.2e-11   1.5e-08   33.0   0.1     4   184   118   311   115   318 0.66 GCA_018240065.1
NZ_CP095482.1_322        -            464 Metallophos          PF00149.33   191   1.4e-07   29.9   0.0   1   1   8.2e-10     3e-07   28.8   0.0     3   190     5   200     3   201 0.66 GCF_023028225.1
NZ_JALXFV010000002.1_418 -            232 Metallophos          PF00149.33   191   3.7e-07   28.5   0.1   1   1   2.7e-09     1e-06   27.1   0.1     4   116    19   130    18   173 0.67 GCF_023699475.1
QNGA01000001.1_774       -            210 Metallophos          PF00149.33   191   6.7e-07   27.7   3.9   1   1   1.4e-08   5.3e-06   24.7   3.9     5   190     3   171     1   172 0.61 GCA_003298465.1
NZ_NHSQ01000084.1_120    -            206 Metallophos          PF00149.33   191   9.5e-07   27.2   4.2   1   1   1.1e-07   4.1e-05   21.8   4.5     1   159     4    99     4   124 0.63 GCF_016653465.1
JADFQH010000041.1_2      -            256 Metallophos          PF00149.33   191   1.3e-06   26.7   1.2   1   1   2.3e-08   8.6e-06   24.0   0.1     2   116    21   148    20   156 0.69 GCA_022561895.1
NZ_NHSQ01000084.1_120 -            206 Metallophos_2        PF12850.12   154   1.4e-28   97.6   0.0   1   1   2.3e-31   2.1e-28   97.0   0.0     2   151     5   156     4   158 0.89 GCF_016653465.1
NZ_CP044523.1_720     -            246 Metallophos_2        PF12850.12   154   4.1e-08   31.1   1.5   1   1   2.8e-10   2.6e-07   28.5   1.5     3   124    36   193    35   213 0.61 GCF_008831545.1
NZ_MU078695.1_71      -            372 Metallophos_2        PF12850.12   154   2.1e-07   28.8   0.0   1   1   7.7e-10   7.1e-07   27.1   0.0     1   119     1   203     1   221 0.74 GCF_014078525.1
JAKCFM010000001.1_2839   -            263 Methyltransf_11      PF08241.17    95   1.7e-25   87.3   0.0   1   1   2.5e-27   3.4e-25   86.3   0.0     1    93    50   144    50   146 0.98 GCA_025041195.1
NC_019964.1_1217         -            239 Methyltransf_11      PF08241.17    95   2.4e-25   86.7   0.1   1   1   2.8e-27   3.8e-25   86.1   0.1     1    88    49   139    49   144 0.97 GCF_000328525.1
NZ_CP053941.1_2435       -            258 Methyltransf_11      PF08241.17    95     2e-23   80.6   0.1   1   1   2.9e-25     4e-23   79.7   0.1     2    95    61   156    60   156 0.97 GCF_013267195.1
JAHFTO010000009.1_12     -            283 Methyltransf_11      PF08241.17    95   2.1e-21   74.1   0.0   1   1   2.4e-23   3.3e-21   73.5   0.0     1    95    60   155    60   155 0.97 GCA_023269355.1
NZ_LIGX01000007.1_9      -            224 Methyltransf_11      PF08241.17    95   2.4e-21   74.0   0.0   1   1   3.2e-23   4.3e-21   73.1   0.0     1    94    47   144    47   145 0.97 GCF_001683795.1
NZ_JAAOIR010000004.1_213 -            250 Methyltransf_11      PF08241.17    95   4.3e-21   73.1   0.1   1   1   4.9e-23   6.7e-21   72.5   0.1     3    94    70   159    68   160 0.94 GCF_011440375.1
JAHFTO010000009.1_59     -            244 Methyltransf_11      PF08241.17    95   1.3e-20   71.6   0.0   1   1   1.4e-22     2e-20   71.0   0.0     1    95    56   156    56   156 0.94 GCA_023269355.1
NZ_MWLL01000015.1_56     -            208 Methyltransf_11      PF08241.17    95   2.6e-20   70.6   0.0   1   1   4.3e-22   5.9e-20   69.5   0.0     1    94    45   136    45   137 0.94 GCF_002198675.1
NZ_FOCX01000035.1_35     -            238 Methyltransf_11      PF08241.17    95   2.1e-19   67.7   0.1   1   1   3.5e-21   4.7e-19   66.6   0.1     1    93    48   133    48   135 0.96 GCF_900110215.1
BGOU01000003.1_75        -            205 Methyltransf_11      PF08241.17    95   1.5e-16   58.6   0.0   1   1   2.7e-18   3.7e-16   57.3   0.0     1    94    49   141    49   142 0.94 GCA_003569705.1
JAEHKV010000051.1_7      -            176 Methyltransf_11      PF08241.17    95   1.2e-14   52.4   0.0   1   1   1.4e-16   1.9e-14   51.9   0.0     1    88    30   115    30   117 0.95 GCA_016838845.1
VYCS01000041.1_36        -            233 Methyltransf_11      PF08241.17    95     1e-13   49.5   0.0   1   1     1e-15   1.4e-13   49.1   0.0     1    95    52   146    52   146 0.94 GCA_009843815.1
NZ_CP044523.1_3361       -            213 Methyltransf_11      PF08241.17    95   1.1e-13   49.4   0.0   1   1   1.4e-15   1.9e-13   48.6   0.0     3    95    51   144    49   144 0.89 GCF_008831545.1
NC_015948.1_2759         -            224 Methyltransf_11      PF08241.17    95   2.3e-12   45.2   0.0   1   1   4.4e-14     6e-12   43.8   0.0    27    94    66   127    44   128 0.84 GCF_000223905.1
NZ_JALXFV010000006.1_59  -            249 Methyltransf_11      PF08241.17    95   1.1e-11   43.1   0.1   1   1   1.7e-13   2.3e-11   42.0   0.1     1    93    90   194    90   196 0.91 GCF_023699475.1
JACATG010000004.1_29     -            281 Methyltransf_11      PF08241.17    95   1.8e-11   42.3   0.0   1   1   2.6e-13   3.6e-11   41.3   0.0     1    95    77   169    77   169 0.90 GCA_013390905.1
NZ_FTNO01000001.1_810    -            229 Methyltransf_11      PF08241.17    95   2.3e-11   42.0   0.0   1   1   2.8e-13   3.9e-11   41.2   0.0     1    93    53   149    53   151 0.93 GCF_900156425.1
JAKCFJ010000001.1_33     -            193 Methyltransf_11      PF08241.17    95   9.3e-11   40.0   0.0   1   1   4.5e-12   6.2e-10   37.4   0.0     1    94    34   132    34   133 0.93 GCA_025041175.1
NZ_CP085302.1_141        -            239 Methyltransf_11      PF08241.17    95   1.5e-09   36.1   0.0   1   1   1.7e-11   2.3e-09   35.6   0.0     1    95    22   121    22   121 0.94 GCF_020700235.1
JALDAN010000014.1_14     -            202 Methyltransf_11      PF08241.17    95   2.2e-09   35.6   0.0   1   1   2.7e-11   3.7e-09   34.9   0.0     1    67    49   120    49   134 0.94 GCA_022729355.1
NZ_CP072036.1_2468       -            751 Methyltransf_11      PF08241.17    95   2.2e-06   26.0   0.0   1   1   4.1e-08   5.6e-06   24.7   0.0    50    93   331   377   311   379 0.90 GCF_018847375.1
PXRX01000023.1_5         -            211 Methyltransf_11      PF08241.17    95   2.4e-06   25.9   0.0   1   1     4e-08   5.5e-06   24.7   0.0     1    69    60   132    60   144 0.92 GCA_003023195.1
NZ_WUYX01000026.1_6      -            173 Methyltransf_11      PF08241.17    95   6.8e-06   24.4   0.0   1   1   9.4e-08   1.3e-05   23.5   0.0     3    74    29   104    27   116 0.72 GCF_009834785.1
NZ_CP044129.1_1367       -            240 Methyltransf_11      PF08241.17    95     7e-06   24.4   0.1   1   1   7.9e-08   1.1e-05   23.8   0.1     1    69    60   125    60   155 0.81 GCF_009617995.1
NZ_ML974127.1_826        -            260 Methyltransf_11      PF08241.17    95   1.5e-05   23.3   0.3   1   1   4.2e-07   5.7e-05   21.5   0.2     1    62    89   155    89   157 0.89 GCF_004765815.2
DRGT01000043.1_22        -            273 Methyltransf_11      PF08241.17    95   1.6e-05   23.2   0.0   1   1   2.6e-07   3.6e-05   22.1   0.0     2    94   102   196   101   197 0.89 GCA_011055585.1
JAHFTO010000009.1_12     -            283 Methyltransf_12      PF08242.17    98   5.6e-19   66.5   0.0   1   1   4.3e-21   9.8e-19   65.7   0.0     1    98    60   153    60   153 0.84 GCA_023269355.1
NZ_LIGX01000007.1_9      -            224 Methyltransf_12      PF08242.17    98     6e-19   66.4   0.0   1   1   4.8e-21   1.1e-18   65.5   0.0     1    98    47   143    47   143 0.90 GCF_001683795.1
NC_019964.1_1217         -            239 Methyltransf_12      PF08242.17    98   1.7e-17   61.7   0.1   1   1   1.3e-19   2.9e-17   61.0   0.1     1    91    49   137    49   139 0.92 GCF_000328525.1
NZ_CP044523.1_3361       -            213 Methyltransf_12      PF08242.17    98   2.1e-16   58.2   0.1   1   1   1.9e-18   4.5e-16   57.2   0.0     3    98    51   142    49   142 0.93 GCF_008831545.1
JAKCFM010000001.1_2839   -            263 Methyltransf_12      PF08242.17    98   4.4e-16   57.2   0.0   1   1   3.2e-18   7.3e-16   56.5   0.0     1    97    50   143    50   144 0.94 GCA_025041195.1
NZ_JAAOIR010000004.1_213 -            250 Methyltransf_12      PF08242.17    98   6.1e-16   56.7   0.3   1   1   4.2e-18   9.7e-16   56.1   0.3     3    97    70   157    68   158 0.88 GCF_011440375.1
NZ_CP053941.1_2435       -            258 Methyltransf_12      PF08242.17    98   1.1e-14   52.8   0.3   1   1   9.9e-17   2.3e-14   51.7   0.2     2    98    61   154    60   154 0.88 GCF_013267195.1
BGOU01000003.1_75        -            205 Methyltransf_12      PF08242.17    98   2.7e-12   45.1   0.0   1   1     2e-14   4.6e-12   44.3   0.0     1    98    49   140    49   140 0.81 GCA_003569705.1
NZ_MWLL01000015.1_56     -            208 Methyltransf_12      PF08242.17    98   1.5e-11   42.7   0.2   1   1   1.9e-13   4.4e-11   41.1   0.0     1    97    45   134    45   135 0.81 GCF_002198675.1
JAEHKV010000051.1_7      -            176 Methyltransf_12      PF08242.17    98   2.2e-11   42.1   0.0   1   1   1.5e-13   3.4e-11   41.5   0.0     1    90    30   112    30   116 0.92 GCA_016838845.1
JAHFTO010000009.1_59     -            244 Methyltransf_12      PF08242.17    98   4.7e-11   41.1   0.0   1   1   3.4e-13   7.8e-11   40.4   0.0     1    98    56   154    56   154 0.93 GCA_023269355.1
NZ_FTNO01000001.1_810    -            229 Methyltransf_12      PF08242.17    98   3.8e-10   38.2   0.0   1   1     3e-12   6.8e-10   37.3   0.0     1    98    53   149    53   149 0.89 GCF_900156425.1
JAKCFJ010000001.1_33     -            193 Methyltransf_12      PF08242.17    98   7.5e-09   34.0   0.0   1   1     6e-11   1.4e-08   33.2   0.0     1    98    34   131    34   131 0.88 GCA_025041175.1
NZ_WUYX01000026.1_6      -            173 Methyltransf_12      PF08242.17    98   1.1e-08   33.5   0.1   1   1   1.3e-10   2.9e-08   32.1   0.1     3    87    29   113    27   117 0.81 GCF_009834785.1
NZ_FOCX01000035.1_35     -            238 Methyltransf_12      PF08242.17    98   1.3e-08   33.3   0.1   1   1   1.5e-10   3.6e-08   31.8   0.1     1    98    48   133    48   133 0.85 GCF_900110215.1
NZ_JALXFV010000006.1_59  -            249 Methyltransf_12      PF08242.17    98     6e-08   31.1   0.1   1   1   5.4e-10   1.2e-07   30.1   0.1     1    97    90   193    90   194 0.80 GCF_023699475.1
JALDAN010000014.1_14 -            202 Methyltransf_15      PF09445.15   165     1e-09   36.0   0.0   1   1   7.1e-13   1.3e-09   35.6   0.0     3    83    47   125    45   149 0.87 GCA_022729355.1
NC_019964.1_1217     -            239 Methyltransf_15      PF09445.15   165   1.2e-05   22.7   0.0   1   1   8.5e-09   1.6e-05   22.3   0.0     2    61    46   130    45   204 0.75 GCF_000328525.1
NZ_JAALLS010000007.1_105 -            156 Methyltransf_1N      PF02870.20    71   3.7e-09   34.8   0.0   1   1   1.5e-12   5.4e-09   34.2   0.0     2    71     4    69     3    69 0.90 GCF_011059105.1
NZ_JANHDJ010000003.1_295 -            354 Methyltransf_2       PF00891.23   210   3.4e-47  158.2   0.0   1   1   4.7e-50   4.3e-47  157.9   0.0     3   209   124   331   122   332 0.94 GCF_024494645.1
JAHFTO010000009.1_12     -            283 Methyltransf_2       PF00891.23   210   1.5e-07   28.7   0.0   1   1   2.2e-10     2e-07   28.3   0.0    45   164    38   155    20   205 0.80 GCA_023269355.1
NZ_JALXFV010000006.1_59  -            249 Methyltransf_2       PF00891.23   210     2e-06   25.1   0.0   1   1   3.2e-09   2.9e-06   24.5   0.0    53   184    75   216    48   233 0.78 GCF_023699475.1
NZ_LIGX01000007.1_9      -            224 Methyltransf_2       PF00891.23   210   8.5e-06   23.0   0.0   1   1   1.2e-08   1.1e-05   22.6   0.0    67   173    47   154    12   169 0.86 GCF_001683795.1
NC_019964.1_1217         -            239 Methyltransf_23      PF13489.11   164   1.2e-17   61.8   0.0   1   1   5.5e-20   1.7e-17   61.4   0.0     7   160    31   182    23   186 0.84 GCF_000328525.1
JAHFTO010000009.1_12     -            283 Methyltransf_23      PF13489.11   164   5.9e-17   59.6   0.0   1   1   2.8e-19   8.5e-17   59.1   0.0    21   160    54   207    31   230 0.73 GCA_023269355.1
JAKCFM010000001.1_2839   -            263 Methyltransf_23      PF13489.11   164   9.8e-17   58.9   0.0   1   1   4.3e-19   1.3e-16   58.5   0.0    20   163    43   194    30   195 0.87 GCA_025041195.1
NZ_MWLL01000015.1_56     -            208 Methyltransf_23      PF13489.11   164   2.2e-14   51.3   0.0   1   1     9e-17   2.8e-14   50.9   0.0    20   128    38   154    20   182 0.78 GCF_002198675.1
NZ_LIGX01000007.1_9      -            224 Methyltransf_23      PF13489.11   164   1.6e-13   48.5   0.0   1   1   6.2e-16   1.9e-13   48.2   0.0    15   124    35   153    14   208 0.73 GCF_001683795.1
NZ_CP044523.1_3361       -            213 Methyltransf_23      PF13489.11   164   9.9e-13   45.9   0.0   1   1   4.3e-15   1.3e-12   45.5   0.0     7   130    23   156    17   183 0.81 GCF_008831545.1
BGOU01000003.1_75        -            205 Methyltransf_23      PF13489.11   164   1.9e-12   45.0   0.0   1   1   7.6e-15   2.3e-12   44.7   0.0    14   121    41   147    28   174 0.77 GCA_003569705.1
NZ_FTNO01000001.1_810    -            229 Methyltransf_23      PF13489.11   164   5.1e-12   43.6   0.1   1   1   2.8e-14   8.5e-12   42.9   0.1    16   162    41   211    26   213 0.70 GCF_900156425.1
JAHFTO010000009.1_59     -            244 Methyltransf_23      PF13489.11   164   5.6e-12   43.4   0.0   1   1   2.8e-14   8.5e-12   42.9   0.0    10   159    40   218    34   222 0.66 GCA_023269355.1
NZ_JAAOIR010000004.1_213 -            250 Methyltransf_23      PF13489.11   164   5.8e-12   43.4   0.0   1   1   2.5e-14   7.8e-12   43.0   0.0     4   162    47   214    44   216 0.72 GCF_011440375.1
NZ_CP053941.1_2435       -            258 Methyltransf_23      PF13489.11   164   5.2e-09   33.8   0.0   1   1   3.7e-11   1.1e-08   32.7   0.0    18   161    51   216    41   219 0.67 GCF_013267195.1
NZ_FOCX01000035.1_35     -            238 Methyltransf_23      PF13489.11   164   1.5e-07   29.1   0.0   1   1   8.8e-10   2.7e-07   28.2   0.0     4   114    24   133    16   145 0.84 GCF_900110215.1
OMIR01000011.1_5     -            297 Methyltransf_24      PF13578.11   105   7.5e-13   47.1   0.0   1   1   1.3e-15   2.3e-12   45.5   0.0     1   105    64   192    64   192 0.87 GCA_900299125.1
PXRX01000023.1_5     -            211 Methyltransf_24      PF13578.11   105   1.3e-12   46.3   0.0   1   1   1.5e-15   2.8e-12   45.2   0.0     1   104    60   157    60   158 0.89 GCA_003023195.1
NC_019964.1_1217         -            239 Methyltransf_25      PF13649.11    97   4.1e-26   89.3   0.1   1   1   3.9e-28   6.2e-26   88.7   0.1     1    93    48   138    48   141 0.92 GCF_000328525.1
NZ_LIGX01000007.1_9      -            224 Methyltransf_25      PF13649.11    97     6e-24   82.3   0.0   1   1   7.4e-26   1.2e-23   81.4   0.0     2    97    47   141    46   141 0.98 GCF_001683795.1
JAKCFM010000001.1_2839   -            263 Methyltransf_25      PF13649.11    97   1.1e-23   81.4   0.1   1   1   1.3e-25   2.2e-23   80.6   0.1     1    97    49   142    49   142 0.96 GCA_025041195.1
NZ_CP053941.1_2435       -            258 Methyltransf_25      PF13649.11    97   7.8e-22   75.6   0.3   1   1   8.6e-24   1.4e-21   74.8   0.3     1    97    59   152    59   152 0.95 GCF_013267195.1
JAHFTO010000009.1_12     -            283 Methyltransf_25      PF13649.11    97   8.8e-22   75.4   0.0   1   1     1e-23   1.6e-21   74.5   0.0     1    97    59   151    59   151 0.93 GCA_023269355.1
JAHFTO010000009.1_59     -            244 Methyltransf_25      PF13649.11    97   2.8e-20   70.6   0.0   1   1     3e-22   4.8e-20   69.8   0.0     1    97    55   152    55   152 0.92 GCA_023269355.1
NZ_JAAOIR010000004.1_213 -            250 Methyltransf_25      PF13649.11    97   4.3e-19   66.8   0.1   1   1   4.5e-21   7.2e-19   66.1   0.1     1    97    67   156    67   156 0.93 GCF_011440375.1
BGOU01000003.1_75        -            205 Methyltransf_25      PF13649.11    97   4.9e-18   63.4   0.0   1   1   6.4e-20     1e-17   62.4   0.0     2    97    49   138    48   138 0.97 GCA_003569705.1
JAEHKV010000051.1_7      -            176 Methyltransf_25      PF13649.11    97     8e-17   59.5   0.0   1   1   8.6e-19   1.4e-16   58.8   0.0     1    94    29   115    29   117 0.95 GCA_016838845.1
NZ_FTNO01000001.1_810    -            229 Methyltransf_25      PF13649.11    97   1.6e-15   55.4   0.0   1   1   1.8e-17   2.9e-15   54.5   0.0     1    97    52   147    52   147 0.98 GCF_900156425.1
NZ_FOCX01000035.1_35     -            238 Methyltransf_25      PF13649.11    97   3.3e-15   54.3   0.1   1   1   5.6e-17   8.9e-15   52.9   0.1     1    97    47   131    47   131 0.89 GCF_900110215.1
NZ_MWLL01000015.1_56     -            208 Methyltransf_25      PF13649.11    97   1.5e-14   52.2   0.0   1   1   1.6e-16   2.6e-14   51.5   0.0     1    97    44   133    44   133 0.92 GCF_002198675.1
NZ_CP044523.1_3361       -            213 Methyltransf_25      PF13649.11    97   2.9e-14   51.3   0.0   1   1   3.5e-16   5.7e-14   50.4   0.0     1    97    48   140    48   140 0.91 GCF_008831545.1
NZ_JALXFV010000006.1_59  -            249 Methyltransf_25      PF13649.11    97   2.9e-13   48.1   0.5   1   1     7e-15   1.1e-12   46.2   0.1     1    97    89   192    89   192 0.91 GCF_023699475.1
JALDAN010000014.1_14     -            202 Methyltransf_25      PF13649.11    97   2.8e-12   45.0   0.1   1   1   2.7e-14   4.3e-12   44.3   0.1     1    76    48   125    48   138 0.89 GCA_022729355.1
VYCS01000041.1_36        -            233 Methyltransf_25      PF13649.11    97   1.3e-10   39.6   0.0   1   1   1.2e-12   1.9e-10   39.1   0.0     1    97    51   142    51   142 0.92 GCA_009843815.1
NC_015948.1_2759         -            224 Methyltransf_25      PF13649.11    97   5.6e-10   37.6   0.0   1   1   9.9e-12   1.6e-09   36.1   0.0    50    97    77   124    45   124 0.91 GCF_000223905.1
NZ_CP085302.1_141        -            239 Methyltransf_25      PF13649.11    97     9e-10   36.9   0.1   1   1   9.6e-12   1.5e-09   36.2   0.1     2    96    22   116    21   116 0.96 GCF_020700235.1
JAKCFJ010000001.1_33     -            193 Methyltransf_25      PF13649.11    97   1.3e-09   36.4   0.0   1   1   1.5e-11   2.4e-09   35.5   0.0     2    97    34   129    33   129 0.93 GCA_025041175.1
VMDM01000024.1_19        -            246 Methyltransf_25      PF13649.11    97   4.5e-09   34.7   0.0   1   1   4.2e-11   6.7e-09   34.1   0.0     1    97    52   157    52   157 0.89 GCA_008080815.1
PXRX01000023.1_5         -            211 Methyltransf_25      PF13649.11    97   9.2e-08   30.5   0.0   1   1   1.4e-09   2.3e-07   29.2   0.0     2    73    60   131    60   151 0.89 GCA_003023195.1
NZ_CP044129.1_1367       -            240 Methyltransf_25      PF13649.11    97     3e-07   28.8   0.1   1   1   3.1e-09   4.9e-07   28.1   0.1     2    93    60   147    59   150 0.88 GCF_009617995.1
JAFEGL010000003.1_98 -            559 Methyltransf_28      PF02636.22   249   3.5e-09   34.2   0.0   1   1     2e-12   7.4e-09   33.1   0.0     2   162    44   238    43   247 0.67 GCA_018239895.1
PXRX01000023.1_5     -            211 Methyltransf_3       PF01596.22   204   4.2e-28   95.8   0.0   1   1   2.6e-31   4.8e-28   95.6   0.0    29   200    40   207    16   211 0.86 GCA_003023195.1
NC_019964.1_1217         -            239 Methyltransf_31      PF13847.11   145   1.4e-22   77.8   0.0   1   1   9.5e-25   1.8e-22   77.3   0.0     4   113    45   148    43   184 0.90 GCF_000328525.1
JAKCFM010000001.1_2839   -            263 Methyltransf_31      PF13847.11   145   4.5e-22   76.1   0.0   1   1   2.9e-24   5.7e-22   75.7   0.0     2   120    44   158    43   212 0.85 GCA_025041195.1
JAHFTO010000009.1_12     -            283 Methyltransf_31      PF13847.11   145   5.8e-22   75.7   0.0   1   1   4.1e-24   7.9e-22   75.3   0.0     4   142    56   202    53   205 0.81 GCA_023269355.1
NZ_CP053941.1_2435       -            258 Methyltransf_31      PF13847.11   145   5.1e-19   66.2   0.0   1   1     5e-21   9.7e-19   65.2   0.0     3   112    55   159    53   173 0.91 GCF_013267195.1
JAHFTO010000009.1_59     -            244 Methyltransf_31      PF13847.11   145   9.5e-19   65.3   0.0   1   1   5.5e-21   1.1e-18   65.1   0.0     2   113    50   160    49   217 0.87 GCA_023269355.1
NZ_LIGX01000007.1_9      -            224 Methyltransf_31      PF13847.11   145   2.6e-17   60.6   0.0   1   1   1.6e-19     3e-17   60.4   0.0     5   113    44   149    40   204 0.81 GCF_001683795.1
NZ_JAAOIR010000004.1_213 -            250 Methyltransf_31      PF13847.11   145   9.3e-17   58.8   0.0   1   1   6.3e-19   1.2e-16   58.4   0.0     5   110    65   161    61   195 0.91 GCF_011440375.1
BGOU01000003.1_75        -            205 Methyltransf_31      PF13847.11   145     3e-16   57.2   0.2   1   1     3e-18   5.7e-16   56.3   0.2     7   114    48   148    44   189 0.83 GCA_003569705.1
JAEHKV010000051.1_7      -            176 Methyltransf_31      PF13847.11   145   3.4e-14   50.5   0.2   1   1   3.1e-16   6.1e-14   49.7   0.1     3   102    25   115    23   120 0.87 GCA_016838845.1
NZ_CP044523.1_3361       -            213 Methyltransf_31      PF13847.11   145   7.8e-14   49.3   0.0   1   1   5.1e-16   9.9e-14   49.0   0.0    10   116    51   163    46   211 0.80 GCF_008831545.1
JALDAN010000014.1_14     -            202 Methyltransf_31      PF13847.11   145   8.8e-14   49.2   0.1   1   1   6.1e-16   1.2e-13   48.7   0.1     5    82    46   121    42   145 0.90 GCA_022729355.1
DRGT01000043.1_22        -            273 Methyltransf_31      PF13847.11   145   4.1e-11   40.5   0.1   1   1   3.3e-13   6.5e-11   39.9   0.1     2   127    95   218    94   244 0.82 GCA_011055585.1
VMDM01000024.1_19        -            246 Methyltransf_31      PF13847.11   145   1.6e-10   38.6   0.1   1   1   3.4e-12   6.6e-10   36.6   0.0     3   114    48   179    46   222 0.72 GCA_008080815.1
NZ_FTNO01000001.1_810    -            229 Methyltransf_31      PF13847.11   145   3.8e-10   37.4   0.0   1   1   2.6e-12   5.1e-10   37.0   0.0     3   128    48   194    46   215 0.78 GCF_900156425.1
JAKCFJ010000001.1_33     -            193 Methyltransf_31      PF13847.11   145   1.2e-08   32.6   0.0   1   1   7.5e-11   1.5e-08   32.2   0.0     3   111    29   135    28   166 0.93 GCA_025041175.1
NZ_MWLL01000015.1_56     -            208 Methyltransf_31      PF13847.11   145   3.9e-08   30.9   0.0   1   1   3.4e-10   6.5e-08   30.1   0.0     7   127    44   153    39   178 0.77 GCF_002198675.1
NZ_JALXFV010000006.1_59  -            249 Methyltransf_31      PF13847.11   145     7e-08   30.0   0.0   1   1   5.4e-10     1e-07   29.5   0.0     2   106    84   193    83   199 0.89 GCF_023699475.1
VMDM01000024.1_19    -            246 Methyltransf_32      PF13679.11   143   1.4e-07   29.3   0.0   1   1   5.3e-11     2e-07   28.9   0.0     4    96    31   117    27   151 0.82 GCA_008080815.1
VMDM01000024.1_19    -            246 Methyltransf_33      PF10017.14   304   1.7e-06   25.1   0.0   1   1   5.8e-10   2.1e-06   24.7   0.0    43   219    30   208    24   225 0.78 GCA_008080815.1
JAHFTO010000009.1_12 -            283 Methyltransf_4       PF02390.22   173   4.5e-10   37.0   0.1   1   1   1.7e-12   6.3e-09   33.3   0.0     3    63    57   115    55   124 0.90 GCA_023269355.1
NC_019964.1_1217     -            239 Methyltransf_9       PF08003.16   315     2e-06   24.7   0.0   1   1   7.4e-10   2.7e-06   24.3   0.0   107   219    36   146    29   150 0.85 GCF_000328525.1
NZ_PEND01000006.1_182 -            352 Methyltr_RsmB-F      PF01189.22   199   1.3e-49  166.3   0.0   1   2   3.9e-23   1.5e-19   68.2   0.0     1    73    91   163    91   171 0.95 GCF_002844195.1
NZ_PEND01000006.1_182 -            352 Methyltr_RsmB-F      PF01189.22   199   1.3e-49  166.3   0.0   2   2   1.1e-31   4.1e-28   96.1   0.0    67   198   209   348   206   349 0.87 GCF_002844195.1
NC_019964.1_1217     -            239 MetW                 PF07021.17   193   6.1e-08   30.3   0.0   1   1   4.8e-11   8.8e-08   29.7   0.0    15   118    46   153    31   170 0.78 GCF_000328525.1
JAEHKV010000051.1_7  -            176 MetW                 PF07021.17   193   8.9e-06   23.2   0.0   1   1   7.3e-09   1.3e-05   22.6   0.0    15   114    27   126    14   131 0.77 GCA_016838845.1
JALDAN010000014.1_14 -            202 Met_10               PF02475.21   198   1.5e-06   25.8   0.0   1   1   6.1e-10   2.3e-06   25.3   0.0    96   180    41   126    35   137 0.91 GCA_022729355.1
JAHFTO010000009.1_9      -            467 MFS_1                PF07690.21   347     4e-67  224.3  50.4   1   1     3e-67   8.4e-65  216.7  48.4     2   346    13   400    12   401 0.92 GCA_023269355.1
NZ_AQXI01000001.1_3012   -            380 MFS_1                PF07690.21   347   3.1e-49  165.5  45.8   1   1   6.7e-45   1.9e-42  143.2  36.8     5   306     2   288     1   294 0.85 GCF_000376445.1
JAFEGH010000003.1_49     -            408 MFS_1                PF07690.21   347   1.7e-43  146.6  51.6   1   2   4.5e-35   1.3e-32  110.9  34.1     1   266     6   287     6   289 0.84 GCA_018240065.1
JAFEGH010000003.1_49     -            408 MFS_1                PF07690.21   347   1.7e-43  146.6  51.6   2   2   1.4e-14   4.1e-12   43.4  11.4    51   176   278   402   268   407 0.87 GCA_018240065.1
NZ_CP044523.1_1173       -            414 MFS_1                PF07690.21   347   2.2e-43  146.2  57.8   1   2   2.5e-27     7e-25   85.4  27.3     3   228    12   242     9   242 0.85 GCF_008831545.1
NZ_CP044523.1_1173       -            414 MFS_1                PF07690.21   347   2.2e-43  146.2  57.8   2   2   5.1e-23   1.4e-20   71.2  26.2     2   167   222   394   221   412 0.84 GCF_008831545.1
JAKBAE010000060.1_4      -            400 MFS_1                PF07690.21   347   3.9e-42  142.1  35.8   1   1   1.4e-44   3.9e-42  142.1  35.8     4   344    15   353    11   356 0.89 GCA_021809325.1
NZ_JANHAU010000004.1_128 -            409 MFS_1                PF07690.21   347   1.2e-39  133.9  56.9   1   1   1.5e-40   4.4e-38  128.8  41.9    13   346    25   371    12   372 0.81 GCF_024464185.1
JAKBAE010000097.1_5      -            418 MFS_1                PF07690.21   347   5.4e-39  131.8  64.3   1   1   2.5e-34     7e-32  108.4  31.8    10   239    19   249     8   251 0.81 GCA_021809325.1
NZ_CP012850.1_262        -            197 MFS_1                PF07690.21   347   4.4e-33  112.4   9.4   1   1   1.7e-35   4.9e-33  112.2   9.4     8   182     2   174     1   195 0.91 GCF_000802205.1
NZ_CP100762.1_2995       -            439 MFS_1                PF07690.21   347   7.8e-33  111.5  47.4   1   1   8.6e-29   2.4e-26   90.2  24.7     1   260    17   284    17   288 0.83 GCF_024296665.1
NZ_WRXM01000002.1_984    -            423 MFS_1                PF07690.21   347   4.5e-29   99.2  56.7   1   1   1.5e-25   4.3e-23   79.5  36.8     1   291    16   304    16   317 0.76 GCF_010119205.1
NZ_FNIA01000016.1_59     -            377 MFS_1                PF07690.21   347   9.9e-21   71.7  54.8   1   1   1.5e-19   4.2e-17   59.8  45.2    15   319    23   312    12   316 0.75 GCF_900103505.1
JAATVR010000089.1_5      -            179 MFS_1                PF07690.21   347   2.3e-19   67.2   3.2   1   1   8.6e-22   2.4e-19   67.2   3.2    13   180     3   171     1   179 0.85 GCA_014523665.1
NZ_CP012850.1_263        -            284 MFS_1                PF07690.21   347   8.1e-12   42.4  13.2   1   1   2.9e-14   8.1e-12   42.4  13.2   187   347    19   181     6   181 0.89 GCF_000802205.1
NZ_CP044523.1_1173   -            414 MFS_1_like           PF12832.12   373   9.9e-14   48.9  10.0   1   1   7.3e-17   1.3e-13   48.4  10.0    33   372    38   382    28   383 0.80 GCF_008831545.1
JAFEGH010000003.1_49 -            408 MFS_1_like           PF12832.12   373   7.5e-11   39.4  22.8   1   1   4.1e-14   7.5e-11   39.4  22.8    37   349    50   360    40   373 0.80 GCA_018240065.1
NZ_CP100762.1_2995   -            439 MFS_3                PF05977.18   524   2.2e-37  126.4  36.0   1   1   7.8e-41   2.9e-37  126.0  36.0     7   397     9   412     7   432 0.85 GCF_024296665.1
NZ_AOLG01000047.1_3  -            459 MgtC                 PF02308.21   121   3.2e-13   47.9  10.5   1   1   2.7e-13   9.8e-10   36.6   2.5     1    45    17    61    17    87 0.79 GCF_000336815.1
NZ_NHSQ01000028.1_16 -            453 MgtE                 PF01769.21   125   7.7e-35  117.7  12.8   1   1   2.1e-38   7.7e-35  117.7  12.8     1   125   324   447   324   447 0.99 GCF_016653465.1
NZ_NHSQ01000028.1_16 -            453 MgtE_N               PF03448.22   102   2.4e-27   93.2   6.7   1   1   3.8e-30   1.4e-26   90.7   4.0     1   102    36   137    36   137 0.99 GCF_016653465.1
NZ_QPII01000005.1_246 -            832 MHYT                 PF03707.21    59   1.3e-32  109.3  29.5   1   2   1.4e-20   5.1e-17   59.4   2.0     1    55    68   122    68   126 0.95 GCF_003336675.1
NZ_QPII01000005.1_246 -            832 MHYT                 PF03707.21    59   1.3e-32  109.3  29.5   2   2   1.1e-15   4.1e-12   43.7   2.9     1    54   132   187   132   192 0.87 GCF_003336675.1
NZ_CP085331.1_164     -            288 MipZ                 PF09140.16   262   3.2e-12   44.1   0.0   1   1     2e-12   1.5e-09   35.3   0.0     2   129     8   156     7   164 0.73 GCF_020614375.1
NZ_CP085330.1_1       -            288 MipZ                 PF09140.16   262   2.3e-11   41.3   0.3   1   1   3.6e-09   2.7e-06   24.6   0.1     3    49    15    61    13    75 0.87 GCF_020614375.1
NZ_AQXI01000001.1_598 -            212 MipZ                 PF09140.16   262   1.9e-07   28.4   0.0   1   1   3.4e-10   2.5e-07   28.0   0.0     5   125     4   128     1   137 0.83 GCF_000376445.1
NZ_FOTC01000002.1_400 -            414 MipZ                 PF09140.16   262   1.6e-06   25.4   1.1   1   1   1.3e-08   9.8e-06   22.8   0.7     5   108     9   124     5   147 0.67 GCF_900114455.1
JADJWG010000002.1_973 -            450 MmgE_PrpD_C          PF19305.4    173   4.4e-48  161.1   0.0   1   1   1.7e-51   6.2e-48  160.6   0.0     1   171   263   435   263   437 0.97 GCA_016716475.1
JADJWG010000002.1_973 -            450 MmgE_PrpD_N          PF03972.19   244   3.3e-81  269.8   3.2   1   1   1.4e-84   5.2e-81  269.2   3.2     1   243     5   246     5   247 0.98 GCA_016716475.1
NZ_AOIQ01000016.1_28 -            850 MMPL                 PF03176.20   333   1.5e-35  120.4  61.3   1   2   2.1e-23   7.7e-20   68.8  16.3   102   299   219   413   197   418 0.85 GCF_000337515.1
NZ_AOIQ01000016.1_28 -            850 MMPL                 PF03176.20   333   1.5e-35  120.4  61.3   2   2   8.8e-22   3.2e-18   63.5  27.0    84   300   626   837   570   847 0.84 GCF_000337515.1
JAFEGL010000003.1_108    -            458 MMR_HSR1             PF01926.28   113     7e-27   91.6   0.0   1   1   2.3e-29   1.4e-26   90.6   0.0     3   113   229   340   227   340 0.89 GCA_018239895.1
JAGQHF010000020.1_1      -            239 MMR_HSR1             PF01926.28   113   9.2e-22   75.1   0.4   1   1   5.7e-23   3.5e-20   70.0   0.0     1    92     4   120     4   148 0.84 GCA_020431985.1
DP000238.1_1234          -            406 MMR_HSR1             PF01926.28   113   3.7e-20   69.9   0.0   1   1   8.2e-21     5e-18   63.0   0.0     1    92     4   120     4   134 0.82 GCA_000200715.1
NZ_SOSC01000010.1_49     -            607 MMR_HSR1             PF01926.28   113   2.4e-08   31.9   0.3   1   1     2e-10   1.3e-07   29.5   0.0     2   113    25   146    24   146 0.76 GCF_005049285.1
NZ_JAKUHT010000012.1_160 -            554 MMR_HSR1             PF01926.28   113   4.3e-08   31.0   0.0   1   1   5.2e-10   3.2e-07   28.2   0.0     2   112    68   210    67   211 0.60 GCF_022436705.1
JALDAN010000001.1_18     -            397 MMR_HSR1             PF01926.28   113   6.2e-06   24.1   0.1   1   1   2.4e-08   1.5e-05   22.9   0.1     2   112    10   134     9   168 0.63 GCA_022729355.1
NZ_MWLL01000079.1_22 -            527 MM_CoA_mutase        PF01642.27   512  7.9e-219  725.1   0.1   1   1  2.4e-222  8.9e-219  725.0   0.1     1   512     5   519     5   519 0.98 GCF_002198675.1
JADJWG010000001.1_1288 -            137 MnhB                 PF04039.18   127   1.6e-35  119.9  13.6   1   1   4.8e-39   1.8e-35  119.7  13.6     1   126     7   128     7   129 0.97 GCA_016716475.1
NZ_AOII01000091.1_90 -            201 MNHE                 PF01899.21   145   2.7e-38  128.8   0.5   1   1   8.5e-42   3.1e-38  128.6   0.5     2   144    11   165    10   166 0.90 GCF_000337615.1
JAFEGL010000003.1_108 -            458 MnmE_helical         PF12631.12   211   1.2e-53  180.1   2.3   1   1   4.8e-57   1.8e-53  179.5   2.3     1   211   132   455   132   455 0.94 GCA_018239895.1
NZ_CVUA01000001.1_369 -            498 Mo-co_dimer          PF03404.21   138   1.8e-08   32.2   0.1   1   1   9.7e-12   3.6e-08   31.3   0.1    27   114   388   476   376   483 0.78 GCF_001282785.1
NZ_WUUT01000001.1_1011 -            277 MoaE                 PF02391.22   114   1.2e-27   94.1   1.2   1   1   4.4e-31   1.6e-27   93.7   0.5    13   113   152   257   140   258 0.88 GCF_009831575.1
NZ_WUUT01000001.1_1011 -            277 MobB                 PF03205.19   133   4.9e-26   89.0   0.0   1   1   2.4e-29     9e-26   88.1   0.0     1   116     3   116     3   136 0.91 GCF_009831575.1
JADKAQ010000001.1_636 -            327 Mob_synth_C          PF06463.18   128   8.3e-39  130.2   0.0   1   1   8.7e-42   1.6e-38  129.3   0.0     2   127   187   310   186   311 0.96 GCA_016719105.1
NZ_CP044130.1_56      -            180 Mob_synth_C          PF06463.18   128   1.7e-15   54.9   0.3   1   1   1.4e-18   2.7e-15   54.2   0.1    42   124    29   112    11   116 0.77 GCF_009617995.1
NZ_QLVG01000033.1_48 -            250 MoCF_biosynth        PF00994.29   144   1.5e-35  119.8   0.2   1   1   1.3e-38   2.5e-35  119.1   0.2     1   138     4   169     4   173 0.96 GCF_003382685.1
NZ_AOIJ01000049.1_21 -            187 MoCF_biosynth        PF00994.29   144   2.4e-22   77.0   1.0   1   1   1.7e-25   3.2e-22   76.6   1.0     2   139    20   157    15   161 0.85 GCF_000337175.1
NZ_QPII01000001.1_100 -            439 MOFRL                PF05161.18   106     8e-38  126.7   0.1   1   1   5.3e-41     2e-37  125.4   0.1     2   106   324   428   323   428 0.99 GCF_003336675.1
NZ_FNYR01000035.1_11 -            694 Molybdopterin        PF00384.27   353   6.9e-53  177.6   0.0   1   1   4.8e-56   8.9e-53  177.3   0.0     2   352    52   465    52   466 0.91 GCF_900109065.1
NZ_CP031310.1_3078   -            715 Molybdopterin        PF00384.27   353   1.8e-42  143.4   0.0   1   1   1.6e-44   2.9e-41  139.4   0.0     5   353    13   478    11   478 0.79 GCF_004799665.1
NZ_CP031310.1_3078   -            715 Molydop_binding      PF01568.26   110   2.5e-21   73.5   0.0   1   1   2.8e-24   5.1e-21   72.6   0.0     1   104   572   675   572   681 0.88 GCF_004799665.1
NZ_FNYR01000035.1_11 -            694 Molydop_binding      PF01568.26   110   8.4e-18   62.2   0.0   1   1     1e-20   1.9e-17   61.1   0.0     1   110   567   666   567   666 0.95 GCF_900109065.1
NZ_BBMP01000023.1_81 -            155 Monooxy_af470-like   PF13826.11   118   1.6e-14   52.0   0.0   1   1   5.2e-18   1.9e-14   51.7   0.0     8   116     1   109     1   113 0.87 GCF_000755245.1
QNGA01000004.1_122   -            112 MrpF_PhaF            PF04066.18    53   8.5e-18   62.3   6.1   1   1   4.6e-21   8.5e-18   62.3   6.1     1    51    54   104    54   105 0.98 GCA_003298465.1
LKML01000003.1_44    -             93 MrpF_PhaF            PF04066.18    53   4.3e-17   60.1   4.1   1   1   2.3e-20   4.3e-17   60.1   4.1     2    51    35    84    34    85 0.98 GCA_001563795.1
LKNH01000002.1_37      -            339 Mrr_cat              PF04471.17   115     8e-31  104.3   0.0   1   1   1.4e-33   1.3e-30  103.6   0.0     1   115    72   187    72   187 0.95 GCA_001564135.1
NZ_FNYR01000028.1_22   -            486 Mrr_cat              PF04471.17   115   2.3e-27   93.2   0.0   1   1   4.4e-30   4.1e-27   92.4   0.0     2   114    37   158    36   159 0.91 GCF_900109065.1
NZ_AQXI01000001.1_1400 -            332 Mrr_cat              PF04471.17   115   1.6e-14   51.8   0.0   1   1   4.1e-17   3.8e-14   50.6   0.0     2   113     3   108     2   110 0.89 GCF_000376445.1
NZ_CP072036.1_2485     -            314 Mrr_cat              PF04471.17   115   1.1e-05   23.3   0.0   1   1   2.3e-08   2.1e-05   22.4   0.0    34    99   208   271   173   289 0.74 GCF_018847375.1
LKNH01000002.1_37    -            339 Mrr_cat_2            PF13156.11   127   6.4e-15   52.9   0.1   1   1   2.7e-18   9.9e-15   52.3   0.1     2   110    75   183    74   191 0.92 GCA_001564135.1
NZ_PEND01000005.1_259 -            365 MR_MLE_C             PF13378.11   219   3.2e-63  211.1   3.0   1   1   1.3e-66   4.9e-63  210.5   3.0     8   219   154   355   146   355 0.95 GCF_002844195.1
NZ_PEND01000005.1_259 -            365 MR_MLE_N             PF02746.21   117   1.1e-16   58.9   0.0   1   1   5.1e-20   1.9e-16   58.1   0.0    19   117    22   126     6   126 0.91 GCF_002844195.1
NZ_CP011070.1_1799   -            273 MS_channel_1st       PF21088.2     42   2.5e-08   31.5  10.4   1   1   6.8e-12   2.5e-08   31.5  10.4     1    42    58    99    58    99 0.98 GCF_000956175.1
LDXL01000008.1_3     -            311 MS_channel_1st_1     PF05552.17    50   4.4e-13   46.7   9.3   1   2   3.1e-13   1.2e-09   35.7   0.5     3    44    42    83    40    91 0.93 GCA_001443365.1
LDXL01000008.1_3     -            311 MS_channel_1st_1     PF05552.17    50   4.4e-13   46.7   9.3   2   2   4.9e-09   1.8e-05   22.3   2.8     3    38   137   173   136   182 0.83 GCA_001443365.1
JABDKK010000179.1_3     -            228 MS_channel_2nd       PF00924.23    68   6.9e-21   71.9   1.3   1   1   3.8e-23   1.8e-20   70.6   1.3     2    64   105   169   104   173 0.96 GCA_013002265.1
NZ_CP044523.1_1561      -            417 MS_channel_2nd       PF00924.23    68   2.1e-20   70.4   0.5   1   1   9.2e-23   4.2e-20   69.4   0.5     5    68   195   258   191   258 0.95 GCF_008831545.1
JAHELP010000012.1_36    -            341 MS_channel_2nd       PF00924.23    68   1.5e-19   67.7   0.8   1   1     7e-22   3.2e-19   66.6   0.8     2    64   172   236   171   240 0.96 GCA_024644105.1
NZ_JANHDP010000003.1_71 -            397 MS_channel_2nd       PF00924.23    68   1.5e-18   64.5   0.4   1   1   4.8e-21   2.2e-18   63.9   0.4     2    67   118   187   117   188 0.97 GCF_024494695.1
JACDHC010000060.1_5     -            315 MS_channel_2nd       PF00924.23    68     2e-18   64.1   2.4   1   1   7.9e-21   3.7e-18   63.2   0.8     1    67   131   200   131   201 0.97 GCA_013821245.1
NZ_LOPU01000016.1_199   -            289 MS_channel_2nd       PF00924.23    68   7.9e-18   62.1   2.2   1   1   1.7e-20   7.9e-18   62.1   2.2     3    63   114   174   112   175 0.95 GCF_001469955.1
NZ_CP011070.1_1799      -            273 MS_channel_2nd       PF00924.23    68   4.4e-17   59.8   1.8   1   1   9.5e-20   4.4e-17   59.8   1.8     2    63   101   164   100   170 0.95 GCF_000956175.1
LDXL01000008.1_3        -            311 MS_channel_2nd       PF00924.23    68   2.1e-06   25.6   2.2   1   1   1.3e-08   5.9e-06   24.1   2.2    17    63   259   305   256   306 0.94 GCA_001443365.1
NZ_CP044523.1_1561      -            417 MS_channel_3rd       PF21082.2     88   3.1e-14   50.9   0.1   1   1     1e-16   6.4e-14   49.9   0.1     1    88   264   349   264   349 0.95 GCF_008831545.1
NZ_CP011070.1_1799      -            273 MS_channel_3rd       PF21082.2     88   2.3e-12   45.0   0.1   1   1   6.6e-15   4.1e-12   44.2   0.1     2    88   176   258   175   258 0.88 GCF_000956175.1
JACDHC010000060.1_5     -            315 MS_channel_3rd       PF21082.2     88   4.4e-11   40.8   0.0   1   1   1.3e-13   7.8e-11   40.0   0.0     1    87   207   290   207   291 0.96 GCA_013821245.1
JAHELP010000012.1_36    -            341 MS_channel_3rd       PF21082.2     88   3.1e-08   31.7   0.1   1   1   9.2e-11   5.7e-08   30.9   0.1     4    88   249   329   247   329 0.91 GCA_024644105.1
NZ_LOPU01000016.1_199   -            289 MS_channel_3rd       PF21082.2     88   3.4e-08   31.6   0.0   1   1   9.5e-11   5.8e-08   30.8   0.0     4    86   188   268   185   270 0.96 GCF_001469955.1
NZ_JANHDP010000003.1_71 -            397 MS_channel_3rd       PF21082.2     88     1e-06   26.8   0.0   1   1   3.1e-09   1.9e-06   26.0   0.0     3    88   197   290   196   290 0.96 GCF_024494695.1
NZ_AOLW01000050.1_40 -             83 MTH865               PF07747.16    70   1.2e-23   80.4   0.1   1   1   3.8e-27   1.4e-23   80.2   0.1     2    69     7    74     6    75 0.98 GCF_000336615.1
NZ_QURE01000131.1_1  -             92 MtN3_slv             PF03083.21    87   2.2e-12   44.6   1.4   1   1   7.4e-16   2.7e-12   44.3   1.4     2    85     6    89     5    90 0.95 GCF_009898475.1
JALDAN010000014.1_14  -            202 MTS                  PF05175.19   170   1.6e-13   48.4   0.0   1   1   3.8e-16   2.3e-13   47.9   0.0    17   114    30   129    27   139 0.86 GCA_022729355.1
NZ_LIGX01000007.1_9   -            224 MTS                  PF05175.19   170     8e-11   39.6   0.0   1   1   1.7e-13   1.1e-10   39.2   0.0    33   117    44   127    28   159 0.81 GCF_001683795.1
JAHFTO010000009.1_12  -            283 MTS                  PF05175.19   170   2.7e-10   37.9   0.1   1   1     1e-12   6.3e-10   36.7   0.1    24   155    48   174    42   186 0.77 GCA_023269355.1
NZ_FTNO01000001.1_810 -            229 MTS                  PF05175.19   170   8.3e-07   26.5   0.0   1   1   2.3e-09   1.4e-06   25.8   0.0    31    91    48   106    38   114 0.87 GCF_900156425.1
NC_019964.1_1217      -            239 MTS                  PF05175.19   170   2.9e-06   24.8   0.0   1   1     1e-08   6.1e-06   23.7   0.0    23   104    36   117    26   139 0.87 GCF_000328525.1
NZ_ML974127.1_826     -            260 MTS                  PF05175.19   170   3.4e-06   24.6   0.1   1   1   1.3e-08   7.9e-06   23.4   0.2    31    95    84   147    74   154 0.88 GCF_004765815.2
CP060262.1_1089      -            304 Mu-like_gpT          PF10124.14   289   4.7e-73  243.8   0.0   1   3   4.1e-46   1.5e-42  143.6   0.0     2   149    11   154    10   160 0.93 GCA_022646745.1
CP060262.1_1089      -            304 Mu-like_gpT          PF10124.14   289   4.7e-73  243.8   0.0   2   3   9.7e-12   3.6e-08   30.8   0.0   218   288   156   234   150   235 0.83 GCA_022646745.1
CP060262.1_1089      -            304 Mu-like_gpT          PF10124.14   289   4.7e-73  243.8   0.0   3   3   8.5e-23   3.1e-19   67.1   0.1   155   217   239   301   236   303 0.96 GCA_022646745.1
JADJWG010000004.1_326 -            388 Mu-like_Pro          PF10123.14   330   1.9e-37  127.3   0.7   1   1   2.5e-35   9.3e-32  108.6   0.1     3   172    91   262    89   275 0.79 GCA_016716475.1
NZ_AOIQ01000009.1_148 -            112 Multi_Drug_Res       PF00893.24    93   2.7e-29   99.3   3.5   1   1     1e-32   3.7e-29   98.9   3.5     3    93     5    95     3    95 0.98 GCF_000337515.1
NZ_PHNJ01000003.1_349 -            488 MurJ                 PF03023.19   451   9.1e-09   32.1  22.2   1   1     5e-12   9.1e-09   32.1  22.2   105   437   127   451    84   463 0.76 GCF_008122205.1
OMIR01000083.1_46    -            147 Mut7-C               PF01927.21   146   1.5e-37  126.7   0.4   1   1   1.4e-40   1.7e-37  126.5   0.4     8   145     1   139     1   140 0.94 GCA_900299125.1
JAHENP010000195.1_7  -            194 Mut7-C               PF01927.21   146   1.7e-35  120.1   0.0   1   1   1.6e-38   1.9e-35  119.9   0.0     2   145    37   183    36   184 0.93 GCA_018609965.1
PXSA01000026.1_10    -            112 Mut7-C               PF01927.21   146   9.8e-06   23.5   0.1   1   1   9.1e-09   1.1e-05   23.3   0.1     2    78     4    91     3   104 0.76 GCA_003023565.1
JAJXYX010000082.1_17 -            869 MutS_I               PF01624.25   113   9.5e-40  133.1   0.0   1   1   7.1e-43   2.6e-39  131.7   0.0     1   112    15   121    15   122 0.97 GCA_021780355.1
JAJXYX010000082.1_17 -            869 MutS_II              PF05188.22   133     1e-19   69.0   0.0   1   1   5.7e-23   2.1e-19   68.0   0.0     1   124   130   253   130   262 0.90 GCA_021780355.1
JAJXYX010000082.1_17 -            869 MutS_III             PF05192.23   194   2.2e-44  149.8   1.9   1   1   1.2e-47   4.4e-44  148.9   1.9     1   194   278   566   278   566 0.97 GCA_021780355.1
JAJXYX010000082.1_17 -            869 MutS_IV              PF05190.23    92   1.3e-27   93.7   0.5   1   1     1e-30   3.8e-27   92.2   0.5     1    92   435   526   435   526 0.99 GCA_021780355.1
JAJXYX010000082.1_17 -            869 MutS_V               PF00488.26   188   2.5e-86  286.2   0.1   1   1   2.8e-89   5.1e-86  285.2   0.1     2   188   619   807   618   807 0.98 GCA_021780355.1
AOLX01000014.1_64    -            585 MutS_V               PF00488.26   188   8.9e-10   36.6   0.0   1   1   7.9e-13   1.5e-09   35.9   0.0     2    60   385   444   384   529 0.84 GCA_000336895.1
JAHEFU010000127.1_2  -            322 MVD-like_N           PF22700.1    157   3.1e-45  151.4   1.5   1   1   8.4e-49   3.1e-45  151.4   1.5     1   151     9   156     9   161 0.97 GCA_024645305.1
DP000238.1_1260      -            264 N6_N4_Mtase          PF01555.23   221   3.6e-42  142.5   0.1   1   1   5.9e-45   4.3e-42  142.3   0.1     1   219    37   247    37   249 0.85 GCA_000200715.1
NZ_CP101159.1_37     -           1082 N6_N4_Mtase          PF01555.23   221   4.2e-36  122.7   0.2   1   1   3.5e-38   2.6e-35  120.1   0.0     1   212   564   879   564   887 0.88 GCF_024298845.1
NZ_CP101156.1_917    -            366 N6_N4_Mtase          PF01555.23   221   2.3e-35  120.3   0.0   1   1   3.8e-38   2.8e-35  120.0   0.0     1   218    23   283    23   286 0.85 GCF_024298845.1
RKRU01000072.1_3     -            838 N6_N4_Mtase          PF01555.23   221     3e-30  103.6   0.0   1   1   9.6e-33   7.1e-30  102.3   0.0     1   219   156   480   156   482 0.78 GCA_007571225.1
JAATVS010000689.1_6  -            450 N6_N4_Mtase          PF01555.23   221   8.6e-17   59.6   0.9   1   1   8.8e-17   6.5e-14   50.2   0.9     1   219   257   427   257   429 0.82 GCA_014523695.1
LKNH01000002.1_37    -            339 NA-iREase1           PF22722.1    106   3.8e-09   34.3   0.0   1   1   3.4e-12   6.3e-09   33.6   0.0     5   105    84   184    80   185 0.88 GCA_001564135.1
NZ_FNYR01000028.1_22 -            486 NA-iREase1           PF22722.1    106   9.8e-09   33.0   0.0   1   1   1.3e-11   2.3e-08   31.7   0.0     1    92    44   139    44   155 0.83 GCF_900109065.1
JALDAN010000026.1_4  -            104 NAC                  PF01849.23    57   5.7e-11   40.0   0.2   1   1   2.3e-14   8.6e-11   39.4   0.2     4    56     7    61     5    62 0.94 GCA_022729355.1
CP060262.1_417       -            349 NadA                 PF02445.21   295  4.8e-112  371.6   0.5   1   1  1.5e-115  5.6e-112  371.4   0.5     2   295    48   341    47   341 0.97 GCA_022646745.1
NZ_CP072036.1_1768   -            610 NADH5_C              PF06455.16   181   6.3e-08   30.2   3.2   1   1   1.7e-11   6.3e-08   30.2   3.2     1   180   422   604   422   605 0.87 GCF_018847375.1
NZ_JAALLS010000001.1_228 -            339 NADHdh               PF00146.26   298  6.5e-118  391.1  16.7   1   1  4.5e-121  8.2e-118  390.8  16.7     5   295    14   325    10   328 0.96 GCF_011059105.1
WHSX01000059.1_4         -            319 NADHdh               PF00146.26   298   1.3e-41  140.6  26.3   1   1   9.4e-45   1.7e-41  140.2  26.3     4   286    18   307    14   318 0.88 GCA_009379865.1
QNGA01000011.1_100        -            207 NAD_binding_10       PF13460.11   184   5.7e-49  164.2   3.0   1   1   2.3e-51     7e-49  163.9   3.0     1   181     7   181     7   183 0.93 GCA_003298465.1
NZ_CP044129.1_2641        -            314 NAD_binding_10       PF13460.11   184   1.2e-17   62.1   1.1   1   1   6.5e-20     2e-17   61.4   1.1     1   160     7   184     7   193 0.75 GCF_009617995.1
NZ_JAKUHT010000020.1_30   -            293 NAD_binding_10       PF13460.11   184   1.6e-15   55.2   0.1   1   1   8.3e-18   2.5e-15   54.5   0.1     1    99     5   106     5   152 0.87 GCF_022436705.1
JACDHC010000108.1_5       -            461 NAD_binding_10       PF13460.11   184   1.4e-13   48.8   0.0   1   1   7.5e-16   2.3e-13   48.2   0.0     1   139    13   160    13   178 0.76 GCA_013821245.1
JADKAQ010000016.1_55      -            218 NAD_binding_10       PF13460.11   184   1.2e-10   39.3   0.1   1   1   6.7e-13   2.1e-10   38.5   0.1     1   183    13   200    13   201 0.69 GCA_016719105.1
JAKCFM010000002.1_414     -            279 NAD_binding_10       PF13460.11   184   3.7e-09   34.4   0.0   1   1   1.7e-11   5.2e-09   34.0   0.0     1   101     7   113     7   130 0.81 GCA_025041195.1
NZ_JAKUHT010000007.1_11   -            270 NAD_binding_10       PF13460.11   184   3.8e-09   34.4   0.2   1   1   1.8e-11   5.6e-09   33.9   0.2     1   102     7   112     7   179 0.78 GCF_022436705.1
NZ_QLVG01000046.1_18      -            329 NAD_binding_10       PF13460.11   184   9.6e-09   33.1   0.0   1   1   6.3e-11   1.9e-08   32.1   0.0     1   102     8   104     8   135 0.77 GCF_003382685.1
NZ_JADDKQ010000001.1_92   -            257 NAD_binding_10       PF13460.11   184   3.1e-08   31.4   2.6   1   1   1.4e-10   4.4e-08   30.9   2.6     1   184    30   240    30   240 0.79 GCF_016464425.1
NZ_AOIQ01000016.1_65      -            344 NAD_binding_10       PF13460.11   184   5.6e-08   30.6   0.4   1   1   3.2e-10   9.7e-08   29.8   0.4     1   131    42   183    42   193 0.74 GCF_000337515.1
NZ_JAJCVJ010000001.1_1550 -            241 NAD_binding_10       PF13460.11   184   1.7e-07   29.1   0.2   1   1   7.2e-10   2.2e-07   28.7   0.2     1   133     9   165     9   213 0.72 GCF_020567425.1
NZ_JADDKQ010000001.1_112 -            437 NAD_binding_2        PF03446.20   161   4.6e-10   37.5   2.5   1   1   4.8e-10   2.5e-07   28.6   0.1     1   110     2   137     2   141 0.81 GCF_016464425.1
NZ_CP095757.1_3387       -            418 NAD_binding_2        PF03446.20   161   2.8e-07   28.4   0.0   1   1   1.5e-09   7.7e-07   27.0   0.0     1    89   105   190   105   202 0.94 GCF_023093535.1
NZ_CP100454.1_524        -            656 NAD_binding_2        PF03446.20   161   5.8e-07   27.4   0.1   1   1   3.8e-09     2e-06   25.7   0.1     1   119     8   150     8   153 0.88 GCF_024228315.1
NZ_BGKI01000007.1_261    -            412 NAD_binding_2        PF03446.20   161   1.9e-06   25.7   0.0   1   1   8.7e-09   4.6e-06   24.5   0.0     1    94    36   151    36   175 0.86 GCF_003175215.1
NZ_CP072036.1_1276       -            326 NAD_binding_2        PF03446.20   161   4.9e-06   24.4   0.0   1   1   1.8e-08   9.4e-06   23.5   0.0     1    89    18   102    18   110 0.90 GCF_018847375.1
JAAUVF010000069.1_8      -            225 NAD_binding_2        PF03446.20   161   1.7e-05   22.6   0.1   1   1   5.5e-08   2.9e-05   21.9   0.1     1    88    19   103    19   111 0.87 GCA_012030815.1
LFEZ01000013.1_8     -            338 NAD_binding_3        PF03447.21   116   3.4e-06   25.5   0.0   1   1   2.7e-09   9.9e-06   24.0   0.0     1   114     7   146     7   148 0.73 GCA_001510295.1
PAAH01000021.1_3      -            293 NAD_binding_4        PF07993.17   258   3.1e-09   34.1   0.1   1   1   1.8e-08   9.4e-06   22.7   0.0    88   158    59   137    49   182 0.75 GCA_002698885.1
NZ_FNFE01000004.1_420 -            302 NAD_binding_4        PF07993.17   258   1.1e-08   32.3   0.2   1   1   3.6e-09   1.9e-06   25.0   0.1    85   173    56   146    52   216 0.74 GCF_900100335.1
JAHFTO010000030.1_2   -            353 NAD_binding_4        PF07993.17   258   9.4e-08   29.2   0.0   1   1     3e-10   1.6e-07   28.5   0.0    82   211    66   178    43   221 0.80 GCA_023269355.1
JAKCFM010000002.1_414 -            279 NAD_binding_4        PF07993.17   258     2e-06   24.9   0.0   1   1   6.2e-09   3.2e-06   24.2   0.0    86   198    60   167    51   197 0.79 GCA_025041195.1
JAATVT010000110.1_7   -            223 NAD_binding_7        PF13241.11   104   4.9e-18   63.4   0.0   1   1     8e-21   9.8e-18   62.4   0.0     3   101     5   114     3   117 0.83 GCA_014523685.1
NZ_MWLL01000155.1_45   -            472 NAD_binding_8        PF13450.11    68     1e-18   65.2   0.2   1   1   6.7e-21   1.9e-18   64.3   0.2     1    66    39   102    39   103 0.97 GCF_002198675.1
NZ_LWHG01000021.1_300  -            197 NAD_binding_8        PF13450.11    68   1.2e-18   64.9   0.2   1   1   1.1e-20   3.1e-18   63.6   0.2     1    63     6    66     6    70 0.94 GCF_001625445.1
CP060262.1_1763        -            490 NAD_binding_8        PF13450.11    68   6.1e-16   56.2   0.2   1   1   6.6e-18   1.9e-15   54.7   0.2     1    59     8    66     8    73 0.91 GCA_022646745.1
VYCS01000010.1_30      -            449 NAD_binding_8        PF13450.11    68   2.6e-15   54.2   0.1   1   1   1.8e-17   5.2e-15   53.3   0.1     1    53     7    59     7    71 0.92 GCA_009843815.1
NZ_CP095757.1_765      -            402 NAD_binding_8        PF13450.11    68   3.3e-09   34.7   0.8   1   1   3.6e-11     1e-08   33.1   0.8     1    51     5    58     5    71 0.81 GCF_023093535.1
NZ_LWHG01000011.1_63   -            404 NAD_binding_8        PF13450.11    68   9.3e-08   30.0   0.4   1   1   8.3e-10   2.4e-07   28.7   0.4     1    40    31    70    31    86 0.90 GCF_001625445.1
NZ_MWLL01000206.1_4    -            405 NAD_binding_8        PF13450.11    68   1.5e-07   29.4   0.6   1   1   5.2e-10   1.5e-07   29.4   0.6     1    36    93   127    93   139 0.86 GCF_002198675.1
NZ_BBJP01000054.1_6    -            259 NAD_binding_8        PF13450.11    68   2.6e-07   28.6   0.8   1   1   3.1e-09   8.7e-07   26.9   0.2     1    29    19    47    19    73 0.94 GCF_000739595.1
NC_017943.1_110        -            533 NAD_binding_8        PF13450.11    68   9.6e-07   26.8   0.1   1   1     7e-09     2e-06   25.8   0.1     2    66    19    87    19    89 0.77 GCF_000306765.2
NZ_OBEJ01000001.1_1106 -            530 NAD_binding_8        PF13450.11    68   6.4e-06   24.1   0.0   1   1   6.8e-08   1.9e-05   22.6   0.0     1    30    15    44    15    53 0.97 GCF_900215575.1
CAJWBY010000103.1_7  -            335 NAD_Gly3P_dh_C       PF07479.19   142   6.9e-56  186.1   3.5   1   1   3.1e-59   1.1e-55  185.5   3.5     1   138   184   321   184   325 0.98 GCA_913020705.1
CAJWBY010000103.1_7   -            335 NAD_Gly3P_dh_N       PF01210.28   158   1.6e-52  175.4   0.0   1   1   1.8e-55   2.2e-52  175.0   0.0     1   156     7   162     7   164 0.99 GCA_913020705.1
JAHEFU010000233.1_6  -            269 NAD_kinase           PF01513.26   130   8.2e-17   59.5   0.0   1   1   6.4e-20   1.2e-16   59.0   0.0    60   129    36   105     3   106 0.84 GCA_024645305.1
LFEZ01000017.1_41    -            299 NAD_kinase           PF01513.26   130   1.7e-14   52.0   0.8   1   1   4.2e-17   7.7e-14   49.9   0.1    59   129    62   144    28   145 0.77 GCA_001510295.1
JAHEFU010000233.1_6      -            269 NAD_kinase_C         PF20143.4    126   1.2e-26   90.7   0.0   1   1   2.2e-29   2.1e-26   89.9   0.0     2   116   132   247   131   256 0.93 GCA_024645305.1
VYCS01000023.1_7         -            329 NAD_kinase_C         PF20143.4    126   6.9e-23   78.5   0.3   1   1   1.4e-25   1.3e-22   77.6   0.3     1   118   119   237   119   243 0.93 GCA_009843815.1
LFEZ01000017.1_41        -            299 NAD_kinase_C         PF20143.4    126   7.1e-19   65.5   0.5   1   1   1.5e-21   1.4e-18   64.6   0.2     1   125   166   285   166   286 0.89 GCA_001510295.1
NZ_JANJYH010000003.1_116 -            252 NAD_kinase_C         PF20143.4    126   1.4e-13   48.4   0.1   1   1     3e-16   2.8e-13   47.5   0.1     3   101   123   221   122   242 0.85 GCF_024609245.1
NZ_BBMP01000022.1_275 -            284 NAD_synthase         PF02540.22   242   1.4e-72  241.4   0.0   1   1   2.3e-75   1.7e-72  241.2   0.0     3   242    31   277    29   277 0.95 GCF_000755245.1
JAHCGZ010000007.1_52  -            197 NAD_synthase         PF02540.22   242   1.3e-56  189.2   0.4   1   1   1.9e-59   1.4e-56  189.0   0.4    52   242     1   191     1   191 0.97 GCA_022117465.1
NZ_AVSQ01000018.1_11  -            116 NAD_synthase         PF02540.22   242     1e-24   84.8   0.1   1   1   1.7e-27   1.3e-24   84.4   0.1     4    96    20   112    17   115 0.94 GCF_000685395.1
NZ_CP072036.1_807     -            507 NAD_synthase         PF02540.22   242     2e-10   38.0   0.0   1   1   2.6e-08   1.9e-05   21.6   0.0     8    80   202   272   197   291 0.72 GCF_018847375.1
RHFB01000061.1_5      -            263 NAD_synthase         PF02540.22   242   8.1e-06   22.9   0.0   1   1   1.6e-08   1.2e-05   22.4   0.0    20    83    16    78    11    91 0.88 GCA_003724285.1
JADKAQ010000023.1_113  -            326 Na_Ca_ex             PF01699.29   151   1.2e-55  185.4  36.8   1   2   1.6e-30     3e-27   93.2  17.1     3   148    12   151    10   154 0.94 GCA_016719105.1
JADKAQ010000023.1_113  -            326 Na_Ca_ex             PF01699.29   151   1.2e-55  185.4  36.8   2   2   4.4e-32     8e-29   98.3  11.7     3   146   184   319   183   322 0.88 GCA_016719105.1
NZ_JDTH01000002.1_1314 -            407 Na_Ca_ex             PF01699.29   151   1.3e-19   68.4  30.9   1   2   4.1e-13   7.6e-10   36.7   7.6     6   149    17   181    12   183 0.80 GCF_000710615.1
NZ_JDTH01000002.1_1314 -            407 Na_Ca_ex             PF01699.29   151   1.3e-19   68.4  30.9   2   2   1.3e-14   2.3e-11   41.6  10.8     2   147   210   354   209   355 0.89 GCF_000710615.1
AOLX01000005.1_282   -            488 Na_H_antiporter      PF03553.19   303     6e-57  190.9  46.4   1   1   1.3e-59   2.3e-56  189.0  25.9     1   303   172   464   172   464 0.97 GCA_000336895.1
NZ_FOCX01000005.1_48 -            525 Na_H_antiporter      PF03553.19   303   9.8e-35  118.0  46.3   1   2   1.1e-19     2e-16   57.8  24.7   107   302    46   241    32   242 0.84 GCF_900110215.1
NZ_FOCX01000005.1_48 -            525 Na_H_antiporter      PF03553.19   303   9.8e-35  118.0  46.3   2   2   1.2e-21   2.2e-18   64.3  13.7   145   303   339   495   256   495 0.89 GCF_900110215.1
JAJXYX010000015.1_7  -            481 Na_H_antiport_3      PF07399.16   419  1.6e-141  469.8  28.1   1   1  5.1e-145  1.9e-141  469.6  28.1     2   419    35   468    34   468 0.95 GCA_021780355.1
QQVN01000003.1_718    -            608 Na_H_Exchanger       PF00999.26   375   4.9e-65  217.5  57.1   1   1     4e-68   4.9e-65  217.5  57.1     6   369    23   379    15   382 0.92 GCA_003352285.1
DP000238.1_1056       -            463 Na_H_Exchanger       PF00999.26   375   2.3e-61  205.5  51.7   1   1   2.5e-64     3e-61  205.1  51.7     6   370    20   392    15   395 0.91 GCA_000200715.1
JAKCFJ010000002.1_850 -            482 Na_H_Exchanger       PF00999.26   375   4.3e-26   89.4  25.0   1   1   4.6e-29   5.7e-26   89.0  25.0     3   374    45   464    42   465 0.87 GCA_025041175.1
JAHEFU010000007.1_13 -            498 Na_sulph_symp        PF00939.24   472   2.7e-54  182.7  24.3   1   1   4.3e-57   3.1e-54  182.4  24.3    31   464    40   489    11   498 0.87 GCA_024645305.1
JAHEFU010000095.1_1  -            180 Na_sulph_symp        PF00939.24   472   2.9e-26   90.2  11.4   1   1   4.5e-29   3.3e-26   90.0  11.4    17   160    28   168    12   175 0.89 GCA_024645305.1
NZ_CP085336.1_979    -            306 Na_sulph_symp        PF00939.24   472   2.6e-16   57.4  15.2   1   1   4.4e-19   3.2e-16   57.1  15.2   296   466   138   304   117   306 0.91 GCF_020618475.1
NZ_NHSQ01000052.1_48 -            652 Na_sulph_symp        PF00939.24   472   8.2e-14   49.2  40.6   1   1   3.4e-15   2.5e-12   44.3  15.9   295   461   486   647   448   651 0.86 GCF_016653465.1
NZ_CP084469.1_168    -            145 NDK                  PF00334.24   135   1.4e-36  123.1   0.0   1   1   4.6e-40   1.7e-36  122.8   0.0     1   131     6   144     6   145 0.95 GCF_020405205.1
JAKBAE010000044.1_1  -            685 NEL                  PF14496.11   223   4.1e-23   79.7   0.3   1   1   2.6e-26   9.6e-23   78.5   0.3    24   223   436   644   423   644 0.91 GCA_021809325.1
NZ_MWLL01000195.1_27 -            525 NERD                 PF08378.16   111   5.4e-13   47.2   0.0   1   1   2.2e-16     8e-13   46.6   0.0     2   109   124   232   123   234 0.77 GCF_002198675.1
NZ_CP044523.1_2631   -            199 NfeD                 PF01957.23    91   3.6e-08   31.6   0.4   1   1   2.4e-11   8.7e-08   30.3   0.4    27    91    81   151    30   151 0.72 GCF_008831545.1
DP000238.1_516        -           1607 NHL                  PF01436.26    28   3.9e-40  131.7   1.7   1   3   1.6e-10   9.5e-08   29.5   0.0     1    28    41    68    41    68 0.97 GCA_000200715.1
DP000238.1_516        -           1607 NHL                  PF01436.26    28   3.9e-40  131.7   1.7   2   3   2.6e-13   1.6e-10   38.3   0.0     1    28   135   162   135   162 0.96 GCA_000200715.1
DP000238.1_516        -           1607 NHL                  PF01436.26    28   3.9e-40  131.7   1.7   3   3     3e-09   1.8e-06   25.5   0.0     1    28   272   299   272   299 0.97 GCA_000200715.1
SKKJ01000272.1_4      -            322 NHL                  PF01436.26    28     3e-27   91.1  15.0   1   3   2.3e-08   1.4e-05   22.7   0.1     2    28    80   106    80   106 0.98 GCA_007121575.1
SKKJ01000272.1_4      -            322 NHL                  PF01436.26    28     3e-27   91.1  15.0   2   3   2.6e-09   1.6e-06   25.7   0.2     1    28   147   175   147   175 0.99 GCA_007121575.1
SKKJ01000272.1_4      -            322 NHL                  PF01436.26    28     3e-27   91.1  15.0   3   3   2.5e-08   1.5e-05   22.6   0.1     1    28   195   222   195   222 0.90 GCA_007121575.1
NZ_MWLL01000160.1_87 -            522 NiFeSe_Hases         PF00374.24   508   6.2e-12   42.9   0.0   1   1   9.3e-13   3.4e-09   33.9   0.0     1    67   202   268   202   270 0.98 GCF_002198675.1
NC_017941.2_1435     -            105 NifU                 PF01106.22    67   1.2e-11   42.3   0.0   1   1   4.2e-15   1.5e-11   42.0   0.0    11    66    23    79     7    80 0.94 GCF_000306765.2
CAJWBY010000259.1_3  -            126 NifU_N               PF01592.21   127   1.4e-54  181.4   0.2   1   1   4.2e-58   1.6e-54  181.2   0.2     1   124     2   125     2   126 0.98 GCA_913020705.1
JALDAN010000032.1_9  -            122 NikR_C               PF08753.16    77   7.7e-10   36.7   1.4   1   1   5.8e-13   2.1e-09   35.2   0.8    24    75    70   121    54   122 0.93 GCA_022729355.1
NZ_CP099546.1_1743   -            628 NIR_SIR              PF01077.27   158     9e-55  182.2   0.0   1   2   1.9e-44   7.1e-41  137.0   0.0     1   154   191   346   191   350 0.96 GCF_023973145.1
NZ_CP099546.1_1743   -            628 NIR_SIR              PF01077.27   158     9e-55  182.2   0.0   2   2   1.9e-15   6.9e-12   42.8   0.0     5   149   448   612   445   618 0.92 GCF_023973145.1
NZ_CP099546.1_1743   -            628 NIR_SIR_ferr         PF03460.22    69     4e-29   97.9   2.8   1   2   7.3e-19   2.7e-15   53.7   0.1     1    67   100   181   100   183 0.95 GCF_023973145.1
NZ_CP099546.1_1743   -            628 NIR_SIR_ferr         PF03460.22    69     4e-29   97.9   2.8   2   2   1.9e-15     7e-12   42.7   0.0     1    65   369   434   369   437 0.95 GCF_023973145.1
NZ_CP100762.1_3021   -            208 Nitrate_red_del      PF02613.20   136   9.8e-26   88.2   0.0   1   1   4.4e-29   1.6e-25   87.5   0.0     4   134    47   169    44   171 0.91 GCF_024296665.1
DRGT01000093.1_17    -             48 NitrOD1              PF18549.6     70   1.8e-08   32.1   0.3   1   1   5.1e-12   1.9e-08   32.0   0.3     5    43     9    47     5    48 0.95 GCA_011055585.1
NZ_CP011097.1_1658     -            200 Nitroreductase       PF00881.29   167   7.6e-36  121.6   0.1   1   1   1.2e-38   1.1e-35  121.1   0.1     1   167     7   177     7   177 0.89 GCF_000955905.1
NZ_CP012850.1_284      -            218 Nitroreductase       PF00881.29   167   9.2e-23   79.0   0.0   1   1   1.3e-25   1.2e-22   78.7   0.0     4   164    13   189    10   195 0.88 GCF_000802205.1
NZ_CBTY010000009.1_556 -            308 Nitroreductase       PF00881.29   167   9.8e-23   78.9   0.1   1   1   5.4e-23     5e-20   70.1   0.1     2   167   148   288   147   288 0.89 GCF_000723185.1
SKKJ01000050.1_2       -            299 Nitroreductase       PF00881.29   167     3e-21   74.1   0.0   1   1   4.8e-24   4.4e-21   73.5   0.0     2   166   106   292   105   293 0.93 GCA_007121575.1
NZ_JAAAJC010000001.1_556 -            447 Ni_insertion         PF01969.22   375  4.7e-125  415.3   4.0   1   1  3.5e-128  6.4e-125  414.9   4.0     1   375     4   438     4   438 0.94 GCF_009900715.1
SCVO01000018.1_4         -            408 Ni_insertion         PF01969.22   375  3.9e-113  376.1   2.3   1   1  2.4e-116  4.4e-113  375.9   2.3     1   373     3   394     3   396 0.95 GCA_004322465.1
JAFEGL010000039.1_49 -            257 NLPC_P60             PF00877.24   105   3.1e-25   86.0   0.0   1   1   2.7e-28   4.9e-25   85.3   0.0     1    94   149   245   149   254 0.85 GCA_018239895.1
NZ_CP099994.1_166    -            325 NLPC_P60             PF00877.24   105   7.5e-23   78.3   0.0   1   1   6.4e-26   1.2e-22   77.7   0.0     1    92   218   304   218   313 0.96 GCF_024138125.1
JADKAQ010000016.1_56 -            476 NMO                  PF03060.20   331     2e-17   61.3   2.9   1   1   1.3e-14   2.3e-11   41.4   0.4   136   253   214   343   172   350 0.72 GCA_016719105.1
NZ_CP012850.1_3338   -            485 NMO                  PF03060.20   331   5.6e-13   46.7   2.1   1   1   1.7e-11   3.1e-08   31.1   1.0    98   239   228   382   204   405 0.72 GCF_000802205.1
QNGA01000011.1_100      -            207 NmrA                 PF05368.18   236   3.5e-13   47.3   0.0   1   1     5e-16   4.6e-13   46.9   0.0     1   143     3   145     3   151 0.88 GCA_003298465.1
NZ_JAKUHT010000020.1_30 -            293 NmrA                 PF05368.18   236   8.6e-11   39.4   0.0   1   1   1.1e-13   9.9e-11   39.2   0.0     2   143     2   139     1   216 0.83 GCF_022436705.1
NZ_CP044129.1_2641      -            314 NmrA                 PF05368.18   236   1.6e-09   35.3   0.2   1   1   4.4e-12   4.1e-09   34.0   0.2     1    75     3    75     3   230 0.83 GCF_009617995.1
JACDHC010000108.1_5     -            461 NmrA                 PF05368.18   236   4.7e-09   33.8   0.0   1   1   6.8e-12   6.3e-09   33.3   0.0     1   121     9   144     9   250 0.84 GCA_013821245.1
NZ_PHNJ01000001.1_141 -            366 NMT1                 PF09084.16   216     5e-33  112.5   0.0   1   1   1.9e-36   6.8e-33  112.1   0.0     4   216    66   274    64   274 0.93 GCF_008122205.1
NZ_LOPW02000003.1_7  -            348 NMT1_2               PF13379.11   252   3.6e-32  109.9   0.1   1   1   1.3e-35   4.7e-32  109.5   0.1     6   249    40   282    35   285 0.91 GCF_001469875.2
NZ_LIGX01000007.1_9  -            224 NodS                 PF05401.16   201   3.6e-06   24.7   0.0   1   1   1.6e-09   5.7e-06   24.0   0.0    47   143    46   144    39   150 0.83 GCF_001683795.1
NZ_CP095482.1_2414   -             60 Nop10p               PF04135.17    52   9.3e-22   74.7   0.4   1   1   2.9e-25   1.1e-21   74.5   0.4     1    51     1    57     1    58 0.98 GCF_023028225.1
NZ_CP101156.1_2195    -           3281 NosD                 PF05048.18   212   1.4e-61  205.4  98.3   1   6   1.1e-12   1.4e-09   35.5  14.4    41   149   139   256   115   265 0.64 GCF_024298845.1
NZ_CP101156.1_2195    -           3281 NosD                 PF05048.18   212   1.4e-61  205.4  98.3   2   6   3.5e-20   4.3e-17   60.0   1.7    18   148   271   400   260   431 0.60 GCF_024298845.1
NZ_CP101156.1_2195    -           3281 NosD                 PF05048.18   212   1.4e-61  205.4  98.3   3   6     1e-11   1.3e-08   32.3   5.9    29   127   429   535   411   541 0.80 GCF_024298845.1
NZ_CP101156.1_2195    -           3281 NosD                 PF05048.18   212   1.4e-61  205.4  98.3   4   6   5.6e-18   6.9e-15   52.8  16.4    37   187   491   652   488   662 0.89 GCF_024298845.1
NZ_CP101156.1_2195    -           3281 NosD                 PF05048.18   212   1.4e-61  205.4  98.3   5   6   5.4e-10   6.7e-07   26.7   1.1    43   149   832   938   810   948 0.85 GCF_024298845.1
NZ_CP101156.1_2195    -           3281 NosD                 PF05048.18   212   1.4e-61  205.4  98.3   6   6   7.5e-12   9.2e-09   32.8  16.9    43   185   958  1103   948  1116 0.82 GCF_024298845.1
NZ_WRXM01000003.1_266 -            462 NosD                 PF05048.18   212   3.9e-51  171.3  15.9   1   1   1.3e-50   1.6e-47  159.4  17.6     2   210   184   383   184   385 0.97 GCF_010119205.1
NZ_CP100454.1_2796    -            333 NosD                 PF05048.18   212   9.9e-20   68.6  11.7   1   2   1.8e-15   2.2e-12   44.6   6.0    36   158    82   201    41   204 0.84 GCF_024228315.1
NZ_CP100454.1_2796    -            333 NosD                 PF05048.18   212   9.9e-20   68.6  11.7   2   2   2.1e-10   2.6e-07   28.0   0.2    71   152   204   285   199   297 0.84 GCF_024228315.1
NZ_AOII01000017.1_10 -             59 NosL                 PF05573.17   131   1.7e-15   55.3   0.8   1   1   4.5e-19   1.7e-15   55.3   0.8    72   125     3    56     1    59 0.93 GCF_000337615.1
CAJWBY010000007.1_24 -            406 Nramp                PF01566.23   357   2.7e-87  290.9  30.6   1   1   8.8e-91   3.3e-87  290.6  30.6     2   356    23   377    22   378 0.90 GCA_913020705.1
NZ_JAAAJC010000001.1_1282 -            163 NrdR-like_N          PF22811.1     32   6.7e-13   45.8  11.5   1   1   1.8e-16   6.7e-13   45.8  11.5     1    32    12    43    12    43 0.99 GCF_009900715.1
JAKUOP010000010.1_23 -            384 Nre_C                PF04895.17   110   2.1e-35  118.7   0.1   1   1   1.8e-38   3.3e-35  118.1   0.1     2   110   276   383   275   383 0.97 GCA_022450565.1
SCUP01000001.1_1     -            115 Nre_C                PF04895.17   110   3.8e-34  114.7   0.0   1   1   2.3e-37   4.2e-34  114.5   0.0     2   110     7   114     6   114 0.96 GCA_004297665.1
JAKUOP010000010.1_23 -            384 Nre_N                PF04894.17   270   4.9e-89  296.5   0.0   1   1   1.9e-92   7.1e-89  295.9   0.0    22   266    25   265    10   267 0.96 GCA_022450565.1
NZ_ML219768.1_130    -            453 NrfD                 PF03916.19   313   3.4e-40  136.3  16.9   1   1   2.7e-43     5e-40  135.8  16.9     9   310    53   370    45   373 0.85 GCF_004765785.1
JAFGCY010000084.1_26 -            438 NrfD                 PF03916.19   313   8.9e-11   39.7  36.0   1   1   2.6e-12   4.8e-09   34.0  36.0     3   304    44   374    42   379 0.72 GCA_016932385.1
NZ_JALIQP010000001.1_930 -            341 NTPase_1             PF03266.20   168   2.4e-08   31.7   0.1   1   1   3.1e-11   1.1e-07   29.6   0.0     2    35    61    94    60   162 0.82 GCF_023566055.1
NZ_CP095487.1_1049   -            187 NTPase_I-T           PF01931.23   162   2.2e-41  139.2   0.4   1   1   1.9e-44   6.9e-41  137.6   0.4     1   162     6   183     6   183 0.97 GCF_023028345.1
JAFGCY010000036.1_38  -            444 NTP_transferase      PF00483.28   245   1.9e-59  199.0   0.0   1   1   2.7e-62   2.5e-59  198.6   0.0     2   243     6   275     5   277 0.93 GCA_016932385.1
NZ_WUYX01000069.1_231 -            326 NTP_transferase      PF00483.28   245   4.1e-37  125.8   0.0   1   1   5.4e-40   4.9e-37  125.5   0.0     2   241     7   243     6   247 0.86 GCF_009834785.1
NZ_CP099546.1_3265    -            390 NTP_transferase      PF00483.28   245   1.7e-34  117.3   0.0   1   1   2.2e-37   2.1e-34  117.0   0.0     2   241     6   232     5   236 0.92 GCF_023973145.1
NZ_AVSQ01000003.1_75  -            287 NTP_transferase      PF00483.28   245   2.2e-32  110.3   0.0   1   1   3.3e-35   3.1e-32  109.8   0.0     2   238     5   272     4   277 0.91 GCF_000685395.1
NZ_JAAOIR010000001.1_1636 -            465 NTP_transf_2         PF01909.28    93   2.2e-13   48.2   0.0   1   1   4.9e-16   4.5e-13   47.2   0.0     4    93    48   152    45   152 0.96 GCF_011440375.1
NZ_CP026995.1_228         -            318 NTP_transf_2         PF01909.28    93   5.9e-09   34.0   0.7   1   1   2.5e-11   2.3e-08   32.1   0.1     7    72    43   106    35   132 0.69 GCF_013407185.1
NZ_CP100445.1_604         -            183 NTP_transf_2         PF01909.28    93   2.7e-08   31.9   0.1   1   1   4.6e-11   4.3e-08   31.2   0.1     8    47    56   101    50   151 0.75 GCF_024227435.1
NZ_CP100762.1_1267    -            211 NTP_transf_3         PF12804.12   160   3.1e-38  129.2   2.7   1   1   3.1e-41   3.8e-38  128.9   2.7     1   149     9   165     9   176 0.86 GCF_024296665.1
NZ_CP099546.1_3265    -            390 NTP_transf_3         PF12804.12   160   1.3e-14   52.4   0.5   1   1   1.1e-17   1.3e-14   52.4   0.5     1   123     6   135     6   207 0.81 GCF_023973145.1
NZ_WUYX01000069.1_231 -            326 NTP_transf_3         PF12804.12   160   2.5e-11   41.7   0.0   1   1     3e-14   3.6e-11   41.2   0.0     1   110     7   131     7   167 0.80 GCF_009834785.1
QNGA01000001.1_900   -            287 NucS_C               PF01939.21   124     2e-19   67.6   0.0   1   1   1.2e-18   4.5e-15   53.5   0.0     2    72   138   208   137   217 0.95 GCA_003298465.1
QNGA01000001.1_900   -            287 NucS_N               PF21003.2    100     4e-20   69.4   0.0   1   1   2.1e-23   7.6e-20   68.5   0.0     3    97    26   128    24   131 0.84 GCA_003298465.1
NZ_LOPU01000016.1_229     -            171 NUDIX                PF00293.33   134   1.2e-18   65.2   3.6   1   1   4.2e-21   1.7e-18   64.7   3.6     3   114    44   155    42   163 0.76 GCF_001469955.1
NZ_CP100355.1_3325        -            182 NUDIX                PF00293.33   134   1.7e-18   64.7   0.1   1   1   5.6e-21   2.3e-18   64.3   0.1     4   125    47   160    43   173 0.70 GCF_024204665.1
NZ_NHSQ01000084.1_112     -            179 NUDIX                PF00293.33   134   5.8e-17   59.7   0.0   1   1   2.3e-19   9.5e-17   59.0   0.0     5   130    45   166    42   171 0.70 GCF_016653465.1
NZ_CP099546.1_728         -            174 NUDIX                PF00293.33   134   3.4e-16   57.2   0.1   1   1   1.1e-18   4.5e-16   56.8   0.1     5   126    25   146    21   153 0.80 GCF_023973145.1
JAFEGL010000014.1_20      -            148 NUDIX                PF00293.33   134     3e-14   51.0   1.2   1   1   1.3e-16   5.4e-14   50.1   1.2     3   119     4   129     2   144 0.64 GCA_018239895.1
PXRE01000039.1_30         -            179 NUDIX                PF00293.33   134   1.2e-11   42.6   1.2   1   1   3.8e-14   1.5e-11   42.2   0.4     8   114    51   153    45   170 0.80 GCA_003021085.1
NZ_LIGX01000023.1_14      -            171 NUDIX                PF00293.33   134   3.4e-11   41.0   0.3   1   1   1.1e-13   4.6e-11   40.6   0.3     5    67    31    97    26   152 0.72 GCF_001683795.1
NZ_JALLPK010000001.1_3667 -            420 NUDIX                PF00293.33   134   3.9e-10   37.6   1.2   1   1   1.8e-12   7.6e-10   36.7   1.2     5   124     6   119     3   129 0.78 GCF_023276375.1
NZ_CP100454.1_2547        -            159 NUDIX                PF00293.33   134   5.8e-08   30.6   0.7   1   1   2.5e-10     1e-07   29.8   0.7     6    68    52   110    48   149 0.80 GCF_024228315.1
NZ_CP035119.1_347    -            228 NUMOD3               PF07460.16    37   1.5e-16   57.8   6.2   1   3   6.1e-09   2.2e-05   22.1   0.6    17    37    50    70    48    71 0.97 GCF_004087835.1
NZ_CP035119.1_347    -            228 NUMOD3               PF07460.16    37   1.5e-16   57.8   6.2   2   3   6.5e-07    0.0024   15.6   0.0     1    19    75    93    75    96 0.92 GCF_004087835.1
NZ_CP035119.1_347    -            228 NUMOD3               PF07460.16    37   1.5e-16   57.8   6.2   3   3   8.3e-09   3.1e-05   21.6   0.2     4    23   112   131   109   132 0.92 GCF_004087835.1
NZ_CVUA01000001.1_2204 -            420 NurA                 PF09376.15   254   1.1e-21   75.3   0.0   1   1     4e-25   1.5e-21   74.8   0.0     5   254    77   387    73   387 0.79 GCF_001282785.1
NZ_JAKUHT010000013.1_39 -            162 NusB                 PF01029.23   133   2.2e-32  110.0   0.0   1   1   7.6e-36   2.8e-32  109.7   0.0     2   132    10   132     9   133 0.95 GCF_022436705.1
NZ_AOJN01000048.1_42 -            197 NYN                  PF01936.23   145   1.3e-37  127.3   0.2   1   1   4.3e-41   1.6e-37  127.0   0.2     1   144    41   188    41   189 0.96 GCF_000337335.1
NZ_RKLT01000022.1_15 -            131 OB_aCoA_assoc        PF01796.22    65   6.7e-15   52.6   1.8   1   1   5.1e-18   9.4e-15   52.1   1.8     3    63    49   108    47   110 0.95 GCF_019599505.1
NZ_CP100002.1_27     -            119 OB_aCoA_assoc        PF01796.22    65   5.3e-09   33.7   0.5   1   1   6.7e-12   1.2e-08   32.5   0.3     6    63    42    94    41    96 0.93 GCF_024138165.1
NZ_JALXFV010000005.1_496 -            323 OCD_Mu_crystall      PF02423.20   314   1.2e-56  189.8   0.5   1   1     7e-60   1.3e-56  189.6   0.5     7   312     6   314     1   316 0.90 GCF_023699475.1
NZ_FNFE01000009.1_151    -            318 OCD_Mu_crystall      PF02423.20   314   6.2e-42  141.4   0.1   1   1   4.2e-45   7.7e-42  141.1   0.1    10   299    20   306    14   313 0.91 GCF_900100335.1
NZ_JAALLS010000018.1_27 -            422 OEP                  PF02321.23   187     1e-29  101.4  20.3   1   2   3.5e-21   1.3e-17   62.0   4.0     1   179    25   210    25   218 0.95 GCF_011059105.1
NZ_JAALLS010000018.1_27 -            422 OEP                  PF02321.23   187     1e-29  101.4  20.3   2   2   3.5e-16   1.3e-12   45.7   8.4    20   184   250   415   236   418 0.91 GCF_011059105.1
JAIOOR010000024.1_77 -            627 OLD-like_TOPRIM      PF20469.3     67   2.7e-23   80.1   0.4   1   1   2.2e-26   8.2e-23   78.5   0.2     1    67   457   522   457   522 0.98 GCA_021414365.1
PXRK01000067.1_84    -            723 oligo_HPY            PF08352.17    65     6e-38  126.8   0.2   1   2   6.6e-20   1.2e-16   58.6   0.0     2    65   235   298   234   298 0.98 GCA_003021015.1
PXRK01000067.1_84    -            723 oligo_HPY            PF08352.17    65     6e-38  126.8   0.2   2   2   3.1e-22   5.6e-19   66.1   0.0     1    65   600   665   600   665 0.98 GCA_003021015.1
NZ_WSZK01000007.1_29 -            338 oligo_HPY            PF08352.17    65   4.8e-19   66.3   0.1   1   1   5.1e-22   9.3e-19   65.4   0.1     2    60   250   309   249   315 0.94 GCF_009791395.1
NZ_NHSQ01000084.1_116 -            516 OmpA                 PF00691.25    98     1e-23   81.3   0.7   1   1   1.5e-26   5.4e-23   79.0   0.0     2    98   414   508   413   508 0.97 GCF_016653465.1
PXSA01000027.1_34    -            287 OMPdecase            PF00215.29   221   2.1e-34  117.1   0.0   1   1   7.2e-38   2.6e-34  116.8   0.0     5   218    20   251    16   253 0.86 GCA_003023565.1
NZ_JAALLS010000002.1_180 -            193 OMP_b-brl            PF13505.11   175   4.8e-15   53.9   2.1   1   1   2.9e-18   5.4e-15   53.7   2.1     2   170    10   188     9   193 0.65 GCF_011059105.1
NZ_JAALLS010000002.1_180 -            193 OMP_b-brl_2          PF13568.11   175   6.9e-23   79.4   0.2   1   1   2.7e-26     1e-22   78.8   0.2     8   174    25   174    19   175 0.89 GCF_011059105.1
NZ_JAJCVJ010000003.1_173 -            313 OppC_N               PF12911.12    53   4.6e-08   30.6   0.1   1   1   1.3e-11   4.6e-08   30.6   0.1    12    44    38    70    32    75 0.91 GCF_020567425.1
NZ_CP085307.1_169    -            335 OpuAC                PF04069.17   257     4e-54  181.7   0.1   1   1   2.5e-57   4.5e-54  181.5   0.1     2   256    58   330    57   331 0.97 GCF_020700235.1
NC_015948.1_2392     -            339 OpuAC                PF04069.17   257     2e-38  130.2   1.2   1   1   1.5e-41   2.7e-38  129.8   1.2     2   247    57   327    57   335 0.94 GCF_000223905.1
CP071596.1_1431          -            445 OrfB_IS605           PF01385.24   120   2.4e-23   80.4   0.1   1   1   4.6e-26   5.6e-23   79.2   0.0     1   119   183   292   183   293 0.94 GCA_017357105.2
NZ_FOCX01000009.1_84     -            420 OrfB_IS605           PF01385.24   120   2.9e-22   76.9   0.0   1   1     5e-25   6.1e-22   75.9   0.0    10   118   185   289   173   291 0.93 GCF_900110215.1
NZ_JALLGW010000001.1_283 -            418 OrfB_IS605           PF01385.24   120   1.5e-09   35.9   0.2   1   1   2.3e-12   2.8e-09   35.0   0.2     6   106   177   268   173   282 0.87 GCF_023074835.1
JAHENP010000112.1_2      -            349 OrfB_Zn_ribbon       PF07282.16    69   8.3e-24   81.1   1.9   1   1     6e-26   3.7e-23   79.0   0.8     1    69   276   342   276   342 0.98 GCA_018609965.1
NZ_JALLGW010000001.1_283 -            418 OrfB_Zn_ribbon       PF07282.16    69   1.5e-23   80.2   1.5   1   1   5.1e-26   3.1e-23   79.2   1.5     1    68   295   363   295   364 0.97 GCF_023074835.1
NZ_FOCX01000009.1_84     -            420 OrfB_Zn_ribbon       PF07282.16    69   7.2e-23   78.1   0.7   1   1   2.9e-25   1.8e-22   76.8   0.7     1    69   302   370   302   370 0.98 GCF_900110215.1
CP071596.1_1431          -            445 OrfB_Zn_ribbon       PF07282.16    69   2.2e-22   76.5   1.2   1   1   3.7e-25   2.2e-22   76.5   1.2     1    69   317   386   317   386 0.97 GCA_017357105.2
NZ_RKLT01000015.1_64     -            398 OrfB_Zn_ribbon       PF07282.16    69   5.7e-21   72.0   1.2   1   1   9.3e-24   5.7e-21   72.0   1.2     1    69   296   366   296   366 0.98 GCF_019599505.1
VYCS01000011.1_21        -            194 OrfB_Zn_ribbon       PF07282.16    69   3.1e-09   34.4   0.1   1   1     1e-11   6.4e-09   33.4   0.1     7    68    85   145    80   146 0.81 GCA_009843815.1
NZ_JAKUHT010000036.1_55 -            485 Orn_Arg_deC_N        PF02784.21   247   9.7e-60  199.7   0.0   1   1   3.3e-63   1.2e-59  199.4   0.0     3   246    73   325    71   326 0.97 GCF_022436705.1
NZ_JAKUHT010000036.1_55 -            485 Orn_DAP_Arg_deC      PF00278.27    95   2.5e-15   54.3   0.0   1   1   1.2e-18   4.5e-15   53.5   0.0     7    95   328   422    66   422 0.71 GCF_022436705.1
NZ_AOJG01000038.1_112 -            168 OsmC                 PF02566.24   100   8.8e-18   62.4   0.0   1   1   1.9e-20   1.8e-17   61.4   0.0     1    99    60   163    60   164 0.92 GCF_000337375.1
SZNP01000007.1_55     -            131 OsmC                 PF02566.24   100   3.5e-14   50.8   0.0   1   1   7.3e-17   6.8e-14   49.9   0.0     3    96    31   121    28   125 0.86 GCA_005239435.1
NZ_BBMP01000023.1_88  -            143 OsmC                 PF02566.24   100   4.3e-11   40.9   0.1   1   1   2.2e-13     2e-10   38.8   0.0     2    50    79   127    78   137 0.90 GCF_000755245.1
NZ_CP019067.1_1918    -            198 OsmC                 PF02566.24   100   8.8e-08   30.3   0.0   1   1   3.1e-10   2.9e-07   28.6   0.0     7    94    93   186    87   191 0.82 GCF_001989615.1
JADKAQ010000003.1_215 -            318 OTCace               PF00185.29   157   1.4e-25   87.9   0.0   1   1   8.1e-29     3e-25   86.9   0.0     2   157   159   305   158   305 0.90 GCA_016719105.1
JADKAQ010000003.1_215 -            318 OTCace_N             PF02729.26   148   3.3e-44  148.3   0.1   1   1   1.2e-47   4.5e-44  147.9   0.1     1   147     9   151     9   152 0.96 GCA_016719105.1
NZ_CVUA01000001.1_369 -            498 Oxidored_molyb       PF00174.24   169   5.7e-38  127.9   0.0   1   1   3.7e-41   1.3e-37  126.7   0.0     5   169   222   366   218   366 0.95 GCF_001282785.1
JADKAQ010000001.1_654   -             98 Oxidored_q2          PF00420.29    95   4.1e-29   98.0  11.1   1   1   3.7e-32   4.5e-29   97.8  11.1     3    95     7    98     5    98 0.97 GCA_016719105.1
NZ_JAKUHT010000001.1_53 -            152 Oxidored_q2          PF00420.29    95   1.3e-22   77.1   0.1   1   1   1.4e-25   1.7e-22   76.7   0.1     2    89     7   107     6   109 0.97 GCF_022436705.1
NZ_QPII01000014.1_60    -            114 Oxidored_q2          PF00420.29    95   1.7e-21   73.5   1.4   1   1   1.7e-24   2.1e-21   73.3   1.4     2    89     5   104     4   109 0.97 GCF_003336675.1
JADFQH010000010.1_7  -            102 Oxidored_q3          PF00499.25   146   2.6e-22   76.9   1.6   1   1     7e-26   2.6e-22   76.9   1.6     1    69    18    86    18    95 0.88 GCA_022561895.1
NZ_NHSQ01000110.1_28 -            118 Oxidored_q4          PF00507.24    99   6.4e-41  136.3   0.7   1   1   1.7e-44   6.4e-41  136.3   0.7     5    99    23   117    19   117 0.98 GCF_016653465.1
SCVO01000002.1_13        -            268 Oxidored_q6          PF01058.27   128   1.3e-35  119.7   0.1   1   1   1.1e-38     2e-35  119.1   0.1     1   126   146   255   146   257 0.96 GCA_004322465.1
NZ_JANHDJ010000002.1_201 -            251 Oxidored_q6          PF01058.27   128   6.9e-27   91.5   0.2   1   1   5.1e-30   9.5e-27   91.0   0.2     1   128    88   198    87   198 0.92 GCF_024494645.1
JAJXYX010000055.1_37 -            899 OxoGdeHyase_C        PF16870.10   151   1.4e-45  152.4   0.1   1   1   6.7e-49   2.5e-45  151.7   0.1     2   151   758   897   757   897 0.95 GCA_021780355.1
CP046181.1_1238      -            113 P-II                 PF00543.27   102   6.7e-30  101.2   1.5   1   1   6.4e-33   7.8e-30  101.0   1.5     1   102     1   107     1   107 0.94 GCA_014075315.1
LKNH01000028.1_11    -            592 P-II                 PF00543.27   102   3.8e-28   95.6   0.2   1   1   5.7e-31     7e-28   94.7   0.2     2   102   482   586   481   586 0.97 GCA_001564135.1
NC_018656.1_730      -            107 P-II                 PF00543.27   102   3.6e-09   34.7   0.4   1   1   5.4e-12   6.6e-09   33.8   0.4     1    93     1    92     1    98 0.75 GCF_000299395.1
JAFEGL010000003.1_128 -            985 P-loop_SecA          PF21090.2    205   5.3e-73  242.7   6.9   1   2   4.8e-47   1.8e-43  146.3   1.7     2   100   559   657   558   659 0.98 GCA_018239895.1
JAFEGL010000003.1_128 -            985 P-loop_SecA          PF21090.2    205   5.3e-73  242.7   6.9   2   2   7.4e-33   2.7e-29  100.0   0.4   135   203   657   725   655   727 0.95 GCA_018239895.1
NZ_AP017569.1_1626      -            463 p450                 PF00067.27   462   2.8e-90  301.0   0.0   1   1   1.8e-93   3.4e-90  300.8   0.0     1   436     5   437     5   455 0.94 GCF_002355655.1
NZ_JALXFV010000007.1_22 -            400 p450                 PF00067.27   462   2.4e-35  119.9   0.1   1   1   1.5e-36   2.7e-33  113.2   0.1    84   435    80   376    38   400 0.81 GCF_023699475.1
QNGA01000001.1_501   -            444 PA                   PF02225.27    95   4.7e-11   40.5   0.0   1   1   3.3e-14   1.2e-10   39.1   0.0     1    95    97   189    97   189 0.79 GCA_003298465.1
NZ_JAJCVI010000003.1_24 -            107 PaaB                 PF06243.16    89   8.4e-08   30.1   0.0   1   1     3e-11   1.1e-07   29.8   0.0     4    66    21    81    18    91 0.89 GCF_020567525.1
JADFQH010000279.1_5   -            252 PAC2                 PF09754.14   215   1.7e-56  189.1   0.9   1   1   2.2e-59     2e-56  188.9   0.9     1   214    21   234    21   235 0.95 GCA_022561895.1
NZ_JDTH01000002.1_591 -            248 PAC2                 PF09754.14   215   2.7e-47  159.1   0.0   1   1   3.4e-50   3.2e-47  158.9   0.0     1   215    18   227    18   227 0.92 GCF_000710615.1
JAFAQB010000189.1_26  -            332 PAC2                 PF09754.14   215   4.3e-32  109.4   0.0   1   1   6.8e-35   6.3e-32  108.9   0.0     1   214    55   301    55   302 0.86 GCA_019246625.1
SYJQ01000022.1_57     -            195 PAC2                 PF09754.14   215   1.2e-23   81.8   0.0   1   1   1.4e-26   1.3e-23   81.7   0.0     2   182    17   194    16   195 0.87 GCA_005798405.1
NZ_AOII01000010.1_27   -            175 PadR                 PF03551.19    75   1.1e-24   84.0   0.1   1   1   1.5e-27   1.9e-24   83.3   0.1     1    74    15    86    15    87 0.96 GCF_000337615.1
JAKCFJ010000001.1_1437 -             95 PadR                 PF03551.19    75   7.4e-18   62.1   1.6   1   1   7.3e-21   8.9e-18   61.8   1.6     1    74    11    79    11    80 0.91 GCA_025041175.1
JAJXYX010000059.1_19   -            177 PadR                 PF03551.19    75   8.3e-13   45.9   0.0   1   1   1.2e-15   1.5e-12   45.1   0.0     1    74    11    83    11    84 0.96 GCA_021780355.1
UYNY01000027.1_6     -            401 PALP                 PF00291.30   295   1.3e-74  248.9   2.0   1   1   8.7e-78   1.6e-74  248.6   2.0     2   295    68   372    67   372 0.96 GCA_900620265.1
LFEZ01000001.1_40    -            398 PALP                 PF00291.30   295   1.2e-44  150.5   1.3   1   1   9.1e-48   1.7e-44  150.1   1.3     2   295    53   375    52   375 0.84 GCA_001510295.1
NZ_QPII01000005.1_248 -            251 PAP2                 PF01569.26   130   2.6e-26   89.7   6.2   1   1   2.1e-29   2.6e-26   89.7   6.2     6   127   120   234   113   237 0.90 GCF_003336675.1
JAHRAJ010000013.1_21  -            208 PAP2                 PF01569.26   130   5.2e-21   72.5   1.8   1   1   6.7e-24   8.3e-21   71.9   1.0     4   122    73   194    70   200 0.85 GCA_020027365.1
JAKBAE010000092.1_2   -            280 PAP2                 PF01569.26   130   5.3e-16   56.3   6.2   1   1   4.3e-19   5.3e-16   56.3   6.2     3   125    55   165    53   169 0.91 GCA_021809325.1
JAHRAJ010000013.1_21 -            208 PAP2_3               PF14378.11   190   2.6e-11   41.4   6.9   1   1   2.3e-13   4.2e-10   37.5   6.9     7   188    16   190    10   192 0.75 GCA_020027365.1
JAKBAE010000092.1_2  -            280 PAP2_3               PF14378.11   190   6.3e-08   30.4   3.1   1   1   3.4e-11   6.3e-08   30.4   3.1   126   186    96   156    75   160 0.91 GCA_021809325.1
NZ_AOLK01000015.1_187 -            317 PAPS_reduct          PF01507.24   175   2.6e-20   70.9   0.0   1   1   2.1e-21   7.6e-18   62.9   0.0     2   170    48   275    47   280 0.87 GCF_000336755.1
NZ_FOTC01000002.1_400 -            414 ParA                 PF10609.14   246   1.2e-19   68.5   0.8   1   2   3.9e-11   2.4e-08   31.5   0.6     5    56     6    57     3    71 0.88 GCF_900114455.1
NZ_FOTC01000002.1_400 -            414 ParA                 PF10609.14   246   1.2e-19   68.5   0.8   2   2   2.2e-11   1.3e-08   32.3   0.0   111   245   115   236   109   237 0.89 GCF_900114455.1
PXRK01000076.1_39     -            282 ParA                 PF10609.14   246   2.8e-14   50.8   5.6   1   1     7e-12   4.3e-09   33.9   0.5     5    57     5    57     3    84 0.90 GCA_003021015.1
NZ_AQXI01000001.1_598 -            212 ParA                 PF10609.14   246   1.1e-12   45.7   1.7   1   1   3.2e-10   1.9e-07   28.5   0.1     6    58     2    53     1    88 0.84 GCF_000376445.1
NZ_CP085330.1_1       -            288 ParA                 PF10609.14   246     2e-08   31.7   0.2   1   1   7.4e-11   4.5e-08   30.5   0.2     3    55    12    64    10   163 0.77 GCF_020614375.1
NZ_CP085331.1_164     -            288 ParA                 PF10609.14   246   1.2e-07   29.2   0.0   1   1   4.8e-10     3e-07   27.9   0.0     4    45     7    48     5    68 0.91 GCF_020614375.1
JAATVS010000689.1_6  -            450 ParBc                PF02195.23    90   1.7e-13   48.3   0.1   1   1   9.2e-17   3.4e-13   47.3   0.1     5    77    12    78     8    90 0.90 GCA_014523695.1
NZ_JAMZIE010000002.1_582 -            817 PAS                  PF00989.30   113   5.4e-53  175.6   1.4   1   5   5.6e-08   9.4e-06   23.4   0.1     2   112    86   192    85   193 0.88 GCF_024178165.1
NZ_JAMZIE010000002.1_582 -            817 PAS                  PF00989.30   113   5.4e-53  175.6   1.4   2   5     6e-15     1e-12   45.9   0.0     1   111   208   321   208   323 0.77 GCF_024178165.1
NZ_JAMZIE010000002.1_582 -            817 PAS                  PF00989.30   113   5.4e-53  175.6   1.4   3   5     6e-10     1e-07   29.7   0.0     4   111   337   446   334   448 0.84 GCF_024178165.1
NZ_JAMZIE010000002.1_582 -            817 PAS                  PF00989.30   113   5.4e-53  175.6   1.4   4   5   2.3e-14   3.8e-12   44.0   0.0    13   113   625   725   612   725 0.92 GCF_024178165.1
NZ_JAMZIE010000002.1_582 -            817 PAS                  PF00989.30   113   5.4e-53  175.6   1.4   5   5   3.9e-09   6.5e-07   27.1   0.0     4    56   736   788   733   798 0.91 GCF_024178165.1
NZ_WRXM01000005.1_100    -           1420 PAS                  PF00989.30   113   5.6e-48  159.4   1.8   1   5   3.5e-08   5.8e-06   24.1   0.0     5    52    89   136    86   193 0.74 GCF_010119205.1
NZ_WRXM01000005.1_100    -           1420 PAS                  PF00989.30   113   5.6e-48  159.4   1.8   2   5   2.3e-09   3.8e-07   27.9   0.0    13   112   231   330   219   331 0.78 GCF_010119205.1
NZ_WRXM01000005.1_100    -           1420 PAS                  PF00989.30   113   5.6e-48  159.4   1.8   3   5   3.1e-10   5.2e-08   30.7   0.0     4   113   349   462   346   462 0.94 GCF_010119205.1
NZ_WRXM01000005.1_100    -           1420 PAS                  PF00989.30   113   5.6e-48  159.4   1.8   4   5   2.4e-09     4e-07   27.8   0.0     2    73   482   551   481   573 0.92 GCF_010119205.1
NZ_WRXM01000005.1_100    -           1420 PAS                  PF00989.30   113   5.6e-48  159.4   1.8   5   5   5.6e-12   9.4e-10   36.3   0.0     1   113   592   703   592   703 0.80 GCF_010119205.1
NZ_CP095482.1_1929       -           1355 PAS                  PF00989.30   113   2.3e-37  125.2   6.1   1   3   2.5e-09   4.1e-07   27.8   0.0     2   113   137   249   136   249 0.89 GCF_023028225.1
NZ_CP095482.1_1929       -           1355 PAS                  PF00989.30   113   2.3e-37  125.2   6.1   2   3     1e-16   1.7e-14   51.6   0.0     2   106   265   370   264   373 0.91 GCF_023028225.1
NZ_CP095482.1_1929       -           1355 PAS                  PF00989.30   113   2.3e-37  125.2   6.1   3   3   4.1e-13   6.9e-11   39.9   0.0     2   112   391   498   390   499 0.94 GCF_023028225.1
NZ_JAMZIE010000002.1_583 -            667 PAS                  PF00989.30   113   3.6e-36  121.4   0.3   1   2   9.1e-12   1.5e-09   35.6   0.2     1   105    99   200    99   208 0.90 GCF_024178165.1
NZ_JAMZIE010000002.1_583 -            667 PAS                  PF00989.30   113   3.6e-36  121.4   0.3   2   2   1.3e-13   2.1e-11   41.6   0.0    16   113   351   450   336   450 0.84 GCF_024178165.1
NZ_JAJCVI010000003.1_202 -            640 PAS                  PF00989.30   113   9.6e-32  107.1   0.1   1   2   1.5e-16   2.5e-14   51.0   0.0     2   113   151   260   150   260 0.95 GCF_020567525.1
NZ_JAJCVI010000003.1_202 -            640 PAS                  PF00989.30   113   9.6e-32  107.1   0.1   2   2   2.3e-17   3.8e-15   53.6   0.0     4   113   274   382   272   382 0.96 GCF_020567525.1
NZ_AOLK01000011.1_212    -           1059 PAS                  PF00989.30   113   2.4e-26   89.7   0.3   1   2   5.9e-13   9.9e-11   39.4   0.0     3   113    98   209    96   209 0.85 GCF_000336755.1
NZ_AOLK01000011.1_212    -           1059 PAS                  PF00989.30   113   2.4e-26   89.7   0.3   2   2   9.4e-10   1.6e-07   29.1   0.0     1    92   511   601   511   613 0.89 GCF_000336755.1
NZ_CP095757.1_1147       -            754 PAS                  PF00989.30   113   4.7e-24   82.4   0.0   1   2   3.7e-14   6.2e-12   43.3   0.0     6   112   151   251   146   252 0.88 GCF_023093535.1
NZ_CP095757.1_1147       -            754 PAS                  PF00989.30   113   4.7e-24   82.4   0.0   2   2   4.7e-12   7.8e-10   36.5   0.0     3   113   268   375   266   375 0.92 GCF_023093535.1
NZ_RKLT01000002.1_606    -           1116 PAS                  PF00989.30   113   1.1e-23   81.2   0.3   1   1   5.4e-12     9e-10   36.3   0.0    13   112    75   173    63   174 0.94 GCF_019599505.1
PXRX01000018.1_27        -            479 PAS                  PF00989.30   113     1e-22   78.0   0.2   1   1   1.3e-17   2.2e-15   54.4   0.2     2   113   119   230   118   230 0.95 GCA_003023195.1
NZ_JADDKQ010000016.1_68  -            642 PAS                  PF00989.30   113   1.5e-20   71.0   0.1   1   2   5.4e-08     9e-06   23.5   0.0     1   113   153   260   153   260 0.87 GCF_016464425.1
NZ_JADDKQ010000016.1_68  -            642 PAS                  PF00989.30   113   1.5e-20   71.0   0.1   2   2   8.3e-15   1.4e-12   45.4   0.0     1   113   275   388   275   388 0.89 GCF_016464425.1
NZ_SOSC01000001.1_835    -            479 PAS                  PF00989.30   113   2.6e-20   70.3   0.1   1   1   2.2e-16   3.7e-14   50.5   0.0     4   113     8   116     7   116 0.89 GCF_005049285.1
NZ_CP044523.1_2462       -            517 PAS                  PF00989.30   113   2.1e-16   57.7   0.0   1   1     4e-18   6.7e-16   56.1   0.0     2   113    59   168    58   168 0.98 GCF_008831545.1
NZ_FTNO01000002.1_63     -            743 PAS                  PF00989.30   113   8.5e-16   55.8   0.0   1   1     8e-12   1.3e-09   35.8   0.0     2    73   140   211   139   236 0.84 GCF_900156425.1
CP060262.1_2227          -           1206 PAS                  PF00989.30   113   2.4e-15   54.3   0.0   1   1   6.9e-11   1.2e-08   32.8   0.0     3   103   288   389   287   398 0.94 GCA_022646745.1
NZ_CP100000.1_3254       -            632 PAS                  PF00989.30   113   1.6e-14   51.6   0.0   1   1   1.4e-13   2.4e-11   41.4   0.0     4    66   182   243   179   291 0.69 GCF_024138165.1
NZ_CP084469.1_2750       -            381 PAS                  PF00989.30   113     1e-12   45.8   0.0   1   1   2.7e-14   4.4e-12   43.8   0.0     4   113    33   148    30   148 0.92 GCF_020405205.1
PXRE01000005.1_26        -            342 PAS                  PF00989.30   113   1.1e-12   45.7   0.0   1   1   3.1e-14   5.3e-12   43.5   0.0    10   113    23   121    14   121 0.93 GCA_003021085.1
LKML01000064.1_7         -            588 PAS                  PF00989.30   113   3.8e-09   34.3   0.0   1   1     8e-11   1.3e-08   32.6   0.0     3   107    90   187    88   193 0.86 GCA_001563795.1
NZ_PHNJ01000008.1_81     -            763 PAS                  PF00989.30   113   4.3e-09   34.1   0.1   1   1   8.1e-11   1.4e-08   32.5   0.0    17   113   233   329   220   329 0.89 GCF_008122205.1
NZ_QPII01000005.1_246    -            832 PAS                  PF00989.30   113   5.4e-09   33.8   0.0   1   1   7.8e-11   1.3e-08   32.6   0.0     5   112   277   383   273   384 0.90 GCF_003336675.1
LKNH01000007.1_3         -            505 PAS                  PF00989.30   113   1.9e-08   32.1   0.0   1   1   3.1e-10   5.2e-08   30.7   0.0     2    69   398   466   397   501 0.81 GCA_001564135.1
NZ_JALJCL010000001.1_349 -            568 PAS                  PF00989.30   113   1.4e-06   26.1   0.0   1   1   1.8e-08     3e-06   25.0   0.0     4    56   252   304   250   365 0.89 GCF_023698535.1
JAFGCY010000084.1_40 -            317 PASTA                PF03793.24    64   2.7e-37  124.3   1.0   1   3   1.2e-14   4.2e-11   40.4   0.0     1    63    34    97    34    98 0.93 GCA_016932385.1
JAFGCY010000084.1_40 -            317 PASTA                PF03793.24    64   2.7e-37  124.3   1.0   2   3   1.1e-13   4.1e-10   37.3   0.0     2    63   104   165   103   166 0.95 GCA_016932385.1
JAFGCY010000084.1_40 -            317 PASTA                PF03793.24    64   2.7e-37  124.3   1.0   3   3   1.2e-15   4.5e-12   43.5   0.1     1    62   173   234   173   235 0.97 GCA_016932385.1
NZ_SOSC01000001.1_835 -            479 PAS_11               PF14598.11   109   5.5e-09   33.7   0.0   1   1   1.1e-11   4.1e-08   30.9   0.0    22    83    35    98    17   107 0.89 GCF_005049285.1
CP060262.1_2227          -           1206 PAS_3                PF08447.17    89   1.2e-44  148.3   0.8   1   3     1e-18   2.5e-16   57.5   0.1     2    88   310   394   309   395 0.96 GCA_022646745.1
CP060262.1_2227          -           1206 PAS_3                PF08447.17    89   1.2e-44  148.3   0.8   2   3   1.6e-19   3.9e-17   60.1   0.0     3    88   574   659   572   660 0.97 GCA_022646745.1
CP060262.1_2227          -           1206 PAS_3                PF08447.17    89   1.2e-44  148.3   0.8   3   3   2.8e-09   6.9e-07   27.2   0.0     2    87   701   784   700   786 0.95 GCA_022646745.1
NZ_JAMZIE010000002.1_582 -            817 PAS_3                PF08447.17    89   9.6e-40  132.6   2.4   1   3     7e-17   1.7e-14   51.6   0.1     2    88   108   189   107   190 0.96 GCF_024178165.1
NZ_JAMZIE010000002.1_582 -            817 PAS_3                PF08447.17    89   9.6e-40  132.6   2.4   2   3   6.4e-12   1.6e-09   35.7   0.0     1    88   359   444   359   445 0.92 GCF_024178165.1
NZ_JAMZIE010000002.1_582 -            817 PAS_3                PF08447.17    89   9.6e-40  132.6   2.4   3   3   6.3e-09   1.5e-06   26.1   0.0     3    58   757   811   755   817 0.89 GCF_024178165.1
NZ_JAMZIE010000002.1_583 -            667 PAS_3                PF08447.17    89   2.4e-39  131.3   0.2   1   2   8.7e-12   2.1e-09   35.3   0.0     2    88   362   446   361   447 0.97 GCF_024178165.1
NZ_JAMZIE010000002.1_583 -            667 PAS_3                PF08447.17    89   2.4e-39  131.3   0.2   2   2   6.3e-17   1.5e-14   51.8   0.0     2    88   488   569   487   570 0.95 GCF_024178165.1
NZ_SOSC01000001.1_835    -            479 PAS_3                PF08447.17    89   5.8e-32  107.6   0.1   1   2   1.6e-20   3.8e-18   63.3   0.1     3    79    29   105    27   111 0.92 GCF_005049285.1
NZ_SOSC01000001.1_835    -            479 PAS_3                PF08447.17    89   5.8e-32  107.6   0.1   2   2   8.6e-14   2.1e-11   41.7   0.0     2    81   155   234   154   237 0.93 GCF_005049285.1
NZ_CP095482.1_1929       -           1355 PAS_3                PF08447.17    89   6.6e-30  101.0   1.7   1   1   6.9e-14   1.7e-11   42.0   0.7     3    78   692   773   690   784 0.86 GCF_023028225.1
NZ_JAJCVI010000003.1_202 -            640 PAS_3                PF08447.17    89   1.2e-27   93.7   0.0   1   2   1.3e-10   3.3e-08   31.5   0.0     3    87   174   255   172   257 0.90 GCF_020567525.1
NZ_JAJCVI010000003.1_202 -            640 PAS_3                PF08447.17    89   1.2e-27   93.7   0.0   2   2   1.6e-19     4e-17   60.1   0.0     3    75   295   366   293   379 0.90 GCF_020567525.1
NZ_RKLT01000002.1_606    -           1116 PAS_3                PF08447.17    89   8.8e-25   84.6   2.4   1   1   5.2e-22   1.3e-19   68.1   0.2     3    78   337   413   335   423 0.90 GCF_019599505.1
NZ_CP095757.1_1147       -            754 PAS_3                PF08447.17    89   5.8e-18   62.7   0.0   1   2   7.8e-11   1.9e-08   32.2   0.1     3    66   170   231   168   245 0.92 GCF_023093535.1
NZ_CP095757.1_1147       -            754 PAS_3                PF08447.17    89   5.8e-18   62.7   0.0   2   2   2.2e-09   5.4e-07   27.6   0.0     5    88   292   371   288   372 0.92 GCF_023093535.1
NZ_CP084469.1_2750       -            381 PAS_3                PF08447.17    89   1.9e-08   32.2   0.0   1   1   2.8e-10   6.9e-08   30.4   0.0     2    86    53   142    52   144 0.88 GCF_020405205.1
NZ_WUYX01000013.1_51     -            623 PAS_3                PF08447.17    89   3.4e-07   28.2   0.0   1   1   4.8e-09   1.2e-06   26.5   0.0    10    88   169   254   162   255 0.85 GCF_009834785.1
NZ_WRXM01000005.1_100    -           1420 PAS_4                PF08448.15   110     1e-72  239.1  20.4   1   6   7.3e-12   1.2e-09   36.2   0.2     1   110    91   208    91   208 0.85 GCF_010119205.1
NZ_WRXM01000005.1_100    -           1420 PAS_4                PF08448.15   110     1e-72  239.1  20.4   2   6   5.6e-14     9e-12   43.0   0.1     7   110   231   336   225   336 0.93 GCF_010119205.1
NZ_WRXM01000005.1_100    -           1420 PAS_4                PF08448.15   110     1e-72  239.1  20.4   3   6   3.1e-13     5e-11   40.6   0.1     3   108   354   465   352   467 0.86 GCF_010119205.1
NZ_WRXM01000005.1_100    -           1420 PAS_4                PF08448.15   110     1e-72  239.1  20.4   4   6   1.3e-16   2.1e-14   51.4   0.0     1   110   487   586   487   586 0.97 GCF_010119205.1
NZ_WRXM01000005.1_100    -           1420 PAS_4                PF08448.15   110     1e-72  239.1  20.4   5   6   9.7e-14   1.6e-11   42.2   0.4     2   109   599   707   598   708 0.86 GCF_010119205.1
NZ_WRXM01000005.1_100    -           1420 PAS_4                PF08448.15   110     1e-72  239.1  20.4   6   6     1e-11   1.6e-09   35.7   0.1     7   109   731   828   724   829 0.88 GCF_010119205.1
NZ_JAMZIE010000002.1_582 -            817 PAS_4                PF08448.15   110   2.2e-52  173.7  16.7   1   4   1.5e-12   2.5e-10   38.4   0.3    25   110   115   198   105   198 0.87 GCF_024178165.1
NZ_JAMZIE010000002.1_582 -            817 PAS_4                PF08448.15   110   2.2e-52  173.7  16.7   2   4   5.3e-12   8.4e-10   36.6   0.2     2   109   215   327   214   328 0.90 GCF_024178165.1
NZ_JAMZIE010000002.1_582 -            817 PAS_4                PF08448.15   110   2.2e-52  173.7  16.7   3   4   6.7e-12   1.1e-09   36.3   0.0    13   109   355   452   341   453 0.93 GCF_024178165.1
NZ_JAMZIE010000002.1_582 -            817 PAS_4                PF08448.15   110   2.2e-52  173.7  16.7   4   4   2.7e-15   4.4e-13   47.2   0.3     7   110   625   730   618   730 0.86 GCF_024178165.1
NZ_RKLT01000002.1_606    -           1116 PAS_4                PF08448.15   110     2e-39  132.0  31.6   1   3   7.6e-09   1.2e-06   26.5   1.6     7   107    75   176    72   178 0.91 GCF_019599505.1
NZ_RKLT01000002.1_606    -           1116 PAS_4                PF08448.15   110     2e-39  132.0  31.6   2   3   3.4e-18   5.4e-16   56.6   0.9     6   110   193   301   188   301 0.94 GCF_019599505.1
NZ_RKLT01000002.1_606    -           1116 PAS_4                PF08448.15   110     2e-39  132.0  31.6   3   3   3.4e-18   5.4e-16   56.6   1.3     1   110   440   552   440   552 0.90 GCF_019599505.1
NZ_JAMZIE010000002.1_583 -            667 PAS_4                PF08448.15   110   1.1e-37  126.4  11.4   1   3   1.4e-10   2.2e-08   32.1   0.8     2   109   106   212   105   213 0.86 GCF_024178165.1
NZ_JAMZIE010000002.1_583 -            667 PAS_4                PF08448.15   110   1.1e-37  126.4  11.4   2   3   9.2e-14   1.5e-11   42.3   0.1    17   110   361   455   353   455 0.95 GCF_024178165.1
NZ_JAMZIE010000002.1_583 -            667 PAS_4                PF08448.15   110   1.1e-37  126.4  11.4   3   3   1.3e-12   2.1e-10   38.6   0.1    40   110   508   578   492   578 0.90 GCF_024178165.1
NZ_CP095482.1_1929       -           1355 PAS_4                PF08448.15   110   7.8e-36  120.4  17.4   1   3   8.5e-10   1.4e-07   29.5   0.2     1   110   142   254   142   254 0.86 GCF_023028225.1
NZ_CP095482.1_1929       -           1355 PAS_4                PF08448.15   110   7.8e-36  120.4  17.4   2   3   2.6e-16   4.2e-14   50.5   0.4     1   110   270   380   270   380 0.87 GCF_023028225.1
NZ_CP095482.1_1929       -           1355 PAS_4                PF08448.15   110   7.8e-36  120.4  17.4   3   3   1.7e-12   2.7e-10   38.2   1.0     1   110   396   504   396   504 0.92 GCF_023028225.1
NZ_AOLK01000011.1_212    -           1059 PAS_4                PF08448.15   110   2.8e-30  102.5  14.5   1   3   1.1e-11   1.8e-09   35.6   0.3     7   110   109   214   102   214 0.86 GCF_000336755.1
NZ_AOLK01000011.1_212    -           1059 PAS_4                PF08448.15   110   2.8e-30  102.5  14.5   2   3   1.7e-13   2.7e-11   41.4   0.4     1   110   234   335   234   335 0.94 GCF_000336755.1
NZ_AOLK01000011.1_212    -           1059 PAS_4                PF08448.15   110   2.8e-30  102.5  14.5   3   3   6.5e-11     1e-08   33.1   0.2     2   110   518   634   517   634 0.88 GCF_000336755.1
NZ_JAJCVI010000003.1_202 -            640 PAS_4                PF08448.15   110   1.4e-27   93.8   9.2   1   2   2.1e-14   3.3e-12   44.4   0.5     2   109   157   264   156   265 0.93 GCF_020567525.1
NZ_JAJCVI010000003.1_202 -            640 PAS_4                PF08448.15   110   1.4e-27   93.8   9.2   2   2   2.5e-17     4e-15   53.8   0.5     1   110   277   387   277   387 0.96 GCF_020567525.1
NZ_CP095757.1_1147       -            754 PAS_4                PF08448.15   110   9.5e-27   91.2  10.0   1   2   4.5e-13   7.3e-11   40.1   0.1     6    56   157   207   152   257 0.85 GCF_023093535.1
NZ_CP095757.1_1147       -            754 PAS_4                PF08448.15   110   9.5e-27   91.2  10.0   2   2     3e-16   4.8e-14   50.3   0.1     1   109   272   379   272   380 0.96 GCF_023093535.1
NZ_FTNO01000002.1_63     -            743 PAS_4                PF08448.15   110   2.1e-26   90.1   0.7   1   2   8.9e-19   1.4e-16   58.4   0.0     3   110   147   247   145   247 0.97 GCF_900156425.1
NZ_FTNO01000002.1_63     -            743 PAS_4                PF08448.15   110   2.1e-26   90.1   0.7   2   2   2.1e-09   3.3e-07   28.3   0.0    14   109   438   532   422   533 0.89 GCF_900156425.1
NZ_CP100000.1_3254       -            632 PAS_4                PF08448.15   110   2.1e-24   83.6   1.0   1   2   3.6e-11   5.8e-09   33.9   0.1     2   110   186   296   185   296 0.84 GCF_024138165.1
NZ_CP100000.1_3254       -            632 PAS_4                PF08448.15   110   2.1e-24   83.6   1.0   2   2   2.4e-15   3.8e-13   47.4   0.1     7   108   319   415   312   417 0.94 GCF_024138165.1
PXRX01000018.1_27        -            479 PAS_4                PF08448.15   110   5.3e-24   82.3   6.9   1   2   5.3e-11   8.5e-09   33.4   0.5     1   110    12   112    12   112 0.90 GCA_003023195.1
PXRX01000018.1_27        -            479 PAS_4                PF08448.15   110   5.3e-24   82.3   6.9   2   2     1e-16   1.7e-14   51.8   1.1     1   110   124   235   124   235 0.93 GCA_003023195.1
NZ_CP044523.1_2462       -            517 PAS_4                PF08448.15   110   4.7e-23   79.3   0.1   1   1   1.1e-24   1.8e-22   77.4   0.0     1   109    64   172    64   173 0.97 GCF_008831545.1
NZ_JADDKQ010000016.1_68  -            642 PAS_4                PF08448.15   110   6.1e-23   78.9   7.7   1   2   1.5e-11   2.4e-09   35.2   1.1     2   109   160   264   159   265 0.92 GCF_016464425.1
NZ_JADDKQ010000016.1_68  -            642 PAS_4                PF08448.15   110   6.1e-23   78.9   7.7   2   2   3.5e-15   5.6e-13   46.9   0.7     7   110   288   393   281   393 0.89 GCF_016464425.1
NZ_SOSC01000001.1_835    -            479 PAS_4                PF08448.15   110   5.5e-21   72.6  10.7   1   1   5.5e-19   8.9e-17   59.1   0.1     1   109    11   120    11   121 0.97 GCF_005049285.1
NZ_CP084469.1_2750       -            381 PAS_4                PF08448.15   110   7.4e-17   59.4   0.0   1   1   1.1e-18   1.8e-16   58.1   0.0     1   110    36   153    36   153 0.91 GCF_020405205.1
NZ_JAMZIE010000002.1_581 -            366 PAS_4                PF08448.15   110   1.7e-12   45.3   0.1   1   1   4.9e-14   7.9e-12   43.2   0.1     8   109    38   142    31   143 0.88 GCF_024178165.1
PXRE01000005.1_26        -            342 PAS_4                PF08448.15   110   6.9e-10   36.9   0.6   1   1   1.3e-11   2.1e-09   35.3   0.1     7   108    26   124    23   126 0.81 GCA_003021085.1
LKML01000064.1_7         -            588 PAS_4                PF08448.15   110   8.8e-10   36.6   0.5   1   1   1.8e-11   2.9e-09   34.9   0.1     2   107    95   195    94   198 0.93 GCA_001563795.1
NZ_PHNJ01000008.1_81     -            763 PAS_4                PF08448.15   110   2.1e-09   35.3   2.8   1   1   1.7e-11   2.7e-09   35.0   0.7     6   107   228   331   223   334 0.91 GCF_008122205.1
NZ_QPII01000005.1_246    -            832 PAS_4                PF08448.15   110     7e-07   27.2   0.0   1   1   1.1e-08   1.7e-06   26.0   0.0     3   107   281   386   279   389 0.93 GCF_003336675.1
NZ_WRXM01000005.1_100    -           1420 PAS_8                PF13188.12    65   1.4e-30  101.9   2.0   1   3   6.2e-08   1.2e-05   22.8   0.1     5    50    89   137    87   153 0.77 GCF_010119205.1
NZ_WRXM01000005.1_100    -           1420 PAS_8                PF13188.12    65   1.4e-30  101.9   2.0   2   3   3.1e-07   6.1e-05   20.6   0.0     3    52   483   532   481   547 0.75 GCF_010119205.1
NZ_WRXM01000005.1_100    -           1420 PAS_8                PF13188.12    65   1.4e-30  101.9   2.0   3   3     3e-08   5.7e-06   23.8   0.0     2    48   593   638   592   657 0.75 GCF_010119205.1
NZ_CP095482.1_1929       -           1355 PAS_8                PF13188.12    65   2.6e-22   75.7   0.7   1   3   2.6e-08   5.1e-06   24.0   0.0     3    50   138   188   136   204 0.72 GCF_023028225.1
NZ_CP095482.1_1929       -           1355 PAS_8                PF13188.12    65   2.6e-22   75.7   0.7   2   3   1.5e-08   2.9e-06   24.8   0.0     2    56   265   323   264   333 0.75 GCF_023028225.1
NZ_CP095482.1_1929       -           1355 PAS_8                PF13188.12    65   2.6e-22   75.7   0.7   3   3   1.1e-07   2.2e-05   22.0   0.0     2    52   391   440   390   455 0.74 GCF_023028225.1
NZ_JAMZIE010000002.1_583 -            667 PAS_8                PF13188.12    65   4.3e-22   75.0   0.1   1   2   5.7e-11   1.1e-08   32.5   0.0     1    54    99   154    99   166 0.81 GCF_024178165.1
NZ_JAMZIE010000002.1_583 -            667 PAS_8                PF13188.12    65   4.3e-22   75.0   0.1   2   2   7.2e-08   1.4e-05   22.6   0.0     2    55   220   272   219   283 0.86 GCF_024178165.1
NZ_AOLK01000011.1_212    -           1059 PAS_8                PF13188.12    65   5.3e-22   74.7   0.1   1   3   3.1e-07     6e-05   20.6   0.0     2    55    97   150    96   163 0.84 GCF_000336755.1
NZ_AOLK01000011.1_212    -           1059 PAS_8                PF13188.12    65   5.3e-22   74.7   0.1   2   3   6.5e-08   1.3e-05   22.8   0.0     5    59   232   290   228   297 0.83 GCF_000336755.1
NZ_AOLK01000011.1_212    -           1059 PAS_8                PF13188.12    65   5.3e-22   74.7   0.1   3   3   3.9e-09   7.6e-07   26.6   0.0     1    43   511   556   511   575 0.81 GCF_000336755.1
NZ_JAMZIE010000002.1_582 -            817 PAS_8                PF13188.12    65     1e-21   73.8   0.1   1   3   8.7e-09   1.7e-06   25.5   0.0     1    55   208   262   208   274 0.84 GCF_024178165.1
NZ_JAMZIE010000002.1_582 -            817 PAS_8                PF13188.12    65     1e-21   73.8   0.1   2   3   1.7e-06   0.00034   18.2   0.0     3    55   336   390   334   403 0.71 GCF_024178165.1
NZ_JAMZIE010000002.1_582 -            817 PAS_8                PF13188.12    65     1e-21   73.8   0.1   3   3   1.1e-06   0.00022   18.8   0.0     1    53   612   668   612   680 0.78 GCF_024178165.1
NZ_FTNO01000002.1_63     -            743 PAS_8                PF13188.12    65   5.9e-18   61.9   1.8   1   2   1.3e-09   2.5e-07   28.2   0.1     5    49   143   190   139   207 0.80 GCF_900156425.1
NZ_FTNO01000002.1_63     -            743 PAS_8                PF13188.12    65   5.9e-18   61.9   1.8   2   2   2.7e-10   5.3e-08   30.3   0.0     2    46   417   468   416   487 0.76 GCF_900156425.1
NZ_JAJCVI010000003.1_202 -            640 PAS_8                PF13188.12    65   1.6e-17   60.5   2.0   1   2     1e-10   1.9e-08   31.7   0.0     1    53   150   205   150   218 0.79 GCF_020567525.1
NZ_JAJCVI010000003.1_202 -            640 PAS_8                PF13188.12    65   1.6e-17   60.5   2.0   2   2   3.5e-09   6.9e-07   26.8   0.0     2    56   272   327   271   336 0.85 GCF_020567525.1
PXRX01000018.1_27        -            479 PAS_8                PF13188.12    65     1e-15   54.8   0.4   1   2   1.2e-05    0.0024   15.5   0.0     4    49     9    54     8    70 0.72 GCA_003023195.1
PXRX01000018.1_27        -            479 PAS_8                PF13188.12    65     1e-15   54.8   0.4   2   2   2.7e-12   5.2e-10   36.7   0.1     1    43   118   163   118   187 0.75 GCA_003023195.1
NZ_SOSC01000001.1_835    -            479 PAS_8                PF13188.12    65   4.6e-14   49.5   0.2   1   2   5.3e-10     1e-07   29.4   0.0     4    61     8    65     7    71 0.78 GCF_005049285.1
NZ_SOSC01000001.1_835    -            479 PAS_8                PF13188.12    65   4.6e-14   49.5   0.2   2   2     3e-06   0.00057   17.5   0.0     1    53   131   186   131   199 0.76 GCF_005049285.1
NZ_CP095757.1_1147       -            754 PAS_8                PF13188.12    65   3.1e-13   46.9   0.3   1   1   1.1e-11     2e-09   34.8   0.0     1    55   146   199   146   212 0.75 GCF_023093535.1
NZ_CP100000.1_3254       -            632 PAS_8                PF13188.12    65   7.5e-12   42.5   0.2   1   1   2.7e-11   5.3e-09   33.5   0.0     5    42   183   223   179   242 0.76 GCF_024138165.1
NZ_JADDKQ010000016.1_68  -            642 PAS_8                PF13188.12    65   9.3e-11   39.1   0.3   1   2   1.6e-05    0.0032   15.2   0.1     1    49   153   201   153   218 0.72 GCF_016464425.1
NZ_JADDKQ010000016.1_68  -            642 PAS_8                PF13188.12    65   9.3e-11   39.1   0.3   2   2     2e-07   3.8e-05   21.2   0.0     1    52   275   326   275   343 0.76 GCF_016464425.1
LKNH01000007.1_3         -            505 PAS_8                PF13188.12    65   1.5e-09   35.2   0.0   1   1   3.4e-11   6.7e-09   33.2   0.0     2    55   398   454   397   465 0.78 GCA_001564135.1
NZ_JALJCL010000001.1_349 -            568 PAS_8                PF13188.12    65   5.1e-09   33.5   0.1   1   1     1e-10   1.9e-08   31.7   0.1     5    57   253   308   252   317 0.81 GCF_023698535.1
CP060262.1_2227          -           1206 PAS_8                PF13188.12    65     7e-08   29.9   0.0   1   1   4.1e-08     8e-06   23.4   0.0     1    55   413   471   413   481 0.79 GCA_022646745.1
NZ_CP044523.1_2462       -            517 PAS_8                PF13188.12    65   9.8e-08   29.5   0.0   1   1   1.5e-09   2.9e-07   28.0   0.0     2    52    59   112    58   125 0.72 GCF_008831545.1
NZ_CP084469.1_2750       -            381 PAS_8                PF13188.12    65   1.6e-06   25.6   0.0   1   1   2.2e-08   4.3e-06   24.2   0.0     4    44    33    76    31    96 0.77 GCF_020405205.1
NZ_QPII01000005.1_246    -            832 PAS_8                PF13188.12    65   1.2e-05   22.8   0.1   1   1   2.6e-07     5e-05   20.9   0.1     6    49   278   323   273   338 0.73 GCF_003336675.1
NZ_JAMZIE010000002.1_582 -            817 PAS_9                PF13426.12   103   3.6e-57  188.8   0.2   1   5   1.4e-07   2.5e-05   22.3   0.0    18   103   112   195   108   195 0.82 GCF_024178165.1
NZ_JAMZIE010000002.1_582 -            817 PAS_9                PF13426.12   103   3.6e-57  188.8   0.2   2   5   2.8e-10     5e-08   30.9   0.0     1   103   218   325   218   325 0.78 GCF_024178165.1
NZ_JAMZIE010000002.1_582 -            817 PAS_9                PF13426.12   103   3.6e-57  188.8   0.2   3   5   1.1e-21   1.9e-19   67.6   0.0     3   103   346   450   344   450 0.90 GCF_024178165.1
NZ_JAMZIE010000002.1_582 -            817 PAS_9                PF13426.12   103   3.6e-57  188.8   0.2   4   5   9.7e-16   1.7e-13   48.5   0.0     3   103   625   727   623   727 0.96 GCF_024178165.1
NZ_JAMZIE010000002.1_582 -            817 PAS_9                PF13426.12   103   3.6e-57  188.8   0.2   5   5   0.00015     0.026   12.6   0.0     6    53   748   794   743   813 0.77 GCF_024178165.1
NZ_WRXM01000005.1_100    -           1420 PAS_9                PF13426.12   103   2.7e-54  179.5   0.2   1   5   2.6e-09   4.6e-07   27.8   0.0     2   102    96   204    95   205 0.82 GCF_010119205.1
NZ_WRXM01000005.1_100    -           1420 PAS_9                PF13426.12   103   2.7e-54  179.5   0.2   2   5   2.7e-18   4.8e-16   56.7   0.0     3   102   231   332   229   333 0.95 GCF_010119205.1
NZ_WRXM01000005.1_100    -           1420 PAS_9                PF13426.12   103   2.7e-54  179.5   0.2   3   5   5.2e-08     9e-06   23.7   0.0     1   102   356   463   356   464 0.84 GCF_010119205.1
NZ_WRXM01000005.1_100    -           1420 PAS_9                PF13426.12   103   2.7e-54  179.5   0.2   4   5   5.5e-08   9.6e-06   23.6   0.0     2   102   492   582   491   583 0.82 GCF_010119205.1
NZ_WRXM01000005.1_100    -           1420 PAS_9                PF13426.12   103   2.7e-54  179.5   0.2   5   5   2.9e-10   5.1e-08   30.9   0.0     2   103   603   705   602   705 0.82 GCF_010119205.1
NZ_JAMZIE010000002.1_583 -            667 PAS_9                PF13426.12   103   8.2e-52  171.6   0.0   1   4   3.2e-09   5.6e-07   27.6   0.1     7   103   115   210   109   210 0.88 GCF_024178165.1
NZ_JAMZIE010000002.1_583 -            667 PAS_9                PF13426.12   103   8.2e-52  171.6   0.0   2   4   2.8e-14     5e-12   43.8   0.0     2   103   230   327   229   327 0.93 GCF_024178165.1
NZ_JAMZIE010000002.1_583 -            667 PAS_9                PF13426.12   103   8.2e-52  171.6   0.0   3   4   1.4e-23   2.5e-21   73.7   0.0     8   103   356   452   347   452 0.96 GCF_024178165.1
NZ_JAMZIE010000002.1_583 -            667 PAS_9                PF13426.12   103   8.2e-52  171.6   0.0   4   4   2.8e-07   4.8e-05   21.3   0.0    24   103   498   575   490   575 0.82 GCF_024178165.1
NZ_RKLT01000002.1_606    -           1116 PAS_9                PF13426.12   103   3.2e-35  118.3   0.0   1   4   3.7e-10   6.4e-08   30.6   0.0     2   103    74   176    73   176 0.87 GCF_019599505.1
NZ_RKLT01000002.1_606    -           1116 PAS_9                PF13426.12   103   3.2e-35  118.3   0.0   2   4   1.2e-11   2.1e-09   35.4   0.0     8   103   199   298   194   298 0.94 GCF_019599505.1
NZ_RKLT01000002.1_606    -           1116 PAS_9                PF13426.12   103   3.2e-35  118.3   0.0   3   4   1.4e-06   0.00025   19.1   0.0    15   103   337   428   326   428 0.82 GCF_019599505.1
NZ_RKLT01000002.1_606    -           1116 PAS_9                PF13426.12   103   3.2e-35  118.3   0.0   4   4   2.9e-09     5e-07   27.7   0.0     8   103   451   549   446   549 0.81 GCF_019599505.1
NZ_AOLK01000011.1_212    -           1059 PAS_9                PF13426.12   103   6.5e-31  104.4   0.0   1   3   6.1e-16   1.1e-13   49.1   0.0     3   102   109   210   107   211 0.84 GCF_000336755.1
NZ_AOLK01000011.1_212    -           1059 PAS_9                PF13426.12   103   6.5e-31  104.4   0.0   2   3     4e-07   7.1e-05   20.8   0.0     2   102   239   331   238   332 0.75 GCF_000336755.1
NZ_AOLK01000011.1_212    -           1059 PAS_9                PF13426.12   103   6.5e-31  104.4   0.0   3   3   6.3e-10   1.1e-07   29.8   0.0     2   103   522   631   521   631 0.81 GCF_000336755.1
NZ_CP095482.1_1929       -           1355 PAS_9                PF13426.12   103   7.8e-30  101.0   0.1   1   3   3.3e-09   5.7e-07   27.5   0.0     2   103   147   251   146   251 0.86 GCF_023028225.1
NZ_CP095482.1_1929       -           1355 PAS_9                PF13426.12   103   7.8e-30  101.0   0.1   2   3   2.6e-09   4.6e-07   27.9   0.0     6   103   282   377   274   377 0.81 GCF_023028225.1
NZ_CP095482.1_1929       -           1355 PAS_9                PF13426.12   103   7.8e-30  101.0   0.1   3   3   2.8e-10   4.9e-08   31.0   0.0     2   103   401   501   400   501 0.94 GCF_023028225.1
NZ_JADDKQ010000016.1_68  -            642 PAS_9                PF13426.12   103   6.4e-21   72.3   0.0   1   2   0.00062      0.11   10.6   0.0     8   102   170   261   163   262 0.84 GCF_016464425.1
NZ_JADDKQ010000016.1_68  -            642 PAS_9                PF13426.12   103   6.4e-21   72.3   0.0   2   2   3.6e-19   6.3e-17   59.5   0.0     3   103   288   390   286   390 0.91 GCF_016464425.1
NZ_JAJCVI010000003.1_202 -            640 PAS_9                PF13426.12   103   7.6e-21   72.1   0.0   1   2   1.4e-12   2.4e-10   38.4   0.0     1   103   160   262   160   262 0.85 GCF_020567525.1
NZ_JAJCVI010000003.1_202 -            640 PAS_9                PF13426.12   103   7.6e-21   72.1   0.0   2   2   2.4e-10   4.2e-08   31.2   0.0     1   103   281   384   281   384 0.80 GCF_020567525.1
NZ_CP095757.1_1147       -            754 PAS_9                PF13426.12   103   3.8e-20   69.9   0.0   1   2   1.9e-10   3.4e-08   31.5   0.0     2   101   157   252   156   254 0.77 GCF_023093535.1
NZ_CP095757.1_1147       -            754 PAS_9                PF13426.12   103   3.8e-20   69.9   0.0   2   2   7.5e-12   1.3e-09   36.0   0.0     1   102   276   376   276   377 0.92 GCF_023093535.1
NZ_CP100000.1_3254       -            632 PAS_9                PF13426.12   103   1.9e-18   64.4   0.0   1   2   1.1e-15   1.9e-13   48.3   0.0     2   103   190   293   189   293 0.84 GCF_024138165.1
NZ_CP100000.1_3254       -            632 PAS_9                PF13426.12   103   1.9e-18   64.4   0.0   2   2    0.0001     0.018   13.1   0.0    22   103   338   414   331   414 0.88 GCF_024138165.1
NZ_SOSC01000001.1_835    -            479 PAS_9                PF13426.12   103   3.3e-17   60.4   0.1   1   2   1.5e-14   2.6e-12   44.7   0.0     4   103    18   118    15   118 0.88 GCF_005049285.1
NZ_SOSC01000001.1_835    -            479 PAS_9                PF13426.12   103   3.3e-17   60.4   0.1   2   2   0.00033     0.057   11.5   0.0    12   102   153   259   141   260 0.78 GCF_005049285.1
PXRX01000018.1_27        -            479 PAS_9                PF13426.12   103   7.1e-17   59.4   0.0   1   2   2.9e-05    0.0051   14.9   0.0     5    58    20    76    16   109 0.78 GCA_003023195.1
PXRX01000018.1_27        -            479 PAS_9                PF13426.12   103   7.1e-17   59.4   0.0   2   2   1.1e-13   1.9e-11   41.9   0.0     2   103   129   232   128   232 0.82 GCA_003023195.1
CP060262.1_2227          -           1206 PAS_9                PF13426.12   103   1.8e-16   58.1   0.0   1   3   3.2e-06   0.00055   17.9   0.0    18   103   314   400   302   400 0.81 GCA_022646745.1
CP060262.1_2227          -           1206 PAS_9                PF13426.12   103   1.8e-16   58.1   0.0   2   3   1.8e-08   3.1e-06   25.2   0.0     4   103   426   530   423   530 0.86 GCA_022646745.1
CP060262.1_2227          -           1206 PAS_9                PF13426.12   103   1.8e-16   58.1   0.0   3   3    0.0011      0.19    9.8   0.0    40   103   728   791   714   791 0.82 GCA_022646745.1
NZ_FTNO01000002.1_63     -            743 PAS_9                PF13426.12   103   2.6e-16   57.6   0.1   1   2   4.4e-10   7.7e-08   30.3   0.0     2   103   150   244   149   244 0.75 GCF_900156425.1
NZ_FTNO01000002.1_63     -            743 PAS_9                PF13426.12   103   2.6e-16   57.6   0.1   2   2   5.8e-08     1e-05   23.5   0.0     4   102   432   529   426   530 0.86 GCF_900156425.1
NZ_CP084469.1_2750       -            381 PAS_9                PF13426.12   103   7.1e-14   49.7   0.0   1   1   7.5e-16   1.3e-13   48.9   0.0     1   102    40   149    40   150 0.92 GCF_020405205.1
NZ_PHNJ01000008.1_81     -            763 PAS_9                PF13426.12   103   6.8e-11   40.2   0.0   1   1   9.3e-13   1.6e-10   38.9   0.0     5   102   230   330   226   331 0.84 GCF_008122205.1
NZ_CP044523.1_2462       -            517 PAS_9                PF13426.12   103   6.9e-10   36.9   0.0   1   1   1.1e-11   1.9e-09   35.5   0.0     2   103    69   170    68   170 0.89 GCF_008831545.1
NZ_JAMZIE010000002.1_581 -            366 PAS_9                PF13426.12   103   2.2e-09   35.3   0.0   1   1   4.2e-11   7.4e-09   33.6   0.0     7   103    41   140    34   140 0.92 GCF_024178165.1
LKNH01000007.1_3         -            505 PAS_9                PF13426.12   103   4.9e-09   34.2   0.0   1   1   2.2e-10   3.9e-08   31.3   0.0     5    62   411   466   408   476 0.86 GCA_001564135.1
PXRE01000005.1_26        -            342 PAS_9                PF13426.12   103   3.2e-08   31.6   0.0   1   1   4.2e-10   7.4e-08   30.4   0.0     3   102    26   122    24   123 0.90 GCA_003021085.1
NZ_QPII01000005.1_246    -            832 PAS_9                PF13426.12   103     4e-07   28.0   0.0   1   1   4.7e-09   8.2e-07   27.0   0.0     2   101   284   384   283   386 0.87 GCF_003336675.1
NZ_QPII01000005.1_253 -            470 Patatin              PF01734.27   191   9.7e-18   62.8   0.1   1   1     7e-21   2.6e-17   61.4   0.1     1   191    57   302    57   302 0.71 GCF_003336675.1
NZ_SBIT01000009.1_43 -            370 PBP_like             PF12727.12   193   2.3e-07   27.9   0.0   1   1   9.6e-11   3.6e-07   27.3   0.0     8   148   121   276   115   293 0.77 GCF_004765785.1
NZ_SDIC01000011.1_9  -            306 PBP_like_2           PF12849.12   267   6.8e-38  128.7   0.0   1   1   1.1e-40   8.3e-38  128.4   0.0     8   267    44   269    25   269 0.92 GCF_004116405.1
DP000238.1_521       -            404 PBP_like_2           PF12849.12   267   8.4e-37  125.1   0.0   1   1   1.5e-39   1.1e-36  124.7   0.0     8   248    29   302    21   324 0.86 GCA_000200715.1
PXSA01000027.1_42    -            322 PBP_like_2           PF12849.12   267     2e-30  104.2   0.0   1   1   3.4e-33   2.5e-30  103.9   0.0    11   264    41   285    33   288 0.91 GCA_003023565.1
NZ_SBIT01000009.1_43 -            370 PBP_like_2           PF12849.12   267   3.7e-25   86.9   3.1   1   1   7.4e-28   5.4e-25   86.4   0.3    34   264   120   336   113   339 0.82 GCF_004765785.1
JABMOR010000011.1_1  -            272 PBP_like_2           PF12849.12   267     1e-16   59.2   0.9   1   1   1.4e-19     1e-16   59.2   0.9   119   265     1   187     1   188 0.81 GCA_013203245.1
DRGT01000043.1_22     -            273 PCMT                 PF01135.24   210   3.3e-09   34.6   0.1   1   1   6.8e-12   6.3e-09   33.6   0.1    45   127    68   151    35   185 0.87 GCA_011055585.1
JALDAN010000014.1_14  -            202 PCMT                 PF01135.24   210   2.6e-06   25.1   0.0   1   1   3.9e-09   3.6e-06   24.6   0.0    50   132    20   101     7   113 0.81 GCA_022729355.1
JAHFTO010000009.1_12  -            283 PCMT                 PF01135.24   210   6.7e-06   23.8   0.3   1   1   1.6e-08   1.5e-05   22.6   0.2    61   133    43   112    33   180 0.77 GCA_023269355.1
NZ_FTNO01000001.1_810 -            229 PCMT                 PF01135.24   210   8.3e-06   23.4   0.0   1   1   1.2e-08   1.1e-05   23.0   0.0    69   140    42   111    33   149 0.77 GCF_900156425.1
NZ_NHSQ01000159.1_23 -            723 PcrA_UvrD_tudor      PF21196.2     48   3.6e-08   30.9   0.1   1   1   1.8e-11   6.7e-08   30.1   0.1     2    44   675   717   674   720 0.95 GCF_016653465.1
NZ_JANHAU010000002.1_576 -            601 PD40                 PF07676.17    38   1.1e-05   23.0   5.0   1   1   2.3e-07   0.00042   18.0   0.1    14    38   108   133   102   133 0.93 GCF_024464185.1
NZ_JAKUHT010000013.1_59 -            681 PDDEXK_1             PF12705.12   247   1.5e-28   98.2   0.0   1   1   1.7e-31     3e-28   97.1   0.0     2   241   372   644   371   646 0.72 GCF_022436705.1
NZ_JAKUHT010000013.1_58 -           1081 PDDEXK_1             PF12705.12   247   4.2e-11   41.0   0.0   1   1   2.3e-14   4.2e-11   41.0   0.0    36   172   931  1059   916  1079 0.73 GCF_022436705.1
NZ_PHNJ01000002.1_528 -            138 PDDEXK_5             PF11645.13   138   7.1e-43  143.7   0.3   1   1   2.2e-46   8.2e-43  143.5   0.3     2   137     3   132     2   133 0.97 GCF_008122205.1
JADJWG010000002.1_759 -            364 PDH_C                PF20463.3    102   3.4e-12   44.3   0.0   1   1   1.5e-15   5.5e-12   43.7   0.0     2   101   234   336   233   337 0.93 GCA_016716475.1
JADJWG010000002.1_759 -            364 PDH_N                PF02153.22   154   9.3e-23   78.2   0.1   1   1   4.4e-26   1.6e-22   77.4   0.1    34   152   122   229   113   231 0.92 GCA_016716475.1
NZ_JAALLS010000018.1_18 -            383 PDT                  PF00800.23   181   9.3e-61  202.5   0.3   1   1   4.2e-64   1.5e-60  201.8   0.3     1   179   105   285   105   287 0.97 GCF_011059105.1
NZ_JALLGW010000001.1_1668 -            583 PDZ                  PF00595.29    81   1.9e-08   32.4   0.0   1   1   3.1e-11   1.1e-07   29.9   0.0    22    76   210   264   200   267 0.83 GCF_023074835.1
NZ_JALLGW010000001.1_1668 -            583 PDZ_2                PF13180.11    80   7.3e-13   46.4   0.0   1   1     1e-11   3.8e-08   31.3   0.0    13    74   214   275   198   281 0.90 GCF_023074835.1
NZ_JALLGW010000001.1_1668 -            583 PDZ_6                PF17820.6     54   1.5e-12   44.8   3.2   1   1   2.8e-13     1e-09   35.8   1.6     3    43   218   258   217   266 0.90 GCF_023074835.1
NZ_QPII01000020.1_37 -            148 PEMT                 PF04191.18   105   1.2e-14   52.4   0.3   1   1   3.3e-18   1.2e-14   52.4   0.3     4   104    37   135    34   136 0.91 GCF_003336675.1
NZ_MU078716.1_68     -             78 Penicillinase_R      PF03965.21   115   3.6e-07   28.3   0.0   1   1   1.2e-10   4.4e-07   28.0   0.0     3    60    14    68    12    77 0.92 GCF_014078545.1
CAJQSE010000004.1_3  -            707 Pentapeptide         PF00805.27    40   1.6e-42  140.4  48.8   1   7   9.3e-11   1.7e-07   28.5   0.9     2    40   390   428   389   428 0.95 GCA_905612485.1
CAJQSE010000004.1_3  -            707 Pentapeptide         PF00805.27    40   1.6e-42  140.4  48.8   2   7   7.1e-12   1.3e-08   32.0   1.6     1    40   424   463   424   463 0.98 GCA_905612485.1
CAJQSE010000004.1_3  -            707 Pentapeptide         PF00805.27    40   1.6e-42  140.4  48.8   3   7   1.3e-06    0.0025   15.2   4.0     1    38   479   516   478   517 0.94 GCA_905612485.1
CAJQSE010000004.1_3  -            707 Pentapeptide         PF00805.27    40   1.6e-42  140.4  48.8   4   7     1e-07   0.00019   18.7   0.3    12    40   520   548   518   548 0.91 GCA_905612485.1
CAJQSE010000004.1_3  -            707 Pentapeptide         PF00805.27    40   1.6e-42  140.4  48.8   5   7   2.7e-08   4.9e-05   20.6   0.1     4    30   552   578   550   578 0.94 GCA_905612485.1
CAJQSE010000004.1_3  -            707 Pentapeptide         PF00805.27    40   1.6e-42  140.4  48.8   6   7   1.4e-11   2.6e-08   31.1   1.5     1    40   631   670   631   670 0.98 GCA_905612485.1
CAJQSE010000004.1_3  -            707 Pentapeptide         PF00805.27    40   1.6e-42  140.4  48.8   7   7   7.3e-11   1.3e-07   28.8   0.9     1    33   666   698   666   699 0.92 GCA_905612485.1
OMIR01000017.1_21    -            294 Pentapeptide         PF00805.27    40   1.5e-41  137.3  19.8   1   6   7.9e-14   1.5e-10   38.3   1.5    10    40    77   107    76   107 0.95 GCA_900299125.1
OMIR01000017.1_21    -            294 Pentapeptide         PF00805.27    40   1.5e-41  137.3  19.8   2   6   2.9e-12   5.3e-09   33.3   0.0     2    40   109   147   109   147 0.99 GCA_900299125.1
OMIR01000017.1_21    -            294 Pentapeptide         PF00805.27    40   1.5e-41  137.3  19.8   3   6   6.6e-07    0.0012   16.1   0.3     5    23   152   170   148   171 0.67 GCA_900299125.1
OMIR01000017.1_21    -            294 Pentapeptide         PF00805.27    40   1.5e-41  137.3  19.8   4   6   6.7e-08   0.00012   19.3   0.7    12    33   173   194   173   195 0.68 GCA_900299125.1
OMIR01000017.1_21    -            294 Pentapeptide         PF00805.27    40   1.5e-41  137.3  19.8   5   6   1.4e-10   2.6e-07   27.9   0.1     3    38   199   234   198   234 0.98 GCA_900299125.1
OMIR01000017.1_21    -            294 Pentapeptide         PF00805.27    40   1.5e-41  137.3  19.8   6   6   3.4e-10   6.2e-07   26.7   0.0     3    38   214   249   213   251 0.91 GCA_900299125.1
CAJQSE010000004.1_3  -            707 Pentapeptide_3       PF13576.11    48   7.6e-22   75.1  35.2   1   1   1.8e-11   3.4e-08   31.4   1.3     1    47   411   454   411   455 0.97 GCA_905612485.1
CAJQSE010000004.1_3  -            707 Pentapeptide_4       PF13599.11    78   7.1e-38  126.6  27.1   1   4     3e-10   5.5e-07   27.6   1.0    26    78   369   421   367   421 0.67 GCA_905612485.1
CAJQSE010000004.1_3  -            707 Pentapeptide_4       PF13599.11    78   7.1e-38  126.6  27.1   2   4     9e-15   1.7e-11   42.1   4.8     3    78   416   491   415   491 0.96 GCA_905612485.1
CAJQSE010000004.1_3  -            707 Pentapeptide_4       PF13599.11    78   7.1e-38  126.6  27.1   3   4   1.7e-11   3.1e-08   31.6   5.8     3    78   471   546   470   546 0.93 GCA_905612485.1
CAJQSE010000004.1_3  -            707 Pentapeptide_4       PF13599.11    78   7.1e-38  126.6  27.1   4   4   2.5e-11   4.6e-08   31.1   0.1     9    76   629   691   625   700 0.46 GCA_905612485.1
OMIR01000017.1_21    -            294 Pentapeptide_4       PF13599.11    78   4.3e-23   79.2   0.4   1   1   1.1e-10     2e-07   29.0   0.3    11    63   118   170   116   171 0.96 GCA_900299125.1
JADJWG010000004.1_332 -            248 PEP-CTERM            PF07589.16    24   1.1e-05   23.1   1.8   1   1     3e-09   1.1e-05   23.1   1.8     2    24   229   248   228   248 0.89 GCA_016716475.1
NZ_JAALLS010000001.1_96 -            808 PEP-utilizers        PF00391.28    72   7.5e-28   93.7   0.2   1   1   2.6e-30   1.9e-27   92.4   0.2     1    72   395   466   395   466 0.97 GCF_011059105.1
VHBK01000002.1_96       -            540 PEP-utilizers        PF00391.28    72   2.3e-25   85.8   2.3   1   1   4.5e-28   3.3e-25   85.3   0.6     4    72   423   503   421   503 0.98 GCA_016872015.1
JAHRAJ010000002.1_16    -           1016 PEP-utilizers        PF00391.28    72   1.6e-24   83.1   0.4   1   1   2.2e-27   1.6e-24   83.1   0.4     4    72   427   512   425   512 0.98 GCA_020027365.1
NZ_LIGX01000023.1_77    -            776 PEP-utilizers        PF00391.28    72   1.4e-20   70.4   1.6   1   1   1.7e-22   1.2e-19   67.4   0.5     3    72   445   526   444   526 0.95 GCF_001683795.1
JAKBAE010000098.1_7     -            590 PEP-utilizers        PF00391.28    72   7.4e-08   29.7   0.1   1   1   3.1e-10   2.3e-07   28.1   0.1     5    72   508   579   505   579 0.87 GCA_021809325.1
JAHRAJ010000002.1_16    -           1016 PEP-utilizers_C      PF02896.23   293   8.6e-75  249.3   0.1   1   1   2.1e-77   1.3e-74  248.7   0.1     6   291   529   887   525   889 0.94 GCA_020027365.1
SCUP01000321.1_1        -            458 PEP-utilizers_C      PF02896.23   293   9.7e-75  249.2   0.6   1   1   2.1e-77   1.3e-74  248.7   0.6     5   291    57   414    54   416 0.95 GCA_004297665.1
NZ_JAALLS010000001.1_96 -            808 PEP-utilizers_C      PF02896.23   293   2.4e-61  205.2   0.0   1   1   6.1e-64   3.7e-61  204.6   0.0    17   289   490   798   475   802 0.90 GCF_011059105.1
JAANXC010000086.1_10    -            236 PEP-utilizers_C      PF02896.23   293   2.4e-52  175.7   0.1   1   1   4.5e-55   2.8e-52  175.5   0.1    92   290     3   223     1   226 0.93 GCA_018263495.1
NZ_LIGX01000023.1_77    -            776 PEP-utilizers_C      PF02896.23   293     6e-40  135.0   0.3   1   1   1.5e-42     9e-40  134.4   0.3     5   169   558   772   554   776 0.95 GCF_001683795.1
JADKAQ010000044.1_4     -            135 PEP-utilizers_C      PF02896.23   293   2.4e-32  110.0   0.0   1   1   4.3e-35   2.6e-32  109.9   0.0   177   291     2   131     1   133 0.95 GCA_016719105.1
JADJWG010000002.1_1190 -            208 Peptidase_C15        PF01470.22   204   1.4e-52  176.4   0.0   1   1   4.3e-56   1.6e-52  176.3   0.0     2   201     7   204     6   207 0.97 GCA_016716475.1
NZ_CP100355.1_2572    -            230 Peptidase_C26        PF07722.18   219   5.2e-11   40.5   0.3   1   1   1.5e-12   9.2e-10   36.4   0.3    98   219    73   178    41   178 0.78 GCF_024204665.1
NZ_CP072036.1_807     -            507 Peptidase_C26        PF07722.18   219   1.3e-10   39.2   1.1   1   1   3.2e-12     2e-09   35.3   1.1   104   219    73   169    67   169 0.83 GCF_018847375.1
JALDAN010000027.1_7   -            521 Peptidase_C26        PF07722.18   219   9.3e-10   36.4   0.1   1   1   2.4e-11   1.5e-08   32.4   0.0    98   219   362   501   356   501 0.75 GCA_022729355.1
NZ_CP017922.1_2405    -            229 Peptidase_C26        PF07722.18   219     2e-08   32.0   0.4   1   1   1.6e-10   9.9e-08   29.7   0.4    94   217    72   176    58   178 0.70 GCF_001870125.1
LKNH01000091.1_6      -            239 Peptidase_C26        PF07722.18   219   2.5e-08   31.7   0.1   1   1   5.2e-10   3.2e-07   28.1   0.1   100   219    74   172    69   172 0.81 GCA_001564135.1
NZ_BBMP01000023.1_106 -            225 Peptidase_C39_2      PF13529.11   143   1.8e-32  110.6   0.0   1   1   6.1e-36   2.2e-32  110.3   0.0     1   142    24   174    24   175 0.94 GCF_000755245.1
JABDOO010000009.1_8  -            452 Peptidase_M1         PF01433.25   218   6.9e-91  301.4   1.0   1   1   1.1e-93   9.9e-91  300.9   1.0     1   218   217   434   217   434 0.99 GCA_013043295.1
UYNY01000031.1_96    -            822 Peptidase_M1         PF01433.25   218   2.1e-84  280.3   0.0   1   1     3e-87   2.8e-84  279.9   0.0     1   218   218   435   218   435 0.99 GCA_900620265.1
CP060262.1_2238      -            894 Peptidase_M1         PF01433.25   218   1.6e-46  156.4   2.8   1   1   3.2e-49   2.9e-46  155.5   2.8     5   218   287   492   284   492 0.87 GCA_022646745.1
CACLNC010000019.1_22 -            268 Peptidase_M1         PF01433.25   218   8.3e-14   49.4   0.1   1   1   1.4e-16   1.3e-13   48.8   0.1     2    44   222   264   221   268 0.93 GCA_902608175.1
CP046181.1_1210      -            223 Peptidase_M10        PF00413.29   159   1.7e-28   97.3   0.1   1   1   3.5e-31   2.2e-28   96.9   0.1     1   159    29   198    29   198 0.91 GCA_014075315.1
NC_018655.1_1242     -            251 Peptidase_M10        PF00413.29   159   1.3e-11   42.4   0.1   1   1   3.7e-14   2.3e-11   41.6   0.0   103   158   187   239   134   240 0.81 GCF_000299365.1
NZ_CP026994.1_365    -            324 Peptidase_M10        PF00413.29   159   1.2e-10   39.2   0.0   1   1   5.6e-13   3.4e-10   37.8   0.0    92   158    78   213    44   214 0.71 GCF_013407165.1
VHBK01000024.1_12    -            372 Peptidase_M10        PF00413.29   159     2e-09   35.3   0.5   1   1   1.3e-11   8.2e-09   33.3   0.5    28   136   264   362   230   369 0.75 GCA_016872015.1
SCVO01000006.1_19    -            463 Peptidase_M10        PF00413.29   159   3.8e-09   34.4   0.1   1   1   1.2e-11   7.2e-09   33.5   0.1    88   158   345   451   328   452 0.80 GCA_004322465.1
CABXQD010000010.1_29 -            470 Peptidase_M10        PF00413.29   159   1.2e-08   32.8   2.5   1   1   2.3e-11   1.4e-08   32.5   0.3    27   137   353   461   328   468 0.57 GCA_902514275.1
JABDOO010000009.1_8   -            452 Peptidase_M1_N       PF17900.6    186   4.1e-55  184.5   4.6   1   1   1.1e-57     6e-55  184.0   4.6     2   186     5   183     4   183 0.93 GCA_013043295.1
CACLNC010000019.1_22  -            268 Peptidase_M1_N       PF17900.6    186   6.2e-53  177.4   1.2   1   1   1.9e-55   9.9e-53  176.7   1.2     4   186    10   187     7   187 0.92 GCA_902608175.1
UYNY01000031.1_96     -            822 Peptidase_M1_N       PF17900.6    186   1.9e-47  159.5   0.0   1   1   8.9e-50   4.7e-47  158.2   0.0     2   186     5   183     4   183 0.92 GCA_900620265.1
SCVO01000120.1_1      -            121 Peptidase_M1_N       PF17900.6    186   2.8e-26   90.5   0.6   1   1   5.8e-29   3.1e-26   90.4   0.6     2   122     5   121     4   121 0.89 GCA_004322465.1
CP060262.1_2238       -            894 Peptidase_M1_N       PF17900.6    186   2.3e-21   74.5   0.0   1   1   8.4e-24   4.4e-21   73.6   0.0     2   186    60   248    59   248 0.82 GCA_022646745.1
NZ_AEXL02000090.1_187 -             85 Peptidase_M1_N       PF17900.6    186   1.9e-12   45.4   0.1   1   1   4.2e-15   2.2e-12   45.2   0.1     2    77     5    77     4    82 0.77 GCF_000242875.2
JAGQHF010000208.1_3   -             51 Peptidase_M1_N       PF17900.6    186     1e-10   39.8   0.0   1   1     2e-13   1.1e-10   39.7   0.0     2    47     5    50     4    51 0.95 GCA_020431985.1
JADJWG010000001.1_1355   -            453 Peptidase_M20        PF01546.33   206   8.9e-29   98.6   0.0   1   1   2.1e-31   1.1e-28   98.3   0.0     1   203    81   447    81   450 0.90 GCA_016716475.1
NZ_JANHAU010000006.1_205 -            395 Peptidase_M20        PF01546.33   206   9.1e-29   98.6   1.6   1   1   3.9e-31   2.1e-28   97.4   1.6     1   204    76   385    76   387 0.89 GCF_024464185.1
JAHENP010000073.1_16     -            436 Peptidase_M20        PF01546.33   206   1.1e-28   98.3   6.6   1   1   2.9e-31   1.5e-28   97.8   6.6     2   205   115   426   114   427 0.89 GCA_018609965.1
NZ_SDIC01000008.1_297    -            409 Peptidase_M20        PF01546.33   206   8.1e-19   66.1   0.0   1   1   3.3e-21   1.8e-18   65.0   0.0     1   204    80   408    80   409 0.93 GCF_004116405.1
JAFGCY010000084.1_22     -            534 Peptidase_M20        PF01546.33   206   2.2e-12   45.1   0.0   1   1   1.4e-14   7.1e-12   43.4   0.0    23   164   125   459    82   470 0.77 GCA_016932385.1
NZ_KB913019.1_31         -            372 Peptidase_M20        PF01546.33   206     3e-11   41.4   0.4   1   1     9e-14   4.7e-11   40.7   0.4    10   205   165   359   158   360 0.72 GCF_000383975.1
NZ_JAKUHT010000022.1_24  -            454 Peptidase_M20        PF01546.33   206   5.9e-09   33.9   0.4   1   1   1.8e-11   9.4e-09   33.2   0.4     6   177   131   391   126   419 0.78 GCF_022436705.1
NZ_SDIC01000004.1_217 -            245 Peptidase_M23        PF01551.27    96   7.8e-31  103.9   1.4   1   1   4.2e-34   7.8e-31  103.9   1.4     2    92   127   218   126   222 0.95 GCF_004116405.1
JAATVR010000362.1_2   -            137 Peptidase_M23        PF01551.27    96   2.4e-21   73.5   0.1   1   1   1.9e-24   3.6e-21   73.0   0.1     4    87    36   131    33   135 0.93 GCA_014523665.1
NZ_CP085302.1_87         -            370 Peptidase_M24        PF00557.29   208   1.2e-61  205.8   1.5   1   1   2.4e-64   1.8e-61  205.3   1.5     1   208   152   354   152   354 0.97 GCF_020700235.1
CAJWBY010000020.1_2      -            255 Peptidase_M24        PF00557.29   208     2e-54  182.3   0.7   1   1   3.1e-57   2.3e-54  182.1   0.7     2   208    13   241    12   241 0.91 GCA_913020705.1
NZ_CP099998.1_79         -            395 Peptidase_M24        PF00557.29   208   8.4e-39  131.2   0.1   1   1   1.4e-41   1.1e-38  130.9   0.1     2   207   162   376   161   377 0.91 GCF_024138145.1
JAKCFJ010000003.1_667    -            392 Peptidase_M24        PF00557.29   208   1.8e-36  123.6   0.0   1   1   3.3e-39   2.4e-36  123.2   0.0     2   208   168   376   167   376 0.90 GCA_025041175.1
NZ_JAJCVI010000004.1_383 -            358 Peptidase_M24        PF00557.29   208     1e-07   29.7   0.7   1   1   1.9e-10   1.4e-07   29.2   0.7     3   146   128   269   126   323 0.77 GCF_020567525.1
QNGA01000001.1_501    -            444 Peptidase_M28        PF04389.22   193   8.7e-36  121.2   0.9   1   1   9.4e-39   1.2e-35  120.8   0.9     1   191   214   401   214   403 0.89 GCA_003298465.1
NZ_SDIC01000008.1_297 -            409 Peptidase_M28        PF04389.22   193   1.8e-08   32.0   0.1   1   1   5.1e-10   6.3e-07   27.0   0.1     3    69    68   137    66   168 0.84 GCF_004116405.1
NZ_SBIT01000010.1_261 -            363 Peptidase_M29        PF02073.20   406   5.8e-57  191.0   0.0   1   1   1.9e-60   7.2e-57  190.7   0.0     2   386     2   338     1   356 0.90 GCF_004765785.1
JAHFTO010000030.1_15     -            600 Peptidase_M3         PF01432.25   457     3e-24   83.9   0.2   1   1     5e-26   9.2e-23   79.0   0.0     2   456   200   585   199   586 0.85 GCA_023269355.1
NZ_JALLGW010000001.1_713 -            584 Peptidase_M3         PF01432.25   457   1.3e-18   65.4   0.0   1   1   1.1e-20   2.1e-17   61.3   0.0     2   444   204   564   203   573 0.77 GCF_023074835.1
JADJWG010000004.1_15 -            498 Peptidase_M32        PF02074.20   489  1.8e-184  611.7   0.0   1   1  5.6e-188  2.1e-184  611.5   0.0     4   489    11   492     8   492 0.98 GCA_016716475.1
JAHFTO010000030.1_15     -            600 Peptidase_M3_N       PF08439.15    70   1.5e-11   42.2   0.0   1   1   2.5e-14   4.5e-11   40.6   0.0     2    70   113   180   112   180 0.98 GCA_023269355.1
NZ_JALLGW010000001.1_713 -            584 Peptidase_M3_N       PF08439.15    70   3.6e-08   31.3   0.2   1   1     8e-11   1.5e-07   29.3   0.1     5    68   118   181   115   182 0.95 GCF_023074835.1
NZ_KB913019.1_31     -            372 Peptidase_M42        PF05343.19   292   9.3e-74  245.8   0.0   1   1   3.2e-77   1.2e-73  245.5   0.0     9   291    68   352    62   353 0.95 GCF_000383975.1
JAHFTO010000033.1_23    -            354 Peptidase_M48        PF01435.23   186   1.9e-38  129.9   0.0   1   1   5.7e-41     3e-38  129.3   0.0     2   181   131   334   130   338 0.94 GCA_023269355.1
NZ_CP095482.1_399       -            263 Peptidase_M48        PF01435.23   186   6.9e-36  121.6   0.0   1   1   1.6e-38   8.2e-36  121.3   0.0     3   184    62   262    60   263 0.90 GCF_023028225.1
NZ_JAJCVI010000003.1_31 -            442 Peptidase_M48        PF01435.23   186   2.8e-35  119.6   0.0   1   1   8.5e-38   4.5e-35  118.9   0.0     3   184   215   421   213   423 0.96 GCF_020567525.1
NZ_JANHDP010000007.1_13 -            393 Peptidase_M48        PF01435.23   186     2e-28   97.2   0.0   1   1   6.1e-31   3.2e-28   96.6   0.0     2   185   100   388    99   389 0.90 GCF_024494695.1
JAKCFM010000001.1_2755  -            325 Peptidase_M48        PF01435.23   186   3.7e-22   76.8   0.0   1   1   1.3e-24   6.7e-22   75.9   0.0    10   185   100   319    92   320 0.84 GCA_025041195.1
NZ_AOJN01000004.1_19    -            313 Peptidase_M48        PF01435.23   186   2.6e-17   61.0   0.0   1   1   9.8e-20   5.1e-17   60.0   0.0     7   184   104   308    98   310 0.82 GCF_000337335.1
JAHENP010000357.1_2     -            220 Peptidase_M48        PF01435.23   186   2.3e-16   57.9   0.1   1   1   6.2e-19   3.3e-16   57.4   0.1    14   184    53   216    41   218 0.80 GCA_018609965.1
NZ_JAJCVI010000003.1_31 -            442 Peptidase_M48_N      PF16491.10   179   2.5e-35  119.7   0.6   1   1   1.4e-38   2.5e-35  119.7   0.6    21   178    47   209    34   210 0.95 GCF_020567525.1
JAHFTO010000033.1_23    -            354 Peptidase_M48_N      PF16491.10   179   8.8e-17   59.3  13.6   1   1   4.8e-20   8.8e-17   59.3  13.6    53   179     2   127     1   127 0.97 GCA_023269355.1
NZ_JAJCVJ010000002.1_122  -            393 Peptidase_M50        PF02163.27   221   5.9e-25   85.7   6.9   1   2     1e-15   1.3e-12   45.3   1.1     3   103    67   141    65   148 0.92 GCF_020567425.1
NZ_JAJCVJ010000002.1_122  -            393 Peptidase_M50        PF02163.27   221   5.9e-25   85.7   6.9   2   2   5.3e-15   6.5e-12   43.0   0.2   159   221   147   206   142   206 0.90 GCF_020567425.1
NZ_JALLGW010000001.1_1668 -            583 Peptidase_M50        PF02163.27   221   4.9e-23   79.4   3.3   1   2   2.1e-14   2.6e-11   41.0   0.0     2   106   121   305   120   390 0.72 GCF_023074835.1
NZ_JALLGW010000001.1_1668 -            583 Peptidase_M50        PF02163.27   221   4.9e-23   79.4   3.3   2   2     2e-13   2.5e-10   37.8   0.2   160   218   511   569   500   572 0.84 GCF_023074835.1
NZ_CP095482.1_1603        -            371 Peptidase_M50        PF02163.27   221   9.6e-22   75.1   3.5   1   1   1.2e-24   1.5e-21   74.5   3.5     2   195   124   286   123   308 0.85 GCF_023028225.1
CAJWBY010000005.1_47 -            226 Peptidase_M50B       PF13398.11   201   1.1e-39  134.0  19.9   1   1   3.7e-43   1.4e-39  133.7  19.9     4   199    18   211    15   213 0.90 GCA_913020705.1
NZ_BBMP01000023.1_99 -            281 Peptidase_M55        PF04951.18   264   4.3e-92  306.0   0.5   1   1   1.4e-95   5.2e-92  305.7   0.5     1   260     1   263     1   266 0.99 GCF_000755245.1
VHBK01000024.1_12    -            372 Peptidase_M57        PF12388.13   212   2.3e-05   22.0   0.1   1   1     1e-08   3.7e-05   21.3   0.1    88   153   286   354   227   359 0.66 GCA_016872015.1
JAHEFU010000129.1_4  -            270 Peptidase_S11        PF00768.25   239     1e-38  130.9   0.0   1   1   2.5e-41   9.1e-38  127.8   0.0     8   235    29   240    21   244 0.83 GCA_024645305.1
NZ_JAJFAY010000005.1_11  -            580 Peptidase_S15        PF02129.23   262   1.2e-57  193.3   0.8   1   1   8.5e-61   1.6e-57  193.0   0.8     1   260    16   289    16   291 0.93 GCF_021083305.1
NZ_JANHAU010000002.1_576 -            601 Peptidase_S15        PF02129.23   262   1.4e-12   45.6   0.0   1   1   2.2e-11     4e-08   31.0   0.2     9   134   365   495   357   507 0.79 GCF_024464185.1
CAJWBY010000006.1_30 -            137 Peptidase_S24        PF00717.28   116   1.6e-20   70.7   0.0   1   1   5.1e-24   1.9e-20   70.5   0.0     9   115    14   119     3   120 0.90 GCA_913020705.1
NZ_JALXFV010000011.1_6 -            327 Peptidase_S26        PF10502.14   168   4.7e-07   27.7   0.0   1   1   3.5e-10   1.3e-06   26.2   0.0     7    67     6    61     2   110 0.84 GCF_023699475.1
JAHEFU010000104.1_4  -            203 Peptidase_S51        PF03575.22   206   8.9e-07   26.5   0.0   1   1   3.6e-10   1.3e-06   25.9   0.0    75   155    36   105     3   126 0.76 GCA_024645305.1
NZ_LWHG01000021.1_388 -            356 Peptidase_S66        PF02016.20   121   1.7e-26   90.5   0.0   1   1   7.1e-30   2.6e-26   89.9   0.0     1   121    16   135    16   135 0.93 GCF_001625445.1
NZ_LWHG01000021.1_388 -            356 Peptidase_S66C       PF17676.6    120   1.5e-20   71.7   0.0   1   1     8e-24   2.9e-20   70.8   0.0     1   120   214   345   214   345 0.80 GCF_001625445.1
JAHFUX010000005.1_24     -            596 Peptidase_S8         PF00082.27   288   8.3e-61  203.5  12.1   1   1   2.3e-63   1.2e-60  203.0  12.1     1   288   152   404   152   404 0.90 GCA_023264875.1
NZ_CP100000.1_3361       -            444 Peptidase_S8         PF00082.27   288   2.4e-52  175.8   0.4   1   1   8.1e-55   4.3e-52  175.0   0.4     1   288   134   402   134   402 0.87 GCF_024138165.1
NZ_CP017922.1_611        -            768 Peptidase_S8         PF00082.27   288   2.5e-46  156.0   1.6   1   1   7.1e-49   3.7e-46  155.4   1.6     1   288   283   605   283   605 0.83 GCF_001870125.1
NZ_AOLG01000009.1_559    -            452 Peptidase_S8         PF00082.27   288   1.5e-40  137.0   9.5   1   1   4.1e-43   2.2e-40  136.5   9.5     1   288   136   442   136   442 0.83 GCF_000336815.1
NZ_BGKI01000001.1_286    -            810 Peptidase_S8         PF00082.27   288   5.3e-30  102.4   6.7   1   2   3.3e-14   1.7e-11   41.7   1.3     1   155   425   557   425   598 0.80 GCF_003175215.1
NZ_BGKI01000001.1_286    -            810 Peptidase_S8         PF00082.27   288   5.3e-30  102.4   6.7   2   2   1.1e-20   5.8e-18   62.9   0.4   160   288   689   801   632   801 0.87 GCF_003175215.1
NZ_JAJCVI010000003.1_340 -            489 Peptidase_S8         PF00082.27   288   4.4e-21   73.2   9.7   1   2   1.1e-08     6e-06   23.5   1.1    52   167   106   201    66   216 0.69 GCF_020567525.1
NZ_JAJCVI010000003.1_340 -            489 Peptidase_S8         PF00082.27   288   4.4e-21   73.2   9.7   2   2   6.2e-18   3.3e-15   53.9   2.0   145   288   294   414   272   414 0.94 GCF_020567525.1
NZ_CP012850.1_270        -            244 Peptidase_S8         PF00082.27   288     5e-10   36.9   0.0   1   1   1.3e-12   6.9e-10   36.4   0.0   225   288    12    86     3    86 0.84 GCF_000802205.1
NZ_CP099546.1_1911       -            708 Peptidase_S9         PF00326.26   213   4.9e-49  164.4   0.1   1   1   7.1e-52   6.6e-49  164.0   0.1     3   211   478   684   476   686 0.96 GCF_023973145.1
NZ_JANHAU010000002.1_576 -            601 Peptidase_S9         PF00326.26   213   5.7e-45  151.1   0.0   1   1   1.3e-47   1.2e-44  150.1   0.0     2   209   394   600   393   601 0.95 GCF_024464185.1
NZ_QURE01000033.1_2      -            435 Peptidase_S9         PF00326.26   213   4.8e-14   50.1   0.0   1   1   4.7e-10   4.3e-07   27.4   0.0   129   211   316   407   304   409 0.85 GCF_009898475.1
NZ_JAJFAY010000005.1_11 -            580 PepX_C               PF08530.15   217   2.1e-49  166.1   0.0   1   1   7.3e-53   2.7e-49  165.8   0.0     2   216   333   573   332   574 0.96 GCF_021083305.1
NZ_MWLL01000103.1_36 -            356 Peripla_BP_1         PF00532.26   281     7e-18   62.8   0.0   1   1   2.4e-21   8.9e-18   62.5   0.0     3   261    59   313    57   323 0.84 GCF_002198675.1
NZ_RKLT01000003.1_24 -            322 Peripla_BP_2         PF01497.23   235   9.3e-26   88.4   0.1   1   1   1.9e-28   1.4e-25   87.8   0.1     1   232    22   278    22   280 0.91 GCF_019599505.1
JAHEFU010000233.1_2  -            315 Peripla_BP_2         PF01497.23   235   9.3e-25   85.1   0.0   1   1   1.5e-27   1.1e-24   84.9   0.0     1   233    41   277    41   279 0.95 GCA_024645305.1
NZ_CP085335.1_1093   -            363 Peripla_BP_2         PF01497.23   235   4.6e-23   79.6   0.1   1   1     1e-25   7.7e-23   78.9   0.1     1   222    67   273    67   286 0.88 GCF_020618475.1
JAJRWR010000006.1_1  -            185 Peripla_BP_2         PF01497.23   235   8.7e-18   62.3   0.0   1   1   1.5e-20   1.1e-17   61.9   0.0    94   233     3   140     2   142 0.96 GCA_024276695.1
NZ_CP019067.1_3494   -            371 Peripla_BP_2         PF01497.23   235   2.1e-16   57.8   0.0   1   1   4.7e-19   3.4e-16   57.1   0.0    92   230   167   328    97   331 0.82 GCF_001989615.1
NZ_MWLL01000103.1_36 -            356 Peripla_BP_3         PF13377.11   167   3.1e-31  106.5   1.0   1   1   8.3e-35   3.1e-31  106.5   1.0     1   167   171   335   171   335 0.81 GCF_002198675.1
NZ_CP100446.1_536    -            454 Peripla_BP_5         PF13433.11   363   8.3e-22   75.5   0.0   1   1     9e-25   1.6e-21   74.5   0.0     9   337    76   420    68   449 0.82 GCF_024227435.1
NZ_CP100446.1_536    -            454 Peripla_BP_6         PF13458.11   343   3.2e-49  166.2   0.0   1   1   4.4e-52   4.1e-49  165.8   0.0     2   332    68   413    67   417 0.85 GCF_024227435.1
VYCS01000039.1_60    -            931 Peripla_BP_6         PF13458.11   343   9.1e-48  161.4  10.3   1   2     5e-28   4.6e-25   86.7   1.2     1   325   146   506   146   523 0.87 GCA_009843815.1
VYCS01000039.1_60    -            931 Peripla_BP_6         PF13458.11   343   9.1e-48  161.4  10.3   2   2   3.4e-25   3.1e-22   77.4   2.3     1   342   546   898   546   899 0.85 GCA_009843815.1
NZ_QPII01000009.1_95 -            401 Peripla_BP_6         PF13458.11   343   7.2e-41  138.7  10.5   1   1   7.8e-44   7.2e-41  138.7  10.5     1   312    24   337    24   351 0.90 GCF_003336675.1
CP094974.1_1343      -            437 Peripla_BP_6         PF13458.11   343   2.8e-31  107.2   8.6   1   1     1e-30   9.4e-28   95.6   5.2    33   312    36   315    33   363 0.90 GCA_022869805.1
JAKCFM010000002.1_680 -            712 peroxidase           PF00141.28   237   1.4e-72  242.1   0.4   1   2   4.3e-46   1.6e-42  143.7   0.0    11   237    56   372    46   372 0.87 GCA_025041195.1
JAKCFM010000002.1_680 -            712 peroxidase           PF00141.28   237   1.4e-72  242.1   0.4   2   2   3.8e-30   1.4e-26   91.5   4.4     3   237   379   686   377   686 0.84 GCA_025041195.1
NZ_JALLGW010000002.1_147 -            321 PfkB                 PF00294.29   302   1.1e-49  167.1   3.4   1   1   2.2e-52   1.4e-49  166.8   3.4     3   297     7   301     5   306 0.89 GCF_023074835.1
JAHEFU010000137.1_3      -            330 PfkB                 PF00294.29   302   7.1e-42  141.5   0.3   1   1   1.5e-44   9.4e-42  141.1   0.3     6   297    21   315    19   319 0.87 GCA_024645305.1
NZ_AOJI01000002.1_151    -            342 PfkB                 PF00294.29   302     9e-41  137.9  13.0   1   1   8.7e-39   5.3e-36  122.2   1.0     4   284     6   287     3   288 0.88 GCF_000336995.1
NZ_JAKUHT010000012.1_98  -            283 PfkB                 PF00294.29   302   1.7e-30  104.1   6.5   1   1   3.9e-33   2.4e-30  103.6   6.5    29   295    29   283     4   283 0.86 GCF_022436705.1
OMIR01000044.1_26        -            289 PfkB                 PF00294.29   302   2.8e-11   41.0   0.0   1   1   3.4e-12   2.1e-09   34.9   0.0    22   297    11   264     1   270 0.76 GCA_900299125.1
NZ_AOJH01000006.1_137 -            300 PFO_beta_C           PF12367.13    66   5.7e-19   65.7   0.6   1   1     4e-22   1.5e-18   64.4   0.6     1    60   215   274   215   278 0.97 GCF_000337355.1
NZ_CP095757.1_3553   -            580 PGF-CTERM            PF18204.6     23   6.6e-06   23.7   7.0   1   1   6.1e-09   1.1e-05   23.0   7.0     2    23   559   580   558   580 0.97 GCF_023093535.1
NZ_CP085335.1_1093   -            363 PGF-CTERM            PF18204.6     23   0.00023   18.8   2.3   1   1   1.2e-07   0.00023   18.8   2.3     1    22   341   362   341   363 0.96 GCF_020618475.1
JADJWG010000001.1_638 -            470 PGI                  PF00342.24   486   4.4e-37  125.6   0.0   1   1   4.7e-40   1.7e-36  123.6   0.0    95   464    77   444    61   462 0.80 GCA_016716475.1
JAKBAE010000018.1_4  -            394 PGK                  PF00162.24   379  5.3e-137  454.6   0.0   1   1  1.7e-140  6.2e-137  454.3   0.0     1   377     6   381     6   383 0.96 GCA_021809325.1
NZ_JAJCVJ010000003.1_415 -            442 PGM_PMM_I            PF02878.21   138   4.5e-34  114.9   0.0   1   1   4.6e-37   8.4e-34  114.0   0.0     4   132     2   124     1   129 0.95 GCF_020567425.1
JAFEGL010000029.1_17     -            538 PGM_PMM_I            PF02878.21   138   1.2e-32  110.3   0.0   1   1   9.5e-35   1.8e-31  106.5   0.0     2   132    40   179    39   182 0.97 GCA_018239895.1
NZ_JAJCVJ010000003.1_415 -            442 PGM_PMM_II           PF02879.21   103   6.6e-23   79.0   0.2   1   1   7.3e-26   1.3e-22   78.0   0.2     3   103   149   245   147   245 0.91 GCF_020567425.1
JAFEGL010000029.1_17     -            538 PGM_PMM_II           PF02879.21   103   1.5e-10   39.3   0.0   1   1   3.8e-13     7e-10   37.2   0.0     1   101   201   305   201   307 0.81 GCA_018239895.1
JAFEGL010000029.1_17     -            538 PGM_PMM_III          PF02880.21   115   2.3e-30  102.9   0.0   1   1   1.9e-33   3.6e-30  102.2   0.0     2   115   312   431   311   431 0.96 GCA_018239895.1
NZ_JAJCVJ010000003.1_415 -            442 PGM_PMM_III          PF02880.21   115   9.2e-22   75.1   0.0   1   1   8.6e-25   1.6e-21   74.3   0.0     2   109   250   351   249   356 0.94 GCF_020567425.1
NZ_JAJCVJ010000003.1_415 -            442 PGM_PMM_IV           PF00408.25    68   3.3e-12   44.1   0.2   1   1   5.9e-15   1.1e-11   42.4   0.2    11    63   377   429   362   433 0.82 GCF_020567425.1
JAFEGL010000029.1_17     -            538 PGM_PMM_IV           PF00408.25    68   5.2e-07   27.4   0.0   1   1   6.8e-10   1.3e-06   26.2   0.0    12    62   466   523   438   529 0.81 GCA_018239895.1
NZ_JALJCL010000008.1_175 -            919 PG_binding_1         PF01471.23    57   2.3e-11   41.5   0.2   1   1   1.4e-14   5.2e-11   40.3   0.2     2    57     9    64     8    64 0.97 GCF_023698535.1
NZ_JAAOIR010000001.1_663 -            354 PG_binding_2         PF08823.16    74   1.8e-12   45.1   0.2   1   1     1e-15   3.8e-12   44.1   0.2     2    59   236   298   235   332 0.81 GCF_011440375.1
WHTU01000011.1_65    -            214 PH0730-like_N        PF22167.1     60     1e-08   33.0   1.6   1   1   7.5e-12   2.8e-08   31.6   1.6    15    59    40    84    27    85 0.88 GCA_009377575.1
NC_017944.1_408      -            566 PhaC_N               PF07167.18   173   1.8e-13   48.3   0.0   1   1   1.9e-16   3.5e-13   47.4   0.0   116   171    48   103    42   105 0.95 GCF_000306765.2
JAHEXS010000001.1_31 -            358 PhaC_N               PF07167.18   173   1.2e-10   39.2   0.1   1   1   1.3e-13   2.4e-10   38.2   0.1    80   165    10    90     4    97 0.80 GCA_023252015.1
NZ_QPII01000005.1_228 -             73 Phage_AlpA           PF05930.17    51   5.6e-19   65.6   0.1   1   1   1.8e-22   6.7e-19   65.3   0.1     2    51    12    67    11    67 0.98 GCF_003336675.1
NZ_JANJYH010000007.1_160 -            325 Phage_integrase      PF00589.27   172   2.1e-23   80.7   0.0   1   1     1e-25   3.2e-23   80.1   0.0     3   166   129   309   127   314 0.94 GCF_024609245.1
NZ_MWLL01000195.1_31     -            353 Phage_integrase      PF00589.27   172   1.9e-20   71.1   0.0   1   1   9.1e-23   2.8e-20   70.5   0.0    27   161   157   311   140   321 0.88 GCF_002198675.1
NZ_QPII01000005.1_243    -            409 Phage_integrase      PF00589.27   172   5.5e-18   63.1   0.0   1   1     4e-20   1.2e-17   61.9   0.0     6   166   217   376   213   379 0.89 GCF_003336675.1
NZ_CP100355.1_2108       -            347 Phage_integrase      PF00589.27   172     7e-18   62.7   0.0   1   1   6.7e-12   2.1e-09   35.2   0.0    53   167   205   328   195   332 0.84 GCF_024204665.1
AOLX01000026.1_182       -            424 Phage_integrase      PF00589.27   172   2.5e-14   51.2   0.0   1   1   1.6e-16   4.9e-14   50.2   0.0     7   169   166   323   160   325 0.87 GCA_000336895.1
NZ_CP010868.1_1201       -            274 Phage_integrase      PF00589.27   172     9e-11   39.6   0.0   1   1   4.9e-13   1.5e-10   38.9   0.0     4   157    40   205    37   214 0.85 GCF_000875775.1
JADFJY010000096.1_4      -            240 Phage_integrase      PF00589.27   172   1.2e-10   39.1   0.7   1   1   3.3e-12     1e-09   36.2   0.1     3   109   123   225   122   234 0.86 GCA_022565935.1
NZ_SBIT01000009.1_143    -            128 Phage_integrase      PF00589.27   172   9.2e-10   36.3   0.0   1   1   3.6e-12   1.1e-09   36.0   0.0    69   168     2   111     1   114 0.95 GCF_004765785.1
NZ_PHNJ01000008.1_81     -            763 Phage_integrase      PF00589.27   172   2.5e-09   34.9   0.0   1   1   4.2e-11   1.3e-08   32.6   0.0     2   166    19   183    18   187 0.85 GCF_008122205.1
NZ_JAJCVI010000003.1_468 -            407 Phage_integrase      PF00589.27   172   4.1e-09   34.2   0.1   1   1   3.4e-10   1.1e-07   29.6   0.1    43   170   197   365   162   367 0.85 GCF_020567525.1
JAATVR010000315.1_9      -            407 Phage_integrase      PF00589.27   172   1.5e-08   32.4   0.1   1   1   1.8e-10   5.6e-08   30.5   0.1     6   157   123   303   120   312 0.84 GCA_014523665.1
NZ_QPII01000005.1_243 -            409 Phage_int_M          PF22022.1     96   7.1e-31  104.1   0.7   1   1   3.7e-34   1.4e-30  103.2   0.7     1    96    99   194    99   194 0.99 GCF_003336675.1
NZ_CP100355.1_2108    -            347 Phage_int_SAM_1      PF02899.22    83   3.2e-07   28.3   0.0   1   1   7.5e-10   1.4e-06   26.3   0.0    13    79    29    93    13    97 0.90 GCF_024204665.1
NZ_SBIT01000009.1_142 -            204 Phage_int_SAM_1      PF02899.22    83   1.2e-06   26.5   0.0   1   1   1.8e-09   3.2e-06   25.1   0.0     4    80    19   100    16   103 0.88 GCF_004765785.1
JAATVR010000315.1_9   -            407 Phage_int_SAM_4      PF13495.11    85   4.6e-08   31.1   0.6   1   1   1.9e-10   3.4e-07   28.4   0.1    14    76    20    92    11   103 0.82 GCA_014523665.1
NZ_SBIT01000009.1_142 -            204 Phage_int_SAM_4      PF13495.11    85   5.1e-08   31.0   0.0   1   1   6.2e-11   1.1e-07   29.9   0.0     5    78    19    99    17   103 0.93 GCF_004765785.1
JADJWG010000004.1_323 -            150 Phage_Mu_Gp36        PF07030.17   124   6.7e-21   72.5   0.0   1   1   2.2e-24   8.1e-21   72.2   0.0     1   119     3   130     3   134 0.91 GCA_016716475.1
NZ_JALXFV010000002.1_318 -            145 PhaG_MnhG_YufB       PF03334.19    80   1.7e-26   90.1   8.7   1   1   4.5e-30   1.7e-26   90.1   8.7     1    79    34   112    34   113 0.98 GCF_023699475.1
JABDKK010000051.1_4   -            205 PHA_synth_III_E      PF09712.15   311   3.2e-12   44.1   0.3   1   1   2.7e-15     5e-12   43.4   0.2   187   310    71   191    49   192 0.88 GCA_013002265.1
NZ_FOTC01000001.1_718 -            185 PHA_synth_III_E      PF09712.15   311   3.4e-08   30.9   9.3   1   1   6.1e-10   1.1e-06   25.9   0.2   231   309    91   169    84   171 0.96 GCF_900114455.1
NZ_MWLL01000176.1_49     -            328 PHO4                 PF01384.25   350   1.7e-76  255.2  40.4   1   1   8.2e-78     1e-74  249.4  40.4     1   348    20   315    20   317 0.90 GCF_002198675.1
NZ_CP095757.1_847        -            394 PHO4                 PF01384.25   350   8.4e-42  141.1  40.6   1   1   6.8e-45   8.4e-42  141.1  40.6     6   350    30   382    24   382 0.79 GCF_023093535.1
NZ_JAMZIE010000003.1_473 -            388 PHO4                 PF01384.25   350   6.1e-37  125.1  43.4   1   1   6.1e-39   7.5e-36  121.5  41.1     1   350    20   377    20   377 0.85 GCF_024178165.1
NZ_JAJCVJ010000003.1_446 -            523 Phosphodiest         PF01663.27   342   6.7e-46  155.2   0.3   1   1   3.4e-47   4.2e-44  149.3   0.3     2   330     6   414     5   430 0.82 GCF_020567425.1
NZ_JAAAJC010000010.1_51  -            520 Phosphodiest         PF01663.27   342     3e-12   44.5   2.7   1   1   6.3e-14   7.7e-11   39.9   2.7    19   222    79   330    70   346 0.68 GCF_009900715.1
NZ_JAAAJC010000018.1_15  -            445 Phosphodiest         PF01663.27   342   1.2e-11   42.6   0.4   1   1   6.1e-13   7.5e-10   36.6   0.4    18   221    29   235    20   242 0.68 GCF_009900715.1
NZ_KB913017.1_3340   -            341 Phosphonate-bd       PF12974.12   242   6.3e-52  174.1   0.0   1   1   6.7e-55   8.2e-52  173.7   0.0     1   242    47   281    47   281 0.92 GCF_000383975.1
DP000238.1_1161      -            347 Phosphonate-bd       PF12974.12   242   3.4e-37  125.9   0.1   1   1   3.6e-40   4.4e-37  125.5   0.1     1   234    72   318    72   325 0.90 GCA_000200715.1
NSIR01000010.1_28    -            163 Phosphonate-bd       PF12974.12   242   2.2e-23   80.6   0.0   1   1   2.2e-26   2.7e-23   80.4   0.0     1   109    55   163    55   163 0.98 GCA_002737445.1
JAHEFU010000137.1_3  -            330 Phos_pyr_kin         PF08543.17   246   8.7e-09   32.8   0.1   1   1   9.4e-12   3.5e-08   30.9   0.0   120   222   200   298   192   306 0.90 GCA_024645305.1
NZ_NHSQ01000077.1_34     -            221 PhoU                 PF01895.24    89     8e-33  110.5   8.1   1   2   3.6e-21   2.6e-18   63.9   0.2     3    87    21   105    19   107 0.97 GCF_016653465.1
NZ_NHSQ01000077.1_34     -            221 PhoU                 PF01895.24    89     8e-33  110.5   8.1   2   2   1.2e-16   8.7e-14   49.5   3.3     2    88   124   208   123   209 0.88 GCF_016653465.1
RKRU01000197.1_4         -            209 PhoU                 PF01895.24    89   5.3e-24   82.2   0.1   1   2   1.6e-14   1.2e-11   42.6   0.0     2    85    17    99    16   101 0.98 GCA_007571225.1
RKRU01000197.1_4         -            209 PhoU                 PF01895.24    89   5.3e-24   82.2   0.1   2   2   7.6e-13   5.6e-10   37.3   0.3     3    87   119   196   117   198 0.81 GCA_007571225.1
WHTU01000010.1_24        -            355 PhoU                 PF01895.24    89   3.6e-22   76.3  15.8   1   2   4.4e-17   3.2e-14   50.8   3.5     1    87   150   240   150   242 0.88 GCA_009377575.1
WHTU01000010.1_24        -            355 PhoU                 PF01895.24    89   3.6e-22   76.3  15.8   2   2   6.9e-11   5.1e-08   31.0   4.5     1    88   257   339   257   340 0.87 GCA_009377575.1
NZ_JAAAJC010000001.1_135 -            333 PhoU                 PF01895.24    89   4.6e-15   53.6   2.9   1   1   1.3e-17   9.9e-15   52.5   0.3    11    87   149   228   139   230 0.90 GCF_009900715.1
NZ_FNFE01000004.1_293    -            398 PhoU                 PF01895.24    89     6e-15   53.2  10.7   1   2   3.7e-11   2.8e-08   31.8   3.7     2    89    16    99    15    99 0.88 GCF_900100335.1
NZ_FNFE01000004.1_293    -            398 PhoU                 PF01895.24    89     6e-15   53.2  10.7   2   2   4.8e-09   3.5e-06   25.1   0.6     2    89   216   298   215   298 0.86 GCF_900100335.1
LDXL01000001.1_53    -            210 PhoU_div             PF01865.21   214   1.6e-27   94.0   8.0   1   1     1e-30   1.8e-27   93.8   8.0     7   213     9   207     5   208 0.92 GCA_001443365.1
JAHRAL010000019.1_3  -            179 PhoU_div             PF01865.21   214   9.9e-14   48.9   3.1   1   1   6.4e-17   1.2e-13   48.7   3.1    10   173    15   177     8   179 0.91 GCA_020027325.1
JADJWG010000004.1_746    -            585 PHP                  PF02811.24   164   2.2e-13   48.6   0.1   1   1   2.5e-16   4.6e-13   47.6   0.1     1   162   345   506   345   508 0.69 GCA_016716475.1
NZ_JAJCVI010000001.1_246 -            227 PHP                  PF02811.24   164   1.3e-08   33.0   0.0   1   1   9.5e-12   1.7e-08   32.7   0.0     2    64     8    69     7   101 0.92 GCF_020567525.1
JAHENP010000061.1_5      -            253 PHP_C                PF13263.11    56   2.2e-15   53.7   0.1   1   1   3.4e-18   4.2e-15   52.8   0.1     2    54   140   192   139   193 0.97 GCA_018609965.1
NZ_JAJCVI010000001.1_246 -            227 PHP_C                PF13263.11    56   1.7e-14   50.9   0.1   1   1   2.7e-17   3.3e-14   50.0   0.1     2    56   142   201   141   201 0.88 GCF_020567525.1
NZ_OBEJ01000004.1_108    -            293 PHP_C                PF13263.11    56   6.8e-06   23.3   0.2   1   1   1.6e-08     2e-05   21.8   0.0    15    55   168   208   163   209 0.92 GCF_900215575.1
NZ_QPII01000004.1_170 -            279 PhzC-PhzF            PF02567.21   281   1.9e-61  205.7   0.0   1   1   5.9e-65   2.2e-61  205.6   0.0     2   278     9   277     8   279 0.93 GCF_003336675.1
NZ_LOEP01000014.1_31  -            141 Pilin_N              PF07790.16    78   3.2e-26   89.8   3.7   1   1   2.6e-29   3.2e-26   89.8   3.7     1    75    11    84    11    90 0.93 GCF_001482285.1
NZ_CP035119.1_733     -            167 Pilin_N              PF07790.16    78   1.1e-11   43.2   1.3   1   1   1.9e-14   2.4e-11   42.1   1.3    12    76     1    70     1    72 0.83 GCF_004087835.1
NZ_OBEJ01000001.1_413 -            181 Pilin_N              PF07790.16    78   2.1e-10   39.1   0.0   1   1   6.4e-13   7.9e-10   37.3   0.0     4    74     6    85     3    88 0.86 GCF_900215575.1
PXRX01000027.1_89     -            142 PIN                  PF01850.26   120   1.4e-17   62.1   0.3   1   1   3.1e-20   1.6e-17   62.0   0.3     2   118     5   129     4   131 0.93 GCA_003023195.1
NC_019964.1_2983      -            139 PIN                  PF01850.26   120     4e-14   51.0   2.0   1   1   8.5e-17   4.5e-14   50.9   2.0     1   119     2   131     2   132 0.95 GCF_000328525.1
PXRK01000024.1_23     -            142 PIN                  PF01850.26   120   4.5e-14   50.9   1.0   1   1   9.7e-17   5.1e-14   50.7   1.0     1   117    11   129    11   132 0.96 GCA_003021015.1
NZ_CP099993.1_1735    -            145 PIN                  PF01850.26   120     1e-09   36.8   0.5   1   1   3.1e-12   1.6e-09   36.2   0.5     2   115     4   132     3   135 0.83 GCF_024138125.1
NZ_CP100454.1_571     -            135 PIN                  PF01850.26   120   2.2e-08   32.5   0.5   1   1   3.7e-10   1.9e-07   29.5   0.5     1    76     6    83     6   119 0.73 GCF_024228315.1
JADKAQ010000008.1_236 -            134 PIN                  PF01850.26   120   8.3e-08   30.6   0.0   1   1   1.8e-10   9.7e-08   30.4   0.0     1   116     4   123     4   127 0.94 GCA_016719105.1
JAEHKU010000022.1_6   -            546 PIN                  PF01850.26   120   4.9e-07   28.2   0.7   1   1   1.7e-09   9.2e-07   27.3   0.7     1   118     4   118     4   120 0.94 GCA_016838825.1
NZ_CP100454.1_571    -            135 PIN_3                PF13470.11   115     6e-20   70.0   0.5   1   1   3.9e-23   7.3e-20   69.7   0.5     2   115     6   112     5   112 0.81 GCF_024228315.1
NZ_CP044523.1_2518   -            120 PIN_3                PF13470.11   115   1.5e-09   36.4   0.7   1   1     1e-12   1.9e-09   36.1   0.7    26   114     1    85     1    86 0.82 GCF_008831545.1
JAEHKU010000022.1_6  -            546 PIN_4                PF13638.11   132     1e-06   26.9   2.3   1   1   7.9e-10   2.9e-06   25.4   0.8     1   127     4   124     4   128 0.66 GCA_016838825.1
PXRX01000028.1_103   -            216 PIN_5                PF08745.16   205   2.2e-62  207.9   0.0   1   1   6.9e-66   2.5e-62  207.7   0.0     1   205     9   202     9   202 0.98 GCA_003023195.1
NZ_CP100454.1_1446   -            150 PIN_6                PF17146.9     87   4.6e-13   47.2   0.0   1   1   1.8e-16   6.7e-13   46.7   0.0     2    87     3    85     2    85 0.89 GCF_024228315.1
NZ_SOSC01000004.1_206 -            126 PIN_9                PF18477.6    116   8.8e-43  143.0   0.2   1   1   2.7e-46     1e-42  142.8   0.2     1   115     3   117     3   118 0.98 GCF_005049285.1
NZ_NHSQ01000070.1_16 -            282 Pirin                PF02678.21   108     4e-36  121.1   0.1   1   1   1.1e-39     4e-36  121.1   0.1     7   108    26   121    20   121 0.93 GCF_016653465.1
NZ_NHSQ01000070.1_16 -            282 Pirin_C              PF05726.18   103   7.5e-29   97.9   0.0   1   1   5.8e-32   2.1e-28   96.5   0.0     1   102   180   280   180   281 0.98 GCF_016653465.1
JAKBAE010000098.1_7   -            590 PK                   PF00224.26   328  1.9e-119  396.4   1.7   1   1  1.4e-122  2.6e-119  395.9   1.7     2   328     4   324     3   324 0.96 GCA_021809325.1
JADJWG010000004.1_493 -            486 PK                   PF00224.26   328  1.7e-107  357.0   0.0   1   1  1.2e-110  2.1e-107  356.7   0.0     3   328    11   330     9   330 0.98 GCA_016716475.1
s5a1_contig_1_942    -            476 PKD                  PF00801.25    80   2.6e-14   50.8   6.0   1   1     2e-17   7.3e-14   49.3   6.0     9    78   100   166    92   169 0.87 s5a-1
s5a1_contig_1_942    -            476 PKD_4                PF18911.5     85   6.2e-19   65.6   8.6   1   1   7.6e-22   1.4e-18   64.5   8.6     9    83    97   169    92   171 0.90 s5a-1
NZ_CP044130.1_35     -            488 Pkinase              PF00069.30   263   2.3e-36  123.3   0.0   1   1   5.3e-39   3.2e-36  122.8   0.0     1   260   226   482   226   484 0.88 GCF_009617995.1
NZ_CP044130.1_36     -            940 Pkinase              PF00069.30   263     9e-30  101.7   0.0   1   1   2.7e-32   1.7e-29  100.8   0.0     2   257   676   928   675   933 0.84 GCF_009617995.1
NZ_CP044130.1_37     -            821 Pkinase              PF00069.30   263   3.3e-27   93.3   0.0   1   1   7.4e-30   4.6e-27   92.8   0.0     4   245    33   269    30   282 0.82 GCF_009617995.1
NZ_CP044130.1_38     -            380 Pkinase              PF00069.30   263   6.8e-27   92.2   0.0   1   1   1.4e-29   8.8e-27   91.9   0.0     3   253   116   363   114   373 0.86 GCF_009617995.1
NZ_CP044130.1_33     -            966 Pkinase              PF00069.30   263   2.6e-25   87.0   0.0   1   1   6.7e-28   4.1e-25   86.4   0.0     7   255   308   565   302   571 0.85 GCF_009617995.1
NZ_CP044130.1_67     -            672 Pkinase              PF00069.30   263     3e-24   83.5   0.0   1   1   1.1e-26   6.8e-24   82.4   0.0     5   253    30   290    27   299 0.73 GCF_009617995.1
JAKBAE010000098.1_7   -            590 PK_C                 PF02887.21   114   7.9e-36  120.4   0.1   1   1   1.1e-38     2e-35  119.1   0.1     2   113   358   469   357   470 0.98 GCA_021809325.1
JADJWG010000004.1_493 -            486 PK_C                 PF02887.21   114   4.9e-26   88.8   0.1   1   1   6.9e-29   1.3e-25   87.5   0.1     2   114   365   477   364   477 0.98 GCA_016716475.1
NZ_CP044130.1_35     -            488 PK_Tyr_Ser-Thr       PF07714.22   258   9.5e-29   98.2   0.0   1   1     2e-31   1.2e-28   97.8   0.0     2   250   227   475   226   484 0.86 GCF_009617995.1
NZ_CP044130.1_38     -            380 PK_Tyr_Ser-Thr       PF07714.22   258   1.7e-26   90.8   0.0   1   1   3.6e-29   2.2e-26   90.4   0.0     1   249   114   362   114   367 0.89 GCF_009617995.1
NZ_CP044130.1_36     -            940 PK_Tyr_Ser-Thr       PF07714.22   258   2.3e-20   70.7   0.0   1   1   5.3e-23   3.3e-20   70.2   0.0     2   250   676   924   675   933 0.87 GCF_009617995.1
NZ_CP044130.1_67     -            672 PK_Tyr_Ser-Thr       PF07714.22   258   1.5e-17   61.5   0.0   1   1   4.4e-20   2.7e-17   60.7   0.0     4   239    29   275    27   296 0.79 GCF_009617995.1
NZ_CP044130.1_37     -            821 PK_Tyr_Ser-Thr       PF07714.22   258     7e-17   59.3   0.0   1   1   1.6e-19     1e-16   58.8   0.0     4   248    33   275    30   281 0.81 GCF_009617995.1
NZ_CP044130.1_33     -            966 PK_Tyr_Ser-Thr       PF07714.22   258   1.7e-13   48.2   0.0   1   1   4.1e-16   2.5e-13   47.6   0.0     4   250   305   563   302   569 0.82 GCF_009617995.1
NZ_CP017922.1_608    -            542 PLDc_2               PF13091.11   132   1.7e-21   74.2   0.8   1   2   5.3e-13   9.7e-10   36.2   0.0     2   128   171   303   170   307 0.71 GCF_001870125.1
NZ_CP017922.1_608    -            542 PLDc_2               PF13091.11   132   1.7e-21   74.2   0.8   2   2     4e-13   7.3e-10   36.6   0.2    78   131   430   491   381   492 0.79 GCF_001870125.1
JAFGCY010000067.1_8  -            647 Plug                 PF07715.20   107   2.6e-20   70.7   0.5   1   1   1.4e-23   5.2e-20   69.7   0.5     7   107    74   170    68   170 0.93 GCA_016932385.1
CAJWBY010000263.1_4  -            168 PMSR                 PF01625.26   153   1.2e-54  182.5   0.0   1   1   3.6e-58   1.3e-54  182.3   0.0     2   153     6   153     5   154 0.98 GCA_913020705.1
AOLX01000014.1_223   -            595 PMT                  PF02366.23   245   3.2e-07   27.9  13.4   1   1   6.7e-10   1.2e-06   26.0  13.1    80   199   139   252   123   347 0.90 GCA_000336895.1
NZ_ML974134.1_140    -            590 PMT                  PF02366.23   245   1.7e-06   25.5  11.9   1   1   9.9e-10   1.8e-06   25.4   9.9    74   196    97   212    84   218 0.85 GCF_004143485.2
NZ_ML974134.1_140    -            590 PMT_2                PF13231.11   160   8.4e-13   46.6  11.9   1   1   6.8e-16   8.4e-13   46.6  11.9     2   137    85   220    84   225 0.90 GCF_004143485.2
AOLX01000014.1_223   -            595 PMT_2                PF13231.11   160   2.5e-11   41.8  13.0   1   1     2e-14   2.5e-11   41.8  13.0    20   154   140   281   135   285 0.86 GCA_000336895.1
NZ_FOCX01000040.1_4  -            650 PMT_2                PF13231.11   160   1.1e-06   26.7  14.5   1   1   9.1e-10   1.1e-06   26.7  14.5     4   123   191   311   188   330 0.85 GCF_900110215.1
JAKCFM010000001.1_822 -            243 PNP_UDP_1            PF01048.25   233   8.3e-47  157.3   6.3   1   1   5.3e-50   9.7e-47  157.0   6.3     1   232    18   240    18   241 0.93 GCA_025041195.1
DP000238.1_727        -            240 PNP_UDP_1            PF01048.25   233   4.8e-44  148.2   0.0   1   1   3.1e-47   5.8e-44  148.0   0.0    20   232     9   220     2   221 0.93 GCA_000200715.1
NZ_CP100445.1_604    -            183 Polbeta              PF18765.6     93   2.2e-09   35.1   0.0   1   1   1.9e-12   3.5e-09   34.5   0.0     6    92    55   150    51   151 0.77 GCF_024227435.1
SKKJ01000373.1_7     -            173 Polyketide_cyc       PF03364.25   126   1.6e-08   32.6   0.5   1   1   2.9e-11   3.6e-08   31.5   0.5     3   112    12   130    10   144 0.81 GCA_007121575.1
CP060262.1_2226      -            152 Polyketide_cyc       PF03364.25   126   4.7e-08   31.1   0.0   1   1   4.6e-11   5.7e-08   30.8   0.0     3   125    14   137    12   138 0.89 GCA_022646745.1
JAATVR010000362.1_9  -            153 Polyketide_cyc       PF03364.25   126   1.3e-06   26.5   0.0   1   1   1.3e-09   1.6e-06   26.2   0.0     1   116    10   131    10   140 0.86 GCA_014523665.1
SKKJ01000373.1_7        -            173 Polyketide_cyc2      PF10604.14   142   7.2e-14   50.0   1.0   1   1   1.2e-16   8.8e-14   49.8   1.0     1   141     1   155     1   156 0.82 GCA_007121575.1
JAKBAE010000071.1_10    -            137 Polyketide_cyc2      PF10604.14   142   2.7e-10   38.4   0.1   1   1     4e-13   2.9e-10   38.3   0.1     1   137     1   131     1   136 0.78 GCA_021809325.1
PAAH01000002.1_7        -            148 Polyketide_cyc2      PF10604.14   142     3e-09   35.1   0.0   1   1     5e-12   3.7e-09   34.8   0.0     4   138    10   143     8   147 0.81 GCA_002698885.1
NZ_JADDKQ010000016.1_84 -            266 Polyketide_cyc2      PF10604.14   142   5.4e-08   31.0   2.0   1   1   7.3e-11   5.4e-08   31.0   2.0     3   122    13   135    11   142 0.75 GCF_016464425.1
NZ_JADDKQ010000030.1_18 -            173 Polyketide_cyc2      PF10604.14   142   7.5e-08   30.5   7.4   1   1   2.6e-10   1.9e-07   29.2   7.4     3   142     6   162     4   162 0.68 GCF_016464425.1
JADKAQ010000001.1_411 -            302 polyprenyl_synt      PF00348.22   251   2.3e-65  218.1   0.0   1   1   1.5e-68   2.7e-65  217.8   0.0     5   250    13   253     9   254 0.94 GCA_016719105.1
NZ_CP095757.1_3370    -            280 polyprenyl_synt      PF00348.22   251   1.2e-53  179.6   0.0   1   1   7.7e-57   1.4e-53  179.4   0.0     4   227    27   242    24   262 0.90 GCF_023093535.1
NZ_CP085330.1_469     -            293 Polysacc_deac_1      PF01522.26   124   1.9e-24   83.7   0.0   1   1   1.6e-26     1e-23   81.4   0.0    19   110    34   125     7   139 0.90 GCF_020614375.1
PFRJ01000048.1_18     -            849 Polysacc_deac_1      PF01522.26   124   1.1e-22   78.1   0.2   1   2     5e-17   3.1e-14   50.8   0.0     6   122   319   443   314   445 0.91 GCA_002788515.1
PFRJ01000048.1_18     -            849 Polysacc_deac_1      PF01522.26   124   1.1e-22   78.1   0.2   2   2   5.1e-09   3.1e-06   24.9   0.1    17   122   583   695   567   697 0.83 GCA_002788515.1
NZ_AOLN01000001.1_111 -            277 Polysacc_deac_1      PF01522.26   124     2e-22   77.2   0.0   1   1   6.2e-25   3.8e-22   76.3   0.0    15   121    52   155    51   157 0.94 GCF_000337815.1
NZ_CP101156.1_2990    -            439 Polysacc_deac_1      PF01522.26   124   9.7e-16   55.6   0.0   1   1   2.9e-18   1.8e-15   54.8   0.0     4   118   222   347   220   352 0.94 GCF_024298845.1
NC_018655.1_469       -            804 Polysacc_deac_1      PF01522.26   124   8.2e-12   42.9   0.0   1   1   3.1e-14   1.9e-11   41.7   0.0     6   122   476   600   473   602 0.93 GCF_000299365.1
JAHFUM010000012.1_28  -            237 Polysacc_deac_1      PF01522.26   124   1.9e-07   28.9   0.0   1   1   4.9e-10     3e-07   28.2   0.0     8   120    36   152    31   155 0.90 GCA_023265135.1
NZ_PHNJ01000003.1_349 -            488 Polysacc_synt        PF01943.22   274   6.1e-29   99.0  18.5   1   1   3.3e-32   6.1e-29   99.0  18.5    12   262    18   275     4   286 0.85 GCF_008122205.1
NZ_LWHG01000003.1_39  -            481 Polysacc_synt        PF01943.22   274   2.2e-18   64.4  16.5   1   1   1.2e-21   2.2e-18   64.4  16.5     6   270    10   277     8   281 0.87 GCF_001625445.1
NZ_AOIQ01000016.1_65  -            344 Polysacc_synt_2      PF02719.20   293   1.1e-15   55.3   0.2   1   1   2.9e-17   3.6e-14   50.4   0.2     1   251    38   289    38   305 0.80 GCF_000337515.1
JAKCFM010000002.1_414 -            279 Polysacc_synt_2      PF02719.20   293   5.8e-11   39.8   0.0   1   1   9.7e-12   1.2e-08   32.2   0.0    58   132    45   114    30   119 0.95 GCA_025041195.1
NZ_FNFE01000004.1_420 -            302 Polysacc_synt_2      PF02719.20   293     3e-09   34.2   0.0   1   1   1.3e-10   1.5e-07   28.6   0.0     1   129     3   111     3   156 0.81 GCF_900100335.1
NZ_PHNJ01000003.1_349 -            488 Polysacc_synt_3      PF13440.11   293   8.8e-27   91.8   8.2   1   1   1.2e-29   2.2e-26   90.5   8.2     1   293    31   337    31   337 0.84 GCF_008122205.1
NZ_LWHG01000003.1_39  -            481 Polysacc_synt_3      PF13440.11   293   1.1e-11   42.3   9.6   1   1   1.1e-14   2.1e-11   41.4   9.2    10   282    38   322    29   329 0.79 GCF_001625445.1
NZ_PHNJ01000003.1_349 -            488 Polysacc_synt_C      PF14667.11   142   2.3e-24   83.9  35.7   1   1   6.5e-24     8e-21   72.4  19.4     1   141   338   475   338   476 0.94 GCF_008122205.1
NZ_LWHG01000003.1_39  -            481 Polysacc_synt_C      PF14667.11   142   4.2e-18   63.6  16.0   1   1   3.4e-21   4.2e-18   63.6  16.0     1   141   333   469   333   470 0.88 GCF_001625445.1
NZ_CP100000.1_2813    -            506 Polysacc_synt_C      PF14667.11   142   1.8e-13   48.6   5.5   1   1   1.5e-16   1.8e-13   48.6   5.5     1    77   142   224   142   226 0.97 GCF_024138165.1
NZ_LIUF01000003.1_209 -            615 POR                  PF01558.23   173   1.8e-40  136.7   0.1   1   1   9.3e-44   3.4e-40  135.8   0.1     1   171    42   204    40   205 0.94 GCF_001280425.1
CP060262.1_2917      -            554 Porin_5              PF16930.10   535   1.6e-10   37.9   2.0   1   1   3.2e-10   1.2e-06   25.1   0.0   157   219   165   229   150   235 0.88 GCA_022646745.1
NZ_JAALLS010000017.1_51 -            309 Porphobil_deam       PF01379.25   207   8.7e-71  235.5   0.0   1   1   3.1e-74   1.1e-70  235.1   0.0     1   206     7   211     7   212 0.96 GCF_011059105.1
NZ_JAALLS010000017.1_51 -            309 Porphobil_deamC      PF03900.20    74   3.3e-15   54.0   0.0   1   1   2.4e-18   8.8e-15   52.6   0.0     1    73   223   293   223   294 0.91 GCF_011059105.1
NZ_LIUF01000003.1_209 -            615 POR_N                PF01855.24   231   8.5e-60  200.1   0.5   1   1   3.5e-63   1.3e-59  199.5   0.5     2   230   238   483   237   484 0.97 GCF_001280425.1
PXRE01000005.1_22    -             82 PP-binding           PF00550.30    67   5.9e-11   40.2   0.7   1   1   1.9e-14   7.1e-11   40.0   0.7     3    66    10    75     8    76 0.93 GCA_003021085.1
NZ_BBJP01000077.1_3  -            233 PP2C                 PF00481.26   255     1e-16   59.1   2.2   1   1   5.5e-15     2e-11   41.8   0.1    38   140    32   135    15   141 0.89 GCF_000739595.1
NZ_NHSQ01000084.1_110 -            562 PP2C_2               PF13672.11   209   2.3e-43  145.9   0.6   1   1   1.7e-46   3.2e-43  145.5   0.6     1   208   299   545   299   546 0.84 GCF_016653465.1
NZ_BBJP01000077.1_3   -            233 PP2C_2               PF13672.11   209   5.1e-19   66.4   1.2   1   1   4.1e-22   7.5e-19   65.8   1.2     7   182    11   194     5   220 0.77 GCF_000739595.1
NZ_JAALLS010000001.1_96 -            808 PPDK_N               PF01326.24   328  4.6e-116  385.4   0.0   1   1  9.1e-119  6.7e-116  384.9   0.0     2   318    14   345    13   353 0.98 GCF_011059105.1
NZ_LIGX01000023.1_77    -            776 PPDK_N               PF01326.24   328   3.4e-56  188.6   0.0   1   3   1.4e-13     1e-10   39.1   0.0     2    40    32    69    31    76 0.92 GCF_001683795.1
NZ_LIGX01000023.1_77    -            776 PPDK_N               PF01326.24   328   3.4e-56  188.6   0.0   2   3   4.4e-35   3.2e-32  109.8   0.0    77   219    76   313    72   320 0.97 GCF_001683795.1
NZ_LIGX01000023.1_77    -            776 PPDK_N               PF01326.24   328   3.4e-56  188.6   0.0   3   3   1.3e-12   9.8e-10   35.9   0.2   271   326   326   379   315   381 0.89 GCF_001683795.1
JAHRAJ010000002.1_16    -           1016 PPDK_N               PF01326.24   328   4.7e-52  175.0   0.0   1   2   1.4e-38     1e-35  121.3   0.0     2   218    20   293    19   305 0.92 GCA_020027365.1
JAHRAJ010000002.1_16    -           1016 PPDK_N               PF01326.24   328   4.7e-52  175.0   0.0   2   2     2e-14   1.5e-11   41.9   0.1   268   326   304   360   294   362 0.91 GCA_020027365.1
VHBK01000002.1_96       -            540 PPDK_N               PF01326.24   328   9.7e-52  174.0   0.0   1   3   1.6e-12   1.2e-09   35.6   0.0     2    41    16    54    15    60 0.91 GCA_016872015.1
VHBK01000002.1_96       -            540 PPDK_N               PF01326.24   328   9.7e-52  174.0   0.0   2   3   2.1e-30   1.6e-27   94.4   0.0    80   218    63   289    54   301 0.91 GCA_016872015.1
VHBK01000002.1_96       -            540 PPDK_N               PF01326.24   328   9.7e-52  174.0   0.0   3   3   5.6e-14   4.1e-11   40.5   0.3   272   327   304   357   291   358 0.91 GCA_016872015.1
JADJWG010000004.1_355   -           1022 PPDK_N               PF01326.24   328   3.5e-33  113.0   0.0   1   1   7.5e-36   5.5e-33  112.3   0.0     3   312   465   832   463   842 0.85 GCA_016716475.1
WHTU01000010.1_28    -            518 Ppx-GppA             PF02541.21   285   3.4e-45  152.4   0.0   1   1   4.4e-48   5.4e-45  151.8   0.0     8   281    24   305    16   308 0.86 GCA_009377575.1
JAKAJY010000018.1_1  -            170 Ppx-GppA             PF02541.21   285   2.8e-40  136.3   0.0   1   1   2.8e-43   3.5e-40  136.0   0.0    14   152    31   168    20   170 0.95 GCA_021824845.1
JAHCGZ010000007.1_49 -            309 Ppx-GppA             PF02541.21   285   2.6e-11   41.3   0.1   1   1   3.4e-14   4.1e-11   40.6   0.1   180   283    11   110     1   112 0.88 GCA_022117465.1
NC_019964.1_926      -            767 PP_kinase            PF02503.22   183   1.4e-54  182.3   0.3   1   1   6.6e-58   2.4e-54  181.5   0.3     4   182   200   371   197   372 0.94 GCF_000328525.1
NC_019964.1_926      -            767 PP_kinase_C          PF13090.11   172   5.1e-63  209.4   0.0   1   1   3.6e-65   1.3e-61  204.8   0.0     1   163   576   738   576   746 0.97 GCF_000328525.1
NC_019964.1_926      -            767 PP_kinase_C_1        PF17941.6    167   7.3e-69  228.4   0.0   1   1   6.2e-72   2.3e-68  226.8   0.0     2   164   404   567   403   570 0.98 GCF_000328525.1
NC_019964.1_926      -            767 PP_kinase_N          PF13089.11   107   3.4e-31  105.5   0.0   1   1   2.6e-34   9.4e-31  104.1   0.0     1   107    83   189    83   189 0.99 GCF_000328525.1
NZ_QURE01000131.1_1  -             92 PQ-loop              PF04193.19    61   3.8e-09   34.0   1.8   1   1     1e-12   3.8e-09   34.0   1.8     4    55     9    60     6    63 0.95 GCF_009898475.1
NZ_AOJI01000002.1_163     -            381 PQQ                  PF01011.26    38   8.7e-74  237.9  18.3   1   7   1.8e-10   8.3e-08   29.5   0.0     7    35    59    87    55    90 0.82 GCF_000336995.1
NZ_AOJI01000002.1_163     -            381 PQQ                  PF01011.26    38   8.7e-74  237.9  18.3   2   7   2.8e-10   1.3e-07   28.9   0.1     1    29    95   123    95   132 0.85 GCF_000336995.1
NZ_AOJI01000002.1_163     -            381 PQQ                  PF01011.26    38   8.7e-74  237.9  18.3   3   7   1.9e-09   8.9e-07   26.2   0.1     1    36   135   170   135   171 0.92 GCF_000336995.1
NZ_AOJI01000002.1_163     -            381 PQQ                  PF01011.26    38   8.7e-74  237.9  18.3   4   7   1.4e-12   6.5e-10   36.1   0.0     1    37   175   211   175   212 0.95 GCF_000336995.1
NZ_AOJI01000002.1_163     -            381 PQQ                  PF01011.26    38   8.7e-74  237.9  18.3   5   7     7e-14   3.2e-11   40.2   0.0     1    37   215   251   215   252 0.96 GCF_000336995.1
NZ_AOJI01000002.1_163     -            381 PQQ                  PF01011.26    38   8.7e-74  237.9  18.3   6   7   1.2e-09   5.3e-07   26.9   0.1     3    36   258   291   256   293 0.93 GCF_000336995.1
NZ_AOJI01000002.1_163     -            381 PQQ                  PF01011.26    38   8.7e-74  237.9  18.3   7   7   1.2e-13   5.4e-11   39.5   0.1     2    37   297   332   297   333 0.96 GCF_000336995.1
NZ_CP044130.1_33          -            966 PQQ                  PF01011.26    38   1.5e-70  227.7  33.7   1   7   1.1e-09     5e-07   27.0   0.1     1    37   669   705   669   706 0.95 GCF_009617995.1
NZ_CP044130.1_33          -            966 PQQ                  PF01011.26    38   1.5e-70  227.7  33.7   2   7   2.8e-12   1.3e-09   35.2   0.2     1    37   709   745   709   746 0.95 GCF_009617995.1
NZ_CP044130.1_33          -            966 PQQ                  PF01011.26    38   1.5e-70  227.7  33.7   3   7   8.3e-14   3.8e-11   40.0   0.6     1    36   749   784   749   786 0.94 GCF_009617995.1
NZ_CP044130.1_33          -            966 PQQ                  PF01011.26    38   1.5e-70  227.7  33.7   4   7   8.2e-09   3.8e-06   24.2   0.0     1    37   789   825   789   826 0.93 GCF_009617995.1
NZ_CP044130.1_33          -            966 PQQ                  PF01011.26    38   1.5e-70  227.7  33.7   5   7   5.8e-13   2.7e-10   37.3   0.4     1    37   829   865   829   866 0.94 GCF_009617995.1
NZ_CP044130.1_33          -            966 PQQ                  PF01011.26    38   1.5e-70  227.7  33.7   6   7   4.4e-14     2e-11   40.9   0.4     1    37   869   905   869   906 0.96 GCF_009617995.1
NZ_CP044130.1_33          -            966 PQQ                  PF01011.26    38   1.5e-70  227.7  33.7   7   7   1.8e-13   8.1e-11   39.0   0.1     1    37   909   945   909   946 0.95 GCF_009617995.1
NZ_JANHJR010000003.1_88   -            339 PQQ                  PF01011.26    38   4.2e-60  194.7  32.2   1   5   3.4e-10   1.6e-07   28.6   0.2     1    37    83   119    83   120 0.94 GCF_024495425.1
NZ_JANHJR010000003.1_88   -            339 PQQ                  PF01011.26    38   4.2e-60  194.7  32.2   2   5   1.1e-09   5.1e-07   27.0   0.3     1    37   123   159   123   160 0.96 GCF_024495425.1
NZ_JANHJR010000003.1_88   -            339 PQQ                  PF01011.26    38   4.2e-60  194.7  32.2   3   5   1.6e-13   7.6e-11   39.1   0.1     1    37   203   239   203   240 0.95 GCF_024495425.1
NZ_JANHJR010000003.1_88   -            339 PQQ                  PF01011.26    38   4.2e-60  194.7  32.2   4   5   2.6e-12   1.2e-09   35.3   0.1     1    37   243   279   243   280 0.97 GCF_024495425.1
NZ_JANHJR010000003.1_88   -            339 PQQ                  PF01011.26    38   4.2e-60  194.7  32.2   5   5     1e-13   4.6e-11   39.7   0.8     1    35   283   317   283   319 0.95 GCF_024495425.1
JADKAQ010000017.1_19      -            683 PQQ                  PF01011.26    38   2.7e-37  122.6   1.9   1   3   2.3e-09   1.1e-06   26.0   0.0     2    31    78   107    76   112 0.84 GCA_016719105.1
JADKAQ010000017.1_19      -            683 PQQ                  PF01011.26    38   2.7e-37  122.6   1.9   2   3   1.3e-07     6e-05   20.4   0.0     6    28   194   216   192   221 0.88 GCA_016719105.1
JADKAQ010000017.1_19      -            683 PQQ                  PF01011.26    38   2.7e-37  122.6   1.9   3   3     4e-08   1.9e-05   22.0   0.0     3    35   615   648   614   651 0.82 GCA_016719105.1
NZ_CP095487.1_109         -            645 PQQ                  PF01011.26    38   3.7e-23   78.0  19.6   1   3   3.3e-08   1.5e-05   22.3   0.1     1    26   144   169   144   171 0.95 GCF_023028345.1
NZ_CP095487.1_109         -            645 PQQ                  PF01011.26    38   3.7e-23   78.0  19.6   2   3   1.1e-07   5.2e-05   20.6   0.3    14    37   301   324   300   325 0.94 GCF_023028345.1
NZ_CP095487.1_109         -            645 PQQ                  PF01011.26    38   3.7e-23   78.0  19.6   3   3     4e-08   1.9e-05   22.0   0.1     4    37   496   529   493   530 0.89 GCF_023028345.1
NZ_CP100445.1_3245        -            435 PQQ                  PF01011.26    38   1.4e-21   73.0  10.0   1   1   1.4e-07   6.3e-05   20.4   0.7     2    32   137   166   137   169 0.89 GCF_024227435.1
NZ_CP044130.1_33          -            966 PQQ_2                PF13360.11   233     2e-69  231.6  32.4   1   4   2.5e-27   1.2e-24   85.0   5.6    15   142   650   772   648   772 0.97 GCF_009617995.1
NZ_CP044130.1_33          -            966 PQQ_2                PF13360.11   233     2e-69  231.6  32.4   2   4   7.5e-25   3.4e-22   77.0   3.4     2   106   717   821   716   824 0.95 GCF_009617995.1
NZ_CP044130.1_33          -            966 PQQ_2                PF13360.11   233     2e-69  231.6  32.4   3   4   9.6e-18   4.4e-15   53.7   0.5    28   104   823   899   815   905 0.91 GCF_009617995.1
NZ_CP044130.1_33          -            966 PQQ_2                PF13360.11   233     2e-69  231.6  32.4   4   4   3.5e-19   1.6e-16   58.4   1.4     2    88   877   963   877   966 0.94 GCF_009617995.1
NZ_AOJI01000002.1_163     -            381 PQQ_2                PF13360.11   233   1.2e-62  209.4  26.1   1   4   9.4e-09   4.3e-06   24.3   0.2    50   111    31    90     8    93 0.80 GCF_000336995.1
NZ_AOJI01000002.1_163     -            381 PQQ_2                PF13360.11   233   1.2e-62  209.4  26.1   2   4   2.1e-23   9.8e-21   72.2   2.4     4    98    63   159    60   168 0.89 GCF_000336995.1
NZ_AOJI01000002.1_163     -            381 PQQ_2                PF13360.11   233   1.2e-62  209.4  26.1   3   4     1e-24   4.8e-22   76.5   1.6     2   102   143   243   142   251 0.94 GCF_000336995.1
NZ_AOJI01000002.1_163     -            381 PQQ_2                PF13360.11   233   1.2e-62  209.4  26.1   4   4   8.4e-24   3.9e-21   73.5   2.0    26   135   248   352   240   353 0.89 GCF_000336995.1
NZ_JANHJR010000003.1_88   -            339 PQQ_2                PF13360.11   233   2.6e-52  175.6  25.9   1   2   1.8e-22   8.5e-20   69.1   7.8    14   142    23   146     8   147 0.91 GCF_024495425.1
NZ_JANHJR010000003.1_88   -            339 PQQ_2                PF13360.11   233   2.6e-52  175.6  25.9   2   2     7e-38   3.2e-35  119.6  13.4     2   222   131   336   130   339 0.93 GCF_024495425.1
NZ_CP100000.1_3831        -            468 PQQ_2                PF13360.11   233   9.3e-47  157.4  33.3   1   3   1.6e-17   7.2e-15   53.0   3.2    14   145   118   254   113   260 0.80 GCF_024138165.1
NZ_CP100000.1_3831        -            468 PQQ_2                PF13360.11   233   9.3e-47  157.4  33.3   2   3   2.1e-20   9.5e-18   62.4   6.8     4   148   150   308   147   312 0.83 GCF_024138165.1
NZ_CP100000.1_3831        -            468 PQQ_2                PF13360.11   233   9.3e-47  157.4  33.3   3   3   1.2e-22   5.5e-20   69.7   7.5     4   141   289   430   288   463 0.85 GCF_024138165.1
NZ_CP100445.1_3245        -            435 PQQ_2                PF13360.11   233   1.7e-33  114.0  17.8   1   2   2.5e-18   1.1e-15   55.6   5.1    56   207    84   216    31   219 0.79 GCF_024227435.1
NZ_CP100445.1_3245        -            435 PQQ_2                PF13360.11   233   1.7e-33  114.0  17.8   2   2   4.4e-20     2e-17   61.3   5.0    20   223   218   409   210   410 0.87 GCF_024227435.1
NZ_JALLPK010000001.1_2676 -            397 PQQ_2                PF13360.11   233   1.8e-32  110.6   6.3   1   2   1.5e-14   6.8e-12   43.3   0.5    30   147    86   199    39   202 0.82 GCF_023276375.1
NZ_JALLPK010000001.1_2676 -            397 PQQ_2                PF13360.11   233   1.8e-32  110.6   6.3   2   2   3.4e-25   1.6e-22   78.1   0.8     8   206   185   372   180   395 0.73 GCF_023276375.1
JADKAQ010000017.1_19      -            683 PQQ_2                PF13360.11   233     2e-24   84.3   6.9   1   2   4.2e-16     2e-13   48.3   0.2    16   143    54   213    41   221 0.78 GCA_016719105.1
JADKAQ010000017.1_19      -            683 PQQ_2                PF13360.11   233     2e-24   84.3   6.9   2   2   7.2e-09   3.3e-06   24.7   0.1     3    79   566   662   564   681 0.73 GCA_016719105.1
NZ_CP095487.1_109         -            645 PQQ_2                PF13360.11   233   8.3e-14   49.5  13.2   1   2   5.4e-09   2.5e-06   25.1   0.0    78   150   100   175    71   194 0.65 GCF_023028345.1
NZ_CP095487.1_109         -            645 PQQ_2                PF13360.11   233   8.3e-14   49.5  13.2   2   2   5.8e-08   2.7e-05   21.7   3.6     3    69   461   528   422   560 0.85 GCF_023028345.1
NZ_AOJI01000002.1_163     -            381 PQQ_3                PF13570.11    40   8.6e-92  296.0  29.8   1   8   7.3e-10   3.8e-07   28.1   0.1     3    40    36    71    35    71 0.94 GCF_000336995.1
NZ_AOJI01000002.1_163     -            381 PQQ_3                PF13570.11    40   8.6e-92  296.0  29.8   2   8   9.2e-14   4.9e-11   40.4   0.1     1    40    72   113    72   113 0.93 GCF_000336995.1
NZ_AOJI01000002.1_163     -            381 PQQ_3                PF13570.11    40   8.6e-92  296.0  29.8   3   8   3.5e-14   1.8e-11   41.8   0.5     1    40   114   153   114   153 0.98 GCF_000336995.1
NZ_AOJI01000002.1_163     -            381 PQQ_3                PF13570.11    40   8.6e-92  296.0  29.8   4   8   5.7e-10     3e-07   28.4   0.0     4    40   157   193   154   193 0.93 GCF_000336995.1
NZ_AOJI01000002.1_163     -            381 PQQ_3                PF13570.11    40   8.6e-92  296.0  29.8   5   8   2.2e-15   1.2e-12   45.6   0.1     1    40   194   233   194   233 0.98 GCF_000336995.1
NZ_AOJI01000002.1_163     -            381 PQQ_3                PF13570.11    40   8.6e-92  296.0  29.8   6   8   6.8e-11   3.6e-08   31.4   0.0     1    40   234   274   234   274 0.93 GCF_000336995.1
NZ_AOJI01000002.1_163     -            381 PQQ_3                PF13570.11    40   8.6e-92  296.0  29.8   7   8   5.5e-15   2.9e-12   44.3   0.1     1    40   275   314   275   314 0.99 GCF_000336995.1
NZ_AOJI01000002.1_163     -            381 PQQ_3                PF13570.11    40   8.6e-92  296.0  29.8   8   8   1.1e-17   5.6e-15   52.9   0.9     1    38   315   352   315   353 0.98 GCF_000336995.1
NZ_CP044130.1_33          -            966 PQQ_3                PF13570.11    40   2.5e-91  294.5  53.9   1   8     5e-12   2.6e-09   34.9   0.5     2    39   649   686   649   687 0.95 GCF_009617995.1
NZ_CP044130.1_33          -            966 PQQ_3                PF13570.11    40   2.5e-91  294.5  53.9   2   8     4e-17   2.1e-14   51.1   0.3     1    40   688   727   688   727 0.99 GCF_009617995.1
NZ_CP044130.1_33          -            966 PQQ_3                PF13570.11    40   2.5e-91  294.5  53.9   3   8   6.1e-15   3.2e-12   44.2   1.9     1    40   728   767   728   767 0.98 GCF_009617995.1
NZ_CP044130.1_33          -            966 PQQ_3                PF13570.11    40   2.5e-91  294.5  53.9   4   8     4e-11   2.1e-08   32.1   1.7     1    40   768   807   768   807 0.97 GCF_009617995.1
NZ_CP044130.1_33          -            966 PQQ_3                PF13570.11    40   2.5e-91  294.5  53.9   5   8   9.3e-16   4.9e-13   46.8   0.8     1    40   808   847   808   847 0.98 GCF_009617995.1
NZ_CP044130.1_33          -            966 PQQ_3                PF13570.11    40   2.5e-91  294.5  53.9   6   8   1.6e-13   8.2e-11   39.7   1.4     1    40   848   887   848   887 0.98 GCF_009617995.1
NZ_CP044130.1_33          -            966 PQQ_3                PF13570.11    40   2.5e-91  294.5  53.9   7   8   1.2e-16   6.6e-14   49.5   0.8     1    40   888   927   888   927 0.99 GCF_009617995.1
NZ_CP044130.1_33          -            966 PQQ_3                PF13570.11    40   2.5e-91  294.5  53.9   8   8   1.2e-10   6.5e-08   30.5   0.5     1    36   928   963   928   965 0.97 GCF_009617995.1
NZ_JANHJR010000003.1_88   -            339 PQQ_3                PF13570.11    40   2.5e-90  291.3  54.2   1   8   3.5e-13   1.9e-10   38.6   1.6     2    39    23    60    23    61 0.95 GCF_024495425.1
NZ_JANHJR010000003.1_88   -            339 PQQ_3                PF13570.11    40   2.5e-90  291.3  54.2   2   8   1.1e-10     6e-08   30.6   0.6     1    38    62    99    62   101 0.89 GCF_024495425.1
NZ_JANHJR010000003.1_88   -            339 PQQ_3                PF13570.11    40   2.5e-90  291.3  54.2   3   8   4.3e-14   2.3e-11   41.5   1.5     1    40   102   141   102   141 0.96 GCF_024495425.1
NZ_JANHJR010000003.1_88   -            339 PQQ_3                PF13570.11    40   2.5e-90  291.3  54.2   4   8   3.2e-13   1.7e-10   38.7   1.0     1    38   142   179   142   181 0.96 GCF_024495425.1
NZ_JANHJR010000003.1_88   -            339 PQQ_3                PF13570.11    40   2.5e-90  291.3  54.2   5   8   8.2e-15   4.3e-12   43.8   0.7     1    40   182   221   182   221 0.92 GCF_024495425.1
NZ_JANHJR010000003.1_88   -            339 PQQ_3                PF13570.11    40   2.5e-90  291.3  54.2   6   8   1.1e-15   5.6e-13   46.6   0.2     1    40   222   261   222   261 0.96 GCF_024495425.1
NZ_JANHJR010000003.1_88   -            339 PQQ_3                PF13570.11    40   2.5e-90  291.3  54.2   7   8   1.4e-17   7.3e-15   52.5   2.2     1    40   262   301   262   301 0.97 GCF_024495425.1
NZ_JANHJR010000003.1_88   -            339 PQQ_3                PF13570.11    40   2.5e-90  291.3  54.2   8   8   8.4e-12   4.4e-09   34.2   0.7     1    36   302   336   302   337 0.96 GCF_024495425.1
NZ_CP100000.1_3831        -            468 PQQ_3                PF13570.11    40   5.4e-32  106.8  49.2   1   4   2.9e-07   0.00015   19.9   0.3     3    40   119   158   118   158 0.89 GCF_024138165.1
NZ_CP100000.1_3831        -            468 PQQ_3                PF13570.11    40   5.4e-32  106.8  49.2   2   4   4.9e-08   2.6e-05   22.3   0.9     1    40   159   204   159   204 0.79 GCF_024138165.1
NZ_CP100000.1_3831        -            468 PQQ_3                PF13570.11    40   5.4e-32  106.8  49.2   3   4   6.4e-07   0.00034   18.8   0.1     1    40   205   246   205   246 0.95 GCF_024138165.1
NZ_CP100000.1_3831        -            468 PQQ_3                PF13570.11    40   5.4e-32  106.8  49.2   4   4   8.9e-09   4.7e-06   24.7   0.2     1    40   298   338   298   338 0.90 GCF_024138165.1
NZ_JALLPK010000001.1_2676 -            397 PQQ_3                PF13570.11    40     7e-24   81.1  18.4   1   2   2.9e-08   1.5e-05   23.0   0.2     1    40   190   232   190   232 0.96 GCF_023276375.1
NZ_JALLPK010000001.1_2676 -            397 PQQ_3                PF13570.11    40     7e-24   81.1  18.4   2   2   6.2e-07   0.00033   18.8   0.0     1    40   271   315   271   315 0.90 GCF_023276375.1
JADKAQ010000017.1_19      -            683 PQQ_3                PF13570.11    40   2.2e-15   54.2  23.5   1   1   3.6e-07   0.00019   19.6   0.0     3    40    53    95    52    95 0.78 GCA_016719105.1
NZ_LIGX01000018.1_57 -            210 PRAI                 PF00697.27   193   2.1e-36  123.2   0.0   1   1   6.4e-40   2.4e-36  123.0   0.0     1   192     8   204     8   205 0.91 GCF_001683795.1
JAKCFJ010000001.1_634 -             99 PRC                  PF05239.21    78   4.3e-11   40.5   0.7   1   1   4.4e-14   5.4e-11   40.1   0.7     6    76    10    85     7    87 0.92 GCA_025041175.1
NZ_FNFE01000001.1_782 -             90 PRC                  PF05239.21    78   2.4e-09   34.8   0.7   1   1   2.6e-12   3.2e-09   34.5   0.7     1    72    10    89    10    90 0.96 GCF_900100335.1
NZ_LIGX01000014.1_55   -            174 Pribosyltran         PF00156.32   158   2.2e-20   70.3   0.0   1   1   6.7e-23   2.7e-20   70.0   0.0    12   143    15   151     6   164 0.86 GCF_001683795.1
NZ_CP044129.1_2412     -            207 Pribosyltran         PF00156.32   158   3.5e-19   66.4   0.5   1   1   3.1e-14   1.3e-11   41.9   0.2    37   144    71   177    59   190 0.80 GCF_009617995.1
NZ_CP031310.1_2032     -            241 Pribosyltran         PF00156.32   158   5.9e-16   55.9   0.0   1   1   2.3e-18   9.2e-16   55.3   0.0    19   144    25   148    12   162 0.74 GCF_004799665.1
NZ_CP031310.1_2624     -            206 Pribosyltran         PF00156.32   158   8.6e-15   52.1   0.0   1   1   2.9e-17   1.2e-14   51.7   0.0     2   134    61   190    60   204 0.84 GCF_004799665.1
NZ_RKLT01000001.1_606  -            189 Pribosyltran         PF00156.32   158   2.7e-13   47.3   3.0   1   1   6.9e-16   2.8e-13   47.2   2.0    16   142    39   169    34   181 0.82 GCF_019599505.1
NZ_CBTY010000009.1_501 -            303 Pribosyltran         PF00156.32   158   1.5e-12   44.9   0.2   1   1   3.5e-13   1.5e-10   38.4   0.1    74   153   212   294   165   297 0.82 GCF_000723185.1
JAKBAE010000012.1_14   -            466 Pribosyltran         PF00156.32   158   5.7e-10   36.5   0.1   1   1   2.4e-12   9.9e-10   35.7   0.1     3   123   255   378   253   382 0.76 GCA_021809325.1
JAHEFU010000095.1_6    -            210 Pribosyltran         PF00156.32   158   2.7e-07   27.8   0.0   1   1   8.8e-10   3.6e-07   27.4   0.0    67   119   118   180    89   197 0.68 GCA_024645305.1
NZ_CBTY010000009.1_501 -            303 Pribosyltran_N       PF13793.11   117   1.3e-25   87.3   0.1   1   1   4.8e-28   1.8e-24   83.6   0.0     2   117    17   130    16   130 0.96 GCF_000723185.1
NZ_CBTY010000009.1_501 -            303 Pribosyl_synth       PF14572.11   184   1.2e-11   42.7   4.2   1   1   6.2e-15   2.3e-11   41.7   0.7    80   157   220   297   195   303 0.90 GCF_000723185.1
NZ_BBJP01000035.1_32 -            415 Prim-Pol             PF09250.16   158   5.1e-12   44.3   0.6   1   1   6.8e-15   2.5e-11   42.0   0.1    13   153    60   191    47   201 0.73 GCF_000739595.1
JACERO010000006.1_33 -            323 PriX                 PF18689.6     95   1.3e-13   48.8   2.4   1   1     8e-17   2.9e-13   47.7   1.7     3    92   231   316   229   318 0.91 GCA_013911135.1
CAJWBY010000049.1_9  -            216 PRK                  PF00485.23   196   4.3e-42  141.9   0.1   1   1   1.3e-45   4.9e-42  141.7   0.1     1   195     8   197     8   198 0.95 GCA_913020705.1
JALDAN010000014.1_14  -            202 PrmA                 PF06325.18   296   9.6e-12   42.7   0.1   1   1   1.1e-14   1.3e-11   42.3   0.1   159   233    42   120    34   121 0.79 GCA_022729355.1
NZ_FTNO01000001.1_810 -            229 PrmA                 PF06325.18   296   1.7e-06   25.5   0.1   1   1   2.1e-09   2.6e-06   24.9   0.1   160   215    47   101    38   115 0.83 GCF_900156425.1
NZ_ML974127.1_826     -            260 PrmA                 PF06325.18   296   7.9e-06   23.3   0.5   1   1   9.5e-09   1.2e-05   22.7   0.5   159   219    82   140    75   155 0.86 GCF_004765815.2
JACZTB010000009.1_59  -            132 Prok-JAB             PF14464.11   114     2e-12   44.8   0.0   1   1   1.6e-15     3e-12   44.2   0.0     2   103    16   111    15   122 0.81 GCA_022573895.1
NZ_WUUT01000001.1_201 -            179 Prok-JAB             PF14464.11   114   4.2e-11   40.5   0.0   1   1   3.5e-14   6.5e-11   39.9   0.0     5   112    17   123    13   126 0.73 GCF_009831575.1
DRGT01000095.1_17        -            261 Proteasome           PF00227.31   189   1.1e-50  169.7   0.2   1   1   1.2e-53   1.5e-50  169.3   0.2     1   186    46   227    46   230 0.94 GCA_011055585.1
NZ_JALXFV010000003.1_266 -            202 Proteasome           PF00227.31   189   3.8e-49  164.7   1.3   1   1   3.7e-52   4.6e-49  164.4   1.3     2   187     6   182     5   184 0.95 GCF_023699475.1
NZ_CP100762.1_1196       -            246 Proteasome           PF00227.31   189   6.4e-45  150.9   0.0   1   1   7.7e-48   9.4e-45  150.3   0.0     1   186    33   223    33   226 0.91 GCF_024296665.1
DRGT01000095.1_17    -            261 Proteasome_A_N       PF10584.14    23     4e-15   53.0   0.8   1   1   1.2e-17   2.3e-14   50.5   0.2     1    22    23    44    23    44 0.98 GCA_011055585.1
NZ_CP100762.1_1196   -            246 Proteasome_A_N       PF10584.14    23   1.2e-12   45.0   0.2   1   1   1.1e-15   2.1e-12   44.3   0.2     1    23    10    32    10    32 0.98 GCF_024296665.1
NZ_CP072036.1_1768       -            610 Proton_antipo_M      PF00361.25   294     4e-79  263.6  25.0   1   1   6.5e-82     4e-79  263.6  25.0     1   286   130   412   130   421 0.96 GCF_018847375.1
NZ_CP100445.1_460        -            858 Proton_antipo_M      PF00361.25   294   2.5e-67  224.9  18.7   1   1   4.1e-70   2.5e-67  224.9  18.7     1   280   126   413   126   422 0.93 GCF_024227435.1
NZ_JAJCVI010000003.1_516 -            498 Proton_antipo_M      PF00361.25   294   5.7e-54  181.0  20.8   1   1   9.2e-57   5.7e-54  181.0  20.8     3   293   126   420   124   421 0.95 GCF_020567525.1
NZ_JAJCVI010000003.1_517 -            530 Proton_antipo_M      PF00361.25   294   3.2e-50  168.7  20.5   1   1     1e-52   6.2e-50  167.8  20.5     1   291   128   420   128   423 0.92 GCF_020567525.1
NZ_MWLL01000160.1_83     -            683 Proton_antipo_M      PF00361.25   294   8.4e-49  164.1  12.8   1   1   2.7e-51   1.7e-48  163.1  12.8     1   279   126   413   126   428 0.89 GCF_002198675.1
NZ_AOLK01000015.1_38     -            495 Proton_antipo_M      PF00361.25   294   9.1e-37  124.6  16.5   1   1   3.7e-39   2.3e-36  123.3  16.5     3   225   114   329   112   345 0.93 GCF_000336755.1
NZ_CP072036.1_1768   -            610 Proton_antipo_N      PF00662.25    51   4.4e-19   65.9   1.1   1   1   3.6e-22   4.4e-19   65.9   1.1     1    51    63   114    63   114 0.98 GCF_018847375.1
NZ_AOLK01000015.1_38 -            495 Proton_antipo_N      PF00662.25    51     8e-12   42.7   0.9   1   1   6.5e-15     8e-12   42.7   0.9    13    51    58    96    50    96 0.97 GCF_000336755.1
NZ_CP100445.1_460    -            858 Proton_antipo_N      PF00662.25    51   1.5e-09   35.4   0.4   1   1   1.2e-12   1.5e-09   35.4   0.4     2    51    63   110    62   110 0.95 GCF_024227435.1
NZ_WUYX01000071.1_162 -            467 Prot_ATP_ID_OB_C     PF16450.10    56   2.1e-07   28.5   1.8   1   1   2.2e-10   7.9e-07   26.6   1.8     1    46   134   179   134   186 0.93 GCF_009834785.1
JAFEGL010000003.1_139 -            216 Pro_CA               PF00484.24   156     2e-36  123.4   0.1   1   1   7.9e-40   2.9e-36  122.8   0.1     1   156    66   207    66   207 0.89 GCA_018239895.1
NZ_JAKUHT010000001.1_236 -            316 Pro_dh               PF01619.23   278     3e-40  136.3   0.3   1   1   2.4e-43   4.5e-40  135.7   0.3     3   276    45   308    43   310 0.92 GCF_022436705.1
JAATVK010000032.1_8      -            313 Pro_dh               PF01619.23   278   3.1e-37  126.4   0.5   1   1   2.3e-40   4.3e-37  125.9   0.5     7   272    51   302    45   304 0.89 GCA_014523485.1
JADJWG010000002.1_809 -            258 PseudoU_synth_1      PF01416.25   108   5.3e-41  137.2   0.0   1   2   1.2e-13   4.3e-10   37.8   0.0     4    99    10    97     9   104 0.91 GCA_016716475.1
JADJWG010000002.1_809 -            258 PseudoU_synth_1      PF01416.25   108   5.3e-41  137.2   0.0   2   2   3.6e-32   1.3e-28   97.4   0.0     1   102   146   242   146   246 0.96 GCA_016716475.1
NZ_JAKUHT010000011.1_223 -            255 PseudoU_synth_2      PF00849.27   152   4.7e-23   79.8   0.0   1   1   1.8e-26   6.8e-23   79.3   0.0     2   151    81   212    80   213 0.90 GCF_022436705.1
JAHEFU010000059.1_4  -            241 PspA_IM30            PF04012.17   220   5.5e-17   59.8  17.6   1   1     2e-20   7.5e-17   59.4  17.6     3   211     2   211     1   228 0.87 GCA_024645305.1
NZ_LIGX01000041.1_210 -            297 PS_Dcarbxylase       PF02666.20   198   7.7e-45  150.7   0.0   1   1   2.7e-48   9.9e-45  150.4   0.0     1   182    88   273    88   283 0.95 GCF_001683795.1
NZ_NHSQ01000084.1_114 -            703 PTA_PTB              PF01515.24   319  6.6e-131  434.2   0.0   1   1  2.6e-134  9.5e-131  433.6   0.0     1   319   371   688   371   688 0.99 GCF_016653465.1
JAFGCY010000091.1_31    -            126 PTPS                 PF01242.24   121   2.9e-42  141.2   0.2   1   1   2.6e-45   3.2e-42  141.1   0.2     2   119     8   125     7   126 0.99 GCA_016932385.1
NZ_AEXL02000098.1_35    -            117 PTPS                 PF01242.24   121   1.3e-23   81.1   0.0   1   1   1.1e-26   1.4e-23   80.9   0.0     3   119     6   116     4   117 0.94 GCF_000242875.2
NZ_JAJCVI010000001.1_40 -            152 PTPS                 PF01242.24   121     6e-21   72.4   0.0   1   1     7e-24   8.6e-21   71.9   0.0     7   112    29   144    25   147 0.91 GCF_020567525.1
NC_015948.1_625      -            222 PTS_2-RNA            PF01885.21   177   1.6e-34  117.2   0.0   1   1   5.1e-38   1.9e-34  117.0   0.0     2   175    34   209    33   211 0.85 GCF_000223905.1
RKSK01000012.1_6     -            156 PUA                  PF01472.25    74   4.4e-21   72.4   0.9   1   1   5.6e-24   6.8e-21   71.8   0.9     1    73    72   144    72   145 0.95 GCA_007570915.1
NZ_CP100355.1_1040   -            166 PUA                  PF01472.25    74   4.9e-21   72.2   0.1   1   1     4e-24   4.9e-21   72.2   0.1     2    72    89   159    88   161 0.98 GCF_024204665.1
NZ_CP085301.1_3088   -            205 PUA                  PF01472.25    74   2.2e-20   70.2   1.0   1   1   2.9e-23   3.6e-20   69.5   1.0     1    72   130   201   130   203 0.98 GCF_020700235.1
NZ_WSZK01000006.1_159 -            390 PurK_C               PF17769.6     56   8.8e-19   64.8   0.0   1   1   4.5e-22   1.6e-18   63.9   0.0     2    54   319   377   318   379 0.89 GCF_009791395.1
NZ_CP101458.1_1140   -             83 PurS                 PF02700.19    77   1.8e-25   86.6   0.0   1   1   1.1e-28     2e-25   86.5   0.0     2    77     6    80     5    80 0.98 GCF_024362525.1
JAATVP010000109.1_14 -             96 PurS                 PF02700.19    77   3.3e-17   60.2   0.1   1   1   2.1e-20   3.9e-17   60.0   0.1     2    76    13    89    12    90 0.95 GCA_014523625.1
JAFEGH010000005.1_2  -            409 Pur_ac_phosph_N      PF16656.10    93   3.5e-12   44.5   1.2   1   1   4.7e-15   3.5e-12   44.5   1.2     3    93    22   106    20   106 0.90 GCA_018240065.1
JOSY01000001.1_4      -            133 Putative_PNPOx       PF01243.25    88   1.1e-16   58.6   0.0   1   1   2.4e-19   1.8e-16   57.9   0.0     6    80     5    78     2    82 0.90 GCA_000746765.1
JAKCFM010000001.1_275 -            133 Putative_PNPOx       PF01243.25    88   1.1e-16   58.6   0.0   1   1   1.8e-19   1.4e-16   58.3   0.0     4    87     6    90     3    91 0.96 GCA_025041195.1
NZ_CP021324.1_923     -            132 Putative_PNPOx       PF01243.25    88   5.9e-11   40.2   0.0   1   1   9.8e-14   7.2e-11   39.9   0.0     8    87    11    89     4    90 0.90 GCF_002156965.1
NZ_FOTC01000003.1_48  -            151 Putative_PNPOx       PF01243.25    88   2.6e-07   28.5   0.0   1   1   4.6e-10   3.4e-07   28.1   0.0     3    88    17   105    15   105 0.96 GCF_900114455.1
JACDHC010000112.1_9   -            138 Putative_PNPOx       PF01243.25    88   1.4e-05   23.0   0.0   1   1   2.6e-08   1.9e-05   22.5   0.0    16    86    13    82     3    84 0.94 GCA_013821245.1
JADJWG010000002.1_644  -            184 PvlArgDC             PF01862.21   161   9.6e-60  198.9   0.0   1   1   5.9e-63   1.1e-59  198.7   0.0     1   160     5   181     5   182 0.99 GCA_016716475.1
JAKCFM010000001.1_2247 -            157 PvlArgDC             PF01862.21   161   1.7e-25   87.5   0.0   1   1   1.2e-28   2.1e-25   87.2   0.0     5   160     4   150     3   151 0.92 GCA_025041195.1
NZ_QLVG01000049.1_28 -            346 PylC-like_N          PF21360.2     96   8.1e-08   30.1   0.0   1   1   5.4e-11     2e-07   28.8   0.0    21    88    25    92     4    99 0.87 GCF_003382685.1
CAJWBY010000316.1_3  -            438 PYNP_C               PF07831.18    75   2.5e-17   60.1   0.3   1   1   1.5e-20   5.4e-17   59.0   0.3     1    75   349   423   349   423 0.97 GCA_913020705.1
NZ_CP035119.1_2275   -            349 Pyridoxal_deC        PF00282.24   375   9.8e-27   91.4   0.0   1   1   1.2e-29   4.6e-26   89.1   0.0    72   356    39   287    31   301 0.79 GCF_004087835.1
NZ_FOTC01000003.1_48    -            151 Pyridox_ox_2         PF12900.12   140     2e-21   74.2   0.0   1   1   3.7e-24   2.3e-21   74.0   0.0     2   139    16   145    15   146 0.85 GCF_900114455.1
NZ_JAJCVJ010000004.1_53 -            155 Pyridox_ox_2         PF12900.12   140     2e-15   54.7   0.1   1   1     4e-18   2.4e-15   54.5   0.1     3   100    12   106    10   149 0.73 GCF_020567425.1
LKNH01000054.1_6        -            151 Pyridox_ox_2         PF12900.12   140   1.9e-13   48.4   0.0   1   1   3.6e-16   2.2e-13   48.1   0.0     1   140    10   143    10   143 0.86 GCA_001564135.1
JOSY01000001.1_4        -            133 Pyridox_ox_2         PF12900.12   140   4.2e-12   44.0   0.0   1   1   8.2e-15     5e-12   43.7   0.0     6   125     5   115     2   130 0.80 GCA_000746765.1
JAKCFM010000001.1_275   -            133 Pyridox_ox_2         PF12900.12   140   6.1e-11   40.2   0.0   1   1   1.2e-13   7.1e-11   40.0   0.0     4   137     6   129     4   132 0.76 GCA_025041195.1
NZ_CP021324.1_923       -            132 Pyridox_ox_2         PF12900.12   140   3.8e-08   31.2   0.0   1   1   7.1e-11   4.3e-08   31.0   0.0     7   116    10   109     5   125 0.83 GCF_002156965.1
JAFAQB010000195.1_13 -            178 Pyrophosphatase      PF00719.24   153   1.6e-59  197.9   0.4   1   1   4.9e-63   1.8e-59  197.7   0.4     1   153    19   174    19   174 0.99 GCA_019246625.1
NZ_CP024808.1_294    -             94 Pyr_excise           PF03013.19    81   2.8e-22   76.7   1.5   1   1   1.1e-25   3.9e-22   76.2   1.5    21    79     2    60     1    62 0.97 GCF_002787055.1
NZ_CP031310.1_1826       -            474 Pyr_redox            PF00070.32    82   1.1e-20   71.7   1.1   1   1   1.5e-19   3.9e-17   60.3   0.3     2    75   178   249   177   256 0.93 GCF_004799665.1
NZ_CP100445.1_2546       -            492 Pyr_redox            PF00070.32    82   8.5e-19   65.6   2.5   1   1   2.1e-18   5.6e-16   56.6   0.0     2    80   187   262   186   270 0.92 GCF_024227435.1
NZ_MWLL01000206.1_4      -            405 Pyr_redox            PF00070.32    82   1.9e-16   58.1   8.5   1   1   3.6e-14   9.3e-12   43.1   0.8     1    80   232   306   232   312 0.96 GCF_002198675.1
NZ_CP095757.1_765        -            402 Pyr_redox            PF00070.32    82     2e-07   29.2   0.3   1   1   1.5e-09   4.1e-07   28.2   0.3     1    42     2    43     2    60 0.83 GCF_023093535.1
NZ_LWHG01000021.1_300    -            197 Pyr_redox            PF00070.32    82   2.4e-06   25.8   1.8   1   1     2e-08   5.1e-06   24.7   0.7     2    35     4    37     3    45 0.93 GCF_001625445.1
NZ_CP031310.1_1826       -            474 Pyr_redox_2          PF07992.19   291   2.6e-54  182.3   0.3   1   1   1.5e-56   3.7e-54  181.8   0.3     3   285     5   316     3   325 0.93 GCF_004799665.1
NZ_CP100445.1_2546       -            492 Pyr_redox_2          PF07992.19   291   1.2e-51  173.6   2.1   1   1   6.5e-54   1.6e-51  173.2   2.1     1   277     4   330     4   375 0.90 GCF_024227435.1
NZ_MWLL01000206.1_4      -            405 Pyr_redox_2          PF07992.19   291   2.8e-48  162.5   8.7   1   1   1.5e-50   3.6e-48  162.2   8.7     1   291    89   378    89   378 0.91 GCF_002198675.1
NZ_AOJN01000049.1_382    -            306 Pyr_redox_2          PF07992.19   291   9.4e-37  124.7   5.6   1   1   4.5e-39   1.1e-36  124.5   5.6     3   291     4   279     2   279 0.89 GCF_000337335.1
JADDOW010000092.1_10     -            363 Pyr_redox_2          PF07992.19   291   5.3e-32  109.1   0.1   1   1   2.8e-34   6.9e-32  108.7   0.1     1   287     6   324     6   328 0.81 GCA_016782225.1
NZ_ML974141.1_6          -            184 Pyr_redox_2          PF07992.19   291     3e-19   67.3   1.2   1   1   6.5e-14   1.6e-11   41.9   1.1   198   282    69   151    48   160 0.80 GCF_004143485.2
NZ_BBJP01000054.1_6      -            259 Pyr_redox_2          PF07992.19   291   1.6e-11   41.9   0.2   1   1   2.2e-09   5.4e-07   27.0   0.0     1   107    15   124    15   143 0.72 GCF_000739595.1
NZ_JAALLS010000022.1_3   -            415 Pyr_redox_2          PF07992.19   291   4.4e-08   30.6   1.5   1   1   3.3e-09   8.2e-07   26.4   1.3     2   116     9   182     8   194 0.75 GCF_011059105.1
NZ_MWLL01000206.1_4   -            405 Pyr_redox_3          PF13738.11   305   4.9e-24   82.9   0.4   1   1   8.3e-20   5.1e-17   59.8   0.0    77   305   141   361   128   361 0.82 GCF_002198675.1
NZ_AOJN01000049.1_382 -            306 Pyr_redox_3          PF13738.11   305   7.7e-19   65.8   0.8   1   1     2e-17   1.2e-14   52.0   0.1    80   305    55   263    39   263 0.81 GCF_000337335.1
JADDOW010000092.1_10  -            363 Pyr_redox_3          PF13738.11   305   2.7e-13   47.5   1.4   1   1   2.7e-15   1.6e-12   45.0   1.4     1   305     9   311     9   311 0.79 GCA_016782225.1
NZ_CP100445.1_2546    -            492 Pyr_redox_3          PF13738.11   305   2.3e-10   38.0   0.1   1   1   4.8e-11     3e-08   31.0   0.0   118   305   140   327   122   327 0.75 GCF_024227435.1
NZ_CP100445.1_2546   -            492 Pyr_redox_dim        PF02852.27   110   2.4e-23   80.2   0.1   1   1   2.5e-26   4.7e-23   79.3   0.1     1   107   363   469   363   472 0.95 GCF_024227435.1
NZ_CP031310.1_1826   -            474 Pyr_redox_dim        PF02852.27   110   2.7e-13   47.9   0.0   1   1   1.1e-15     2e-12   45.0   0.0     7   104   359   458   353   462 0.86 GCF_004799665.1
JAFEGL010000042.1_57  -            286 QRPTase_C            PF01729.24   169   1.8e-54  181.8   0.2   1   1   1.8e-57   2.3e-54  181.4   0.2     1   169   115   284   115   284 0.96 GCA_018239895.1
JAKCFM010000001.1_290 -            380 QRPTase_C            PF01729.24   169   5.2e-15   53.3   0.0   1   1   6.3e-18   7.8e-15   52.8   0.0     1   169   111   297   111   297 0.86 GCA_025041195.1
JAHEFU010000002.1_21  -            216 QRPTase_C            PF01729.24   169   4.1e-06   24.4   0.0   1   1   5.5e-09   6.8e-06   23.7   0.0   112   157   152   197   123   203 0.91 GCA_024645305.1
JAKCFM010000001.1_290 -            380 QRPTase_N            PF02749.21    82   2.2e-19   67.2   0.0   1   1   2.8e-22   5.1e-19   66.1   0.0     1    82    17   109    17   109 0.96 GCA_025041195.1
JAFEGL010000042.1_57  -            286 QRPTase_N            PF02749.21    82   3.5e-19   66.6   0.0   1   1     4e-22   7.3e-19   65.6   0.0     1    82    28   113    28   113 0.98 GCA_018239895.1
NZ_NHSQ01000009.1_3  -            240 QueC                 PF06508.18   210   1.4e-74  247.9   0.0   1   1   1.7e-77   1.6e-74  247.7   0.0     2   209     4   218     3   219 0.96 GCF_016653465.1
RHFB01000061.1_5     -            263 QueC                 PF06508.18   210   1.3e-07   29.0   0.0   1   1   3.5e-10   3.3e-07   27.8   0.0     2    63    17    79    16    86 0.87 GCA_003724285.1
NZ_AVSQ01000018.1_11 -            116 QueC                 PF06508.18   210   6.6e-06   23.5   0.0   1   1   9.2e-09   8.5e-06   23.2   0.0     3    65    38   102    36   113 0.86 GCF_000685395.1
JALDAN010000004.1_23 -            229 Rad51                PF08423.16   244     1e-34  117.7   0.0   1   1   6.4e-38   1.2e-34  117.4   0.0     5   241     3   220     1   224 0.92 GCA_022729355.1
JAJXYX010000057.1_16 -            354 Rad51                PF08423.16   244   1.2e-09   35.6   0.2   1   1     2e-12   3.7e-09   33.9   0.2     7   213    44   234    38   239 0.75 GCA_021780355.1
CAJWBY010000012.1_39 -            152 RadC                 PF04002.20   121   5.8e-42  140.2   0.0   1   1   2.1e-45   7.8e-42  139.8   0.0     2   121    33   151    32   151 0.97 GCA_913020705.1
JADKAQ010000001.1_636 -            327 Radical_SAM          PF04055.26   166   1.8e-33  113.8   0.0   1   1   7.5e-36   2.5e-33  113.3   0.0     1   166    19   181    19   181 0.95 GCA_016719105.1
NZ_CP072036.1_899     -            415 Radical_SAM          PF04055.26   166   6.4e-32  108.8   0.1   1   1   3.1e-34     1e-31  108.1   0.1     2   166    52   208    51   208 0.94 GCF_018847375.1
NZ_PHNJ01000001.1_744 -            377 Radical_SAM          PF04055.26   166   2.3e-24   84.2   0.0   1   1   9.4e-27   3.2e-24   83.7   0.0     2   159    18   170    17   177 0.90 GCF_008122205.1
JAEHKV010000040.1_1   -            295 Radical_SAM          PF04055.26   166     2e-23   81.1   0.0   1   1   8.4e-26   2.8e-23   80.7   0.0     2   163    68   239    67   242 0.90 GCA_016838845.1
WHTU01000006.1_5      -            483 Radical_SAM          PF04055.26   166   6.4e-22   76.2   0.2   1   1   3.1e-24     1e-21   75.5   0.2     1   166   192   365   192   365 0.91 GCA_009377575.1
JADJWG010000001.1_668 -            390 Radical_SAM          PF04055.26   166   8.8e-22   75.8   0.1   1   1   1.1e-23   3.6e-21   73.8   0.0     1   163    69   247    69   250 0.90 GCA_016716475.1
NZ_MWLL01000064.1_14  -            531 Radical_SAM          PF04055.26   166   3.2e-21   73.9   0.0   1   1   1.5e-23     5e-21   73.3   0.0     4   166   218   387   215   387 0.90 GCF_002198675.1
NZ_WSZK01000001.1_43  -            293 Radical_SAM          PF04055.26   166   1.7e-17   61.8   0.9   1   1   3.1e-17     1e-14   52.8   0.1     3    95    60   163    58   171 0.91 GCF_009791395.1
NZ_CP031310.1_2353    -            310 Radical_SAM          PF04055.26   166   4.5e-17   60.5   0.0   1   1   2.1e-19   7.1e-17   59.8   0.0     3   163    66   223    64   236 0.91 GCF_004799665.1
LFEZ01000013.1_15     -            226 Radical_SAM          PF04055.26   166   3.3e-13   47.9   0.0   1   1   4.3e-15   1.4e-12   45.8   0.0     4    92    26   112    23   125 0.80 GCA_001510295.1
NC_012029.1_642       -            625 Radical_SAM          PF04055.26   166   1.2e-10   39.6   0.0   1   1   7.8e-13   2.6e-10   38.5   0.0     1   141   204   358   204   365 0.83 GCF_000022205.1
NZ_CP100000.1_2165      -            250 Rce1-like            PF02517.21    93   1.9e-22   77.2   5.1   1   1     3e-25   1.9e-22   77.2   5.1     4    92   128   226   125   227 0.92 GCF_024138165.1
NZ_CP101458.1_162       -            272 Rce1-like            PF02517.21    93   3.2e-20   70.0   7.9   1   1   5.3e-23   3.2e-20   70.0   7.9     4    93   137   240   134   240 0.92 GCF_024362525.1
NZ_JDTH01000001.1_577   -            257 Rce1-like            PF02517.21    93   2.1e-19   67.4   2.9   1   1   3.4e-22   2.1e-19   67.4   2.9     4    93   146   244   143   244 0.93 GCF_000710615.1
CP094974.1_4894         -            290 Rce1-like            PF02517.21    93   4.7e-16   56.6   5.6   1   1   7.7e-19   4.7e-16   56.6   5.6     3    91   136   236   133   238 0.91 GCA_022869805.1
NZ_JAJCVJ010000003.1_73 -            292 Rce1-like            PF02517.21    93   6.5e-15   53.0   3.6   1   1   1.1e-17   6.5e-15   53.0   3.6     4    93   125   232   121   232 0.79 GCF_020567425.1
NZ_WUUT01000006.1_4  -            150 RDD                  PF06271.17   137   9.8e-20   69.0   1.2   1   1   7.5e-23   1.4e-19   68.5   1.2     4   136    17   134    14   135 0.83 GCF_009831575.1
NZ_CP024808.1_958    -            137 RDD                  PF06271.17   137   1.6e-14   52.1   1.7   1   1   1.5e-16   2.7e-13   48.1   1.7     1   132     9   117     9   124 0.78 GCF_002787055.1
NZ_OBEJ01000002.1_236 -            209 RdfA                 PF21811.2    195   1.6e-56  189.0   9.0   1   1   4.9e-60   1.8e-56  188.8   9.0     1   195     3   192     3   192 0.95 GCF_900215575.1
JAJXYX010000057.1_16 -            354 RecA                 PF00154.26   262  3.1e-131  434.3   1.6   1   1    2e-134  3.7e-131  434.0   1.6     1   262    12   276    12   276 0.98 GCA_021780355.1
JALDAN010000004.1_23 -            229 RecA                 PF00154.26   262   1.5e-19   68.2   0.1   1   1     1e-22   1.9e-19   67.9   0.1    29   190     2   162     1   222 0.79 GCA_022729355.1
JAJXYX010000057.1_16 -            354 RecA_C               PF21096.2     57   6.8e-24   81.6   0.1   1   1   4.2e-27   1.5e-23   80.4   0.1     1    56   279   334   279   335 0.98 GCA_021780355.1
NZ_JAALLS010000018.1_44 -            222 RecX_HTH1            PF21982.1     40   4.2e-15   53.2   1.7   1   1   2.1e-14   7.7e-11   39.6   0.8     2    40    72   110    72   110 0.96 GCF_011059105.1
NZ_JAALLS010000018.1_44 -            222 RecX_HTH2            PF02631.21    42   4.3e-13   47.1   0.4   1   1   3.9e-16   1.4e-12   45.4   0.0     1    39   117   155   117   158 0.96 GCF_011059105.1
NZ_JAALLS010000018.1_44 -            222 RecX_HTH3            PF21981.1     48   5.6e-08   30.6   3.1   1   1   3.8e-10   1.4e-06   26.1   2.0     9    41   173   206   168   211 0.82 GCF_011059105.1
NZ_CP095757.1_2221    -            427 Redoxin              PF08534.15   148   1.3e-26   90.9   0.0   1   1   2.7e-29     2e-26   90.3   0.0     3   139    40   167    38   179 0.91 GCF_023093535.1
NZ_AOLK01000015.1_286 -            168 Redoxin              PF08534.15   148   4.6e-24   82.6   0.2   1   1   7.6e-27   5.6e-24   82.4   0.2     2   146     4   151     3   153 0.90 GCF_000336755.1
JADJWG010000004.1_337 -            175 Redoxin              PF08534.15   148   1.3e-20   71.5   0.0   1   1   2.1e-23   1.5e-20   71.2   0.0     2   136    23   148    22   158 0.91 GCA_016716475.1
NZ_CP012850.1_1957    -            184 Redoxin              PF08534.15   148   2.7e-18   63.9   0.0   1   1   4.4e-21   3.2e-18   63.7   0.0     2   131    12   135    11   157 0.90 GCF_000802205.1
NC_017941.2_207       -            179 Redoxin              PF08534.15   148   1.4e-13   48.6   0.0   1   1   2.5e-16   1.8e-13   48.3   0.0     8   148    25   171    14   171 0.93 GCF_000306765.2
NZ_WRXM01000001.1_417 -            350 Regulator_TrmB       PF11495.13   233     2e-65  218.0   0.0   1   1   2.4e-68   4.4e-65  216.9   0.0     1   232   111   344   111   345 0.98 GCF_010119205.1
JADFLH010000023.1_17  -            276 Regulator_TrmB       PF11495.13   233   2.1e-07   28.2   0.2   1   1   1.9e-10   3.5e-07   27.4   0.2     2   136   139   274   138   276 0.80 GCA_022564515.1
NZ_CP085329.1_203    -            331 Reg_prop             PF07494.16    24   1.3e-06   25.7   1.1   1   1   3.7e-09   1.4e-05   22.7   0.1     3    23    66    86    64    86 0.91 GCF_020614375.1
VHBK01000024.1_12    -            372 Reprolysin_5         PF13688.11   196   1.1e-07   30.0   0.0   1   1   9.5e-11   1.8e-07   29.4   0.0    81   169   259   369   222   372 0.77 GCA_016872015.1
NZ_PHNJ01000004.1_156   -            488 ResIII               PF04851.20   164   1.4e-32  110.7   0.0   1   1   1.7e-34   4.2e-32  109.1   0.0     2   164    97   252    96   252 0.96 GCF_008122205.1
NZ_RKSM01000001.1_2127  -            628 ResIII               PF04851.20   164   1.2e-24   84.8   0.0   1   1   8.5e-27   2.1e-24   84.0   0.0     2   164   258   401   257   401 0.91 GCF_008729015.1
NSIR01000004.1_97       -            546 ResIII               PF04851.20   164   2.4e-21   74.1   0.0   1   1   2.2e-23   5.5e-21   72.9   0.0     3   163    60   213    49   214 0.82 GCA_002737445.1
VYCS01000001.1_6        -           1034 ResIII               PF04851.20   164   7.8e-19   65.9   1.3   1   1     2e-19   4.9e-17   60.1   0.0     2   163    49   215    48   216 0.77 GCA_009843815.1
DP000238.1_1814         -            912 ResIII               PF04851.20   164   9.6e-15   52.6   0.0   1   1   6.3e-17   1.5e-14   51.9   0.0    20   162    36   194    22   196 0.84 GCA_000200715.1
NZ_CP099997.1_1549      -           1027 ResIII               PF04851.20   164   2.3e-13   48.1   0.0   1   1   2.4e-15   5.9e-13   46.8   0.0    24   143   141   256    77   278 0.82 GCF_024138145.1
NZ_QPII01000005.1_231   -            959 ResIII               PF04851.20   164   3.9e-12   44.1   0.0   1   1   3.9e-14   9.5e-12   42.9   0.0     3   162    40   200    38   202 0.78 GCF_003336675.1
CAJWBY010000200.1_6     -            417 ResIII               PF04851.20   164   6.4e-12   43.4   0.2   1   1   1.1e-13   2.7e-11   41.4   0.0     5   163    25   188    22   189 0.84 GCA_913020705.1
NZ_RDFA01000004.1_64    -            837 ResIII               PF04851.20   164   1.6e-11   42.1   0.0   1   1   3.2e-09   7.9e-07   26.9   0.0     7    78    44   114    39   130 0.83 GCF_004118325.1
RHFA01000128.1_14       -            812 ResIII               PF04851.20   164   2.1e-11   41.8   0.0   1   1     3e-13   7.3e-11   40.0   0.0    30   163     1   191     1   192 0.74 GCA_003724275.1
NZ_CP030846.1_1140      -            107 ResIII               PF04851.20   164   8.3e-11   39.8   0.1   1   1   3.6e-13   8.8e-11   39.7   0.1     3    92    16    95     6   107 0.78 GCF_013407275.1
JACENB010000018.1_1     -            439 ResIII               PF04851.20   164   2.1e-10   38.5   1.1   1   1   8.6e-12   2.1e-09   35.2   0.0     6    85    17    88    12   148 0.81 GCA_013867245.1
NZ_JAKUHT010000013.1_65 -            638 ResIII               PF04851.20   164   6.5e-07   27.2   0.0   1   1     5e-09   1.2e-06   26.3   0.0    21   162   223   363   194   365 0.76 GCF_022436705.1
NZ_JAALLS010000002.1_138 -            226 Response_reg         PF00072.29   111   9.7e-33  110.4   0.6   1   1   8.4e-35   1.5e-32  109.9   0.6     1   111     7   119     7   119 0.98 GCF_011059105.1
JADKAQ010000001.1_135    -            278 Response_reg         PF00072.29   111     2e-26   90.1   0.0   1   1   4.5e-28   7.9e-26   88.2   0.0     1   109     5   112     5   114 0.97 GCA_016719105.1
JADKAQ010000017.1_109    -            362 Response_reg         PF00072.29   111   6.5e-24   82.0   0.2   1   1     1e-25   1.8e-23   80.6   0.2     1   100     9   111     9   117 0.92 GCA_016719105.1
NZ_CP011070.1_837        -            119 Response_reg         PF00072.29   111   5.3e-23   79.1   0.3   1   1   3.4e-25   5.9e-23   78.9   0.3     1   105     5   110     5   116 0.97 GCF_000956175.1
NZ_WUYX01000013.1_51     -            623 Response_reg         PF00072.29   111   1.4e-22   77.7   0.0   1   1   2.5e-24   4.4e-22   76.1   0.0     2   101    12   113    11   120 0.96 GCF_009834785.1
NZ_JADDKQ010000016.1_68  -            642 Response_reg         PF00072.29   111   4.5e-22   76.1   0.0   1   1   8.4e-24   1.5e-21   74.4   0.0     1   110     6   117     6   118 0.96 GCF_016464425.1
NZ_FTNO01000002.1_63     -            743 Response_reg         PF00072.29   111   1.5e-20   71.2   0.0   1   1   2.5e-22   4.3e-20   69.7   0.0     1   101     7   109     7   119 0.91 GCF_900156425.1
NZ_CP024808.1_702        -            302 Response_reg         PF00072.29   111   2.8e-20   70.3   0.0   1   1   2.7e-22   4.7e-20   69.6   0.0     1   110     6   121     6   122 0.91 GCF_002787055.1
NZ_FNFE01000005.1_157    -            565 Response_reg         PF00072.29   111   2.7e-19   67.1   0.0   1   1   3.7e-21   6.5e-19   65.9   0.0     2   100    23   123    22   134 0.96 GCF_900100335.1
JAGXTE010000027.1_7      -            126 Response_reg         PF00072.29   111   2.8e-19   67.1   0.1   1   1   1.8e-21   3.2e-19   66.9   0.1     2   110     5   114     4   115 0.91 GCA_018334095.1
NZ_OBEJ01000001.1_888    -            706 Response_reg         PF00072.29   111   4.1e-18   63.4   0.0   1   1   5.7e-20   9.9e-18   62.1   0.0     1   104     7   113     7   120 0.93 GCF_900215575.1
JACZSC010000062.1_3      -            206 Response_reg         PF00072.29   111   7.1e-18   62.6   0.1   1   1   7.3e-20   1.3e-17   61.8   0.1     2   107     6   112     5   116 0.91 GCA_022574415.1
CP060262.1_2227          -           1206 Response_reg         PF00072.29   111   3.2e-17   60.5   0.0   1   1   4.3e-19   7.5e-17   59.3   0.0     1   111  1075  1187  1075  1187 0.95 GCA_022646745.1
JABSRD010000004.1_87     -            119 Response_reg         PF00072.29   111   3.7e-17   60.3   0.1   1   1   2.3e-19   4.1e-17   60.1   0.1     1   108     3   113     3   116 0.94 GCA_013215285.1
NZ_JADDKQ010000016.1_69  -            247 Response_reg         PF00072.29   111   7.6e-17   59.3   0.0   1   1   9.5e-19   1.7e-16   58.2   0.0     2   109     2   109     1   111 0.96 GCF_016464425.1
NZ_CP095757.1_1147       -            754 Response_reg         PF00072.29   111   3.3e-15   54.0   0.0   1   1   5.3e-17   9.2e-15   52.6   0.0    13   101    29   120    25   128 0.90 GCF_023093535.1
NZ_JAJCVI010000003.1_202 -            640 Response_reg         PF00072.29   111   7.1e-15   52.9   0.0   1   1   9.7e-17   1.7e-14   51.7   0.0     1    98     7   106     7   118 0.95 GCF_020567525.1
CM001158.1_892           -            131 Response_reg         PF00072.29   111   8.4e-13   46.2   0.0   1   1   5.7e-15   9.9e-13   46.0   0.0     2   110     9   125     8   126 0.94 GCA_000204585.1
NZ_AOJN01000018.1_11     -            185 Response_reg         PF00072.29   111   4.9e-11   40.6   0.0   1   1   3.7e-13   6.5e-11   40.2   0.0     5   109    31   145    27   147 0.78 GCF_000337335.1
NZ_WUYX01000050.1_9      -            155 Response_reg         PF00072.29   111   3.2e-09   34.7   0.0   1   1   2.4e-11   4.2e-09   34.3   0.0     1   110    13   135    13   136 0.86 GCF_009834785.1
NZ_JALIQP010000006.1_150 -            200 Response_reg         PF00072.29   111   8.1e-09   33.4   0.0   1   1   8.2e-11   1.4e-08   32.6   0.0     1   110     8   111     8   112 0.88 GCF_023566055.1
NZ_CP100454.1_2898   -            386 RGP                  PF03214.18   342   4.3e-17   60.0   0.0   1   1   1.2e-20   4.5e-17   60.0   0.0    90   335   107   369     7   376 0.71 GCF_024228315.1
JALDAN010000032.1_9    -            122 RHH_1                PF01402.26    39   1.4e-08   32.2   0.1   1   1   1.1e-11   1.4e-08   32.2   0.1     2    38     4    41     3    42 0.96 GCA_022729355.1
JADFQH010000109.1_2    -            181 RHH_1                PF01402.26    39   8.4e-07   26.6   0.0   1   1   1.6e-09     2e-06   25.4   0.0     1    36     4    39     4    41 0.97 GCA_022561895.1
JAKCFJ010000001.1_3064 -            100 RHH_1                PF01402.26    39   8.6e-06   23.3   0.1   1   1   1.8e-08   2.2e-05   22.0   0.1     1    37     6    42     6    44 0.98 GCA_025041175.1
JAJNBK010000015.1_10 -            274 Rhodanese            PF00581.25   102   8.7e-35  117.0   0.1   1   2   3.1e-16   5.8e-13   47.0   0.1     2   101    15   124    14   125 0.83 GCA_021155845.1
JAJNBK010000015.1_10 -            274 Rhodanese            PF00581.25   102   8.7e-35  117.0   0.1   2   2   7.3e-23   1.4e-19   68.2   0.0     4    98   156   272   154   274 0.90 GCA_021155845.1
JAKUOP010000009.1_15 -             96 Rhodanese            PF00581.25   102   6.3e-16   56.5   0.1   1   1   4.2e-19   7.7e-16   56.2   0.1     7   100     9    95     6    96 0.84 GCA_022450565.1
LKNH01000019.1_4     -            307 Rhomboid             PF01694.27   143   6.7e-25   85.7  19.4   1   1   5.5e-28   6.7e-25   85.7  19.4     3   139   126   270   124   274 0.91 GCA_001564135.1
NZ_CP100454.1_1090   -            209 Rhomboid             PF01694.27   143   1.3e-19   68.5  11.3   1   1   1.6e-22   1.9e-19   68.0  11.3     4   139    54   194    51   198 0.87 GCF_024228315.1
NZ_CP031310.1_2705   -            575 Rhomboid             PF01694.27   143   9.2e-10   36.6  16.6   1   1   7.5e-13   9.2e-10   36.6  16.6     6   142   111   270   107   271 0.73 GCF_004799665.1
NZ_CP072036.1_804    -           1879 RHS_repeat           PF05593.19    38   1.7e-22   77.1 115.0   1   1   1.6e-08   1.5e-05   23.1   0.0     1    29   518   546   518   549 0.95 GCF_018847375.1
NZ_JDTH01000002.1_447    -            215 RibD_C               PF01872.22   197     2e-51  172.3   0.1   1   1   2.5e-54   2.3e-51  172.2   0.1     2   197     2   205     1   205 0.96 GCF_000710615.1
NZ_JALLPK010000002.1_255 -            196 RibD_C               PF01872.22   197   1.7e-20   71.4   0.1   1   1   2.8e-23   2.6e-20   70.8   0.1     2   196     3   184     2   185 0.86 GCF_023276375.1
QNGA01000006.1_150       -            184 RibD_C               PF01872.22   197   1.9e-20   71.2   0.0   1   1   8.7e-23     8e-20   69.2   0.0     3   194     4   175     2   178 0.84 GCA_003298465.1
WHSX01000204.1_6         -             57 RibD_C               PF01872.22   197   1.4e-07   29.3   0.0   1   1   1.6e-10   1.5e-07   29.2   0.0   147   197     1    49     1    49 0.93 GCA_009379865.1
PXRX01000012.1_83    -            126 Ribonuc_L-PSP        PF01042.26   121   1.2e-39  132.8   0.0   1   1   7.4e-43   1.4e-39  132.6   0.0     2   119     8   123     7   125 0.96 GCA_003023195.1
JAKCFM010000002.1_50 -            138 Ribonuc_L-PSP        PF01042.26   121   2.4e-07   28.6   0.0   1   1   2.1e-10   3.8e-07   27.9   0.0    18   117    39   135    33   138 0.85 GCA_025041195.1
NZ_FOTC01000005.1_139 -            815 Ribonuc_red_lgC      PF02867.20   523  9.3e-191  632.7   0.0   1   1  6.2e-194  1.1e-190  632.4   0.0     1   523   217   761   217   761 0.97 GCF_900114455.1
NZ_CVUA01000001.1_371 -           1049 Ribonuc_red_lgC      PF02867.20   523  3.9e-130  432.7   0.0   1   1  2.9e-133  5.3e-130  432.2   0.0     1   523   175   772   175   772 0.92 GCF_001282785.1
NZ_FOTC01000005.1_139 -            815 Ribonuc_red_lgN      PF00317.26    77   8.4e-26   87.6   0.1   1   1   4.6e-29   8.4e-26   87.6   0.1     2    76   137   213   136   214 0.97 GCF_900114455.1
NZ_CVUA01000001.1_371 -           1049 Ribonuc_red_lgN      PF00317.26    77   2.4e-15   54.1   3.2   1   1   1.3e-18   2.4e-15   54.1   3.2     4    76    28   171    25   172 0.95 GCF_001282785.1
NZ_JADDKQ010000007.1_143 -            336 Ribonuc_red_sm       PF00268.26   281   1.4e-74  248.7   1.2   1   1   9.8e-78   1.8e-74  248.4   1.2     4   281    21   302    19   302 0.98 GCF_016464425.1
NZ_CP095487.1_305        -            303 Ribonuc_red_sm       PF00268.26   281   7.5e-15   52.8   0.1   1   1   9.4e-18   1.7e-14   51.6   0.1    14   223    18   247     9   255 0.76 GCF_023028345.1
JADDOQ010000159.1_6  -            141 Ribosomal_L13        PF00572.23   119     9e-22   75.2   0.0   1   1   3.4e-25   1.2e-21   74.7   0.0     5   117     1   102     1   104 0.97 GCA_016782315.1
NZ_CP096658.1_1965   -            244 Ribosomal_L15e       PF00827.22   191   5.8e-82  271.7   5.1   1   1     2e-85   7.5e-82  271.4   5.1     1   188    52   236    52   238 0.99 GCF_023238445.1
JAATVR010000350.1_4  -            116 Ribosomal_L18        PF17135.9    188   5.1e-11   40.1   0.0   1   1   1.7e-14   6.3e-11   39.8   0.0    33   137    15   113     9   116 0.93 GCA_014523665.1
SKKJ01000069.1_4     -            133 Ribosomal_L24e       PF01246.25    66   1.8e-19   67.5   0.0   1   1   1.3e-22   2.4e-19   67.1   0.0     4    51     5    52     2    66 0.92 GCA_007121575.1
LKNH01000047.1_6     -            105 Ribosomal_L24e       PF01246.25    66   3.9e-17   60.0   0.0   1   1   2.5e-20   4.7e-17   59.8   0.0     4    52     5    53     2    67 0.90 GCA_001564135.1
JAATVR010000350.1_4  -            116 Ribosomal_L27A       PF00828.24   123   1.2e-07   30.3   0.6   1   1   1.9e-10   6.9e-07   27.8   0.6    49   122    39    96    12    97 0.68 GCA_014523665.1
NZ_FNYR01000016.1_11 -             91 Ribosomal_L31e       PF01198.24    82     5e-13   46.8   0.3   1   1   1.7e-16   6.3e-13   46.5   0.3     5    78     9    83     6    86 0.90 GCF_900109065.1
PXRK01000008.1_16    -             50 Ribosomal_L39        PF00832.25    42   1.2e-18   64.3  10.2   1   1   4.3e-22   1.6e-18   63.9  10.2     1    40     8    47     8    47 0.97 GCA_003021015.1
NZ_JANHDJ010000001.1_522 -             88 Ribosomal_L44        PF00935.24    76   5.1e-23   79.0   6.0   1   1   3.3e-26     6e-23   78.8   6.0     1    75    10    86    10    87 0.93 GCF_024494645.1
NZ_CP095487.1_1316       -             62 Ribosomal_L44        PF00935.24    76   2.1e-19   67.4   2.7   1   1   1.2e-22   2.3e-19   67.3   2.7    21    76     5    61     1    61 0.96 GCF_023028345.1
JALDAN010000024.1_18 -            125 Ribosomal_L7Ae       PF01248.31    95   1.2e-29   99.6   0.0   1   1   4.1e-33   1.5e-29   99.3   0.0     2    93    15   106    14   108 0.96 GCA_022729355.1
JAENJF010000071.1_13 -            104 Ribosomal_S10        PF00338.27    98   4.7e-25   85.5   0.0   1   1   1.4e-28     5e-25   85.4   0.0     1    91     6    93     6   102 0.92 GCA_016844685.1
VHBH01000004.1_99    -            132 Ribosomal_S11        PF00411.24   110   3.2e-41  137.9   2.3   1   1   1.1e-44   3.9e-41  137.7   2.3     1   110    10   128    10   128 0.99 GCA_016872055.1
JALDAN010000001.1_55 -            159 Ribosomal_S13        PF00416.27   128   3.4e-37  125.5   0.1   1   1   1.1e-40     4e-37  125.2   0.1     1   127     9   135     9   136 0.98 GCA_022729355.1
NZ_OBEJ01000002.1_774 -            150 Ribosomal_S13_N      PF08069.17    60   3.5e-19   66.4   0.0   1   1   1.4e-22   5.2e-19   65.9   0.0     4    57     1    54     1    56 0.98 GCF_900215575.1
NZ_OBEJ01000002.1_774 -            150 Ribosomal_S15        PF00312.27    81   2.5e-16   57.4   0.4   1   1   9.7e-20   3.6e-16   56.9   0.4    14    79    80   147    72   149 0.91 GCF_900215575.1
JAKCFJ010000002.1_244 -             63 Ribosomal_S17e       PF00833.23   122   2.9e-06   25.0   0.0   1   1   8.5e-10   3.1e-06   24.9   0.0    16    57    18    59     8    62 0.90 GCA_025041175.1
JAATVK010000077.1_8  -            150 Ribosomal_S19e       PF01090.24   137   5.8e-54  179.3   0.0   1   1   1.8e-57   6.6e-54  179.1   0.0     1   136     3   137     3   138 0.97 GCA_014523485.1
JAFAQB010000431.1_25 -            242 Ribosomal_S2         PF00318.25   216   4.2e-21   72.9   0.1   1   2     8e-11     3e-07   27.7   0.0    16    96    63   142    50   147 0.88 GCA_019246625.1
JAFAQB010000431.1_25 -            242 Ribosomal_S2         PF00318.25   216   4.2e-21   72.9   0.1   2   2   1.3e-15   4.7e-12   43.4   0.2   149   213   149   213   143   216 0.94 GCA_019246625.1
LDXL01000008.1_147   -            110 Ribosomal_S25        PF03297.20   101   1.7e-10   38.8  10.4   1   1   6.7e-14   2.5e-10   38.3  10.4     5    98    13   105     4   107 0.76 GCA_001443365.1
WHTU01000081.1_3     -             95 Ribosomal_S26e       PF01283.24   108   1.1e-23   81.6   1.0   1   1   3.3e-27   1.2e-23   81.4   1.0     1    95     1    91     1    95 0.94 GCA_009377575.1
NC_017941.2_652      -             64 Ribosomal_S27e       PF01667.22    55   2.8e-19   66.4   0.7   1   1   8.3e-23     3e-19   66.2   0.7     2    54     2    54     1    55 0.94 GCF_000306765.2
PXRK01000068.1_3     -             80 Ribosomal_S28e       PF01200.23    64   1.4e-30  102.8   1.6   1   1   4.8e-34   1.8e-30  102.5   1.6     4    63    17    76    15    77 0.97 GCA_003021015.1
NZ_FOTC01000002.1_647 -            220 Ribosomal_S3Ae       PF01015.23   191   2.1e-64  214.3   0.4   1   1   6.5e-68   2.4e-64  214.2   0.4     4   191     4   191     1   191 0.97 GCF_900114455.1
NZ_BBMP01000007.1_143 -            123 Ribosomal_S8e        PF01201.27   133   4.6e-38  128.2   5.8   1   1   2.8e-41   5.1e-38  128.1   5.8     2   132     4   121     3   122 0.99 GCF_000755245.1
JACRND010000189.1_11  -            142 Ribosomal_S8e        PF01201.27   133     4e-22   76.7   1.2   1   1   2.7e-25   4.9e-22   76.4   1.2     6   111    10   113     6   126 0.89 GCA_016234975.1
JADFQH010000047.1_1  -            108 Ribosomal_S9         PF00380.24   121   1.3e-27   94.4   0.0   1   1   3.9e-31   1.4e-27   94.3   0.0     1    98     7   108     7   108 0.87 GCA_022561895.1
JAHEFU010000002.1_21 -            216 Ribul_P_3_epim       PF00834.24   198   7.2e-63  209.3   0.0   1   1   2.2e-66   8.2e-63  209.1   0.0     1   198     2   199     2   199 0.99 GCA_024645305.1
JAATVR010000144.1_5  -            240 Rib_5-P_isom_A       PF06026.19   173   2.3e-53  178.1   0.0   1   1   7.6e-57   2.8e-53  177.8   0.0     2   173    56   223    55   223 0.96 GCA_014523665.1
NZ_QURE01000054.1_15 -            133 Rieske               PF00355.31    88   1.1e-20   71.1   0.0   1   1   1.7e-23   1.2e-20   71.0   0.0     2    81     6    85     5   116 0.91 GCF_009898475.1
JAJNBK010000116.1_4  -             90 Rieske               PF00355.31    88   5.8e-19   65.6   0.0   1   1   9.1e-22   6.7e-19   65.4   0.0     2    74    10    83     9    87 0.93 GCA_021155845.1
JAIOOR010000024.1_60 -             79 Rieske               PF00355.31    88   3.6e-17   59.8   0.0   1   1   5.5e-20     4e-17   59.7   0.0     2    77     3    77     2    78 0.96 GCA_021414365.1
NZ_CP030846.1_1193   -            100 Rieske               PF00355.31    88   1.7e-15   54.4   0.0   1   1   2.6e-18   1.9e-15   54.3   0.0     2    87     3    87     2    88 0.92 GCF_013407275.1
NZ_CP095491.1_2448   -            144 Rieske               PF00355.31    88   4.8e-08   30.6   0.2   1   1   8.6e-11   6.3e-08   30.2   0.2     6    83     8   100     4   115 0.78 GCF_023028105.1
NZ_QURE01000054.1_15 -            133 Rieske_2             PF13806.11   104   4.9e-11   40.3   0.0   1   1   8.6e-14   7.9e-11   39.6   0.0     2   103     6   131     5   132 0.91 GCF_009898475.1
NZ_CP030846.1_1193   -            100 Rieske_2             PF13806.11   104   1.3e-10   38.9   0.0   1   1   1.7e-13   1.5e-10   38.7   0.0     2   103     3    98     2    99 0.88 GCF_013407275.1
JAIOOR010000024.1_60 -             79 Rieske_2             PF13806.11   104   1.3e-08   32.5   0.0   1   1   1.7e-11   1.5e-08   32.2   0.0     2    83     3    77     2    78 0.94 GCA_021414365.1
JAJNBK010000116.1_4  -             90 Rieske_2             PF13806.11   104   5.3e-08   30.5   0.0   1   1     7e-11   6.4e-08   30.2   0.0     1    80     9    83     9    86 0.95 GCA_021155845.1
JAHENP010000075.1_9  -            465 RimK                 PF08443.16   188   1.4e-22   78.0   0.0   1   1   7.2e-26   2.7e-22   77.1   0.0    74   184   180   294   150   298 0.83 GCA_018609965.1
NZ_CP095487.1_2593   -            265 RIO1                 PF01163.27   187     1e-07   29.5   0.0   1   1     5e-11   1.9e-07   28.7   0.0    52   148    93   188    84   201 0.86 GCF_023028345.1
NZ_CP044129.1_2641      -            314 RmlD_sub_bind        PF04321.22   287   2.4e-14   50.8   0.1   1   1   4.7e-17   3.5e-14   50.3   0.1     1   235     1   254     1   269 0.76 GCF_009617995.1
PAAH01000021.1_3        -            293 RmlD_sub_bind        PF04321.22   287   3.6e-13   47.0   0.0   1   1   8.3e-16   6.1e-13   46.2   0.0     1   283     1   292     1   293 0.78 GCA_002698885.1
NZ_AOIQ01000016.1_65    -            344 RmlD_sub_bind        PF04321.22   287     4e-12   43.5   0.6   1   1   6.4e-15   4.7e-12   43.3   0.6     2   154    37   205    36   292 0.84 GCF_000337515.1
NZ_FNFE01000004.1_420   -            302 RmlD_sub_bind        PF04321.22   287   1.5e-11   41.6   0.3   1   1   2.2e-14   1.6e-11   41.5   0.3     1   152     1   164     1   257 0.85 GCF_900100335.1
NZ_JAKUHT010000007.1_11 -            270 RmlD_sub_bind        PF04321.22   287   3.6e-08   30.5   0.0   1   1   9.6e-11   7.1e-08   29.6   0.0     1   136     1   148     1   159 0.84 GCF_022436705.1
NZ_WUYX01000030.1_93      -            154 RMMBL                PF07521.17    63   1.7e-06   25.7   0.0   1   1   3.8e-09     7e-06   23.7   0.0    10    57    88   134    83   138 0.83 GCF_009834785.1
CAJWBY010000004.1_35 -            379 RNAseD_HRDC_C        PF21293.2     66   4.8e-20   68.9   1.8   1   1   2.2e-23     8e-20   68.2   0.1     1    66   302   370   302   370 0.92 GCA_913020705.1
NZ_AOJI01000017.1_262 -            254 RNase_H_2            PF13482.11   165   4.1e-44  148.2   0.0   1   1   4.3e-47   5.3e-44  147.8   0.0     1   163    89   237    89   239 0.94 GCF_000336995.1
LFLC01000043.1_32     -            875 RNase_H_2            PF13482.11   165   2.4e-08   31.9   0.8   1   1   5.2e-11   6.4e-08   30.5   0.8    40   152   289   426   268   438 0.75 GCA_001543015.1
DAMC01000085.1_25     -            548 RNase_H_2            PF13482.11   165   1.5e-07   29.3   0.5   1   1   2.6e-10   3.2e-07   28.2   0.5    33   102   258   350   246   412 0.76 GCA_002499525.1
JAFEGL010000039.1_33 -            461 RNase_II_C_S1        PF18614.6     59   1.1e-15   55.1   0.0   1   1   6.9e-19   2.5e-15   53.8   0.0     1    57   402   459   402   460 0.98 GCA_018239895.1
NZ_JANHJR010000001.1_1111 -            450 RNase_J_b_CASP       PF22505.1    126   4.6e-21   72.7   0.0   1   1   7.7e-24   1.4e-20   71.1   0.0     3   114   242   361   240   369 0.82 GCF_024495425.1
NZ_WUYX01000030.1_93      -            154 RNase_J_b_CASP       PF22505.1    126   5.3e-10   36.9   0.0   1   1   4.4e-13   8.1e-10   36.3   0.0    64   115    16    66     5    74 0.85 GCF_009834785.1
NZ_QQTY01000001.1_44 -            249 RNA_pol_A_bac        PF01000.31   119   3.1e-14   51.0   0.0   1   1     2e-17   7.2e-14   49.8   0.0    35   103    76   145    43   152 0.84 GCF_003670115.1
NZ_QQTY01000001.1_44 -            249 RNA_pol_L            PF01193.29    74   4.4e-19   65.8   0.0   1   1   3.9e-22   7.2e-19   65.1   0.0     1    72    18   238    18   240 0.96 GCF_003670115.1
PXSA01000018.1_43    -            112 RNA_pol_L            PF01193.29    74   1.4e-06   25.7   0.0   1   1   1.1e-09   2.1e-06   25.2   0.0     3    73    34   100    32   101 0.84 GCA_003023565.1
PXSA01000018.1_43    -            112 RNA_pol_L_2          PF13656.11    75     2e-16   57.2   0.0   1   1   6.8e-20   2.5e-16   56.9   0.0     2    74    31   106    30   107 0.92 GCA_003023565.1
LKML01000038.1_19    -             63 RNA_pol_N            PF01194.22    58   1.3e-29  100.0   0.1   1   1   3.8e-33   1.4e-29   99.8   0.1     1    57     2    58     2    59 0.98 GCA_001563795.1
NZ_JALLPK010000001.1_2452 -             69 RNA_pol_Rpb6         PF01192.27    53   1.1e-10   39.2   0.0   1   1   6.6e-14   1.2e-10   39.0   0.0     4    53     2    51     1    51 0.92 GCF_023276375.1
PAAH01000015.1_47         -            186 RNA_pol_Rpb6         PF01192.27    53   2.1e-10   38.2   0.0   1   1   3.4e-13   6.2e-10   36.7   0.0     4    53   115   166   113   166 0.92 GCA_002698885.1
JAFEGL010000039.1_33 -            461 RNB                  PF00773.24   326   1.1e-76  255.9   0.3   1   1   3.7e-80   1.4e-76  255.6   0.3     2   325    33   354    32   355 0.93 GCA_018239895.1
SZNP01000005.1_307   -            411 RnfC_N               PF13375.11   101   6.2e-08   30.4   0.5   1   1     5e-11   1.8e-07   28.9   0.2    40    85   314   360   296   370 0.88 GCA_005239435.1
JALDAN010000001.1_53 -             94 Rotamase             PF00639.26    97   2.3e-26   90.4   0.1   1   1   7.6e-30   2.8e-26   90.1   0.1    19    97    15    92     7    92 0.96 GCA_022729355.1
JALDAN010000001.1_53 -             94 Rotamase_2           PF13145.11   121     3e-12   45.2   0.0   1   1   8.9e-16   3.3e-12   45.1   0.0    20   107     3    92     1    94 0.79 GCA_022729355.1
JALDAN010000001.1_53 -             94 Rotamase_3           PF13616.11   116   5.1e-25   86.1   0.2   1   1   2.1e-28   7.7e-25   85.5   0.2    15   115     4    93     1    94 0.90 GCA_022729355.1
NZ_QPII01000005.1_255 -            489 RoxA-like_Cyt-c      PF21419.2     39   2.7e-19   66.2   0.1   1   1   1.5e-22   5.5e-19   65.2   0.1     1    38   387   425   387   426 0.97 GCF_003336675.1
JAHENP010000151.1_6  -             53 Rpr2                 PF04032.21    90   9.4e-09   33.2   0.1   1   1   2.8e-12     1e-08   33.1   0.1    34    90     2    46     1    46 0.90 GCA_018609965.1
NZ_FTNO01000001.1_810 -            229 RrnaAD               PF00398.25   263     1e-07   29.1   0.0   1   1   8.5e-11   1.6e-07   28.5   0.0    25    87    43   107    26   117 0.91 GCF_900156425.1
NZ_ML974127.1_826     -            260 RrnaAD               PF00398.25   263   9.9e-07   25.8   0.0   1   1   7.7e-10   1.4e-06   25.3   0.0    22    74    76   131    73   145 0.86 GCF_004765815.2
NZ_PEND01000006.1_182 -            352 RsmF-B_ferredox      PF22458.1     74   2.4e-07   28.6   0.0   1   1   1.2e-10   4.6e-07   27.7   0.0    15    69    12    66     2    69 0.92 GCF_002844195.1
NZ_WSZK01000006.1_159 -            390 RS_preATP-grasp-like PF22660.1     98   7.9e-26   88.1   0.0   1   1   3.9e-29   1.4e-25   87.3   0.0     3    98     9   106     8   106 0.97 GCF_009791395.1
PXRX01000031.1_46    -            487 RtcB                 PF01139.22   426  5.6e-169  560.6   0.0   1   1  1.7e-172  6.3e-169  560.4   0.0     1   426    52   487    52   487 0.99 GCA_003023195.1
JAFEGL010000003.1_106 -            181 RuvA_C               PF07499.18    47   2.7e-09   35.2   1.3   1   1   1.2e-12   4.4e-09   34.5   1.3     3    44   136   179   134   181 0.94 GCA_018239895.1
JAFEGL010000003.1_106 -            181 RuvA_N               PF01330.26    61   2.5e-11   41.3   0.0   1   1   1.4e-14   5.2e-11   40.3   0.0    20    60     2    43     1    44 0.95 GCA_018239895.1
PXRE01000009.1_36     -            735 RuvB_N               PF05496.17   159   6.3e-16   56.3   0.0   1   1   3.5e-10   4.3e-07   27.6   0.0    35   101   224   298   203   311 0.79 GCA_003021085.1
NZ_WUYX01000071.1_162 -            467 RuvB_N               PF05496.17   159   1.5e-07   29.1   0.3   1   1   4.3e-10   5.3e-07   27.3   0.0    35   100   245   318   239   330 0.73 GCF_009834785.1
JAHEFU010000029.1_21  -            162 RuvC                 PF02075.22   148   1.3e-41  139.7   0.0   1   1   7.8e-45   1.4e-41  139.6   0.0     1   147     3   150     3   151 0.98 GCA_024645305.1
JADJWG010000004.1_530 -            189 RuvC                 PF02075.22   148   2.9e-35  119.1   0.0   1   1   1.8e-38   3.3e-35  118.9   0.0     1   147    22   172    22   173 0.95 GCA_016716475.1
JAKCFM010000002.1_35 -            174 Rv2949c-like         PF01947.21   149   2.8e-17   60.8   1.2   1   1   6.4e-19   2.4e-15   54.6   1.2     1   147    30   170    30   172 0.87 GCA_025041195.1
JAHRAJ010000053.1_18 -            306 rve_3                PF13683.11    67   3.9e-07   27.5   1.6   1   1   1.9e-10   6.9e-07   26.7   0.2    14    67   223   274   210   274 0.84 GCA_020027365.1
NZ_JAALLS010000018.1_16 -            316 RVT_1                PF00078.32   205     2e-20   71.1   0.6   1   1   9.4e-24   3.4e-20   70.4   0.6     1   196    35   233    35   266 0.82 GCF_011059105.1
NZ_QPII01000001.1_225 -            406 S-AdoMet_synt_C      PF02773.21   138   2.7e-67  222.7   0.1   1   1   1.4e-70   5.2e-67  221.8   0.1     1   133   235   369   235   376 0.96 GCF_003336675.1
NZ_QPII01000001.1_225 -            406 S-AdoMet_synt_M      PF02772.21   120   4.5e-49  163.3   0.0   1   1   4.5e-52   1.7e-48  161.5   0.0     1   120   115   233   115   233 0.98 GCF_003336675.1
NZ_QPII01000001.1_225 -            406 S-AdoMet_synt_N      PF00438.25    99     5e-42  140.2   0.2   1   1   2.9e-45   1.1e-41  139.2   0.2     3    98     6   101     4   102 0.99 GCF_003336675.1
UYNY01000046.1_16        -            263 S1                   PF00575.28    74   1.8e-12   45.3   2.4   1   1   2.5e-15     3e-12   44.5   0.1     2    74     7    81     6    81 0.98 GCA_900620265.1
CACLNC010000017.1_20     -            176 S1                   PF00575.28    74   4.1e-12   44.1   0.0   1   1   5.5e-15   6.7e-12   43.4   0.0     2    64    79   151    78   158 0.93 GCA_902608175.1
NZ_JAMZIE010000002.1_367 -            727 S1                   PF00575.28    74   8.2e-09   33.5   0.0   1   1   2.4e-11   2.9e-08   31.7   0.0     7    73    41   103    36   104 0.93 GCF_024178165.1
JAKCFM010000001.1_995    -            175 S4                   PF01479.30    48   3.9e-16   56.3   0.3   1   1   5.6e-19   6.9e-16   55.5   0.0     1    46   105   150   105   151 0.96 GCA_025041195.1
NZ_JAKUHT010000011.1_223 -            255 S4                   PF01479.30    48   1.1e-12   45.3   0.2   1   1   2.1e-15   2.6e-12   44.0   0.2     1    44    19    61    19    65 0.96 GCF_022436705.1
NZ_MWLL01000265.1_9      -            269 S4                   PF01479.30    48   1.1e-10   38.9   0.2   1   1   2.6e-13   3.2e-10   37.4   0.1     1    44     5    48     5    52 0.97 GCF_002198675.1
NZ_AOLN01000001.1_200 -            222 S6PP                 PF05116.18   247   2.1e-06   25.3   0.0   1   1   9.9e-09   3.6e-05   21.2   0.1   162   212   146   196   127   221 0.80 GCF_000337815.1
NZ_AOLJ01000003.1_38 -            103 SAF                  PF08666.17    63   1.5e-09   36.0   0.2   1   1   8.7e-13   3.2e-09   35.0   0.1     3    61    19    86    17    88 0.97 GCF_000336775.1
NZ_JAAOIR010000003.1_200 -            288 SBF                  PF01758.21   191   5.7e-16   56.5  12.1   1   1   1.5e-19   5.7e-16   56.5  12.1     2   183    16   190    15   198 0.87 GCF_011440375.1
NZ_JAAOIR010000003.1_200 -            288 SBF_like             PF13593.11   313   1.6e-07   28.7  20.1   1   1   1.3e-10   4.6e-07   27.1  20.1    24   215     5   191     1   278 0.72 GCF_011440375.1
NZ_PHNJ01000003.1_247 -            474 SBP56                PF05694.16   453  6.8e-202  668.9   0.1   1   1  2.2e-205  8.1e-202  668.7   0.1     3   453    31   474    29   474 0.97 GCF_008122205.1
NZ_FTNO01000003.1_211   -            433 SBP_bac_1            PF01547.30   307   3.6e-36  123.4   7.7   1   1   9.5e-39     5e-36  123.0   7.7     7   305    65   347    58   349 0.91 GCF_900156425.1
NZ_CP096658.1_715       -            448 SBP_bac_1            PF01547.30   307   3.9e-30  103.6   5.7   1   1   1.1e-32   5.9e-30  103.0   5.7     9   305    77   356    70   358 0.89 GCF_023238445.1
NZ_CP095757.1_2494      -            461 SBP_bac_1            PF01547.30   307   9.3e-17   59.7   0.2   1   1   3.1e-19   1.6e-16   58.9   0.2     5   307    56   337    52   337 0.80 GCF_023093535.1
NZ_CP099546.1_236       -            458 SBP_bac_1            PF01547.30   307     1e-16   59.6   1.8   1   1   2.5e-19   1.3e-16   59.2   1.8    31   250    74   292    49   358 0.82 GCF_023973145.1
NZ_JADDKQ010000016.1_74 -            431 SBP_bac_1            PF01547.30   307     1e-16   59.5   7.8   1   1   2.6e-19   1.4e-16   59.2   7.8     4   305    52   338    49   340 0.82 GCF_016464425.1
DP000238.1_521          -            404 SBP_bac_1            PF01547.30   307   3.9e-13   47.8   0.1   1   1   1.1e-15   5.7e-13   47.2   0.1    16   219    51   246    32   329 0.85 GCA_000200715.1
NZ_CVUA01000001.1_635   -            379 SBP_bac_1            PF01547.30   307     2e-10   38.9   1.7   1   1   5.3e-13   2.8e-10   38.4   1.7    14   307    73   322    61   322 0.76 GCF_001282785.1
NZ_SDIC01000011.1_9  -            306 SBP_bac_11           PF13531.11   227   1.6e-11   42.1   0.0   1   1   8.9e-15   3.3e-11   41.1   0.0    10   225    56   278    45   280 0.89 GCF_004116405.1
NZ_JALLPK010000002.1_397 -            542 SBP_bac_5            PF00496.27   368   7.8e-82  273.0   7.1   1   1   8.5e-85   7.8e-82  273.0   7.1     2   360   108   455   107   462 0.94 GCF_023276375.1
NZ_WUYX01000069.1_99     -            537 SBP_bac_5            PF00496.27   368   2.8e-81  271.2   0.7   1   1   3.6e-84   3.4e-81  270.9   0.7     1   365    91   451    91   454 0.91 GCF_009834785.1
NZ_CVUA01000001.1_1788   -            633 SBP_bac_5            PF00496.27   368   1.5e-68  229.3   2.1   1   1   5.9e-71   5.4e-68  227.5   2.1     2   366   103   541   102   543 0.89 GCF_001282785.1
NZ_CP095757.1_1540       -            580 SBP_bac_5            PF00496.27   368   1.6e-48  163.4   0.0   1   1   2.3e-47   2.1e-44  149.8   0.0     2   284   256   574   255   579 0.86 GCF_023093535.1
NZ_CVUA01000001.1_635 -            379 SBP_bac_6            PF13343.11   245   4.6e-19   66.6   0.0   1   1     7e-22   1.3e-18   65.1   0.0    28   228   132   343    92   363 0.89 GCF_001282785.1
NZ_WUYX01000038.1_216 -            377 SBP_bac_6            PF13343.11   245   2.7e-14   51.0   0.0   1   1   2.1e-17   3.9e-14   50.4   0.0     2   220   118   336   117   356 0.90 GCF_009834785.1
NZ_FTNO01000003.1_211   -            433 SBP_bac_8            PF13416.11   279   1.3e-38  131.1   3.7   1   1   2.7e-41   1.7e-38  130.8   3.7     1   278    70   377    70   378 0.85 GCF_900156425.1
NZ_CP099546.1_236       -            458 SBP_bac_8            PF13416.11   279   2.8e-30  103.8   1.0   1   1   6.4e-33   3.9e-30  103.3   1.0    17   279    71   391    59   391 0.85 GCF_023973145.1
NZ_JADDKQ010000016.1_74 -            431 SBP_bac_8            PF13416.11   279   4.9e-25   86.6   3.4   1   1   1.1e-27   6.5e-25   86.2   3.4     2   268    61   358    60   366 0.84 GCF_016464425.1
NZ_CP096658.1_715       -            448 SBP_bac_8            PF13416.11   279   4.7e-24   83.4   2.6   1   1   1.3e-26   7.8e-24   82.7   2.6     3   274    82   382    80   385 0.83 GCF_023238445.1
NZ_CVUA01000001.1_635   -            379 SBP_bac_8            PF13416.11   279   5.2e-19   66.8   1.4   1   1   1.1e-21     7e-19   66.4   1.4     4   272    75   344    72   348 0.82 GCF_001282785.1
NZ_CP095757.1_2494      -            461 SBP_bac_8            PF13416.11   279   4.8e-13   47.2   0.1   1   1   1.2e-15   7.6e-13   46.6   0.1     2   268    62   355    61   364 0.78 GCF_023093535.1
NZ_CP100456.1_43     -             99 SCO4226-like         PF14026.11    76   1.5e-17   61.3   0.0   1   1     5e-21   1.9e-17   61.0   0.0     1    75     9    91     9    91 0.95 GCF_024228315.1
CP094974.1_1183      -            143 SCP2                 PF02036.22   101   4.9e-07   27.8   0.0   1   1   1.7e-10   6.4e-07   27.4   0.0    34    98    57   125    36   128 0.80 GCA_022869805.1
NZ_BBMP01000004.1_89 -            397 SCP2_2               PF13530.11   105   1.8e-19   68.0   0.1   1   1   8.5e-23   3.1e-19   67.2   0.1     1   104   292   393   292   394 0.92 GCF_000755245.1
NC_018655.1_1255     -            444 SDF                  PF00375.23   387  6.9e-118  391.8  40.0   1   1  4.2e-121  7.8e-118  391.6  40.0     1   386    21   427    21   428 0.98 GCF_000299365.1
JAJXYX010000055.1_15 -            385 SDF                  PF00375.23   387     2e-34  117.0  20.1   1   1   1.7e-37   3.1e-34  116.4   9.9   144   384   133   372   126   375 0.91 GCA_021780355.1
JAHRAL010000121.1_1  -            270 SDH_C                PF18317.6     31   4.7e-13   46.4   0.1   1   1   2.6e-16   9.5e-13   45.4   0.1     1    31   236   266   236   266 0.98 GCA_020027325.1
LFEZ01000025.1_38    -            117 Sdh_cyt              PF01127.27   122   6.1e-08   30.6   2.2   1   1     4e-11   7.4e-08   30.3   1.9    26    97    13    82     7   106 0.79 GCA_001510295.1
LDXL01000004.1_169   -            144 Sdh_cyt              PF01127.27   122   9.6e-07   26.7   4.6   1   1   6.4e-10   1.2e-06   26.4   3.7    21    98    25    99    15   133 0.79 GCA_001443365.1
NZ_JAJCVI010000006.1_146 -            221 SdpI                 PF13630.11    71     8e-16   55.7   2.4   1   1   2.2e-19     8e-16   55.7   2.4     2    64   137   199   136   204 0.77 GCF_020567525.1
JAFEGL010000003.1_128 -            985 SecA_DEAD            PF07517.19   290  1.4e-115  383.3   1.0   1   1  7.8e-119  2.9e-115  382.2   1.0     1   290    22   543    22   543 0.97 GCA_018239895.1
JAFEGL010000003.1_128 -            985 SecA_PP_bind         PF01043.25   110   2.4e-25   87.0   0.1   1   1   6.2e-28   2.3e-24   83.9   0.1    20   110   374   499   355   499 0.83 GCA_018239895.1
JAFEGL010000003.1_128 -            985 SecA_SW              PF07516.18   200   1.4e-53  179.7   2.7   1   1   3.7e-57   1.4e-53  179.7   2.7     1   199   729   949   729   950 0.87 GCA_018239895.1
JADDOW010000045.1_9   -            133 SelR                 PF01641.24   121     5e-54  179.1   0.1   1   1   4.6e-57   5.7e-54  179.0   0.1     1   120    13   131    13   132 0.98 GCA_016782225.1
NZ_AOLN01000006.1_203 -            164 SelR                 PF01641.24   121   7.2e-52  172.2   0.1   1   1   7.6e-55   9.3e-52  171.8   0.1     1   121    35   153    35   153 0.98 GCF_000337815.1
JAFGCY010000027.1_12  -            197 SelR                 PF01641.24   121   3.9e-51  169.8   0.0   1   1   4.1e-54     5e-51  169.4   0.0     2   121    59   177    58   177 0.98 GCA_016932385.1
JAKBAE010000025.1_19  -            352 Semialdhyde_dh       PF01118.29   121   4.4e-30  102.4   0.0   1   1     6e-33   7.3e-30  101.6   0.0     1   119     5   130     5   132 0.95 GCA_021809325.1
JADKAQ010000016.1_55  -            218 Semialdhyde_dh       PF01118.29   121   6.8e-08   30.7   0.0   1   1   9.6e-11   1.2e-07   29.9   0.0     1    81     8    85     8   106 0.86 GCA_016719105.1
JAKBAE010000025.1_19 -            352 Semialdhyde_dhC      PF02774.23   184   4.3e-37  125.8   0.0   1   1   6.1e-40   2.2e-36  123.4   0.0     1   183   161   332   161   333 0.92 GCA_021809325.1
NZ_CP053941.1_23     -            227 Sensor               PF13796.11   162   4.1e-31  105.9  26.1   1   1   2.9e-34   1.1e-30  104.6  23.1     1   162    33   215    33   215 0.93 GCF_013267195.1
NZ_LIGX01000017.1_81 -            418 Serpin               PF00079.25   370   2.4e-80  268.2   0.0   1   1     8e-84   2.9e-80  268.0   0.0     5   370    57   416    53   416 0.95 GCF_001683795.1
JAFEGL010000003.1_107 -            430 SET                  PF00856.33   105   2.8e-11   41.6   0.1   1   1     2e-14   7.4e-11   40.2   0.1     9   105   278   392   275   392 0.76 GCA_018239895.1
NZ_JANHDJ010000005.1_242 -            193 SfLAP                PF11139.13   213   4.4e-20   69.8  17.2   1   1   1.5e-23   5.4e-20   69.5  17.2    15   208     7   188     1   191 0.84 GCF_024494645.1
NZ_JAAAJC010000010.1_51 -            520 SGSH_C               PF16347.10   154   5.6e-32  108.8   0.0   1   1   5.5e-35     1e-31  107.9   0.0     1   150   332   478   332   482 0.93 GCF_009900715.1
NZ_JAAAJC010000018.1_15 -            445 SGSH_C               PF16347.10   154   3.2e-12   44.6   0.0   1   1   1.8e-14   3.2e-11   41.3   0.0    12   111   245   341   240   348 0.86 GCF_009900715.1
NZ_CP099994.1_166    -            325 SH3_16               PF18348.6     49   1.9e-13   47.8   4.1   1   1   1.7e-16   6.2e-13   46.1   3.6     1    46    90   134    90   135 0.95 GCF_024138125.1
JAFEGL010000039.1_49 -            257 SH3_3                PF08239.16    54   4.6e-12   43.7   0.0   1   1   5.3e-10   6.5e-07   27.2   0.0     2    53     7    56     6    57 0.94 GCA_018239895.1
NZ_CP099994.1_166    -            325 SH3_3                PF08239.16    54   2.1e-10   38.4   0.1   1   1   8.1e-13   9.9e-10   36.3   0.2     3    50    88   134    86   137 0.93 GCF_024138125.1
JAFEGL010000039.1_49 -            257 SH3_4                PF06347.18    56   1.9e-06   25.3   3.6   1   1   5.2e-09   1.9e-05   22.1   0.2     5    54     8    56     5    58 0.87 GCA_018239895.1
UYNY01000069.1_122    -            415 Shikimate_DH         PF01488.25   138   1.1e-23   81.6   0.0   1   1   1.3e-26   1.6e-23   81.1   0.0     2   137   171   301   170   302 0.97 GCA_900620265.1
JAHRAL010000121.1_1   -            270 Shikimate_DH         PF01488.25   138   6.1e-13   46.8   0.2   1   1   8.2e-16     1e-12   46.1   0.2     6    83   114   188   109   193 0.92 GCA_020027325.1
JAHRAL010000121.1_1  -            270 Shikimate_dh_N       PF08501.16    83   1.3e-28   96.9   0.0   1   1   6.8e-32   2.5e-28   95.9   0.0     1    83     7    89     7    89 0.99 GCA_020027325.1
JAFAQB010000329.1_2  -            446 SHMT                 PF00464.24   399     1e-74  249.3   0.1   1   1   5.3e-78     2e-74  248.3   0.1     6   399     8   393     4   393 0.91 GCA_019246625.1
BGOU01000001.1_18    -            166 SHOCT                PF09851.14    28   3.3e-11   40.4   1.2   1   1   5.2e-14   4.8e-11   39.9   1.2     2    27   140   165   139   165 0.96 GCA_003569705.1
NZ_CP026995.1_1601   -            426 SHOCT                PF09851.14    28     1e-10   38.8   3.4   1   2     7e-08   6.4e-05   20.4   0.3     3    26    55    78    54    79 0.93 GCF_013407185.1
NZ_CP026995.1_1601   -            426 SHOCT                PF09851.14    28     1e-10   38.8   3.4   2   2   2.1e-07   0.00019   18.9   0.2     3    25   108   130   107   132 0.93 GCF_013407185.1
NZ_AOIQ01000017.1_80 -            115 SHOCT                PF09851.14    28   5.3e-08   30.2   3.7   1   1   8.1e-11   7.5e-08   29.7   3.7     2    27    80   105    79   105 0.93 GCF_000337515.1
NZ_LOPU01000013.1_98 -            174 SHOCT                PF09851.14    28   9.4e-08   29.4   3.4   1   1   1.7e-10   1.5e-07   28.7   3.4     4    28   129   153   129   153 0.96 GCF_001469955.1
CACLNC010000017.1_20 -            176 SHS2_Rpb7-N          PF03876.22    57   8.3e-14   49.2   0.1   1   1   8.7e-17   3.2e-13   47.4   0.2     2    57     9    64     8    64 0.99 GCA_902608175.1
NZ_LIGX01000020.1_44 -            445 Sigma54_AID          PF00309.25    46   6.1e-08   30.2   2.2   1   1   1.6e-11   6.1e-08   30.2   2.2     2    46     6    50     5    50 0.96 GCF_001683795.1
NZ_LIGX01000020.1_44 -            445 Sigma54_CBD          PF04963.18   185   5.6e-48  160.9   0.0   1   1     3e-51   1.1e-47  159.9   0.0     4   185    84   270    82   270 0.96 GCF_001683795.1
NZ_LIGX01000020.1_44 -            445 Sigma54_DBD          PF04552.18   160   1.5e-53  178.6   0.1   1   1   6.3e-57   2.3e-53  177.9   0.1     2   160   285   445   284   445 0.95 GCF_001683795.1
NZ_QPII01000001.1_280 -            329 Sigma70_r1_2         PF00140.25    34   1.7e-13   48.1   0.6   1   1   1.1e-16   4.2e-13   46.8   0.0     1    34    56    89    56    89 0.97 GCF_003336675.1
NZ_QPII01000001.1_280 -            329 Sigma70_r2           PF04542.19    71   1.4e-24   83.5   0.2   1   1   7.2e-28   2.7e-24   82.6   0.2     1    70    94   163    94   164 0.97 GCF_003336675.1
NZ_QPII01000001.1_280 -            329 Sigma70_r3           PF04539.21    78   5.3e-25   85.1   5.9   1   1   2.9e-26   1.1e-22   77.7   0.6     2    76   174   248   173   250 0.97 GCF_003336675.1
NZ_QPII01000001.1_280 -            329 Sigma70_r4           PF04545.21    50   9.2e-20   67.7   6.8   1   1   9.9e-20   1.8e-16   57.1   2.5     1    49   262   314   262   315 0.98 GCF_003336675.1
NZ_CP085301.1_3465    -             81 Sigma70_r4           PF04545.21    50   1.5e-07   28.6   0.2   1   1   1.4e-10   2.5e-07   27.9   0.2    16    50    34    67    21    67 0.79 GCF_020700235.1
NZ_CP085301.1_3465   -             81 Sigma70_r4_2         PF08281.17    54     7e-07   26.6   0.0   1   1   3.1e-10   1.1e-06   25.9   0.0    11    49    23    60    21    64 0.88 GCF_020700235.1
JAATVT010000110.1_7  -            223 Sirohm_synth_M       PF14824.11    28   3.8e-07   27.3   0.2   1   1     2e-10   7.3e-07   26.4   0.2     4    22   125   143   122   149 0.91 GCA_014523685.1
LIAL01000040.1_4     -            585 SIS                  PF01380.27   131   9.8e-47  155.8   3.7   1   2   1.5e-29   2.8e-26   89.6   1.2     2   126   281   404   280   408 0.97 GCA_001437625.1
LIAL01000040.1_4     -            585 SIS                  PF01380.27   131   9.8e-47  155.8   3.7   2   2   2.3e-22   4.3e-19   66.4   0.1     2   130   442   567   441   568 0.92 GCA_001437625.1
JAJRWR010000041.1_47 -            204 SIS                  PF01380.27   131   1.4e-20   71.2   0.1   1   1   4.1e-23   7.6e-20   68.8   0.0     3   130    62   186    60   187 0.92 GCA_024276695.1
JADJWG010000004.1_438 -            197 SKI                  PF01202.27   159     2e-44  149.3   0.0   1   1   6.2e-48   2.3e-44  149.1   0.0     1   157    27   186    27   188 0.98 GCA_016716475.1
CP060262.1_2917      -            554 SLH                  PF00395.25    44   2.6e-09   34.7   0.0   1   1   1.6e-12     6e-09   33.5   0.0     2    44    25    67    24    67 0.94 GCA_022646745.1
NZ_LOPW02000022.1_60 -           1239 SMC_hinge            PF06470.18   116   3.2e-32  109.1   0.0   1   1   2.7e-35     1e-31  107.5   0.0     2   115   544   657   543   658 0.98 GCF_001469875.2
NZ_QPII01000004.1_27 -           1164 SMC_N                PF02463.24   220   4.5e-69  230.0   0.0   1   1   9.2e-72   5.6e-69  229.6   0.0     2   219     3  1148     2  1149 1.00 GCF_003336675.1
NZ_LOPW02000022.1_60 -           1239 SMC_N                PF02463.24   220   1.8e-55  185.5  27.0   1   1   8.4e-58   5.2e-55  184.0  27.0     1   219     2  1176     2  1177 0.99 GCF_001469875.2
JAFGCY010000067.1_15 -            560 SMC_N                PF02463.24   220   2.6e-17   60.7   0.0   1   1   1.8e-19   1.1e-16   58.6   0.0     1   201     1   500     1   520 0.93 GCA_016932385.1
NZ_CP101458.1_813    -            889 SMC_N                PF02463.24   220   1.1e-15   55.4  42.1   1   1   1.5e-17   9.3e-15   52.4  42.1     2   213     3   866     2   872 0.95 GCF_024362525.1
NZ_PEND01000002.1_697 -            317 SMC_ScpA             PF02616.19   232   1.7e-14   52.2   0.0   1   1   1.5e-13   5.5e-10   37.4   0.0     1    67    62   124    62   133 0.88 GCF_002844195.1
VYCS01000041.1_53    -            170 SMC_ScpB             PF04079.21   160   8.1e-34  114.3   0.5   1   1   2.5e-37   9.3e-34  114.1   0.5     2   159    10   162     9   163 0.97 GCA_009843815.1
NZ_BBMP01000023.1_108 -            738 SNase                PF00565.22   107   2.5e-15   54.6   0.0   1   1   4.5e-18   5.6e-15   53.5   0.0     1   106   493   615   493   616 0.92 GCF_000755245.1
JADDOQ010000051.1_2   -            232 SNase                PF00565.22   107   1.2e-09   36.3   0.0   1   1   1.5e-12   1.8e-09   35.8   0.0     2    79    72   145    71   158 0.88 GCA_016782315.1
NC_018656.1_1165      -            404 SNase                PF00565.22   107   1.9e-07   29.2   0.0   1   1   2.6e-10   3.2e-07   28.5   0.0     2    83   312   390   311   401 0.83 GCF_000299395.1
NZ_JANHDP010000001.1_782 -            452 SNF                  PF00209.23   524   1.2e-57  193.5  32.4   1   2   1.7e-30   6.2e-27   92.2   8.0     1   114     4   118     4   132 0.96 GCF_024494695.1
NZ_JANHDP010000001.1_782 -            452 SNF                  PF00209.23   524   1.2e-57  193.5  32.4   2   2   3.2e-35   1.2e-31  107.8  16.3   182   486   147   437   124   452 0.86 GCF_024494695.1
JAHRAL010000052.1_17    -            576 SNF2-rel_dom         PF00176.28   290   7.1e-42  141.2   0.9   1   1   1.4e-44     1e-41  140.7   0.9     1   276   114   380   114   397 0.79 GCA_020027325.1
NZ_JAKUHT010000013.1_65 -            638 SNF2-rel_dom         PF00176.28   290     6e-34  115.2   0.0   1   1   1.5e-35   1.1e-32  111.1   0.0     1   267   214   452   214   471 0.84 GCF_022436705.1
NZ_QPII01000005.1_231   -            959 SNF2-rel_dom         PF00176.28   290   8.3e-33  111.4   0.0   1   1   2.2e-35   1.6e-32  110.5   0.0    12   251    53   284    44   351 0.81 GCF_003336675.1
VYCS01000001.1_6        -           1034 SNF2-rel_dom         PF00176.28   290   2.3e-13   47.6   1.4   1   1   3.2e-15   2.3e-12   44.3   0.0    18   250    69   290    54   328 0.66 GCA_009843815.1
NZ_RKSM01000001.1_2127  -            628 SNF2-rel_dom         PF00176.28   290   6.2e-11   39.7   0.0   1   1   1.2e-13   8.9e-11   39.1   0.0    18   175   275   413   128   432 0.81 GCF_008729015.1
JAHEFU010000104.1_4  -            203 SNO                  PF01174.24   188   4.8e-51  171.1   0.0   1   1   1.6e-54   5.8e-51  170.8   0.0     1   179     7   192     7   199 0.94 GCA_024645305.1
NZ_AP017569.1_169    -            140 SnoaL_2              PF12680.12   102   4.1e-14   50.8   3.3   1   1   4.1e-17     5e-14   50.5   3.3     1   100    32   128    32   130 0.93 GCF_002355655.1
JADKAQ010000019.1_40 -            141 SnoaL_2              PF12680.12   102   4.4e-12   44.3   1.5   1   1   4.4e-15   5.4e-12   44.0   1.5     2   101    19   118    18   119 0.92 GCA_016719105.1
NZ_CP017922.1_631    -            163 SnoaL_2              PF12680.12   102   7.8e-08   30.6   0.0   1   1   8.6e-11   1.1e-07   30.2   0.0     1    98    51   144    51   148 0.91 GCF_001870125.1
NC_018656.1_1322     -            132 SnoaL_3              PF13474.11   121   4.5e-08   31.2   0.0   1   1   2.9e-11   5.4e-08   31.0   0.0     3   117     9   130     7   132 0.81 GCF_000299395.1
JAFEGL010000021.1_20 -            138 SnoaL_3              PF13474.11   121   1.9e-06   26.0   0.0   1   1   1.5e-09   2.7e-06   25.5   0.0     1   113    12   124    12   127 0.84 GCA_018239895.1
JAFEGL010000021.1_20 -            138 SnoaL_4              PF13577.11   126     1e-24   84.7   0.0   1   1   6.4e-28   1.2e-24   84.5   0.0     1   124     4   124     4   126 0.92 GCA_018239895.1
NZ_AP017569.1_169    -            140 SnoaL_4              PF13577.11   126   3.7e-06   24.7   0.9   1   1   2.9e-09   5.3e-06   24.2   0.9    12    70    31    86    29   118 0.86 GCF_002355655.1
JAHRAJ010000053.1_2  -            145 SocA_Panacea         PF13274.11   113   3.4e-16   57.9   0.0   1   1   1.2e-19   4.5e-16   57.6   0.0     2    97    25   117    24   120 0.91 GCA_020027365.1
JALDAN010000002.1_26 -            200 Sod_Fe_C             PF02777.23   102   1.1e-30  103.4   0.2   1   1   5.7e-34   2.1e-30  102.6   0.2     1   101    91   190    91   191 0.97 GCA_022729355.1
JALDAN010000002.1_26 -            200 Sod_Fe_N             PF00081.27    82   1.2e-29  100.4   2.0   1   1   3.2e-33   1.2e-29  100.4   2.0     1    82     3    84     3    84 0.99 GCA_022729355.1
JAFEGH010000007.1_311 -            205 SOUL                 PF04832.17   173   2.3e-46  155.7   0.0   1   1   7.2e-50   2.6e-46  155.5   0.0     2   173    25   202    24   202 0.89 GCA_018240065.1
NZ_BBJP01000077.1_3  -            233 SpoIIE               PF07228.17   192   4.9e-07   27.6   3.6   1   1   8.4e-10   3.1e-06   25.0   3.6     6   174    30   218    26   231 0.65 GCF_000739595.1
NZ_JAJCVI010000004.1_493 -            751 Spore_permease       PF03845.18   321   4.1e-08   30.2  18.3   1   1   1.7e-11   6.2e-08   29.6  14.2     8   243    16   265    10   304 0.72 GCF_020567525.1
NZ_CP031310.1_1267   -            134 Spore_YtfJ           PF09579.15    81   1.7e-11   42.0   0.2   1   1   7.8e-15   2.9e-11   41.3   0.2     3    65    29   109    28   117 0.90 GCF_004799665.1
NZ_JAJFAY010000006.1_158 -             64 Spt4                 PF06093.18    77   4.8e-13   46.8   0.0   1   1   1.8e-16   6.5e-13   46.4   0.0     3    77     6    64     4    64 0.96 GCF_021083305.1
JAHENP010000061.1_12 -            151 Spt5-NGN             PF03439.18    84   4.7e-18   62.7   0.0   1   1   2.1e-21   7.8e-18   62.0   0.0     2    84     3    84     2    84 0.88 GCA_018609965.1
NZ_JDTH01000011.1_82 -            465 SPW                  PF03779.19    48   3.7e-12   43.5  44.0   1   2     1e-08   3.8e-05   21.0   2.0     4    41    52    88    49    94 0.90 GCF_000710615.1
NZ_JDTH01000011.1_82 -            465 SPW                  PF03779.19    48   3.7e-12   43.5  44.0   2   2   1.4e-09   5.3e-06   23.8   8.6     3    41   410   447   408   452 0.86 GCF_000710615.1
NZ_CP095757.1_2724   -            315 SQS_PSY              PF00494.24   263   3.8e-70  234.3  14.4   1   1   1.2e-73   4.4e-70  234.1  14.4     2   262    14   268    13   269 0.96 GCF_023093535.1
JAATVT010000057.1_11 -            104 SRP19                PF01922.22    95   9.8e-14   49.7   0.0   1   1   3.3e-17   1.2e-13   49.4   0.0     1    89     8    91     8    98 0.83 GCA_014523685.1
NZ_MWLL01000195.1_34 -            210 SSB                  PF00436.30   104   2.5e-16   57.4   0.3   1   1   1.1e-19     4e-16   56.7   0.3     3   100     5   103     3   106 0.92 GCF_002198675.1
NZ_JAAOIR010000004.1_295 -            607 SSF                  PF00474.22   406   2.3e-53  179.3  31.1   1   1   3.2e-56   2.9e-53  178.9  31.1     2   406    64   469    63   469 0.88 GCF_011440375.1
NC_019964.1_862          -            489 SSF                  PF00474.22   406     7e-48  161.2  32.5   1   1   1.2e-50   1.1e-47  160.6  32.5     1   406    35   428    35   428 0.85 GCF_000328525.1
NZ_PEND01000003.1_29     -            478 SSF                  PF00474.22   406   8.7e-38  128.0  29.3   1   1   9.5e-41   8.7e-38  128.0  29.3     1   392    36   415    36   429 0.88 GCF_002844195.1
NZ_CP085335.1_903        -            377 SSF                  PF00474.22   406   6.5e-35  118.5  26.4   1   1   8.9e-38   8.2e-35  118.2  26.4     1   346    35   365    35   372 0.84 GCF_020618475.1
NZ_MWLL01000139.1_2  -            583 STAS                 PF01740.26   106   6.4e-19   65.5   0.0   1   1   5.7e-22     1e-18   64.8   0.0     1   106   442   551   442   551 0.97 GCF_002198675.1
JAFGCY010000084.1_29 -            251 STAS                 PF01740.26   106   1.1e-16   58.3   0.1   1   1   8.4e-20   1.6e-16   57.8   0.1     3   106     7   110     5   110 0.96 GCA_016932385.1
JAFGCY010000084.1_29 -            251 STAS_2               PF13466.11    80   2.5e-11   41.4   2.1   1   1   1.3e-14   4.6e-11   40.5   2.1     1    79    17    97    17    98 0.92 GCA_016932385.1
JAHENP010000032.1_2  -            757 Succ_CoA_lig         PF13607.11   138   1.4e-48  161.9   3.1   1   1   8.5e-52   1.6e-48  161.8   1.3     2   138   198   334   197   334 0.99 GCA_018609965.1
CAJWBY010000066.1_22 -            290 Succ_CoA_lig         PF13607.11   138   5.1e-14   50.0   0.1   1   1   4.5e-17   8.2e-14   49.3   0.1     1   135   145   281   145   284 0.86 GCA_913020705.1
NZ_LIGX01000018.1_34 -            534 Succ_DH_flav_C       PF02910.25   130   7.2e-14   49.6   0.1   1   1   7.1e-17   2.6e-13   47.8   0.1     2    89   441   522   440   527 0.91 GCF_001683795.1
NZ_KB913017.1_380    -            506 SUFBD                PF01458.22   218   6.9e-76  252.5   0.3   1   1   4.9e-79     9e-76  252.1   0.3     2   218   252   477   251   477 0.96 GCF_000383975.1
PXSA01000014.1_44    -            456 SUFBD                PF01458.22   218   4.3e-65  217.2   1.6   1   1   2.8e-68   5.2e-65  216.9   1.6     3   218   171   429   169   429 0.94 GCA_003023565.1
PXSA01000014.1_44    -            456 SufBD_N              PF19295.4    172   2.5e-10   38.0   0.1   1   1   2.3e-13   8.5e-10   36.3   0.0   104   168    74   138    65   139 0.90 GCA_003023565.1
JAHFTO010000009.1_9  -            467 Sugar_tr             PF00083.29   452   4.3e-15   53.2   8.7   1   1   3.5e-18   4.3e-15   53.2   8.7    42   185    38   175    10   186 0.85 GCA_023269355.1
JAKBAE010000060.1_4  -            400 Sugar_tr             PF00083.29   452   6.3e-10   36.2   8.1   1   1   5.1e-13   6.3e-10   36.2   8.1    55   145    51   139    14   185 0.76 GCA_021809325.1
JAFEGH010000003.1_49 -            408 Sugar_tr             PF00083.29   452   2.3e-07   27.8  10.2   1   1   1.9e-10   2.3e-07   27.8  10.2    48   190    49   192    37   199 0.87 GCA_018240065.1
NZ_JANHJR010000001.1_1268 -             97 SUI1                 PF01253.27    77   5.6e-18   63.0   0.0   1   1   1.8e-21   6.5e-18   62.8   0.0     3    76    25    93    23    94 0.93 GCF_024495425.1
NZ_JAAAJC010000010.1_51 -            520 Sulfatase            PF00884.28   301   1.2e-60  203.1   0.7   1   1   1.3e-63   1.6e-60  202.7   0.7     1   300    51   383    51   384 0.89 GCF_009900715.1
NZ_JAAAJC010000018.1_15 -            445 Sulfatase            PF00884.28   301   2.7e-35  119.9   0.0   1   1   4.9e-38     6e-35  118.7   0.0     1   300     8   286     8   287 0.85 GCF_009900715.1
NZ_CP095491.1_535       -            473 Sulfatase            PF00884.28   301   5.5e-18   63.0   0.0   1   1   2.1e-20   2.6e-17   60.8   0.0    35   300    25   330     3   331 0.78 GCF_023028105.1
NZ_MWLL01000139.1_2  -            583 Sulfate_transp       PF00916.25   380   8.8e-86  285.7  18.7   1   1   3.4e-89   1.3e-85  285.2  18.7     3   379    22   390    20   391 0.97 GCF_002198675.1
NZ_JAKUHT010000013.1_172 -            316 Sulfotransfer_1      PF00685.32   255   2.8e-08   31.2   0.0   1   1   1.3e-11   4.8e-08   30.4   0.0    87   184   105   211     6   221 0.80 GCF_022436705.1
NZ_JAKUHT010000013.1_172 -            316 Sulfotransfer_3      PF13469.11   216     2e-14   52.1   2.1   1   1   3.1e-17   1.2e-13   49.6   2.1     1   213     6   209     6   212 0.72 GCF_022436705.1
JADJWG010000002.1_78 -            253 SurE                 PF01975.22   189     1e-59  199.3   0.0   1   1   3.4e-63   1.3e-59  199.0   0.0     1   188     3   187     3   188 0.97 GCA_016716475.1
NZ_CP067007.1_848      -            512 T2SSE                PF00437.25   269   3.7e-41  138.8   0.0   1   1     1e-43   5.5e-41  138.2   0.0     9   266   142   405   134   408 0.90 GCF_018128925.1
NZ_CP095491.1_2919     -            613 T2SSE                PF00437.25   269   1.6e-39  133.4   0.0   1   1   4.7e-42   2.5e-39  132.8   0.0     9   255   213   463   206   476 0.81 GCF_023028105.1
NZ_SOSC01000008.1_118  -            851 T2SSE                PF00437.25   269   8.5e-39  131.0   0.0   1   1   3.3e-41   1.7e-38  130.0   0.0    10   245   376   615   368   637 0.87 GCF_005049285.1
NZ_CVUA01000001.1_1655 -           1105 T2SSE                PF00437.25   269   4.1e-37  125.5   0.0   1   1   1.2e-39   6.4e-37  124.9   0.0    11   245   419   657   412   679 0.87 GCF_001282785.1
NZ_CP035119.1_2632     -           1419 T2SSE                PF00437.25   269   3.1e-35  119.3   0.0   1   1     1e-37   5.2e-35  118.6   0.0    11   245   842  1080   835  1102 0.85 GCF_004087835.1
NZ_FOYN01000002.1_181  -            674 T2SSE                PF00437.25   269   2.1e-25   87.1   0.0   1   1   6.2e-28   3.3e-25   86.5   0.0     9   253   296   549   288   561 0.87 GCF_900111935.1
JAEHKU010000022.1_6    -            546 T2SSE                PF00437.25   269   8.5e-13   45.8   0.0   1   1   2.5e-15   1.3e-12   45.1   0.0    74   244   211   372   141   395 0.79 GCA_016838825.1
PXRK01000035.1_53     -            785 T2SSF                PF00482.28   125   3.4e-32  108.8  16.1   1   2   2.6e-17   1.9e-14   51.4   0.4     5   124   158   283   155   284 0.94 GCA_003021015.1
PXRK01000035.1_53     -            785 T2SSF                PF00482.28   125   3.4e-32  108.8  16.1   2   2   7.9e-22   5.8e-19   66.1   1.1     2   122   465   588   465   589 0.94 GCA_003021015.1
NZ_FOYN01000002.1_874 -            731 T2SSF                PF00482.28   125   4.7e-32  108.4   8.1   1   2     8e-17   5.9e-14   49.9   0.5     5   124   180   305   177   306 0.94 GCF_900111935.1
NZ_FOYN01000002.1_874 -            731 T2SSF                PF00482.28   125   4.7e-32  108.4   8.1   2   2   3.1e-20   2.3e-17   60.9   1.8     1   123   508   633   508   635 0.94 GCF_900111935.1
JAJRWR010000006.1_49  -            231 T2SSF                PF00482.28   125   4.7e-15   53.4   0.3   1   1   6.4e-18   4.7e-15   53.4   0.3     1   124    51   179    51   180 0.97 GCA_024276695.1
LDXL01000006.1_151    -            329 T2SSF                PF00482.28   125   1.5e-13   48.5   0.2   1   1   2.1e-16   1.5e-13   48.5   0.2     1   124   155   283   155   284 0.95 GCA_001443365.1
OMIR01000001.1_11     -            301 T2SSF                PF00482.28   125   2.7e-13   47.7   0.3   1   1   3.7e-16   2.7e-13   47.7   0.3     1   123    86   211    86   213 0.96 GCA_900299125.1
NZ_MWLL01000227.1_8  -            654 T4SS-DNA_transf      PF02534.19   468   1.1e-13   48.6   0.0   1   1   1.3e-09   4.9e-06   23.4   0.0   307   390   420   503   395   563 0.87 GCF_002198675.1
NZ_NHSQ01000070.1_28 -            166 T6SS_HCP             PF05638.17   129     2e-37  126.1   0.0   1   1   7.4e-41   2.7e-37  125.7   0.0     2   129     7   139     6   139 0.94 GCF_016653465.1
NZ_CP024808.1_702      -            302 TackOD1              PF18551.6    188   4.7e-25   86.0   6.2   1   1   3.4e-28   6.2e-25   85.6   6.2    40   188   155   299   124   299 0.89 GCF_002787055.1
NZ_CBTY010000008.1_419 -            356 TackOD1              PF18551.6    188   5.4e-22   76.0   4.0   1   1   5.3e-25   9.7e-22   75.2   4.0     7   188    36   221    30   221 0.81 GCF_000723185.1
NZ_QPII01000013.1_80  -            312 TAL_FSA              PF00923.24   285   1.5e-93  311.0   0.0   1   1   9.3e-97   1.7e-93  310.8   0.0     1   283    15   304    15   306 0.94 GCF_003336675.1
JADJWG010000002.1_721 -            371 TAL_FSA              PF00923.24   285   3.5e-83  277.0   0.0   1   1   2.1e-86   3.9e-83  276.8   0.0     1   284    14   359    14   360 0.97 GCA_016716475.1
JAFGCY010000084.1_45 -           1627 TamB                 PF04357.18   381   6.8e-13   46.3  19.7   1   1     4e-14   1.5e-10   38.7   0.2   144   365  1356  1607  1288  1627 0.72 GCA_016932385.1
NZ_NHSQ01000084.1_128 -            240 TANGO2               PF05742.17   257   4.5e-17   60.8   0.0   1   1   1.5e-20   5.4e-17   60.5   0.0     3   161     3   154     1   172 0.76 GCF_016653465.1
NZ_FOTC01000002.1_628 -            110 TatA_B_E             PF02416.21    53   2.3e-16   56.6   0.7   1   1   4.1e-19     5e-16   55.5   0.7     2    50    14    62    13    82 0.93 GCF_900114455.1
DAMC01000056.1_10     -             64 TatA_B_E             PF02416.21    53   2.7e-10   37.1   0.3   1   1   2.8e-13   3.4e-10   36.8   0.3     3    49    11    58     9    64 0.78 GCA_002499525.1
JAFGCY010000084.1_33  -            130 TatA_B_E             PF02416.21    53   2.7e-08   30.7   0.8   1   1   7.4e-11   9.1e-08   29.0   0.1     1    28     7    34     7    59 0.93 GCA_016932385.1
JAFGCY010000084.1_32 -            254 TatC                 PF00902.23   208   2.8e-59  198.2  13.2   1   1   9.5e-63   3.5e-59  197.8  13.2     1   208    23   233    23   233 0.97 GCA_016932385.1
NZ_CP072036.1_935    -            271 TatD_DNase           PF01026.26   253   3.4e-68  227.5   0.0   1   1     1e-71   3.8e-68  227.3   0.0     1   253     3   267     3   267 0.96 GCF_018847375.1
NZ_SBIS02000014.1_60 -            545 TAT_signal           PF10518.14    21   1.4e-06   25.8   5.8   1   1   1.2e-09   4.4e-06   24.2   5.8     3    21    21    39    19    39 0.96 GCF_004765815.2
DTTB01000142.1_2      -            198 TauE                 PF01925.24   237   1.2e-41  140.7  17.3   1   1     1e-44   1.3e-41  140.6  17.3    48   237     2   190     1   190 0.94 GCA_012964965.1
NZ_CP095487.1_3741    -            363 TauE                 PF01925.24   237   6.3e-35  118.7  21.8   1   1   5.2e-38   6.3e-35  118.7  21.8     2   235    91   353    90   355 0.91 GCF_023028345.1
NZ_AOLK01000022.1_219 -            258 TauE                 PF01925.24   237   1.1e-22   78.6  34.9   1   1   1.1e-25   1.3e-22   78.4  34.9     2   237    12   251    11   251 0.86 GCF_000336755.1
QQVN01000005.1_406   -            187 TBP                  PF00352.26    85     7e-58  190.2   0.3   1   2   1.3e-32   2.3e-29   98.8   0.1     2    84     8    88     7    89 0.96 GCA_003352285.1
QQVN01000005.1_406   -            187 TBP                  PF00352.26    85     7e-58  190.2   0.3   2   2   7.6e-30   1.4e-26   89.9   0.0     2    84    99   179    98   180 0.96 GCA_003352285.1
SKKJ01000115.1_1     -             75 TBP                  PF00352.26    85   2.4e-28   95.6   0.0   1   1   1.5e-31   2.7e-28   95.4   0.0     2    71     8    75     7    75 0.97 GCA_007121575.1
BGOU01000003.1_75    -            205 TehB                 PF03848.19   193   2.5e-07   28.1   0.6   1   1   8.9e-11   3.3e-07   27.7   0.6    20   166    34   177    15   187 0.74 GCA_003569705.1
NZ_NHSQ01000084.1_107 -            349 TerC                 PF03741.21   178   4.1e-18   63.5  20.7   1   1   1.2e-14   4.4e-11   40.6   7.0    50   176   171   308   161   310 0.79 GCF_016653465.1
NZ_NHSQ01000084.1_109 -            350 TerY_C               PF15616.11   129   3.9e-62  205.8   0.5   1   1   1.4e-65   5.2e-62  205.4   0.5     1   129   219   350   219   350 0.97 GCF_016653465.1
JAKBAE010000073.1_8  -            202 TetR_C_39            PF21303.2     92   1.1e-14   52.5   0.0   1   1   6.3e-18   2.3e-14   51.5   0.0    11    85   105   179    97   184 0.91 GCA_021809325.1
NC_019964.1_1816     -            201 TetR_C_6             PF13977.11   115   6.6e-08   30.5   0.9   1   1   8.4e-11   3.1e-07   28.3   0.4    35    93   110   168   103   174 0.92 GCF_000328525.1
JAKBAE010000073.1_8    -            202 TetR_N               PF00440.28    47   2.9e-15   53.5   0.2   1   1   9.4e-18   8.7e-15   52.0   0.1     1    47    15    61    15    61 0.98 GCA_021809325.1
NC_019964.1_1816       -            201 TetR_N               PF00440.28    47   1.2e-14   51.6   0.2   1   1   2.1e-17     2e-14   50.9   0.2     1    47     8    54     8    54 0.98 GCF_000328525.1
NZ_JAALLS010000041.1_5 -            203 TetR_N               PF00440.28    47   1.7e-14   51.1   0.6   1   1   1.8e-17   1.7e-14   51.1   0.6     1    47    12    58    12    58 0.98 GCF_011059105.1
NZ_FOTC01000007.1_93   -            199 TetR_N               PF00440.28    47   2.9e-11   40.7   0.0   1   1   5.8e-14   5.3e-11   39.9   0.0     2    47    17    62    16    62 0.94 GCF_900114455.1
NZ_CBTY010000008.1_463 -            298 TFIIB                PF00382.24    92   2.1e-42  140.8   5.8   1   2   4.5e-24   4.1e-21   72.6   1.2     3    91   114   202   112   203 0.96 GCF_000723185.1
NZ_CBTY010000008.1_463 -            298 TFIIB                PF00382.24    92   2.1e-42  140.8   5.8   2   2   1.7e-23   1.6e-20   70.7   0.2     2    85   207   290   206   296 0.97 GCF_000723185.1
PBZV01000023.1_3       -            196 TFIIB                PF00382.24    92   3.5e-34  114.5   4.4   1   2   2.6e-18   2.4e-15   54.1   0.5    11    91    14    94     7    95 0.95 GCA_002730325.1
PBZV01000023.1_3       -            196 TFIIB                PF00382.24    92   3.5e-34  114.5   4.4   2   2   7.2e-21   6.6e-18   62.3   0.2    10    90   107   187    98   189 0.94 GCA_002730325.1
NZ_FOCX01000009.1_61   -            309 TFIIB                PF00382.24    92   2.1e-20   70.3   0.4   1   1   2.5e-19   2.3e-16   57.4   0.1     6    90   123   207   118   209 0.93 GCF_900110215.1
SZNP01000010.1_172   -            190 TFIIE_alpha          PF02002.22   105   1.5e-19   67.6   0.1   1   1   1.6e-22   6.1e-19   65.6   0.1    25   103    45   123    23   125 0.93 GCA_005239435.1
LIAL01000031.1_12    -            105 TFIIS_C              PF01096.23    39   1.2e-18   64.4   6.2   1   1   3.4e-22   1.2e-18   64.4   6.2     2    39    65   102    64   102 0.97 GCA_001437625.1
SCUP01000259.1_3       -             85 TF_Zn_Ribbon         PF08271.17    43   6.2e-13   45.9   1.9   1   1   4.6e-16   8.6e-13   45.4   1.9     2    43    10    51    10    51 0.97 GCA_004297665.1
NZ_CBTY010000008.1_463 -            298 TF_Zn_Ribbon         PF08271.17    43     3e-08   30.9   0.8   1   1   2.6e-11   4.9e-08   30.2   0.8     2    43     8    49     7    49 0.97 GCF_000723185.1
NZ_ML974139.1_29     -           1088 TgpA_N               PF11992.13   333   8.1e-12   42.5  16.4   1   1   2.2e-15   8.1e-12   42.5  16.4   164   332    21   230     3   231 0.72 GCF_004143485.2
JACERO010000059.1_16 -             80 TGS                  PF02824.26    60   7.1e-10   36.6   0.0   1   1   9.2e-13   8.4e-10   36.3   0.0    12    59    23    75    10    76 0.87 GCA_013911135.1
SYJQ01000011.1_1     -            106 TGS                  PF02824.26    60   2.4e-09   34.9   0.0   1   1   3.5e-12   3.3e-09   34.4   0.0     4    59    46   101    38   102 0.91 GCA_005798405.1
JACRND010000090.1_1  -            148 TGS                  PF02824.26    60   8.9e-09   33.1   0.0   1   1   1.5e-11   1.4e-08   32.4   0.0    10    59    88   143    79   144 0.89 GCA_016234975.1
DP000238.1_1234      -            406 TGS                  PF02824.26    60   4.7e-08   30.7   0.0   1   1   1.1e-10   9.7e-08   29.7   0.0    12    59   343   396   334   397 0.86 GCA_000200715.1
NZ_CP085301.1_3088   -            205 TGT_C2               PF14810.11    72   1.3e-24   84.0   0.0   1   1   1.5e-27   2.8e-24   82.9   0.0     3    72    59   128    58   128 0.96 GCF_020700235.1
NZ_CP100355.1_1040   -            166 TGT_C2               PF14810.11    72   1.4e-24   83.9   0.1   1   1   1.6e-27   2.9e-24   82.8   0.0     3    72    17    86    15    86 0.95 GCF_024204665.1
NZ_JANHDJ010000001.1_553 -            280 THDPS_N_2            PF14805.11    67   7.3e-16   55.9   0.3   1   1     6e-19   1.1e-15   55.3   0.3     2    67     4    73     3    73 0.88 GCF_024494645.1
JADKAQ010000001.1_474 -            304 THF_DHG_CYH          PF00763.28   115   9.2e-42  139.7   0.1   1   1   3.8e-45   1.4e-41  139.1   0.1     1   115    16   130    16   130 1.00 GCA_016719105.1
JADKAQ010000001.1_474 -            304 THF_DHG_CYH_C        PF02882.24   160   1.3e-70  233.6   1.1   1   1   3.6e-74   1.3e-70  233.6   1.1     1   158   133   301   133   303 0.97 GCA_016719105.1
NZ_MWLL01000155.1_45 -            472 Thi4                 PF01946.22   235   1.7e-08   31.7   0.0   1   1   1.8e-11   3.3e-08   30.8   0.0    18    56    35    72    32   121 0.94 GCF_002198675.1
NZ_MWLL01000206.1_4  -            405 Thi4                 PF01946.22   235   3.8e-08   30.6   1.8   1   1   5.7e-11   1.1e-07   29.1   0.4    10    50    81   120    75   131 0.87 GCF_002198675.1
JACNFR010000019.1_6  -             91 Thiamine_BP          PF01910.22    92   1.3e-21   74.2   3.6   1   1   3.8e-25   1.4e-21   74.0   3.6     9    91     2    86     1    87 0.95 GCA_014384555.1
NZ_QQTY01000002.1_559 -            504 ThiC_Rad_SAM         PF01964.23   420  1.5e-188  624.5   0.0   1   1  4.8e-192  1.8e-188  624.3   0.0     1   419     4   423     4   424 0.98 GCF_003670115.1
CP071596.1_3107      -            230 ThiJ_like            PF17124.10   186   7.2e-09   33.5   0.0   1   1   2.8e-12     1e-08   33.0   0.0     2    98    11   101    10   186 0.81 GCA_017357105.2
CAJWBY010000036.1_7   -            392 Thiolase_C           PF02803.23   123   1.9e-45  151.2   1.0   1   1   1.3e-47   2.3e-44  147.7   0.5     1   122   269   390   269   391 0.98 GCA_913020705.1
NZ_RKLT01000008.1_107 -            385 Thiolase_C           PF02803.23   123   2.4e-11   41.1   4.9   1   1   2.9e-14   5.3e-11   40.0   1.4    15   118   249   376   234   381 0.80 GCF_019599505.1
NZ_RKLT01000008.1_107 -            385 Thiolase_C_1         PF22691.1    144     3e-46  154.5   4.6   1   1   2.7e-49   9.8e-46  152.8   2.4     1   143   240   383   240   384 0.98 GCF_019599505.1
CAJWBY010000036.1_7   -            392 Thiolase_N           PF00108.28   260   1.1e-59  199.7   7.5   1   1   7.5e-63   1.4e-59  199.4   7.5     2   259     5   261     4   262 0.93 GCA_913020705.1
NZ_RKLT01000008.1_107 -            385 Thiolase_N           PF00108.28   260   2.2e-29  100.4   4.8   1   1   1.2e-32   2.2e-29  100.4   4.8     1   259     3   222     3   223 0.92 GCF_019599505.1
NZ_LIGX01000035.1_104 -            105 Thioredoxin          PF00085.25   103     3e-35  118.1   0.0   1   1   4.4e-38   3.2e-35  118.0   0.0     3   102     3   102     1   103 0.97 GCF_001683795.1
JAKBAE010000044.1_6   -            263 Thioredoxin          PF00085.25   103   1.6e-30  102.9   0.1   1   1   3.4e-33   2.5e-30  102.3   0.1     2    98   160   256   159   260 0.96 GCA_021809325.1
NZ_CP044523.1_1724    -            131 Thioredoxin          PF00085.25   103   1.7e-14   51.4   0.0   1   1   3.1e-17   2.2e-14   51.1   0.0     7   102    36   127    30   128 0.94 GCF_008831545.1
JADJWG010000004.1_337 -            175 Thioredoxin          PF00085.25   103     9e-11   39.5   0.0   1   1   1.1e-11   8.3e-09   33.2   0.0    19    61    48    93    38   116 0.81 GCA_016716475.1
NZ_CP095757.1_2221    -            427 Thioredoxin          PF00085.25   103   2.3e-06   25.3   0.0   1   1   5.5e-09     4e-06   24.5   0.0    18    61    64   110    55   159 0.85 GCF_023093535.1
NZ_NHSQ01000084.1_113 -            344 Thioredoxin_2        PF13098.11   104   2.1e-33  112.5   0.0   1   2   1.5e-25   9.2e-23   78.4   0.0     3   104    70   172    68   172 0.96 GCF_016653465.1
NZ_NHSQ01000084.1_113 -            344 Thioredoxin_2        PF13098.11   104   2.1e-33  112.5   0.0   2   2   3.4e-11   2.1e-08   32.2   0.0     5   103   223   321   220   322 0.87 GCF_016653465.1
DRGT01000093.1_18     -            279 Thioredoxin_2        PF13098.11   104   1.5e-09   35.9   0.0   1   1   8.2e-12     5e-09   34.2   0.0     7   103   112   273   107   274 0.90 GCA_011055585.1
NZ_CP101458.1_2140    -            281 Thioredoxin_2        PF13098.11   104     3e-09   34.9   0.2   1   1     2e-10   1.2e-07   29.8   0.2     8   103   121   278   116   279 0.77 GCF_024362525.1
NZ_LIGX01000035.1_104 -            105 Thioredoxin_2        PF13098.11   104   4.9e-09   34.2   0.0   1   1   4.5e-11   2.8e-08   31.8   0.0     4   102    17    99    14   101 0.77 GCF_001683795.1
JAKBAE010000044.1_6   -            263 Thioredoxin_2        PF13098.11   104   2.3e-08   32.1   0.1   1   1     9e-11   5.5e-08   30.9   0.1     6   102   177   257   172   259 0.81 GCA_021809325.1
NZ_JAMZIE010000002.1_591 -             80 Thioredoxin_3        PF13192.11    76   4.7e-21   72.4   0.0   1   1   2.8e-24   5.1e-21   72.3   0.0     1    75     1    76     1    77 0.97 GCF_024178165.1
NZ_OBEJ01000001.1_756    -             84 Thioredoxin_3        PF13192.11    76   8.7e-07   26.7   0.0   1   1   5.4e-10     1e-06   26.5   0.0     3    62     7    69     5    78 0.88 GCF_900215575.1
DRGT01000093.1_18    -            279 Thioredoxin_4        PF13462.11   165     7e-32  108.6   0.0   1   1     1e-34   9.5e-32  108.2   0.0     4   165   101   276    98   276 0.82 GCA_011055585.1
NZ_CP095492.1_184    -            184 Thioredoxin_4        PF13462.11   165   8.2e-27   92.2   0.0   1   1     1e-29   9.2e-27   92.0   0.0     3   164    19   181    17   182 0.90 GCF_023028105.1
NZ_CP101458.1_2140   -            281 Thioredoxin_4        PF13462.11   165   3.2e-18   64.2   0.0   1   1   6.9e-21   6.4e-18   63.2   0.0    16   148   121   261   109   273 0.80 GCF_024362525.1
JADFQH010000029.1_13 -            209 Thioredoxin_4        PF13462.11   165   3.8e-09   34.7   0.0   1   1   9.8e-10     9e-07   27.0   0.0    17   164     9   207     3   208 0.73 GCA_022561895.1
NZ_WSZK01000012.1_17  -            742 Thioredoxin_7        PF13899.11    83   4.9e-09   34.0   0.1   1   1   5.8e-12   1.1e-08   32.9   0.1     1    65    26    90    26   114 0.94 GCF_009791395.1
JADJWG010000004.1_337 -            175 Thioredoxin_8        PF13905.11    94   1.2e-17   61.8   0.0   1   1   1.3e-20   1.6e-17   61.4   0.0     1    94    47   140    47   140 0.93 GCA_016716475.1
NZ_CP095757.1_2221    -            427 Thioredoxin_8        PF13905.11    94   1.9e-14   51.5   0.0   1   1   3.3e-17     4e-14   50.5   0.0     2    94    65   156    63   156 0.90 GCF_023093535.1
NZ_WSZK01000012.1_17 -            742 Thioredox_DsbH       PF03190.20   163   4.3e-74  245.6   0.0   1   1   1.8e-77   6.6e-74  245.0   0.0     2   162     7   169     6   170 0.95 GCF_009791395.1
QNGA01000012.1_77    -            299 ThiP_synth           PF10120.14   165   9.1e-51  169.6   0.0   1   1     4e-54   1.5e-50  168.9   0.0     1   164   139   296   139   297 0.97 GCA_003298465.1
NZ_BBJP01000013.1_232 -             98 ThiS                 PF02597.25    76   2.4e-16   57.8   0.1   1   1   1.5e-19   2.7e-16   57.7   0.1     2    76     4    90     3    90 0.95 GCF_000739595.1
JAHRAL010000100.1_2   -            248 ThiS                 PF02597.25    76     4e-07   28.3   0.0   1   1   4.5e-10   8.3e-07   27.3   0.0    18    76    22    83    12    83 0.91 GCA_020027325.1
VHBK01000008.1_20    -            176 THUMP                PF02926.22    84   3.5e-07   28.3   0.6   1   1     2e-10   7.3e-07   27.3   0.2     3    83    87   158    85   159 0.82 GCA_016872015.1
VYCS01000035.1_5     -            535 Thy1                 PF02511.20   191   2.3e-36  123.1   0.0   1   2   1.8e-16   6.5e-13   46.6   0.0    34   187    60   266    27   268 0.83 GCA_009843815.1
VYCS01000035.1_5     -            535 Thy1                 PF02511.20   191   2.3e-36  123.1   0.0   2   2   1.3e-24   4.9e-21   73.1   0.1    32   190   346   502   313   503 0.81 GCA_009843815.1
JADDOQ010000053.1_16 -            252 Thymidylate_kin      PF02223.22   185   4.1e-23   79.8   0.0   1   1   5.2e-26   9.7e-23   78.6   0.0     1   180    21   209    21   213 0.82 GCA_016782315.1
JAHCGZ010000007.1_48 -            198 Thymidylate_kin      PF02223.22   185   2.6e-15   54.4   0.0   1   1   3.8e-18     7e-15   52.9   0.0    18   178     3   172     1   180 0.81 GCA_022117465.1
NZ_AOJN01000066.1_28 -            498 TiaS-FLD             PF22641.1    156   2.4e-31  106.6   0.1   1   2     2e-25   7.4e-22   75.8   0.2     1    60     3    63     3    65 0.96 GCF_000337335.1
NZ_AOJN01000066.1_28 -            498 TiaS-FLD             PF22641.1    156   2.4e-31  106.6   0.1   2   2   7.2e-11   2.6e-07   28.5   0.0    88   154    66   147    63   149 0.94 GCF_000337335.1
JOSY01000033.1_16    -            218 TIM                  PF00121.23   245   6.8e-36  121.8   6.3   1   1   4.9e-38   1.8e-34  117.1   6.3     4   243     3   211     1   213 0.90 GCA_000746765.1
JAFEGL010000003.1_69 -            248 TipAS                PF07739.18   117   6.5e-19   66.3   0.5   1   1   7.4e-22   2.7e-18   64.3   0.1    13   117   144   246   127   246 0.94 GCA_018239895.1
JAJXYX010000080.1_4  -            514 TLC                  PF03219.19   491  1.4e-183  609.0  30.0   1   1  4.4e-187  1.6e-183  608.7  30.0     7   491    20   502    15   502 0.98 GCA_021780355.1
JAKCFM010000001.1_550 -            737 TmcA_N               PF08351.16   178   2.3e-28   97.1   0.0   1   1   5.4e-29     2e-25   87.5   0.0    81   178    57   156     4   156 0.87 GCA_025041195.1
NZ_CP100454.1_3101   -            204 TMEM175              PF06736.16    88   1.4e-28   97.0   1.3   1   1   3.7e-32   1.4e-28   97.0   1.3     1    88    14   101    14   101 0.99 GCF_024228315.1
NZ_NHSQ01000017.1_1  -             58 Tnp_DNA_bind         PF14706.11    58   2.7e-27   92.1   0.3   1   1   7.9e-31   2.9e-27   92.0   0.3     2    56     3    57     2    58 0.98 GCF_016653465.1
NZ_CP101156.1_769    -            246 TOBE                 PF03459.22    64   8.6e-15   52.5   1.4   1   1   2.3e-18   8.6e-15   52.5   1.4     1    61   162   222   162   225 0.97 GCF_024298845.1
NZ_QPII01000001.1_492 -            364 TOBE_2               PF08402.15    76   4.8e-06   24.4   2.5   1   1   1.4e-08   5.2e-05   21.1   0.1     1    62   273   337   273   347 0.82 GCF_003336675.1
NZ_QPII01000001.1_492 -            364 TOBE_3               PF12857.12    59   8.2e-13   45.9   0.2   1   1   7.6e-16   2.8e-12   44.2   0.2     7    59   292   344   288   344 0.97 GCF_003336675.1
JAFGCY010000067.1_8  -            647 TonB_dep_Rec_b-barrel PF00593.29   436   3.7e-18   64.3  23.2   1   1   2.9e-21   1.1e-17   62.8  23.2    92   436   290   621   196   621 0.58 GCA_016932385.1
RKSK01000037.1_5     -            299 TOP6A-Spo11_Toprim   PF21180.2    170   2.1e-50  168.8   0.0   1   1   7.7e-54   2.9e-50  168.4   0.0     2   170   129   293   128   293 0.97 GCA_007570915.1
PXSA01000032.1_14    -            812 Top6b_C              PF18000.6    111   3.7e-41  137.5   4.8   1   1   3.2e-44   1.2e-40  135.9   4.8     1   111   696   807   696   807 0.99 GCA_003023565.1
PXSA01000032.1_14    -            812 Topo-VIb_trans       PF09239.16   159   4.8e-64  212.7   0.0   1   1   2.5e-67   9.1e-64  211.8   0.0     1   159   512   676   512   676 0.99 GCA_003023565.1
JAHEFU010000039.1_6  -            784 Topoisom_bac         PF01131.25   411    1e-124  414.4   0.0   1   1  3.6e-128  1.3e-124  414.1   0.0     2   410   125   561   124   562 0.94 GCA_024645305.1
JAHEFU010000039.1_6  -            784 Toprim               PF01751.27    96   3.5e-25   85.8   0.1   1   1     4e-28   7.4e-25   84.7   0.1     2    94     5   108     4   110 0.95 GCA_024645305.1
NZ_CP100445.1_484    -            699 Toprim               PF01751.27    96   2.7e-19   66.9   0.0   1   1     4e-22   7.4e-19   65.5   0.0     1    94   484   594   484   596 0.92 GCF_024227435.1
RKSK01000037.1_5     -            299 TP6A_N               PF04406.19    62   2.1e-16   57.3   0.2   1   1   9.1e-20   3.3e-16   56.6   0.2     1    62    11    75    11    75 0.96 GCA_007570915.1
BGOU01000003.1_75    -            205 TPMT                 PF05724.16   218   1.5e-08   32.3   0.0   1   1   3.9e-11   1.4e-07   29.1   0.0    46   190    53   181    13   195 0.83 GCA_003569705.1
NZ_JANHJR010000002.1_84 -            550 TPP_enzyme_C         PF02775.26   151   1.1e-33  113.9   0.8   1   1   7.9e-36   9.7e-33  110.8   0.0    13   151   401   537   394   537 0.91 GCF_024495425.1
NZ_AOJH01000006.1_137   -            300 TPP_enzyme_C         PF02775.26   151   2.9e-33  112.6   0.3   1   1   3.8e-36   4.7e-33  111.9   0.3     2   151    64   211    58   211 0.90 GCF_000337355.1
JAFEGL010000068.1_64    -            678 TPP_enzyme_C         PF02775.26   151   3.7e-07   27.8   0.0   1   1   5.6e-09   6.9e-06   23.7   0.0    29   150   130   250   114   251 0.76 GCA_018239895.1
NZ_JANHJR010000002.1_84 -            550 TPP_enzyme_M         PF00205.27   137   4.2e-36  121.4   0.3   1   1   2.1e-39   7.8e-36  120.6   0.3     2   136   191   325   190   326 0.95 GCF_024495425.1
NZ_JANHJR010000002.1_84 -            550 TPP_enzyme_N         PF02776.23   119   3.8e-33  111.6   6.2   1   1   2.8e-35     1e-31  106.9   0.2     1   117     1   115     1   117 0.97 GCF_024495425.1
NZ_CP012850.1_293    -            580 TPR_1                PF00515.33    34   1.5e-90  291.5  38.6   1   6   1.8e-10   3.8e-08   30.6   0.0     2    34   118   150   117   150 0.96 GCF_000802205.1
NZ_CP012850.1_293    -            580 TPR_1                PF00515.33    34   1.5e-90  291.5  38.6   2   6   3.1e-10   6.4e-08   29.9   0.4     1    34   219   252   219   252 0.96 GCF_000802205.1
NZ_CP012850.1_293    -            580 TPR_1                PF00515.33    34   1.5e-90  291.5  38.6   3   6   9.7e-12     2e-09   34.7   0.2     6    34   258   286   254   286 0.93 GCF_000802205.1
NZ_CP012850.1_293    -            580 TPR_1                PF00515.33    34   1.5e-90  291.5  38.6   4   6   1.3e-11   2.6e-09   34.3   0.8     1    34   287   320   287   320 0.95 GCF_000802205.1
NZ_CP012850.1_293    -            580 TPR_1                PF00515.33    34   1.5e-90  291.5  38.6   5   6   1.6e-11   3.2e-09   34.0   0.0     4    34   324   354   322   354 0.93 GCF_000802205.1
NZ_CP012850.1_293    -            580 TPR_1                PF00515.33    34   1.5e-90  291.5  38.6   6   6   4.8e-11   9.8e-09   32.5   0.1     4    33   358   387   356   388 0.93 GCF_000802205.1
JACNFV010000055.1_9  -            211 TPR_1                PF00515.33    34   9.8e-42  136.9   9.5   1   2   1.4e-09   2.8e-07   27.9   0.2     2    32    45    75    44    77 0.96 GCA_014384445.1
JACNFV010000055.1_9  -            211 TPR_1                PF00515.33    34   9.8e-42  136.9   9.5   2   2   9.1e-10   1.9e-07   28.4   0.0     2    33    79   110    79   111 0.95 GCA_014384445.1
NZ_CP026995.1_1603   -            272 TPR_1                PF00515.33    34   2.2e-39  129.5   7.7   1   2   1.1e-11   2.2e-09   34.6   0.0     2    33   187   218   186   219 0.95 GCF_013407185.1
NZ_CP026995.1_1603   -            272 TPR_1                PF00515.33    34   2.2e-39  129.5   7.7   2   2     1e-09   2.1e-07   28.3   0.1     2    34   221   253   220   253 0.96 GCF_013407185.1
QQVN01000003.1_719   -            514 TPR_1                PF00515.33    34   9.1e-34  111.7   1.1   1   2   9.8e-10     2e-07   28.3   0.0     3    34   110   141   108   141 0.95 GCA_003352285.1
QQVN01000003.1_719   -            514 TPR_1                PF00515.33    34   9.1e-34  111.7   1.1   2   2   4.3e-11   8.9e-09   32.6   0.0     2    34   143   175   142   175 0.95 GCA_003352285.1
JAENJF010000025.1_8  -            162 TPR_1                PF00515.33    34   6.6e-27   90.0   0.7   1   1   4.3e-11   8.7e-09   32.7   0.5     2    34    72   104    71   104 0.96 GCA_016844685.1
CP060262.1_2223      -            567 TPR_1                PF00515.33    34   6.2e-22   74.3  24.0   1   1   1.2e-09   2.5e-07   28.0   0.0     2    32   279   309   278   310 0.94 GCA_022646745.1
DP000238.1_1680      -            157 TPR_1                PF00515.33    34   1.8e-21   72.8   4.5   1   1   1.6e-10   3.3e-08   30.8   0.3     2    29    72    99    71   102 0.93 GCA_000200715.1
CP046181.1_1979      -             50 TPR_1                PF00515.33    34   1.2e-07   29.0   0.0   1   1   8.2e-10   1.7e-07   28.6   0.0     7    34     4    31     3    31 0.96 GCA_014075315.1
NZ_CP012850.1_293    -            580 TPR_10               PF13374.11    42   1.7e-44  146.4  15.8   1   5   2.6e-06   0.00086   17.1   0.0     4    31   119   146   117   147 0.95 GCF_000802205.1
NZ_CP012850.1_293    -            580 TPR_10               PF13374.11    42   1.7e-44  146.4  15.8   2   5   2.5e-06   0.00083   17.1   0.0     5    31   256   282   253   283 0.88 GCF_000802205.1
NZ_CP012850.1_293    -            580 TPR_10               PF13374.11    42   1.7e-44  146.4  15.8   3   5   8.5e-06    0.0029   15.4   0.1     5    31   290   316   287   317 0.88 GCF_000802205.1
NZ_CP012850.1_293    -            580 TPR_10               PF13374.11    42   1.7e-44  146.4  15.8   4   5   5.6e-06    0.0019   16.0   0.0     9    31   328   350   322   351 0.89 GCF_000802205.1
NZ_CP012850.1_293    -            580 TPR_10               PF13374.11    42   1.7e-44  146.4  15.8   5   5   1.3e-05    0.0042   14.9   0.0     4    31   426   453   426   453 0.92 GCF_000802205.1
PXRE01000024.1_157   -           1257 TPR_10               PF13374.11    42   2.1e-37  123.9  41.6   1   5   1.8e-08   6.2e-06   23.9   0.8     2    34   884   916   883   917 0.94 GCA_003021085.1
PXRE01000024.1_157   -           1257 TPR_10               PF13374.11    42   2.1e-37  123.9  41.6   2   5   3.9e-09   1.3e-06   26.0   0.7     2    35   924   957   923   957 0.95 GCA_003021085.1
PXRE01000024.1_157   -           1257 TPR_10               PF13374.11    42   2.1e-37  123.9  41.6   3   5   1.2e-08   3.9e-06   24.5   0.1     1    35   963   997   963   997 0.97 GCA_003021085.1
PXRE01000024.1_157   -           1257 TPR_10               PF13374.11    42   2.1e-37  123.9  41.6   4   5   1.6e-09   5.4e-07   27.2   1.5     2    34  1004  1036  1004  1037 0.95 GCA_003021085.1
PXRE01000024.1_157   -           1257 TPR_10               PF13374.11    42   2.1e-37  123.9  41.6   5   5   3.8e-07   0.00013   19.7   0.6     2    34  1044  1076  1043  1077 0.90 GCA_003021085.1
PXRE01000005.1_27    -            870 TPR_10               PF13374.11    42     2e-27   92.2  45.1   1   3   1.7e-07   5.6e-05   20.8   0.8     1    34   600   633   600   634 0.95 GCA_003021085.1
PXRE01000005.1_27    -            870 TPR_10               PF13374.11    42     2e-27   92.2  45.1   2   3   4.8e-09   1.6e-06   25.7   0.0     3    34   682   713   681   714 0.95 GCA_003021085.1
PXRE01000005.1_27    -            870 TPR_10               PF13374.11    42     2e-27   92.2  45.1   3   3   7.7e-11   2.6e-08   31.4   0.7     2    35   721   754   721   754 0.96 GCA_003021085.1
JADKAQ010000016.1_37 -            678 TPR_10               PF13374.11    42   1.4e-21   73.5  42.1   1   4     9e-06     0.003   15.3   0.2     2    35    95   128    95   128 0.96 GCA_016719105.1
JADKAQ010000016.1_37 -            678 TPR_10               PF13374.11    42   1.4e-21   73.5  42.1   2   4   1.5e-09     5e-07   27.3   0.9     1    35   134   169   134   169 0.97 GCA_016719105.1
JADKAQ010000016.1_37 -            678 TPR_10               PF13374.11    42   1.4e-21   73.5  42.1   3   4   2.6e-08   8.7e-06   23.4   1.8     2    36   176   209   175   212 0.90 GCA_016719105.1
JADKAQ010000016.1_37 -            678 TPR_10               PF13374.11    42   1.4e-21   73.5  42.1   4   4   1.4e-06   0.00047   17.9   0.0     2    36   216   250   215   253 0.94 GCA_016719105.1
JAKCFM010000002.1_16 -           1089 TPR_10               PF13374.11    42   1.7e-18   63.8  20.8   1   2   1.5e-07   5.1e-05   21.0   0.1     2    34   792   824   791   829 0.95 GCA_025041195.1
JAKCFM010000002.1_16 -           1089 TPR_10               PF13374.11    42   1.7e-18   63.8  20.8   2   2   1.3e-06   0.00045   18.0   0.0     2    34   832   864   831   865 0.95 GCA_025041195.1
CP060262.1_2223      -            567 TPR_10               PF13374.11    42   1.2e-09   35.7  41.3   1   1   3.7e-08   1.2e-05   22.9   0.1     4    31   280   307   279   308 0.95 GCA_022646745.1
NZ_CP012850.1_293    -            580 TPR_11               PF13414.11    42     3e-60  197.4  43.3   1   2   1.1e-09   4.4e-07   27.3   0.0    10    38    65    93    64    96 0.93 GCF_000802205.1
NZ_CP012850.1_293    -            580 TPR_11               PF13414.11    42     3e-60  197.4  43.3   2   2   2.2e-11   9.2e-09   32.7   0.2     1    42   226   267   226   267 0.96 GCF_000802205.1
JACNFV010000055.1_9  -            211 TPR_11               PF13414.11    42   1.6e-30  102.3   9.4   1   1   4.4e-13   1.8e-10   38.1   0.8     1    42    17    58    17    58 0.98 GCA_014384445.1
JAENJF010000025.1_8  -            162 TPR_11               PF13414.11    42   1.1e-17   61.3   1.1   1   1   7.7e-10   3.1e-07   27.7   0.1    10    42    87   119    86   119 0.95 GCA_016844685.1
PXRE01000024.1_157   -           1257 TPR_12               PF13424.11    77   8.4e-63  206.3  52.8   1   3   3.4e-20   9.6e-18   61.9   3.6     2    76   883   955   882   956 0.95 GCA_003021085.1
PXRE01000024.1_157   -           1257 TPR_12               PF13424.11    77   8.4e-63  206.3  52.8   2   3   8.1e-19   2.3e-16   57.5   1.6     2    77   923   996   922   996 0.96 GCA_003021085.1
PXRE01000024.1_157   -           1257 TPR_12               PF13424.11    77   8.4e-63  206.3  52.8   3   3   1.5e-20   4.3e-18   63.1   4.0     3    77  1004  1076  1002  1076 0.97 GCA_003021085.1
PXRE01000005.1_27    -            870 TPR_12               PF13424.11    77   2.1e-57  189.0  37.7   1   3   6.2e-16   1.8e-13   48.3   2.2     2    76   560   632   559   633 0.96 GCA_003021085.1
PXRE01000005.1_27    -            870 TPR_12               PF13424.11    77   2.1e-57  189.0  37.7   2   3     6e-16   1.7e-13   48.3   0.2     6    76   644   712   639   713 0.93 GCA_003021085.1
PXRE01000005.1_27    -            870 TPR_12               PF13424.11    77   2.1e-57  189.0  37.7   3   3   2.5e-18   7.2e-16   55.9   6.4     3    76   721   792   719   793 0.95 GCA_003021085.1
NZ_CP012850.1_293    -            580 TPR_12               PF13424.11    77   5.5e-55  181.3  11.3   1   4     5e-11   1.4e-08   32.6   0.1     6    74   222   282   216   285 0.91 GCF_000802205.1
NZ_CP012850.1_293    -            580 TPR_12               PF13424.11    77   5.5e-55  181.3  11.3   2   4   5.8e-11   1.6e-08   32.4   0.1     5    74   255   316   251   319 0.92 GCF_000802205.1
NZ_CP012850.1_293    -            580 TPR_12               PF13424.11    77   5.5e-55  181.3  11.3   3   4   1.8e-11   5.2e-09   34.0   0.0     5    74   289   350   285   353 0.91 GCF_000802205.1
NZ_CP012850.1_293    -            580 TPR_12               PF13424.11    77   5.5e-55  181.3  11.3   4   4     8e-12   2.3e-09   35.1   0.0     7    73   325   383   321   384 0.91 GCF_000802205.1
JADKAQ010000016.1_37 -            678 TPR_12               PF13424.11    77   4.9e-35  117.3  46.8   1   2   2.1e-13     6e-11   40.2   0.3     4    76    56   126    53   127 0.92 GCA_016719105.1
JADKAQ010000016.1_37 -            678 TPR_12               PF13424.11    77   4.9e-35  117.3  46.8   2   2   1.5e-17   4.4e-15   53.4   6.4     1    77   133   208   133   208 0.96 GCA_016719105.1
JAKCFM010000002.1_16 -           1089 TPR_12               PF13424.11    77     1e-29  100.3  24.0   1   2   4.2e-12   1.2e-09   36.0   2.2    17    77   766   824   763   824 0.92 GCA_025041195.1
JAKCFM010000002.1_16 -           1089 TPR_12               PF13424.11    77     1e-29  100.3  24.0   2   2   1.7e-12   4.7e-10   37.3   0.4    22    77   811   864   809   864 0.95 GCA_025041195.1
QQVN01000003.1_719   -            514 TPR_12               PF13424.11    77   1.2e-15   55.2   0.0   1   1   2.1e-11   6.1e-09   33.7   0.0     4    74   109   171   106   174 0.93 GCA_003352285.1
DP000238.1_1680      -            157 TPR_12               PF13424.11    77   3.6e-15   53.7  17.8   1   1   8.5e-11   2.4e-08   31.8   2.6     5    74    73   134    69   136 0.88 GCA_000200715.1
NZ_CP012850.1_293    -            580 TPR_16               PF13432.11    65     3e-51  169.2   0.0   1   5   4.8e-07   0.00016   19.8   0.0    12    61   132   181   122   185 0.91 GCF_000802205.1
NZ_CP012850.1_293    -            580 TPR_16               PF13432.11    65     3e-51  169.2   0.0   2   5   9.5e-09   3.2e-06   25.3   0.0    15    63   203   251   192   253 0.95 GCF_000802205.1
NZ_CP012850.1_293    -            580 TPR_16               PF13432.11    65     3e-51  169.2   0.0   3   5   2.8e-07   9.5e-05   20.6   0.0    29    64   251   286   249   287 0.90 GCF_000802205.1
NZ_CP012850.1_293    -            580 TPR_16               PF13432.11    65     3e-51  169.2   0.0   4   5     1e-13   3.4e-11   41.1   0.0     2    62   326   386   325   389 0.94 GCF_000802205.1
NZ_CP012850.1_293    -            580 TPR_16               PF13432.11    65     3e-51  169.2   0.0   5   5   1.9e-08   6.4e-06   24.3   0.0     9    64   436   491   433   491 0.96 GCF_000802205.1
JACNFV010000055.1_9  -            211 TPR_16               PF13432.11    65   2.3e-20   70.5   0.0   1   3   2.6e-12   8.7e-10   36.7   0.0     2    62    15    75    14    76 0.93 GCA_014384445.1
JACNFV010000055.1_9  -            211 TPR_16               PF13432.11    65   2.3e-20   70.5   0.0   2   3   6.4e-08   2.1e-05   22.6   0.0     4    64    51   111    51   112 0.96 GCA_014384445.1
JACNFV010000055.1_9  -            211 TPR_16               PF13432.11    65   2.3e-20   70.5   0.0   3   3   1.2e-06   0.00039   18.6   0.0     4    64   119   179   116   180 0.91 GCA_014384445.1
PXRE01000005.1_27    -            870 TPR_16               PF13432.11    65   1.3e-19   68.1  57.6   1   4   1.2e-07   3.9e-05   21.8   1.6     2    56   486   546   485   553 0.93 GCA_003021085.1
PXRE01000005.1_27    -            870 TPR_16               PF13432.11    65   1.3e-19   68.1  57.6   2   4   3.8e-07   0.00013   20.2   3.8     3    60   567   630   566   639 0.92 GCA_003021085.1
PXRE01000005.1_27    -            870 TPR_16               PF13432.11    65   1.3e-19   68.1  57.6   3   4   4.4e-07   0.00015   20.0   1.6    12    60   656   710   645   713 0.76 GCA_003021085.1
PXRE01000005.1_27    -            870 TPR_16               PF13432.11    65   1.3e-19   68.1  57.6   4   4   3.4e-06    0.0011   17.1   6.9     2    51   766   821   765   830 0.94 GCA_003021085.1
NZ_CP026995.1_1601   -            426 TPR_16               PF13432.11    65   3.9e-19   66.6   0.0   1   1   8.8e-09   2.9e-06   25.4   0.0     3    65   183   245   181   245 0.95 GCF_013407185.1
NZ_CP026995.1_1603   -            272 TPR_16               PF13432.11    65   2.4e-17   60.8   0.0   1   3   7.4e-07   0.00025   19.2   0.0     3    63    56   116    54   118 0.95 GCF_013407185.1
NZ_CP026995.1_1603   -            272 TPR_16               PF13432.11    65   2.4e-17   60.8   0.0   2   3   4.7e-08   1.6e-05   23.0   0.0     4    65    91   152    90   152 0.94 GCF_013407185.1
NZ_CP026995.1_1603   -            272 TPR_16               PF13432.11    65   2.4e-17   60.8   0.0   3   3   1.9e-07   6.3e-05   21.1   0.0     4    65   193   254   192   254 0.97 GCF_013407185.1
DP000238.1_1680      -            157 TPR_16               PF13432.11    65   3.7e-17   60.2  16.6   1   2   7.7e-13   2.6e-10   38.4   3.9     8    61    48   101    41   102 0.93 GCA_000200715.1
DP000238.1_1680      -            157 TPR_16               PF13432.11    65   3.7e-17   60.2  16.6   2   2   1.6e-11   5.2e-09   34.2   4.9    10    63    84   137    83   139 0.95 GCA_000200715.1
PXRE01000024.1_157   -           1257 TPR_16               PF13432.11    65   4.6e-17   59.9  84.9   1   2   3.9e-07   0.00013   20.1   5.5     4    61   736   795   735   801 0.91 GCA_003021085.1
PXRE01000024.1_157   -           1257 TPR_16               PF13432.11    65   4.6e-17   59.9  84.9   2   2   3.5e-07   0.00012   20.3   5.9     3    57  1050  1110  1048  1112 0.96 GCA_003021085.1
QQVN01000003.1_719   -            514 TPR_16               PF13432.11    65   1.6e-13   48.6   0.0   1   1   2.4e-07   8.1e-05   20.8   0.0    10    63    87   140    87   142 0.97 GCA_003352285.1
JAENJF010000025.1_8  -            162 TPR_16               PF13432.11    65     9e-11   39.8   0.0   1   2     4e-06    0.0013   16.9   0.0    11    64    17    70     7    71 0.90 GCA_016844685.1
JAENJF010000025.1_8  -            162 TPR_16               PF13432.11    65     9e-11   39.8   0.0   2   2     2e-07   6.8e-05   21.0   0.0     4    58    78   132    72   137 0.90 GCA_016844685.1
CP060262.1_2223      -            567 TPR_16               PF13432.11    65   1.6e-10   39.0  40.5   1   2   1.1e-06   0.00038   18.6   0.9     8    61   187   240   186   243 0.95 GCA_022646745.1
CP060262.1_2223      -            567 TPR_16               PF13432.11    65   1.6e-10   39.0  40.5   2   2   1.5e-07   4.9e-05   21.5   5.1     3    61   487   545   485   548 0.93 GCA_022646745.1
NC_018655.1_1221     -            235 TPR_16               PF13432.11    65   7.7e-09   33.6   0.0   1   1   4.9e-06    0.0016   16.6   0.0     3    49   115   161   113   170 0.85 GCF_000299365.1
NZ_CP012850.1_293    -            580 TPR_17               PF13431.11    34   4.1e-60  192.9  38.2   1   2   3.3e-08   1.1e-05   23.1   0.0     3    33   209   239   207   240 0.95 GCF_000802205.1
NZ_CP012850.1_293    -            580 TPR_17               PF13431.11    34   4.1e-60  192.9  38.2   2   2     2e-08   6.5e-06   23.9   0.2     2    33   242   273   241   274 0.96 GCF_000802205.1
NZ_CP026995.1_1603   -            272 TPR_17               PF13431.11    34   9.5e-27   88.9  11.9   1   1   4.3e-08   1.4e-05   22.8   0.1     1    33   106   138   106   139 0.95 GCF_013407185.1
CP060262.1_2223      -            567 TPR_17               PF13431.11    34   9.7e-22   73.2  10.6   1   1   1.7e-08   5.7e-06   24.0   0.1     2    24   267   289   266   299 0.88 GCA_022646745.1
DP000238.1_1680      -            157 TPR_17               PF13431.11    34   8.5e-14   48.5   0.1   1   1   7.3e-08   2.4e-05   22.1   0.0     1    33    59    91    59    92 0.97 GCA_000200715.1
NZ_CP012850.1_293    -            580 TPR_19               PF14559.11    68   1.6e-52  173.5   3.2   1   3     1e-09   3.4e-07   28.3   0.1     3    59   231   287   230   289 0.95 GCF_000802205.1
NZ_CP012850.1_293    -            580 TPR_19               PF14559.11    68   1.6e-52  173.5   3.2   2   3     2e-12   6.9e-10   36.9   0.0     4    65   266   327   263   330 0.95 GCF_000802205.1
NZ_CP012850.1_293    -            580 TPR_19               PF14559.11    68   1.6e-52  173.5   3.2   3   3   3.7e-12   1.2e-09   36.1   0.0     2    60   332   388   331   395 0.93 GCF_000802205.1
QQVN01000003.1_719   -            514 TPR_19               PF14559.11    68   2.1e-15   54.5   0.0   1   1   6.3e-09   2.1e-06   25.7   0.0     5    58    88   141    87   145 0.96 GCA_003352285.1
JACNFV010000055.1_9  -            211 TPR_19               PF14559.11    68   2.5e-15   54.3   0.0   1   1   1.4e-09   4.8e-07   27.8   0.0     1    62    20    81    20    84 0.96 GCA_014384445.1
DP000238.1_1680      -            157 TPR_19               PF14559.11    68     2e-14   51.4   8.8   1   2   8.9e-11     3e-08   31.7   0.4     3    61    15    71    14    75 0.93 GCA_000200715.1
DP000238.1_1680      -            157 TPR_19               PF14559.11    68     2e-14   51.4   8.8   2   2   5.8e-09   1.9e-06   25.9   3.0     5    57    51   103    50   110 0.94 GCA_000200715.1
NZ_CP012850.1_293    -            580 TPR_2                PF07719.22    34   2.4e-87  277.8  23.9   1   7   2.5e-10   5.4e-08   30.2   0.0     3    34   119   150   117   150 0.96 GCF_000802205.1
NZ_CP012850.1_293    -            580 TPR_2                PF07719.22    34   2.4e-87  277.8  23.9   2   7   1.7e-08   3.7e-06   24.5   0.1     2    34   220   252   219   252 0.89 GCF_000802205.1
NZ_CP012850.1_293    -            580 TPR_2                PF07719.22    34   2.4e-87  277.8  23.9   3   7   4.6e-11     1e-08   32.5   0.1     3    34   255   286   254   286 0.94 GCF_000802205.1
NZ_CP012850.1_293    -            580 TPR_2                PF07719.22    34   2.4e-87  277.8  23.9   4   7   2.8e-10     6e-08   30.1   0.2     1    34   287   320   287   320 0.94 GCF_000802205.1
NZ_CP012850.1_293    -            580 TPR_2                PF07719.22    34   2.4e-87  277.8  23.9   5   7     1e-09   2.2e-07   28.3   0.0     3    34   323   354   321   354 0.92 GCF_000802205.1
NZ_CP012850.1_293    -            580 TPR_2                PF07719.22    34   2.4e-87  277.8  23.9   6   7   6.4e-10   1.4e-07   28.9   0.0     3    33   357   387   355   388 0.92 GCF_000802205.1
NZ_CP012850.1_293    -            580 TPR_2                PF07719.22    34   2.4e-87  277.8  23.9   7   7   4.5e-08   9.7e-06   23.2   0.1     3    33   460   490   458   491 0.93 GCF_000802205.1
JACNFV010000055.1_9  -            211 TPR_2                PF07719.22    34   3.1e-42  137.0   1.2   1   2   5.8e-09   1.3e-06   26.0   0.0     2    34    45    77    44    77 0.96 GCA_014384445.1
JACNFV010000055.1_9  -            211 TPR_2                PF07719.22    34   3.1e-42  137.0   1.2   2   2   1.5e-08   3.2e-06   24.7   0.0     2    33    79   110    78   111 0.94 GCA_014384445.1
NZ_CP026995.1_1603   -            272 TPR_2                PF07719.22    34   3.6e-35  115.0   0.3   1   1   9.4e-09     2e-06   25.3   0.0     2    33   187   218   186   219 0.94 GCF_013407185.1
QQVN01000003.1_719   -            514 TPR_2                PF07719.22    34   2.5e-28   93.6   0.0   1   1   3.1e-09   6.8e-07   26.8   0.0     3    34   144   175   142   175 0.95 GCA_003352285.1
JAENJF010000025.1_8  -            162 TPR_2                PF07719.22    34   1.2e-22   75.9   0.0   1   1   1.9e-08   4.2e-06   24.3   0.2     2    34    72   104    71   104 0.95 GCA_016844685.1
DP000238.1_1680      -            157 TPR_2                PF07719.22    34   6.2e-20   67.5  10.9   1   1   6.9e-09   1.5e-06   25.7   0.5     2    31    72   101    71   104 0.93 GCA_000200715.1
UYNY01000113.1_17    -             67 TPR_2                PF07719.22    34   2.2e-09   34.6   0.1   1   1   5.5e-10   1.2e-07   29.2   0.0     1    34    30    63    30    63 0.94 GCA_900620265.1
PXRE01000005.1_27    -            870 TPR_4                PF07721.19    26   3.9e-16   55.8  47.1   1   4   1.6e-05     0.058   11.9   0.1     1    26   601   626   601   626 0.94 GCA_003021085.1
PXRE01000005.1_27    -            870 TPR_4                PF07721.19    26   3.9e-16   55.8  47.1   2   4   3.8e-05      0.14   10.7   0.1     3    21   683   701   681   706 0.89 GCA_003021085.1
PXRE01000005.1_27    -            870 TPR_4                PF07721.19    26   3.9e-16   55.8  47.1   3   4   9.4e-06     0.034   12.6   0.3     1    21   721   741   721   742 0.95 GCA_003021085.1
PXRE01000005.1_27    -            870 TPR_4                PF07721.19    26   3.9e-16   55.8  47.1   4   4   2.7e-05     0.099   11.2   3.4     1    24   801   824   801   826 0.91 GCA_003021085.1
JACNFV010000055.1_9  -            211 TPR_6                PF13174.11    33   3.9e-13   46.9   0.5   1   1   2.3e-05     0.014   13.8   0.0     1    31    45    75    45    77 0.95 GCA_014384445.1
QQVN01000003.1_719   -            514 TPR_6                PF13174.11    33   1.1e-11   42.4   0.0   1   1   1.2e-05    0.0076   14.7   0.0     2    32   110   140   109   141 0.94 GCA_003352285.1
JAENJF010000025.1_8  -            162 TPR_6                PF13174.11    33   5.8e-11   40.1   0.0   1   2   7.4e-05     0.046   12.2   0.0     1    32    38    69    38    70 0.94 GCA_016844685.1
JAENJF010000025.1_8  -            162 TPR_6                PF13174.11    33   5.8e-11   40.1   0.0   2   2   6.7e-05     0.041   12.4   0.0     2    28   107   133   106   135 0.95 GCA_016844685.1
CABXPS010000018.1_1  -            172 TPR_6                PF13174.11    33   6.4e-09   33.7   1.0   1   1     2e-06    0.0012   17.2   0.1    14    33    46    65    16    65 0.90 GCA_902514095.1
NZ_CP012850.1_293    -            580 TPR_7                PF13176.11    36   1.7e-40  131.5   0.1   1   3   1.2e-06   0.00046   17.9   0.0     1    29   255   283   255   286 0.88 GCF_000802205.1
NZ_CP012850.1_293    -            580 TPR_7                PF13176.11    36   1.7e-40  131.5   0.1   2   3   3.3e-06    0.0012   16.6   0.0     2    31   324   353   323   355 0.86 GCF_000802205.1
NZ_CP012850.1_293    -            580 TPR_7                PF13176.11    36   1.7e-40  131.5   0.1   3   3   1.6e-05     0.006   14.4   0.0     2    28   358   384   357   388 0.88 GCF_000802205.1
PXRE01000024.1_157   -           1257 TPR_7                PF13176.11    36   1.8e-26   87.7  36.1   1   3   2.4e-08     9e-06   23.3   0.5     1    35   886   920   886   921 0.96 GCA_003021085.1
PXRE01000024.1_157   -           1257 TPR_7                PF13176.11    36   1.8e-26   87.7  36.1   2   3     5e-08   1.8e-05   22.3   0.8     1    36  1006  1041  1006  1041 0.97 GCA_003021085.1
PXRE01000024.1_157   -           1257 TPR_7                PF13176.11    36   1.8e-26   87.7  36.1   3   3   1.7e-05    0.0062   14.4   0.5     2    31  1047  1076  1047  1079 0.90 GCA_003021085.1
PXRE01000005.1_27    -            870 TPR_7                PF13176.11    36   3.2e-20   68.3  39.1   1   3   5.1e-06    0.0019   16.0   0.1     4    35   606   637   604   638 0.85 GCA_003021085.1
PXRE01000005.1_27    -            870 TPR_7                PF13176.11    36   3.2e-20   68.3  39.1   2   3   5.2e-06    0.0019   16.0   0.1     3    35   685   717   683   718 0.92 GCA_003021085.1
PXRE01000005.1_27    -            870 TPR_7                PF13176.11    36   3.2e-20   68.3  39.1   3   3   7.8e-08   2.9e-05   21.7   0.3     1    35   723   757   723   758 0.94 GCA_003021085.1
JAKCFM010000002.1_16 -           1089 TPR_7                PF13176.11    36   4.9e-12   42.8  17.4   1   1   1.9e-05    0.0071   14.2   0.0     2    34   795   827   794   828 0.94 GCA_025041195.1
JADKAQ010000016.1_37 -            678 TPR_7                PF13176.11    36   1.4e-11   41.4  25.1   1   3   1.5e-05    0.0056   14.6   0.1     1    33    97   129    97   132 0.88 GCA_016719105.1
JADKAQ010000016.1_37 -            678 TPR_7                PF13176.11    36   1.4e-11   41.4  25.1   2   3   2.2e-05    0.0081   14.0   0.2     1    34   137   171   137   173 0.93 GCA_016719105.1
JADKAQ010000016.1_37 -            678 TPR_7                PF13176.11    36   1.4e-11   41.4  25.1   3   3   3.6e-06    0.0013   16.5   1.1     1    35   178   212   178   213 0.94 GCA_016719105.1
DP000238.1_1680      -            157 TPR_7                PF13176.11    36   2.7e-11   40.5   5.6   1   2   1.6e-05     0.006   14.5   0.1    10    30    48    68    39    71 0.77 GCA_000200715.1
DP000238.1_1680      -            157 TPR_7                PF13176.11    36   2.7e-11   40.5   5.6   2   2   9.7e-08   3.6e-05   21.4   0.3     1    28    73   100    73   104 0.91 GCA_000200715.1
NZ_CP012850.1_293    -            580 TPR_8                PF13181.11    34   6.1e-62  198.4  39.8   1   8   3.3e-05    0.0081   14.1   0.0     6    34   122   150   118   150 0.84 GCF_000802205.1
NZ_CP012850.1_293    -            580 TPR_8                PF13181.11    34   6.1e-62  198.4  39.8   2   8   4.4e-08   1.1e-05   23.1   0.2     2    34   220   252   219   252 0.94 GCF_000802205.1
NZ_CP012850.1_293    -            580 TPR_8                PF13181.11    34   6.1e-62  198.4  39.8   3   8   3.5e-09   8.5e-07   26.5   0.1     3    34   255   286   253   286 0.92 GCF_000802205.1
NZ_CP012850.1_293    -            580 TPR_8                PF13181.11    34   6.1e-62  198.4  39.8   4   8   2.1e-07   5.2e-05   20.9   0.1     8    34   294   320   289   320 0.94 GCF_000802205.1
NZ_CP012850.1_293    -            580 TPR_8                PF13181.11    34   6.1e-62  198.4  39.8   5   8   4.1e-09     1e-06   26.3   0.0     4    34   324   354   322   354 0.93 GCF_000802205.1
NZ_CP012850.1_293    -            580 TPR_8                PF13181.11    34   6.1e-62  198.4  39.8   6   8   1.3e-08   3.1e-06   24.7   0.1     4    33   358   387   356   388 0.94 GCF_000802205.1
NZ_CP012850.1_293    -            580 TPR_8                PF13181.11    34   6.1e-62  198.4  39.8   7   8   2.6e-07   6.3e-05   20.7   0.0     6    33   429   456   424   457 0.90 GCF_000802205.1
NZ_CP012850.1_293    -            580 TPR_8                PF13181.11    34   6.1e-62  198.4  39.8   8   8     2e-05    0.0048   14.8   0.7     3    29   460   486   458   487 0.94 GCF_000802205.1
JACNFV010000055.1_9  -            211 TPR_8                PF13181.11    34   5.2e-34  111.4  12.8   1   6   8.3e-05      0.02   12.9   0.0     7    33    16    42    13    43 0.91 GCA_014384445.1
JACNFV010000055.1_9  -            211 TPR_8                PF13181.11    34   5.2e-34  111.4  12.8   2   6     4e-08   9.8e-06   23.2   0.1     2    34    45    77    44    77 0.96 GCA_014384445.1
JACNFV010000055.1_9  -            211 TPR_8                PF13181.11    34   5.2e-34  111.4  12.8   3   6   8.8e-07   0.00022   19.0   0.1     2    33    79   110    78   111 0.94 GCA_014384445.1
JACNFV010000055.1_9  -            211 TPR_8                PF13181.11    34   5.2e-34  111.4  12.8   4   6   9.3e-07   0.00023   19.0   0.0     4    32   115   143   114   145 0.93 GCA_014384445.1
JACNFV010000055.1_9  -            211 TPR_8                PF13181.11    34   5.2e-34  111.4  12.8   5   6   2.3e-08   5.7e-06   23.9   0.2     2    34   147   179   146   179 0.93 GCA_014384445.1
JACNFV010000055.1_9  -            211 TPR_8                PF13181.11    34   5.2e-34  111.4  12.8   6   6   1.5e-06   0.00036   18.3   0.1     7    31   186   210   180   211 0.88 GCA_014384445.1
CP060262.1_2223      -            567 TPR_8                PF13181.11    34   1.1e-27   91.6  17.1   1   3     3e-05    0.0074   14.2   0.0     3    34   246   277   244   277 0.94 GCA_022646745.1
CP060262.1_2223      -            567 TPR_8                PF13181.11    34   1.1e-27   91.6  17.1   2   3   7.8e-06    0.0019   16.1   0.0     3    30   280   307   278   310 0.95 GCA_022646745.1
CP060262.1_2223      -            567 TPR_8                PF13181.11    34   1.1e-27   91.6  17.1   3   3   1.9e-06   0.00046   18.0   0.9     2    33   516   547   515   548 0.93 GCA_022646745.1
PXRE01000005.1_27    -            870 TPR_8                PF13181.11    34   5.9e-27   89.4   2.5   1   3   5.4e-05     0.013   13.5   0.0     1    33   601   633   601   634 0.94 GCA_003021085.1
PXRE01000005.1_27    -            870 TPR_8                PF13181.11    34   5.9e-27   89.4   2.5   2   3   1.7e-05    0.0041   15.1   0.0     3    32   683   712   681   714 0.91 GCA_003021085.1
PXRE01000005.1_27    -            870 TPR_8                PF13181.11    34   5.9e-27   89.4   2.5   3   3   5.9e-06    0.0015   16.4   0.0     1    33   721   753   721   754 0.95 GCA_003021085.1
PXRE01000024.1_157   -           1257 TPR_8                PF13181.11    34   1.7e-25   84.8  16.4   1   4   3.3e-07   8.2e-05   20.3   0.1     1    33   884   916   884   917 0.93 GCA_003021085.1
PXRE01000024.1_157   -           1257 TPR_8                PF13181.11    34   1.7e-25   84.8  16.4   2   4   5.9e-05     0.014   13.3   0.2     2    32   925   955   924   957 0.92 GCA_003021085.1
PXRE01000024.1_157   -           1257 TPR_8                PF13181.11    34   1.7e-25   84.8  16.4   3   4   0.00011     0.026   12.5   0.1     1    33  1004  1036  1004  1037 0.94 GCA_003021085.1
PXRE01000024.1_157   -           1257 TPR_8                PF13181.11    34   1.7e-25   84.8  16.4   4   4   3.8e-05    0.0093   13.9   0.1     6    32  1049  1075  1049  1076 0.93 GCA_003021085.1
NZ_CP026995.1_1603   -            272 TPR_8                PF13181.11    34   3.9e-25   83.7   8.8   1   4   0.00017     0.043   11.9   0.0     6    34    89   117    86   117 0.90 GCF_013407185.1
NZ_CP026995.1_1603   -            272 TPR_8                PF13181.11    34   3.9e-25   83.7   8.8   2   4   5.3e-07   0.00013   19.7   0.0     2    33   119   150   118   151 0.94 GCF_013407185.1
NZ_CP026995.1_1603   -            272 TPR_8                PF13181.11    34   3.9e-25   83.7   8.8   3   4     2e-07   4.9e-05   21.0   0.0     2    33   187   218   186   219 0.95 GCF_013407185.1
NZ_CP026995.1_1603   -            272 TPR_8                PF13181.11    34   3.9e-25   83.7   8.8   4   4   2.3e-05    0.0057   14.6   0.0     7    34   226   253   221   253 0.93 GCF_013407185.1
QQVN01000003.1_719   -            514 TPR_8                PF13181.11    34   4.3e-25   83.5   1.1   1   4   8.4e-06    0.0021   16.0   0.0     2    34    41    73    40    73 0.95 GCA_003352285.1
QQVN01000003.1_719   -            514 TPR_8                PF13181.11    34   4.3e-25   83.5   1.1   2   4   4.8e-05     0.012   13.6   0.0     4    34    77   107    76   107 0.94 GCA_003352285.1
QQVN01000003.1_719   -            514 TPR_8                PF13181.11    34   4.3e-25   83.5   1.1   3   4   3.6e-08   8.9e-06   23.3   0.1     2    34   109   141   108   141 0.95 GCA_003352285.1
QQVN01000003.1_719   -            514 TPR_8                PF13181.11    34   4.3e-25   83.5   1.1   4   4   2.8e-07   6.8e-05   20.6   0.0     2    34   143   175   142   175 0.94 GCA_003352285.1
NZ_CP026995.1_1601   -            426 TPR_8                PF13181.11    34   1.4e-21   72.6  12.9   1   3   8.4e-07   0.00021   19.1   0.0     2    33   144   175   143   176 0.94 GCF_013407185.1
NZ_CP026995.1_1601   -            426 TPR_8                PF13181.11    34   1.4e-21   72.6  12.9   2   3   2.5e-05     0.006   14.5   0.1     3    34   179   210   177   210 0.93 GCF_013407185.1
NZ_CP026995.1_1601   -            426 TPR_8                PF13181.11    34   1.4e-21   72.6  12.9   3   3   2.2e-06   0.00055   17.8   0.0     4    34   382   412   380   412 0.96 GCF_013407185.1
JAENJF010000025.1_8  -            162 TPR_8                PF13181.11    34   5.7e-18   61.3   0.6   1   2   3.2e-06   0.00078   17.3   0.0     2    34    38    70    37    70 0.95 GCA_016844685.1
JAENJF010000025.1_8  -            162 TPR_8                PF13181.11    34   5.7e-18   61.3   0.6   2   2   2.6e-07   6.4e-05   20.7   0.1     3    34    73   104    71   104 0.96 GCA_016844685.1
DP000238.1_1680      -            157 TPR_8                PF13181.11    34   4.4e-17   58.6   0.9   1   3   0.00014     0.035   12.2   0.0     3    32    39    68    37    70 0.86 GCA_000200715.1
DP000238.1_1680      -            157 TPR_8                PF13181.11    34   4.4e-17   58.6   0.9   2   3   2.7e-09   6.6e-07   26.9   0.2     2    32    72   102    71   104 0.92 GCA_000200715.1
DP000238.1_1680      -            157 TPR_8                PF13181.11    34   4.4e-17   58.6   0.9   3   3   0.00018     0.043   11.8   0.0     7    31   111   135   111   138 0.93 GCA_000200715.1
CABXQD010000010.1_29 -            470 TPR_8                PF13181.11    34   1.5e-10   38.2   0.2   1   2   3.3e-05     0.008   14.1   0.0     3    34    35    66    33    66 0.92 GCA_902514275.1
CABXQD010000010.1_29 -            470 TPR_8                PF13181.11    34   1.5e-10   38.2   0.2   2   2   0.00017     0.042   11.9   0.0     5    27   105   127   102   128 0.90 GCA_902514275.1
CABXPS010000018.1_1  -            172 TPR_8                PF13181.11    34   4.1e-10   36.9   2.8   1   2   0.00012     0.028   12.4   0.3    15    33    46    64    39    65 0.92 GCA_902514095.1
CABXPS010000018.1_1  -            172 TPR_8                PF13181.11    34   4.1e-10   36.9   2.8   2   2   6.4e-06    0.0016   16.3   0.0    13    34   112   133   106   133 0.94 GCA_902514095.1
NC_018655.1_1221     -            235 TPR_8                PF13181.11    34     2e-08   31.6  12.2   1   1     4e-07   9.8e-05   20.1   0.1     2    33    76   107    75   108 0.90 GCF_000299365.1
JADKAQ010000016.1_37 -            678 TPR_8                PF13181.11    34   2.8e-07   28.0   7.4   1   1   0.00011     0.026   12.5   0.1     3    32   178   207   176   209 0.92 GCA_016719105.1
PXRE01000005.1_27    -            870 TPR_MalT             PF17874.6    336   7.2e-26   89.0  15.0   1   2     1e-13   1.2e-10   38.9   3.0     8   192   488   672   487   673 0.85 GCA_003021085.1
PXRE01000005.1_27    -            870 TPR_MalT             PF17874.6    336   7.2e-26   89.0  15.0   2   2   6.2e-17   7.6e-14   49.4   3.0    44   225   645   824   641   849 0.86 GCA_003021085.1
PXRE01000024.1_157   -           1257 TPR_MalT             PF17874.6    336   8.9e-19   65.7  19.8   1   2   3.3e-12   4.1e-09   33.9   1.6     8   190   771   953   768   984 0.90 GCA_003021085.1
PXRE01000024.1_157   -           1257 TPR_MalT             PF17874.6    336   8.9e-19   65.7  19.8   2   2   2.7e-11   3.3e-08   30.9   0.6    41   181  1005  1144   970  1145 0.88 GCA_003021085.1
JAKCFM010000002.1_16 -           1089 TPR_MalT             PF17874.6    336   7.9e-16   56.0   5.4   1   1   6.3e-13   7.7e-10   36.3   2.0    51   189   763   900   755   905 0.90 GCA_025041195.1
NZ_LIGX01000020.1_82 -            865 TP_methylase         PF00590.25   212   1.3e-79  264.8   4.5   1   2   4.1e-48   5.1e-45  151.8   0.2     2   210     8   212     8   214 0.94 GCF_001683795.1
NZ_LIGX01000020.1_82 -            865 TP_methylase         PF00590.25   212   1.3e-79  264.8   4.5   2   2   1.5e-36   1.9e-33  114.0   0.8     1   211   617   826   617   827 0.85 GCF_001683795.1
SZNP01000005.1_50    -            337 TP_methylase         PF00590.25   212   3.7e-58  194.7   1.7   1   1   3.8e-61   4.7e-58  194.4   1.7     1   211    90   304    90   305 0.95 GCA_005239435.1
RHFA01000169.1_8     -            251 TP_methylase         PF00590.25   212   1.6e-53  179.5   4.4   1   1   1.6e-56   1.9e-53  179.3   4.4     4   211     4   206     1   207 0.94 GCA_003724275.1
CP094974.1_4727      -            250 TraB_PrgY_gumN       PF01963.22   263   3.9e-17   60.7   0.0   1   1   1.7e-20   6.3e-17   60.0   0.0    14   256     9   226     2   230 0.73 GCA_022869805.1
NZ_MWLL01000227.1_8  -            654 TraG-D_C             PF12696.12   126   1.3e-13   48.7   0.0   1   1     1e-16   3.8e-13   47.2   0.0     1    87   416   503   416   523 0.86 GCF_002198675.1
NZ_CP085307.1_214     -            146 TRAM                 PF01938.25    61   1.5e-14   51.3   3.6   1   1   1.4e-17   2.6e-14   50.6   3.6     2    61    82   139    81   139 0.97 GCF_020700235.1
NZ_AOLK01000022.1_392 -            202 TRAM                 PF01938.25    61   8.4e-11   39.4   0.6   1   1   7.6e-14   1.4e-10   38.7   0.6     2    60   146   201   145   202 0.94 GCF_000336755.1
NZ_MWLL01000064.1_14 -            531 TRAM_2               PF18693.6     63   4.8e-08   30.8   1.1   1   1   5.9e-11   2.2e-07   28.8   1.1     1    60   443   525   443   527 0.82 GCF_002198675.1
NZ_ML974139.1_29     -           1088 Transglut_core       PF01841.24   108   7.1e-30  101.3   0.3   1   1   4.6e-33   1.7e-29  100.1   0.3     3   108   263   375   261   375 0.97 GCF_004143485.2
JAHEFU010000082.1_3  -             89 Transgly_assoc       PF04226.18    49   4.7e-10   37.3   3.3   1   1   1.3e-13   4.7e-10   37.3   3.3     3    48    37    87    37    88 0.96 GCA_024645305.1
JAFEGL010000068.1_64  -            678 Transketolase_C      PF02780.25   124   4.1e-42  140.8   0.2   1   1   4.8e-45   8.9e-42  139.7   0.2     1   123   546   667   546   668 0.98 GCA_018239895.1
JADKAQ010000001.1_354 -            325 Transketolase_C      PF02780.25   124   5.9e-38  127.3   0.2   1   1   5.1e-41   9.4e-38  126.7   0.2     1   124   192   315   192   315 0.99 GCA_016719105.1
JAFEGL010000068.1_64  -            678 Transket_pyr         PF02779.29   174   5.8e-45  150.8   0.1   1   1   3.2e-47   3.9e-44  148.1   0.0     3   173   351   527   349   529 0.97 GCA_018239895.1
JADKAQ010000001.1_354 -            325 Transket_pyr         PF02779.29   174     7e-41  137.5   0.0   1   1   5.1e-43   6.2e-40  134.4   0.0     2   173     3   176     2   178 0.94 GCA_016719105.1
JAJXYX010000055.1_37  -            899 Transket_pyr         PF02779.29   174   7.7e-40  134.1   0.0   1   1   1.1e-42   1.4e-39  133.3   0.0     2   173   559   752   558   754 0.98 GCA_021780355.1
JAJXYX010000059.1_7  -            218 Transposase_mut      PF00872.23   379   8.2e-28   95.1   0.0   1   1   7.8e-31   9.6e-28   94.8   0.0    20   207    19   215     8   218 0.88 GCA_021780355.1
JAJXYX010000059.1_8  -            126 Transposase_mut      PF00872.23   379   9.6e-27   91.5   0.0   1   1   9.6e-30   1.2e-26   91.3   0.0   227   341     6   120     4   124 0.97 GCA_021780355.1
NZ_JAALLS010000002.1_138 -            226 Trans_reg_C          PF00486.33    77   1.3e-26   90.2   0.5   1   1   8.2e-30     3e-26   89.1   0.5     3    77   155   224   153   224 0.97 GCF_011059105.1
NZ_JADDKQ010000005.1_30 -            260 Trehalose_PPase      PF02358.21   235   3.8e-25   86.1   0.0   1   1   1.2e-28   4.5e-25   85.9   0.0     2   211    27   225    26   244 0.83 GCF_016464425.1
NZ_JAKUHT010000012.1_142 -            611 TREH_N               PF19291.4    211   1.7e-21   74.2   0.0   1   1     7e-25   2.6e-21   73.6   0.0    12   185    13   194     3   220 0.81 GCF_022436705.1
NZ_FNFE01000004.1_293   -            398 TrkA_C               PF02080.26    71   4.3e-32  107.6   0.6   1   2   2.4e-18   1.1e-15   55.1   0.1     1    69   120   189   120   191 0.96 GCF_900100335.1
NZ_FNFE01000004.1_293   -            398 TrkA_C               PF02080.26    71   4.3e-32  107.6   0.6   2   2   6.1e-17   2.8e-14   50.6   0.0     2    70   320   391   319   392 0.97 GCF_900100335.1
NZ_BBMP01000022.1_917   -            443 TrkA_C               PF02080.26    71     9e-29   97.0   7.1   1   2   1.4e-19   6.4e-17   59.0   0.1     1    70   151   218   151   219 0.97 GCF_000755245.1
NZ_BBMP01000022.1_917   -            443 TrkA_C               PF02080.26    71     9e-29   97.0   7.1   2   2   1.6e-13   7.2e-11   39.6   0.5     1    68   374   441   374   443 0.92 GCF_000755245.1
CP094974.1_934          -            540 TrkA_C               PF02080.26    71   2.8e-23   79.4   0.8   1   2     2e-13   9.1e-11   39.3   0.0     1    68   258   326   258   329 0.95 GCA_022869805.1
CP094974.1_934          -            540 TrkA_C               PF02080.26    71   2.8e-23   79.4   0.8   2   2   1.4e-11   6.6e-09   33.3   0.0     6    68   474   535   469   537 0.90 GCA_022869805.1
NZ_NHSQ01000052.1_48    -            652 TrkA_C               PF02080.26    71     1e-14   52.0   0.0   1   1   1.7e-11     8e-09   33.1   0.0     1    67   371   441   371   443 0.90 GCF_016653465.1
NZ_CP085336.1_979       -            306 TrkA_C               PF02080.26    71   4.5e-14   49.9   0.1   1   1   3.8e-16   1.7e-13   48.0   0.1     1    68    26    94    26    96 0.95 GCF_020618475.1
NZ_JAAAJC010000016.1_13 -            252 TrkA_C               PF02080.26    71   4.1e-12   43.6   0.0   1   1   1.6e-14   7.4e-12   42.8   0.0     2    68   157   224   156   226 0.94 GCF_009900715.1
SZNP01000001.1_1090     -            247 TrkA_C               PF02080.26    71   3.8e-10   37.3   0.1   1   1   1.5e-12   6.9e-10   36.5   0.1     1    57   173   231   173   243 0.95 GCA_005239435.1
NZ_AOLW01000022.1_20    -            605 TrkA_C               PF02080.26    71     2e-07   28.6   1.7   1   1   1.1e-09   5.1e-07   27.3   0.1     5    68   328   387   325   389 0.90 GCF_000336615.1
NZ_BBMP01000022.1_917  -            443 TrkA_N               PF02254.23   116   1.9e-46  154.9  11.3   1   2   2.4e-26   2.2e-23   80.6   3.9     1   104     3   105     3   120 0.91 GCF_000755245.1
NZ_BBMP01000022.1_917  -            443 TrkA_N               PF02254.23   116   1.9e-46  154.9  11.3   2   2   9.3e-26   8.5e-23   78.7   0.8     1   116   230   345   230   345 0.94 GCF_000755245.1
CP094974.1_934         -            540 TrkA_N               PF02254.23   116     6e-44  146.9  12.6   1   2   3.8e-25   3.5e-22   76.7   0.6     1   116   112   226   112   226 0.97 GCA_022869805.1
CP094974.1_934         -            540 TrkA_N               PF02254.23   116     6e-44  146.9  12.6   2   2     2e-24   1.8e-21   74.3   5.6     1   115   338   444   338   445 0.95 GCA_022869805.1
JAHENP010000251.1_8    -            400 TrkA_N               PF02254.23   116   8.8e-29   97.9   0.3   1   1   1.8e-31   1.7e-28   97.1   0.3     1   116   242   357   242   357 0.98 GCA_018609965.1
NZ_RKSM01000001.1_1505 -            573 TrkA_N               PF02254.23   116   1.3e-11   42.6   0.5   1   1   4.2e-14   3.8e-11   41.1   0.1     2   114     5   118     4   120 0.89 GCF_008729015.1
NZ_JAALLS010000002.1_140 -            498 TrkH                 PF02386.21   502   1.8e-64  215.7  21.4   1   1   2.2e-67     4e-64  214.6  21.4    21   500    58   496    41   498 0.86 GCF_011059105.1
JAATVR010000297.1_1      -            645 TrkH                 PF02386.21   502   4.5e-38  128.7  10.5   1   2     2e-14   3.7e-11   39.9   6.6    11   248   151   375   142   404 0.78 GCA_014523665.1
JAATVR010000297.1_1      -            645 TrkH                 PF02386.21   502   4.5e-38  128.7  10.5   2   2   1.1e-29     2e-26   90.3   0.3   316   490   412   637   384   644 0.91 GCA_014523665.1
NC_017941.2_1139     -             61 Trm112p              PF03966.21    40   6.3e-08   30.2   0.1   1   1   2.3e-11   8.6e-08   29.8   0.1     1    40     2    49     2    49 0.91 GCF_000306765.2
JAHFUX010000012.1_33 -            182 Trm56                PF01994.21   119   1.5e-48  161.4   0.1   1   1     6e-52   2.2e-48  160.8   0.1     1   118    60   175    60   176 0.98 GCA_023264875.1
NZ_WRXM01000001.1_417   -            350 TrmB                 PF01978.24    68   1.5e-21   73.8   0.0   1   1     1e-23   3.8e-21   72.5   0.0     3    67    16    80    14    81 0.97 GCF_010119205.1
NZ_CVUA01000001.1_2165  -            248 TrmB                 PF01978.24    68   3.3e-15   53.5   0.0   1   1   1.5e-17   5.5e-15   52.8   0.0     1    67    10    76    10    77 0.97 GCF_001282785.1
JADFLH010000023.1_17    -            276 TrmB                 PF01978.24    68   3.1e-14   50.4   0.0   1   1   1.6e-16   5.7e-14   49.5   0.0     3    67    28    92    26    93 0.97 GCA_022564515.1
JAENJF010000030.1_11    -            275 TrmB                 PF01978.24    68   3.8e-14   50.1   0.0   1   1   2.3e-16   8.3e-14   49.0   0.0     1    67    11    77    11    78 0.98 GCA_016844685.1
NZ_JALIQP010000002.1_33 -            207 TrmB                 PF01978.24    68     1e-08   32.7   0.0   1   1     5e-11   1.9e-08   31.8   0.0     1    56    77   133    77   146 0.94 GCF_023566055.1
QNGA01000001.1_602      -            181 TrmB                 PF01978.24    68   1.4e-08   32.3   0.1   1   1   7.4e-11   2.7e-08   31.3   0.1     6    56   120   171   105   176 0.96 GCA_003298465.1
NZ_CP095482.1_906       -            174 TrmB                 PF01978.24    68   5.1e-08   30.5   0.0   1   1   2.1e-10   7.8e-08   29.9   0.0     3    57    55   109    52   123 0.88 GCF_023028225.1
NZ_CVUA01000001.1_1769  -            114 TrmB                 PF01978.24    68   1.3e-07   29.1   0.0   1   1   4.7e-10   1.7e-07   28.8   0.0    18    57    40    79    30    93 0.89 GCF_001282785.1
NZ_LOPU01000029.1_292   -            122 TrmB                 PF01978.24    68   2.6e-07   28.2   0.0   1   1   2.2e-09   8.2e-07   26.6   0.0    20    56    31    67    25    79 0.91 GCF_001469955.1
JAFEGL010000003.1_108 -            458 TrmE_N               PF10396.14   117   7.6e-45  149.7   0.2   1   1   3.6e-48   1.3e-44  148.9   0.2     1   117    13   129    13   129 0.97 GCA_018239895.1
NZ_MWLL01000125.1_23   -           1089 tRNA-synt_1          PF00133.27   414  6.9e-127  421.4   0.0   1   1  2.3e-129  9.6e-127  420.9   0.0     4   409    60   690    57   694 0.96 GCF_002198675.1
NZ_CP095487.1_488      -            878 tRNA-synt_1          PF00133.27   414   1.8e-93  311.3   3.4   1   1     6e-96   2.4e-93  310.8   3.4     2   413    17   565    16   566 0.95 GCF_023028345.1
JADKAQ010000002.1_27   -            824 tRNA-synt_1          PF00133.27   414   3.3e-42  142.4   0.3   1   2   5.8e-22   2.4e-19   67.1   0.8     2   224    25   234    24   239 0.83 GCA_016719105.1
JADKAQ010000002.1_27   -            824 tRNA-synt_1          PF00133.27   414   3.3e-42  142.4   0.3   2   2   1.6e-21   6.6e-19   65.7   0.0   229   404   441   633   434   641 0.68 GCA_016719105.1
NZ_CP026995.1_509      -            959 tRNA-synt_1          PF00133.27   414   1.7e-36  123.6   2.5   1   1   6.7e-39   2.7e-36  122.9   2.5     2   412    12   664    11   666 0.90 GCF_013407185.1
NZ_JAALLS010000006.1_3 -            676 tRNA-synt_1          PF00133.27   414   2.7e-18   63.7   0.2   1   1   7.5e-18   3.1e-15   53.6   0.2    31   245    11   243     3   299 0.84 GCF_011059105.1
SKKJ01000294.1_3       -            468 tRNA-synt_1          PF00133.27   414   1.4e-11   41.5   0.0   1   1   2.4e-12     1e-09   35.4   0.0    26   243    12   245     3   257 0.88 GCA_007121575.1
JAAUVF010000069.1_1    -            135 tRNA-synt_1          PF00133.27   414   7.9e-10   35.8   0.0   1   1   9.6e-11   3.9e-08   30.2   0.0    22   159    10   129     3   134 0.72 GCA_012030815.1
CAJQMY010000047.1_9    -            486 tRNA-synt_1          PF00133.27   414   7.8e-09   32.5   0.1   1   1   1.7e-09   7.1e-07   26.0   0.0   332   411   219   297   200   300 0.84 GCA_905479565.1
NZ_CP096658.1_3230   -            576 tRNA-synt_1c         PF00749.26   314   5.6e-61  203.9   0.0   1   1   1.9e-64   7.1e-61  203.5   0.0     1   313   107   418   107   419 0.92 GCF_023238445.1
NZ_CP096658.1_3230   -            576 tRNA-synt_1c_C       PF03950.23    91   1.2e-11   42.4   0.0   1   1   3.4e-14   1.3e-10   39.2   0.0     1    77   421   494   421   506 0.91 GCF_023238445.1
NZ_CP096658.1_3230   -            576 tRNA-synt_1c_C2      PF20974.2     69     2e-09   35.8   0.0   1   1   1.6e-12   5.9e-09   34.3   0.0     1    69   512   561   512   561 0.95 GCF_023238445.1
CAJQMY010000047.1_9  -            486 tRNA-synt_1e         PF01406.24   301  1.1e-127  423.3   1.7   1   1  9.1e-131  1.1e-127  423.3   1.7     7   297    17   305    11   308 0.98 GCA_905479565.1
JACZUQ010000043.1_1  -            229 tRNA-synt_1e         PF01406.24   301   1.2e-95  318.1   0.2   1   1   1.1e-98   1.4e-95  317.9   0.2     7   221    17   229    11   229 0.98 GCA_022573065.1
NZ_CP096658.1_870    -            622 tRNA-synt_1f         PF01921.23   360  1.6e-102  340.8   0.0   1   1  1.2e-105  2.3e-102  340.3   0.0     2   346    37   391    36   405 0.93 GCF_023238445.1
NZ_JAALLS010000006.1_3 -            676 tRNA-synt_1g         PF09334.16   391  1.7e-170  564.7   0.0   1   1  9.2e-173  2.4e-170  564.2   0.0     2   390     6   396     5   397 0.99 GCF_011059105.1
SKKJ01000294.1_3       -            468 tRNA-synt_1g         PF09334.16   391  2.3e-138  458.9   0.0   1   1    1e-140  2.7e-138  458.7   0.0     2   390    12   410    11   411 0.96 GCA_007121575.1
PAAH01000002.1_1       -            388 tRNA-synt_1g         PF09334.16   391   1.7e-73  245.3   0.4   1   1   9.2e-76   2.4e-73  244.9   0.4   161   390     3   231     2   232 0.95 GCA_002698885.1
JAAUVF010000069.1_2    -            224 tRNA-synt_1g         PF09334.16   391   2.6e-47  159.2   1.3   1   1   1.3e-49   3.3e-47  158.8   1.3   234   390    10   166     4   167 0.93 GCA_012030815.1
JAAUVF010000069.1_1    -            135 tRNA-synt_1g         PF09334.16   391   1.6e-37  126.9   0.1   1   1   6.6e-40   1.7e-37  126.8   0.1     2   119    14   132    13   135 0.97 GCA_012030815.1
JADKAQ010000002.1_27   -            824 tRNA-synt_1g         PF09334.16   391   9.7e-30  101.3   0.4   1   2   3.4e-20     9e-18   61.9   0.0     7   144    52   193    48   240 0.92 GCA_016719105.1
JADKAQ010000002.1_27   -            824 tRNA-synt_1g         PF09334.16   391   9.7e-30  101.3   0.4   2   2   2.6e-10   6.7e-08   29.4   0.0   313   369   589   645   558   650 0.87 GCA_016719105.1
JACRND010000156.1_1    -            251 tRNA-synt_1g         PF09334.16   391   5.4e-25   85.7   0.0   1   1   2.8e-27   7.5e-25   85.2   0.0   305   390     6    92     1    93 0.91 GCA_016234975.1
NZ_CP026995.1_509      -            959 tRNA-synt_1g         PF09334.16   391   7.4e-25   85.2   1.3   1   2   8.6e-15   2.3e-12   44.1   0.0     2    73    33   104    32   115 0.94 GCF_013407185.1
NZ_CP026995.1_509      -            959 tRNA-synt_1g         PF09334.16   391   7.4e-25   85.2   1.3   2   2     3e-13   7.9e-11   39.1   0.3   246   376   545   675   499   682 0.79 GCF_013407185.1
NZ_CP095487.1_488      -            878 tRNA-synt_1g         PF09334.16   391   7.7e-24   81.9   2.6   1   2   6.7e-15   1.8e-12   44.5   0.0     2   137    38   188    37   199 0.79 GCF_023028345.1
NZ_CP095487.1_488      -            878 tRNA-synt_1g         PF09334.16   391   7.7e-24   81.9   2.6   2   2   1.9e-10     5e-08   29.8   0.0   309   372   508   571   477   576 0.78 GCF_023028345.1
NZ_MWLL01000125.1_23   -           1089 tRNA-synt_1g         PF09334.16   391   2.8e-19   66.9   0.5   1   1   5.4e-11   1.4e-08   31.6   0.0     8   135    92   238    89   277 0.76 GCF_002198675.1
CAJQMY010000047.1_9    -            486 tRNA-synt_1g         PF09334.16   391   2.3e-13   47.4   1.2   1   1   4.2e-10   1.1e-07   28.7   1.2    12   126    31   144    27   152 0.90 GCA_905479565.1
NZ_CP096658.1_870      -            622 tRNA-synt_1g         PF09334.16   391   1.3e-10   38.4   0.0   1   1   2.8e-10   7.4e-08   29.3   0.0   316   368   317   369   299   376 0.89 GCF_023238445.1
JACZUQ010000043.1_1    -            229 tRNA-synt_1g         PF09334.16   391   8.9e-10   35.6   0.6   1   1   4.5e-12   1.2e-09   35.2   0.6    12   125    31   143    23   150 0.90 GCA_022573065.1
JABGTD010000004.1_38   -            192 tRNA-synt_1g         PF09334.16   391   6.7e-07   26.1   0.9   1   1   5.4e-09   1.4e-06   25.1   0.1   361   391     6    36     2    36 0.93 GCA_018647405.1
JADKAQ010000002.1_27 -            824 tRNA-synt_1_2        PF13603.11   185   1.3e-65  218.1   0.0   1   1   1.1e-68     2e-65  217.5   0.0     1   184   232   426   232   427 0.92 GCA_016719105.1
NZ_CP026995.1_509    -            959 tRNA-synt_1_2        PF13603.11   185   8.4e-07   26.4   2.5   1   1   1.2e-09   2.1e-06   25.1   0.1    23   127   215   320   203   345 0.76 GCF_013407185.1
JAATVP010000179.1_9  -            449 tRNA-synt_2          PF00152.25   308   1.2e-82  275.1   0.1   1   1   4.6e-86   1.7e-82  274.7   0.1     3   307   133   443   131   444 0.94 GCA_014523625.1
RKRU01000055.1_3     -            979 tRNA-synt_2c         PF01411.24   552   6.6e-71  237.2   0.2   1   1   7.1e-73   1.3e-69  232.9   0.2     8   549    81   583    78   586 0.89 GCA_007571225.1
JAJNBK010000204.1_1  -            511 tRNA-synt_2c         PF01411.24   552   1.2e-15   54.7   0.3   1   1   1.1e-18   2.1e-15   54.0   0.3   346   550     3   183     1   185 0.80 GCA_021155845.1
NZ_CP095487.1_2963   -            617 tRNA-Thr_ED          PF08915.16   137   5.6e-11   40.4   0.0   1   1   2.3e-14   8.4e-11   39.9   0.0     1   136     1   137     1   138 0.94 GCF_023028345.1
NZ_BBJP01000036.1_50     -            539 tRNA_anti-codon      PF01336.30    75   1.3e-24   83.7   8.5   1   2   1.6e-13   1.5e-10   38.7   0.0     6    74   116   194   111   195 0.87 GCF_000739595.1
NZ_BBJP01000036.1_50     -            539 tRNA_anti-codon      PF01336.30    75   1.3e-24   83.7   8.5   2   2   1.5e-12   1.4e-09   35.6   0.5     3    70   222   297   220   299 0.89 GCF_000739595.1
JAATVP010000179.1_9      -            449 tRNA_anti-codon      PF01336.30    75   8.3e-15   52.3   0.2   1   1   1.6e-17   1.4e-14   51.5   0.2     1    74    33   111    33   112 0.97 GCA_014523625.1
NZ_JAMZIE010000002.1_367 -            727 tRNA_anti-codon      PF01336.30    75     9e-14   49.0   1.9   1   1   1.2e-16   1.1e-13   48.6   0.4     1    75   247   319   247   319 0.96 GCF_024178165.1
CP060262.1_319           -            448 tRNA_anti-codon      PF01336.30    75   6.5e-13   46.2   0.0   1   1   2.4e-15   2.2e-12   44.5   0.0     1    73    32   104    32   105 0.95 GCA_022646745.1
CP060262.1_319       -            448 tRNA_anti_2          PF13742.11    95   2.2e-26   89.7   0.0   1   1   1.1e-29   4.1e-26   88.8   0.0     1    94    10   103    10   104 0.91 GCA_022646745.1
NZ_JAALLS010000006.1_3 -            676 tRNA_bind            PF01588.25    96   4.2e-26   88.7   0.1   1   1     2e-29   7.4e-26   87.9   0.1     1    86   583   666   583   674 0.91 GCF_011059105.1
JADFQH010000108.1_7  -            442 tRNA_deacylase       PF04414.17   205   3.6e-59  197.5   0.0   1   1   1.5e-62   5.7e-59  196.8   0.0     5   204    75   266    72   267 0.95 GCA_022561895.1
UYNY01000031.1_128   -            182 tRNA_int_endo        PF01974.22    85     1e-30  103.5   0.0   1   1     5e-34   1.8e-30  102.6   0.0     1    84    91   173    91   174 0.94 GCA_900620265.1
UYNY01000031.1_128   -            182 tRNA_int_endo_N      PF02778.19    67   2.7e-15   53.4   0.0   1   1     1e-18   3.9e-15   52.9   0.0     3    65     4    79     3    81 0.96 GCA_900620265.1
NZ_CP072036.1_807     -            507 tRNA_Me_trans        PF03054.21   202   1.4e-07   29.1   0.1   1   1   1.9e-09   2.3e-06   25.2   0.1     1    40   213   252   213   282 0.77 GCF_018847375.1
RHFB01000061.1_5      -            263 tRNA_Me_trans        PF03054.21   202   4.3e-07   27.5   0.1   1   1   3.5e-08   4.4e-05   21.0   0.1     2    74    16    78    15    88 0.77 GCA_003724285.1
NZ_JAAOIR010000001.1_1636 -            465 tRNA_NucTransf2      PF09249.16   113   5.7e-41  137.1   0.0   1   1   2.6e-44   9.4e-41  136.4   0.0     2   112   167   275   166   276 0.98 GCF_011440375.1
JAJNBK010000204.1_1  -            511 tRNA_SAD             PF07973.19    44   2.2e-16   57.3   1.0   1   1   5.6e-19     1e-15   55.2   1.0     1    44   284   327   284   327 0.98 GCA_021155845.1
RKRU01000055.1_3     -            979 tRNA_SAD             PF07973.19    44   2.3e-16   57.3   2.2   1   1   2.8e-19   5.2e-16   56.1   2.2     1    44   685   728   685   728 0.98 GCA_007571225.1
NZ_JAALLS010000018.1_41 -            260 Trp_dioxygenase      PF03301.18   346   2.9e-66  221.9   2.3   1   2   1.5e-47   5.6e-44  148.6   0.6    15   159     3   142     1   159 0.90 GCF_011059105.1
NZ_JAALLS010000018.1_41 -            260 Trp_dioxygenase      PF03301.18   346   2.9e-66  221.9   2.3   2   2   1.4e-24   5.1e-21   73.1   0.0   279   344   195   258   184   260 0.90 GCF_011059105.1
NZ_ML974127.1_1523       -            404 Trp_halogenase       PF04820.19   458     5e-09   33.2   1.0   1   1   9.1e-11   8.4e-08   29.2   0.8   134   372    69   328    44   356 0.77 GCF_004765815.2
NZ_CP058335.1_3815       -            459 Trp_halogenase       PF04820.19   458   2.7e-07   27.5   0.3   1   1   1.1e-08   9.7e-06   22.4   0.0   104   228    54   182    43   193 0.77 GCF_013391105.1
LKNH01000075.1_2         -            453 Trp_halogenase       PF04820.19   458   4.9e-06   23.4   3.1   1   1   1.7e-08   1.6e-05   21.7   0.0   149   228   102   184    54   190 0.85 GCA_001564135.1
NZ_JAKUHT010000025.1_26 -            280 Trp_syntA            PF00290.25   259   1.9e-70  234.5   0.1   1   1   5.8e-74   2.1e-70  234.3   0.1     1   248    22   266    22   277 0.95 GCF_022436705.1
NZ_MWLL01000195.1_26 -           1697 TrwC                 PF08751.16   286   7.3e-55  184.3  10.5   1   1     2e-58   7.3e-55  184.3  10.5     2   284    32   402    31   404 0.86 GCF_002198675.1
NZ_JAALLS010000018.1_11 -            219 TsaD                 PF00814.30   264   6.2e-23   79.6   0.0   1   1   2.1e-26   7.7e-23   79.3   0.0    28   135    33   137    29   186 0.85 GCF_011059105.1
NZ_FNFE01000001.1_933 -            161 TspO_MBR             PF03073.20   145   2.3e-41  138.7  22.2   1   1   7.6e-45   2.8e-41  138.4  22.2     6   144    24   158    17   159 0.89 GCF_900100335.1
NZ_QPII01000002.1_278   -            389 Tubulin              PF00091.30   190   1.5e-50  169.8   0.7   1   1   8.4e-54   1.5e-50  169.8   0.7     2   189    15   174    14   175 0.98 GCF_003336675.1
NZ_JAMZIE010000001.1_53 -            364 Tubulin              PF00091.30   190   3.2e-18   64.4   0.0   1   1   2.7e-21     5e-18   63.8   0.0     2   184     3   173     2   177 0.90 GCF_024178165.1
SKKJ01000001.1_1     -            464 UbiA                 PF01040.23   250   1.3e-58  196.0  28.6   1   1   1.8e-61   1.3e-58  196.0  28.6     3   249   197   446   195   447 0.89 GCA_007121575.1
JAJXYX010000059.1_30 -            284 UbiA                 PF01040.23   250   6.2e-57  190.5  20.8   1   1     1e-59   7.6e-57  190.2  20.8     2   247    17   263    16   267 0.94 GCA_021780355.1
JAHFTO010000009.1_54 -            289 UbiA                 PF01040.23   250   6.5e-35  118.4  19.0   1   1   1.1e-37   8.4e-35  118.0  19.0     3   246    21   271    19   287 0.89 GCA_023269355.1
JALDAN010000013.1_29 -            281 UbiA                 PF01040.23   250   4.8e-29   99.1   9.8   1   1   6.5e-32   4.8e-29   99.1   9.8     3   227    25   247    23   255 0.82 GCA_022729355.1
NZ_RDFA01000003.1_60 -            302 UbiA                 PF01040.23   250   2.3e-28   96.9  20.2   1   1     4e-31     3e-28   96.5  20.2     5   240    32   278    26   297 0.85 GCF_004118325.1
JAHFTO010000009.1_59     -            244 Ubie_methyltran      PF01209.23   233   1.2e-56  189.4   0.0   1   1   5.8e-59   1.4e-56  189.2   0.0     8   233    12   238     6   238 0.97 GCA_023269355.1
VYCS01000041.1_36        -            233 Ubie_methyltran      PF01209.23   233   3.9e-18   63.4   0.0   1   1   2.7e-20   6.5e-18   62.7   0.0     8   227     9   222     2   228 0.83 GCA_009843815.1
NC_019964.1_1217         -            239 Ubie_methyltran      PF01209.23   233   7.8e-17   59.1   0.0   1   1   4.2e-19     1e-16   58.7   0.0    36   144    33   139    11   157 0.87 GCF_000328525.1
JAKCFM010000001.1_2839   -            263 Ubie_methyltran      PF01209.23   233   1.7e-14   51.5   0.0   1   1     1e-16   2.5e-14   50.9   0.0    42   151    40   146    35   163 0.92 GCA_025041195.1
JAHFTO010000009.1_12     -            283 Ubie_methyltran      PF01209.23   233   6.2e-12   43.1   0.0   1   1   3.9e-14   9.5e-12   42.5   0.0    41   151    49   155    37   202 0.85 GCA_023269355.1
NZ_JALXFV010000006.1_59  -            249 Ubie_methyltran      PF01209.23   233   3.4e-10   37.4   0.0   1   1   1.8e-12   4.3e-10   37.1   0.0    47   165    85   210    56   242 0.81 GCF_023699475.1
NZ_CP053941.1_2435       -            258 Ubie_methyltran      PF01209.23   233   3.7e-10   37.3   0.0   1   1   3.1e-12   7.5e-10   36.3   0.0    47   151    55   156    49   166 0.88 GCF_013267195.1
NZ_LIGX01000007.1_9      -            224 Ubie_methyltran      PF01209.23   233   8.4e-10   36.1   0.0   1   1   5.9e-12   1.4e-09   35.3   0.0    47   153    42   147     2   219 0.77 GCF_001683795.1
NZ_MWLL01000015.1_56     -            208 Ubie_methyltran      PF01209.23   233   5.2e-08   30.3   0.0   1   1     3e-10   7.3e-08   29.8   0.0   106   160    92   146    86   156 0.89 GCF_002198675.1
DRGT01000043.1_22        -            273 Ubie_methyltran      PF01209.23   233   6.6e-08   29.9   0.1   1   1   4.2e-10     1e-07   29.3   0.1    39   152    88   198    67   217 0.82 GCA_011055585.1
NZ_FTNO01000001.1_810    -            229 Ubie_methyltran      PF01209.23   233     7e-08   29.8   0.0   1   1   6.8e-10   1.7e-07   28.6   0.0    49   213    50   208    40   225 0.71 GCF_900156425.1
NZ_FOCX01000035.1_35     -            238 Ubie_methyltran      PF01209.23   233   8.1e-07   26.4   0.0   1   1   7.8e-09   1.9e-06   25.1   0.0    42   149    36   133     3   138 0.84 GCF_900110215.1
JAEHKV010000051.1_7      -            176 Ubie_methyltran      PF01209.23   233   2.2e-06   25.0   0.1   1   1   1.8e-08   4.5e-06   23.9   0.0    36   143    14   114     8   117 0.82 GCA_016838845.1
BGOU01000003.1_75        -            205 Ubie_methyltran      PF01209.23   233   3.3e-06   24.4   0.1   1   1   1.6e-08     4e-06   24.1   0.1    49   174    46   167     9   180 0.80 GCA_003569705.1
NZ_JAAOIR010000004.1_213 -            250 Ubie_methyltran      PF01209.23   233   2.3e-05   21.6   0.0   1   1   1.2e-07     3e-05   21.2   0.0    52   150    68   159    46   180 0.82 GCF_011440375.1
NZ_JANHAU010000001.1_197 -            208 UDG                  PF03167.24   142   1.4e-20   71.5   0.0   1   1   4.8e-24   1.8e-20   71.3   0.0     2   123    33   182    32   201 0.86 GCF_024464185.1
JAHFTO010000055.1_7  -            694 UDPGP                PF01704.23   413   3.2e-34  116.1   0.0   1   1   1.2e-37   4.3e-34  115.6   0.0    21   339   356   678   334   680 0.84 GCA_023269355.1
NZ_CP021324.1_133        -            440 UDPG_MGDP_dh         PF00984.24    94   6.4e-34  113.7   0.0   1   1   2.4e-35   2.9e-32  108.4   0.0     2    93   207   299   206   300 0.98 GCF_002156965.1
NZ_JADDKQ010000001.1_112 -            437 UDPG_MGDP_dh         PF00984.24    94   3.8e-32  108.0   0.0   1   1   7.9e-35   9.7e-32  106.7   0.0     2    92   203   295   202   297 0.96 GCF_016464425.1
JAHELB010000030.1_4      -            290 UDPG_MGDP_dh         PF00984.24    94   2.1e-21   73.6   0.1   1   1   3.4e-24   4.2e-21   72.6   0.1     2    92   189   276   188   278 0.95 GCA_024644385.1
NZ_JADDKQ010000001.1_112 -            437 UDPG_MGDP_dh_C       PF03720.20   103   2.4e-29   99.5   0.0   1   1   5.2e-32   9.6e-29   97.6   0.0     1   103   320   421   320   421 0.98 GCF_016464425.1
NZ_CP021324.1_133        -            440 UDPG_MGDP_dh_C       PF03720.20   103   4.2e-29   98.7   0.2   1   1     3e-31   5.6e-28   95.1   0.1     2   102   323   422   322   423 0.97 GCF_002156965.1
NZ_JADDKQ010000001.1_112 -            437 UDPG_MGDP_dh_N       PF03721.19   187   1.1e-57  192.4   0.0   1   1   5.8e-60   7.1e-57  189.7   0.0     1   176     1   170     1   181 0.94 GCF_016464425.1
NZ_CP021324.1_133        -            440 UDPG_MGDP_dh_N       PF03721.19   187   1.5e-47  159.3   0.9   1   1   2.2e-50   2.7e-47  158.5   0.9     2   179     5   181     4   188 0.95 GCF_002156965.1
NZ_MWLL01000064.1_14 -            531 UPF0004              PF00919.25    98   4.8e-24   82.0   0.1   1   1   4.1e-27   7.6e-24   81.4   0.1     2    98     7   107     6   107 0.95 GCF_002198675.1
WHTU01000006.1_5     -            483 UPF0004              PF00919.25    98   2.4e-21   73.4   0.0   1   1   2.6e-24   4.8e-21   72.4   0.0     1    91    53   140    53   146 0.94 GCA_009377575.1
s5a1_contig_1_2073   -            231 UPF0016              PF01169.24    75   3.7e-28   95.5  12.9   1   2   1.9e-14   6.8e-11   40.1   4.5     9    75    17    83     8    83 0.92 s5a-1
s5a1_contig_1_2073   -            231 UPF0016              PF01169.24    75   3.7e-28   95.5  12.9   2   2     1e-20   3.7e-17   60.2   1.3     3    75   129   202   127   202 0.96 s5a-1
JALDAN010000014.1_14 -            202 UPF0020              PF01170.23   197   3.7e-10   37.6   0.2   1   1   9.3e-13   1.7e-09   35.4   0.2    38   142    54   134    29   154 0.79 GCA_022729355.1
NC_019964.1_1217     -            239 UPF0020              PF01170.23   197   1.4e-06   25.9   0.0   1   1   6.8e-09   1.3e-05   22.8   0.0    77   127    67   117    52   118 0.92 GCF_000328525.1
NZ_ML974137.1_55     -             84 UPF0058              PF01893.21    87   1.5e-18   64.6   0.0   1   1   4.6e-22   1.7e-18   64.5   0.0     1    70     1    70     1    78 0.94 GCF_004143485.2
JAFEGL010000068.1_63 -            384 UPF0158              PF03682.18   157   6.9e-77  254.6  10.8   1   1   3.8e-80   1.4e-76  253.6  10.8     1   157     9   165     9   165 0.99 GCA_018239895.1
UYNY01000031.1_90    -            221 UPF0175              PF03683.18    75   5.5e-08   30.2   0.0   1   1   6.6e-11   2.4e-07   28.1   0.0    13    71   147   204   139   206 0.90 GCA_900620265.1
NZ_FNYR01000002.1_171 -            147 UPF0179              PF03684.18   140   1.3e-46  155.8   0.0   1   1   3.9e-50   1.4e-46  155.6   0.0     2   140     4   144     3   144 0.98 GCF_900109065.1
JADKAQ010000001.1_406 -            574 Urocanase            PF01175.23   209   3.7e-91  302.2   0.0   1   1   1.3e-94   4.8e-91  301.8   0.0     1   209   157   365   157   365 1.00 GCA_016719105.1
JADKAQ010000001.1_406 -            574 Urocanase_C          PF17392.7    196     4e-95  314.5   0.3   1   1   2.3e-98   8.3e-95  313.5   0.1     1   195   368   562   368   563 0.99 GCA_016719105.1
JADKAQ010000001.1_406 -            574 Urocanase_N          PF17391.7    127   1.1e-61  204.0   0.0   1   1   5.2e-65   1.9e-61  203.2   0.0     1   127    28   154    28   154 0.99 GCA_016719105.1
NZ_FOTC01000001.1_713    -            312 Usp                  PF00582.31   141   3.2e-70  232.9  11.9   1   2   1.3e-39   2.3e-37  126.4   2.8     1   141     1   141     1   141 0.97 GCF_900114455.1
NZ_FOTC01000001.1_713    -            312 Usp                  PF00582.31   141   3.2e-70  232.9  11.9   2   2   3.4e-35     6e-33  112.1   1.8     2   141   151   290   150   290 0.96 GCF_900114455.1
NZ_BBJP01000008.1_25     -            143 Usp                  PF00582.31   141   6.5e-36  121.7   3.2   1   1   4.1e-38   7.2e-36  121.6   3.2     1   141     1   140     1   140 0.98 GCF_000739595.1
NZ_FNFE01000002.1_326    -            290 Usp                  PF00582.31   141   1.8e-35  120.3  13.5   1   2   2.2e-25   3.9e-23   80.3   0.6     4   139    11   142    10   144 0.97 GCF_900100335.1
NZ_FNFE01000002.1_326    -            290 Usp                  PF00582.31   141   1.8e-35  120.3  13.5   2   2   9.3e-14   1.6e-11   42.7   6.4     4   141   155   276   153   276 0.87 GCF_900100335.1
NZ_CP100762.1_1061       -            200 Usp                  PF00582.31   141   3.5e-35  119.4   4.0   1   1     2e-37   3.5e-35  119.4   4.0     1   141     1   129     1   129 0.97 GCF_024296665.1
LDXL01000008.1_214       -            145 Usp                  PF00582.31   141   5.4e-33  112.3   0.0   1   1   3.4e-35     6e-33  112.1   0.0     2   141     3   145     2   145 0.96 GCA_001443365.1
VHBK01000003.1_14        -            153 Usp                  PF00582.31   141   8.6e-31  105.1   0.1   1   1   9.6e-33   1.7e-30  104.2   0.1     1   141     1   153     1   153 0.96 GCA_016872015.1
JABDKK010000050.1_8      -            141 Usp                  PF00582.31   141     3e-29  100.1   0.0   1   1   1.9e-31   3.4e-29  100.0   0.0     2   141     5   141     4   141 0.97 GCA_013002265.1
NZ_MU078695.1_20         -            160 Usp                  PF00582.31   141   1.2e-22   78.7   0.0   1   1   7.9e-25   1.4e-22   78.5   0.0     2   141    18   160    17   160 0.96 GCF_014078525.1
SKKJ01000305.1_1         -            118 Usp                  PF00582.31   141   1.5e-21   75.2   1.0   1   1   9.1e-24   1.6e-21   75.1   1.0    28   140     3   115     1   116 0.96 GCA_007121575.1
NZ_JAJCVI010000004.1_493 -            751 Usp                  PF00582.31   141   1.7e-18   65.3   7.6   1   2   5.7e-12   9.9e-10   36.9   0.3     4   141   479   611   478   611 0.91 GCF_020567525.1
NZ_JAJCVI010000004.1_493 -            751 Usp                  PF00582.31   141   1.7e-18   65.3   7.6   2   2   3.2e-09   5.7e-07   27.9   2.0     4   139   619   734   617   736 0.93 GCF_020567525.1
NZ_LOPW02000010.1_851    -            603 Usp                  PF00582.31   141   1.9e-18   65.1  11.7   1   1   5.9e-15     1e-12   46.5   0.6     4   139   327   461   326   463 0.91 GCF_001469875.2
NZ_MU078716.1_85         -            102 Usp                  PF00582.31   141   2.2e-18   64.9   0.0   1   1   1.4e-20   2.4e-18   64.8   0.0    59   141    18   102     2   102 0.82 GCF_014078545.1
CP046181.1_2317          -            142 Usp                  PF00582.31   141   1.6e-13   49.2   0.0   1   1   1.1e-15   1.9e-13   49.0   0.0     2   113     5   117     4   132 0.92 GCA_014075315.1
NZ_CP096662.1_36         -            239 Usp                  PF00582.31   141   2.2e-11   42.2   2.8   1   1     4e-10   7.1e-08   30.9   0.1     3   141   113   236   111   236 0.93 GCF_023238205.1
NZ_CP058335.1_3794       -            123 Usp                  PF00582.31   141   2.7e-11   41.9   1.2   1   1   2.3e-12     4e-10   38.1   1.2    61   141    44   119     1   119 0.74 GCF_013391105.1
AOLX01000027.1_51        -            138 Usp                  PF00582.31   141     1e-09   36.8   2.1   1   1     7e-12   1.2e-09   36.6   2.1     5   113     3   113     1   127 0.86 GCA_000336895.1
QNGA01000004.1_163       -            233 Usp                  PF00582.31   141   2.2e-09   35.7   0.6   1   1   6.5e-09   1.1e-06   27.0   0.2    35   141   141   232   122   232 0.84 GCA_003298465.1
NZ_LOPU01000029.1_35     -            151 Usp                  PF00582.31   141   2.6e-09   35.5   0.1   1   1   2.3e-11   4.1e-09   34.9   0.1     2   140     6   138     6   139 0.89 GCF_001469955.1
NZ_CP058335.1_993        -            135 Usp                  PF00582.31   141   5.7e-09   34.4   2.1   1   1   6.5e-11   1.1e-08   33.4   2.1    62   139    52   124     4   126 0.83 GCF_013391105.1
PXRK01000006.1_19    -           1078 UvrA_DNA-bind        PF17755.6    110   6.8e-32  107.8   0.2   1   1   5.8e-33   1.1e-29  100.7   0.0     2   110   338   443   338   443 0.97 GCA_003021015.1
JAKBAE010000134.1_2  -           1643 UvrA_DNA-bind        PF17755.6    110   3.2e-25   86.3   0.1   1   1   1.2e-21   2.3e-18   64.3   0.0     1   108    49   157    49   159 0.95 GCA_021809325.1
PXRK01000006.1_19    -           1078 UvrA_inter           PF17760.6    109   5.5e-32  107.7   0.3   1   1     1e-33   1.9e-30  102.8   0.3     1   107   132   254   132   256 0.90 GCA_003021015.1
JAKBAE010000134.1_2  -           1643 UvrA_inter           PF17760.6    109   3.2e-28   95.5   0.0   1   1     5e-31   9.1e-28   94.1   0.0     4   108   847   951   845   952 0.98 GCA_021809325.1
JADDOW010000025.1_20 -            198 UvrB                 PF12344.13    43   3.2e-18   63.1   2.0   1   1   1.6e-21   5.8e-18   62.2   2.0     1    42    95   136    95   137 0.98 GCA_016782225.1
JACENB010000018.1_1  -            439 UvrB_inter           PF17757.6     91     4e-31  104.8   0.2   1   1   2.8e-34     1e-30  103.5   0.2     2    91   161   249   160   249 0.98 GCA_013867245.1
JAKBAE010000123.1_4  -            605 UvrC_RNaseH          PF22920.1    116   6.3e-31  104.5   0.0   1   1   4.4e-34   1.6e-30  103.2   0.0     1   115   251   364   251   365 0.97 GCA_021809325.1
JAKBAE010000123.1_4  -            605 UvrC_RNaseH_dom      PF08459.16   159   6.6e-51  170.1   0.0   1   1   6.4e-54   2.4e-50  168.3   0.0     1   159   380   537   380   537 0.96 GCA_021809325.1
NZ_NHSQ01000159.1_23    -            723 UvrD-helicase        PF00580.26   271   6.8e-92  305.7   0.0   1   1     5e-95   9.2e-92  305.3   0.0     1   271    10   272    10   272 0.98 GCF_016653465.1
NZ_JAKUHT010000013.1_58 -           1081 UvrD-helicase        PF00580.26   271   1.5e-48  163.6   0.0   1   1   1.5e-50   2.8e-47  159.4   0.0     7   268    12   422     6   424 0.78 GCF_022436705.1
NZ_NHSQ01000159.1_23    -            723 UvrD_C               PF13361.11   350   2.6e-79  264.9   0.0   1   1   4.9e-82   9.1e-79  263.1   0.0     1   349   277   617   277   618 0.87 GCF_016653465.1
NZ_JAKUHT010000013.1_58 -           1081 UvrD_C               PF13361.11   350   4.6e-20   70.0   0.0   1   1   5.3e-17   9.8e-14   49.2   0.0   284   349   725   819   654   820 0.76 GCF_022436705.1
NZ_NHSQ01000159.1_23    -            723 UvrD_C_2             PF13538.11    52   9.5e-10   36.0   0.1   1   1   7.7e-12   1.4e-08   32.2   0.1     4    51   557   613   554   614 0.74 GCF_016653465.1
NZ_CP100762.1_2425   -            176 V4R                  PF02830.23    62   1.5e-09   35.6   0.2   1   1   7.2e-13   2.6e-09   34.8   0.2    13    61   128   174   116   175 0.89 GCF_024296665.1
NZ_CP099993.1_2264   -            142 VanZ                 PF04892.17   126   2.2e-10   39.0   0.2   1   1   8.2e-14     3e-10   38.5   0.2    56   125    48   128    14   129 0.77 GCF_024138125.1
JAHFTO010000029.1_5  -            337 Virulence_RhuM       PF13310.11   252  3.5e-109  361.7   3.5   1   1  1.5e-112  5.7e-109  361.0   3.5     1   250    61   306    61   308 0.98 GCA_023269355.1
NZ_VSLZ01000001.1_209 -            300 Virul_fac_BrkB       PF03631.20   259   1.2e-45  153.9  26.8   1   1   1.2e-48   1.4e-45  153.7  26.8     3   257    21   259    19   261 0.91 GCF_010747475.1
PXRX01000012.1_76     -            642 Virul_fac_BrkB       PF03631.20   259   7.7e-43  144.7  21.0   1   1   6.3e-46   7.7e-43  144.7  21.0     2   256    21   260    20   263 0.88 GCA_003023195.1
JADKAQ010000016.1_70  -            296 Virul_fac_BrkB       PF03631.20   259   7.3e-37  125.1  22.5   1   1   6.8e-40   8.4e-37  124.9  22.5     2   257    21   283    20   285 0.87 GCA_016719105.1
JAJXYX010000059.1_19 -            177 Vir_act_alpha_C      PF10400.14    78     3e-13   48.1   1.1   1   1   1.2e-16   4.3e-13   47.6   1.1     2    72    96   169    95   173 0.93 GCA_021780355.1
JADJWG010000002.1_530 -            276 VitK2_biosynth       PF02621.19   252   1.1e-74  248.8   0.0   1   1   3.5e-78   1.3e-74  248.6   0.0     2   250     4   261     3   263 0.93 GCA_016716475.1
NZ_JDTH01000011.1_82 -            465 VKOR                 PF07884.19   134   3.4e-21   73.6   6.7   1   1   9.1e-25   3.4e-21   73.6   6.7     2   133   169   296   168   297 0.90 GCF_000710615.1
CABXPS010000019.1_1   -             73 VTT_dom              PF09335.16   123   6.7e-15   53.4   0.5   1   1   8.3e-18   7.6e-15   53.2   0.5    61   122     3    63     1    64 0.96 GCA_902514095.1
NZ_AOLJ01000015.1_13  -            210 VTT_dom              PF09335.16   123   2.4e-11   41.9   5.6   1   1   2.6e-14   2.4e-11   41.9   5.6     1   122    57   166    57   167 0.85 GCF_000336775.1
NZ_FNIA01000002.1_178 -            203 VTT_dom              PF09335.16   123     4e-11   41.2   2.8   1   1   4.4e-14     4e-11   41.2   2.8     9   119    73   194    61   197 0.79 GCF_900103505.1
NZ_CP085327.1_1935    -            239 VTT_dom              PF09335.16   123   4.4e-10   37.8   2.4   1   1   4.8e-13   4.4e-10   37.8   2.4    15   120   120   224    99   227 0.84 GCF_020614375.1
CP060262.1_2227      -           1206 VUPS                 PF20973.2    206   1.8e-10   38.5  17.9   1   1   8.1e-14     3e-10   37.8  17.9     2   204    37   237    36   239 0.88 GCA_022646745.1
NZ_JAALLS010000072.1_1 -            255 Vut_1                PF02592.20   152   7.5e-50  167.0   7.0   1   1     2e-53   7.5e-50  167.0   7.0     1   151    70   236    70   237 0.95 GCF_011059105.1
CP046181.1_1687       -            594 VWA                  PF00092.33   174   1.1e-15   56.0   3.4   1   1   5.1e-17   4.7e-14   50.7   1.6     9   166   214   373   211   380 0.91 GCA_014075315.1
NZ_NHSQ01000084.1_109 -            350 VWA                  PF00092.33   174   2.4e-12   45.2   0.0   1   1   1.3e-14   1.2e-11   42.9   0.0     2   152     6   159     6   177 0.83 GCF_016653465.1
NZ_NHSQ01000084.1_108 -            213 VWA                  PF00092.33   174   2.4e-11   41.9   0.0   1   1   3.7e-14   3.4e-11   41.4   0.0     2   150     8   161     8   174 0.88 GCF_016653465.1
NZ_CP095488.1_221     -            196 VWA                  PF00092.33   174   5.4e-06   24.5   0.1   1   1     8e-09   7.4e-06   24.0   0.1    68   153    52   145    13   175 0.77 GCF_023028345.1
CP046181.1_1687       -            594 VWA_2                PF13519.11   107   6.3e-14   50.3   1.9   1   1   3.8e-16   4.6e-13   47.5   1.9     1   106   182   315   182   317 0.91 GCA_014075315.1
NZ_NHSQ01000084.1_108 -            213 VWA_2                PF13519.11   107   8.7e-08   30.5   0.0   1   1   1.3e-10   1.6e-07   29.7   0.0     1   106     8   121     8   122 0.85 GCF_016653465.1
NZ_NHSQ01000084.1_109 -            350 VWA_2                PF13519.11   107   1.9e-07   29.4   0.0   1   1   3.1e-10   3.8e-07   28.5   0.0     1   107     6   118     6   118 0.86 GCF_016653465.1
CP046181.1_1687      -            594 VWA_3                PF13768.11   155   1.7e-09   35.7   0.1   1   1   2.7e-12     1e-08   33.2   0.0    14   153   219   366   210   368 0.88 GCA_014075315.1
NZ_CP007026.1_597    -            248 WelO5                PF22814.1    277   3.8e-32  109.6   0.0   1   1   2.8e-35   5.2e-32  109.2   0.0    11   265     8   237     3   246 0.84 GCF_000812185.1
WVWY01000026.1_111   -            211 WelO5                PF22814.1    277   2.3e-29  100.5   0.1   1   1   1.5e-32   2.7e-29  100.3   0.1    66   276    13   210     2   211 0.86 GCA_011773785.1
NZ_QPII01000005.1_238 -            338 WYL                  PF13280.11   172   9.3e-33  111.4   1.5   1   1   3.4e-36   1.3e-32  110.9   1.5     3   172   156   331   154   331 0.91 GCF_003336675.1
NZ_FNIA01000005.1_74 -            544 Xan_ur_permease      PF00860.25   389   4.3e-76  253.9  41.5   1   1   1.5e-79   5.4e-76  253.5  41.5     2   386    47   447    46   450 0.90 GCF_900103505.1
NZ_PHNJ01000004.1_156 -            488 XPB_DRD              PF18458.6     57   1.7e-14   51.2   0.2   1   1   1.4e-17   5.3e-14   49.6   0.2     1    57    23    84    23    84 0.95 GCF_008122205.1
NZ_JANHDJ010000006.1_208 -            318 XPG_I                PF00867.23    89   1.4e-19   68.1   0.0   1   1   8.2e-23     3e-19   67.0   0.0     1    89   145   225   145   225 0.95 GCF_024494645.1
NZ_JANHDJ010000006.1_208 -            318 XPG_N                PF00752.22   101     5e-14   50.4   0.0   1   1   2.6e-17   9.4e-14   49.5   0.0    10   101     6   103     3   103 0.88 GCF_024494645.1
NZ_CP099546.1_2894   -            132 Y1_Tnp               PF01797.21   121   2.6e-36  122.2   0.2   1   1     8e-40     3e-36  122.0   0.2     1   120     9   128     9   129 0.98 GCF_023973145.1
NZ_LOPU01000018.1_886 -            104 YbjQ_1               PF01906.22   103   1.6e-38  129.3   1.3   1   1   4.7e-42   1.7e-38  129.1   1.3     1   103     1   103     1   103 0.98 GCF_001469955.1
NZ_CP035119.1_1576   -            421 YcaO                 PF02624.21   325   1.3e-57  193.3   8.1   1   1   8.9e-61   1.6e-57  193.0   8.1     1   324    65   392    65   393 0.84 GCF_004087835.1
AOLX01000014.1_167   -            569 YcaO                 PF02624.21   325   1.8e-51  173.1   6.2   1   1   1.3e-54   2.5e-51  172.7   6.2     2   324   233   534   232   535 0.86 GCA_000336895.1
NZ_FNYR01000057.1_7   -            169 YdjM                 PF04307.19   176   3.8e-19   66.6   8.2   1   1   5.7e-22   5.3e-19   66.1   8.2     1   145     1   153     1   169 0.75 GCF_900109065.1
NZ_FOTC01000009.1_20  -            188 YdjM                 PF04307.19   176   3.1e-18   63.6   7.4   1   1     5e-21   4.6e-18   63.1   7.4     1   145     1   147     1   165 0.82 GCF_900114455.1
QNGA01000001.1_974    -            172 YdjM                 PF04307.19   176   1.9e-15   54.5   8.2   1   1   2.3e-18   2.1e-15   54.4   8.2     4   146     5   165     1   172 0.77 GCA_003298465.1
JAKCFJ010000002.1_578 -            147 YdjM                 PF04307.19   176   1.4e-13   48.4   0.6   1   1   6.1e-16   5.7e-13   46.5   0.6     1   141     1   128     1   147 0.72 GCA_025041175.1
NZ_CP019067.1_2567   -            313 YegS_C               PF19279.4    158   2.3e-11   41.5   0.2   1   1   9.1e-15   3.3e-11   40.9   0.2     6   156   142   300   137   302 0.79 GCF_001989615.1
RHFA01000084.1_2      -            165 YfbR-like            PF12917.12   182   1.8e-12   45.1   0.0   1   1   2.8e-15   5.2e-12   43.6   0.0    23   149    15   131     4   146 0.81 GCA_003724275.1
NZ_PHNJ01000001.1_379 -            221 YfbR-like            PF12917.12   182   1.3e-10   39.0   0.0   1   1   1.1e-13     2e-10   38.4   0.0    15   143    38   159    31   167 0.84 GCF_008122205.1
DP000238.1_1234      -            406 YGR210-like_G4       PF08438.15   108   1.1e-35  120.1   0.0   1   1     2e-38   1.8e-35  119.4   0.0     1   108   222   330   222   330 0.98 GCA_000200715.1
JACRND010000090.1_1  -            148 YGR210-like_G4       PF08438.15   108   4.7e-24   82.7   0.0   1   1   7.2e-27   6.6e-24   82.2   0.0    33   108     2    77     1    77 0.98 GCA_016234975.1
JACERO010000059.1_17 -             73 YGR210-like_G4       PF08438.15   108   9.9e-15   52.7   0.0   1   1   1.2e-17   1.1e-14   52.5   0.0    25    82     1    58     1    67 0.95 GCA_013911135.1
SYJQ01000011.1_1     -            106 YGR210-like_G4       PF08438.15   108   3.7e-08   31.5   0.0   1   1   6.3e-11   5.8e-08   30.9   0.0    77   108     4    35     1    35 0.93 GCA_005798405.1
JAHFTO010000011.1_4  -            363 YhcG_C               PF06250.16   157   5.9e-62  205.9   0.1   1   1   2.5e-65   9.3e-62  205.3   0.1     4   157   188   341   185   341 0.99 GCA_023269355.1
DP000238.1_272       -             63 YHS                  PF04945.18    47   2.5e-13   47.6   0.3   1   1     2e-16   3.7e-13   47.0   0.3     3    43    15    55    14    59 0.92 GCA_000200715.1
NZ_CP100454.1_1650   -             46 YHS                  PF04945.18    47   1.7e-11   41.7   0.8   1   1   1.1e-14     2e-11   41.5   0.8     5    44     6    46     5    46 0.98 GCF_024228315.1
NZ_BBMP01000022.1_891 -            195 Yip1                 PF04893.22   173   3.4e-10   37.8  14.9   1   1   1.2e-13   4.4e-10   37.4  14.9     2   167    25   181    24   185 0.71 GCF_000755245.1
JAFEGH010000007.1_324 -             86 YjdM                 PF03831.19    69   1.5e-29   99.4   1.1   1   1     5e-33   1.9e-29   99.1   1.1     2    69    21    86    20    86 0.96 GCA_018240065.1
NZ_NHSQ01000070.1_119 -            508 YjeF_N               PF03853.20   169   1.2e-42  143.5   0.2   1   1   6.4e-46   1.2e-42  143.5   0.2     3   169    38   196    36   196 0.97 GCF_016653465.1
NZ_CP044129.1_2950    -            238 YjeF_N               PF03853.20   169   4.6e-40  135.1   0.7   1   1   3.3e-43   6.1e-40  134.7   0.7     3   169    39   197    37   197 0.95 GCF_009617995.1
JACZSC010000116.1_2  -            333 YNCE                 PF21783.2    339   1.4e-26   91.4   2.6   1   1   2.6e-11   4.9e-08   30.4   0.1    39   106   205   272   199   275 0.92 GCA_022574415.1
JABMOR010000089.1_2  -            319 YNCE                 PF21783.2    339   1.1e-18   65.3   0.4   1   1   1.3e-12   2.4e-09   34.7   0.2   211   333   153   273   151   279 0.88 GCA_013203245.1
NZ_QPII01000005.1_222 -            203 YqaJ                 PF09588.15   150   3.4e-14   51.1   0.0   1   1   1.3e-17   4.6e-14   50.7   0.0     1   149    12   153    12   154 0.88 GCF_003336675.1
NZ_SBIT01000008.1_333 -            303 YqcI_YcgG            PF08892.16   211   1.2e-70  235.3   0.0   1   1     4e-74   1.5e-70  235.1   0.0     7   210    79   286    69   287 0.96 GCF_004765785.1
NZ_CP072036.1_73     -            151 YqeY                 PF09424.15   143   8.9e-45  150.1   8.8   1   1   2.7e-48     1e-44  149.9   8.8     2   143     6   150     5   150 0.98 GCF_018847375.1
JADKAQ010000016.1_69 -            161 YtxH                 PF12732.12    71   2.1e-17   61.1   7.6   1   1   1.1e-18     4e-15   53.8   7.6     2    68    22    88    21   154 0.98 GCA_016719105.1
NZ_QPII01000005.1_233 -            196 Zeta_toxin           PF06414.17   199   1.3e-10   38.8   0.0   1   1   2.5e-09   1.9e-06   25.2   0.0    80   170    60   147    57   165 0.82 GCF_003336675.1
JAJXYX010000059.1_9   -            346 Zeta_toxin           PF06414.17   199   9.4e-08   29.5   0.0   1   1   2.1e-10   1.5e-07   28.8   0.0    14   146   100   240    87   266 0.80 GCA_021780355.1
LKNH01000122.1_2      -            165 Zeta_toxin           PF06414.17   199   2.9e-07   27.9   0.3   1   1   7.5e-10   5.6e-07   26.9   0.3    18   144     7   121     3   140 0.88 GCA_001564135.1
LKNH01000019.1_4     -            307 zf-AN1               PF01428.21    40   8.8e-14   49.1   7.4   1   1   3.5e-17   1.3e-13   48.6   7.4     1    39     4    40     4    41 0.94 GCA_001564135.1
JADFJY010000031.1_19 -             77 zf-C2H2              PF00096.31    23   2.2e-10   38.2   7.4   1   2   4.7e-08   8.6e-05   20.6   0.5     2    23    20    42    19    42 0.95 GCA_022565935.1
JADFJY010000031.1_19 -             77 zf-C2H2              PF00096.31    23   2.2e-10   38.2   7.4   2   2   3.1e-08   5.7e-05   21.2   1.3     1    23    48    71    48    71 0.97 GCA_022565935.1
DP000238.1_373       -             66 zf-C2H2              PF00096.31    23   1.2e-07   29.6   7.8   1   2   3.7e-07   0.00068   17.8   0.7     2    23     8    30     8    30 0.95 GCA_000200715.1
DP000238.1_373       -             66 zf-C2H2              PF00096.31    23   1.2e-07   29.6   7.8   2   2   1.5e-06    0.0027   15.9   1.2     1    23    35    58    35    58 0.95 GCA_000200715.1
DP000238.1_373       -             66 zf-C2H2_4            PF13894.11    24   1.7e-09   35.4   8.0   1   1   6.5e-08   0.00012   20.4   1.6     1    24    35    58    35    58 0.97 GCA_000200715.1
JADFJY010000031.1_19 -             77 zf-C2H2_4            PF13894.11    24   3.9e-09   34.3   5.7   1   1   5.7e-08    0.0001   20.5   0.9     2    24    49    71    48    71 0.94 GCA_022565935.1
JADFJY010000031.1_19 -             77 zf-C2H2_6            PF13912.11    27   1.2e-08   32.5   6.4   1   2   1.9e-07   0.00069   17.3   0.5     3    21    20    38    20    43 0.94 GCA_022565935.1
JADFJY010000031.1_19 -             77 zf-C2H2_6            PF13912.11    27   1.2e-08   32.5   6.4   2   2   1.1e-07    0.0004   18.1   0.9     2    24    48    71    47    73 0.93 GCA_022565935.1
JADFJY010000031.1_19 -             77 zf-C2H2_jaz          PF12171.13    27   2.8e-10   37.9  10.3   1   1   8.2e-10     3e-06   25.0   1.8     1    21    47    67    47    68 0.95 GCA_022565935.1
JAHEFU010000039.1_6  -            784 zf-C4_Topoisom       PF01396.24    39   5.7e-27   91.0  25.6   1   3     1e-17   3.7e-14   50.0   0.9     3    38   592   627   590   628 0.94 GCA_024645305.1
JAHEFU010000039.1_6  -            784 zf-C4_Topoisom       PF01396.24    39   5.7e-27   91.0  25.6   2   3   2.7e-16     1e-12   45.4   1.4     4    37   647   681   644   683 0.95 GCA_024645305.1
JAHEFU010000039.1_6  -            784 zf-C4_Topoisom       PF01396.24    39   5.7e-27   91.0  25.6   3   3   2.1e-05     0.076   10.6   1.7     2    15   682   695   681   700 0.90 GCA_024645305.1
JACRND010000125.1_4  -             56 zf-CDGSH             PF09360.15    48   8.1e-14   49.4   0.7   1   1   6.2e-17   1.1e-13   48.9   0.7    16    48    11    43     3    43 0.81 GCA_016234975.1
NZ_CP058335.1_432    -             78 zf-CDGSH             PF09360.15    48   6.6e-10   36.9   0.5   1   1   5.7e-13   1.1e-09   36.2   0.1    28    48    20    45     3    45 0.75 GCF_013391105.1
NZ_MWLL01000204.1_21 -            210 zf-CGNR              PF11706.13    44   8.7e-15   52.0  10.3   1   1   4.9e-18   1.8e-14   51.0  10.3     3    44   169   208   168   208 0.96 GCF_002198675.1
JADFJY010000031.1_19  -             77 zf-met               PF12874.12    25   9.2e-07   26.8   5.7   1   1   2.2e-07    0.0004   18.4   0.8     1    21    48    68    48    68 0.96 GCA_022565935.1
NZ_SDIC01000012.1_163 -             42 zf-met               PF12874.12    25   4.6e-05   21.4   0.9   1   1   3.3e-08     6e-05   21.0   0.9     2    20     5    23     4    24 0.94 GCF_004116405.1
NZ_SBIT01000001.1_388 -             57 zf-TFIIB             PF13453.11    41   5.6e-07   26.7   0.1   1   1   2.3e-09   8.6e-06   22.9   0.1     2    38     9    55     8    57 0.74 GCF_004765785.1
NZ_CP067007.1_365        -             33 zinc_ribbon_2        PF13240.11    23     1e-06   26.1   0.7   1   1   1.1e-09   1.3e-06   25.8   0.7     2    22     6    26     5    30 0.96 GCF_018128925.1
NZ_JANHDJ010000004.1_373 -            269 zinc_ribbon_2        PF13240.11    23   1.1e-06   26.1   1.4   1   1   1.4e-09   1.7e-06   25.5   1.4     2    22   233   253   233   254 0.95 GCF_024494645.1
NZ_CP067007.1_1349   -            260 Zip                  PF02535.27   323   1.5e-19   68.2  26.0   1   1   3.5e-21   1.3e-17   61.8  10.3   177   322   116   255    94   256 0.84 GCF_018128925.1
JAKUOP010000001.1_23 -            462 ZnuA                 PF01297.22   263   5.5e-79  263.1  14.7   1   2   2.3e-29   8.5e-26   88.7   0.3     1   100    55   161    55   164 0.83 GCA_022450565.1
JAKUOP010000001.1_23 -            462 ZnuA                 PF01297.22   263   5.5e-79  263.1  14.7   2   2     2e-56   7.3e-53  177.4   8.8    80   261   267   456   191   458 0.86 GCA_022450565.1
JADKAQ010000016.1_44 -            275 Zn_dep_PLPC          PF00882.23   167   3.1e-13   47.7   0.0   1   1   1.3e-16   4.8e-13   47.1   0.0     1   122     1   178     1   184 0.80 GCA_016719105.1
JAKCFM010000001.1_2886 -            296 ZT_dimer             PF16916.10    79   5.7e-16   56.2   2.0   1   1   2.3e-19   8.7e-16   55.6   2.0     2    78   209   284   208   285 0.97 GCA_025041195.1
#
# Program:         hmmsearch
# Version:         3.3.2 (Nov 2020)
# Pipeline mode:   SEARCH
# Query file:      /Users/rs1521/workspace/data/Pfam_37/Pfam-A.hmm
# Target file:     data/gene_neighbourhood/neighbourhood_families.faa
# Option settings: /Users/rs1521/miniconda3_x86/bin/hmmsearch -o /dev/null --domtblout data/gene_neighbourhood/neighbourhood_families.pfam.domtblout.txt --cut_ga --cpu 8 /Users/rs1521/workspace/data/Pfam_37/Pfam-A.hmm data/gene_neighbourhood/neighbourhood_families.faa 
# Current dir:     /Users/rs1521/workspace/chahrazad
# Date:            Thu Sep 24 23:27:24 2026
# [ok]
