clade	family	n_windows_with_family	n_windows	prevalence	n_random_windows_with_family	n_random_windows	random_prevalence	p	fold_enrichment	q
Bacteria	JAJXYX010000059.1_19	2	19	0.10526315789473684	2	380	0.006561679790026247	0.006835996883256262	16.042105263157893	0.03317946827858211
Bacteria	JAHFTO010000029.1_4	2	19	0.10526315789473684	2	380	0.006561679790026247	0.006835996883256262	16.042105263157893	0.03317946827858211
Bacteria	NZ_NHSQ01000159.1_23	1	19	0.05263157894736842	2	380	0.006561679790026247	0.11757611460167251	8.021052631578947	0.12039230896338922
Bacteria	NZ_NHSQ01000084.1_123	1	19	0.05263157894736842	0	380	0.0013123359580052493	0.024642061236139934	40.10526315789473	0.03317946827858211
Bacteria	NZ_NHSQ01000084.1_116	1	19	0.05263157894736842	0	380	0.0013123359580052493	0.024642061236139934	40.10526315789473	0.03317946827858211
Bacteria	NZ_NHSQ01000084.1_117	1	19	0.05263157894736842	0	380	0.0013123359580052493	0.024642061236139934	40.10526315789473	0.03317946827858211
Bacteria	NZ_CP072036.1_2238	1	19	0.05263157894736842	0	380	0.0013123359580052493	0.024642061236139934	40.10526315789473	0.03317946827858211
Bacteria	NZ_CP100454.1_3021	1	19	0.05263157894736842	3	380	0.009186351706036745	0.16083449075926962	5.7293233082706765	0.16083449075926962
Bacteria	NZ_NHSQ01000084.1_120	1	19	0.05263157894736842	0	380	0.0013123359580052493	0.024642061236139934	40.10526315789473	0.03317946827858211
Bacteria	NZ_NHSQ01000084.1_121	1	19	0.05263157894736842	0	380	0.0013123359580052493	0.024642061236139934	40.10526315789473	0.03317946827858211
Bacteria	NZ_NHSQ01000084.1_124	1	19	0.05263157894736842	0	380	0.0013123359580052493	0.024642061236139934	40.10526315789473	0.03317946827858211
Bacteria	JAFEGL010000003.1_122	1	19	0.05263157894736842	0	380	0.0013123359580052493	0.024642061236139934	40.10526315789473	0.03317946827858211
Bacteria	JAHFTO010000017.1_22	1	19	0.05263157894736842	2	380	0.006561679790026247	0.11757611460167251	8.021052631578947	0.12039230896338922
Bacteria	JAJXYX010000055.1_37	1	19	0.05263157894736842	3	380	0.009186351706036745	0.16083449075926962	5.7293233082706765	0.16083449075926962
Bacteria	JAKBAE010000044.1_1	1	19	0.05263157894736842	0	380	0.0013123359580052493	0.024642061236139934	40.10526315789473	0.03317946827858211
Bacteria	JAHEFU010000039.1_6	1	19	0.05263157894736842	2	380	0.006561679790026247	0.11757611460167251	8.021052631578947	0.12039230896338922
Bacteria	JAFEGL010000003.1_192	1	19	0.05263157894736842	1	380	0.003937007874015748	0.07221085599886466	13.368421052631579	0.07766073192330727
Bacteria	JAKBAE010000044.1_5	1	19	0.05263157894736842	0	380	0.0013123359580052493	0.024642061236139934	40.10526315789473	0.03317946827858211
Bacteria	JAKBAE010000044.1_6	1	19	0.05263157894736842	0	380	0.0013123359580052493	0.024642061236139934	40.10526315789473	0.03317946827858211
Bacteria	NZ_CP099998.1_71	1	19	0.05263157894736842	1	380	0.003937007874015748	0.07221085599886466	13.368421052631579	0.07766073192330727
Bacteria	JAJXYX010000055.1_15	1	19	0.05263157894736842	1	380	0.003937007874015748	0.07221085599886466	13.368421052631579	0.07766073192330727
Bacteria	JAFEGL010000003.1_121	1	19	0.05263157894736842	0	380	0.0013123359580052493	0.024642061236139934	40.10526315789473	0.03317946827858211
Bacteria	NZ_JADDKQ010000016.1_91	1	19	0.05263157894736842	0	380	0.0013123359580052493	0.024642061236139934	40.10526315789473	0.03317946827858211
Bacteria	JADJWG010000001.1_920	1	19	0.05263157894736842	0	380	0.0013123359580052493	0.024642061236139934	40.10526315789473	0.03317946827858211
Bacteria	JADJWG010000004.1_336	1	19	0.05263157894736842	0	380	0.0013123359580052493	0.024642061236139934	40.10526315789473	0.03317946827858211
Bacteria	JADJWG010000004.1_337	1	19	0.05263157894736842	0	380	0.0013123359580052493	0.024642061236139934	40.10526315789473	0.03317946827858211
Bacteria	JADJWG010000004.1_338	1	19	0.05263157894736842	0	380	0.0013123359580052493	0.024642061236139934	40.10526315789473	0.03317946827858211
Bacteria	CAJWBY010000063.1_10	1	19	0.05263157894736842	1	380	0.003937007874015748	0.07221085599886466	13.368421052631579	0.07766073192330727
Bacteria	JADJWG010000004.1_340	1	19	0.05263157894736842	0	380	0.0013123359580052493	0.024642061236139934	40.10526315789473	0.03317946827858211
Bacteria	JADJWG010000004.1_342	1	19	0.05263157894736842	0	380	0.0013123359580052493	0.024642061236139934	40.10526315789473	0.03317946827858211
Bacteria	JADJWG010000004.1_343	1	19	0.05263157894736842	0	380	0.0013123359580052493	0.024642061236139934	40.10526315789473	0.03317946827858211
Bacteria	JADJWG010000004.1_639	1	19	0.05263157894736842	1	380	0.003937007874015748	0.07221085599886466	13.368421052631579	0.07766073192330727
Bacteria	JADJWG010000004.1_346	1	19	0.05263157894736842	0	380	0.0013123359580052493	0.024642061236139934	40.10526315789473	0.03317946827858211
Bacteria	JAFEGL010000003.1_120	1	19	0.05263157894736842	0	380	0.0013123359580052493	0.024642061236139934	40.10526315789473	0.03317946827858211
Bacteria	JADJWG010000004.1_347	1	19	0.05263157894736842	0	380	0.0013123359580052493	0.024642061236139934	40.10526315789473	0.03317946827858211
Bacteria	JADJWG010000004.1_348	1	19	0.05263157894736842	0	380	0.0013123359580052493	0.024642061236139934	40.10526315789473	0.03317946827858211
Bacteria	JAKBAE010000092.1_2	1	19	0.05263157894736842	0	380	0.0013123359580052493	0.024642061236139934	40.10526315789473	0.03317946827858211
Bacteria	JAFEGL010000061.1_27	1	19	0.05263157894736842	3	380	0.009186351706036745	0.16083449075926962	5.7293233082706765	0.16083449075926962
Bacteria	JAFEGL010000003.1_113	1	19	0.05263157894736842	0	380	0.0013123359580052493	0.024642061236139934	40.10526315789473	0.03317946827858211
Bacteria	JAKBAE010000097.1_5	1	19	0.05263157894736842	1	380	0.003937007874015748	0.07221085599886466	13.368421052631579	0.07766073192330727
Bacteria	NZ_LIGX01000035.1_104	1	19	0.05263157894736842	1	380	0.003937007874015748	0.07221085599886466	13.368421052631579	0.07766073192330727
Bacteria	JAJXYX010000015.1_13	1	19	0.05263157894736842	1	380	0.003937007874015748	0.07221085599886466	13.368421052631579	0.07766073192330727
Bacteria	JAFAQB010000223.1_6	1	19	0.05263157894736842	1	380	0.003937007874015748	0.07221085599886466	13.368421052631579	0.07766073192330727
Bacteria	JAFEGL010000021.1_20	1	19	0.05263157894736842	1	380	0.003937007874015748	0.07221085599886466	13.368421052631579	0.07766073192330727
Bacteria	NZ_CP072036.1_73	1	19	0.05263157894736842	2	380	0.006561679790026247	0.11757611460167251	8.021052631578947	0.12039230896338922
Bacteria	NZ_QPII01000005.1_241	1	19	0.05263157894736842	0	380	0.0013123359580052493	0.024642061236139934	40.10526315789473	0.03317946827858211
Bacteria	JADKAQ010000016.1_58	1	19	0.05263157894736842	0	380	0.0013123359580052493	0.024642061236139934	40.10526315789473	0.03317946827858211
Bacteria	NZ_QPII01000005.1_233	1	19	0.05263157894736842	0	380	0.0013123359580052493	0.024642061236139934	40.10526315789473	0.03317946827858211
Bacteria	NZ_QPII01000005.1_234	1	19	0.05263157894736842	0	380	0.0013123359580052493	0.024642061236139934	40.10526315789473	0.03317946827858211
Bacteria	NZ_CP099997.1_1549	1	19	0.05263157894736842	0	380	0.0013123359580052493	0.024642061236139934	40.10526315789473	0.03317946827858211
Bacteria	NZ_QPII01000005.1_236	1	19	0.05263157894736842	0	380	0.0013123359580052493	0.024642061236139934	40.10526315789473	0.03317946827858211
Bacteria	NZ_QPII01000005.1_238	1	19	0.05263157894736842	0	380	0.0013123359580052493	0.024642061236139934	40.10526315789473	0.03317946827858211
Bacteria	NZ_QPII01000005.1_239	1	19	0.05263157894736842	0	380	0.0013123359580052493	0.024642061236139934	40.10526315789473	0.03317946827858211
Bacteria	NZ_QPII01000005.1_240	1	19	0.05263157894736842	0	380	0.0013123359580052493	0.024642061236139934	40.10526315789473	0.03317946827858211
Bacteria	NZ_QPII01000005.1_242	1	19	0.05263157894736842	0	380	0.0013123359580052493	0.024642061236139934	40.10526315789473	0.03317946827858211
Bacteria	JAFEGH010000007.1_323	1	19	0.05263157894736842	1	380	0.003937007874015748	0.07221085599886466	13.368421052631579	0.07766073192330727
Bacteria	NZ_QPII01000005.1_243	1	19	0.05263157894736842	0	380	0.0013123359580052493	0.024642061236139934	40.10526315789473	0.03317946827858211
Bacteria	JAFGCY010000036.1_38	1	19	0.05263157894736842	0	380	0.0013123359580052493	0.024642061236139934	40.10526315789473	0.03317946827858211
Bacteria	JAFEGL010000029.1_17	1	19	0.05263157894736842	0	380	0.0013123359580052493	0.024642061236139934	40.10526315789473	0.03317946827858211
Bacteria	NZ_JAKUHT010000013.1_53	1	19	0.05263157894736842	0	380	0.0013123359580052493	0.024642061236139934	40.10526315789473	0.03317946827858211
Bacteria	NZ_JAKUHT010000013.1_54	1	19	0.05263157894736842	0	380	0.0013123359580052493	0.024642061236139934	40.10526315789473	0.03317946827858211
Bacteria	NZ_JAKUHT010000013.1_55	1	19	0.05263157894736842	0	380	0.0013123359580052493	0.024642061236139934	40.10526315789473	0.03317946827858211
Bacteria	NZ_JAKUHT010000013.1_57	1	19	0.05263157894736842	0	380	0.0013123359580052493	0.024642061236139934	40.10526315789473	0.03317946827858211
Bacteria	NZ_JAKUHT010000013.1_58	1	19	0.05263157894736842	0	380	0.0013123359580052493	0.024642061236139934	40.10526315789473	0.03317946827858211
Bacteria	JADKAQ010000016.1_57	1	19	0.05263157894736842	0	380	0.0013123359580052493	0.024642061236139934	40.10526315789473	0.03317946827858211
Bacteria	JADKAQ010000016.1_56	1	19	0.05263157894736842	0	380	0.0013123359580052493	0.024642061236139934	40.10526315789473	0.03317946827858211
Bacteria	JADKAQ010000016.1_55	1	19	0.05263157894736842	0	380	0.0013123359580052493	0.024642061236139934	40.10526315789473	0.03317946827858211
Bacteria	JADKAQ010000016.1_54	1	19	0.05263157894736842	0	380	0.0013123359580052493	0.024642061236139934	40.10526315789473	0.03317946827858211
Bacteria	JAFEGH010000007.1_324	1	19	0.05263157894736842	1	380	0.003937007874015748	0.07221085599886466	13.368421052631579	0.07766073192330727
Bacteria	JAFEGH010000007.1_325	1	19	0.05263157894736842	1	380	0.003937007874015748	0.07221085599886466	13.368421052631579	0.07766073192330727
Bacteria	JADJWG010000001.1_844	1	19	0.05263157894736842	1	380	0.003937007874015748	0.07221085599886466	13.368421052631579	0.07766073192330727
Bacteria	JAFEGH010000007.1_327	1	19	0.05263157894736842	0	380	0.0013123359580052493	0.024642061236139934	40.10526315789473	0.03317946827858211
Bacteria	JAHFTO010000004.1_88	1	19	0.05263157894736842	0	380	0.0013123359580052493	0.024642061236139934	40.10526315789473	0.03317946827858211
Bacteria	NZ_MWLL01000195.1_26	1	19	0.05263157894736842	0	380	0.0013123359580052493	0.024642061236139934	40.10526315789473	0.03317946827858211
Bacteria	NZ_MWLL01000195.1_27	1	19	0.05263157894736842	0	380	0.0013123359580052493	0.024642061236139934	40.10526315789473	0.03317946827858211
Bacteria	NZ_MWLL01000195.1_28	1	19	0.05263157894736842	0	380	0.0013123359580052493	0.024642061236139934	40.10526315789473	0.03317946827858211
Bacteria	NZ_CP072036.1_2137	1	19	0.05263157894736842	0	380	0.0013123359580052493	0.024642061236139934	40.10526315789473	0.03317946827858211
Bacteria	NZ_MWLL01000195.1_31	1	19	0.05263157894736842	0	380	0.0013123359580052493	0.024642061236139934	40.10526315789473	0.03317946827858211
Bacteria	NZ_JADDKQ010000010.1_216	1	19	0.05263157894736842	0	380	0.0013123359580052493	0.024642061236139934	40.10526315789473	0.03317946827858211
Bacteria	NZ_JAKUHT010000012.1_160	1	19	0.05263157894736842	0	380	0.0013123359580052493	0.024642061236139934	40.10526315789473	0.03317946827858211
Bacteria	JADKAQ010000016.1_48	1	19	0.05263157894736842	0	380	0.0013123359580052493	0.024642061236139934	40.10526315789473	0.03317946827858211
Bacteria	JADJWG010000004.1_49	1	19	0.05263157894736842	0	380	0.0013123359580052493	0.024642061236139934	40.10526315789473	0.03317946827858211
Bacteria	JADKAQ010000016.1_50	1	19	0.05263157894736842	0	380	0.0013123359580052493	0.024642061236139934	40.10526315789473	0.03317946827858211
Bacteria	JADKAQ010000008.1_352	1	19	0.05263157894736842	1	380	0.003937007874015748	0.07221085599886466	13.368421052631579	0.07766073192330727
Bacteria	JADJWG010000002.1_759	1	19	0.05263157894736842	1	380	0.003937007874015748	0.07221085599886466	13.368421052631579	0.07766073192330727
Bacteria	JADJWG010000004.1_335	1	19	0.05263157894736842	0	380	0.0013123359580052493	0.024642061236139934	40.10526315789473	0.03317946827858211
Bacteria	NZ_MWLL01000204.1_21	1	19	0.05263157894736842	0	380	0.0013123359580052493	0.024642061236139934	40.10526315789473	0.03317946827858211
Bacteria	NZ_NHSQ01000161.1_16	1	19	0.05263157894736842	0	380	0.0013123359580052493	0.024642061236139934	40.10526315789473	0.03317946827858211
Bacteria	NZ_LIGX01000006.1_7	1	19	0.05263157894736842	0	380	0.0013123359580052493	0.024642061236139934	40.10526315789473	0.03317946827858211
Bacteria	CAJWBY010000188.1_5	1	19	0.05263157894736842	0	380	0.0013123359580052493	0.024642061236139934	40.10526315789473	0.03317946827858211
Bacteria	CAJWBY010000188.1_6	1	19	0.05263157894736842	0	380	0.0013123359580052493	0.024642061236139934	40.10526315789473	0.03317946827858211
Bacteria	RKRY01000155.1_10	1	19	0.05263157894736842	0	380	0.0013123359580052493	0.024642061236139934	40.10526315789473	0.03317946827858211
Bacteria	NZ_CP072036.1_804	1	19	0.05263157894736842	1	380	0.003937007874015748	0.07221085599886466	13.368421052631579	0.07766073192330727
Bacteria	NZ_LIGX01000038.1_103	1	19	0.05263157894736842	0	380	0.0013123359580052493	0.024642061236139934	40.10526315789473	0.03317946827858211
Bacteria	NZ_LIGX01000006.1_4	1	19	0.05263157894736842	0	380	0.0013123359580052493	0.024642061236139934	40.10526315789473	0.03317946827858211
Bacteria	NZ_LIGX01000006.1_5	1	19	0.05263157894736842	0	380	0.0013123359580052493	0.024642061236139934	40.10526315789473	0.03317946827858211
Bacteria	NZ_LIGX01000006.1_6	1	19	0.05263157894736842	0	380	0.0013123359580052493	0.024642061236139934	40.10526315789473	0.03317946827858211
Bacteria	NZ_LIGX01000006.1_8	1	19	0.05263157894736842	0	380	0.0013123359580052493	0.024642061236139934	40.10526315789473	0.03317946827858211
Bacteria	JAFGCY010000084.1_20	1	19	0.05263157894736842	0	380	0.0013123359580052493	0.024642061236139934	40.10526315789473	0.03317946827858211
Bacteria	JAHFTO010000030.1_8	1	19	0.05263157894736842	1	380	0.003937007874015748	0.07221085599886466	13.368421052631579	0.07766073192330727
Bacteria	JAHFTO010000030.1_9	1	19	0.05263157894736842	0	380	0.0013123359580052493	0.024642061236139934	40.10526315789473	0.03317946827858211
Bacteria	JAFEGH010000013.1_17	1	19	0.05263157894736842	2	380	0.006561679790026247	0.11757611460167251	8.021052631578947	0.12039230896338922
Bacteria	JAFEGL010000045.1_110	1	19	0.05263157894736842	1	380	0.003937007874015748	0.07221085599886466	13.368421052631579	0.07766073192330727
Bacteria	JAFEGH010000006.1_330	1	19	0.05263157894736842	0	380	0.0013123359580052493	0.024642061236139934	40.10526315789473	0.03317946827858211
Bacteria	JAHFTO010000030.1_14	1	19	0.05263157894736842	0	380	0.0013123359580052493	0.024642061236139934	40.10526315789473	0.03317946827858211
Bacteria	JAHFTO010000030.1_15	1	19	0.05263157894736842	0	380	0.0013123359580052493	0.024642061236139934	40.10526315789473	0.03317946827858211
Bacteria	JAHFTO010000030.1_16	1	19	0.05263157894736842	0	380	0.0013123359580052493	0.024642061236139934	40.10526315789473	0.03317946827858211
Bacteria	CAJWBY010000188.1_4	1	19	0.05263157894736842	0	380	0.0013123359580052493	0.024642061236139934	40.10526315789473	0.03317946827858211
Bacteria	CAJWBY010000188.1_3	1	19	0.05263157894736842	0	380	0.0013123359580052493	0.024642061236139934	40.10526315789473	0.03317946827858211
Bacteria	JAHEFU010000095.1_4	1	19	0.05263157894736842	0	380	0.0013123359580052493	0.024642061236139934	40.10526315789473	0.03317946827858211
Bacteria	JAHEFU010000095.1_3	1	19	0.05263157894736842	0	380	0.0013123359580052493	0.024642061236139934	40.10526315789473	0.03317946827858211
Bacteria	NZ_MWLL01000064.1_14	1	19	0.05263157894736842	1	380	0.003937007874015748	0.07221085599886466	13.368421052631579	0.07766073192330727
Bacteria	JAFGCY010000084.1_22	1	19	0.05263157894736842	0	380	0.0013123359580052493	0.024642061236139934	40.10526315789473	0.03317946827858211
Bacteria	JAFGCY010000084.1_23	1	19	0.05263157894736842	0	380	0.0013123359580052493	0.024642061236139934	40.10526315789473	0.03317946827858211
Bacteria	JAFGCY010000084.1_25	1	19	0.05263157894736842	0	380	0.0013123359580052493	0.024642061236139934	40.10526315789473	0.03317946827858211
Bacteria	JAFGCY010000084.1_26	1	19	0.05263157894736842	0	380	0.0013123359580052493	0.024642061236139934	40.10526315789473	0.03317946827858211
Bacteria	JAFGCY010000084.1_27	1	19	0.05263157894736842	0	380	0.0013123359580052493	0.024642061236139934	40.10526315789473	0.03317946827858211
Bacteria	JAFGCY010000084.1_28	1	19	0.05263157894736842	0	380	0.0013123359580052493	0.024642061236139934	40.10526315789473	0.03317946827858211
Bacteria	JAHEFU010000137.1_3	1	19	0.05263157894736842	0	380	0.0013123359580052493	0.024642061236139934	40.10526315789473	0.03317946827858211
Bacteria	JAHEFU010000137.1_2	1	19	0.05263157894736842	1	380	0.003937007874015748	0.07221085599886466	13.368421052631579	0.07766073192330727
Bacteria	NZ_NHSQ01000087.1_48	1	19	0.05263157894736842	0	380	0.0013123359580052493	0.024642061236139934	40.10526315789473	0.03317946827858211
Bacteria	JAFGCY010000067.1_21	1	19	0.05263157894736842	0	380	0.0013123359580052493	0.024642061236139934	40.10526315789473	0.03317946827858211
Bacteria	JADJWG010000002.1_888	1	19	0.05263157894736842	0	380	0.0013123359580052493	0.024642061236139934	40.10526315789473	0.03317946827858211
Bacteria	CP060262.1_2223	1	19	0.05263157894736842	0	380	0.0013123359580052493	0.024642061236139934	40.10526315789473	0.03317946827858211
Bacteria	JAHEFU010000007.1_13	1	19	0.05263157894736842	0	380	0.0013123359580052493	0.024642061236139934	40.10526315789473	0.03317946827858211
Bacteria	CP060262.1_2226	1	19	0.05263157894736842	0	380	0.0013123359580052493	0.024642061236139934	40.10526315789473	0.03317946827858211
Bacteria	CP060262.1_2227	1	19	0.05263157894736842	0	380	0.0013123359580052493	0.024642061236139934	40.10526315789473	0.03317946827858211
Bacteria	JAHEFU010000095.1_1	1	19	0.05263157894736842	0	380	0.0013123359580052493	0.024642061236139934	40.10526315789473	0.03317946827858211
Bacteria	JAHFTO010000030.1_17	1	19	0.05263157894736842	1	380	0.003937007874015748	0.07221085599886466	13.368421052631579	0.07766073192330727
Bacteria	JAHFTO010000030.1_18	1	19	0.05263157894736842	1	380	0.003937007874015748	0.07221085599886466	13.368421052631579	0.07766073192330727
Bacteria	JAKBAE010000073.1_8	1	19	0.05263157894736842	1	380	0.003937007874015748	0.07221085599886466	13.368421052631579	0.07766073192330727
Bacteria	NZ_CP072036.1_2468	1	19	0.05263157894736842	0	380	0.0013123359580052493	0.024642061236139934	40.10526315789473	0.03317946827858211
Bacteria	NZ_CP072036.1_2470	1	19	0.05263157894736842	0	380	0.0013123359580052493	0.024642061236139934	40.10526315789473	0.03317946827858211
Bacteria	NZ_CP072036.1_2471	1	19	0.05263157894736842	0	380	0.0013123359580052493	0.024642061236139934	40.10526315789473	0.03317946827858211
Bacteria	NZ_CP072036.1_2472	1	19	0.05263157894736842	0	380	0.0013123359580052493	0.024642061236139934	40.10526315789473	0.03317946827858211
Bacteria	NZ_CP072036.1_2473	1	19	0.05263157894736842	0	380	0.0013123359580052493	0.024642061236139934	40.10526315789473	0.03317946827858211
Bacteria	NZ_CP072036.1_2475	1	19	0.05263157894736842	0	380	0.0013123359580052493	0.024642061236139934	40.10526315789473	0.03317946827858211
Bacteria	NZ_CP072036.1_2476	1	19	0.05263157894736842	0	380	0.0013123359580052493	0.024642061236139934	40.10526315789473	0.03317946827858211
Bacteria	NZ_CP072036.1_2477	1	19	0.05263157894736842	0	380	0.0013123359580052493	0.024642061236139934	40.10526315789473	0.03317946827858211
Bacteria	NZ_LIGX01000009.1_9	1	19	0.05263157894736842	0	380	0.0013123359580052493	0.024642061236139934	40.10526315789473	0.03317946827858211
Bacteria	JAKBAE010000134.1_2	1	19	0.05263157894736842	2	380	0.006561679790026247	0.11757611460167251	8.021052631578947	0.12039230896338922
Bacteria	NZ_JADDKQ010000016.1_27	1	19	0.05263157894736842	0	380	0.0013123359580052493	0.024642061236139934	40.10526315789473	0.03317946827858211
Bacteria	NZ_JADDKQ010000016.1_81	1	19	0.05263157894736842	0	380	0.0013123359580052493	0.024642061236139934	40.10526315789473	0.03317946827858211
Bacteria	NZ_JAKUHT010000029.1_7	1	19	0.05263157894736842	0	380	0.0013123359580052493	0.024642061236139934	40.10526315789473	0.03317946827858211
Bacteria	NZ_JADDKQ010000016.1_83	1	19	0.05263157894736842	0	380	0.0013123359580052493	0.024642061236139934	40.10526315789473	0.03317946827858211
Bacteria	NZ_JADDKQ010000016.1_84	1	19	0.05263157894736842	0	380	0.0013123359580052493	0.024642061236139934	40.10526315789473	0.03317946827858211
Bacteria	NZ_JADDKQ010000016.1_85	1	19	0.05263157894736842	1	380	0.003937007874015748	0.07221085599886466	13.368421052631579	0.07766073192330727
Bacteria	NZ_JADDKQ010000016.1_87	1	19	0.05263157894736842	0	380	0.0013123359580052493	0.024642061236139934	40.10526315789473	0.03317946827858211
Bacteria	NZ_JADDKQ010000016.1_88	1	19	0.05263157894736842	0	380	0.0013123359580052493	0.024642061236139934	40.10526315789473	0.03317946827858211
Bacteria	NZ_LIGX01000014.1_13	1	19	0.05263157894736842	1	380	0.003937007874015748	0.07221085599886466	13.368421052631579	0.07766073192330727
Bacteria	CAJWBY010000020.1_2	1	19	0.05263157894736842	2	380	0.006561679790026247	0.11757611460167251	8.021052631578947	0.12039230896338922
Bacteria	NZ_JAALLS010000018.1_19	1	19	0.05263157894736842	1	380	0.003937007874015748	0.07221085599886466	13.368421052631579	0.07766073192330727
Bacteria	JADJWG010000002.1_809	1	19	0.05263157894736842	3	380	0.009186351706036745	0.16083449075926962	5.7293233082706765	0.16083449075926962
Bacteria	JAFGCY010000095.1_34	1	19	0.05263157894736842	0	380	0.0013123359580052493	0.024642061236139934	40.10526315789473	0.03317946827858211
Bacteria	NZ_CVUA01000001.1_1749	1	19	0.05263157894736842	2	380	0.006561679790026247	0.11757611460167251	8.021052631578947	0.12039230896338922
Bacteria	NZ_JAALLS010000018.1_22	1	19	0.05263157894736842	0	380	0.0013123359580052493	0.024642061236139934	40.10526315789473	0.03317946827858211
Bacteria	JADKAQ010000002.1_550	1	19	0.05263157894736842	0	380	0.0013123359580052493	0.024642061236139934	40.10526315789473	0.03317946827858211
Bacteria	NZ_JAALLS010000002.1_180	1	19	0.05263157894736842	0	380	0.0013123359580052493	0.024642061236139934	40.10526315789473	0.03317946827858211
Bacteria	NZ_JAALLS010000018.1_26	1	19	0.05263157894736842	0	380	0.0013123359580052493	0.024642061236139934	40.10526315789473	0.03317946827858211
Bacteria	NZ_JAALLS010000018.1_27	1	19	0.05263157894736842	0	380	0.0013123359580052493	0.024642061236139934	40.10526315789473	0.03317946827858211
Bacteria	NZ_JAALLS010000041.1_5	1	19	0.05263157894736842	0	380	0.0013123359580052493	0.024642061236139934	40.10526315789473	0.03317946827858211
Bacteria	JAFGCY010000005.1_40	1	19	0.05263157894736842	0	380	0.0013123359580052493	0.024642061236139934	40.10526315789473	0.03317946827858211
Bacteria	NZ_JDTH01000011.1_82	1	19	0.05263157894736842	1	380	0.003937007874015748	0.07221085599886466	13.368421052631579	0.07766073192330727
Bacteria	JAJXYX010000059.1_16	1	19	0.05263157894736842	0	380	0.0013123359580052493	0.024642061236139934	40.10526315789473	0.03317946827858211
Bacteria	NZ_JAKUHT010000011.1_223	1	19	0.05263157894736842	1	380	0.003937007874015748	0.07221085599886466	13.368421052631579	0.07766073192330727
Bacteria	JAKBAE010000071.1_10	1	19	0.05263157894736842	1	380	0.003937007874015748	0.07221085599886466	13.368421052631579	0.07766073192330727
Bacteria	JAJXYX010000059.1_22	1	19	0.05263157894736842	1	380	0.003937007874015748	0.07221085599886466	13.368421052631579	0.07766073192330727
Bacteria	JAJXYX010000041.1_3	1	19	0.05263157894736842	1	380	0.003937007874015748	0.07221085599886466	13.368421052631579	0.07766073192330727
Bacteria	JAFEGL010000021.1_31	1	19	0.05263157894736842	0	380	0.0013123359580052493	0.024642061236139934	40.10526315789473	0.03317946827858211
Bacteria	JAJXYX010000059.1_25	1	19	0.05263157894736842	0	380	0.0013123359580052493	0.024642061236139934	40.10526315789473	0.03317946827858211
Bacteria	NZ_JAKUHT010000013.1_59	1	19	0.05263157894736842	0	380	0.0013123359580052493	0.024642061236139934	40.10526315789473	0.03317946827858211
Halobacteria	NC_017941.2_652	26	120	0.21666666666666667	11	2400	0.004789670970428988	4.815901292379412e-35	45.23623188405797	1.4905214499914278e-32
Halobacteria	JADFQH010000279.1_5	25	120	0.20833333333333334	8	2400	0.003540191586838817	1.6057157616019025e-36	58.84803921568628	9.939380564315776e-34
Halobacteria	UYNY01000046.1_16	24	120	0.2	10	2400	0.004373177842565598	1.7382120323238353e-32	45.733333333333334	2.151906496016908e-30
Halobacteria	NZ_CP095482.1_2414	24	120	0.2	8	2400	0.003540191586838817	1.177771620780302e-34	56.49411764705883	2.4301354442100235e-32
Halobacteria	QNGA01000004.1_65	22	120	0.18333333333333332	6	2400	0.0027072053311120365	1.60471280861781e-33	67.72051282051282	2.4832930713360608e-31
Halobacteria	NZ_JANHDJ010000001.1_522	19	120	0.15833333333333333	11	2400	0.004789670970428988	3.103521566202388e-23	33.05724637681159	2.7443997849703975e-21
Halobacteria	NZ_CP101458.1_912	17	120	0.14166666666666666	3	2400	0.0014577259475218659	9.987094249202601e-29	97.18333333333334	1.0303352233760683e-26
Halobacteria	NZ_CP031310.1_3375	15	120	0.125	9	2400	0.003956684714702207	2.9210924168031475e-18	31.592105263157894	1.6437783690919529e-16
Halobacteria	UYNY01000027.1_6	15	120	0.125	26	2400	0.011037067888379841	6.9898574925735806e-12	11.325471698113208	1.8811833860448028e-10
Halobacteria	NZ_MWLL01000155.1_45	14	120	0.11666666666666667	4	2400	0.001874219075385256	3.6695624491987255e-21	62.248148148148154	2.8393239450675137e-19
Halobacteria	JADKAQ010000001.1_411	14	120	0.11666666666666667	8	2400	0.003540191586838817	2.2899654789907695e-17	32.95490196078432	1.181240526246072e-15
Halobacteria	NZ_JALLPK010000001.1_2648	13	120	0.10833333333333334	8	2400	0.003540191586838817	8.451118651212703e-16	30.600980392156867	3.736601746500474e-14
Halobacteria	NZ_RKLT01000001.1_242	13	120	0.10833333333333334	4	2400	0.001874219075385256	2.5597561148958794e-19	57.80185185185186	1.760543372356166e-17
Halobacteria	NZ_JAALLS010000004.1_159	13	120	0.10833333333333334	8	2400	0.003540191586838817	8.451118651212703e-16	30.600980392156867	3.736601746500474e-14
Halobacteria	NZ_JANHJR010000001.1_1111	13	120	0.10833333333333334	9	2400	0.003956684714702207	3.4425129021235405e-15	27.37982456140351	1.4206103242763144e-13
Halobacteria	NZ_CP096658.1_3230	12	120	0.1	10	2400	0.004373177842565598	3.3346504797283216e-13	22.866666666666667	1.08639402471149e-11
Halobacteria	NZ_KB913019.1_31	11	120	0.09166666666666666	13	2400	0.005622657226155768	1.1747517083295222e-10	16.303086419753086	2.7968127209845163e-09
Halobacteria	s5a1_contig_1_2073	11	120	0.09166666666666666	5	2400	0.0022907122032486465	8.413233657418398e-15	40.01666666666666	3.2548697712137423e-13
Halobacteria	NZ_AOLJ01000011.1_114	11	120	0.09166666666666666	9	2400	0.003956684714702207	2.9080002326696896e-12	23.167543859649122	8.182055200102444e-11
Halobacteria	NZ_CP101156.1_2868	10	120	0.08333333333333333	11	2400	0.004789670970428988	4.568011585033581e-10	17.39855072463768	1.0472589522725135e-08
Halobacteria	NZ_CP100400.1_1801	10	120	0.08333333333333333	1	2400	0.0006247396917950854	9.87577934813163e-19	133.38888888888886	6.11310741649348e-17
Halobacteria	NZ_AOLN01000018.1_529	10	120	0.08333333333333333	7	2400	0.003123698458975427	7.511543847575296e-12	26.677777777777777	1.9373523506871285e-10
Halobacteria	NZ_WUUT01000002.1_368	10	120	0.08333333333333333	4	2400	0.001874219075385256	5.1465325982033405e-14	44.46296296296296	1.873943340169334e-12
Halobacteria	NZ_FTNO01000001.1_1045	9	120	0.075	9	2400	0.003956684714702207	1.6739818775735121e-09	18.955263157894738	3.342563813606465e-08
Halobacteria	NZ_WRXM01000002.1_984	9	120	0.075	8	2400	0.003540191586838817	6.413121180588488e-10	21.18529411764706	1.3232406702614248e-08
Halobacteria	NZ_RKLT01000008.1_107	9	120	0.075	25	2400	0.01062057476051645	6.228038009661943e-06	7.061764705882353	6.646819875828866e-05
Halobacteria	JAJNBK010000057.1_3	9	120	0.075	10	2400	0.004373177842565598	3.952596746450025e-09	17.15	7.101720667973604e-08
Halobacteria	AOLX01000014.1_307	8	120	0.06666666666666667	11	2400	0.004789670970428988	1.445314502323617e-07	13.918840579710144	2.2366241923457974e-06
Halobacteria	NZ_CP095487.1_2151	8	120	0.06666666666666667	7	2400	0.003123698458975427	5.58197649888118e-09	21.342222222222222	9.338495818398514e-08
Halobacteria	NZ_FOCX01000009.1_61	8	120	0.06666666666666667	38	2400	0.016034985422740525	0.0007488086376910815	4.157575757575757	0.005518006508699755
Halobacteria	NZ_WSZK01000024.1_3	8	120	0.06666666666666667	10	2400	0.004373177842565598	7.275595599963389e-08	15.244444444444444	1.1547676093275223e-06
Halobacteria	NZ_CP101156.1_917	8	120	0.06666666666666667	5	2400	0.0022907122032486465	5.07198422808752e-10	29.1030303030303	1.082606288684888e-08
Halobacteria	NC_012029.1_642	8	120	0.06666666666666667	15	2400	0.006455643481882549	1.334046596412834e-06	10.326881720430107	1.795162702564227e-05
Halobacteria	NZ_RKLT01000022.1_15	8	120	0.06666666666666667	6	2400	0.0027072053311120365	1.8517930324584144e-09	24.625641025641027	3.582062147161745e-08
Halobacteria	NZ_LWHG01000021.1_720	8	120	0.06666666666666667	13	2400	0.005622657226155768	4.798564434514537e-07	11.85679012345679	6.907700895266275e-06
Halobacteria	NZ_AOLJ01000011.1_132	8	120	0.06666666666666667	5	2400	0.0022907122032486465	5.07198422808752e-10	29.1030303030303	1.082606288684888e-08
Halobacteria	NZ_QPII01000001.1_492	8	120	0.06666666666666667	56	2400	0.02353186172428155	0.007708312519565478	2.833038348082596	0.039433433467859755
Halobacteria	NZ_CP017922.1_1824	8	120	0.06666666666666667	7	2400	0.003123698458975427	5.58197649888118e-09	21.342222222222222	9.338495818398514e-08
Halobacteria	AOLX01000005.1_282	7	120	0.058333333333333334	12	2400	0.005206164098292378	3.6891293544079602e-06	11.204666666666668	4.006265035751802e-05
Halobacteria	ML241305.1_278	7	120	0.058333333333333334	1	2400	0.0006247396917950854	2.077298033479521e-12	93.37222222222222	6.123083251065826e-11
Halobacteria	NZ_JAKUHT010000007.1_11	7	120	0.058333333333333334	1	2400	0.0006247396917950854	2.077298033479521e-12	93.37222222222222	6.123083251065826e-11
Halobacteria	NZ_LOPU01000038.1_2	7	120	0.058333333333333334	6	2400	0.0027072053311120365	4.852176998411926e-08	21.5474358974359	7.903940952676269e-07
Halobacteria	NZ_JALXFV010000002.1_418	7	120	0.058333333333333334	4	2400	0.001874219075385256	4.015512494007692e-09	31.124074074074077	7.101720667973604e-08
Halobacteria	NZ_NHSQ01000041.1_15	7	120	0.058333333333333334	4	2400	0.001874219075385256	4.015512494007692e-09	31.124074074074077	7.101720667973604e-08
Halobacteria	NZ_CP095487.1_1316	6	120	0.05	0	2400	0.00020824656393169514	2.9191084738449065e-13	240.1	1.003848969616665e-11
Halobacteria	PXRE01000015.1_148	5	120	0.041666666666666664	5	2400	0.0022907122032486465	9.655994684244808e-06	18.189393939393938	9.487397951662756e-05
Halobacteria	NZ_CP101156.1_2664	5	120	0.041666666666666664	8	2400	0.003540191586838817	7.557439604764698e-05	11.769607843137255	0.000698217181395425
Halobacteria	NZ_JALIQP010000001.1_930	5	120	0.041666666666666664	5	2400	0.0022907122032486465	9.655994684244808e-06	18.189393939393938	9.487397951662756e-05
Halobacteria	NC_017944.1_408	5	120	0.041666666666666664	2	2400	0.0010412328196584756	2.1111495786409076e-07	40.016666666666666	3.111432355187433e-06
Halobacteria	NZ_FOTC01000001.1_718	5	120	0.041666666666666664	4	2400	0.001874219075385256	3.6839202118237537e-06	22.23148148148148	4.006265035751802e-05
Halobacteria	NZ_OBEJ01000001.1_826	5	120	0.041666666666666664	2	2400	0.0010412328196584756	2.1111495786409076e-07	40.016666666666666	3.111432355187433e-06
Halobacteria	NZ_CP099997.1_920	5	120	0.041666666666666664	0	2400	0.00020824656393169514	7.316384885386454e-11	200.08333333333331	1.811536897621686e-09
Halobacteria	CAJWBY010000005.1_53	5	120	0.041666666666666664	3	2400	0.0014577259475218659	1.0911046274921564e-06	28.583333333333332	1.53498582822192e-05
Halobacteria	PXRE01000015.1_147	5	120	0.041666666666666664	5	2400	0.0022907122032486465	9.655994684244808e-06	18.189393939393938	9.487397951662756e-05
Halobacteria	NZ_CP100454.1_2898	5	120	0.041666666666666664	4	2400	0.001874219075385256	3.6839202118237537e-06	22.23148148148148	4.006265035751802e-05
Halobacteria	NZ_WUYX01000038.1_216	5	120	0.041666666666666664	6	2400	0.0027072053311120365	2.1394440310629763e-05	15.39102564102564	0.00020374090080430498
Halobacteria	NZ_QPII01000032.1_5	5	120	0.041666666666666664	6	2400	0.0027072053311120365	2.1394440310629763e-05	15.39102564102564	0.00020374090080430498
Halobacteria	NZ_JALXFV010000008.1_111	5	120	0.041666666666666664	5	2400	0.0022907122032486465	9.655994684244808e-06	18.189393939393938	9.487397951662756e-05
Halobacteria	NZ_QPII01000017.1_24	4	120	0.03333333333333333	7	2400	0.003123698458975427	0.0005861163370304468	10.671111111111111	0.004371156778576465
Halobacteria	NZ_CP100000.1_1204	4	120	0.03333333333333333	4	2400	0.001874219075385256	8.522152488723779e-05	17.785185185185185	0.0007536017700742884
Halobacteria	NZ_FTNO01000002.1_252	4	120	0.03333333333333333	1	2400	0.0006247396917950854	1.1809367840685862e-06	53.35555555555555	1.624444154085455e-05
Halobacteria	CP094974.1_4662	4	120	0.03333333333333333	19	2400	0.00812161599333611	0.016990535789778306	4.104273504273504	0.053050171618987174
Halobacteria	LKNH01000075.1_2	4	120	0.03333333333333333	4	2400	0.001874219075385256	8.522152488723779e-05	17.785185185185185	0.0007536017700742884
Halobacteria	SKKJ01000043.1_2	4	120	0.03333333333333333	12	2400	0.005206164098292378	0.0037374944762895864	6.402666666666667	0.02162158019460985
Halobacteria	NZ_AOJG01000028.1_132	4	120	0.03333333333333333	2	2400	0.0010412328196584756	8.767562805898395e-06	32.013333333333335	9.198510808222214e-05
Halobacteria	QNGA01000012.1_77	4	120	0.03333333333333333	9	2400	0.003956684714702207	0.001397790525399133	8.424561403508772	0.009832185627523445
Halobacteria	NZ_JANHDP010000002.1_647	4	120	0.03333333333333333	6	2400	0.0027072053311120365	0.0003435759813168855	12.312820512820513	0.0026255991658660754
Halobacteria	JADKAQ010000002.1_431	4	120	0.03333333333333333	11	2400	0.004789670970428988	0.0027812708001683393	6.959420289855072	0.016396253574325736
Halobacteria	PXRE01000009.1_4	4	120	0.03333333333333333	16	2400	0.0068721366097459395	0.009751705172180334	4.85050505050505	0.04752996457936714
Halobacteria	NZ_OBEJ01000002.1_93	4	120	0.03333333333333333	8	2400	0.003540191586838817	0.0009306945039526929	9.415686274509804	0.006698836022636243
Halobacteria	JADKAQ010000001.1_474	4	120	0.03333333333333333	7	2400	0.003123698458975427	0.0005861163370304468	10.671111111111111	0.004371156778576465
Halobacteria	NZ_LOPU01000016.1_229	4	120	0.03333333333333333	3	2400	0.0014577259475218659	3.240933706936004e-05	22.866666666666667	0.0003039602976656646
Halobacteria	NZ_CP101460.1_20	4	120	0.03333333333333333	9	2400	0.003956684714702207	0.001397790525399133	8.424561403508772	0.009832185627523445
Halobacteria	NZ_BBJP01000008.1_25	4	120	0.03333333333333333	72	2400	0.030195751770095793	0.4917870921662768	1.1039080459770114	0.515086649832361
Halobacteria	PXRK01000067.1_84	4	120	0.03333333333333333	12	2400	0.005206164098292378	0.0037374944762895864	6.402666666666667	0.02162158019460985
Halobacteria	LKML01000038.1_19	4	120	0.03333333333333333	11	2400	0.004789670970428988	0.0027812708001683393	6.959420289855072	0.016396253574325736
Halobacteria	NZ_JALLPK010000001.1_2452	4	120	0.03333333333333333	10	2400	0.004373177842565598	0.002007913170063636	7.622222222222222	0.013658222552410886
Halobacteria	JAFAQB010000431.1_25	4	120	0.03333333333333333	11	2400	0.004789670970428988	0.0027812708001683393	6.959420289855072	0.016396253574325736
Halobacteria	NZ_JALIQP010000007.1_18	4	120	0.03333333333333333	67	2400	0.028113286130778844	0.437023955926576	1.1856790123456789	0.46900176457080517
Halobacteria	JADJWG010000002.1_222	4	120	0.03333333333333333	11	2400	0.004789670970428988	0.0027812708001683393	6.959420289855072	0.016396253574325736
Halobacteria	NZ_MWLL01000170.1_8	4	120	0.03333333333333333	4	2400	0.001874219075385256	8.522152488723779e-05	17.785185185185185	0.0007536017700742884
Halobacteria	NZ_AP017569.1_169	3	120	0.025	0	2400	0.00020824656393169514	2.4903508631509494e-06	120.05	2.8546799709082176e-05
Halobacteria	NZ_FOTC01000003.1_48	3	120	0.025	11	2400	0.004789670970428988	0.020377368182244303	5.219565217391304	0.053050171618987174
Halobacteria	OMIR01000083.1_46	3	120	0.025	2	2400	0.0010412328196584756	0.0002894190522214235	24.01	0.0023569298757194286
Halobacteria	JADJWG010000004.1_746	3	120	0.025	9	2400	0.003956684714702207	0.012337496325073794	6.318421052631579	0.053050171618987174
Halobacteria	NZ_BBMP01000004.1_89	3	120	0.025	4	2400	0.001874219075385256	0.0015697789387875626	13.33888888888889	0.01079659070121668
Halobacteria	NZ_BBJP01000036.1_50	3	120	0.025	8	2400	0.003540191586838817	0.009159452103400948	7.061764705882354	0.04499762580956498
Halobacteria	NZ_FOTC01000003.1_27	3	120	0.025	7	2400	0.003123698458975427	0.006522132439844912	8.003333333333334	0.03541403491459649
Halobacteria	JADFQH010000047.1_1	3	120	0.025	11	2400	0.004789670970428988	0.020377368182244303	5.219565217391304	0.053050171618987174
Halobacteria	JAHENP010000251.1_8	3	120	0.025	6	2400	0.0027072053311120365	0.004401241727218163	9.234615384615386	0.024994207606862776
Halobacteria	CP071596.1_1194	3	120	0.025	5	2400	0.0022907122032486465	0.0027643204823238217	10.913636363636364	0.016396253574325736
Halobacteria	CP071596.1_1195	3	120	0.025	4	2400	0.001874219075385256	0.0015697789387875626	13.33888888888889	0.01079659070121668
Halobacteria	JAKCFM010000001.1_822	3	120	0.025	12	2400	0.005206164098292378	0.025254584357899148	4.8020000000000005	0.053905474888067496
Halobacteria	NZ_CP100454.1_3535	3	120	0.025	5	2400	0.0022907122032486465	0.0027643204823238217	10.913636363636364	0.016396253574325736
Halobacteria	NZ_FNFE01000004.1_293	3	120	0.025	8	2400	0.003540191586838817	0.009159452103400948	7.061764705882354	0.04499762580956498
Halobacteria	NZ_CP044129.1_1080	3	120	0.025	8	2400	0.003540191586838817	0.009159452103400948	7.061764705882354	0.04499762580956498
Halobacteria	NZ_WSZK01000026.1_89	3	120	0.025	7	2400	0.003123698458975427	0.006522132439844912	8.003333333333334	0.03541403491459649
Halobacteria	NZ_JAKUHT010000011.1_91	3	120	0.025	12	2400	0.005206164098292378	0.025254584357899148	4.8020000000000005	0.053905474888067496
Halobacteria	NZ_CP053941.1_2087	3	120	0.025	0	2400	0.00020824656393169514	2.4903508631509494e-06	120.05	2.8546799709082176e-05
Halobacteria	NZ_CP100445.1_3242	3	120	0.025	0	2400	0.00020824656393169514	2.4903508631509494e-06	120.05	2.8546799709082176e-05
Halobacteria	JAKBAE010000069.1_6	3	120	0.025	8	2400	0.003540191586838817	0.009159452103400948	7.061764705882354	0.04499762580956498
Halobacteria	NZ_JAJCVJ010000003.1_173	3	120	0.025	25	2400	0.01062057476051645	0.1361642816926708	2.353921568627451	0.20914563366690628
Halobacteria	CACLIK010000008.1_36	3	120	0.025	3	2400	0.0014577259475218659	0.0007658448660498555	17.150000000000002	0.005577152612763066
Halobacteria	QNGA01000009.1_102	3	120	0.025	30	2400	0.012703040399833403	0.19651753666927352	1.968032786885246	0.2706647367070235
Halobacteria	NZ_CSTE01000002.1_1881	3	120	0.025	6	2400	0.0027072053311120365	0.004401241727218163	9.234615384615386	0.024994207606862776
Halobacteria	NZ_CBTY010000009.1_501	3	120	0.025	5	2400	0.0022907122032486465	0.0027643204823238217	10.913636363636364	0.016396253574325736
Halobacteria	NZ_MWLL01000125.1_23	3	120	0.025	2	2400	0.0010412328196584756	0.0002894190522214235	24.01	0.0023569298757194286
Halobacteria	JAKCFM010000001.1_290	3	120	0.025	9	2400	0.003956684714702207	0.012337496325073794	6.318421052631579	0.053050171618987174
Halobacteria	NZ_JANHAU010000002.1_233	3	120	0.025	11	2400	0.004789670970428988	0.020377368182244303	5.219565217391304	0.053050171618987174
Halobacteria	NZ_CP095483.1_135	3	120	0.025	21	2400	0.00895460224906289	0.09368890365807588	2.791860465116279	0.15589632087190583
Halobacteria	JAKCFJ010000001.1_1437	3	120	0.025	20	2400	0.0085381091211995	0.08408562431147217	2.928048780487805	0.14029380444420828
Halobacteria	NZ_FOCX01000010.1_18	3	120	0.025	0	2400	0.00020824656393169514	2.4903508631509494e-06	120.05	2.8546799709082176e-05
Halobacteria	NZ_CP100355.1_1908	3	120	0.025	7	2400	0.003123698458975427	0.006522132439844912	8.003333333333334	0.03541403491459649
Halobacteria	NZ_CP031310.1_3153	3	120	0.025	7	2400	0.003123698458975427	0.006522132439844912	8.003333333333334	0.03541403491459649
Halobacteria	NZ_CP095487.1_2294	3	120	0.025	0	2400	0.00020824656393169514	2.4903508631509494e-06	120.05	2.8546799709082176e-05
Halobacteria	NZ_CP095482.1_332	3	120	0.025	0	2400	0.00020824656393169514	2.4903508631509494e-06	120.05	2.8546799709082176e-05
Halobacteria	NZ_BBJP01000054.1_6	3	120	0.025	14	2400	0.006039150354019159	0.036723174486648094	4.139655172413794	0.07705642375333956
Halobacteria	NZ_AOJI01000002.1_23	3	120	0.025	7	2400	0.003123698458975427	0.006522132439844912	8.003333333333334	0.03541403491459649
Halobacteria	NZ_CVUA01000001.1_1790	3	120	0.025	0	2400	0.00020824656393169514	2.4903508631509494e-06	120.05	2.8546799709082176e-05
Halobacteria	NZ_CP019154.1_2370	3	120	0.025	0	2400	0.00020824656393169514	2.4903508631509494e-06	120.05	2.8546799709082176e-05
Halobacteria	NZ_MWLL01000129.1_23	3	120	0.025	8	2400	0.003540191586838817	0.009159452103400948	7.061764705882354	0.04499762580956498
Halobacteria	NZ_CP095757.1_847	3	120	0.025	19	2400	0.00812161599333611	0.07493635882744089	3.0782051282051284	0.12570624963194013
Halobacteria	NZ_JAAAJC010000002.1_233	2	120	0.016666666666666666	11	2400	0.004789670970428988	0.11333066522234132	3.479710144927536	0.18185384251027145
Halobacteria	JAKCFM010000002.1_680	2	120	0.016666666666666666	6	2400	0.0027072053311120365	0.04240416465509537	6.156410256410257	0.08662764990595391
Halobacteria	NZ_JAJCVI010000001.1_57	2	120	0.016666666666666666	8	2400	0.003540191586838817	0.06804470401769784	4.707843137254902	0.12152798180568289
Halobacteria	LKNH01000095.1_4	2	120	0.016666666666666666	2	2400	0.0010412328196584756	0.0071349369915075615	16.006666666666668	0.036804383314526505
Halobacteria	NZ_CP031310.1_2705	2	120	0.016666666666666666	9	2400	0.003956684714702207	0.08235258933110932	4.212280701754386	0.1377736562052883
Halobacteria	NZ_KZ859515.1_65	2	120	0.016666666666666666	6	2400	0.0027072053311120365	0.04240416465509537	6.156410256410257	0.08662764990595391
Halobacteria	NZ_JAJFAY010000002.1_572	2	120	0.016666666666666666	7	2400	0.003123698458975427	0.05468435122657846	5.335555555555556	0.11061965166422245
Halobacteria	NZ_LOPU01000018.1_142	2	120	0.016666666666666666	2	2400	0.0010412328196584756	0.0071349369915075615	16.006666666666668	0.036804383314526505
Halobacteria	NZ_AP017569.1_165	2	120	0.016666666666666666	0	2400	0.00020824656393169514	0.0003046112925000877	80.03333333333333	0.0023569298757194286
Halobacteria	PXSA01000018.1_43	2	120	0.016666666666666666	6	2400	0.0027072053311120365	0.04240416465509537	6.156410256410257	0.08662764990595391
Halobacteria	NZ_CP099998.1_71	2	120	0.016666666666666666	15	2400	0.006455643481882549	0.18187300132616335	2.5817204301075267	0.25761873643225425
Halobacteria	NZ_CP084469.1_2495	2	120	0.016666666666666666	2	2400	0.0010412328196584756	0.0071349369915075615	16.006666666666668	0.036804383314526505
Halobacteria	NZ_CP085301.1_693	2	120	0.016666666666666666	3	2400	0.0014577259475218659	0.013538811069905099	11.433333333333334	0.053050171618987174
Halobacteria	JAKCFM010000001.1_2755	2	120	0.016666666666666666	12	2400	0.005206164098292378	0.129783877609881	3.2013333333333334	0.19984134388188143
Halobacteria	NZ_CP100400.1_1809	2	120	0.016666666666666666	0	2400	0.00020824656393169514	0.0003046112925000877	80.03333333333333	0.0023569298757194286
Halobacteria	NZ_LOPU01000018.1_135	2	120	0.016666666666666666	0	2400	0.00020824656393169514	0.0003046112925000877	80.03333333333333	0.0023569298757194286
Halobacteria	SZNP01000004.1_596	2	120	0.016666666666666666	44	2400	0.018533944189920867	0.6540128938944795	0.899250936329588	0.6625760741746035
Halobacteria	NZ_MWLL01000151.1_6	2	120	0.016666666666666666	6	2400	0.0027072053311120365	0.04240416465509537	6.156410256410257	0.08662764990595391
Halobacteria	JAHENP010000061.1_12	2	120	0.016666666666666666	8	2400	0.003540191586838817	0.06804470401769784	4.707843137254902	0.12152798180568289
Halobacteria	NZ_AOJI01000002.1_151	2	120	0.016666666666666666	0	2400	0.00020824656393169514	0.0003046112925000877	80.03333333333333	0.0023569298757194286
Halobacteria	NZ_CP058335.1_1249	2	120	0.016666666666666666	5	2400	0.0022907122032486465	0.03134766584921888	7.275757575757575	0.0660006978253962
Halobacteria	NZ_BBMP01000022.1_917	2	120	0.016666666666666666	8	2400	0.003540191586838817	0.06804470401769784	4.707843137254902	0.12152798180568289
Halobacteria	NZ_QPII01000002.1_278	2	120	0.016666666666666666	6	2400	0.0027072053311120365	0.04240416465509537	6.156410256410257	0.08662764990595391
Halobacteria	NZ_CP084469.1_3283	2	120	0.016666666666666666	43	2400	0.018117451062057477	0.6417227715850978	0.9199233716475095	0.6521072525720565
Halobacteria	NZ_JAAAJC010000002.1_405	2	120	0.016666666666666666	23	2400	0.009787588504789672	0.32845079596441806	1.7028368794326239	0.39173611310592443
Halobacteria	NZ_CP095482.1_1654	2	120	0.016666666666666666	0	2400	0.00020824656393169514	0.0003046112925000877	80.03333333333333	0.0023569298757194286
Halobacteria	NZ_JANHAU010000001.1_197	2	120	0.016666666666666666	6	2400	0.0027072053311120365	0.04240416465509537	6.156410256410257	0.08662764990595391
Halobacteria	NZ_ML974130.1_679	2	120	0.016666666666666666	4	2400	0.001874219075385256	0.02167001533659615	8.892592592592592	0.053050171618987174
Halobacteria	CAJWBY010000063.1_10	2	120	0.016666666666666666	2	2400	0.0010412328196584756	0.0071349369915075615	16.006666666666668	0.036804383314526505
Halobacteria	NZ_JANHDP010000002.1_354	2	120	0.016666666666666666	1	2400	0.0006247396917950854	0.0026534646905337954	26.677777777777774	0.016396253574325736
Halobacteria	NZ_QLVG01000017.1_40	2	120	0.016666666666666666	2	2400	0.0010412328196584756	0.0071349369915075615	16.006666666666668	0.036804383314526505
Halobacteria	JADFQH010000018.1_22	2	120	0.016666666666666666	5	2400	0.0022907122032486465	0.03134766584921888	7.275757575757575	0.0660006978253962
Halobacteria	SKKJ01000373.1_7	2	120	0.016666666666666666	8	2400	0.003540191586838817	0.06804470401769784	4.707843137254902	0.12152798180568289
Halobacteria	NZ_JALJCL010000001.1_417	2	120	0.016666666666666666	1	2400	0.0006247396917950854	0.0026534646905337954	26.677777777777774	0.016396253574325736
Halobacteria	PXRK01000039.1_23	2	120	0.016666666666666666	7	2400	0.003123698458975427	0.05468435122657846	5.335555555555556	0.11061965166422245
Halobacteria	NZ_LIUF01000003.1_448	2	120	0.016666666666666666	7	2400	0.003123698458975427	0.05468435122657846	5.335555555555556	0.11061965166422245
Halobacteria	NZ_LOPU01000018.1_879	2	120	0.016666666666666666	3	2400	0.0014577259475218659	0.013538811069905099	11.433333333333334	0.053050171618987174
Halobacteria	NZ_JAJCVJ010000001.1_1550	2	120	0.016666666666666666	2	2400	0.0010412328196584756	0.0071349369915075615	16.006666666666668	0.036804383314526505
Halobacteria	NC_019964.1_1710	2	120	0.016666666666666666	0	2400	0.00020824656393169514	0.0003046112925000877	80.03333333333333	0.0023569298757194286
Halobacteria	NZ_FNYR01000035.1_11	2	120	0.016666666666666666	4	2400	0.001874219075385256	0.02167001533659615	8.892592592592592	0.053050171618987174
Halobacteria	JADDOQ010000159.1_6	2	120	0.016666666666666666	12	2400	0.005206164098292378	0.129783877609881	3.2013333333333334	0.19984134388188143
Halobacteria	NZ_AOLJ01000022.1_219	2	120	0.016666666666666666	4	2400	0.001874219075385256	0.02167001533659615	8.892592592592592	0.053050171618987174
Halobacteria	JAKBAE010000098.1_7	2	120	0.016666666666666666	5	2400	0.0022907122032486465	0.03134766584921888	7.275757575757575	0.0660006978253962
Halobacteria	NZ_NHSQ01000046.1_8	2	120	0.016666666666666666	5	2400	0.0022907122032486465	0.03134766584921888	7.275757575757575	0.0660006978253962
Halobacteria	NZ_WSZK01000006.1_124	2	120	0.016666666666666666	1	2400	0.0006247396917950854	0.0026534646905337954	26.677777777777774	0.016396253574325736
Halobacteria	NZ_JALLPK010000001.1_3015	2	120	0.016666666666666666	11	2400	0.004789670970428988	0.11333066522234132	3.479710144927536	0.18185384251027145
Halobacteria	NZ_JALXFV010000002.1_318	2	120	0.016666666666666666	0	2400	0.00020824656393169514	0.0003046112925000877	80.03333333333333	0.0023569298757194286
Halobacteria	NZ_JALXFV010000002.1_330	2	120	0.016666666666666666	0	2400	0.00020824656393169514	0.0003046112925000877	80.03333333333333	0.0023569298757194286
Halobacteria	NZ_QLVG01000056.1_3	2	120	0.016666666666666666	6	2400	0.0027072053311120365	0.04240416465509537	6.156410256410257	0.08662764990595391
Halobacteria	JALDAN010000020.1_6	2	120	0.016666666666666666	6	2400	0.0027072053311120365	0.04240416465509537	6.156410256410257	0.08662764990595391
Halobacteria	NZ_JAAAJC010000012.1_8	2	120	0.016666666666666666	11	2400	0.004789670970428988	0.11333066522234132	3.479710144927536	0.18185384251027145
Halobacteria	JAKCFJ010000003.1_433	2	120	0.016666666666666666	20	2400	0.0085381091211995	0.2733167847713765	1.9520325203252031	0.3472566344070991
Halobacteria	PXRX01000038.1_139	2	120	0.016666666666666666	1	2400	0.0006247396917950854	0.0026534646905337954	26.677777777777774	0.016396253574325736
Halobacteria	NZ_JAKUHT010000021.1_46	2	120	0.016666666666666666	1	2400	0.0006247396917950854	0.0026534646905337954	26.677777777777774	0.016396253574325736
Halobacteria	NZ_JANHAU010000006.1_233	2	120	0.016666666666666666	1	2400	0.0006247396917950854	0.0026534646905337954	26.677777777777774	0.016396253574325736
Halobacteria	NZ_CP100400.1_2562	2	120	0.016666666666666666	1	2400	0.0006247396917950854	0.0026534646905337954	26.677777777777774	0.016396253574325736
Halobacteria	NZ_FNFE01000001.1_933	2	120	0.016666666666666666	3	2400	0.0014577259475218659	0.013538811069905099	11.433333333333334	0.053050171618987174
Halobacteria	NZ_QPII01000004.1_170	1	120	0.008333333333333333	8	2400	0.003540191586838817	0.3466071661135069	2.353921568627451	0.3943930805593029
Halobacteria	JAKCFM010000002.1_414	1	120	0.008333333333333333	13	2400	0.005622657226155768	0.4916692008826852	1.4820987654320987	0.515086649832361
Halobacteria	NZ_RDFA01000004.1_315	1	120	0.008333333333333333	2	2400	0.0010412328196584756	0.1175145993604339	8.003333333333334	0.18185384251027145
Halobacteria	JADKAQ010000017.1_109	1	120	0.008333333333333333	3	2400	0.0014577259475218659	0.16058892618991924	5.716666666666667	0.2279920764026606
Halobacteria	NZ_JAAOIR010000004.1_295	1	120	0.008333333333333333	3	2400	0.0014577259475218659	0.16058892618991924	5.716666666666667	0.2279920764026606
Halobacteria	NZ_CP011070.1_837	1	120	0.008333333333333333	7	2400	0.003123698458975427	0.3130065263885884	2.667777777777778	0.3740367564373286
Halobacteria	NZ_CP035119.1_733	1	120	0.008333333333333333	1	2400	0.0006247396917950854	0.07224926866638336	13.338888888888887	0.12152798180568289
Halobacteria	NZ_CP031310.1_857	1	120	0.008333333333333333	6	2400	0.0027072053311120365	0.27769310829000654	3.0782051282051284	0.3472566344070991
Halobacteria	SZNP01000010.1_172	1	120	0.008333333333333333	7	2400	0.003123698458975427	0.3130065263885884	2.667777777777778	0.3740367564373286
Halobacteria	NZ_PHNJ01000008.1_63	1	120	0.008333333333333333	0	2400	0.00020824656393169514	0.024682470801725857	40.016666666666666	0.053050171618987174
Halobacteria	NZ_CP100756.1_2753	1	120	0.008333333333333333	0	2400	0.00020824656393169514	0.024682470801725857	40.016666666666666	0.053050171618987174
Halobacteria	NZ_JAJCVJ010000002.1_1360	1	120	0.008333333333333333	3	2400	0.0014577259475218659	0.16058892618991924	5.716666666666667	0.2279920764026606
Halobacteria	NZ_CP101458.1_685	1	120	0.008333333333333333	0	2400	0.00020824656393169514	0.024682470801725857	40.016666666666666	0.053050171618987174
Halobacteria	CP071596.1_3609	1	120	0.008333333333333333	3	2400	0.0014577259475218659	0.16058892618991924	5.716666666666667	0.2279920764026606
Halobacteria	NZ_CP095487.1_1363	1	120	0.008333333333333333	1	2400	0.0006247396917950854	0.07224926866638336	13.338888888888887	0.12152798180568289
Halobacteria	JAHFUX010000012.1_33	1	120	0.008333333333333333	4	2400	0.001874219075385256	0.201577453347234	4.446296296296296	0.2706647367070235
Halobacteria	CP094974.1_2504	1	120	0.008333333333333333	12	2400	0.005206164098292378	0.46547223651053127	1.6006666666666667	0.49001243945581435
Halobacteria	NZ_CP100756.1_2754	1	120	0.008333333333333333	0	2400	0.00020824656393169514	0.024682470801725857	40.016666666666666	0.053050171618987174
Halobacteria	NZ_CP100756.1_2760	1	120	0.008333333333333333	0	2400	0.00020824656393169514	0.024682470801725857	40.016666666666666	0.053050171618987174
Halobacteria	NZ_CP035119.1_2275	1	120	0.008333333333333333	3	2400	0.0014577259475218659	0.16058892618991924	5.716666666666667	0.2279920764026606
Halobacteria	NZ_CP031310.1_765	1	120	0.008333333333333333	7	2400	0.003123698458975427	0.3130065263885884	2.667777777777778	0.3740367564373286
Halobacteria	NZ_AOIQ01000006.1_216	1	120	0.008333333333333333	8	2400	0.003540191586838817	0.3466071661135069	2.353921568627451	0.3943930805593029
Halobacteria	NZ_CP085337.1_802	1	120	0.008333333333333333	1	2400	0.0006247396917950854	0.07224926866638336	13.338888888888887	0.12152798180568289
Halobacteria	NZ_CP100756.1_2759	1	120	0.008333333333333333	0	2400	0.00020824656393169514	0.024682470801725857	40.016666666666666	0.053050171618987174
Halobacteria	NZ_JAALLS010000001.1_96	1	120	0.008333333333333333	3	2400	0.0014577259475218659	0.16058892618991924	5.716666666666667	0.2279920764026606
Halobacteria	NZ_JALLPK010000001.1_3014	1	120	0.008333333333333333	0	2400	0.00020824656393169514	0.024682470801725857	40.016666666666666	0.053050171618987174
Halobacteria	NZ_CP101458.1_477	1	120	0.008333333333333333	0	2400	0.00020824656393169514	0.024682470801725857	40.016666666666666	0.053050171618987174
Halobacteria	NZ_CP019067.1_3494	1	120	0.008333333333333333	19	2400	0.00812161599333611	0.6241529941151327	1.026068376068376	0.6364920977879195
Halobacteria	NZ_CP095482.1_957	1	120	0.008333333333333333	1	2400	0.0006247396917950854	0.07224926866638336	13.338888888888887	0.12152798180568289
Halobacteria	NZ_RKLT01000002.1_624	1	120	0.008333333333333333	0	2400	0.00020824656393169514	0.024682470801725857	40.016666666666666	0.053050171618987174
Halobacteria	SKKJ01000042.1_2	1	120	0.008333333333333333	1	2400	0.0006247396917950854	0.07224926866638336	13.338888888888887	0.12152798180568289
Halobacteria	NZ_LOPW02000022.1_60	1	120	0.008333333333333333	10	2400	0.004373177842565598	0.40899581395308504	1.9055555555555554	0.4441551032227362
Halobacteria	NZ_CP095482.1_464	1	120	0.008333333333333333	10	2400	0.004373177842565598	0.40899581395308504	1.9055555555555554	0.4441551032227362
Halobacteria	NZ_CP095482.1_462	1	120	0.008333333333333333	17	2400	0.007288629737609329	0.5843196024704109	1.1433333333333333	0.5988308508761331
Halobacteria	CP094974.1_169	1	120	0.008333333333333333	2	2400	0.0010412328196584756	0.1175145993604339	8.003333333333334	0.18185384251027145
Halobacteria	NZ_CP019067.1_3158	1	120	0.008333333333333333	0	2400	0.00020824656393169514	0.024682470801725857	40.016666666666666	0.053050171618987174
Halobacteria	NZ_CP019067.1_3157	1	120	0.008333333333333333	0	2400	0.00020824656393169514	0.024682470801725857	40.016666666666666	0.053050171618987174
Halobacteria	NZ_FOTC01000002.1_368	1	120	0.008333333333333333	0	2400	0.00020824656393169514	0.024682470801725857	40.016666666666666	0.053050171618987174
Halobacteria	JAHENP010000357.1_2	1	120	0.008333333333333333	0	2400	0.00020824656393169514	0.024682470801725857	40.016666666666666	0.053050171618987174
Halobacteria	NZ_JALJCL010000008.1_175	1	120	0.008333333333333333	0	2400	0.00020824656393169514	0.024682470801725857	40.016666666666666	0.053050171618987174
Halobacteria	NZ_JAALLS010000006.1_3	1	120	0.008333333333333333	7	2400	0.003123698458975427	0.3130065263885884	2.667777777777778	0.3740367564373286
Halobacteria	NZ_JALJCL010000008.1_173	1	120	0.008333333333333333	0	2400	0.00020824656393169514	0.024682470801725857	40.016666666666666	0.053050171618987174
Halobacteria	PXRK01000024.1_30	1	120	0.008333333333333333	0	2400	0.00020824656393169514	0.024682470801725857	40.016666666666666	0.053050171618987174
Halobacteria	NZ_JANHDJ010000004.1_121	1	120	0.008333333333333333	5	2400	0.0022907122032486465	0.24058037425684958	3.6378787878787877	0.312199689025136
Halobacteria	NZ_CP095487.1_1553	1	120	0.008333333333333333	2	2400	0.0010412328196584756	0.1175145993604339	8.003333333333334	0.18185384251027145
Halobacteria	NZ_CVUA01000001.1_1166	1	120	0.008333333333333333	7	2400	0.003123698458975427	0.3130065263885884	2.667777777777778	0.3740367564373286
Halobacteria	JADFQH010000016.1_18	1	120	0.008333333333333333	5	2400	0.0022907122032486465	0.24058037425684958	3.6378787878787877	0.312199689025136
Halobacteria	NZ_JALIQP010000001.1_255	1	120	0.008333333333333333	8	2400	0.003540191586838817	0.3466071661135069	2.353921568627451	0.3943930805593029
Halobacteria	PXRX01000016.1_2	1	120	0.008333333333333333	3	2400	0.0014577259475218659	0.16058892618991924	5.716666666666667	0.2279920764026606
Halobacteria	PXRK01000024.1_23	1	120	0.008333333333333333	3	2400	0.0014577259475218659	0.16058892618991924	5.716666666666667	0.2279920764026606
Halobacteria	PXRK01000024.1_22	1	120	0.008333333333333333	0	2400	0.00020824656393169514	0.024682470801725857	40.016666666666666	0.053050171618987174
Halobacteria	NZ_JALLGW010000002.1_147	1	120	0.008333333333333333	11	2400	0.004789670970428988	0.4379370273375208	1.739855072463768	0.46900176457080517
Halobacteria	NZ_RKLT01000016.1_60	1	120	0.008333333333333333	5	2400	0.0022907122032486465	0.24058037425684958	3.6378787878787877	0.312199689025136
Halobacteria	NZ_CP058335.1_3586	1	120	0.008333333333333333	10	2400	0.004373177842565598	0.40899581395308504	1.9055555555555554	0.4441551032227362
Halobacteria	QNGA01000001.1_494	1	120	0.008333333333333333	7	2400	0.003123698458975427	0.3130065263885884	2.667777777777778	0.3740367564373286
Halobacteria	NZ_PEND01000001.1_845	1	120	0.008333333333333333	7	2400	0.003123698458975427	0.3130065263885884	2.667777777777778	0.3740367564373286
Halobacteria	NZ_JAAAJC010000005.1_167	1	120	0.008333333333333333	2	2400	0.0010412328196584756	0.1175145993604339	8.003333333333334	0.18185384251027145
Halobacteria	NZ_CP085337.1_318	1	120	0.008333333333333333	6	2400	0.0027072053311120365	0.27769310829000654	3.0782051282051284	0.3472566344070991
Halobacteria	NZ_QPII01000020.1_37	1	120	0.008333333333333333	0	2400	0.00020824656393169514	0.024682470801725857	40.016666666666666	0.053050171618987174
Halobacteria	NZ_WUYX01000030.1_94	1	120	0.008333333333333333	0	2400	0.00020824656393169514	0.024682470801725857	40.016666666666666	0.053050171618987174
Halobacteria	NZ_WUYX01000030.1_93	1	120	0.008333333333333333	0	2400	0.00020824656393169514	0.024682470801725857	40.016666666666666	0.053050171618987174
Halobacteria	NZ_JALLPK010000001.1_814	1	120	0.008333333333333333	4	2400	0.001874219075385256	0.201577453347234	4.446296296296296	0.2706647367070235
Halobacteria	NZ_JAALLS010000002.1_140	1	120	0.008333333333333333	11	2400	0.004789670970428988	0.4379370273375208	1.739855072463768	0.46900176457080517
Halobacteria	NZ_LWHG01000031.1_142	1	120	0.008333333333333333	2	2400	0.0010412328196584756	0.1175145993604339	8.003333333333334	0.18185384251027145
Halobacteria	NZ_RKSM01000001.1_2605	1	120	0.008333333333333333	0	2400	0.00020824656393169514	0.024682470801725857	40.016666666666666	0.053050171618987174
Halobacteria	NZ_CP096658.1_715	1	120	0.008333333333333333	2	2400	0.0010412328196584756	0.1175145993604339	8.003333333333334	0.18185384251027145
Halobacteria	NZ_CP101458.1_2842	1	120	0.008333333333333333	9	2400	0.003956684714702207	0.3785774366091882	2.106140350877193	0.42071711536999545
Halobacteria	NZ_CP100762.1_1128	1	120	0.008333333333333333	2	2400	0.0010412328196584756	0.1175145993604339	8.003333333333334	0.18185384251027145
Halobacteria	NZ_PHNJ01000001.1_50	1	120	0.008333333333333333	1	2400	0.0006247396917950854	0.07224926866638336	13.338888888888887	0.12152798180568289
Halobacteria	NZ_JAKUHT010000012.1_98	1	120	0.008333333333333333	7	2400	0.003123698458975427	0.3130065263885884	2.667777777777778	0.3740367564373286
Halobacteria	NZ_CP100445.1_2917	1	120	0.008333333333333333	3	2400	0.0014577259475218659	0.16058892618991924	5.716666666666667	0.2279920764026606
Halobacteria	NZ_CP084469.1_3576	1	120	0.008333333333333333	0	2400	0.00020824656393169514	0.024682470801725857	40.016666666666666	0.053050171618987174
Halobacteria	NZ_CP031310.1_3404	1	120	0.008333333333333333	3	2400	0.0014577259475218659	0.16058892618991924	5.716666666666667	0.2279920764026606
Halobacteria	PXRE01000034.1_35	1	120	0.008333333333333333	1	2400	0.0006247396917950854	0.07224926866638336	13.338888888888887	0.12152798180568289
Halobacteria	PXRX01000027.1_89	1	120	0.008333333333333333	3	2400	0.0014577259475218659	0.16058892618991924	5.716666666666667	0.2279920764026606
Halobacteria	NZ_CP044523.1_520	1	120	0.008333333333333333	3	2400	0.0014577259475218659	0.16058892618991924	5.716666666666667	0.2279920764026606
Halobacteria	NZ_CSTE01000001.1_445	1	120	0.008333333333333333	1	2400	0.0006247396917950854	0.07224926866638336	13.338888888888887	0.12152798180568289
Halobacteria	NZ_WRXM01000002.1_440	1	120	0.008333333333333333	1	2400	0.0006247396917950854	0.07224926866638336	13.338888888888887	0.12152798180568289
Halobacteria	NZ_AP017569.1_45	1	120	0.008333333333333333	3	2400	0.0014577259475218659	0.16058892618991924	5.716666666666667	0.2279920764026606
Halobacteria	NZ_AOLK01000022.1_392	1	120	0.008333333333333333	6	2400	0.0027072053311120365	0.27769310829000654	3.0782051282051284	0.3472566344070991
Halobacteria	NZ_FNYR01000003.1_26	1	120	0.008333333333333333	0	2400	0.00020824656393169514	0.024682470801725857	40.016666666666666	0.053050171618987174
Halobacteria	NZ_CP095487.1_613	1	120	0.008333333333333333	2	2400	0.0010412328196584756	0.1175145993604339	8.003333333333334	0.18185384251027145
Halobacteria	NZ_FNFE01000005.1_157	1	120	0.008333333333333333	0	2400	0.00020824656393169514	0.024682470801725857	40.016666666666666	0.053050171618987174
Halobacteria	JAKCFJ010000004.1_39	1	120	0.008333333333333333	1	2400	0.0006247396917950854	0.07224926866638336	13.338888888888887	0.12152798180568289
Halobacteria	NZ_CP085331.1_164	1	120	0.008333333333333333	3	2400	0.0014577259475218659	0.16058892618991924	5.716666666666667	0.2279920764026606
Halobacteria	NZ_CP084469.1_2750	1	120	0.008333333333333333	2	2400	0.0010412328196584756	0.1175145993604339	8.003333333333334	0.18185384251027145
Halobacteria	NZ_PEND01000006.1_335	1	120	0.008333333333333333	0	2400	0.00020824656393169514	0.024682470801725857	40.016666666666666	0.053050171618987174
Halobacteria	NZ_JALLGW010000001.1_283	1	120	0.008333333333333333	11	2400	0.004789670970428988	0.4379370273375208	1.739855072463768	0.46900176457080517
Halobacteria	PXRE01000010.1_50	1	120	0.008333333333333333	1	2400	0.0006247396917950854	0.07224926866638336	13.338888888888887	0.12152798180568289
Halobacteria	NZ_CP035119.1_1576	1	120	0.008333333333333333	0	2400	0.00020824656393169514	0.024682470801725857	40.016666666666666	0.053050171618987174
Halobacteria	NZ_CP100762.1_2995	1	120	0.008333333333333333	7	2400	0.003123698458975427	0.3130065263885884	2.667777777777778	0.3740367564373286
Halobacteria	NZ_JANHAU010000002.1_576	1	120	0.008333333333333333	7	2400	0.003123698458975427	0.3130065263885884	2.667777777777778	0.3740367564373286
Halobacteria	NZ_WUYX01000069.1_99	1	120	0.008333333333333333	1	2400	0.0006247396917950854	0.07224926866638336	13.338888888888887	0.12152798180568289
Halobacteria	NZ_WSZK01000007.1_29	1	120	0.008333333333333333	33	2400	0.013952519783423574	0.8147580627412074	0.5972636815920398	0.8147580627412074
Halobacteria	NZ_FNYR01000027.1_10	1	120	0.008333333333333333	0	2400	0.00020824656393169514	0.024682470801725857	40.016666666666666	0.053050171618987174
Halobacteria	NZ_WUYX01000013.1_51	1	120	0.008333333333333333	1	2400	0.0006247396917950854	0.07224926866638336	13.338888888888887	0.12152798180568289
Halobacteria	NZ_SOSC01000004.1_8	1	120	0.008333333333333333	4	2400	0.001874219075385256	0.201577453347234	4.446296296296296	0.2706647367070235
Halobacteria	NZ_RKLT01000001.1_553	1	120	0.008333333333333333	11	2400	0.004789670970428988	0.4379370273375208	1.739855072463768	0.46900176457080517
Halobacteria	NZ_QQTY01000001.1_76	1	120	0.008333333333333333	17	2400	0.007288629737609329	0.5843196024704109	1.1433333333333333	0.5988308508761331
Halobacteria	NZ_CP100446.1_591	1	120	0.008333333333333333	9	2400	0.003956684714702207	0.3785774366091882	2.106140350877193	0.42071711536999545
Halobacteria	JADJWG010000001.1_638	1	120	0.008333333333333333	10	2400	0.004373177842565598	0.40899581395308504	1.9055555555555554	0.4441551032227362
Halobacteria	NZ_CP100000.1_2165	1	120	0.008333333333333333	6	2400	0.0027072053311120365	0.27769310829000654	3.0782051282051284	0.3472566344070991
Halobacteria	NZ_CP100454.1_1446	1	120	0.008333333333333333	7	2400	0.003123698458975427	0.3130065263885884	2.667777777777778	0.3740367564373286
Halobacteria	NZ_FNFE01000001.1_782	1	120	0.008333333333333333	7	2400	0.003123698458975427	0.3130065263885884	2.667777777777778	0.3740367564373286
Halobacteria	NZ_SOSC01000010.1_49	1	120	0.008333333333333333	5	2400	0.0022907122032486465	0.24058037425684958	3.6378787878787877	0.312199689025136
Halobacteria	NC_019964.1_86	1	120	0.008333333333333333	4	2400	0.001874219075385256	0.201577453347234	4.446296296296296	0.2706647367070235
Halobacteria	NZ_CP095482.1_2409	1	120	0.008333333333333333	3	2400	0.0014577259475218659	0.16058892618991924	5.716666666666667	0.2279920764026606
Halobacteria	JAKCFM010000001.1_2247	1	120	0.008333333333333333	3	2400	0.0014577259475218659	0.16058892618991924	5.716666666666667	0.2279920764026606
Halobacteria	NZ_CVUA01000001.1_380	1	120	0.008333333333333333	0	2400	0.00020824656393169514	0.024682470801725857	40.016666666666666	0.053050171618987174
Halobacteria	NZ_CP019067.1_1242	1	120	0.008333333333333333	14	2400	0.006039150354019159	0.5165924406880663	1.3798850574712644	0.5383345467776314
Halobacteria	NC_015943.1_5	1	120	0.008333333333333333	1	2400	0.0006247396917950854	0.07224926866638336	13.338888888888887	0.12152798180568289
Halobacteria	NZ_WUYX01000071.1_162	1	120	0.008333333333333333	6	2400	0.0027072053311120365	0.27769310829000654	3.0782051282051284	0.3472566344070991
Halobacteria	NZ_AOLJ01000027.1_53	1	120	0.008333333333333333	1	2400	0.0006247396917950854	0.07224926866638336	13.338888888888887	0.12152798180568289
Halobacteria	NZ_JALLGW010000002.1_387	1	120	0.008333333333333333	8	2400	0.003540191586838817	0.3466071661135069	2.353921568627451	0.3943930805593029
Halobacteria	JAHENP010000151.1_4	1	120	0.008333333333333333	0	2400	0.00020824656393169514	0.024682470801725857	40.016666666666666	0.053050171618987174
Halobacteria	NZ_BBMP01000007.1_119	1	120	0.008333333333333333	5	2400	0.0022907122032486465	0.24058037425684958	3.6378787878787877	0.312199689025136
Halobacteria	NZ_CP085302.1_433	1	120	0.008333333333333333	0	2400	0.00020824656393169514	0.024682470801725857	40.016666666666666	0.053050171618987174
Halobacteria	CP071596.1_3206	1	120	0.008333333333333333	4	2400	0.001874219075385256	0.201577453347234	4.446296296296296	0.2706647367070235
Halobacteria	NZ_FTNO01000003.1_211	1	120	0.008333333333333333	2	2400	0.0010412328196584756	0.1175145993604339	8.003333333333334	0.18185384251027145
Halobacteria	NZ_CP044130.1_49	1	120	0.008333333333333333	0	2400	0.00020824656393169514	0.024682470801725857	40.016666666666666	0.053050171618987174
Halobacteria	NZ_SDIC01000002.1_685	1	120	0.008333333333333333	1	2400	0.0006247396917950854	0.07224926866638336	13.338888888888887	0.12152798180568289
Halobacteria	NZ_CP044130.1_47	1	120	0.008333333333333333	0	2400	0.00020824656393169514	0.024682470801725857	40.016666666666666	0.053050171618987174
Halobacteria	NZ_JAAAJC010000010.1_51	1	120	0.008333333333333333	0	2400	0.00020824656393169514	0.024682470801725857	40.016666666666666	0.053050171618987174
Halobacteria	NZ_JANHJR010000003.1_772	1	120	0.008333333333333333	5	2400	0.0022907122032486465	0.24058037425684958	3.6378787878787877	0.312199689025136
Halobacteria	NZ_JAJFAY010000005.1_173	1	120	0.008333333333333333	1	2400	0.0006247396917950854	0.07224926866638336	13.338888888888887	0.12152798180568289
Halobacteria	NZ_PHNJ01000022.1_24	1	120	0.008333333333333333	1	2400	0.0006247396917950854	0.07224926866638336	13.338888888888887	0.12152798180568289
Halobacteria	NZ_CP085336.1_1307	1	120	0.008333333333333333	12	2400	0.005206164098292378	0.46547223651053127	1.6006666666666667	0.49001243945581435
Halobacteria	NZ_RDFA01000005.1_170	1	120	0.008333333333333333	0	2400	0.00020824656393169514	0.024682470801725857	40.016666666666666	0.053050171618987174
Halobacteria	NZ_AOJI01000017.1_182	1	120	0.008333333333333333	0	2400	0.00020824656393169514	0.024682470801725857	40.016666666666666	0.053050171618987174
Halobacteria	NZ_AOJH01000035.1_30	1	120	0.008333333333333333	0	2400	0.00020824656393169514	0.024682470801725857	40.016666666666666	0.053050171618987174
Halobacteria	NC_017941.2_207	1	120	0.008333333333333333	4	2400	0.001874219075385256	0.201577453347234	4.446296296296296	0.2706647367070235
Halobacteria	NC_017943.1_117	1	120	0.008333333333333333	5	2400	0.0022907122032486465	0.24058037425684958	3.6378787878787877	0.312199689025136
Halobacteria	NZ_AOJH01000035.1_27	1	120	0.008333333333333333	2	2400	0.0010412328196584756	0.1175145993604339	8.003333333333334	0.18185384251027145
Halobacteria	NZ_AOLK01000022.1_219	1	120	0.008333333333333333	1	2400	0.0006247396917950854	0.07224926866638336	13.338888888888887	0.12152798180568289
Halobacteria	NZ_AOJH01000035.1_24	1	120	0.008333333333333333	0	2400	0.00020824656393169514	0.024682470801725857	40.016666666666666	0.053050171618987174
Halobacteria	NZ_FOTC01000002.1_815	1	120	0.008333333333333333	0	2400	0.00020824656393169514	0.024682470801725857	40.016666666666666	0.053050171618987174
Halobacteria	NZ_JANHDJ010000016.1_22	1	120	0.008333333333333333	0	2400	0.00020824656393169514	0.024682470801725857	40.016666666666666	0.053050171618987174
Halobacteria	NC_012030.1_118	1	120	0.008333333333333333	1	2400	0.0006247396917950854	0.07224926866638336	13.338888888888887	0.12152798180568289
Halobacteria	NC_015943.1_7	1	120	0.008333333333333333	0	2400	0.00020824656393169514	0.024682470801725857	40.016666666666666	0.053050171618987174
Halobacteria	NZ_JAAOIR010000003.1_103	1	120	0.008333333333333333	0	2400	0.00020824656393169514	0.024682470801725857	40.016666666666666	0.053050171618987174
Halobacteria	PXRE01000007.1_7	1	120	0.008333333333333333	22	2400	0.009371095376926281	0.6769129998990706	0.8892592592592592	0.6835385757545265
Halobacteria	NZ_AOII01000107.1_11	1	120	0.008333333333333333	7	2400	0.003123698458975427	0.3130065263885884	2.667777777777778	0.3740367564373286
Halobacteria	NZ_LOPW02000010.1_851	1	120	0.008333333333333333	1	2400	0.0006247396917950854	0.07224926866638336	13.338888888888887	0.12152798180568289
Halobacteria	NZ_CP100456.1_43	1	120	0.008333333333333333	0	2400	0.00020824656393169514	0.024682470801725857	40.016666666666666	0.053050171618987174
Halobacteria	NZ_RKLT01000001.1_961	1	120	0.008333333333333333	22	2400	0.009371095376926281	0.6769129998990706	0.8892592592592592	0.6835385757545265
Halobacteria	NZ_AOJI01000033.1_106	1	120	0.008333333333333333	2	2400	0.0010412328196584756	0.1175145993604339	8.003333333333334	0.18185384251027145
Halobacteria	JADFQH010000257.1_2	1	120	0.008333333333333333	0	2400	0.00020824656393169514	0.024682470801725857	40.016666666666666	0.053050171618987174
Halobacteria	NZ_JADDKQ010000001.1_92	1	120	0.008333333333333333	8	2400	0.003540191586838817	0.3466071661135069	2.353921568627451	0.3943930805593029
Halobacteria	NZ_BBMP01000004.1_42	1	120	0.008333333333333333	8	2400	0.003540191586838817	0.3466071661135069	2.353921568627451	0.3943930805593029
Halobacteria	NZ_JANHDJ010000003.1_156	1	120	0.008333333333333333	5	2400	0.0022907122032486465	0.24058037425684958	3.6378787878787877	0.312199689025136
Halobacteria	JAKCFM010000001.1_1544	1	120	0.008333333333333333	8	2400	0.003540191586838817	0.3466071661135069	2.353921568627451	0.3943930805593029
Halobacteria	NZ_AOII01000046.1_1	1	120	0.008333333333333333	0	2400	0.00020824656393169514	0.024682470801725857	40.016666666666666	0.053050171618987174
Halobacteria	NZ_SBIS02000007.1_350	1	120	0.008333333333333333	0	2400	0.00020824656393169514	0.024682470801725857	40.016666666666666	0.053050171618987174
Halobacteria	PXRK01000024.1_18	1	120	0.008333333333333333	0	2400	0.00020824656393169514	0.024682470801725857	40.016666666666666	0.053050171618987174
Halobacteria	NZ_PEND01000001.1_450	1	120	0.008333333333333333	1	2400	0.0006247396917950854	0.07224926866638336	13.338888888888887	0.12152798180568289
Halobacteria	CP060262.1_2190	1	120	0.008333333333333333	6	2400	0.0027072053311120365	0.27769310829000654	3.0782051282051284	0.3472566344070991
Halobacteria	JAKCFM010000002.1_591	1	120	0.008333333333333333	1	2400	0.0006247396917950854	0.07224926866638336	13.338888888888887	0.12152798180568289
Halobacteria	SKKJ01000080.1_3	1	120	0.008333333333333333	0	2400	0.00020824656393169514	0.024682470801725857	40.016666666666666	0.053050171618987174
Halobacteria	PXRE01000008.1_62	1	120	0.008333333333333333	1	2400	0.0006247396917950854	0.07224926866638336	13.338888888888887	0.12152798180568289
Halobacteria	NZ_CP031310.1_1826	1	120	0.008333333333333333	7	2400	0.003123698458975427	0.3130065263885884	2.667777777777778	0.3740367564373286
Halobacteria	NZ_JAMZIE010000003.1_223	1	120	0.008333333333333333	9	2400	0.003956684714702207	0.3785774366091882	2.106140350877193	0.42071711536999545
Halobacteria	JAATVT010000134.1_12	1	120	0.008333333333333333	2	2400	0.0010412328196584756	0.1175145993604339	8.003333333333334	0.18185384251027145
Halobacteria	NZ_BBMP01000007.1_205	1	120	0.008333333333333333	12	2400	0.005206164098292378	0.46547223651053127	1.6006666666666667	0.49001243945581435
Halobacteria	CP094974.1_4894	1	120	0.008333333333333333	0	2400	0.00020824656393169514	0.024682470801725857	40.016666666666666	0.053050171618987174
Halobacteria	NZ_WUYX01000044.1_8	1	120	0.008333333333333333	2	2400	0.0010412328196584756	0.1175145993604339	8.003333333333334	0.18185384251027145
Halobacteria	NZ_WUYX01000044.1_9	1	120	0.008333333333333333	0	2400	0.00020824656393169514	0.024682470801725857	40.016666666666666	0.053050171618987174
Halobacteria	CP094974.1_1594	1	120	0.008333333333333333	15	2400	0.006455643481882549	0.5403033905696767	1.2908602150537634	0.5592772554559028
Halobacteria	NZ_CP053941.1_23	1	120	0.008333333333333333	2	2400	0.0010412328196584756	0.1175145993604339	8.003333333333334	0.18185384251027145
Halobacteria	SKKJ01000319.1_4	1	120	0.008333333333333333	25	2400	0.01062057476051645	0.7223197678273949	0.784640522875817	0.7258375589044764
Halobacteria	NZ_CP067007.1_1199	1	120	0.008333333333333333	12	2400	0.005206164098292378	0.46547223651053127	1.6006666666666667	0.49001243945581435
Halobacteria	NZ_JAMZIE010000002.1_597	1	120	0.008333333333333333	0	2400	0.00020824656393169514	0.024682470801725857	40.016666666666666	0.053050171618987174
Halobacteria	SZNP01000010.1_142	1	120	0.008333333333333333	4	2400	0.001874219075385256	0.201577453347234	4.446296296296296	0.2706647367070235
Halobacteria	NZ_AOIQ01000016.1_65	1	120	0.008333333333333333	24	2400	0.01020408163265306	0.7079353274970466	0.8166666666666668	0.7125397849116616
Halobacteria	NZ_PHNJ01000003.1_247	1	120	0.008333333333333333	3	2400	0.0014577259475218659	0.16058892618991924	5.716666666666667	0.2279920764026606
Halobacteria	PXSA01000006.1_5	1	120	0.008333333333333333	5	2400	0.0022907122032486465	0.24058037425684958	3.6378787878787877	0.312199689025136
Halobacteria	NZ_AOJI01000002.1_152	1	120	0.008333333333333333	0	2400	0.00020824656393169514	0.024682470801725857	40.016666666666666	0.053050171618987174
Halobacteria	CP094974.1_934	1	120	0.008333333333333333	11	2400	0.004789670970428988	0.4379370273375208	1.739855072463768	0.46900176457080517
Halobacteria	NZ_NHSQ01000052.1_48	1	120	0.008333333333333333	8	2400	0.003540191586838817	0.3466071661135069	2.353921568627451	0.3943930805593029
Halobacteria	JAHENP010000073.1_16	1	120	0.008333333333333333	14	2400	0.006039150354019159	0.5165924406880663	1.3798850574712644	0.5383345467776314
Halobacteria	WHTU01000006.1_5	1	120	0.008333333333333333	9	2400	0.003956684714702207	0.3785774366091882	2.106140350877193	0.42071711536999545
Halobacteria	NZ_AOLK01000012.1_181	1	120	0.008333333333333333	0	2400	0.00020824656393169514	0.024682470801725857	40.016666666666666	0.053050171618987174
Halobacteria	NZ_AOLK01000012.1_182	1	120	0.008333333333333333	0	2400	0.00020824656393169514	0.024682470801725857	40.016666666666666	0.053050171618987174
Halobacteria	NZ_AOLN01000018.1_560	1	120	0.008333333333333333	0	2400	0.00020824656393169514	0.024682470801725857	40.016666666666666	0.053050171618987174
Halobacteria	NZ_CP035119.1_975	1	120	0.008333333333333333	3	2400	0.0014577259475218659	0.16058892618991924	5.716666666666667	0.2279920764026606
Halobacteria	NC_015944.1_172	1	120	0.008333333333333333	2	2400	0.0010412328196584756	0.1175145993604339	8.003333333333334	0.18185384251027145
Halobacteria	NZ_CP099546.1_236	1	120	0.008333333333333333	1	2400	0.0006247396917950854	0.07224926866638336	13.338888888888887	0.12152798180568289
Halobacteria	NZ_LWHG01000029.1_95	1	120	0.008333333333333333	0	2400	0.00020824656393169514	0.024682470801725857	40.016666666666666	0.053050171618987174
Halobacteria	NZ_CP100445.1_3245	1	120	0.008333333333333333	0	2400	0.00020824656393169514	0.024682470801725857	40.016666666666666	0.053050171618987174
Halobacteria	SKKJ01000166.1_9	1	120	0.008333333333333333	0	2400	0.00020824656393169514	0.024682470801725857	40.016666666666666	0.053050171618987174
Halobacteria	NZ_CP058335.1_978	1	120	0.008333333333333333	0	2400	0.00020824656393169514	0.024682470801725857	40.016666666666666	0.053050171618987174
Halobacteria	NZ_JAJCVJ010000002.1_122	1	120	0.008333333333333333	12	2400	0.005206164098292378	0.46547223651053127	1.6006666666666667	0.49001243945581435
Halobacteria	NZ_CP095482.1_1926	1	120	0.008333333333333333	8	2400	0.003540191586838817	0.3466071661135069	2.353921568627451	0.3943930805593029
Halobacteria	NZ_AOJN01000024.1_46	1	120	0.008333333333333333	3	2400	0.0014577259475218659	0.16058892618991924	5.716666666666667	0.2279920764026606
Halobacteria	NZ_JAMZIE010000001.1_53	1	120	0.008333333333333333	23	2400	0.009787588504789672	0.6928122688610686	0.8514184397163119	0.6984540625814356
Halobacteria	AOLX01000027.1_51	1	120	0.008333333333333333	9	2400	0.003956684714702207	0.3785774366091882	2.106140350877193	0.42071711536999545
Halobacteria	LKNH01000002.1_37	1	120	0.008333333333333333	0	2400	0.00020824656393169514	0.024682470801725857	40.016666666666666	0.053050171618987174
Halobacteria	NZ_BBJP01000013.1_232	1	120	0.008333333333333333	8	2400	0.003540191586838817	0.3466071661135069	2.353921568627451	0.3943930805593029
Halobacteria	NZ_JAAOIR010000001.1_1636	1	120	0.008333333333333333	8	2400	0.003540191586838817	0.3466071661135069	2.353921568627451	0.3943930805593029
Halobacteria	NZ_CP100355.1_99	1	120	0.008333333333333333	1	2400	0.0006247396917950854	0.07224926866638336	13.338888888888887	0.12152798180568289
Halobacteria	NC_017941.2_1107	1	120	0.008333333333333333	17	2400	0.007288629737609329	0.5843196024704109	1.1433333333333333	0.5988308508761331
Halobacteria	PXRK01000008.1_16	1	120	0.008333333333333333	11	2400	0.004789670970428988	0.4379370273375208	1.739855072463768	0.46900176457080517
Halobacteria	NZ_CP031310.1_2624	1	120	0.008333333333333333	3	2400	0.0014577259475218659	0.16058892618991924	5.716666666666667	0.2279920764026606
Halobacteria	PXRE01000005.1_27	1	120	0.008333333333333333	0	2400	0.00020824656393169514	0.024682470801725857	40.016666666666666	0.053050171618987174
Halobacteria	CP094974.1_1569	1	120	0.008333333333333333	0	2400	0.00020824656393169514	0.024682470801725857	40.016666666666666	0.053050171618987174
Halobacteria	NZ_MWLL01000203.1_5	1	120	0.008333333333333333	6	2400	0.0027072053311120365	0.27769310829000654	3.0782051282051284	0.3472566344070991
Halobacteria	PXRE01000005.1_38	1	120	0.008333333333333333	0	2400	0.00020824656393169514	0.024682470801725857	40.016666666666666	0.053050171618987174
Halobacteria	PXRE01000005.1_37	1	120	0.008333333333333333	0	2400	0.00020824656393169514	0.024682470801725857	40.016666666666666	0.053050171618987174
Halobacteria	PXRE01000005.1_36	1	120	0.008333333333333333	0	2400	0.00020824656393169514	0.024682470801725857	40.016666666666666	0.053050171618987174
Halobacteria	AOLX01000014.1_64	1	120	0.008333333333333333	20	2400	0.0085381091211995	0.6426258870257745	0.9760162601626016	0.6521072525720565
Halobacteria	PXRE01000005.1_34	1	120	0.008333333333333333	0	2400	0.00020824656393169514	0.024682470801725857	40.016666666666666	0.053050171618987174
Halobacteria	NZ_JAAOIR010000004.1_34	1	120	0.008333333333333333	1	2400	0.0006247396917950854	0.07224926866638336	13.338888888888887	0.12152798180568289
Halobacteria	NZ_JALJCL010000006.1_177	1	120	0.008333333333333333	1	2400	0.0006247396917950854	0.07224926866638336	13.338888888888887	0.12152798180568289
Halobacteria	NC_019964.1_206	1	120	0.008333333333333333	9	2400	0.003956684714702207	0.3785774366091882	2.106140350877193	0.42071711536999545
Halobacteria	NZ_CP058335.1_1127	1	120	0.008333333333333333	1	2400	0.0006247396917950854	0.07224926866638336	13.338888888888887	0.12152798180568289
Halobacteria	NZ_CP101458.1_162	1	120	0.008333333333333333	1	2400	0.0006247396917950854	0.07224926866638336	13.338888888888887	0.12152798180568289
Halobacteria	NZ_JALLPK010000001.1_3132	1	120	0.008333333333333333	0	2400	0.00020824656393169514	0.024682470801725857	40.016666666666666	0.053050171618987174
Halobacteria	NZ_JALLGW010000001.1_1802	1	120	0.008333333333333333	0	2400	0.00020824656393169514	0.024682470801725857	40.016666666666666	0.053050171618987174
Halobacteria	NZ_SDIC01000004.1_217	1	120	0.008333333333333333	2	2400	0.0010412328196584756	0.1175145993604339	8.003333333333334	0.18185384251027145
Halobacteria	NZ_SDIC01000006.1_119	1	120	0.008333333333333333	0	2400	0.00020824656393169514	0.024682470801725857	40.016666666666666	0.053050171618987174
Halobacteria	NZ_BBMP01000023.1_99	1	120	0.008333333333333333	1	2400	0.0006247396917950854	0.07224926866638336	13.338888888888887	0.12152798180568289
Halobacteria	NZ_BBMP01000023.1_100	1	120	0.008333333333333333	0	2400	0.00020824656393169514	0.024682470801725857	40.016666666666666	0.053050171618987174
Halobacteria	NZ_JAKUHT010000036.1_55	1	120	0.008333333333333333	10	2400	0.004373177842565598	0.40899581395308504	1.9055555555555554	0.4441551032227362
Halobacteria	AOLX01000015.1_398	1	120	0.008333333333333333	0	2400	0.00020824656393169514	0.024682470801725857	40.016666666666666	0.053050171618987174
Halobacteria	QNGA01000001.1_1459	1	120	0.008333333333333333	1	2400	0.0006247396917950854	0.07224926866638336	13.338888888888887	0.12152798180568289
Halobacteria	NZ_SOSC01000003.1_17	1	120	0.008333333333333333	6	2400	0.0027072053311120365	0.27769310829000654	3.0782051282051284	0.3472566344070991
Halobacteria	NZ_JANHJR010000003.1_566	1	120	0.008333333333333333	0	2400	0.00020824656393169514	0.024682470801725857	40.016666666666666	0.053050171618987174
Halobacteria	NZ_CP101458.1_1720	1	120	0.008333333333333333	0	2400	0.00020824656393169514	0.024682470801725857	40.016666666666666	0.053050171618987174
Halobacteria	JAKCFJ010000001.1_2974	1	120	0.008333333333333333	0	2400	0.00020824656393169514	0.024682470801725857	40.016666666666666	0.053050171618987174
Halobacteria	JAKCFJ010000001.1_2973	1	120	0.008333333333333333	0	2400	0.00020824656393169514	0.024682470801725857	40.016666666666666	0.053050171618987174
Halobacteria	NZ_SOSC01000006.1_42	1	120	0.008333333333333333	0	2400	0.00020824656393169514	0.024682470801725857	40.016666666666666	0.053050171618987174
Halobacteria	NZ_JALLGW010000001.1_1803	1	120	0.008333333333333333	0	2400	0.00020824656393169514	0.024682470801725857	40.016666666666666	0.053050171618987174
Halobacteria	NZ_SOSC01000004.1_206	1	120	0.008333333333333333	8	2400	0.003540191586838817	0.3466071661135069	2.353921568627451	0.3943930805593029
Halobacteria	NZ_CP044129.1_1367	1	120	0.008333333333333333	10	2400	0.004373177842565598	0.40899581395308504	1.9055555555555554	0.4441551032227362
Halobacteria	PXRE01000024.1_94	1	120	0.008333333333333333	6	2400	0.0027072053311120365	0.27769310829000654	3.0782051282051284	0.3472566344070991
Halobacteria	NZ_CP100002.1_27	1	120	0.008333333333333333	8	2400	0.003540191586838817	0.3466071661135069	2.353921568627451	0.3943930805593029
Halobacteria	NZ_JAJCVJ010000003.1_73	1	120	0.008333333333333333	2	2400	0.0010412328196584756	0.1175145993604339	8.003333333333334	0.18185384251027145
Halobacteria	NZ_CP100756.1_1027	1	120	0.008333333333333333	8	2400	0.003540191586838817	0.3466071661135069	2.353921568627451	0.3943930805593029
Halobacteria	NZ_LOPW02000010.1_165	1	120	0.008333333333333333	9	2400	0.003956684714702207	0.3785774366091882	2.106140350877193	0.42071711536999545
Halobacteria	NZ_JAJCVI010000003.1_31	1	120	0.008333333333333333	0	2400	0.00020824656393169514	0.024682470801725857	40.016666666666666	0.053050171618987174
Halobacteria	NZ_FOCX01000016.1_36	1	120	0.008333333333333333	1	2400	0.0006247396917950854	0.07224926866638336	13.338888888888887	0.12152798180568289
Halobacteria	NZ_CVUA01000001.1_199	1	120	0.008333333333333333	12	2400	0.005206164098292378	0.46547223651053127	1.6006666666666667	0.49001243945581435
Halobacteria	NZ_CP031310.1_2086	1	120	0.008333333333333333	0	2400	0.00020824656393169514	0.024682470801725857	40.016666666666666	0.053050171618987174
Halobacteria	NZ_JAAAJC010000001.1_556	1	120	0.008333333333333333	3	2400	0.0014577259475218659	0.16058892618991924	5.716666666666667	0.2279920764026606
Halobacteria	NZ_ML974128.1_146	1	120	0.008333333333333333	3	2400	0.0014577259475218659	0.16058892618991924	5.716666666666667	0.2279920764026606
Halobacteria	JALDAN010000004.1_23	1	120	0.008333333333333333	3	2400	0.0014577259475218659	0.16058892618991924	5.716666666666667	0.2279920764026606
Halobacteria	NZ_NHSQ01000077.1_34	1	120	0.008333333333333333	3	2400	0.0014577259475218659	0.16058892618991924	5.716666666666667	0.2279920764026606
Halobacteria	AOLX01000017.1_80	1	120	0.008333333333333333	15	2400	0.006455643481882549	0.5403033905696767	1.2908602150537634	0.5592772554559028
Halobacteria	NZ_FNFE01000004.1_90	1	120	0.008333333333333333	32	2400	0.013536026655560184	0.8051288801738946	0.6156410256410256	0.806431677714629
Halobacteria	NZ_CP031310.1_1075	1	120	0.008333333333333333	0	2400	0.00020824656393169514	0.024682470801725857	40.016666666666666	0.053050171618987174
Halobacteria	JALDAN010000020.1_13	1	120	0.008333333333333333	4	2400	0.001874219075385256	0.201577453347234	4.446296296296296	0.2706647367070235
Halobacteria	PXRX01000031.1_46	1	120	0.008333333333333333	7	2400	0.003123698458975427	0.3130065263885884	2.667777777777778	0.3740367564373286
Halobacteria	JADDOW010000045.1_9	1	120	0.008333333333333333	3	2400	0.0014577259475218659	0.16058892618991924	5.716666666666667	0.2279920764026606
Halobacteria	NZ_JALLGW010000001.1_1812	1	120	0.008333333333333333	0	2400	0.00020824656393169514	0.024682470801725857	40.016666666666666	0.053050171618987174
Halobacteria	PXSA01000040.1_4	1	120	0.008333333333333333	3	2400	0.0014577259475218659	0.16058892618991924	5.716666666666667	0.2279920764026606
Halobacteria	NZ_RDFA01000001.1_969	1	120	0.008333333333333333	1	2400	0.0006247396917950854	0.07224926866638336	13.338888888888887	0.12152798180568289
Halobacteria	NZ_CP100756.1_1072	1	120	0.008333333333333333	0	2400	0.00020824656393169514	0.024682470801725857	40.016666666666666	0.053050171618987174
Halobacteria	NZ_JALLGW010000001.1_1807	1	120	0.008333333333333333	0	2400	0.00020824656393169514	0.024682470801725857	40.016666666666666	0.053050171618987174
Halobacteria	NZ_JALLGW010000001.1_1806	1	120	0.008333333333333333	0	2400	0.00020824656393169514	0.024682470801725857	40.016666666666666	0.053050171618987174
Halobacteria	NZ_JALLGW010000001.1_1805	1	120	0.008333333333333333	0	2400	0.00020824656393169514	0.024682470801725857	40.016666666666666	0.053050171618987174
Halobacteria	JALDAN010000001.1_18	1	120	0.008333333333333333	9	2400	0.003956684714702207	0.3785774366091882	2.106140350877193	0.42071711536999545
Halobacteria	CACLNC010000017.1_20	1	120	0.008333333333333333	10	2400	0.004373177842565598	0.40899581395308504	1.9055555555555554	0.4441551032227362
Halobacteria	NZ_CP100355.1_3383	1	120	0.008333333333333333	2	2400	0.0010412328196584756	0.1175145993604339	8.003333333333334	0.18185384251027145
Halobacteria	NZ_JDTH01000002.1_1232	1	120	0.008333333333333333	0	2400	0.00020824656393169514	0.024682470801725857	40.016666666666666	0.053050171618987174
Halobacteria	NZ_CP044523.1_576	1	120	0.008333333333333333	1	2400	0.0006247396917950854	0.07224926866638336	13.338888888888887	0.12152798180568289
Halobacteria	JAJXYX010000082.1_17	1	120	0.008333333333333333	16	2400	0.0068721366097459395	0.562860545942409	1.2126262626262625	0.5806844632305852
Halobacteria	NZ_CP035119.1_2385	1	120	0.008333333333333333	0	2400	0.00020824656393169514	0.024682470801725857	40.016666666666666	0.053050171618987174
Halobacteria	QNGA01000001.1_974	1	120	0.008333333333333333	3	2400	0.0014577259475218659	0.16058892618991924	5.716666666666667	0.2279920764026606
Halobacteria	NZ_CP100000.1_3639	1	120	0.008333333333333333	0	2400	0.00020824656393169514	0.024682470801725857	40.016666666666666	0.053050171618987174
Halobacteria	NZ_CP100000.1_3636	1	120	0.008333333333333333	0	2400	0.00020824656393169514	0.024682470801725857	40.016666666666666	0.053050171618987174
Halobacteria	NZ_JALLGW010000001.1_363	1	120	0.008333333333333333	9	2400	0.003956684714702207	0.3785774366091882	2.106140350877193	0.42071711536999545
Halobacteria	NZ_FTNO01000001.1_366	1	120	0.008333333333333333	19	2400	0.00812161599333611	0.6241529941151327	1.026068376068376	0.6364920977879195
Halobacteria	NZ_WUUT01000001.1_337	1	120	0.008333333333333333	8	2400	0.003540191586838817	0.3466071661135069	2.353921568627451	0.3943930805593029
Halobacteria	NZ_JAJCVI010000002.1_388	1	120	0.008333333333333333	27	2400	0.011453561016243232	0.7490142181788442	0.7275757575757575	0.751442141090283
Halobacteria	NZ_AOJH01000074.1_3	1	120	0.008333333333333333	8	2400	0.003540191586838817	0.3466071661135069	2.353921568627451	0.3943930805593029
Halobacteria	NZ_JDTH01000002.1_1233	1	120	0.008333333333333333	0	2400	0.00020824656393169514	0.024682470801725857	40.016666666666666	0.053050171618987174
Halobacteria	NZ_JDTH01000002.1_1230	1	120	0.008333333333333333	0	2400	0.00020824656393169514	0.024682470801725857	40.016666666666666	0.053050171618987174
Halobacteria	QNGA01000001.1_900	1	120	0.008333333333333333	8	2400	0.003540191586838817	0.3466071661135069	2.353921568627451	0.3943930805593029
Halobacteria	NZ_CP085301.1_3466	1	120	0.008333333333333333	0	2400	0.00020824656393169514	0.024682470801725857	40.016666666666666	0.053050171618987174
Halobacteria	NZ_CP085301.1_3465	1	120	0.008333333333333333	0	2400	0.00020824656393169514	0.024682470801725857	40.016666666666666	0.053050171618987174
Halobacteria	NZ_ML974134.1_239	1	120	0.008333333333333333	1	2400	0.0006247396917950854	0.07224926866638336	13.338888888888887	0.12152798180568289
Halobacteria	NZ_FTNO01000001.1_812	1	120	0.008333333333333333	0	2400	0.00020824656393169514	0.024682470801725857	40.016666666666666	0.053050171618987174
Halobacteria	NZ_FTNO01000001.1_810	1	120	0.008333333333333333	0	2400	0.00020824656393169514	0.024682470801725857	40.016666666666666	0.053050171618987174
Halobacteria	NZ_FTNO01000001.1_14	1	120	0.008333333333333333	0	2400	0.00020824656393169514	0.024682470801725857	40.016666666666666	0.053050171618987174
Halobacteria	NZ_JANHDJ010000006.1_208	1	120	0.008333333333333333	6	2400	0.0027072053311120365	0.27769310829000654	3.0782051282051284	0.3472566344070991
Halobacteria	NZ_ML974127.1_936	1	120	0.008333333333333333	6	2400	0.0027072053311120365	0.27769310829000654	3.0782051282051284	0.3472566344070991
Halobacteria	NZ_JALLPK010000001.1_2692	1	120	0.008333333333333333	0	2400	0.00020824656393169514	0.024682470801725857	40.016666666666666	0.053050171618987174
Halobacteria	NZ_JANHAU010000004.1_128	1	120	0.008333333333333333	4	2400	0.001874219075385256	0.201577453347234	4.446296296296296	0.2706647367070235
Halobacteria	NZ_JALJCL010000001.1_226	1	120	0.008333333333333333	4	2400	0.001874219075385256	0.201577453347234	4.446296296296296	0.2706647367070235
Halobacteria	NZ_FNFE01000009.1_151	1	120	0.008333333333333333	8	2400	0.003540191586838817	0.3466071661135069	2.353921568627451	0.3943930805593029
Halobacteria	LKML01000003.1_44	1	120	0.008333333333333333	4	2400	0.001874219075385256	0.201577453347234	4.446296296296296	0.2706647367070235
Halobacteria	NZ_AOII01000091.1_90	1	120	0.008333333333333333	1	2400	0.0006247396917950854	0.07224926866638336	13.338888888888887	0.12152798180568289
Halobacteria	NZ_JAJFAY010000006.1_158	1	120	0.008333333333333333	8	2400	0.003540191586838817	0.3466071661135069	2.353921568627451	0.3943930805593029
Halobacteria	NZ_JAJFAY010000005.1_294	1	120	0.008333333333333333	1	2400	0.0006247396917950854	0.07224926866638336	13.338888888888887	0.12152798180568289
Halobacteria	JACZSC010000036.1_2	1	120	0.008333333333333333	8	2400	0.003540191586838817	0.3466071661135069	2.353921568627451	0.3943930805593029
Halobacteria	JAKCFJ010000001.1_2966	1	120	0.008333333333333333	0	2400	0.00020824656393169514	0.024682470801725857	40.016666666666666	0.053050171618987174
Halobacteria	JAKCFM010000001.1_2902	1	120	0.008333333333333333	0	2400	0.00020824656393169514	0.024682470801725857	40.016666666666666	0.053050171618987174
Halobacteria	PXRX01000023.1_5	1	120	0.008333333333333333	10	2400	0.004373177842565598	0.40899581395308504	1.9055555555555554	0.4441551032227362
Halobacteria	NZ_QPII01000009.1_68	1	120	0.008333333333333333	14	2400	0.006039150354019159	0.5165924406880663	1.3798850574712644	0.5383345467776314
Halobacteria	JADFQH010000144.1_7	1	120	0.008333333333333333	0	2400	0.00020824656393169514	0.024682470801725857	40.016666666666666	0.053050171618987174
Halobacteria	NZ_JALLGW010000001.1_1115	1	120	0.008333333333333333	9	2400	0.003956684714702207	0.3785774366091882	2.106140350877193	0.42071711536999545
Halobacteria	NZ_LOPU01000030.1_94	1	120	0.008333333333333333	2	2400	0.0010412328196584756	0.1175145993604339	8.003333333333334	0.18185384251027145
Halobacteria	NZ_SBIS02000007.1_185	1	120	0.008333333333333333	4	2400	0.001874219075385256	0.201577453347234	4.446296296296296	0.2706647367070235
Halobacteria	NZ_CP044523.1_3437	1	120	0.008333333333333333	4	2400	0.001874219075385256	0.201577453347234	4.446296296296296	0.2706647367070235
Halobacteria	NZ_SDIC01000004.1_92	1	120	0.008333333333333333	1	2400	0.0006247396917950854	0.07224926866638336	13.338888888888887	0.12152798180568289
Halobacteria	JAKCFM010000002.1_35	1	120	0.008333333333333333	0	2400	0.00020824656393169514	0.024682470801725857	40.016666666666666	0.053050171618987174
Halobacteria	JAHFTO010000009.1_54	1	120	0.008333333333333333	5	2400	0.0022907122032486465	0.24058037425684958	3.6378787878787877	0.312199689025136
Halobacteria	QNGA01000004.1_122	1	120	0.008333333333333333	0	2400	0.00020824656393169514	0.024682470801725857	40.016666666666666	0.053050171618987174
Halobacteria	JAKCFM010000002.1_32	1	120	0.008333333333333333	0	2400	0.00020824656393169514	0.024682470801725857	40.016666666666666	0.053050171618987174
Halobacteria	NZ_KB913017.1_771	1	120	0.008333333333333333	0	2400	0.00020824656393169514	0.024682470801725857	40.016666666666666	0.053050171618987174
Halobacteria	JAKCFM010000002.1_29	1	120	0.008333333333333333	0	2400	0.00020824656393169514	0.024682470801725857	40.016666666666666	0.053050171618987174
Halobacteria	NZ_CP100000.1_3361	1	120	0.008333333333333333	3	2400	0.0014577259475218659	0.16058892618991924	5.716666666666667	0.2279920764026606
Halobacteria	JADKAQ010000003.1_107	1	120	0.008333333333333333	8	2400	0.003540191586838817	0.3466071661135069	2.353921568627451	0.3943930805593029
Halobacteria	s5a1_contig_1_942	1	120	0.008333333333333333	1	2400	0.0006247396917950854	0.07224926866638336	13.338888888888887	0.12152798180568289
Halobacteria	JAKCFM010000002.1_25	1	120	0.008333333333333333	0	2400	0.00020824656393169514	0.024682470801725857	40.016666666666666	0.053050171618987174
Halobacteria	NZ_CP035119.1_1933	1	120	0.008333333333333333	1	2400	0.0006247396917950854	0.07224926866638336	13.338888888888887	0.12152798180568289
Halobacteria	NZ_CP096659.1_2410	1	120	0.008333333333333333	0	2400	0.00020824656393169514	0.024682470801725857	40.016666666666666	0.053050171618987174
Halobacteria	NZ_CP096658.1_2448	1	120	0.008333333333333333	0	2400	0.00020824656393169514	0.024682470801725857	40.016666666666666	0.053050171618987174
Halobacteria	PXRK01000011.1_3	1	120	0.008333333333333333	8	2400	0.003540191586838817	0.3466071661135069	2.353921568627451	0.3943930805593029
Halobacteria	JADJWG010000001.1_844	1	120	0.008333333333333333	16	2400	0.0068721366097459395	0.562860545942409	1.2126262626262625	0.5806844632305852
Halobacteria	NZ_FOTC01000002.1_647	1	120	0.008333333333333333	7	2400	0.003123698458975427	0.3130065263885884	2.667777777777778	0.3740367564373286
Halobacteria	PXRE01000018.1_3	1	120	0.008333333333333333	8	2400	0.003540191586838817	0.3466071661135069	2.353921568627451	0.3943930805593029
Halobacteria	NZ_OBEJ01000004.1_4	1	120	0.008333333333333333	4	2400	0.001874219075385256	0.201577453347234	4.446296296296296	0.2706647367070235
Halobacteria	NZ_KB913017.1_3340	1	120	0.008333333333333333	0	2400	0.00020824656393169514	0.024682470801725857	40.016666666666666	0.053050171618987174
Halobacteria	NZ_ML974127.1_1410	1	120	0.008333333333333333	1	2400	0.0006247396917950854	0.07224926866638336	13.338888888888887	0.12152798180568289
Halobacteria	NZ_CP100000.1_372	1	120	0.008333333333333333	3	2400	0.0014577259475218659	0.16058892618991924	5.716666666666667	0.2279920764026606
Halobacteria	NZ_ML974139.1_29	1	120	0.008333333333333333	0	2400	0.00020824656393169514	0.024682470801725857	40.016666666666666	0.053050171618987174
Halobacteria	NZ_MWLL01000015.1_56	1	120	0.008333333333333333	2	2400	0.0010412328196584756	0.1175145993604339	8.003333333333334	0.18185384251027145
Halobacteria	LKNH01000122.1_2	1	120	0.008333333333333333	1	2400	0.0006247396917950854	0.07224926866638336	13.338888888888887	0.12152798180568289
Halobacteria	NZ_CVUA01000001.1_1749	1	120	0.008333333333333333	7	2400	0.003123698458975427	0.3130065263885884	2.667777777777778	0.3740367564373286
Halobacteria	NZ_PEND01000002.1_735	1	120	0.008333333333333333	4	2400	0.001874219075385256	0.201577453347234	4.446296296296296	0.2706647367070235
Halobacteria	NZ_PEND01000008.1_140	1	120	0.008333333333333333	6	2400	0.0027072053311120365	0.27769310829000654	3.0782051282051284	0.3472566344070991
Halobacteria	JADFQH010000228.1_5	1	120	0.008333333333333333	8	2400	0.003540191586838817	0.3466071661135069	2.353921568627451	0.3943930805593029
Halobacteria	NZ_JALIQP010000002.1_35	1	120	0.008333333333333333	0	2400	0.00020824656393169514	0.024682470801725857	40.016666666666666	0.053050171618987174
Halobacteria	NZ_JALIQP010000002.1_34	1	120	0.008333333333333333	0	2400	0.00020824656393169514	0.024682470801725857	40.016666666666666	0.053050171618987174
Halobacteria	NZ_JALIQP010000002.1_33	1	120	0.008333333333333333	0	2400	0.00020824656393169514	0.024682470801725857	40.016666666666666	0.053050171618987174
Halobacteria	NZ_JANHDP010000006.1_10	1	120	0.008333333333333333	6	2400	0.0027072053311120365	0.27769310829000654	3.0782051282051284	0.3472566344070991
Halobacteria	NZ_BBMP01000007.1_96	1	120	0.008333333333333333	10	2400	0.004373177842565598	0.40899581395308504	1.9055555555555554	0.4441551032227362
Halobacteria	NZ_JAJCVJ010000004.1_118	1	120	0.008333333333333333	7	2400	0.003123698458975427	0.3130065263885884	2.667777777777778	0.3740367564373286
Halobacteria	NZ_CP101156.1_2632	1	120	0.008333333333333333	2	2400	0.0010412328196584756	0.1175145993604339	8.003333333333334	0.18185384251027145
Halobacteria	PXRE01000026.1_7	1	120	0.008333333333333333	1	2400	0.0006247396917950854	0.07224926866638336	13.338888888888887	0.12152798180568289
Halobacteria	NZ_CP100355.1_2551	1	120	0.008333333333333333	0	2400	0.00020824656393169514	0.024682470801725857	40.016666666666666	0.053050171618987174
Halobacteria	NZ_CP095491.1_3772	1	120	0.008333333333333333	0	2400	0.00020824656393169514	0.024682470801725857	40.016666666666666	0.053050171618987174
Halobacteria	NZ_CP085335.1_293	1	120	0.008333333333333333	9	2400	0.003956684714702207	0.3785774366091882	2.106140350877193	0.42071711536999545
Halobacteria	NZ_CP085302.1_87	1	120	0.008333333333333333	5	2400	0.0022907122032486465	0.24058037425684958	3.6378787878787877	0.312199689025136
Halobacteria	NZ_JALXFV010000003.1_266	1	120	0.008333333333333333	15	2400	0.006455643481882549	0.5403033905696767	1.2908602150537634	0.5592772554559028
Halobacteria	NZ_CP100762.1_1196	1	120	0.008333333333333333	13	2400	0.005622657226155768	0.4916692008826852	1.4820987654320987	0.515086649832361
Halobacteria	NZ_CP095757.1_181	1	120	0.008333333333333333	20	2400	0.0085381091211995	0.6426258870257745	0.9760162601626016	0.6521072525720565
Halobacteria	CP094974.1_4727	1	120	0.008333333333333333	1	2400	0.0006247396917950854	0.07224926866638336	13.338888888888887	0.12152798180568289
Halobacteria	JAHENP010000061.1_5	1	120	0.008333333333333333	7	2400	0.003123698458975427	0.3130065263885884	2.667777777777778	0.3740367564373286
Halobacteria	JALDAN010000014.1_14	1	120	0.008333333333333333	7	2400	0.003123698458975427	0.3130065263885884	2.667777777777778	0.3740367564373286
Halobacteria	NZ_SBIT01000009.1_136	1	120	0.008333333333333333	0	2400	0.00020824656393169514	0.024682470801725857	40.016666666666666	0.053050171618987174
Halobacteria	NZ_SDIC01000004.1_289	1	120	0.008333333333333333	0	2400	0.00020824656393169514	0.024682470801725857	40.016666666666666	0.053050171618987174
Halobacteria	NZ_WUUT01000002.1_158	1	120	0.008333333333333333	7	2400	0.003123698458975427	0.3130065263885884	2.667777777777778	0.3740367564373286
Halobacteria	NZ_CP031310.1_1334	1	120	0.008333333333333333	4	2400	0.001874219075385256	0.201577453347234	4.446296296296296	0.2706647367070235
Halobacteria	PXRX01000018.1_27	1	120	0.008333333333333333	0	2400	0.00020824656393169514	0.024682470801725857	40.016666666666666	0.053050171618987174
Halobacteria	NZ_AOIQ01000009.1_148	1	120	0.008333333333333333	2	2400	0.0010412328196584756	0.1175145993604339	8.003333333333334	0.18185384251027145
Halobacteria	NZ_CP019067.1_1918	1	120	0.008333333333333333	3	2400	0.0014577259475218659	0.16058892618991924	5.716666666666667	0.2279920764026606
Halobacteria	NZ_CP084469.1_2367	1	120	0.008333333333333333	6	2400	0.0027072053311120365	0.27769310829000654	3.0782051282051284	0.3472566344070991
Halobacteria	NZ_LWHG01000029.1_183	1	120	0.008333333333333333	3	2400	0.0014577259475218659	0.16058892618991924	5.716666666666667	0.2279920764026606
Halobacteria	NZ_CP085302.1_141	1	120	0.008333333333333333	2	2400	0.0010412328196584756	0.1175145993604339	8.003333333333334	0.18185384251027145
Halobacteria	PXSA01000026.1_1	1	120	0.008333333333333333	0	2400	0.00020824656393169514	0.024682470801725857	40.016666666666666	0.053050171618987174
Halobacteria	NZ_AQXI01000001.1_27	1	120	0.008333333333333333	0	2400	0.00020824656393169514	0.024682470801725857	40.016666666666666	0.053050171618987174
Halobacteria	NZ_JDTH01000002.1_1251	1	120	0.008333333333333333	0	2400	0.00020824656393169514	0.024682470801725857	40.016666666666666	0.053050171618987174
Halobacteria	NZ_LWHG01000021.1_280	1	120	0.008333333333333333	0	2400	0.00020824656393169514	0.024682470801725857	40.016666666666666	0.053050171618987174
Halobacteria	NZ_CP099993.1_960	1	120	0.008333333333333333	0	2400	0.00020824656393169514	0.024682470801725857	40.016666666666666	0.053050171618987174
Halobacteria	JAKCFJ010000002.1_578	1	120	0.008333333333333333	6	2400	0.0027072053311120365	0.27769310829000654	3.0782051282051284	0.3472566344070991
Halobacteria	NC_017942.1_64	1	120	0.008333333333333333	3	2400	0.0014577259475218659	0.16058892618991924	5.716666666666667	0.2279920764026606
Halobacteria	NZ_NHSQ01000028.1_16	1	120	0.008333333333333333	4	2400	0.001874219075385256	0.201577453347234	4.446296296296296	0.2706647367070235
Halobacteria	NZ_WUUT01000004.1_61	1	120	0.008333333333333333	1	2400	0.0006247396917950854	0.07224926866638336	13.338888888888887	0.12152798180568289
Halobacteria	NZ_MWLL01000214.1_11	1	120	0.008333333333333333	1	2400	0.0006247396917950854	0.07224926866638336	13.338888888888887	0.12152798180568289
Halobacteria	CP060262.1_1763	1	120	0.008333333333333333	10	2400	0.004373177842565598	0.40899581395308504	1.9055555555555554	0.4441551032227362
Halobacteria	JALDAN010000013.1_29	1	120	0.008333333333333333	7	2400	0.003123698458975427	0.3130065263885884	2.667777777777778	0.3740367564373286
Halobacteria	NZ_JANJYH010000002.1_428	1	120	0.008333333333333333	4	2400	0.001874219075385256	0.201577453347234	4.446296296296296	0.2706647367070235
Halobacteria	NZ_CP095757.1_2724	1	120	0.008333333333333333	6	2400	0.0027072053311120365	0.27769310829000654	3.0782051282051284	0.3472566344070991
Halobacteria	JALDAN010000009.1_4	1	120	0.008333333333333333	12	2400	0.005206164098292378	0.46547223651053127	1.6006666666666667	0.49001243945581435
Halobacteria	NZ_FNYR01000016.1_11	1	120	0.008333333333333333	12	2400	0.005206164098292378	0.46547223651053127	1.6006666666666667	0.49001243945581435
Halobacteria	NZ_LWHG01000021.1_1033	1	120	0.008333333333333333	4	2400	0.001874219075385256	0.201577453347234	4.446296296296296	0.2706647367070235
Halobacteria	LKML01000064.1_7	1	120	0.008333333333333333	1	2400	0.0006247396917950854	0.07224926866638336	13.338888888888887	0.12152798180568289
Halobacteria	NZ_JALLPK010000001.1_3667	1	120	0.008333333333333333	12	2400	0.005206164098292378	0.46547223651053127	1.6006666666666667	0.49001243945581435
Halobacteria	NZ_CP095491.1_3251	1	120	0.008333333333333333	5	2400	0.0022907122032486465	0.24058037425684958	3.6378787878787877	0.312199689025136
Halobacteria	CP046181.1_1687	1	120	0.008333333333333333	1	2400	0.0006247396917950854	0.07224926866638336	13.338888888888887	0.12152798180568289
Halobacteria	NZ_OBEJ01000002.1_774	1	120	0.008333333333333333	4	2400	0.001874219075385256	0.201577453347234	4.446296296296296	0.2706647367070235
Halobacteria	NZ_CP095491.1_535	1	120	0.008333333333333333	1	2400	0.0006247396917950854	0.07224926866638336	13.338888888888887	0.12152798180568289
Halobacteria	CP071596.1_1796	1	120	0.008333333333333333	1	2400	0.0006247396917950854	0.07224926866638336	13.338888888888887	0.12152798180568289
Halobacteria	NZ_CP099993.1_1735	1	120	0.008333333333333333	1	2400	0.0006247396917950854	0.07224926866638336	13.338888888888887	0.12152798180568289
Halobacteria	PXRK01000001.1_4	1	120	0.008333333333333333	4	2400	0.001874219075385256	0.201577453347234	4.446296296296296	0.2706647367070235
Halobacteria	NZ_FNFE01000008.1_207	1	120	0.008333333333333333	0	2400	0.00020824656393169514	0.024682470801725857	40.016666666666666	0.053050171618987174
Halobacteria	NZ_CP031310.1_2890	1	120	0.008333333333333333	1	2400	0.0006247396917950854	0.07224926866638336	13.338888888888887	0.12152798180568289
Halobacteria	NZ_JALLPK010000001.1_3670	1	120	0.008333333333333333	4	2400	0.001874219075385256	0.201577453347234	4.446296296296296	0.2706647367070235
Halobacteria	NZ_CP101156.1_2930	1	120	0.008333333333333333	2	2400	0.0010412328196584756	0.1175145993604339	8.003333333333334	0.18185384251027145
Halobacteria	NZ_JAKUHT010000012.1_142	1	120	0.008333333333333333	1	2400	0.0006247396917950854	0.07224926866638336	13.338888888888887	0.12152798180568289
Halobacteria	NZ_BBMP01000023.1_89	1	120	0.008333333333333333	0	2400	0.00020824656393169514	0.024682470801725857	40.016666666666666	0.053050171618987174
Halobacteria	NZ_JALXFV010000003.1_227	1	120	0.008333333333333333	9	2400	0.003956684714702207	0.3785774366091882	2.106140350877193	0.42071711536999545
Halobacteria	NZ_QQTY01000001.1_55	1	120	0.008333333333333333	0	2400	0.00020824656393169514	0.024682470801725857	40.016666666666666	0.053050171618987174
Halobacteria	NZ_CP095757.1_1540	1	120	0.008333333333333333	5	2400	0.0022907122032486465	0.24058037425684958	3.6378787878787877	0.312199689025136
Halobacteria	NZ_JANHDP010000003.1_63	1	120	0.008333333333333333	0	2400	0.00020824656393169514	0.024682470801725857	40.016666666666666	0.053050171618987174
Halobacteria	NZ_CP100454.1_3303	1	120	0.008333333333333333	0	2400	0.00020824656393169514	0.024682470801725857	40.016666666666666	0.053050171618987174
Halobacteria	NZ_BBMP01000023.1_92	1	120	0.008333333333333333	0	2400	0.00020824656393169514	0.024682470801725857	40.016666666666666	0.053050171618987174
Halobacteria	NZ_BBMP01000023.1_93	1	120	0.008333333333333333	0	2400	0.00020824656393169514	0.024682470801725857	40.016666666666666	0.053050171618987174
Halobacteria	NZ_PHNJ01000002.1_441	1	120	0.008333333333333333	0	2400	0.00020824656393169514	0.024682470801725857	40.016666666666666	0.053050171618987174
Halobacteria	NZ_CP099546.1_1743	1	120	0.008333333333333333	8	2400	0.003540191586838817	0.3466071661135069	2.353921568627451	0.3943930805593029
Halobacteria	NZ_JAAAJC010000002.1_90	1	120	0.008333333333333333	0	2400	0.00020824656393169514	0.024682470801725857	40.016666666666666	0.053050171618987174
Halobacteria	NZ_MU078805.1_1	1	120	0.008333333333333333	9	2400	0.003956684714702207	0.3785774366091882	2.106140350877193	0.42071711536999545
Halobacteria	NZ_JAAAJC010000002.1_87	1	120	0.008333333333333333	0	2400	0.00020824656393169514	0.024682470801725857	40.016666666666666	0.053050171618987174
Halobacteria	CP060262.1_1709	1	120	0.008333333333333333	10	2400	0.004373177842565598	0.40899581395308504	1.9055555555555554	0.4441551032227362
Halobacteria	NZ_LIGX01000018.1_57	1	120	0.008333333333333333	10	2400	0.004373177842565598	0.40899581395308504	1.9055555555555554	0.4441551032227362
Halobacteria	NZ_CP095757.1_1378	1	120	0.008333333333333333	18	2400	0.0077051228654727195	0.6047335889800883	1.0815315315315315	0.6187274240969829
Halobacteria	NZ_PEND01000001.1_545	1	120	0.008333333333333333	12	2400	0.005206164098292378	0.46547223651053127	1.6006666666666667	0.49001243945581435
Halobacteria	NZ_CP095487.1_3386	1	120	0.008333333333333333	0	2400	0.00020824656393169514	0.024682470801725857	40.016666666666666	0.053050171618987174
Halobacteria	JAKBAE010000025.1_19	1	120	0.008333333333333333	4	2400	0.001874219075385256	0.201577453347234	4.446296296296296	0.2706647367070235
Halobacteria	PXRX01000012.1_61	1	120	0.008333333333333333	0	2400	0.00020824656393169514	0.024682470801725857	40.016666666666666	0.053050171618987174
Halobacteria	NZ_WUUT01000004.1_123	1	120	0.008333333333333333	0	2400	0.00020824656393169514	0.024682470801725857	40.016666666666666	0.053050171618987174
Halobacteria	JADKAQ010000001.1_354	1	120	0.008333333333333333	6	2400	0.0027072053311120365	0.27769310829000654	3.0782051282051284	0.3472566344070991
Halobacteria	NZ_CP067007.1_1349	1	120	0.008333333333333333	17	2400	0.007288629737609329	0.5843196024704109	1.1433333333333333	0.5988308508761331
Halobacteria	NZ_JALJCL010000007.1_39	1	120	0.008333333333333333	11	2400	0.004789670970428988	0.4379370273375208	1.739855072463768	0.46900176457080517
Halobacteria	LKML01000109.1_1	1	120	0.008333333333333333	1	2400	0.0006247396917950854	0.07224926866638336	13.338888888888887	0.12152798180568289
Halobacteria	ML241305.1_518	1	120	0.008333333333333333	1	2400	0.0006247396917950854	0.07224926866638336	13.338888888888887	0.12152798180568289
Halobacteria	NZ_OBEJ01000002.1_218	1	120	0.008333333333333333	0	2400	0.00020824656393169514	0.024682470801725857	40.016666666666666	0.053050171618987174
Halobacteria	NZ_JDTH01000002.1_753	1	120	0.008333333333333333	5	2400	0.0022907122032486465	0.24058037425684958	3.6378787878787877	0.312199689025136
Halobacteria	NZ_PEND01000007.1_233	1	120	0.008333333333333333	0	2400	0.00020824656393169514	0.024682470801725857	40.016666666666666	0.053050171618987174
Halobacteria	NZ_PEND01000007.1_232	1	120	0.008333333333333333	0	2400	0.00020824656393169514	0.024682470801725857	40.016666666666666	0.053050171618987174
Halobacteria	NZ_SDIC01000004.1_84	1	120	0.008333333333333333	0	2400	0.00020824656393169514	0.024682470801725857	40.016666666666666	0.053050171618987174
Halobacteria	NZ_PEND01000007.1_230	1	120	0.008333333333333333	5	2400	0.0022907122032486465	0.24058037425684958	3.6378787878787877	0.312199689025136
Halobacteria	NZ_CP085336.1_1071	1	120	0.008333333333333333	3	2400	0.0014577259475218659	0.16058892618991924	5.716666666666667	0.2279920764026606
Halobacteria	NZ_CP100445.1_2115	1	120	0.008333333333333333	5	2400	0.0022907122032486465	0.24058037425684958	3.6378787878787877	0.312199689025136
Halobacteria	NZ_PEND01000007.1_225	1	120	0.008333333333333333	0	2400	0.00020824656393169514	0.024682470801725857	40.016666666666666	0.053050171618987174
Halobacteria	NZ_CP044523.1_1173	1	120	0.008333333333333333	0	2400	0.00020824656393169514	0.024682470801725857	40.016666666666666	0.053050171618987174
Halobacteria	NZ_CP100454.1_40	1	120	0.008333333333333333	0	2400	0.00020824656393169514	0.024682470801725857	40.016666666666666	0.053050171618987174
Halobacteria	NZ_SDIC01000012.1_163	1	120	0.008333333333333333	0	2400	0.00020824656393169514	0.024682470801725857	40.016666666666666	0.053050171618987174
Halobacteria	NZ_JAJCVI010000008.1_47	1	120	0.008333333333333333	15	2400	0.006455643481882549	0.5403033905696767	1.2908602150537634	0.5592772554559028
Halobacteria	NZ_WUUT01000001.1_263	1	120	0.008333333333333333	10	2400	0.004373177842565598	0.40899581395308504	1.9055555555555554	0.4441551032227362
Halobacteria	NZ_FOTC01000003.1_297	1	120	0.008333333333333333	7	2400	0.003123698458975427	0.3130065263885884	2.667777777777778	0.3740367564373286
Halobacteria	NZ_JDTH01000002.1_1833	1	120	0.008333333333333333	1	2400	0.0006247396917950854	0.07224926866638336	13.338888888888887	0.12152798180568289
Halobacteria	NZ_QLVG01000056.1_9	1	120	0.008333333333333333	0	2400	0.00020824656393169514	0.024682470801725857	40.016666666666666	0.053050171618987174
Halobacteria	NZ_QLVG01000056.1_8	1	120	0.008333333333333333	0	2400	0.00020824656393169514	0.024682470801725857	40.016666666666666	0.053050171618987174
Halobacteria	NZ_AQXI01000001.1_885	1	120	0.008333333333333333	0	2400	0.00020824656393169514	0.024682470801725857	40.016666666666666	0.053050171618987174
Halobacteria	CAJWBY010000113.1_4	1	120	0.008333333333333333	1	2400	0.0006247396917950854	0.07224926866638336	13.338888888888887	0.12152798180568289
Halobacteria	PXRX01000012.1_65	1	120	0.008333333333333333	0	2400	0.00020824656393169514	0.024682470801725857	40.016666666666666	0.053050171618987174
Halobacteria	NZ_CP100762.1_216	1	120	0.008333333333333333	0	2400	0.00020824656393169514	0.024682470801725857	40.016666666666666	0.053050171618987174
Halobacteria	JAHENP010000151.1_6	1	120	0.008333333333333333	0	2400	0.00020824656393169514	0.024682470801725857	40.016666666666666	0.053050171618987174
Nitrososphaeria	NZ_JAALLS010000006.1_3	114	141	0.8085106382978723	9	2820	0.00336760014179369	8.151419750153444e-254	240.0851063829787	3.472504813565367e-251
Nitrososphaeria	NZ_CP017922.1_1594	101	141	0.7163120567375887	18	2820	0.006557958170861397	5.926781302210017e-186	109.22790875982365	1.2624044173707336e-183
Nitrososphaeria	NZ_CP030846.1_1193	92	141	0.6524822695035462	12	2820	0.004431052818149593	6.089923134810966e-179	147.2521985815603	8.647690851431571e-177
Nitrososphaeria	NZ_BBMP01000022.1_275	84	141	0.5957446808510638	14	2820	0.0051400212690535275	5.56151824322841e-153	115.90315480557592	5.9230169290382564e-151
Nitrososphaeria	RKRY01000155.1_10	82	141	0.5815602836879432	14	2820	0.0051400212690535275	4.245760180673117e-148	113.14355588163363	3.6173876739334957e-146
Nitrososphaeria	CAJQMY010000047.1_9	71	141	0.5035460992907801	14	2820	0.0051400212690535275	3.929104943871239e-122	97.96576179995107	2.3911410086987825e-120
Nitrososphaeria	NZ_CP072036.1_1276	71	141	0.5035460992907801	12	2820	0.004431052818149593	1.0942827052558762e-126	113.64028368794324	7.769407207316721e-125
Nitrososphaeria	NZ_MWLL01000170.1_8	61	141	0.4326241134751773	10	2820	0.0037220843672456576	2.56208957649973e-108	116.23167848699764	1.3643126994861061e-106
Nitrososphaeria	UYNY01000031.1_96	42	141	0.2978723404255319	12	2820	0.004431052818149593	1.3411357456528732e-63	67.22382978723404	6.3480425294236e-62
Nitrososphaeria	WHSX01000054.1_4	30	141	0.2127659574468085	2	2820	0.0008862105636299185	9.84412700744992e-62	240.08510638297872	4.193598105173666e-60
Nitrososphaeria	JAGQHF010000041.1_3	27	141	0.19148936170212766	4	2820	0.0015951790145338532	1.7200962879319775e-47	120.04255319148936	6.661463805991112e-46
Nitrososphaeria	NZ_CBTY010000008.1_463	20	141	0.14184397163120568	95	2820	0.03385324353066289	7.29086518723907e-08	4.189966952582526	1.634688720928339e-06
Nitrososphaeria	JOSY01000048.1_19	11	141	0.07801418439716312	2	2820	0.0008862105636299185	1.7519439666335156e-18	88.03120567375886	6.21940108154898e-17
Nitrososphaeria	DTTB01000133.1_19	8	141	0.05673758865248227	11	2820	0.004076568592697625	1.4918963652390058e-07	13.917977181621954	3.1777392579590824e-06
Nitrososphaeria	CACLNC010000005.1_16	7	141	0.04964539007092199	3	2820	0.0012406947890818859	7.394687581697334e-10	40.01418439716312	2.2500977927164746e-08
Nitrososphaeria	JACASW010000013.1_18	6	141	0.0425531914893617	2	2820	0.0008862105636299185	4.284345852303111e-09	48.01702127659574	1.1407070831757032e-07
Nitrososphaeria	NZ_CP026993.1_679	6	141	0.0425531914893617	2	2820	0.0008862105636299185	4.284345852303111e-09	48.01702127659574	1.1407070831757032e-07
Nitrososphaeria	JAJETY010000014.1_40	5	141	0.03546099290780142	13	2820	0.00478553704360156	0.0006328653222270391	7.4100341476228	0.005392012545374373
Nitrososphaeria	NZ_CP067007.1_662	5	141	0.03546099290780142	14	2820	0.0051400212690535275	0.0008694812524009014	6.8989973098557105	0.007262725755348706
Nitrososphaeria	NZ_CP017922.1_2058	5	141	0.03546099290780142	19	2820	0.0069124423963133645	0.003138708403703905	5.130023640661938	0.02122364730123593
Nitrososphaeria	JAHFUX010000006.1_8	5	141	0.03546099290780142	16	2820	0.005848989719957462	0.001532669736922516	6.062755211691382	0.012556102075557535
Nitrososphaeria	JACZSC010000088.1_6	5	141	0.03546099290780142	1	2820	0.0005317263381779511	1.730080463807043e-08	66.6903073286052	4.094523764343335e-07
Nitrososphaeria	PAAH01000002.1_7	5	141	0.03546099290780142	10	2820	0.0037220843672456576	0.000202936158306237	9.527186761229315	0.0026517850872575218
Nitrososphaeria	NZ_CP099997.1_1197	5	141	0.03546099290780142	22	2820	0.007975895072669267	0.005704375286737221	4.44602048857368	0.036269610032090394
Nitrososphaeria	NZ_QURE01000117.1_8	5	141	0.03546099290780142	23	2820	0.008330379298121233	0.006816778134704163	4.256828127357779	0.03742069649469501
Nitrososphaeria	NZ_RDFA01000003.1_60	5	141	0.03546099290780142	20	2820	0.007266926621765332	0.0038746641138516632	4.879778585019893	0.02539395250001244
Nitrososphaeria	JALDAN010000001.1_53	5	141	0.03546099290780142	20	2820	0.007266926621765332	0.0038746641138516632	4.879778585019893	0.02539395250001244
Nitrososphaeria	RKRY01000001.1_1	5	141	0.03546099290780142	22	2820	0.007975895072669267	0.005704375286737221	4.44602048857368	0.036269610032090394
Nitrososphaeria	JABJDB010000109.1_9	5	141	0.03546099290780142	0	2820	0.0001772421127259837	7.411274987579437e-11	200.07092198581563	2.428617803622185e-09
Nitrososphaeria	JAHEXS010000001.1_27	5	141	0.03546099290780142	10	2820	0.0037220843672456576	0.000202936158306237	9.527186761229315	0.0026517850872575218
Nitrososphaeria	NZ_CP100454.1_1650	4	141	0.028368794326241134	26	2820	0.009393831974477136	0.04476793426383687	3.0199384450689144	0.06668230767970107
Nitrososphaeria	JAHEFU010000237.1_6	4	141	0.028368794326241134	3	2820	0.0012406947890818859	3.2641708280180045e-05	22.865248226950353	0.0004966202759770249
Nitrososphaeria	JADDOQ010000060.1_9	4	141	0.028368794326241134	3	2820	0.0012406947890818859	3.2641708280180045e-05	22.865248226950353	0.0004966202759770249
Nitrososphaeria	JAEHKV010000059.1_17	4	141	0.028368794326241134	0	2820	0.0001772421127259837	1.5270869752781347e-08	160.05673758865248	3.8267003027557966e-07
Nitrososphaeria	JAHFUM010000012.1_38	4	141	0.028368794326241134	1	2820	0.0005317263381779511	1.1898666348289104e-06	53.35224586288416	2.413729459224361e-05
Nitrososphaeria	JADFLH010000008.1_14	4	141	0.028368794326241134	10	2820	0.0037220843672456576	0.002019721515038181	7.621749408983451	0.0162339880265333
Nitrososphaeria	JOSY01000060.1_11	3	141	0.02127659574468085	96	2820	0.03420772775611485	0.8642110824873221	0.621982140888546	0.8642110824873221
Nitrososphaeria	RKRU01000181.1_14	3	141	0.02127659574468085	17	2820	0.00620347394540943	0.058194562973356914	3.429787234042553	0.08637938615557508
Nitrososphaeria	JAAUVF010000019.1_1	3	141	0.02127659574468085	14	2820	0.0051400212690535275	0.036802383616083005	4.139398385913426	0.05539864106166558
Nitrososphaeria	JACZTB010000009.1_59	3	141	0.02127659574468085	15	2820	0.005494505494505495	0.04339024303177319	3.8723404255319145	0.06485699484749256
Nitrososphaeria	JACEMX010000015.1_16	3	141	0.02127659574468085	9	2820	0.00336760014179369	0.012371102120192965	6.318029115341545	0.03742069649469501
Nitrososphaeria	BFAR01000126.1_12	3	141	0.02127659574468085	0	2820	0.0001772421127259837	2.500050761155394e-06	120.04255319148936	4.0962370163546074e-05
Nitrososphaeria	JADDOW010000025.1_6	3	141	0.02127659574468085	0	2820	0.0001772421127259837	2.500050761155394e-06	120.04255319148936	4.0962370163546074e-05
Nitrososphaeria	UYNY01000031.1_155	3	141	0.02127659574468085	19	2820	0.0069124423963133645	0.0750598086611575	3.078014184397163	0.09838608766047105
Nitrososphaeria	JABFSW010000086.1_4	3	141	0.02127659574468085	0	2820	0.0001772421127259837	2.500050761155394e-06	120.04255319148936	4.0962370163546074e-05
Nitrososphaeria	WHTU01000034.1_33	3	141	0.02127659574468085	0	2820	0.0001772421127259837	2.500050761155394e-06	120.04255319148936	4.0962370163546074e-05
Nitrososphaeria	JAENJF010000025.1_8	3	141	0.02127659574468085	2	2820	0.0008862105636299185	0.0002904660640192642	24.00851063829787	0.0026517850872575218
Nitrososphaeria	JACZSC010000018.1_13	3	141	0.02127659574468085	12	2820	0.004431052818149593	0.02531460703165229	4.801702127659574	0.038241214877602396
Nitrososphaeria	QQVN01000005.1_406	3	141	0.02127659574468085	45	2820	0.016129032258064516	0.39769663300142744	1.3191489361702127	0.4435046221429531
Nitrososphaeria	NZ_JANHDJ010000006.1_208	3	141	0.02127659574468085	15	2820	0.005494505494505495	0.04339024303177319	3.8723404255319145	0.06485699484749256
Nitrososphaeria	NZ_CP011070.1_981	3	141	0.02127659574468085	0	2820	0.0001772421127259837	2.500050761155394e-06	120.04255319148936	4.0962370163546074e-05
Nitrososphaeria	JACENB010000156.1_1	2	141	0.014184397163120567	1	2820	0.0005317263381779511	0.0026567840961990675	26.67612293144208	0.018254677822271012
Nitrososphaeria	JACEMX010000158.1_7	2	141	0.014184397163120567	0	2820	0.0001772421127259837	0.0003050175335108417	80.02836879432624	0.0026517850872575218
Nitrososphaeria	CABXPS010000018.1_17	2	141	0.014184397163120567	0	2820	0.0001772421127259837	0.0003050175335108417	80.02836879432624	0.0026517850872575218
Nitrososphaeria	NZ_CP095487.1_2963	2	141	0.014184397163120567	19	2820	0.0069124423963133645	0.2548840982200788	2.0520094562647753	0.3041474113214386
Nitrososphaeria	DAMC01000063.1_8	2	141	0.014184397163120567	24	2820	0.008684863523573201	0.3465841515284137	1.6332320162107394	0.3990401312192007
Nitrososphaeria	JADDOQ010000132.1_1	2	141	0.014184397163120567	0	2820	0.0001772421127259837	0.0003050175335108417	80.02836879432624	0.0026517850872575218
Nitrososphaeria	JABJDB010000098.1_29	2	141	0.014184397163120567	1	2820	0.0005317263381779511	0.0026567840961990675	26.67612293144208	0.018254677822271012
Nitrososphaeria	NZ_MU078716.1_65	2	141	0.014184397163120567	3	2820	0.0012406947890818859	0.013553597322757767	11.432624113475176	0.03742069649469501
Nitrososphaeria	JABHJJ010000102.1_15	2	141	0.014184397163120567	8	2820	0.003013115916341723	0.0680945088062339	4.707551105548602	0.094995827045869
Nitrososphaeria	PFRJ01000057.1_1	2	141	0.014184397163120567	19	2820	0.0069124423963133645	0.2548840982200788	2.0520094562647753	0.3041474113214386
Nitrososphaeria	NZ_CP024808.1_958	2	141	0.014184397163120567	4	2820	0.0015951790145338532	0.021692030537249416	8.89204097714736	0.03742069649469501
Nitrososphaeria	NZ_MU078716.1_59	2	141	0.014184397163120567	0	2820	0.0001772421127259837	0.0003050175335108417	80.02836879432624	0.0026517850872575218
Nitrososphaeria	NZ_CP030846.1_823	2	141	0.014184397163120567	2	2820	0.0008862105636299185	0.007143288277434265	16.00567375886525	0.03742069649469501
Nitrososphaeria	PFRJ01000048.1_18	2	141	0.014184397163120567	2	2820	0.0008862105636299185	0.007143288277434265	16.00567375886525	0.03742069649469501
Nitrososphaeria	JAJNBK010000148.1_8	2	141	0.014184397163120567	2	2820	0.0008862105636299185	0.007143288277434265	16.00567375886525	0.03742069649469501
Nitrososphaeria	WHTU01000018.1_48	2	141	0.014184397163120567	0	2820	0.0001772421127259837	0.0003050175335108417	80.02836879432624	0.0026517850872575218
Nitrososphaeria	JACZUQ010000043.1_3	2	141	0.014184397163120567	0	2820	0.0001772421127259837	0.0003050175335108417	80.02836879432624	0.0026517850872575218
Nitrososphaeria	JACZUQ010000001.1_44	2	141	0.014184397163120567	3	2820	0.0012406947890818859	0.013553597322757767	11.432624113475176	0.03742069649469501
Nitrososphaeria	NZ_CP012850.1_3589	2	141	0.014184397163120567	0	2820	0.0001772421127259837	0.0003050175335108417	80.02836879432624	0.0026517850872575218
Nitrososphaeria	NC_018655.1_1232	2	141	0.014184397163120567	1	2820	0.0005317263381779511	0.0026567840961990675	26.67612293144208	0.018254677822271012
Nitrososphaeria	JOSY01000033.1_27	2	141	0.014184397163120567	0	2820	0.0001772421127259837	0.0003050175335108417	80.02836879432624	0.0026517850872575218
Nitrososphaeria	JAHELB010000056.1_1	2	141	0.014184397163120567	0	2820	0.0001772421127259837	0.0003050175335108417	80.02836879432624	0.0026517850872575218
Nitrososphaeria	JADDOQ010000026.1_25	2	141	0.014184397163120567	0	2820	0.0001772421127259837	0.0003050175335108417	80.02836879432624	0.0026517850872575218
Nitrososphaeria	WVWY01000007.1_5	2	141	0.014184397163120567	1	2820	0.0005317263381779511	0.0026567840961990675	26.67612293144208	0.018254677822271012
Nitrososphaeria	NZ_AEXL02000090.1_171	2	141	0.014184397163120567	1	2820	0.0005317263381779511	0.0026567840961990675	26.67612293144208	0.018254677822271012
Nitrososphaeria	NZ_CP026993.1_745	2	141	0.014184397163120567	0	2820	0.0001772421127259837	0.0003050175335108417	80.02836879432624	0.0026517850872575218
Nitrososphaeria	JADFLH010000023.1_17	2	141	0.014184397163120567	12	2820	0.004431052818149593	0.1298461960435457	3.2011347517730493	0.1646264271266383
Nitrososphaeria	CAJQSE010000009.1_91	2	141	0.014184397163120567	2	2820	0.0008862105636299185	0.007143288277434265	16.00567375886525	0.03742069649469501
Nitrososphaeria	PAAH01000002.1_1	2	141	0.014184397163120567	1	2820	0.0005317263381779511	0.0026567840961990675	26.67612293144208	0.018254677822271012
Nitrososphaeria	LDXL01000008.1_82	2	141	0.014184397163120567	3	2820	0.0012406947890818859	0.013553597322757767	11.432624113475176	0.03742069649469501
Nitrososphaeria	JADDOQ010000026.1_27	2	141	0.014184397163120567	0	2820	0.0001772421127259837	0.0003050175335108417	80.02836879432624	0.0026517850872575218
Nitrososphaeria	JACRND010000156.1_1	2	141	0.014184397163120567	0	2820	0.0001772421127259837	0.0003050175335108417	80.02836879432624	0.0026517850872575218
Nitrososphaeria	NZ_CP017922.1_2405	2	141	0.014184397163120567	1	2820	0.0005317263381779511	0.0026567840961990675	26.67612293144208	0.018254677822271012
Nitrososphaeria	NZ_CBTY010000008.1_444	2	141	0.014184397163120567	1	2820	0.0005317263381779511	0.0026567840961990675	26.67612293144208	0.018254677822271012
Nitrososphaeria	VMDM01000024.1_19	2	141	0.014184397163120567	2	2820	0.0008862105636299185	0.007143288277434265	16.00567375886525	0.03742069649469501
Nitrososphaeria	JACDHC010000052.1_6	2	141	0.014184397163120567	0	2820	0.0001772421127259837	0.0003050175335108417	80.02836879432624	0.0026517850872575218
Nitrososphaeria	NZ_CP026995.1_509	2	141	0.014184397163120567	15	2820	0.005494505494505495	0.1819296593552325	2.581560283687943	0.22464357937776536
Nitrososphaeria	NZ_AVSQ01000018.1_11	2	141	0.014184397163120567	0	2820	0.0001772421127259837	0.0003050175335108417	80.02836879432624	0.0026517850872575218
Nitrososphaeria	JACATG010000018.1_15	2	141	0.014184397163120567	2	2820	0.0008862105636299185	0.007143288277434265	16.00567375886525	0.03742069649469501
Nitrososphaeria	JOSY01000033.1_28	2	141	0.014184397163120567	1	2820	0.0005317263381779511	0.0026567840961990675	26.67612293144208	0.018254677822271012
Nitrososphaeria	JAENJF010000050.1_3	2	141	0.014184397163120567	0	2820	0.0001772421127259837	0.0003050175335108417	80.02836879432624	0.0026517850872575218
Nitrososphaeria	JAAUVF010000069.1_8	2	141	0.014184397163120567	0	2820	0.0001772421127259837	0.0003050175335108417	80.02836879432624	0.0026517850872575218
Nitrososphaeria	JAKAJY010000012.1_4	2	141	0.014184397163120567	0	2820	0.0001772421127259837	0.0003050175335108417	80.02836879432624	0.0026517850872575218
Nitrososphaeria	UYNY01000100.1_4	1	141	0.0070921985815602835	1	2820	0.0005317263381779511	0.07225034733066092	13.33806146572104	0.094995827045869
Nitrososphaeria	RKRU01000055.1_3	1	141	0.0070921985815602835	4	2820	0.0015951790145338532	0.20156349000526308	4.44602048857368	0.24533156212069165
Nitrososphaeria	REGH01000003.1_1	1	141	0.0070921985815602835	4	2820	0.0015951790145338532	0.20156349000526308	4.44602048857368	0.24533156212069165
Nitrososphaeria	NZ_MU078694.1_167	1	141	0.0070921985815602835	9	2820	0.00336760014179369	0.37850843556346614	2.1060097051138484	0.4232141562993086
Nitrososphaeria	JACERO010000006.1_33	1	141	0.0070921985815602835	4	2820	0.0015951790145338532	0.20156349000526308	4.44602048857368	0.24533156212069165
Nitrososphaeria	BFAR01000126.1_13	1	141	0.0070921985815602835	0	2820	0.0001772421127259837	0.02468360496481056	40.01418439716312	0.03742069649469501
Nitrososphaeria	JACERO010000059.1_3	1	141	0.0070921985815602835	0	2820	0.0001772421127259837	0.02468360496481056	40.01418439716312	0.03742069649469501
Nitrososphaeria	JAHEXS010000012.1_1	1	141	0.0070921985815602835	1	2820	0.0005317263381779511	0.07225034733066092	13.33806146572104	0.094995827045869
Nitrososphaeria	JABSRD010000008.1_93	1	141	0.0070921985815602835	0	2820	0.0001772421127259837	0.02468360496481056	40.01418439716312	0.03742069649469501
Nitrososphaeria	JABSRD010000008.1_92	1	141	0.0070921985815602835	0	2820	0.0001772421127259837	0.02468360496481056	40.01418439716312	0.03742069649469501
Nitrososphaeria	JABSRD010000008.1_91	1	141	0.0070921985815602835	0	2820	0.0001772421127259837	0.02468360496481056	40.01418439716312	0.03742069649469501
Nitrososphaeria	JABSRD010000008.1_90	1	141	0.0070921985815602835	0	2820	0.0001772421127259837	0.02468360496481056	40.01418439716312	0.03742069649469501
Nitrososphaeria	JABSRD010000008.1_89	1	141	0.0070921985815602835	0	2820	0.0001772421127259837	0.02468360496481056	40.01418439716312	0.03742069649469501
Nitrososphaeria	JABSRD010000008.1_88	1	141	0.0070921985815602835	0	2820	0.0001772421127259837	0.02468360496481056	40.01418439716312	0.03742069649469501
Nitrososphaeria	NZ_MWLL01000260.1_1	1	141	0.0070921985815602835	0	2820	0.0001772421127259837	0.02468360496481056	40.01418439716312	0.03742069649469501
Nitrososphaeria	VYCS01000002.1_37	1	141	0.0070921985815602835	0	2820	0.0001772421127259837	0.02468360496481056	40.01418439716312	0.03742069649469501
Nitrososphaeria	JACNFV010000112.1_12	1	141	0.0070921985815602835	0	2820	0.0001772421127259837	0.02468360496481056	40.01418439716312	0.03742069649469501
Nitrososphaeria	JACERO010000059.1_1	1	141	0.0070921985815602835	0	2820	0.0001772421127259837	0.02468360496481056	40.01418439716312	0.03742069649469501
Nitrososphaeria	NZ_CP021324.1_820	1	141	0.0070921985815602835	1	2820	0.0005317263381779511	0.07225034733066092	13.33806146572104	0.094995827045869
Nitrososphaeria	NZ_LQMW01000023.1_68	1	141	0.0070921985815602835	14	2820	0.0051400212690535275	0.5164555349545848	1.379799461971142	0.5500251447266329
Nitrososphaeria	JOSY01000051.1_17	1	141	0.0070921985815602835	7	2820	0.0026586316908897554	0.3129624086547611	2.667612293144208	0.36426772154898424
Nitrososphaeria	JAGQHF010000208.1_3	1	141	0.0070921985815602835	0	2820	0.0001772421127259837	0.02468360496481056	40.01418439716312	0.03742069649469501
Nitrososphaeria	PFRJ01000029.1_12	1	141	0.0070921985815602835	0	2820	0.0001772421127259837	0.02468360496481056	40.01418439716312	0.03742069649469501
Nitrososphaeria	NZ_CP026994.1_1238	1	141	0.0070921985815602835	0	2820	0.0001772421127259837	0.02468360496481056	40.01418439716312	0.03742069649469501
Nitrososphaeria	LFEZ01000001.1_15	1	141	0.0070921985815602835	1	2820	0.0005317263381779511	0.07225034733066092	13.33806146572104	0.094995827045869
Nitrososphaeria	JAENJF010000012.1_12	1	141	0.0070921985815602835	1	2820	0.0005317263381779511	0.07225034733066092	13.33806146572104	0.094995827045869
Nitrososphaeria	NZ_CP011070.1_977	1	141	0.0070921985815602835	8	2820	0.003013115916341723	0.34655093642920287	2.353775552774301	0.3990401312192007
Nitrososphaeria	NZ_CP024808.1_1594	1	141	0.0070921985815602835	2	2820	0.0008862105636299185	0.11751288489749241	8.002836879432625	0.14943429542188585
Nitrososphaeria	DTTB01000137.1_7	1	141	0.0070921985815602835	0	2820	0.0001772421127259837	0.02468360496481056	40.01418439716312	0.03742069649469501
Nitrososphaeria	JADNRU010000010.1_20	1	141	0.0070921985815602835	5	2820	0.0019496632399858206	0.2405576380801802	3.637653127014829	0.2886691656962162
Nitrososphaeria	JAGXTE010000041.1_15	1	141	0.0070921985815602835	5	2820	0.0019496632399858206	0.2405576380801802	3.637653127014829	0.2886691656962162
Nitrososphaeria	JABJDB010000060.1_7	1	141	0.0070921985815602835	0	2820	0.0001772421127259837	0.02468360496481056	40.01418439716312	0.03742069649469501
Nitrososphaeria	JABJDB010000060.1_1	1	141	0.0070921985815602835	0	2820	0.0001772421127259837	0.02468360496481056	40.01418439716312	0.03742069649469501
Nitrososphaeria	NZ_AEXL02000052.1_4	1	141	0.0070921985815602835	0	2820	0.0001772421127259837	0.02468360496481056	40.01418439716312	0.03742069649469501
Nitrososphaeria	CAJQSS010000005.1_78	1	141	0.0070921985815602835	0	2820	0.0001772421127259837	0.02468360496481056	40.01418439716312	0.03742069649469501
Nitrososphaeria	CACLNC010000019.1_22	1	141	0.0070921985815602835	0	2820	0.0001772421127259837	0.02468360496481056	40.01418439716312	0.03742069649469501
Nitrososphaeria	JAHFUM010000007.1_8	1	141	0.0070921985815602835	9	2820	0.00336760014179369	0.37850843556346614	2.1060097051138484	0.4232141562993086
Nitrososphaeria	JACDHC010000109.1_1	1	141	0.0070921985815602835	0	2820	0.0001772421127259837	0.02468360496481056	40.01418439716312	0.03742069649469501
Nitrososphaeria	NZ_CP011070.1_980	1	141	0.0070921985815602835	0	2820	0.0001772421127259837	0.02468360496481056	40.01418439716312	0.03742069649469501
Nitrososphaeria	REGJ01000004.1_65	1	141	0.0070921985815602835	0	2820	0.0001772421127259837	0.02468360496481056	40.01418439716312	0.03742069649469501
Nitrososphaeria	REGJ01000004.1_64	1	141	0.0070921985815602835	0	2820	0.0001772421127259837	0.02468360496481056	40.01418439716312	0.03742069649469501
Nitrososphaeria	JABMOR010000028.1_21	1	141	0.0070921985815602835	1	2820	0.0005317263381779511	0.07225034733066092	13.33806146572104	0.094995827045869
Nitrososphaeria	JABMOR010000028.1_20	1	141	0.0070921985815602835	1	2820	0.0005317263381779511	0.07225034733066092	13.33806146572104	0.094995827045869
Nitrososphaeria	JACZUQ010000043.1_1	1	141	0.0070921985815602835	0	2820	0.0001772421127259837	0.02468360496481056	40.01418439716312	0.03742069649469501
Nitrososphaeria	JABGTD010000004.1_38	1	141	0.0070921985815602835	0	2820	0.0001772421127259837	0.02468360496481056	40.01418439716312	0.03742069649469501
Nitrososphaeria	DP000238.1_272	1	141	0.0070921985815602835	0	2820	0.0001772421127259837	0.02468360496481056	40.01418439716312	0.03742069649469501
Nitrososphaeria	NC_018655.1_1138	1	141	0.0070921985815602835	0	2820	0.0001772421127259837	0.02468360496481056	40.01418439716312	0.03742069649469501
Nitrososphaeria	DTTB01000137.1_8	1	141	0.0070921985815602835	0	2820	0.0001772421127259837	0.02468360496481056	40.01418439716312	0.03742069649469501
Nitrososphaeria	RHFA01000084.1_2	1	141	0.0070921985815602835	17	2820	0.00620347394540943	0.5841431368084016	1.1432624113475176	0.6084229248909024
Nitrososphaeria	NC_018655.1_1221	1	141	0.0070921985815602835	1	2820	0.0005317263381779511	0.07225034733066092	13.33806146572104	0.094995827045869
Nitrososphaeria	PBZV01000007.1_30	1	141	0.0070921985815602835	0	2820	0.0001772421127259837	0.02468360496481056	40.01418439716312	0.03742069649469501
Nitrososphaeria	NZ_CP100355.1_1076	1	141	0.0070921985815602835	13	2820	0.00478553704360156	0.49154595382022037	1.4820068295245599	0.5287842836550856
Nitrososphaeria	CACLNC010000026.1_3	1	141	0.0070921985815602835	0	2820	0.0001772421127259837	0.02468360496481056	40.01418439716312	0.03742069649469501
Nitrososphaeria	NZ_JALIQP010000001.1_930	1	141	0.0070921985815602835	12	2820	0.004431052818149593	0.46536273060343436	1.6005673758865246	0.5083192903514436
Nitrososphaeria	NZ_MWLL01000079.1_22	1	141	0.0070921985815602835	16	2820	0.005848989719957462	0.5626969515688873	1.2125510423382762	0.5904160132225271
Nitrososphaeria	NSIR01000003.1_19	1	141	0.0070921985815602835	20	2820	0.007266926621765332	0.6424134215362758	0.9759557170039784	0.6626346672504927
Nitrososphaeria	JAATVR010000297.1_1	1	141	0.0070921985815602835	15	2820	0.005494505494505495	0.5401530072773202	1.2907801418439715	0.5709805982633707
Nitrososphaeria	UYNY01000031.1_108	1	141	0.0070921985815602835	0	2820	0.0001772421127259837	0.02468360496481056	40.01418439716312	0.03742069649469501
Nitrososphaeria	JAHRAJ010000036.1_6	1	141	0.0070921985815602835	0	2820	0.0001772421127259837	0.02468360496481056	40.01418439716312	0.03742069649469501
Nitrososphaeria	JAFAQB010000403.1_16	1	141	0.0070921985815602835	21	2820	0.007621410847217299	0.6599745842771875	0.9305624278410027	0.6758393579376968
Nitrososphaeria	UYNY01000006.1_25	1	141	0.0070921985815602835	16	2820	0.005848989719957462	0.5626969515688873	1.2125510423382762	0.5904160132225271
Nitrososphaeria	JAJNBK010000204.1_1	1	141	0.0070921985815602835	0	2820	0.0001772421127259837	0.02468360496481056	40.01418439716312	0.03742069649469501
Nitrososphaeria	NZ_BGKI01000004.1_104	1	141	0.0070921985815602835	2	2820	0.0008862105636299185	0.11751288489749241	8.002836879432625	0.14943429542188585
Nitrososphaeria	LDXL01000008.1_182	1	141	0.0070921985815602835	0	2820	0.0001772421127259837	0.02468360496481056	40.01418439716312	0.03742069649469501
Nitrososphaeria	SCUP01000259.1_3	1	141	0.0070921985815602835	0	2820	0.0001772421127259837	0.02468360496481056	40.01418439716312	0.03742069649469501
Nitrososphaeria	NZ_LQMW01000023.1_128	1	141	0.0070921985815602835	3	2820	0.0012406947890818859	0.16058207806006342	5.716312056737588	0.19886036410926458
Nitrososphaeria	NZ_CP085329.1_203	1	141	0.0070921985815602835	0	2820	0.0001772421127259837	0.02468360496481056	40.01418439716312	0.03742069649469501
Nitrososphaeria	WHSX01000035.1_19	1	141	0.0070921985815602835	0	2820	0.0001772421127259837	0.02468360496481056	40.01418439716312	0.03742069649469501
Nitrososphaeria	WHSX01000035.1_18	1	141	0.0070921985815602835	0	2820	0.0001772421127259837	0.02468360496481056	40.01418439716312	0.03742069649469501
Nitrososphaeria	WHSX01000035.1_17	1	141	0.0070921985815602835	0	2820	0.0001772421127259837	0.02468360496481056	40.01418439716312	0.03742069649469501
Nitrososphaeria	WHSX01000035.1_16	1	141	0.0070921985815602835	0	2820	0.0001772421127259837	0.02468360496481056	40.01418439716312	0.03742069649469501
Nitrososphaeria	WHSX01000035.1_15	1	141	0.0070921985815602835	0	2820	0.0001772421127259837	0.02468360496481056	40.01418439716312	0.03742069649469501
Nitrososphaeria	JADDOW010000097.1_11	1	141	0.0070921985815602835	0	2820	0.0001772421127259837	0.02468360496481056	40.01418439716312	0.03742069649469501
Nitrososphaeria	DP000238.1_1056	1	141	0.0070921985815602835	18	2820	0.006557958170861397	0.6045446542052628	1.0814644431665708	0.6266083277164037
Nitrososphaeria	WHSX01000035.1_11	1	141	0.0070921985815602835	0	2820	0.0001772421127259837	0.02468360496481056	40.01418439716312	0.03742069649469501
Nitrososphaeria	JAGQHF010000081.1_8	1	141	0.0070921985815602835	13	2820	0.00478553704360156	0.49154595382022037	1.4820068295245599	0.5287842836550856
Nitrososphaeria	JAKUOP010000009.1_20	1	141	0.0070921985815602835	1	2820	0.0005317263381779511	0.07225034733066092	13.33806146572104	0.094995827045869
Nitrososphaeria	UYNY01000108.1_8	1	141	0.0070921985815602835	9	2820	0.00336760014179369	0.37850843556346614	2.1060097051138484	0.4232141562993086
Nitrososphaeria	JACATG010000004.1_29	1	141	0.0070921985815602835	9	2820	0.00336760014179369	0.37850843556346614	2.1060097051138484	0.4232141562993086
Nitrososphaeria	LDXL01000001.1_53	1	141	0.0070921985815602835	9	2820	0.00336760014179369	0.37850843556346614	2.1060097051138484	0.4232141562993086
Nitrososphaeria	NZ_MWLL01000176.1_49	1	141	0.0070921985815602835	9	2820	0.00336760014179369	0.37850843556346614	2.1060097051138484	0.4232141562993086
Nitrososphaeria	VYCS01000036.1_26	1	141	0.0070921985815602835	0	2820	0.0001772421127259837	0.02468360496481056	40.01418439716312	0.03742069649469501
Nitrososphaeria	VXON01000101.1_5	1	141	0.0070921985815602835	0	2820	0.0001772421127259837	0.02468360496481056	40.01418439716312	0.03742069649469501
Nitrososphaeria	VXON01000101.1_4	1	141	0.0070921985815602835	0	2820	0.0001772421127259837	0.02468360496481056	40.01418439716312	0.03742069649469501
Nitrososphaeria	VYCS01000042.1_25	1	141	0.0070921985815602835	1	2820	0.0005317263381779511	0.07225034733066092	13.33806146572104	0.094995827045869
Nitrososphaeria	VXON01000101.1_2	1	141	0.0070921985815602835	0	2820	0.0001772421127259837	0.02468360496481056	40.01418439716312	0.03742069649469501
Nitrososphaeria	SKKJ01000115.1_1	1	141	0.0070921985815602835	0	2820	0.0001772421127259837	0.02468360496481056	40.01418439716312	0.03742069649469501
Nitrososphaeria	NZ_KB913017.1_3342	1	141	0.0070921985815602835	7	2820	0.0026586316908897554	0.3129624086547611	2.667612293144208	0.36426772154898424
Nitrososphaeria	QOOS01000012.1_25	1	141	0.0070921985815602835	9	2820	0.00336760014179369	0.37850843556346614	2.1060097051138484	0.4232141562993086
Nitrososphaeria	DP000238.1_1161	1	141	0.0070921985815602835	9	2820	0.00336760014179369	0.37850843556346614	2.1060097051138484	0.4232141562993086
Nitrososphaeria	VYCS01000011.1_6	1	141	0.0070921985815602835	0	2820	0.0001772421127259837	0.02468360496481056	40.01418439716312	0.03742069649469501
Nitrososphaeria	VYCS01000011.1_5	1	141	0.0070921985815602835	0	2820	0.0001772421127259837	0.02468360496481056	40.01418439716312	0.03742069649469501
Nitrososphaeria	RKRU01000176.1_4	1	141	0.0070921985815602835	1	2820	0.0005317263381779511	0.07225034733066092	13.33806146572104	0.094995827045869
Nitrososphaeria	NZ_CBTY010000009.1_556	1	141	0.0070921985815602835	7	2820	0.0026586316908897554	0.3129624086547611	2.667612293144208	0.36426772154898424
Nitrososphaeria	RKRU01000084.1_12	1	141	0.0070921985815602835	0	2820	0.0001772421127259837	0.02468360496481056	40.01418439716312	0.03742069649469501
Nitrososphaeria	RKRU01000084.1_11	1	141	0.0070921985815602835	0	2820	0.0001772421127259837	0.02468360496481056	40.01418439716312	0.03742069649469501
Nitrososphaeria	NZ_QURE01000026.1_4	1	141	0.0070921985815602835	28	2820	0.010102800425381071	0.7611069670867324	0.7020032350379495	0.7628978070092894
Nitrososphaeria	NZ_CP067007.1_736	1	141	0.0070921985815602835	28	2820	0.010102800425381071	0.7611069670867324	0.7020032350379495	0.7628978070092894
Nitrososphaeria	DAMC01000056.1_10	1	141	0.0070921985815602835	25	2820	0.009039347749025168	0.7220581960393275	0.7845918509247671	0.7306337090564217
Nitrososphaeria	RKRU01000084.1_3	1	141	0.0070921985815602835	0	2820	0.0001772421127259837	0.02468360496481056	40.01418439716312	0.03742069649469501
Nitrososphaeria	RKRU01000084.1_2	1	141	0.0070921985815602835	0	2820	0.0001772421127259837	0.02468360496481056	40.01418439716312	0.03742069649469501
Nitrososphaeria	RKRU01000084.1_1	1	141	0.0070921985815602835	0	2820	0.0001772421127259837	0.02468360496481056	40.01418439716312	0.03742069649469501
Nitrososphaeria	RHFA01000008.1_4	1	141	0.0070921985815602835	17	2820	0.00620347394540943	0.5841431368084016	1.1432624113475176	0.6084229248909024
Nitrososphaeria	WHSX01000035.1_9	1	141	0.0070921985815602835	0	2820	0.0001772421127259837	0.02468360496481056	40.01418439716312	0.03742069649469501
Nitrososphaeria	WHTU01000011.1_65	1	141	0.0070921985815602835	3	2820	0.0012406947890818859	0.16058207806006342	5.716312056737588	0.19886036410926458
Nitrososphaeria	DRGT01000093.1_17	1	141	0.0070921985815602835	0	2820	0.0001772421127259837	0.02468360496481056	40.01418439716312	0.03742069649469501
Nitrososphaeria	WHTU01000019.1_56	1	141	0.0070921985815602835	13	2820	0.00478553704360156	0.49154595382022037	1.4820068295245599	0.5287842836550856
Nitrososphaeria	JACZTB010000009.1_8	1	141	0.0070921985815602835	7	2820	0.0026586316908897554	0.3129624086547611	2.667612293144208	0.36426772154898424
Nitrososphaeria	NZ_MU078694.1_491	1	141	0.0070921985815602835	13	2820	0.00478553704360156	0.49154595382022037	1.4820068295245599	0.5287842836550856
Nitrososphaeria	UYNY01000031.1_104	1	141	0.0070921985815602835	8	2820	0.003013115916341723	0.34655093642920287	2.353775552774301	0.3990401312192007
Nitrososphaeria	RHFD01000071.1_7	1	141	0.0070921985815602835	3	2820	0.0012406947890818859	0.16058207806006342	5.716312056737588	0.19886036410926458
Nitrososphaeria	LFEY01000002.1_42	1	141	0.0070921985815602835	6	2820	0.002304147465437788	0.27766023331496603	3.078014184397163	0.3294798311759764
Nitrososphaeria	NZ_MU078694.1_497	1	141	0.0070921985815602835	7	2820	0.0026586316908897554	0.3129624086547611	2.667612293144208	0.36426772154898424
Nitrososphaeria	JABMOR010000033.1_39	1	141	0.0070921985815602835	5	2820	0.0019496632399858206	0.2405576380801802	3.637653127014829	0.2886691656962162
Nitrososphaeria	LFEY01000002.1_39	1	141	0.0070921985815602835	0	2820	0.0001772421127259837	0.02468360496481056	40.01418439716312	0.03742069649469501
Nitrososphaeria	PFRJ01000077.1_9	1	141	0.0070921985815602835	0	2820	0.0001772421127259837	0.02468360496481056	40.01418439716312	0.03742069649469501
Nitrososphaeria	NZ_BGKI01000007.1_73	1	141	0.0070921985815602835	1	2820	0.0005317263381779511	0.07225034733066092	13.33806146572104	0.094995827045869
Nitrososphaeria	LFLC01000008.1_87	1	141	0.0070921985815602835	1	2820	0.0005317263381779511	0.07225034733066092	13.33806146572104	0.094995827045869
Nitrososphaeria	CP060262.1_2190	1	141	0.0070921985815602835	18	2820	0.006557958170861397	0.6045446542052628	1.0814644431665708	0.6266083277164037
Nitrososphaeria	NZ_AVSQ01000012.1_117	1	141	0.0070921985815602835	9	2820	0.00336760014179369	0.37850843556346614	2.1060097051138484	0.4232141562993086
Nitrososphaeria	JAGQHE010000038.1_17	1	141	0.0070921985815602835	0	2820	0.0001772421127259837	0.02468360496481056	40.01418439716312	0.03742069649469501
Nitrososphaeria	JAHRAL010000125.1_23	1	141	0.0070921985815602835	0	2820	0.0001772421127259837	0.02468360496481056	40.01418439716312	0.03742069649469501
Nitrososphaeria	JAATVP010000109.1_14	1	141	0.0070921985815602835	27	2820	0.009748316199929103	0.7487372404183574	0.7275306254029659	0.7558342758725599
Nitrososphaeria	NZ_JAKUHT010000001.1_220	1	141	0.0070921985815602835	23	2820	0.008330379298121233	0.6925685627975848	0.8513656254715558	0.7041389206486185
Nitrososphaeria	JAEMQG010000077.1_13	1	141	0.0070921985815602835	7	2820	0.0026586316908897554	0.3129624086547611	2.667612293144208	0.36426772154898424
Nitrososphaeria	PFRJ01000115.1_14	1	141	0.0070921985815602835	8	2820	0.003013115916341723	0.34655093642920287	2.353775552774301	0.3990401312192007
Nitrososphaeria	JAJETY010000012.1_30	1	141	0.0070921985815602835	1	2820	0.0005317263381779511	0.07225034733066092	13.33806146572104	0.094995827045869
Nitrososphaeria	NZ_MU078695.1_20	1	141	0.0070921985815602835	3	2820	0.0012406947890818859	0.16058207806006342	5.716312056737588	0.19886036410926458
Nitrososphaeria	LDXL01000008.1_183	1	141	0.0070921985815602835	0	2820	0.0001772421127259837	0.02468360496481056	40.01418439716312	0.03742069649469501
Nitrososphaeria	JACZUQ010000014.1_5	1	141	0.0070921985815602835	22	2820	0.007975895072669267	0.6766791310555011	0.889204097714736	0.69128371661785
Nitrososphaeria	DRGT01000093.1_18	1	141	0.0070921985815602835	11	2820	0.004076568592697625	0.4378412318686412	1.7397471477027442	0.4819647668631554
Nitrososphaeria	WHSX01000035.1_7	1	141	0.0070921985815602835	0	2820	0.0001772421127259837	0.02468360496481056	40.01418439716312	0.03742069649469501
Nitrososphaeria	DRGT01000093.1_23	1	141	0.0070921985815602835	0	2820	0.0001772421127259837	0.02468360496481056	40.01418439716312	0.03742069649469501
Nitrososphaeria	NZ_CP012850.1_238	1	141	0.0070921985815602835	0	2820	0.0001772421127259837	0.02468360496481056	40.01418439716312	0.03742069649469501
Nitrososphaeria	JACZUQ010000043.1_4	1	141	0.0070921985815602835	0	2820	0.0001772421127259837	0.02468360496481056	40.01418439716312	0.03742069649469501
Nitrososphaeria	RHFB01000010.1_2	1	141	0.0070921985815602835	0	2820	0.0001772421127259837	0.02468360496481056	40.01418439716312	0.03742069649469501
Nitrososphaeria	RHFD01000056.1_26	1	141	0.0070921985815602835	0	2820	0.0001772421127259837	0.02468360496481056	40.01418439716312	0.03742069649469501
Nitrososphaeria	JAHRAJ010000053.1_11	1	141	0.0070921985815602835	0	2820	0.0001772421127259837	0.02468360496481056	40.01418439716312	0.03742069649469501
Nitrososphaeria	CABXQD010000010.1_29	1	141	0.0070921985815602835	14	2820	0.0051400212690535275	0.5164555349545848	1.379799461971142	0.5500251447266329
Nitrososphaeria	JAHRAJ010000053.1_5	1	141	0.0070921985815602835	1	2820	0.0005317263381779511	0.07225034733066092	13.33806146572104	0.094995827045869
Nitrososphaeria	JAHRAJ010000053.1_4	1	141	0.0070921985815602835	1	2820	0.0005317263381779511	0.07225034733066092	13.33806146572104	0.094995827045869
Nitrososphaeria	JAHRAJ010000053.1_3	1	141	0.0070921985815602835	0	2820	0.0001772421127259837	0.02468360496481056	40.01418439716312	0.03742069649469501
Nitrososphaeria	JAHRAJ010000053.1_2	1	141	0.0070921985815602835	1	2820	0.0005317263381779511	0.07225034733066092	13.33806146572104	0.094995827045869
Nitrososphaeria	JAHRAJ010000053.1_1	1	141	0.0070921985815602835	1	2820	0.0005317263381779511	0.07225034733066092	13.33806146572104	0.094995827045869
Nitrososphaeria	JALDAN010000032.1_9	1	141	0.0070921985815602835	15	2820	0.005494505494505495	0.5401530072773202	1.2907801418439715	0.5709805982633707
Nitrososphaeria	JAKUOP010000001.1_23	1	141	0.0070921985815602835	3	2820	0.0012406947890818859	0.16058207806006342	5.716312056737588	0.19886036410926458
Nitrososphaeria	CP060262.1_850	1	141	0.0070921985815602835	15	2820	0.005494505494505495	0.5401530072773202	1.2907801418439715	0.5709805982633707
Nitrososphaeria	RKSK01000014.1_3	1	141	0.0070921985815602835	11	2820	0.004076568592697625	0.4378412318686412	1.7397471477027442	0.4819647668631554
Nitrososphaeria	DP000238.1_1680	1	141	0.0070921985815602835	14	2820	0.0051400212690535275	0.5164555349545848	1.379799461971142	0.5500251447266329
Nitrososphaeria	JADFJY010000033.1_13	1	141	0.0070921985815602835	0	2820	0.0001772421127259837	0.02468360496481056	40.01418439716312	0.03742069649469501
Nitrososphaeria	NC_018656.1_730	1	141	0.0070921985815602835	2	2820	0.0008862105636299185	0.11751288489749241	8.002836879432625	0.14943429542188585
Nitrososphaeria	SCVO01000120.1_1	1	141	0.0070921985815602835	0	2820	0.0001772421127259837	0.02468360496481056	40.01418439716312	0.03742069649469501
Nitrososphaeria	NVWC01000007.1_50	1	141	0.0070921985815602835	1	2820	0.0005317263381779511	0.07225034733066092	13.33806146572104	0.094995827045869
Nitrososphaeria	DRGT01000093.1_26	1	141	0.0070921985815602835	0	2820	0.0001772421127259837	0.02468360496481056	40.01418439716312	0.03742069649469501
Nitrososphaeria	DRGT01000093.1_25	1	141	0.0070921985815602835	0	2820	0.0001772421127259837	0.02468360496481056	40.01418439716312	0.03742069649469501
Nitrososphaeria	DRGT01000093.1_24	1	141	0.0070921985815602835	0	2820	0.0001772421127259837	0.02468360496481056	40.01418439716312	0.03742069649469501
Nitrososphaeria	JABMOR010000089.1_2	1	141	0.0070921985815602835	2	2820	0.0008862105636299185	0.11751288489749241	8.002836879432625	0.14943429542188585
Nitrososphaeria	RHFD01000020.1_6	1	141	0.0070921985815602835	11	2820	0.004076568592697625	0.4378412318686412	1.7397471477027442	0.4819647668631554
Nitrososphaeria	JAAUVF010000069.1_5	1	141	0.0070921985815602835	0	2820	0.0001772421127259837	0.02468360496481056	40.01418439716312	0.03742069649469501
Nitrososphaeria	JAGXTE010000054.1_47	1	141	0.0070921985815602835	11	2820	0.004076568592697625	0.4378412318686412	1.7397471477027442	0.4819647668631554
Nitrososphaeria	JAFAQB010000083.1_11	1	141	0.0070921985815602835	0	2820	0.0001772421127259837	0.02468360496481056	40.01418439716312	0.03742069649469501
Nitrososphaeria	JAFAQB010000083.1_10	1	141	0.0070921985815602835	0	2820	0.0001772421127259837	0.02468360496481056	40.01418439716312	0.03742069649469501
Nitrososphaeria	JAFAQB010000083.1_9	1	141	0.0070921985815602835	0	2820	0.0001772421127259837	0.02468360496481056	40.01418439716312	0.03742069649469501
Nitrososphaeria	NZ_OBEJ01000004.1_116	1	141	0.0070921985815602835	1	2820	0.0005317263381779511	0.07225034733066092	13.33806146572104	0.094995827045869
Nitrososphaeria	JAFAQB010000083.1_7	1	141	0.0070921985815602835	0	2820	0.0001772421127259837	0.02468360496481056	40.01418439716312	0.03742069649469501
Nitrososphaeria	NZ_QURE01000100.1_6	1	141	0.0070921985815602835	0	2820	0.0001772421127259837	0.02468360496481056	40.01418439716312	0.03742069649469501
Nitrososphaeria	NZ_QURE01000100.1_4	1	141	0.0070921985815602835	0	2820	0.0001772421127259837	0.02468360496481056	40.01418439716312	0.03742069649469501
Nitrososphaeria	NZ_QURE01000100.1_3	1	141	0.0070921985815602835	0	2820	0.0001772421127259837	0.02468360496481056	40.01418439716312	0.03742069649469501
Nitrososphaeria	NZ_QURE01000100.1_1	1	141	0.0070921985815602835	0	2820	0.0001772421127259837	0.02468360496481056	40.01418439716312	0.03742069649469501
Nitrososphaeria	JAFAQB010000083.1_14	1	141	0.0070921985815602835	0	2820	0.0001772421127259837	0.02468360496481056	40.01418439716312	0.03742069649469501
Nitrososphaeria	NZ_CP017922.1_620	1	141	0.0070921985815602835	0	2820	0.0001772421127259837	0.02468360496481056	40.01418439716312	0.03742069649469501
Nitrososphaeria	NZ_CP012850.1_150	1	141	0.0070921985815602835	0	2820	0.0001772421127259837	0.02468360496481056	40.01418439716312	0.03742069649469501
Nitrososphaeria	NZ_CP017922.1_618	1	141	0.0070921985815602835	0	2820	0.0001772421127259837	0.02468360496481056	40.01418439716312	0.03742069649469501
Nitrososphaeria	JAJNBK010000301.1_2	1	141	0.0070921985815602835	1	2820	0.0005317263381779511	0.07225034733066092	13.33806146572104	0.094995827045869
Nitrososphaeria	JAJNBK010000007.1_2	1	141	0.0070921985815602835	3	2820	0.0012406947890818859	0.16058207806006342	5.716312056737588	0.19886036410926458
Nitrososphaeria	NZ_CP017922.1_613	1	141	0.0070921985815602835	0	2820	0.0001772421127259837	0.02468360496481056	40.01418439716312	0.03742069649469501
Nitrososphaeria	NZ_CP017922.1_611	1	141	0.0070921985815602835	0	2820	0.0001772421127259837	0.02468360496481056	40.01418439716312	0.03742069649469501
Nitrososphaeria	NZ_CP012850.1_285	1	141	0.0070921985815602835	0	2820	0.0001772421127259837	0.02468360496481056	40.01418439716312	0.03742069649469501
Nitrososphaeria	JAATVS010000270.1_3	1	141	0.0070921985815602835	0	2820	0.0001772421127259837	0.02468360496481056	40.01418439716312	0.03742069649469501
Nitrososphaeria	JAFAQB010000083.1_15	1	141	0.0070921985815602835	0	2820	0.0001772421127259837	0.02468360496481056	40.01418439716312	0.03742069649469501
Nitrososphaeria	NZ_CP012850.1_283	1	141	0.0070921985815602835	0	2820	0.0001772421127259837	0.02468360496481056	40.01418439716312	0.03742069649469501
Nitrososphaeria	JADDOQ010000233.1_2	1	141	0.0070921985815602835	0	2820	0.0001772421127259837	0.02468360496481056	40.01418439716312	0.03742069649469501
Nitrososphaeria	JAATVT010000096.1_6	1	141	0.0070921985815602835	0	2820	0.0001772421127259837	0.02468360496481056	40.01418439716312	0.03742069649469501
Nitrososphaeria	JAATVK010000220.1_4	1	141	0.0070921985815602835	0	2820	0.0001772421127259837	0.02468360496481056	40.01418439716312	0.03742069649469501
Nitrososphaeria	JAFAQB010000189.1_26	1	141	0.0070921985815602835	0	2820	0.0001772421127259837	0.02468360496481056	40.01418439716312	0.03742069649469501
Nitrososphaeria	JAATVT010000096.1_3	1	141	0.0070921985815602835	0	2820	0.0001772421127259837	0.02468360496481056	40.01418439716312	0.03742069649469501
Nitrososphaeria	JAJNBK010000040.1_2	1	141	0.0070921985815602835	0	2820	0.0001772421127259837	0.02468360496481056	40.01418439716312	0.03742069649469501
Nitrososphaeria	JADJWG010000002.1_644	1	141	0.0070921985815602835	21	2820	0.007621410847217299	0.6599745842771875	0.9305624278410027	0.6758393579376968
Nitrososphaeria	JADDOW010000025.1_9	1	141	0.0070921985815602835	0	2820	0.0001772421127259837	0.02468360496481056	40.01418439716312	0.03742069649469501
Nitrososphaeria	JAFAQB010000302.1_1	1	141	0.0070921985815602835	1	2820	0.0005317263381779511	0.07225034733066092	13.33806146572104	0.094995827045869
Nitrososphaeria	JADJWG010000004.1_15	1	141	0.0070921985815602835	0	2820	0.0001772421127259837	0.02468360496481056	40.01418439716312	0.03742069649469501
Nitrososphaeria	JAFAQB010000217.1_32	1	141	0.0070921985815602835	0	2820	0.0001772421127259837	0.02468360496481056	40.01418439716312	0.03742069649469501
Nitrososphaeria	NZ_JANHDJ010000003.1_295	1	141	0.0070921985815602835	0	2820	0.0001772421127259837	0.02468360496481056	40.01418439716312	0.03742069649469501
Nitrososphaeria	JADDOQ010000236.1_2	1	141	0.0070921985815602835	0	2820	0.0001772421127259837	0.02468360496481056	40.01418439716312	0.03742069649469501
Nitrososphaeria	JADKAQ010000025.1_78	1	141	0.0070921985815602835	1	2820	0.0005317263381779511	0.07225034733066092	13.33806146572104	0.094995827045869
Nitrososphaeria	NZ_CP012850.1_286	1	141	0.0070921985815602835	0	2820	0.0001772421127259837	0.02468360496481056	40.01418439716312	0.03742069649469501
Nitrososphaeria	JAJNBK010000116.1_4	1	141	0.0070921985815602835	0	2820	0.0001772421127259837	0.02468360496481056	40.01418439716312	0.03742069649469501
Nitrososphaeria	JACZSC010000116.1_2	1	141	0.0070921985815602835	0	2820	0.0001772421127259837	0.02468360496481056	40.01418439716312	0.03742069649469501
Nitrososphaeria	WHSX01000111.1_8	1	141	0.0070921985815602835	0	2820	0.0001772421127259837	0.02468360496481056	40.01418439716312	0.03742069649469501
Nitrososphaeria	JAGQHF010000052.1_20	1	141	0.0070921985815602835	21	2820	0.007621410847217299	0.6599745842771875	0.9305624278410027	0.6758393579376968
Nitrososphaeria	NZ_CP012850.1_284	1	141	0.0070921985815602835	0	2820	0.0001772421127259837	0.02468360496481056	40.01418439716312	0.03742069649469501
Nitrososphaeria	NZ_CP012850.1_282	1	141	0.0070921985815602835	0	2820	0.0001772421127259837	0.02468360496481056	40.01418439716312	0.03742069649469501
Nitrososphaeria	JAAUVF010000069.1_3	1	141	0.0070921985815602835	0	2820	0.0001772421127259837	0.02468360496481056	40.01418439716312	0.03742069649469501
Nitrososphaeria	JAATVS010000148.1_11	1	141	0.0070921985815602835	0	2820	0.0001772421127259837	0.02468360496481056	40.01418439716312	0.03742069649469501
Nitrososphaeria	JAATVR010000393.1_6	1	141	0.0070921985815602835	0	2820	0.0001772421127259837	0.02468360496481056	40.01418439716312	0.03742069649469501
Nitrososphaeria	JAATVS010000148.1_19	1	141	0.0070921985815602835	0	2820	0.0001772421127259837	0.02468360496481056	40.01418439716312	0.03742069649469501
Nitrososphaeria	JAATVS010000148.1_18	1	141	0.0070921985815602835	0	2820	0.0001772421127259837	0.02468360496481056	40.01418439716312	0.03742069649469501
Nitrososphaeria	JAFAQB010000435.1_3	1	141	0.0070921985815602835	1	2820	0.0005317263381779511	0.07225034733066092	13.33806146572104	0.094995827045869
Nitrososphaeria	JAATVS010000148.1_15	1	141	0.0070921985815602835	0	2820	0.0001772421127259837	0.02468360496481056	40.01418439716312	0.03742069649469501
Nitrososphaeria	JAATVS010000148.1_14	1	141	0.0070921985815602835	0	2820	0.0001772421127259837	0.02468360496481056	40.01418439716312	0.03742069649469501
Nitrososphaeria	JAATVS010000148.1_13	1	141	0.0070921985815602835	0	2820	0.0001772421127259837	0.02468360496481056	40.01418439716312	0.03742069649469501
Nitrososphaeria	JAATVS010000148.1_12	1	141	0.0070921985815602835	0	2820	0.0001772421127259837	0.02468360496481056	40.01418439716312	0.03742069649469501
Nitrososphaeria	NZ_CP012850.1_1609	1	141	0.0070921985815602835	1	2820	0.0005317263381779511	0.07225034733066092	13.33806146572104	0.094995827045869
Nitrososphaeria	JAATVR010000490.1_3	1	141	0.0070921985815602835	0	2820	0.0001772421127259837	0.02468360496481056	40.01418439716312	0.03742069649469501
Nitrososphaeria	WHTU01000012.1_22	1	141	0.0070921985815602835	0	2820	0.0001772421127259837	0.02468360496481056	40.01418439716312	0.03742069649469501
Nitrososphaeria	JAATVR010000362.1_3	1	141	0.0070921985815602835	0	2820	0.0001772421127259837	0.02468360496481056	40.01418439716312	0.03742069649469501
Nitrososphaeria	WHTU01000040.1_39	1	141	0.0070921985815602835	0	2820	0.0001772421127259837	0.02468360496481056	40.01418439716312	0.03742069649469501
Nitrososphaeria	WHTU01000040.1_38	1	141	0.0070921985815602835	0	2820	0.0001772421127259837	0.02468360496481056	40.01418439716312	0.03742069649469501
Nitrososphaeria	JAATVS010000222.1_4	1	141	0.0070921985815602835	3	2820	0.0012406947890818859	0.16058207806006342	5.716312056737588	0.19886036410926458
Nitrososphaeria	JAATVK010000274.1_2	1	141	0.0070921985815602835	0	2820	0.0001772421127259837	0.02468360496481056	40.01418439716312	0.03742069649469501
Nitrososphaeria	JAATVR010000315.1_9	1	141	0.0070921985815602835	2	2820	0.0008862105636299185	0.11751288489749241	8.002836879432625	0.14943429542188585
Nitrososphaeria	WHTU01000040.1_29	1	141	0.0070921985815602835	0	2820	0.0001772421127259837	0.02468360496481056	40.01418439716312	0.03742069649469501
Nitrososphaeria	JAATVR010000490.1_2	1	141	0.0070921985815602835	0	2820	0.0001772421127259837	0.02468360496481056	40.01418439716312	0.03742069649469501
Nitrososphaeria	JAATVR010000490.1_4	1	141	0.0070921985815602835	0	2820	0.0001772421127259837	0.02468360496481056	40.01418439716312	0.03742069649469501
Nitrososphaeria	QNGA01000006.1_150	1	141	0.0070921985815602835	1	2820	0.0005317263381779511	0.07225034733066092	13.33806146572104	0.094995827045869
Nitrososphaeria	NZ_CP012850.1_271	1	141	0.0070921985815602835	0	2820	0.0001772421127259837	0.02468360496481056	40.01418439716312	0.03742069649469501
Nitrososphaeria	NZ_CP012850.1_280	1	141	0.0070921985815602835	0	2820	0.0001772421127259837	0.02468360496481056	40.01418439716312	0.03742069649469501
Nitrososphaeria	NZ_CP017922.1_2829	1	141	0.0070921985815602835	1	2820	0.0005317263381779511	0.07225034733066092	13.33806146572104	0.094995827045869
Nitrososphaeria	NZ_CP012850.1_277	1	141	0.0070921985815602835	0	2820	0.0001772421127259837	0.02468360496481056	40.01418439716312	0.03742069649469501
Nitrososphaeria	NZ_QURE01000033.1_2	1	141	0.0070921985815602835	0	2820	0.0001772421127259837	0.02468360496481056	40.01418439716312	0.03742069649469501
Nitrososphaeria	NZ_CP012850.1_275	1	141	0.0070921985815602835	0	2820	0.0001772421127259837	0.02468360496481056	40.01418439716312	0.03742069649469501
Nitrososphaeria	WHTU01000063.1_6	1	141	0.0070921985815602835	1	2820	0.0005317263381779511	0.07225034733066092	13.33806146572104	0.094995827045869
Nitrososphaeria	NZ_CP012850.1_273	1	141	0.0070921985815602835	0	2820	0.0001772421127259837	0.02468360496481056	40.01418439716312	0.03742069649469501
Nitrososphaeria	WHTU01000004.1_105	1	141	0.0070921985815602835	0	2820	0.0001772421127259837	0.02468360496481056	40.01418439716312	0.03742069649469501
Nitrososphaeria	JAATVK010000265.1_5	1	141	0.0070921985815602835	0	2820	0.0001772421127259837	0.02468360496481056	40.01418439716312	0.03742069649469501
Nitrososphaeria	WHSX01000134.1_9	1	141	0.0070921985815602835	1	2820	0.0005317263381779511	0.07225034733066092	13.33806146572104	0.094995827045869
Nitrososphaeria	JAATVK010000265.1_4	1	141	0.0070921985815602835	0	2820	0.0001772421127259837	0.02468360496481056	40.01418439716312	0.03742069649469501
Nitrososphaeria	JAATVK010000265.1_2	1	141	0.0070921985815602835	0	2820	0.0001772421127259837	0.02468360496481056	40.01418439716312	0.03742069649469501
Nitrososphaeria	JAATVK010000265.1_1	1	141	0.0070921985815602835	0	2820	0.0001772421127259837	0.02468360496481056	40.01418439716312	0.03742069649469501
Nitrososphaeria	JAATVR010000490.1_13	1	141	0.0070921985815602835	0	2820	0.0001772421127259837	0.02468360496481056	40.01418439716312	0.03742069649469501
Nitrososphaeria	JAATVR010000490.1_10	1	141	0.0070921985815602835	0	2820	0.0001772421127259837	0.02468360496481056	40.01418439716312	0.03742069649469501
Nitrososphaeria	JAATVR010000490.1_8	1	141	0.0070921985815602835	0	2820	0.0001772421127259837	0.02468360496481056	40.01418439716312	0.03742069649469501
Nitrososphaeria	WHTU01000060.1_25	1	141	0.0070921985815602835	0	2820	0.0001772421127259837	0.02468360496481056	40.01418439716312	0.03742069649469501
Nitrososphaeria	JAATVR010000490.1_6	1	141	0.0070921985815602835	0	2820	0.0001772421127259837	0.02468360496481056	40.01418439716312	0.03742069649469501
Nitrososphaeria	JAATVT010000096.1_9	1	141	0.0070921985815602835	0	2820	0.0001772421127259837	0.02468360496481056	40.01418439716312	0.03742069649469501
Nitrososphaeria	JADDOQ010000012.1_3	1	141	0.0070921985815602835	0	2820	0.0001772421127259837	0.02468360496481056	40.01418439716312	0.03742069649469501
Nitrososphaeria	NZ_CP072036.1_807	1	141	0.0070921985815602835	13	2820	0.00478553704360156	0.49154595382022037	1.4820068295245599	0.5287842836550856
Nitrososphaeria	UYNY01000031.1_59	1	141	0.0070921985815602835	14	2820	0.0051400212690535275	0.5164555349545848	1.379799461971142	0.5500251447266329
Nitrososphaeria	JACATA010000010.1_1	1	141	0.0070921985815602835	1	2820	0.0005317263381779511	0.07225034733066092	13.33806146572104	0.094995827045869
Nitrososphaeria	OMIR01000017.1_21	1	141	0.0070921985815602835	0	2820	0.0001772421127259837	0.02468360496481056	40.01418439716312	0.03742069649469501
Nitrososphaeria	DP000238.1_1286	1	141	0.0070921985815602835	1	2820	0.0005317263381779511	0.07225034733066092	13.33806146572104	0.094995827045869
Nitrososphaeria	VXON01000026.1_6	1	141	0.0070921985815602835	11	2820	0.004076568592697625	0.4378412318686412	1.7397471477027442	0.4819647668631554
Nitrososphaeria	JAHRAJ010000013.1_21	1	141	0.0070921985815602835	13	2820	0.00478553704360156	0.49154595382022037	1.4820068295245599	0.5287842836550856
Nitrososphaeria	VHBK01000008.1_20	1	141	0.0070921985815602835	25	2820	0.009039347749025168	0.7220581960393275	0.7845918509247671	0.7306337090564217
Nitrososphaeria	JAHRAL010000100.1_2	1	141	0.0070921985815602835	20	2820	0.007266926621765332	0.6424134215362758	0.9759557170039784	0.6626346672504927
Nitrososphaeria	WHTU01000081.1_3	1	141	0.0070921985815602835	16	2820	0.005848989719957462	0.5626969515688873	1.2125510423382762	0.5904160132225271
Nitrososphaeria	JACNFR010000062.1_19	1	141	0.0070921985815602835	0	2820	0.0001772421127259837	0.02468360496481056	40.01418439716312	0.03742069649469501
Nitrososphaeria	NC_010085.1_1797	1	141	0.0070921985815602835	4	2820	0.0015951790145338532	0.20156349000526308	4.44602048857368	0.24533156212069165
Nitrososphaeria	JABHJJ010000208.1_1	1	141	0.0070921985815602835	0	2820	0.0001772421127259837	0.02468360496481056	40.01418439716312	0.03742069649469501
Nitrososphaeria	JAENJF010000050.1_5	1	141	0.0070921985815602835	0	2820	0.0001772421127259837	0.02468360496481056	40.01418439716312	0.03742069649469501
Nitrososphaeria	SKKJ01000294.1_3	1	141	0.0070921985815602835	0	2820	0.0001772421127259837	0.02468360496481056	40.01418439716312	0.03742069649469501
Nitrososphaeria	JAENJF010000050.1_1	1	141	0.0070921985815602835	0	2820	0.0001772421127259837	0.02468360496481056	40.01418439716312	0.03742069649469501
Nitrososphaeria	CAJQSS010000020.1_108	1	141	0.0070921985815602835	0	2820	0.0001772421127259837	0.02468360496481056	40.01418439716312	0.03742069649469501
Nitrososphaeria	NZ_BCNB01000006.1_2573	1	141	0.0070921985815602835	0	2820	0.0001772421127259837	0.02468360496481056	40.01418439716312	0.03742069649469501
Nitrososphaeria	NSIR01000001.1_250	1	141	0.0070921985815602835	17	2820	0.00620347394540943	0.5841431368084016	1.1432624113475176	0.6084229248909024
Nitrososphaeria	JADDOQ010000053.1_16	1	141	0.0070921985815602835	2	2820	0.0008862105636299185	0.11751288489749241	8.002836879432625	0.14943429542188585
Nitrososphaeria	JADKAQ010000023.1_59	1	141	0.0070921985815602835	12	2820	0.004431052818149593	0.46536273060343436	1.6005673758865246	0.5083192903514436
Nitrososphaeria	JABSRD010000001.1_695	1	141	0.0070921985815602835	4	2820	0.0015951790145338532	0.20156349000526308	4.44602048857368	0.24533156212069165
Nitrososphaeria	NZ_CP017922.1_1240	1	141	0.0070921985815602835	0	2820	0.0001772421127259837	0.02468360496481056	40.01418439716312	0.03742069649469501
Nitrososphaeria	NZ_CP026995.1_1586	1	141	0.0070921985815602835	0	2820	0.0001772421127259837	0.02468360496481056	40.01418439716312	0.03742069649469501
Nitrososphaeria	JAAUVF010000069.1_2	1	141	0.0070921985815602835	0	2820	0.0001772421127259837	0.02468360496481056	40.01418439716312	0.03742069649469501
Nitrososphaeria	JAAUVF010000069.1_1	1	141	0.0070921985815602835	0	2820	0.0001772421127259837	0.02468360496481056	40.01418439716312	0.03742069649469501
Nitrososphaeria	NC_018655.1_1226	1	141	0.0070921985815602835	6	2820	0.002304147465437788	0.27766023331496603	3.078014184397163	0.3294798311759764
Nitrososphaeria	NC_018656.1_1165	1	141	0.0070921985815602835	0	2820	0.0001772421127259837	0.02468360496481056	40.01418439716312	0.03742069649469501
Nitrososphaeria	NZ_CP026995.1_228	1	141	0.0070921985815602835	1	2820	0.0005317263381779511	0.07225034733066092	13.33806146572104	0.094995827045869
Nitrososphaeria	JABDOO010000009.1_8	1	141	0.0070921985815602835	0	2820	0.0001772421127259837	0.02468360496481056	40.01418439716312	0.03742069649469501
Nitrososphaeria	JAHELP010000009.1_12	1	141	0.0070921985815602835	0	2820	0.0001772421127259837	0.02468360496481056	40.01418439716312	0.03742069649469501
Nitrososphaeria	NZ_CP026995.1_1589	1	141	0.0070921985815602835	0	2820	0.0001772421127259837	0.02468360496481056	40.01418439716312	0.03742069649469501
Nitrososphaeria	NZ_CP026995.1_1585	1	141	0.0070921985815602835	0	2820	0.0001772421127259837	0.02468360496481056	40.01418439716312	0.03742069649469501
Nitrososphaeria	JAIOPB010000036.1_18	1	141	0.0070921985815602835	0	2820	0.0001772421127259837	0.02468360496481056	40.01418439716312	0.03742069649469501
Nitrososphaeria	NZ_AVSQ01000018.1_6	1	141	0.0070921985815602835	0	2820	0.0001772421127259837	0.02468360496481056	40.01418439716312	0.03742069649469501
Nitrososphaeria	LFEY01000027.1_1	1	141	0.0070921985815602835	0	2820	0.0001772421127259837	0.02468360496481056	40.01418439716312	0.03742069649469501
Nitrososphaeria	JABSRD010000007.1_183	1	141	0.0070921985815602835	2	2820	0.0008862105636299185	0.11751288489749241	8.002836879432625	0.14943429542188585
Nitrososphaeria	NZ_CP030846.1_1436	1	141	0.0070921985815602835	28	2820	0.010102800425381071	0.7611069670867324	0.7020032350379495	0.7628978070092894
Nitrososphaeria	JAEHKV010000027.1_27	1	141	0.0070921985815602835	5	2820	0.0019496632399858206	0.2405576380801802	3.637653127014829	0.2886691656962162
Nitrososphaeria	JABFSW010000086.1_1	1	141	0.0070921985815602835	0	2820	0.0001772421127259837	0.02468360496481056	40.01418439716312	0.03742069649469501
Nitrososphaeria	JAHFUM010000012.1_42	1	141	0.0070921985815602835	0	2820	0.0001772421127259837	0.02468360496481056	40.01418439716312	0.03742069649469501
Nitrososphaeria	WHTU01000040.1_28	1	141	0.0070921985815602835	0	2820	0.0001772421127259837	0.02468360496481056	40.01418439716312	0.03742069649469501
Nitrososphaeria	QOOS01000002.1_55	1	141	0.0070921985815602835	1	2820	0.0005317263381779511	0.07225034733066092	13.33806146572104	0.094995827045869
Nitrososphaeria	JAHCGZ010000007.1_44	1	141	0.0070921985815602835	0	2820	0.0001772421127259837	0.02468360496481056	40.01418439716312	0.03742069649469501
Nitrososphaeria	JAIOOR010000024.1_60	1	141	0.0070921985815602835	0	2820	0.0001772421127259837	0.02468360496481056	40.01418439716312	0.03742069649469501
Nitrososphaeria	JADDOQ010000026.1_18	1	141	0.0070921985815602835	0	2820	0.0001772421127259837	0.02468360496481056	40.01418439716312	0.03742069649469501
Nitrososphaeria	JACRND010000071.1_5	1	141	0.0070921985815602835	1	2820	0.0005317263381779511	0.07225034733066092	13.33806146572104	0.094995827045869
Nitrososphaeria	JAHFUX010000005.1_25	1	141	0.0070921985815602835	0	2820	0.0001772421127259837	0.02468360496481056	40.01418439716312	0.03742069649469501
Nitrososphaeria	JAHFUX010000005.1_24	1	141	0.0070921985815602835	0	2820	0.0001772421127259837	0.02468360496481056	40.01418439716312	0.03742069649469501
Nitrososphaeria	JAANXC010000074.1_5	1	141	0.0070921985815602835	0	2820	0.0001772421127259837	0.02468360496481056	40.01418439716312	0.03742069649469501
Nitrososphaeria	OMIR01000011.1_5	1	141	0.0070921985815602835	1	2820	0.0005317263381779511	0.07225034733066092	13.33806146572104	0.094995827045869
Nitrososphaeria	WHSX01000226.1_3	1	141	0.0070921985815602835	0	2820	0.0001772421127259837	0.02468360496481056	40.01418439716312	0.03742069649469501
Nitrososphaeria	JADDOQ010000026.1_20	1	141	0.0070921985815602835	0	2820	0.0001772421127259837	0.02468360496481056	40.01418439716312	0.03742069649469501
Nitrososphaeria	JADDOQ010000026.1_19	1	141	0.0070921985815602835	0	2820	0.0001772421127259837	0.02468360496481056	40.01418439716312	0.03742069649469501
Nitrososphaeria	JADDOQ010000026.1_17	1	141	0.0070921985815602835	0	2820	0.0001772421127259837	0.02468360496481056	40.01418439716312	0.03742069649469501
Nitrososphaeria	DP000238.1_521	1	141	0.0070921985815602835	5	2820	0.0019496632399858206	0.2405576380801802	3.637653127014829	0.2886691656962162
Nitrososphaeria	NZ_CBTY010000009.1_293	1	141	0.0070921985815602835	2	2820	0.0008862105636299185	0.11751288489749241	8.002836879432625	0.14943429542188585
Nitrososphaeria	JACDHC010000114.1_6	1	141	0.0070921985815602835	0	2820	0.0001772421127259837	0.02468360496481056	40.01418439716312	0.03742069649469501
Nitrososphaeria	JADDOQ010000026.1_14	1	141	0.0070921985815602835	0	2820	0.0001772421127259837	0.02468360496481056	40.01418439716312	0.03742069649469501
Nitrososphaeria	JAFAQB010000300.1_3	1	141	0.0070921985815602835	0	2820	0.0001772421127259837	0.02468360496481056	40.01418439716312	0.03742069649469501
Nitrososphaeria	JACDHC010000052.1_4	1	141	0.0070921985815602835	0	2820	0.0001772421127259837	0.02468360496481056	40.01418439716312	0.03742069649469501
Nitrososphaeria	JAATVR010000362.1_2	1	141	0.0070921985815602835	2	2820	0.0008862105636299185	0.11751288489749241	8.002836879432625	0.14943429542188585
Nitrososphaeria	JACDHC010000052.1_1	1	141	0.0070921985815602835	0	2820	0.0001772421127259837	0.02468360496481056	40.01418439716312	0.03742069649469501
Nitrososphaeria	NZ_CP026994.1_365	1	141	0.0070921985815602835	1	2820	0.0005317263381779511	0.07225034733066092	13.33806146572104	0.094995827045869
Nitrososphaeria	BGOU01000010.1_321	1	141	0.0070921985815602835	0	2820	0.0001772421127259837	0.02468360496481056	40.01418439716312	0.03742069649469501
Nitrososphaeria	NSIR01000010.1_28	1	141	0.0070921985815602835	0	2820	0.0001772421127259837	0.02468360496481056	40.01418439716312	0.03742069649469501
Nitrososphaeria	NZ_CP030846.1_1188	1	141	0.0070921985815602835	0	2820	0.0001772421127259837	0.02468360496481056	40.01418439716312	0.03742069649469501
Nitrososphaeria	NZ_CP030846.1_1189	1	141	0.0070921985815602835	0	2820	0.0001772421127259837	0.02468360496481056	40.01418439716312	0.03742069649469501
Nitrososphaeria	WHTU01000010.1_24	1	141	0.0070921985815602835	23	2820	0.008330379298121233	0.6925685627975848	0.8513656254715558	0.7041389206486185
Nitrososphaeria	JACNFV010000084.1_4	1	141	0.0070921985815602835	9	2820	0.00336760014179369	0.37850843556346614	2.1060097051138484	0.4232141562993086
Nitrososphaeria	LKNH01000067.1_5	1	141	0.0070921985815602835	9	2820	0.00336760014179369	0.37850843556346614	2.1060097051138484	0.4232141562993086
Nitrososphaeria	NZ_FNFE01000004.1_90	1	141	0.0070921985815602835	7	2820	0.0026586316908897554	0.3129624086547611	2.667612293144208	0.36426772154898424
Nitrososphaeria	CP046181.1_1963	1	141	0.0070921985815602835	0	2820	0.0001772421127259837	0.02468360496481056	40.01418439716312	0.03742069649469501
Nitrososphaeria	CP046181.1_1959	1	141	0.0070921985815602835	0	2820	0.0001772421127259837	0.02468360496481056	40.01418439716312	0.03742069649469501
Nitrososphaeria	CP046181.1_1958	1	141	0.0070921985815602835	0	2820	0.0001772421127259837	0.02468360496481056	40.01418439716312	0.03742069649469501
Nitrososphaeria	CP046181.1_1957	1	141	0.0070921985815602835	0	2820	0.0001772421127259837	0.02468360496481056	40.01418439716312	0.03742069649469501
Nitrososphaeria	JAEMQG010000051.1_1	1	141	0.0070921985815602835	0	2820	0.0001772421127259837	0.02468360496481056	40.01418439716312	0.03742069649469501
Nitrososphaeria	NZ_CP024808.1_306	1	141	0.0070921985815602835	12	2820	0.004431052818149593	0.46536273060343436	1.6005673758865246	0.5083192903514436
Nitrososphaeria	QOOS01000008.1_62	1	141	0.0070921985815602835	0	2820	0.0001772421127259837	0.02468360496481056	40.01418439716312	0.03742069649469501
Nitrososphaeria	RKRY01000155.1_11	1	141	0.0070921985815602835	0	2820	0.0001772421127259837	0.02468360496481056	40.01418439716312	0.03742069649469501
Nitrososphaeria	RKRY01000155.1_9	1	141	0.0070921985815602835	0	2820	0.0001772421127259837	0.02468360496481056	40.01418439716312	0.03742069649469501
Nitrososphaeria	NZ_AVSQ01000003.1_75	1	141	0.0070921985815602835	2	2820	0.0008862105636299185	0.11751288489749241	8.002836879432625	0.14943429542188585
Nitrososphaeria	NZ_CP021324.1_133	1	141	0.0070921985815602835	3	2820	0.0012406947890818859	0.16058207806006342	5.716312056737588	0.19886036410926458
Nitrososphaeria	CP046181.1_908	1	141	0.0070921985815602835	0	2820	0.0001772421127259837	0.02468360496481056	40.01418439716312	0.03742069649469501
Nitrososphaeria	JAKAJY010000012.1_1	1	141	0.0070921985815602835	0	2820	0.0001772421127259837	0.02468360496481056	40.01418439716312	0.03742069649469501
Nitrososphaeria	CM001158.1_712	1	141	0.0070921985815602835	0	2820	0.0001772421127259837	0.02468360496481056	40.01418439716312	0.03742069649469501
Other archaea	NZ_AOIJ01000084.1_73	1	1	1.0	0	20	0.023809523809523808	0.023809523809523808	42.0	0.07142857142857142
Other archaea	JALDAN010000039.1_2	1	1	1.0	1	20	0.07142857142857142	0.07142857142857142	14.0	0.07142857142857142
Other archaea	JALDAN010000039.1_3	1	1	1.0	1	20	0.07142857142857142	0.07142857142857142	14.0	0.07142857142857142
Other archaea	JALDAN010000039.1_4	1	1	1.0	1	20	0.07142857142857142	0.07142857142857142	14.0	0.07142857142857142
Other archaea	JALDAN010000039.1_5	1	1	1.0	1	20	0.07142857142857142	0.07142857142857142	14.0	0.07142857142857142
Other archaea	JALDAN010000039.1_6	1	1	1.0	1	20	0.07142857142857142	0.07142857142857142	14.0	0.07142857142857142
Other archaea	JALDAN010000039.1_8	1	1	1.0	1	20	0.07142857142857142	0.07142857142857142	14.0	0.07142857142857142
Other archaea	JALDAN010000039.1_9	1	1	1.0	1	20	0.07142857142857142	0.07142857142857142	14.0	0.07142857142857142
