id	PC1	PC2	PC3	tm_to_2090	taxname	domain	phylum	class	qtmscore	fident	rank	pfam_domains	category	has_structure
AF-A0A024K6Q3-F1	-0.37781963726297013	0.03917944510834009	-0.2066416670227427	0.20892499999999997	Mycobacterium triplex	Bacteria	Actinobacteria	Actinomycetia	0.2353	0.139	2689.0	Cutinase	Other α/β hydrolase (CL0028)	True
AF-A0A059DWZ9-F1	-0.4448551538546057	0.1723697210596764	0.42370360496333964	0.14575	Hyphomonas atlantica	Bacteria	Proteobacteria	Alphaproteobacteria	0.1684	0.122	2827.0	LppC;Peripla_BP_6	Periplasmic binding protein (CL0144)	True
AF-A0A059EEL3-F1	-0.4474551890216536	0.1680799844173543	0.4263201191112003	0.148425	Hyphomonas sp. L-53-1-40	Bacteria	Proteobacteria	Alphaproteobacteria	0.1984	0.112	2809.0	LppC;Peripla_BP_6	Periplasmic binding protein (CL0144)	True
AF-A0A059FSJ8-F1	0.16479099678891299	0.22674449311807074	-0.0041084050244456	0.48350000000000004	Hyphomonas johnsonii MHS-2	Bacteria	Proteobacteria	Alphaproteobacteria	0.5523	0.161	1224.0	DUF900	DUF900	True
AF-A0A059FZW4-F1	-0.4400864318605815	0.1698415288278254	0.4087934898329288	0.1588	Hyphomonas hirschiana VP5	Bacteria	Proteobacteria	Alphaproteobacteria	0.1804	0.109	2792.0	Peripla_BP_6	Periplasmic binding protein (CL0144)	True
AF-A0A062TNK9-F1	-0.4424845743397999	0.15876731296418342	0.42054688392095413	0.147325	Hyphomonas pacifica	Bacteria	Proteobacteria	Alphaproteobacteria	0.1831	0.13	2825.0	LppC;Peripla_BP_6;ANF_receptor	Periplasmic binding protein (CL0144)	True
AF-A0A062U2N1-F1	-0.4459343317047627	0.15815322084837757	0.4199345055508551	0.157725	Hyphomonas beringensis	Bacteria	Proteobacteria	Alphaproteobacteria	0.1793	0.128	2854.0	LppC;Peripla_BP_6;ANF_receptor	Periplasmic binding protein (CL0144)	True
AF-A0A062UHZ0-F1	0.164143741584095	0.22570752052220905	-0.026072028408859853	0.5239	Hyphomonas chukchiensis	Bacteria	Proteobacteria	Alphaproteobacteria	0.5729	0.172	924.0	DUF900	DUF900	True
AF-A0A062VQN5-F1	-0.4426462526209338	0.13542248895423267	0.4225899085356123	0.15757500000000002	Hyphomonas polymorpha PS728	Bacteria	Proteobacteria	Alphaproteobacteria	0.1762	0.112	2867.0	Peripla_BP_6	Periplasmic binding protein (CL0144)	True
AF-A0A068TBR1-F1	0.16553888154722926	0.05162463862417179	0.01790366957879734	0.6204	Neorhizobium galegae bv. officinalis bv. officinalis str. HAMBI 1141	Bacteria	Proteobacteria	Alphaproteobacteria	0.6066	0.173	414.0	DUF900	DUF900	True
AF-A0A073IFP7-F1	0.16861226351261754	0.2390029099892538	-0.04847262428056172	0.49365000000000003	Sulfitobacter donghicola DSW-25 = KCTC 12864 = JCM 14565	Bacteria	Proteobacteria	Alphaproteobacteria	0.5761	0.178	1262.0	DUF900	DUF900	True
AF-A0A073J1S4-F1	0.017774405598360656	-0.04969918903219439	-0.010274675169081043	0.5135000000000001	Pseudosulfitobacter pseudonitzschiae	Bacteria	Proteobacteria	Alphaproteobacteria	0.5138	0.206	988.0	DUF900	DUF900	True
AF-A0A075FKQ7-F1	0.07702623186779119	-0.19644405834376163	0.03160491869904891	0.8060499999999999	uncultured marine thaumarchaeote AD1000_19_G10	Archaea	Thaumarchaeota		0.7446	0.278	169.0	DUF900;DUF676;Cutinase;DUF726	DUF900	True
AF-A0A075GAR9-F1	0.06317220381719266	-0.17790043466127886	0.0388673491186459	0.802925	uncultured marine thaumarchaeote KM3_08_B06	Archaea	Thaumarchaeota		0.7326	0.302	105.0	DUF900;Cutinase;DUF726	DUF900	True
AF-A0A075GDE7-F1	0.06987031977433483	-0.19431904029371322	0.03405629711023051	0.78145	uncultured marine thaumarchaeote KM3_145_B06	Archaea	Thaumarchaeota		0.7488	0.272	162.0	DUF900;DUF726;Cutinase	DUF900	True
AF-A0A075GE09-F1	0.07498964940351457	-0.19345153047095043	0.04010971242364977	0.80135	uncultured marine thaumarchaeote KM3_151_D03	Archaea	Thaumarchaeota		0.7406	0.288	116.0	DUF900;Cutinase;DUF726	DUF900	True
AF-A0A075GFP7-F1	0.07036260459380764	-0.1712998996815636	0.028406633171852425	0.79285	uncultured marine thaumarchaeote KM3_153_B11	Archaea	Thaumarchaeota		0.7326	0.302	104.0	DUF900;Cutinase;DUF726	DUF900	True
AF-A0A075GH36-F1	0.07267997748196613	-0.18692122738027403	0.011169855347374243	0.8085500000000001	uncultured marine thaumarchaeote KM3_164_C03	Archaea	Thaumarchaeota		0.7488	0.279	123.0	DUF900;DUF676;Lipase_3;DUF726	DUF900	True
AF-A0A075GWP7-F1	0.07016015203986249	-0.1887799646623397	0.045341151839844274	0.8000750000000001	uncultured marine thaumarchaeote KM3_190_B07	Archaea	Thaumarchaeota		0.7498	0.284	202.0	DUF900;DUF676;Cutinase;DUF726	DUF900	True
AF-A0A075GXT2-F1	0.07847461046015838	-0.18591345518919813	0.03388598656447734	0.8074749999999999	uncultured marine thaumarchaeote KM3_199_C08	Archaea	Thaumarchaeota		0.746	0.286	152.0	DUF900;Cutinase;DUF726	DUF900	True
AF-A0A075H1J6-F1	0.07779419386019164	-0.19185837728143942	0.03487664475135918	0.779125	uncultured marine thaumarchaeote KM3_42_G11	Archaea	Thaumarchaeota		0.7418	0.282	143.0	DUF900;DUF676;Cutinase;DUF726	DUF900	True
AF-A0A075H3R4-F1	0.07290509004564312	-0.19240377768948025	0.0365776473485786	0.796825	uncultured marine thaumarchaeote KM3_31_F03	Archaea	Thaumarchaeota		0.7422	0.288	110.0	DUF900;Cutinase;DUF726	DUF900	True
AF-A0A075HBL9-F1	0.07215189717484245	-0.19162949061193948	0.0302751870889847	0.78125	uncultured marine thaumarchaeote KM3_53_F08	Archaea	Thaumarchaeota		0.742	0.27	205.0	DUF900;DUF726;Cutinase	DUF900	True
AF-A0A075HE99-F1	0.06768275355632133	-0.18820897014838808	0.026723752175620258	0.8062	uncultured marine thaumarchaeote KM3_57_B01	Archaea	Thaumarchaeota		0.7493	0.279	94.0	DUF900;DUF676;Cutinase;Lipase_3;DUF726	DUF900	True
AF-A0A075HF93-F1	0.04656740193441112	-0.14208447056832665	0.009211168899873194	0.7275750000000001	uncultured marine thaumarchaeote KM3_69_H10	Archaea	Thaumarchaeota		0.6346	0.282	276.0	DUF900;DUF676;Cutinase;DUF726	DUF900	True
AF-A0A075HMJ5-F1	0.0697754178014219	-0.17896109901137566	0.02698482192615125	0.7842	uncultured marine thaumarchaeote KM3_78_D07	Archaea	Thaumarchaeota		0.7472	0.276	96.0	DUF900;DUF676;Cutinase;DUF726	DUF900	True
AF-A0A075HPP9-F1	0.07228416472073337	-0.19155748933142247	0.03040988892505022	0.79065	uncultured marine thaumarchaeote KM3_74_C01	Archaea	Thaumarchaeota		0.744	0.284	111.0	DUF900;DUF676;Cutinase;DUF726	DUF900	True
AF-A0A075HUK9-F1	0.07622874365014104	-0.1959641998899949	0.042642238482761725	0.8022750000000001	uncultured marine thaumarchaeote KM3_86_E11	Archaea	Thaumarchaeota		0.741	0.281	148.0	DUF900;DUF676;Cutinase;DUF726	DUF900	True
AF-A0A075I1P8-F1	-0.04011127266742583	-0.16337838651078695	0.01222510193027074	0.5783750000000001	uncultured marine thaumarchaeote SAT1000_09_C08	Archaea	Thaumarchaeota		0.4435	0.312	749.0	DUF900;DUF676;Cutinase	DUF900	True
AF-A0A075I3P8-F1	-0.049889907124528454	-0.17168828668435496	0.012480739098530605	0.5746	uncultured marine thaumarchaeote SAT1000_09_B08	Archaea	Thaumarchaeota		0.4497	0.304	633.0	DUF900;DUF676;Cutinase	DUF900	True
AF-A0A075I6D6-F1	-0.049762803303412484	-0.16069212710244163	0.023545662236741597	0.578425	uncultured marine thaumarchaeote SAT1000_09_B07	Archaea	Thaumarchaeota		0.4445	0.306	661.0	DUF900;DUF676;Cutinase	DUF900	True
AF-A0A075I8Y5-F1	-0.04751776004044588	-0.16383237459884042	0.01812965234208312	0.57865	uncultured marine thaumarchaeote SAT1000_09_C07	Archaea	Thaumarchaeota		0.4594	0.316	596.0	DUF900;DUF676;Cutinase	DUF900	True
AF-A0A075IB59-F1	0.035146952906553536	-0.14453494473889245	0.007112241188912858	0.726325	uncultured marine thaumarchaeote SAT1000_22_C02	Archaea	Thaumarchaeota		0.6301	0.286	298.0	DUF900;DUF676;Cutinase;DUF726	DUF900	True
AF-A0A075IEY5-F1	0.08252251511254166	-0.1873815033681398	0.029896916589892613	0.787625	uncultured marine thaumarchaeote SAT1000_39_F02	Archaea	Thaumarchaeota		0.7224	0.275	182.0	DUF900;DUF676;Cutinase;DUF726	DUF900	True
AF-A0A077XSC7-F1	0.009503057179585717	-0.06723341851063702	0.06361405878699859	0.4023	Sphingobacterium sp. PM2-P1-29	Bacteria	Bacteroidota	Sphingobacteriia	0.4417	0.158	1413.0	DUF900	DUF900	True
AF-A0A078KW58-F1	0.17023362673726306	0.13748813138862803	0.002884836995423025	0.557925	Legionella massiliensis	Bacteria	Proteobacteria	Gammaproteobacteria	0.6264	0.148	876.0	DUF900	DUF900	True
AF-A0A081CUN2-F1	0.1408370670079539	0.15229653630564094	-0.018211851076188917	0.518975	Agrobacterium rubi TR3 = NBRC 13261	Bacteria	Proteobacteria	Alphaproteobacteria	0.6372	0.144	1122.0	DUF900;Abhydrolase_6	DUF900	True
AF-A0A081GHJ8-F1	0.06645582293050467	-0.06832018877854759	-5.20111147744729e-05	0.5090749999999999	Cyanobium sp. CACIAM 14	Bacteria	Cyanobacteria		0.6	0.132	799.0	DUF900	DUF900	True
AF-A0A081HTV3-F1	-0.38530539474242426	0.036478045319466586	-0.21207733665666614	0.2046	Mycobacterium sp. TKK-01-0059	Bacteria	Actinobacteria	Actinomycetia	0.2368	0.134	2559.0	Cutinase	Other α/β hydrolase (CL0028)	True
AF-A0A081HXG1-F1	-0.28921836611156804	0.008059987743876	-0.2269777633860116	0.35619999999999996	Mycobacterium sp. TKK-01-0059	Bacteria	Actinobacteria	Actinomycetia	0.3656	0.128	1901.0	Cutinase	Other α/β hydrolase (CL0028)	True
AF-A0A081RPZ9-F1	0.07176735187186309	-0.19756609117147608	0.03413633603538331	0.7907	Marine Group I thaumarchaeote SCGC AAA799-N04	Archaea	Thaumarchaeota		0.7429	0.268	201.0	DUF900;DUF726	DUF900	True
AF-A0A087ECH9-F1	-0.27685353703393245	0.08778845215022416	0.03483282705567984	0.25425	Bifidobacterium tsurumiense	Bacteria	Actinobacteria	Actinomycetia	0.239	0.092	2710.0	FMN_red	Other Pfam	True
AF-A0A087EJU5-F1	-0.3013735929781257	0.09035910727729073	0.14366110635404516	0.12789250000000002	Bifidobacterium tsurumiense	Bacteria	Actinobacteria	Actinomycetia	0.1773	0.163	2748.0	GTP-bdg_N;GTP-bdg_M;FeoB_N;MMR_HSR1	P-loop NTPase (CL0023)	True
AF-A0A087RR85-F1	0.07654222063546205	-0.19530101037794442	0.03192328954642169	0.8049	Marine Group I thaumarchaeote SCGC AAA799-D11	Archaea	Thaumarchaeota		0.7278	0.27	211.0	DUF900;DUF726	DUF900	True
AF-A0A087RW72-F1	0.07051458178831779	-0.19880812834125075	0.03848901456350966	0.80505	Marine Group I thaumarchaeote SCGC RSA3	Archaea	Thaumarchaeota		0.743	0.268	166.0	DUF900;DUF726	DUF900	True
AF-A0A087S871-F1	0.06891921648189639	-0.19523229740112094	0.031165295094299487	0.807925	Marine Group I thaumarchaeote SCGC AAA799-B03	Archaea	Thaumarchaeota		0.7485	0.266	141.0	DUF900;DUF726	DUF900	True
AF-A0A088EW23-F1	0.029337876479755744	-0.06612851650580294	0.07570552006323229	0.40869999999999995	Sphingobacterium sp. ML3W	Bacteria	Bacteroidota	Sphingobacteriia	0.4382	0.15	1477.0	DUF900	DUF900	True
AF-A0A090I5Z5-F1	0.15994252216370708	0.05405466704978046	0.018242214234597404	0.551825	Aliivibrio wodanis	Bacteria	Proteobacteria	Gammaproteobacteria	0.5781	0.186	474.0	DUF900	DUF900	True
AF-A0A091ARK0-F1	0.15391442889767312	0.06744049991051056	0.027133904660287454	0.584225	Arenimonas oryziterrae DSM 21050 = YC6267	Bacteria	Proteobacteria	Gammaproteobacteria	0.6347	0.144	573.0	DUF900;Abhydrolase_6	DUF900	True
AF-A0A096A4R5-F1	-0.18937857467397654	-0.011798226796557112	-0.08676072618661113	0.396325	Corynebacterium freneyi DNF00450	Bacteria	Actinobacteria	Actinomycetia	0.3958	0.161	1668.0	Abhydrolase_8;Lipase_3	Other α/β hydrolase (CL0028)	True
AF-A0A098BPQ8-F1	-0.3680653469197352	0.017373243982618466	-0.16206052926297412	0.229225	Rhodococcus ruber	Bacteria	Actinobacteria	Actinomycetia	0.3006	0.162	2213.0	Cutinase	Other α/β hydrolase (CL0028)	True
AF-A0A098T769-F1	0.1382669288703479	0.17385063590278974	-0.016700932858516922	0.49885	Hoeflea sp. BAL378	Bacteria	Proteobacteria	Alphaproteobacteria	0.5552	0.173	1333.0	DUF900;Abhydrolase_6	DUF900	True
AF-A0A0A0EFV2-F1	0.0030073399421834926	-0.07443175441439773	-0.009294275379653619	0.51535	Pseudooceanicola atlanticus	Bacteria	Proteobacteria	Alphaproteobacteria	0.5347	0.183	1168.0	DUF900;DUF726	DUF900	True
AF-A0A0A0HJT9-F1	0.10119179125873856	0.1400267477423768	0.019871460769573038	0.432525	Roseovarius mucosus DSM 17069	Bacteria	Proteobacteria	Alphaproteobacteria	0.595	0.151	1460.0	DctP;DUF900;Abhydrolase_6	DUF900	True
AF-A0A0A0MBA1-F1	-0.15081977203602656	-0.008300087517383347	-0.1997487945049571	0.420425	Lysobacter defluvii IMMIB APB-9 = DSM 18482	Bacteria	Proteobacteria	Gammaproteobacteria	0.467	0.153	1740.0	Abhydrolase_8	Other α/β hydrolase (CL0028)	True
AF-A0A0A1VWS9-F1	0.20880850760897568	0.08211221868874977	0.00033094843776785546	0.5799749999999999	Microcystis aeruginosa NIES-44	Bacteria	Cyanobacteria		0.6021	0.171	851.0	DUF900	DUF900	True
AF-A0A0A5I0Q6-F1	0.1776316852709227	0.08088041174671513	0.015915237581906275	0.5347500000000001	Vibrio sinaloensis	Bacteria	Proteobacteria	Gammaproteobacteria	0.6236	0.188	396.0	DUF900	DUF900	True
AF-A0A0A7V1B0-F1	0.07265913129238265	-0.18812854764015102	0.029045409908663642	0.8046500000000001	Candidatus Nitrosopelagicus brevis	Archaea	Thaumarchaeota		0.7304	0.279	95.0	DUF900;DUF676;Lipase_3;Cutinase;DUF726	DUF900	True
AF-A0A0B1Q0H9-F1	0.1388932741876748	0.16653700837398713	-0.022812143045039052	0.52605	Aureimonas altamirensis	Bacteria	Proteobacteria	Alphaproteobacteria	0.5805	0.162	944.0	DUF900;Abhydrolase_6	DUF900	True
AF-A0A0B5GHC8-F1	0.08961710947249853	-0.1660796503212434	0.023753762159732232	0.7942	Haloarcula sp. CBA1115	Archaea	Euryarchaeota	Halobacteria	0.7839	0.327	63.0	DUF900;DUF726	DUF900	True
AF-A0A0B5GT34-F1	0.030811244072451793	-0.15633715370006523	-0.009863764074762707	0.708375	Haloarcula sp. CBA1115	Archaea	Euryarchaeota	Halobacteria	0.6973	0.246	332.0	DUF726;DUF900	DUF900	True
AF-A0A0B6AWY1-F1	-0.276219389610171	0.08155979078913642	0.11070992972468593	0.158325	Priestia megaterium NBRC 15308 = ATCC 14581	Bacteria	Firmicutes	Bacilli	0.1776	0.091	2617.0	SBD_N;NBD_C	Other Pfam	True
AF-A0A0C1H241-F1	0.17247975337937937	0.05285982130426433	0.04530437145076084	0.6651	Ruegeria sp. ANG-S4	Bacteria	Proteobacteria	Alphaproteobacteria	0.6807	0.167	348.0	DUF900;Abhydrolase_6	DUF900	True
AF-A0A0C1YDR1-F1	0.19041628292719517	0.07836044395682652	-0.01860839950623454	0.642475	Lyngbya confervoides BDU141951	Bacteria	Cyanobacteria		0.6779	0.168	722.0	DUF900	DUF900	True
AF-A0A0C3HNI6-F1	0.1611757197232816	-0.0069940429103931626	-0.000809784465620129	0.6531	Vibrio mytili	Bacteria	Proteobacteria	Gammaproteobacteria	0.6469	0.182	606.0	DUF900	DUF900	True
AF-A0A0C5BVY9-F1	0.06283064886357073	-0.1986208585741273	0.026627252102165603	0.7891250000000001	Nitrosopumilus piranensis	Archaea	Thaumarchaeota		0.7174	0.255	171.0	DUF900;DUF726	DUF900	True
AF-A0A0C5VL54-F1	0.1804795680846176	0.09595301628237085	-0.02098958061474568	0.536525	Gynuella sunshinyii YC6258	Bacteria	Proteobacteria	Gammaproteobacteria	0.6126	0.164	719.0	DUF900	DUF900	True
AF-A0A0D0H5B6-F1	0.18673530341574363	0.17126595880673087	-0.052860508700496016	0.516	Burkholderia sp. MSHR3999	Bacteria	Proteobacteria	Betaproteobacteria	0.5049	0.18	1360.0	DUF900;Abhydrolase_6	DUF900	True
AF-A0A0D0K828-F1	0.14081617036481422	0.16377507170846461	-0.02968873049737326	0.51005	Agrobacterium tumefaciens	Bacteria	Proteobacteria	Alphaproteobacteria	0.6095	0.142	1248.0	DUF900;Abhydrolase_6	DUF900	True
AF-A0A0D1EJH8-F1	0.17345402440460464	0.05803666963594165	0.004745541958468865	0.6369750000000001	Jannaschia aquimarina	Bacteria	Proteobacteria	Alphaproteobacteria	0.6561	0.182	347.0	DUF900;Abhydrolase_6	DUF900	True
AF-A0A0D5C1K9-F1	0.06003829604127885	-0.19567786741060578	0.025833664121294217	0.7974749999999999	Nitrosopumilus adriaticus	Archaea	Thaumarchaeota		0.718	0.262	177.0	DUF900;DUF726	DUF900	True
AF-A0A0D6JRZ7-F1	0.08485743572324936	-0.1882615237291473	-0.0029555527818486468	0.9327	Haloferax massiliensis	Archaea	Euryarchaeota	Halobacteria	0.9326	0.696	13.0		No Pfam hit	True
AF-A0A0F2RP84-F1	0.13705433864479002	0.25744017232680855	-0.022138908962793212	0.4536	Hyphomonas sp. BRH_c22	Bacteria	Proteobacteria	Alphaproteobacteria	0.5145	0.184	1198.0	DUF900	DUF900	True
AF-A0A0F2S2D1-F1	0.10759463928012307	0.1460996131129966	0.021803959562471224	0.442725	Roseovarius sp. BRH_c41	Bacteria	Proteobacteria	Alphaproteobacteria	0.5895	0.152	1181.0	DctP;DUF900;Abhydrolase_6	DUF900	True
AF-A0A0F7CU08-F1	-0.29379685402865807	0.05458614317790199	-0.07400238062463498	0.28175	Dehalogenimonas sp. WBC-2	Bacteria	Chloroflexi	Dehalococcoidia	0.2802	0.148	1936.0		No Pfam hit	True
AF-A0A0F7NCH7-F1	-0.4154537683460263	0.1462633891070075	0.3781630559827783	0.15976	Streptomyces sp. CNQ-509	Bacteria	Actinobacteria	Actinomycetia	0.2235	0.133	2806.0	Pkinase;PK_Tyr_Ser-Thr;Peripla_BP_6	Periplasmic binding protein (CL0144)	True
AF-A0A0F9XQ39-F1	0.14541597123268155	0.22495819915300175	-0.026223182351446935	0.45835	marine sediment metagenome	Metagenome (unassigned)			0.5296	0.156	1540.0	DUF900	DUF900	True
AF-A0A0G0IY21-F1	-0.15681502004673817	0.03407786753330967	-0.003292797376364135	0.25802499999999995	Parcubacteria group bacterium GW2011_GWA2_38_13	Bacteria			0.3817	0.136	1742.0		No Pfam hit	True
AF-A0A0G3H0V0-F1	-0.14230558038619254	-0.03284485901498273	-0.13150089080379423	0.429975	Corynebacterium mustelae	Bacteria	Actinobacteria	Actinomycetia	0.4981	0.131	1571.0	Abhydrolase_8	Other α/β hydrolase (CL0028)	True
AF-A0A0H5NGN0-F1	-0.3438826596922674	0.04690682652531349	-0.2125386170759322	0.2394	Nocardia farcinica	Bacteria	Actinobacteria	Actinomycetia	0.2407	0.121	2436.0	Cutinase	Other α/β hydrolase (CL0028)	True
AF-A0A0J1BDR2-F1	0.06142554234460786	-0.1379174066932587	0.02002435344395506	0.5427500000000001	Rhodopirellula islandica	Bacteria	Planctomycetota	Planctomycetia	0.6454	0.149	459.0		No Pfam hit	True
AF-A0A0J1G8D1-F1	-0.3903910950321503	0.13019562004742516	0.3033699074162809	0.1331	Robinsoniella sp. RHS	Bacteria	Firmicutes	Clostridia	0.1468	0.118	2839.0	Peripla_BP_1;Peripla_BP_4	Periplasmic binding protein (CL0144)	True
AF-A0A0J6VJ58-F1	-0.2864703433211553	0.012456802088406984	-0.24680630251840927	0.44247499999999995	Mycolicibacterium chlorophenolicum	Bacteria	Actinobacteria	Actinomycetia	0.4056	0.135	1804.0	Cutinase	Other α/β hydrolase (CL0028)	True
AF-A0A0J9E283-F1	0.14854753550790056	0.11691783778109763	0.013279473834112428	0.53905	Candidatus Rhodobacter lobularis	Bacteria	Proteobacteria	Alphaproteobacteria	0.5844	0.202	642.0	DUF900	DUF900	True
AF-A0A0K0XVE0-F1	0.1771707750834999	0.24129815248983003	0.0011269874606626453	0.485425	Wenzhouxiangella marina	Bacteria	Proteobacteria	Gammaproteobacteria	0.5719	0.157	1323.0	DUF900	DUF900	True
AF-A0A0K1IR80-F1	0.07834370872156107	-0.18901754558326453	0.00587939530111715	0.931	Haloferax gibbonsii	Archaea	Euryarchaeota	Halobacteria	0.9306	0.72	17.0		No Pfam hit	True
AF-A0A0K2YSH2-F1	-0.37022193595714686	0.003046001034507293	-0.14898846602145135	0.21875	Rhodococcus sp. RD6.2	Bacteria	Actinobacteria	Actinomycetia	0.2881	0.165	2157.0	Cutinase	Other α/β hydrolase (CL0028)	True
AF-A0A0M2K055-F1	-0.2764087301780078	0.016444490949660943	-0.24154661452159767	0.390325	Mycolicibacterium obuense	Bacteria	Actinobacteria	Actinomycetia	0.3606	0.131	2094.0	Cutinase	Other α/β hydrolase (CL0028)	True
AF-A0A0M2XMN5-F1	0.035751257911328375	-0.07384333570340494	0.09162365462464987	0.46985	Sphingobacterium sp. Ag1	Bacteria	Bacteroidota	Sphingobacteriia	0.4915	0.132	1271.0	DUF900	DUF900	True
AF-A0A0M6XUW1-F1	0.1602075570339021	0.03488593215024752	0.0002995124773613347	0.60475	Jannaschia rubra	Bacteria	Proteobacteria	Alphaproteobacteria	0.6277	0.185	477.0	DUF900	DUF900	True
AF-A0A0M9AR50-F1	0.03888505734660906	-0.14856891316302032	-0.0043940101609558375	0.6647749999999999	Halorubrum tropicale	Archaea	Euryarchaeota	Halobacteria	0.6148	0.266	306.0	DUF900;DUF726	DUF900	True
AF-A0A0M9EFU6-F1	0.1422026878240174	0.16574050222069034	-0.04883391414253735	0.49007500000000004	Shimia sp. SK013	Bacteria	Proteobacteria	Alphaproteobacteria	0.6193	0.144	1001.0	Pentapeptide;DUF900	DUF900	True
AF-A0A0N0BPM7-F1	0.09454116850638977	-0.15159336289486858	0.01843472165909213	0.7996000000000001	Haloarcula rubripromontorii	Archaea	Euryarchaeota	Halobacteria	0.7876	0.317	83.0	DUF900;DUF726	DUF900	True
AF-A0A0N1E0X3-F1	0.03210063213223159	-0.10007418352299763	0.047594566190081476	0.48295	Chryseobacterium sp. ERMR1:04	Bacteria	Bacteroidota	Flavobacteriia	0.5131	0.187	1093.0	DUF900	DUF900	True
AF-A0A0P0SFK0-F1	-0.17233633985940724	-0.020338841180534972	-0.1460594645709226	0.290275	Pseudonocardia sp. EC080619-01	Bacteria	Actinobacteria	Actinomycetia	0.4043	0.156	1914.0	Abhydrolase_8	Other α/β hydrolase (CL0028)	True
AF-A0A0P1ERU3-F1	0.1801785553353806	0.2352558502813387	-0.004401446309791214	0.466525	Shimia marina	Bacteria	Proteobacteria	Alphaproteobacteria	0.5518	0.138	1468.0	DUF900	DUF900	True
AF-A0A0P1H470-F1	0.16781952708896825	0.056882581399383354	-0.0046391348452096085	0.63135	Phaeobacter sp. CECT 5382	Bacteria	Proteobacteria	Alphaproteobacteria	0.6348	0.166	601.0	DUF900;DUF676;Abhydrolase_6	DUF900	True
AF-A0A0P6RIN8-F1	0.1704336567347413	0.055618344411956226	-0.010048280461084247	0.62955	Phaeobacter sp. 11ANDIMAR09	Bacteria	Proteobacteria	Alphaproteobacteria	0.6348	0.168	530.0	DUF900;DUF676;Abhydrolase_6	DUF900	True
AF-A0A0P6XS24-F1	-0.44998237546196995	0.13654897811559427	0.40240981399047515	0.230125	Herpetosiphon geysericola	Bacteria	Chloroflexi	Chloroflexia	0.2489	0.12	2699.0	Peripla_BP_6;Peripla_BP_5;ANF_receptor	Periplasmic binding protein (CL0144)	True
AF-A0A0P8BEG2-F1	0.18058474244767653	0.07027158566321812	0.005174628327556694	0.5433000000000001	Algoriphagus marincola HL-49	Bacteria	Bacteroidota	Cytophagia	0.5753	0.186	868.0	DUF900	DUF900	True
AF-A0A0P8BV02-F1	-0.07547522598200883	-0.04322170834805623	-0.05456804683821842	0.5044500000000001	Rhodobacteraceae bacterium HLUCCO18	Bacteria	Proteobacteria	Alphaproteobacteria	0.4542	0.162	1402.0	DUF900;Abhydrolase_6;Abhydrolase_1;Ser_hydrolase	DUF900	True
AF-A0A0Q0I828-F1	0.17414028866876755	0.08003543914626793	0.0060070512048165554	0.52915	Pseudoalteromonas sp. P1-26	Bacteria	Proteobacteria	Gammaproteobacteria	0.5636	0.188	434.0	DUF900	DUF900	True
AF-A0A0Q2M6W0-F1	0.15933767616738445	-0.0018393562383539827	0.016327040288426593	0.6023000000000001	Vibrio furnissii	Bacteria	Proteobacteria	Gammaproteobacteria	0.5806	0.168	857.0	DUF900	DUF900	True
AF-A0A0Q5WRL4-F1	0.15633160678599087	0.05845311953497307	0.006439048911236157	0.53255	Rhizobium sp. Leaf371	Bacteria	Proteobacteria	Alphaproteobacteria	0.6268	0.169	575.0	DUF900;Abhydrolase_6	DUF900	True
AF-A0A0Q5WXC6-F1	0.16989007489913452	0.0450682055942579	0.012427447556265707	0.574925	Rhizobium sp. Leaf383	Bacteria	Proteobacteria	Alphaproteobacteria	0.6285	0.173	473.0	DUF900;Abhydrolase_6	DUF900	True
AF-A0A0Q6VLP9-F1	-0.28644957295749635	-0.009983216786733199	-0.23153173043286224	0.37692499999999995	Aeromicrobium sp. Root344	Bacteria	Actinobacteria	Actinomycetia	0.3544	0.119	1889.0	Cutinase	Other α/β hydrolase (CL0028)	True
AF-A0A0Q7AAY9-F1	0.1474645366345603	0.16133904758586406	0.015103183029013522	0.5757	Rhizobium sp. Root1240	Bacteria	Proteobacteria	Alphaproteobacteria	0.6431	0.161	1349.0	DUF900;Abhydrolase_6	DUF900	True
AF-A0A0Q7E9U5-F1	0.21393738973850804	0.10662726602757826	-0.004217854566304318	0.5762499999999999	Brevundimonas sp. Root1279	Bacteria	Proteobacteria	Alphaproteobacteria	0.6307	0.146	727.0	DUF900;Abhydrolase_6	DUF900	True
AF-A0A0Q7EIJ5-F1	0.18109593973728597	0.20872248456429313	0.028378838227509966	0.488325	Brevundimonas sp. Root1279	Bacteria	Proteobacteria	Alphaproteobacteria	0.569	0.155	1219.0	DUF900	DUF900	True
AF-A0A0Q7K526-F1	-0.27292139949907623	-0.02205042865607661	-0.22184264170338072	0.3645	Aeromicrobium sp. Root472D3	Bacteria	Actinobacteria	Actinomycetia	0.318	0.147	2282.0	Cutinase	Other α/β hydrolase (CL0028)	True
AF-A0A0Q7VE19-F1	0.16326541488470142	0.06567332082994831	0.0257034014128412	0.602275	Caulobacter sp. Root1472	Bacteria	Proteobacteria	Alphaproteobacteria	0.6395	0.174	395.0	DUF900;Abhydrolase_6	DUF900	True
AF-A0A0Q7XZP0-F1	0.1646110943846503	0.05160675331802674	-0.005497971630591538	0.6003499999999999	Rhizobium sp. Root149	Bacteria	Proteobacteria	Alphaproteobacteria	0.6433	0.135	650.0	DUF900	DUF900	True
AF-A0A0Q8FRT6-F1	0.20422306666107573	0.10075848581519363	0.003601284182435736	0.6105499999999999	Caulobacter sp. Root655	Bacteria	Proteobacteria	Alphaproteobacteria	0.6119	0.22	547.0	DUF900;Abhydrolase_6	DUF900	True
AF-A0A0Q8KAJ2-F1	-0.1714115138716523	-0.03258245489676987	-0.002432696039758149	0.389675	Mesorhizobium sp. Root172	Bacteria	Proteobacteria	Alphaproteobacteria	0.3736	0.146	2260.0		No Pfam hit	True
AF-A0A0Q8MSR2-F1	0.1985413196546516	0.08412379685660791	0.0014999357681197405	0.61315	Phenylobacterium sp. Root700	Bacteria	Proteobacteria	Alphaproteobacteria	0.6566	0.159	533.0	DUF900	DUF900	True
AF-A0A0Q8NBA5-F1	0.16383014957068817	0.15887937563436955	-0.018832662241345	0.502075	Flavobacterium sp. Root186	Bacteria	Bacteroidota	Flavobacteriia	0.6194	0.125	1090.0	DUF900	DUF900	True
AF-A0A0Q8P904-F1	0.03646001471716436	-0.30107587325396584	0.16149250292383768	0.470375	Kitasatospora sp. Root187	Bacteria	Actinobacteria	Actinomycetia	0.54	0.134	1342.0		No Pfam hit	True
AF-A0A0Q8W508-F1	-0.286308061703867	-0.01516856424223235	-0.22188427255643764	0.366475	Aeromicrobium sp. Root236	Bacteria	Actinobacteria	Actinomycetia	0.3506	0.15	1995.0	Cutinase	Other α/β hydrolase (CL0028)	True
AF-A0A0Q8Y5Y9-F1	0.16147387496003718	0.2678760059913457	-0.022389024741531347	0.46035000000000004	Achromobacter sp. Root83	Bacteria	Proteobacteria	Betaproteobacteria	0.565	0.118	1510.0	DUF900	DUF900	True
AF-A0A0R2NVM4-F1	0.06199790852307109	-0.1902261125283455	0.02325377687271147	0.800775	Nitrosopumilus sp. BACL13 MAG-121220-bin23	Archaea	Thaumarchaeota		0.7405	0.268	133.0	DUF900;DUF726	DUF900	True
AF-A0A0R2NZ02-F1	0.06721717358742535	-0.1941500652684315	0.018250388689984996	0.80015	Nitrosopumilus sp. BACL13 MAG-120910-bin56	Archaea	Thaumarchaeota		0.7438	0.265	115.0	DUF900;DUF726	DUF900	True
AF-A0A0R3ESQ4-F1	0.02470434358456504	-0.31049942753668325	0.150968033199376	0.48114999999999997	Mycobacteroides sp. H072	Bacteria	Actinobacteria	Actinomycetia	0.5954	0.118	1296.0		No Pfam hit	True
AF-A0A0R3F879-F1	0.0287338464888122	-0.32135152592283317	0.1505039926349722	0.491825	Mycobacteroides sp. H002	Bacteria	Actinobacteria	Actinomycetia	0.5768	0.118	1154.0		No Pfam hit	True
AF-A0A0R3F8S6-F1	-0.20659472413573385	-0.004484675022723784	-0.19069112396420246	0.37149999999999994	Mycobacteroides sp. H072	Bacteria	Actinobacteria	Actinomycetia	0.4085	0.156	1812.0	Abhydrolase_8	Other α/β hydrolase (CL0028)	True
AF-A0A0R3FAV9-F1	0.031547058684095554	-0.3160342024011677	0.16804996318338689	0.478975	Mycobacteroides sp. H092	Bacteria	Actinobacteria	Actinomycetia	0.5868	0.117	1286.0		No Pfam hit	True
AF-A0A0R3FEZ1-F1	-0.21509154149948095	-0.025718072655046106	-0.1861639504350713	0.351325	Mycobacteroides sp. H002	Bacteria	Actinobacteria	Actinomycetia	0.3984	0.165	1802.0	Abhydrolase_8	Other α/β hydrolase (CL0028)	True
AF-A0A0R3FXE9-F1	-0.21229144097664623	-0.0266557724126555	-0.17788496914300464	0.35519999999999996	Mycobacteroides sp. H092	Bacteria	Actinobacteria	Actinomycetia	0.3973	0.167	1779.0	Abhydrolase_8	Other α/β hydrolase (CL0028)	True
AF-A0A0R3GHX1-F1	-0.21335937679128197	-0.01677564822861624	-0.19006031318000224	0.376975	Mycobacteroides sp. H054	Bacteria	Actinobacteria	Actinomycetia	0.4083	0.158	1788.0	Abhydrolase_8	Other α/β hydrolase (CL0028)	True
AF-A0A0R3H5Q9-F1	0.036392619932426956	-0.3112535294346341	0.16861076574190575	0.49615000000000004	Mycobacteroides sp. H054	Bacteria	Actinobacteria	Actinomycetia	0.6203	0.127	1246.0		No Pfam hit	True
AF-A0A0R3IB03-F1	-0.21660621749667489	-0.015365291445262986	-0.1862975931601743	0.35845000000000005	Mycobacteroides sp. H001	Bacteria	Actinobacteria	Actinomycetia	0.3981	0.167	1780.0	Abhydrolase_8	Other α/β hydrolase (CL0028)	True
AF-A0A0R3INI6-F1	0.035903070430227196	-0.3072180096324268	0.15276228105974363	0.504025	Mycobacteroides sp. H001	Bacteria	Actinobacteria	Actinomycetia	0.5866	0.12	1318.0		No Pfam hit	True
AF-A0A0S7YFE9-F1	-0.32902274201564513	0.029751506256528504	-0.045917764370251905	0.2561	Parcubacteria bacterium DG_74_1	Bacteria	Candidatus Parcubacteria		0.2432	0.138	2259.0	Lipase_3	Other α/β hydrolase (CL0028)	True
AF-A0A0S7ZXV0-F1	0.17659731214476143	0.231823000473358	0.019910275814044337	0.47907500000000003	Gammaproteobacteria bacterium SG8_15	Bacteria	Proteobacteria	Gammaproteobacteria	0.5728	0.155	973.0	DUF900	DUF900	True
AF-A0A0S8ABH2-F1	0.18137667422639223	0.15417684670090148	-0.01650385247530299	0.570475	Gammaproteobacteria bacterium SG8_11	Bacteria	Proteobacteria	Gammaproteobacteria	0.6244	0.143	1172.0	DUF900	DUF900	True
AF-A0A0S8AIL8-F1	0.18812961263082975	0.2652242404146098	0.014553262851414247	0.3971	Desulfobacterales bacterium SG8_35	Bacteria	Proteobacteria	Deltaproteobacteria	0.5348	0.121	1319.0	DUF900	DUF900	True
AF-A0A0S8CKY1-F1	0.17439302664953577	0.22546131398808245	-0.00033432505988142096	0.460075	Desulfobacterales bacterium SG8_35_2	Bacteria	Proteobacteria	Deltaproteobacteria	0.5428	0.175	1551.0	DUF900	DUF900	True
AF-A0A0S8CQF2-F1	0.1897756804043004	0.24434894377913968	0.044553133525662356	0.49067500000000003	Desulfobacterales bacterium SG8_35_2	Bacteria	Proteobacteria	Deltaproteobacteria	0.5746	0.118	1570.0	DUF900	DUF900	True
AF-A0A0S8CSA0-F1	0.11292148520390256	0.17053892477951296	-0.05736051988272812	0.5428499999999999	Desulfobacterales bacterium SG8_35_2	Bacteria	Proteobacteria	Deltaproteobacteria	0.5111	0.146	1713.0	DUF900	DUF900	True
AF-A0A0S8DK41-F1	0.18486176293507398	0.24938684151698776	0.007922085253004071	0.47767499999999996	Nitrospira bacterium SG8_35_1	Bacteria	Nitrospirae	Nitrospira	0.5421	0.135	1334.0	DUF900	DUF900	True
AF-A0A0S8F932-F1	0.16432796521186607	0.04308387273241307	0.012832587803271008	0.64235	Gammaproteobacteria bacterium SG8_31	Bacteria	Proteobacteria	Gammaproteobacteria	0.6767	0.171	371.0	DUF900	DUF900	True
AF-A0A0S8FM69-F1	0.16580683859761053	0.04954167911679411	-0.0007700938462289531	0.605225	Gammaproteobacteria bacterium SG8_31	Bacteria	Proteobacteria	Gammaproteobacteria	0.6345	0.194	598.0	DUF900	DUF900	True
AF-A0A0T5VVD5-F1	0.1552793877490794	0.14755225311339792	0.0032268586830998224	0.48905000000000004	Pedobacter ginsenosidimutans	Bacteria	Bacteroidota	Sphingobacteriia	0.6576	0.131	1249.0	DUF900	DUF900	True
AF-A0A0T5ZCZ3-F1	0.07509323016879972	-0.18051014677988225	0.020709664067614278	0.7840750000000001	Thaumarchaeota archaeon CSP1-1	Archaea	Thaumarchaeota		0.7215	0.247	204.0	DUF900;DUF676;Cutinase;DUF726	DUF900	True
AF-A0A0T6Y2S4-F1	0.161878140874466	0.21846890133564523	-0.029967332326657912	0.5448999999999999	Sinorhizobium sp. Sb3	Bacteria	Proteobacteria	Alphaproteobacteria	0.6279	0.142	1095.0	DUF900	DUF900	True
AF-A0A0T6ZPV1-F1	0.1626432524837634	0.2160723216442182	-0.023238235266070644	0.52865	Sinorhizobium sp. GL28	Bacteria	Proteobacteria	Alphaproteobacteria	0.6089	0.145	1147.0	DUF900	DUF900	True
AF-A0A0U0ZK76-F1	0.07591178164168877	-0.31401916871365004	0.16672652742209282	0.48092500000000005	Mycobacteroides abscessus	Bacteria	Actinobacteria	Actinomycetia	0.5462	0.095	1451.0		No Pfam hit	True
AF-A0A0U5C4T3-F1	0.1682751929085181	0.27749580679754654	-0.02968773422722272	0.38585	Thiocapsa sp. KS1	Bacteria	Proteobacteria	Gammaproteobacteria	0.4511	0.18	1572.0	DUF900	DUF900	True
AF-A0A0U5E8Y5-F1	0.16426923853361086	0.2575311908168814	-0.025255262658720634	0.433875	Thiocapsa sp. KS1	Bacteria	Proteobacteria	Gammaproteobacteria	0.4807	0.15	1408.0	DUF900	DUF900	True
AF-A0A0U5ETE6-F1	0.1719685053295947	0.14854841061490134	0.010101491008359232	0.5346	Candidatus Protochlamydia naegleriophila	Bacteria	Chlamydiae	Chlamydiia	0.5766	0.163	951.0	DUF900	DUF900	True
AF-A0A0U5H2S5-F1	0.03442325146416375	-0.17407553519125718	0.01844829862122568	0.6893	Halobacterium hubeiense	Archaea	Euryarchaeota	Halobacteria	0.7051	0.252	281.0	DUF900;DUF726	DUF900	True
AF-A0A0U5IFT9-F1	0.1786164371711739	0.26266248924626256	-0.03086802669976019	0.42994999999999994	Thiocapsa sp. KS1	Bacteria	Proteobacteria	Gammaproteobacteria	0.4579	0.137	1453.0	DUF900	DUF900	True
AF-A0A0W0GK36-F1	-0.28428143849879384	0.045196396947684014	-0.06222360635500196	0.2783	Dehalogenimonas alkenigignens	Bacteria	Chloroflexi	Dehalococcoidia	0.2757	0.125	2133.0		No Pfam hit	True
AF-A0A0W0SP70-F1	0.17201586740391603	0.14075497041786142	-0.010425963815133187	0.5563	Legionella brunensis	Bacteria	Proteobacteria	Gammaproteobacteria	0.6108	0.137	991.0	DUF900	DUF900	True
AF-A0A0W1R9H8-F1	0.0752661353664217	-0.18840685304730853	-0.00061216911657938	0.89415	Haloprofundus marisrubri	Archaea	Euryarchaeota	Halobacteria	0.9011	0.535	41.0		No Pfam hit	True
AF-A0A0X7AB28-F1	0.1359183563216988	0.1678036794014213	-0.02777825361528365	0.5038	Agrobacterium sp. LY4	Bacteria	Proteobacteria	Alphaproteobacteria	0.5669	0.16	1155.0	DUF900;Abhydrolase_6	DUF900	True
AF-A0A101VJ78-F1	0.16604826665747544	0.18780605488221155	-0.037636440407304426	0.5121	Alphaproteobacteria bacterium BRH_c36	Bacteria	Proteobacteria	Alphaproteobacteria	0.5648	0.207	932.0	DUF900;Lipase_2;LCAT	DUF900	True
AF-A0A109JD27-F1	0.16462798583878446	0.047034639020768425	0.015395698059871923	0.57745	Rhizobium altiplani	Bacteria	Proteobacteria	Alphaproteobacteria	0.5922	0.154	593.0	DUF900;Abhydrolase_6	DUF900	True
AF-A0A120FE04-F1	0.06830235364318425	0.25565394196410823	-0.023022851005703594	0.48045	Rhizobium altiplani	Bacteria	Proteobacteria	Alphaproteobacteria	0.4507	0.132	1722.0	DUF900	DUF900	True
AF-A0A127EU49-F1	0.0826127675904961	-0.28962410852151665	0.16139108000832367	0.49355000000000004	Rhodoplanes sp. Z2-YC6860	Bacteria	Proteobacteria	Alphaproteobacteria	0.5868	0.091	1191.0		No Pfam hit	True
AF-A0A135P029-F1	0.1374591624851446	0.1613997133436388	-0.018813977840936164	0.535725	Agrobacterium bohemicum	Bacteria	Proteobacteria	Alphaproteobacteria	0.6377	0.147	1329.0	DUF900;Abhydrolase_6	DUF900	True
AF-A0A136MW80-F1	0.18966177831131895	0.22870270314709806	-0.01022357508392426	0.46985	Omnitrophica bacterium OLB16	Bacteria	Candidatus Omnitrophica		0.5721	0.187	1024.0	DUF900	DUF900	True
AF-A0A136N0M7-F1	0.1241317996324024	0.00820690015701328	-0.018249483321185166	0.6087	Bacteroidetes bacterium OLB9	Bacteria	Bacteroidota		0.597	0.147	780.0	DUF900	DUF900	True
AF-A0A138AW13-F1	-0.27024888761138577	-0.00983564774399451	-0.20274979575069554	0.39907499999999996	Tsukamurella pseudospumae	Bacteria	Actinobacteria	Actinomycetia	0.3809	0.132	1877.0	Cutinase	Other α/β hydrolase (CL0028)	True
AF-A0A142X520-F1	0.10293110362903701	-0.10305350895064756	0.03807385736197714	0.5865	Planctomyces sp. SH-PL14	Bacteria	Planctomycetota	Planctomycetia	0.6793	0.187	652.0	DUF900	DUF900	True
AF-A0A142XWX1-F1	0.09920365831734544	-0.1423757891384107	0.057007738132242296	0.557425	Pirellula sp. SH-Sr6A	Bacteria	Planctomycetota	Planctomycetia	0.5825	0.19	599.0	DUF900	DUF900	True
AF-A0A162HHD6-F1	0.03786493158888341	-0.16097536040440608	-0.010489904643038646	0.7100500000000001	Haloarcula sp. K1	Archaea	Euryarchaeota	Halobacteria	0.6962	0.25	324.0	DUF900;DUF726	DUF900	True
AF-A0A163Y6P7-F1	0.1516365517645369	0.0730498799933501	0.020507851835887013	0.5674	Tardiphaga robiniae	Bacteria	Proteobacteria	Alphaproteobacteria	0.5985	0.158	786.0	DUF900;Abhydrolase_6	DUF900	True
AF-A0A164JYS3-F1	-0.39610057423032174	0.03512538648784747	-0.20384185554454431	0.18862500000000001	Rhodococcus sp. EPR-157	Bacteria	Actinobacteria	Actinomycetia	0.1975	0.138	2408.0	Cutinase	Other α/β hydrolase (CL0028)	True
AF-A0A165LUI8-F1	0.08334318526522713	-0.15699013166917408	0.006789164534579493	0.793975	Haloarcula sp. K1	Archaea	Euryarchaeota	Halobacteria	0.7829	0.331	82.0	DUF900;DUF726	DUF900	True
AF-A0A166S7I3-F1	0.05068209774495003	-0.18571733633341403	0.0036026717103275377	0.768	Haladaptatus sp. R4	Archaea	Euryarchaeota	Halobacteria	0.7824	0.343	60.0	DUF676;DUF726	DUF726	True
AF-A0A166SG65-F1	0.08203217380849187	-0.17067474149878412	0.005927019592277788	0.881475	Haladaptatus sp. R4	Archaea	Euryarchaeota	Halobacteria	0.8957	0.559	40.0		No Pfam hit	True
AF-A0A172UWJ3-F1	-0.37792758687117733	0.040619948600270836	-0.19042149936204697	0.19442500000000001	Mycobacterium sp. YC-RL4	Bacteria	Actinobacteria	Actinomycetia	0.2047	0.124	2578.0	Cutinase	Other α/β hydrolase (CL0028)	True
AF-A0A174MDB5-F1	-0.44836246765825094	0.14498800439283596	0.4213125566939677	0.135975	Anaerotruncus colihominis	Bacteria	Firmicutes	Clostridia	0.1549	0.133	2881.0	Peripla_BP_6;Peripla_BP_5;ANF_receptor	Periplasmic binding protein (CL0144)	True
AF-A0A176FU39-F1	0.18383956551652567	0.2667154427486605	-0.004150601484682352	0.423675	Roseovarius sp. HI0049	Bacteria	Proteobacteria	Alphaproteobacteria	0.4999	0.177	1316.0	DUF900	DUF900	True
AF-A0A176X7X0-F1	0.1422463736485301	0.15858475592167665	-0.01459235083979261	0.5347500000000001	Agrobacterium tumefaciens	Bacteria	Proteobacteria	Alphaproteobacteria	0.6283	0.146	1225.0	DUF900;Abhydrolase_6	DUF900	True
AF-A0A178XP19-F1	0.15572056135356177	0.24212470717627532	-0.026963823318154286	0.46075	Ensifer glycinis	Bacteria	Proteobacteria	Alphaproteobacteria	0.5551	0.143	1298.0	DUF900	DUF900	True
AF-A0A179VEG4-F1	-0.3693282244201304	0.04747144702800968	-0.17565172401961837	0.175975	Mycobacteroides immunogenum	Bacteria	Actinobacteria	Actinomycetia	0.2	0.107	2661.0	Cutinase	Other α/β hydrolase (CL0028)	True
AF-A0A179VF05-F1	0.02844786796915075	-0.28963908315679693	0.16062094727949805	0.4841	Mycobacteroides immunogenum	Bacteria	Actinobacteria	Actinomycetia	0.5907	0.125	1222.0		No Pfam hit	True
AF-A0A196PD14-F1	0.16369550407921596	0.04976583487842198	0.005174225100401032	0.6866749999999999	Sulfitobacter sp. EhC04	Bacteria	Proteobacteria	Alphaproteobacteria	0.6903	0.199	340.0	DUF900;Abhydrolase_6	DUF900	True
AF-A0A1A0MPB5-F1	-0.2929951742317755	-0.014734298958743081	-0.25764382115947193	0.38817500000000005	Mycobacteriaceae bacterium 1482268.1	Bacteria	Actinobacteria	Actinomycetia	0.3872	0.104	1809.0	Cutinase	Other α/β hydrolase (CL0028)	True
AF-A0A1A0QW40-F1	-0.30065681643013126	-0.0011285062633264453	-0.2568772308685905	0.44380000000000003	Mycolicibacterium peregrinum	Bacteria	Actinobacteria	Actinomycetia	0.3933	0.142	1743.0	Cutinase	Other α/β hydrolase (CL0028)	True
AF-A0A1A0VV33-F1	-0.293231718516231	-0.011841029848296181	-0.25399104633977576	0.45875	Mycolicibacterium peregrinum	Bacteria	Actinobacteria	Actinomycetia	0.4056	0.155	1721.0	Cutinase	Other α/β hydrolase (CL0028)	True
AF-A0A1A1ZBU0-F1	-0.28794100849415116	0.008389445046400323	-0.24616069886816103	0.452	Mycobacterium sp. ACS1612	Bacteria	Actinobacteria	Actinomycetia	0.4105	0.132	1763.0	Cutinase	Other α/β hydrolase (CL0028)	True
AF-A0A1A3BEJ5-F1	-0.3090885255204897	-0.01049943311942021	-0.23573522047242934	0.37312500000000004	Mycobacterium sp. E740	Bacteria	Actinobacteria	Actinomycetia	0.3727	0.145	1944.0	Cutinase	Other α/β hydrolase (CL0028)	True
AF-A0A1A3C5H0-F1	-0.28816792569936617	0.006892216004528558	-0.24212184948562385	0.3815	Mycobacterium sp. 1245805.9	Bacteria	Actinobacteria	Actinomycetia	0.3592	0.095	2025.0	Cutinase	Other α/β hydrolase (CL0028)	True
AF-A0A1A3EFB8-F1	0.03537642589733825	-0.295217296650577	0.12749524929554742	0.476175	Mycobacterium sp. 1465703.0	Bacteria	Actinobacteria	Actinomycetia	0.4998	0.112	1027.0		No Pfam hit	True
AF-A0A1A3FI33-F1	0.03865865650524176	-0.28111909012243497	0.10719928924168384	0.48505	Mycobacterium sp. 1245801.1	Bacteria	Actinobacteria	Actinomycetia	0.5534	0.111	996.0		No Pfam hit	True
AF-A0A1A3T7P6-F1	-0.28932274004243436	-0.018016996387266334	-0.25699543684679915	0.395725	Mycobacterium sp. 1274761.0	Bacteria	Actinobacteria	Actinomycetia	0.392	0.11	1830.0	Cutinase	Other α/β hydrolase (CL0028)	True
AF-A0A1A5IMY4-F1	-0.16625440114310452	-0.018232536984516285	-0.005982350333167984	0.389825	Mesorhizobium loti	Bacteria	Proteobacteria	Alphaproteobacteria	0.3631	0.137	2193.0		No Pfam hit	True
AF-A0A1B6Z6E4-F1	0.009002459926384074	-0.06799584690310646	0.035893341472922884	0.4766	Sphingomonadales bacterium EhC05	Bacteria	Proteobacteria	Alphaproteobacteria	0.5582	0.169	1442.0		No Pfam hit	True
AF-A0A1B8SGR9-F1	-0.3000675407499381	0.0010023106160477258	-0.25147300240330694	0.4543	Mycolicibacter kumamotonensis	Bacteria	Actinobacteria	Actinomycetia	0.3926	0.136	1782.0	Cutinase	Other α/β hydrolase (CL0028)	True
AF-A0A1B8SLY4-F1	0.0959183685457707	-0.2681579389776308	0.16635685783119802	0.396625	Mycolicibacter kumamotonensis	Bacteria	Actinobacteria	Actinomycetia	0.5145	0.112	1435.0		No Pfam hit	True
AF-A0A1B9F086-F1	-0.42641534593796465	0.14606376432668022	0.3920746311327004	0.13698	Streptomyces sp. PTY087I2	Bacteria	Actinobacteria	Actinomycetia	0.1921	0.128	2849.0	Pkinase;PK_Tyr_Ser-Thr;Peripla_BP_6;ANF_receptor	Periplasmic binding protein (CL0144)	True
AF-A0A1B9PIQ9-F1	0.15196572463939823	0.05164988037387535	0.018120619631903943	0.55035	Aliivibrio sp. 1S175	Bacteria	Proteobacteria	Gammaproteobacteria	0.5949	0.162	435.0	DUF900	DUF900	True
AF-A0A1B9RV06-F1	0.13652535694212617	0.16345595554151823	-0.032700044160700145	0.5124	Rhizobium sp. AC27/96	Bacteria	Proteobacteria	Alphaproteobacteria	0.5785	0.17	1060.0	DUF900;Abhydrolase_6	DUF900	True
AF-A0A1B9V595-F1	0.1458532586262946	0.16673377571855016	-0.024174332207209055	0.502825	Agrobacterium tumefaciens	Bacteria	Proteobacteria	Alphaproteobacteria	0.6088	0.148	1321.0	DUF900;Abhydrolase_6	DUF900	True
AF-A0A1C1YY77-F1	0.14033836517317905	0.1955590950864308	-0.019903643342968593	0.47614999999999996	Hoeflea olei	Bacteria	Proteobacteria	Alphaproteobacteria	0.5403	0.162	1335.0	DUF900;Abhydrolase_6	DUF900	True
AF-A0A1C3TX38-F1	0.133182928939809	0.1591177221029012	-0.02603550228294857	0.48565	Rhizobium miluonense	Bacteria	Proteobacteria	Alphaproteobacteria	0.5675	0.152	964.0	DUF900;Abhydrolase_6	DUF900	True
AF-A0A1C3VUY7-F1	0.13475117847063475	0.16599978612568486	-0.017798225543731297	0.502975	Rhizobium hainanense	Bacteria	Proteobacteria	Alphaproteobacteria	0.5699	0.156	841.0	DUF900;Abhydrolase_6	DUF900	True
AF-A0A1C3WIW0-F1	0.13719619789880613	0.17913384069030852	-0.038963665619629564	0.501225	Rhizobium multihospitium	Bacteria	Proteobacteria	Alphaproteobacteria	0.5625	0.156	1056.0	DUF900;Abhydrolase_6	DUF900	True
AF-A0A1C7PEI3-F1	0.0037367988395600447	-0.12603739307633638	-0.0039784932962448165	0.53305	Akkermansia glycaniphila	Bacteria	Verrucomicrobia	Verrucomicrobiae	0.637	0.253	287.0	DUF900	DUF900	True
AF-A0A1D2QAF5-F1	0.05147813013030176	-0.18734731241633126	0.01613433515736817	0.7691	Haladaptatus sp. W1	Archaea	Euryarchaeota	Halobacteria	0.7823	0.339	90.0	DUF726	DUF726	True
AF-A0A1D2QC66-F1	0.07471315676710019	-0.17186622839513038	-0.02807185825242934	0.873	Haladaptatus sp. W1	Archaea	Euryarchaeota	Halobacteria	0.8852	0.436	47.0	DUF900	DUF900	True
AF-A0A1D2QC87-F1	0.07837224592473284	-0.17061883393914656	-0.003733064455485707	0.88565	Haladaptatus sp. W1	Archaea	Euryarchaeota	Halobacteria	0.9004	0.589	38.0		No Pfam hit	True
AF-A0A1D7U1G2-F1	0.09750882805510583	0.13171825900914405	-0.05577671626868408	0.52905	Bosea vaviloviae	Bacteria	Proteobacteria	Alphaproteobacteria	0.5303	0.143	1124.0	DUF900	DUF900	True
AF-A0A1D9GAA2-F1	-0.18961449403275477	-0.011514757084075485	-0.06301818409764759	0.39825	Moorena producens JHB	Bacteria	Cyanobacteria		0.2719	0.13	2351.0		No Pfam hit	True
AF-A0A1E3RJS2-F1	-0.30350689693031996	-0.005672428161752589	-0.23795454263620264	0.44515000000000005	Mycolicibacterium flavescens	Bacteria	Actinobacteria	Actinomycetia	0.4022	0.133	1810.0	Cutinase	Other α/β hydrolase (CL0028)	True
AF-A0A1E3RXR1-F1	0.05432895381029697	-0.2751084017298774	0.1376678154693632	0.445775	Mycobacterium holsaticum	Bacteria	Actinobacteria	Actinomycetia	0.4931	0.14	1411.0		No Pfam hit	True
AF-A0A1E4CLN1-F1	-0.16058321888142826	-0.013518869075018557	-0.15842802966387826	0.36605	Microbacterium sp. SCN 70-27	Bacteria	Actinobacteria	Actinomycetia	0.4659	0.151	1766.0	Abhydrolase_8	Other α/β hydrolase (CL0028)	True
AF-A0A1E4FI24-F1	-0.0009133034484465776	-0.08064567612232842	0.01045012402551066	0.39845	bacterium SCN 62-11	Bacteria			0.4478	0.189	1618.0	DUF900	DUF900	True
AF-A0A1E4GT15-F1	0.20666461047472157	0.10898372722332209	-0.004071813788042038	0.584225	Phenylobacterium sp. SCN 70-31	Bacteria	Proteobacteria	Alphaproteobacteria	0.5824	0.173	781.0	DUF900;Abhydrolase_6	DUF900	True
AF-A0A1E4YGR8-F1	0.11634624184783611	0.18068014334018007	0.005061068078896633	0.45694999999999997	Rhizobium sp. YK2	Bacteria	Proteobacteria	Alphaproteobacteria	0.5378	0.157	1288.0	DUF900;Abhydrolase_6	DUF900	True
AF-A0A1E7GW37-F1	0.17615067052682673	0.2516726680737653	-0.0003008172208765762	0.458975	Desulfobacterales bacterium S3730MH5	Bacteria	Proteobacteria	Deltaproteobacteria	0.5714	0.111	1475.0	DUF900	DUF900	True
AF-A0A1E7I0R1-F1	0.1793192398968989	0.026401439130094972	0.03170451279966979	0.591375	Desulfovibrio sp. S3730MH75	Bacteria	Proteobacteria	Deltaproteobacteria	0.6131	0.188	867.0	DUF900	DUF900	True
AF-A0A1E7I3D5-F1	0.13436198368579524	0.2591056622846324	-0.015295979544180691	0.4263	Desulfovibrio sp. S3730MH75	Bacteria	Proteobacteria	Deltaproteobacteria	0.5147	0.154	1512.0	DUF900	DUF900	True
AF-A0A1E8Q0C6-F1	-0.3782809062007058	0.04338875765203029	-0.18397102309051905	0.21785	Mycobacterium grossiae	Bacteria	Actinobacteria	Actinomycetia	0.2434	0.131	2440.0	Cutinase	Other α/β hydrolase (CL0028)	True
AF-A0A1F2F293-F1	-0.1303276583559198	-0.023548534459793508	-0.06926256761838821	0.44405	Corynebacterium sp. HMSC11E11	Bacteria	Actinobacteria	Actinomycetia	0.4576	0.156	1659.0	Abhydrolase_8;Lipase_3	Other α/β hydrolase (CL0028)	True
AF-A0A1F2JNQ5-F1	0.02462461356727727	-0.06442463634361792	0.06209569646811966	0.4646	Sphingobacterium sp. HMSC13C05	Bacteria	Bacteroidota	Sphingobacteriia	0.4853	0.132	1272.0	DUF900	DUF900	True
AF-A0A1F2MC37-F1	0.15879584378152933	-0.010810925603976108	0.01287548778325351	0.621275	Klebsiella sp. HMSC16C06	Bacteria	Proteobacteria	Gammaproteobacteria	0.6076	0.145	849.0	DUF900	DUF900	True
AF-A0A1F3CC45-F1	0.16966993246222098	0.045339837602188376	0.01466086755085534	0.6128	Bacteroidetes bacterium GWA2_32_17	Bacteria	Bacteroidota		0.6508	0.151	636.0	DUF900	DUF900	True
AF-A0A1F3NZP4-F1	0.1682860717705155	0.053755575289457604	0.011948645987014358	0.56045	Bacteroidetes bacterium RIFCSPLOWO2_12_FULL_37_12	Bacteria	Bacteroidota		0.5984	0.174	714.0	DUF900	DUF900	True
AF-A0A1F4RXG4-F1	-0.21668597188242908	0.011442826117157722	-0.04041286821207284	0.3636	candidate division WOR-1 bacterium RIFOXYB2_FULL_36_35	Bacteria			0.405	0.103	2043.0	Hydrolase_4;Abhydrolase_6;DUF900	DUF900	True
AF-A0A1F5Y685-F1	0.26610509316701836	0.08475555732053755	0.1568700207292397	0.484325	Candidatus Giovannonibacteria bacterium RIFCSPLOWO2_12_43_8	Bacteria	Candidatus Giovannonibacteria		0.3421	0.183	1796.0	DUF900	DUF900	True
AF-A0A1F8LWA0-F1	-0.29938316469962084	0.07292475302222202	-0.048108239379234356	0.27549999999999997	Chloroflexi bacterium RBG_13_48_17	Bacteria	Chloroflexi		0.2764	0.143	2116.0		No Pfam hit	True
AF-A0A1F8MDG1-F1	-0.2530035805895164	0.040274776342022325	-0.06363023051707456	0.32625000000000004	Chloroflexi bacterium RBG_13_51_18	Bacteria	Chloroflexi		0.2641	0.14	2273.0		No Pfam hit	True
AF-A0A1F8MKS0-F1	-0.2928059792127642	0.0279644760197788	-0.06696847776618593	0.30462500000000003	Chloroflexi bacterium RBG_13_51_52	Bacteria	Chloroflexi		0.3077	0.135	2104.0		No Pfam hit	True
AF-A0A1F8MSM0-F1	-0.2867354251825464	0.028668281194192315	-0.06455964482626973	0.293	Chloroflexi bacterium RBG_13_52_12	Bacteria	Chloroflexi		0.2983	0.142	2082.0		No Pfam hit	True
AF-A0A1F8MZ91-F1	-0.3015934029382238	0.06152896853072986	-0.0502338967106815	0.2653	Chloroflexi bacterium RBG_13_54_8	Bacteria	Chloroflexi		0.271	0.148	2060.0		No Pfam hit	True
AF-A0A1F8PA03-F1	-0.26870671855672795	0.09525035623466548	-0.06769024954520843	0.2649	Chloroflexi bacterium RBG_16_50_11	Bacteria	Chloroflexi		0.2519	0.115	2319.0		No Pfam hit	True
AF-A0A1F8PNB6-F1	-0.29832985784566596	0.029453122728536396	-0.07027210705262156	0.30435	Chloroflexi bacterium RBG_16_50_9	Bacteria	Chloroflexi		0.3075	0.128	2231.0		No Pfam hit	True
AF-A0A1F8Q781-F1	-0.2982293292208139	0.020280878975295263	-0.054433714640892	0.349475	Chloroflexi bacterium RBG_16_56_11	Bacteria	Chloroflexi		0.3433	0.144	1911.0		No Pfam hit	True
AF-A0A1F8R8T9-F1	-0.28321448568763824	0.03484342301965084	-0.07327450427929995	0.329275	Chloroflexi bacterium RBG_16_60_22	Bacteria	Chloroflexi		0.3228	0.133	2095.0		No Pfam hit	True
AF-A0A1F9GJV8-F1	-0.23756871281554576	0.032353589247525134	-0.056251562871093425	0.266575	Deltaproteobacteria bacterium RIFCSPLOWO2_01_FULL_45_74	Bacteria	Proteobacteria	Deltaproteobacteria	0.3751	0.123	2215.0		No Pfam hit	True
AF-A0A1G1J1U3-F1	0.16726709356348668	0.15396456968910927	0.017116893607909134	0.5114749999999999	Omnitrophica bacterium RBG_13_46_9	Bacteria	Candidatus Omnitrophica		0.5604	0.143	1099.0	DUF900	DUF900	True
AF-A0A1G2DZW6-F1	-0.3164339757338401	0.0436758926156611	-0.07077506267393088	0.27582500000000004	Candidatus Nealsonbacteria bacterium RBG_13_38_11	Bacteria	Candidatus Nealsonbacteria		0.2549	0.144	2335.0	Lipase_3	Other α/β hydrolase (CL0028)	True
AF-A0A1G2DZW8-F1	-0.30767890643235213	0.04145969794888347	-0.048390884262933455	0.2531	Candidatus Nealsonbacteria bacterium RBG_13_42_11	Bacteria	Candidatus Nealsonbacteria		0.2372	0.151	2280.0	Lipase_3	Other α/β hydrolase (CL0028)	True
AF-A0A1G2WD08-F1	0.21468843179798744	0.09402409074264172	0.010041740922512726	0.60615	Phenylobacterium sp. RIFCSPHIGHO2_01_FULL_69_31	Bacteria	Proteobacteria	Alphaproteobacteria	0.6365	0.206	520.0	DUF900;Abhydrolase_6	DUF900	True
AF-A0A1G2ZZ81-F1	0.11260906394915128	-0.10749744261021292	0.02428542271232947	0.59805	Planctomycetes bacterium RBG_16_64_10	Bacteria	Planctomycetota		0.6742	0.175	543.0		No Pfam hit	True
AF-A0A1G3AI78-F1	0.2612495197080204	0.09710074665518066	0.15265529777835843	0.46735	Planctomycetes bacterium RIFCSPHIGHO2_02_FULL_38_41	Bacteria	Planctomycetota		0.3408	0.191	1769.0	DUF900	DUF900	True
AF-A0A1G5YHP3-F1	-0.15942568311858696	-0.02309055611713747	0.0013555056448749554	0.417625	Mesorhizobium qingshengii	Bacteria	Proteobacteria	Alphaproteobacteria	0.3782	0.145	2199.0		No Pfam hit	True
AF-A0A1G6AGS8-F1	-0.37963663967217726	0.11120042053604288	0.2853866258549988	0.164775	Butyrivibrio sp. INlla16	Bacteria	Firmicutes	Clostridia	0.1671	0.119	2851.0	ABC_sub_bind	Periplasmic binding protein (CL0144)	True
AF-A0A1G6DCB7-F1	-0.3414410222559527	0.09445721160866204	0.2715914316581633	0.167925	Butyrivibrio sp. INlla16	Bacteria	Firmicutes	Clostridia	0.19	0.108	2743.0	ABC_sub_bind	Periplasmic binding protein (CL0144)	True
AF-A0A1G6T2T5-F1	0.15828408366930533	0.061301698644847934	0.019079732415732305	0.552025	Algoriphagus faecimaris	Bacteria	Bacteroidota	Cytophagia	0.6027	0.2	523.0	DUF900	DUF900	True
AF-A0A1G6YMV6-F1	-0.4017218948669096	0.1353911868621142	0.39732768811423474	0.198175	Streptomyces prasinopilosus	Bacteria	Actinobacteria	Actinomycetia	0.2486	0.133	2815.0	Pkinase;PK_Tyr_Ser-Thr;Peripla_BP_6	Periplasmic binding protein (CL0144)	True
AF-A0A1G7K8X1-F1	0.036688194071161084	-0.14703178687996063	-0.0027600587864864963	0.6754249999999999	Halorubrum xinjiangense	Archaea	Euryarchaeota	Halobacteria	0.5952	0.267	319.0	Abhydrolase_8;DUF900;DUF726	DUF900	True
AF-A0A1G7NPL8-F1	0.052437253783560046	-0.2002791469974155	-0.0004656667405742939	0.8100499999999999	Halorientalis regularis	Archaea	Euryarchaeota	Halobacteria	0.8169	0.316	53.0		No Pfam hit	True
AF-A0A1G7U6M7-F1	0.033564348308974284	-0.15816135045936605	-0.01116429082254454	0.71575	Halorientalis regularis	Archaea	Euryarchaeota	Halobacteria	0.7441	0.254	198.0		No Pfam hit	True
AF-A0A1G7U755-F1	0.0012245363235466279	-0.14598366059728599	-0.03530319672208052	0.7534000000000001	Halorientalis regularis	Archaea	Euryarchaeota	Halobacteria	0.6747	0.263	235.0	DUF900;DUF726	DUF900	True
AF-A0A1G8V2I7-F1	0.05339903057220464	-0.17585323849689388	-0.014134338333133325	0.7764	Natronorubrum texcoconense	Archaea	Euryarchaeota	Halobacteria	0.7918	0.347	55.0	DUF900;DUF726	DUF900	True
AF-A0A1G9TL43-F1	-0.4270295494568589	0.09163744707927902	0.3940846060408856	0.14455	Nonomuraea jiangxiensis	Bacteria	Actinobacteria	Actinomycetia	0.2514	0.111	2736.0	Peripla_BP_6;Peripla_BP_5;ANF_receptor	Periplasmic binding protein (CL0144)	True
AF-A0A1G9TW67-F1	0.06067654837034551	-0.16834687809732107	-0.033641012407938285	0.79015	Haloarchaeobius iranensis	Archaea	Euryarchaeota	Halobacteria	0.7995	0.384	49.0	DUF900;DUF726	DUF900	True
AF-A0A1G9YU15-F1	0.16140580657576245	0.22723015330371094	-0.027414814763810646	0.510825	Ensifer sp. YR511	Bacteria	Proteobacteria	Alphaproteobacteria	0.6122	0.137	1018.0	DUF900	DUF900	True
AF-A0A1H0NWU7-F1	0.1691066641628331	0.1831274371043438	-0.0018272999801982942	0.467925	Pseudomonas arsenicoxydans	Bacteria	Proteobacteria	Gammaproteobacteria	0.5562	0.16	1401.0	DUF900	DUF900	True
AF-A0A1H1G3V6-F1	-0.27307317508769413	-0.01762954071316227	-0.21279122737467535	0.4025	Tsukamurella pulmonis	Bacteria	Actinobacteria	Actinomycetia	0.3838	0.123	1907.0	Cutinase	Other α/β hydrolase (CL0028)	True
AF-A0A1H1LRQ0-F1	0.1622835816226256	0.04532560103386839	0.016446200490719678	0.5813250000000001	Pseudomonas oryzae	Bacteria	Proteobacteria	Gammaproteobacteria	0.6272	0.173	512.0	DUF900	DUF900	True
AF-A0A1H1MET2-F1	0.16578572432789448	0.25231601536034626	-0.03265080629531714	0.460025	Halopseudomonas sabulinigri	Bacteria	Proteobacteria	Gammaproteobacteria	0.5477	0.15	1508.0	DUF900	DUF900	True
AF-A0A1H1U839-F1	-0.17662701827521815	-0.03043035777569867	-0.004949876674379145	0.4262	Actinoplanes derwentensis	Bacteria	Actinobacteria	Actinomycetia	0.4368	0.154	1791.0	PGAP1;DUF676;Lipase_2;Palm_thioest;LCAT	DUF676	True
AF-A0A1H1YE46-F1	0.01486808486346738	-0.05042809554874458	0.05931289000829877	0.406175	Mucilaginibacter mallensis	Bacteria	Bacteroidota	Sphingobacteriia	0.4236	0.129	1716.0		No Pfam hit	True
AF-A0A1H2CH63-F1	-0.1561916771864671	-0.06578296957909854	-0.020040247532585324	0.42257500000000003	Actinoplanes derwentensis	Bacteria	Actinobacteria	Actinomycetia	0.4044	0.134	1866.0	Lipase_2;Palm_thioest;DUF676;PGAP1	DUF676	True
AF-A0A1H2CX05-F1	-0.17007707433462188	-0.03451835812419743	-0.03853664009585655	0.397675	Actinoplanes derwentensis	Bacteria	Actinobacteria	Actinomycetia	0.3979	0.126	1879.0	Lipase_2;Palm_thioest;DUF676;PGAP1;DUF7379	DUF676	True
AF-A0A1H2WZ96-F1	0.04096014139777449	-0.1387706870307617	-0.01930071558647477	0.7257	Haloarcula vallismortis	Archaea	Euryarchaeota	Halobacteria	0.7211	0.268	273.0	DUF726;DUF900	DUF900	True
AF-A0A1H3A399-F1	0.16663027445263673	0.27307548082964017	-0.02660504196690571	0.38034999999999997	Thiocapsa roseopersicina	Bacteria	Proteobacteria	Gammaproteobacteria	0.4551	0.18	1500.0	DUF900	DUF900	True
AF-A0A1H3AS74-F1	0.16682529007717706	0.2573156026653258	-0.029483150963407038	0.42632499999999995	Thiocapsa roseopersicina	Bacteria	Proteobacteria	Gammaproteobacteria	0.4698	0.13	1444.0	DUF900	DUF900	True
AF-A0A1H3CB61-F1	0.041461945524179665	-0.0623831030043467	0.003112989543868436	0.5098	Albimonas donghaensis	Bacteria	Proteobacteria	Alphaproteobacteria	0.5817	0.133	900.0		No Pfam hit	True
AF-A0A1H4A5G0-F1	0.14282957396498636	0.03335991656602154	-0.0071682055142424424	0.594925	Alkalimonas amylolytica	Bacteria	Proteobacteria	Gammaproteobacteria	0.6472	0.141	741.0	DUF900	DUF900	True
AF-A0A1H4GHY8-F1	0.16747357914243377	0.23903914197902157	-0.026168289867493616	0.484	Variovorax sp. YR216	Bacteria	Proteobacteria	Betaproteobacteria	0.5556	0.134	1388.0	DUF900	DUF900	True
AF-A0A1H4I772-F1	-0.3689305450964185	0.0373097945741928	-0.16823631138162715	0.23309999999999997	Rhodococcus koreensis	Bacteria	Actinobacteria	Actinomycetia	0.3283	0.151	1968.0	Cutinase	Other α/β hydrolase (CL0028)	True
AF-A0A1H4LDT6-F1	-0.41145711143646924	0.159128967215667	0.38151207358053296	0.169975	Streptomyces sp. PAN_FS17	Bacteria	Actinobacteria	Actinomycetia	0.2184	0.122	2776.0	Pkinase;PK_Tyr_Ser-Thr;Peripla_BP_6	Periplasmic binding protein (CL0144)	True
AF-A0A1H4SD38-F1	-0.31092464447361445	-0.0037379331226193627	-0.2426431971192852	0.40115	Rhodococcus jostii	Bacteria	Actinobacteria	Actinomycetia	0.3202	0.128	1982.0	Cutinase	Other α/β hydrolase (CL0028)	True
AF-A0A1H4STX9-F1	0.11176367515379401	0.11618147278072233	-0.0207698420709317	0.5178499999999999	Beijerinckia sp. 28-YEA-48	Bacteria	Proteobacteria	Alphaproteobacteria	0.6013	0.129	1209.0	DUF900;Abhydrolase_6	DUF900	True
AF-A0A1H4XQ78-F1	-0.26896887448649737	-0.003929675247046575	-0.19666000088231522	0.40325	Tsukamurella tyrosinosolvens	Bacteria	Actinobacteria	Actinomycetia	0.3495	0.128	1983.0	Cutinase	Other α/β hydrolase (CL0028)	True
AF-A0A1H5CAD9-F1	-0.27030123008591456	-0.028341070187712793	-0.14430135125290688	0.332625	Amycolatopsis tolypomycina	Bacteria	Actinobacteria	Actinomycetia	0.4381	0.144	1989.0	Cutinase;PE-PPE;PQQ_2	Other α/β hydrolase (CL0028)	True
AF-A0A1H5HMZ3-F1	0.1716387057072535	0.22977616076990345	-0.023930198068957517	0.46950000000000003	Pseudomonas anguilliseptica	Bacteria	Proteobacteria	Gammaproteobacteria	0.5138	0.182	1546.0	DUF900	DUF900	True
AF-A0A1H5HSH9-F1	0.1711375493104073	0.07735565039455802	0.03513211741012616	0.559975	Pseudomonas anguilliseptica	Bacteria	Proteobacteria	Gammaproteobacteria	0.6148	0.168	754.0	DUF900	DUF900	True
AF-A0A1H5XR97-F1	-0.11732369638050871	-0.005618579652670831	-0.1882158292416537	0.4367	Thermomonospora echinospora	Bacteria	Actinobacteria	Actinomycetia	0.4539	0.141	1674.0	Abhydrolase_8	Other α/β hydrolase (CL0028)	True
AF-A0A1H5YRL9-F1	0.08998210098569892	0.1262961615303752	-0.008509713274155383	0.41995000000000005	Marinobacterium lutimaris	Bacteria	Proteobacteria	Gammaproteobacteria	0.6275	0.138	967.0	Peptidase_C14;DUF4384;DUF900	DUF900	True
AF-A0A1H6I4F7-F1	0.15582796512570274	0.06089135200617122	0.03078383851257614	0.551175	Tardiphaga sp. OK245	Bacteria	Proteobacteria	Alphaproteobacteria	0.5949	0.148	676.0	DUF900;Abhydrolase_6	DUF900	True
AF-A0A1H6JTE0-F1	-0.29494498946081804	0.008106552874510928	-0.23897495248680733	0.412225	Mycolicibacterium rutilum	Bacteria	Actinobacteria	Actinomycetia	0.3437	0.132	1865.0	Cutinase	Other α/β hydrolase (CL0028)	True
AF-A0A1H6RWL0-F1	0.054366156869378075	-0.15677638679189335	0.013304729031591384	0.726625	Halohasta litchfieldiae	Archaea	Euryarchaeota	Halobacteria	0.7311	0.312	219.0	DUF900;DUF726	DUF900	True
AF-A0A1H7H3G6-F1	0.08531646680308548	-0.18461513417041178	0.011224868688648347	0.9079	Haloferax larsenii	Archaea	Euryarchaeota	Halobacteria	0.9076	0.996	1.0	DUF900	DUF900	True
AF-A0A1H7LIT2-F1	-0.2734674842852611	0.020478064339320822	-0.2522780673712353	0.43205	Rhodococcus maanshanensis	Bacteria	Actinobacteria	Actinomycetia	0.3831	0.103	1981.0	Cutinase	Other α/β hydrolase (CL0028)	True
AF-A0A1H7LT33-F1	-0.34404285755293096	0.10104075198238288	0.2700152403078689	0.16854999999999998	Butyrivibrio sp. ob235	Bacteria	Firmicutes	Clostridia	0.1768	0.123	2767.0	ABC_sub_bind	Periplasmic binding protein (CL0144)	True
AF-A0A1H7TVU9-F1	-0.37016202790729164	0.10565704658685728	0.2806643420558381	0.1729	Butyrivibrio sp. ob235	Bacteria	Firmicutes	Clostridia	0.1804	0.121	2852.0	ABC_sub_bind	Periplasmic binding protein (CL0144)	True
AF-A0A1H8HD95-F1	0.025622459869085044	-0.1264128814978682	-0.03747003042846154	0.739425	Halorientalis persicus	Archaea	Euryarchaeota	Halobacteria	0.6742	0.258	242.0	DUF900;DUF726	DUF900	True
AF-A0A1H8HEB9-F1	0.0325841076362907	-0.1732714873755351	-0.00909634693960626	0.7093	Halorientalis persicus	Archaea	Euryarchaeota	Halobacteria	0.7468	0.25	135.0	DUF900	DUF900	True
AF-A0A1H8HEK4-F1	0.17033522459381117	0.186126367262729	-0.028624618668710192	0.49585	Nitrosospira multiformis	Bacteria	Proteobacteria	Betaproteobacteria	0.5593	0.126	1241.0	DUF900;Abhydrolase_6	DUF900	True
AF-A0A1H8N4I1-F1	0.045740715317231846	-0.19883834469260994	-1.3910359838434168e-05	0.8055000000000001	Halorientalis persicus	Archaea	Euryarchaeota	Halobacteria	0.812	0.303	59.0	DUF900	DUF900	True
AF-A0A1H9KB59-F1	0.01774266189651554	-0.1818084370206125	0.009337829922376356	0.68615	Natrinema salaciae	Archaea	Euryarchaeota	Halobacteria	0.684	0.259	236.0	DUF676	DUF676	True
AF-A0A1I0NUU0-F1	0.025503089709774558	-0.17893111122403924	0.013680165608412027	0.64985	Halobacterium jilantaiense	Archaea	Euryarchaeota	Halobacteria	0.6911	0.254	307.0	DUF900;DUF726	DUF900	True
AF-A0A1I0S034-F1	0.16390540903486778	0.032659307696306525	-0.030533354993686423	0.68665	Cognatiyoonia koreensis	Bacteria	Proteobacteria	Alphaproteobacteria	0.7067	0.161	327.0	DUF900;Abhydrolase_6	DUF900	True
AF-A0A1I0V9K1-F1	0.0261819745987788	-0.047640883258980735	0.013612904445929355	0.507925	Poseidonocella pacifica	Bacteria	Proteobacteria	Alphaproteobacteria	0.5222	0.16	1182.0	DUF900	DUF900	True
AF-A0A1I1K1Y3-F1	0.024357071734809686	-0.0656757974995156	0.009519817716615236	0.51315	Pseudooceanicola nitratireducens	Bacteria	Proteobacteria	Alphaproteobacteria	0.477	0.174	1311.0	DUF900	DUF900	True
AF-A0A1I1QZ71-F1	-0.20468785971646464	0.06623497081446185	0.05591954728331768	0.290125	Devosia psychrophila	Bacteria	Proteobacteria	Alphaproteobacteria	0.332	0.114	2304.0	Arginase	Other Pfam	True
AF-A0A1I2R817-F1	0.17201633463127486	0.05856400510822931	0.015187883666835985	0.5438000000000001	Algoriphagus hitonicola	Bacteria	Bacteroidota	Cytophagia	0.5948	0.182	640.0	DUF900	DUF900	True
AF-A0A1I3BJP4-F1	0.10865220577756741	-0.11840438812431253	0.053437893570802475	0.5857	Planctomicrobium piriforme	Bacteria	Planctomycetota	Planctomycetia	0.6485	0.151	698.0		No Pfam hit	True
AF-A0A1I3FGR8-F1	0.17848573140540888	0.1501640594622378	0.016982699565904955	0.5259	Planctomicrobium piriforme	Bacteria	Planctomycetota	Planctomycetia	0.6019	0.145	896.0	DUF900	DUF900	True
AF-A0A1I3GRY1-F1	0.1659547027853933	0.04313805459192528	0.03555479686481649	0.6225499999999999	Jannaschia pohangensis	Bacteria	Proteobacteria	Alphaproteobacteria	0.6371	0.191	588.0	DUF900	DUF900	True
AF-A0A1I3M1Q0-F1	0.1636703317110085	0.06106346166692901	0.025360005473840378	0.582625	Caulobacter sp. UNC279MFTsu5.1	Bacteria	Proteobacteria	Alphaproteobacteria	0.576	0.195	381.0	DUF900;Abhydrolase_6	DUF900	True
AF-A0A1I3TIL5-F1	-0.06757499182875379	-0.08461123108847741	0.012701740103906805	0.4133	Planctomicrobium piriforme	Bacteria	Planctomycetota	Planctomycetia	0.4823	0.19	1067.0	DUF900;Abhydrolase_6	DUF900	True
AF-A0A1I3W1X9-F1	0.1439682996986084	0.17154051603229475	-0.023086037243623736	0.5233	Methylocapsa palsarum	Bacteria	Proteobacteria	Alphaproteobacteria	0.5723	0.153	1199.0	DUF900;Abhydrolase_6	DUF900	True
AF-A0A1I3ZKC1-F1	0.10938260738344617	0.12416482983275291	-0.03375089881901703	0.522775	Methylocapsa palsarum	Bacteria	Proteobacteria	Alphaproteobacteria	0.6019	0.182	1139.0	DUF900;Abhydrolase_6	DUF900	True
AF-A0A1I4BC00-F1	0.171073311539293	0.08321901315710672	-0.0030390571944501742	0.567825	Falsiroseomonas stagni DSM 19981	Bacteria	Proteobacteria	Alphaproteobacteria	0.5934	0.189	577.0	DUF900	DUF900	True
AF-A0A1I4D538-F1	0.1084604513169519	0.16531283480131198	-0.05695507854417991	0.5291	Mesorhizobium albiziae	Bacteria	Proteobacteria	Alphaproteobacteria	0.5733	0.158	1171.0	DUF900	DUF900	True
AF-A0A1I4ECI6-F1	0.08367802793744258	-0.17762589125264847	0.003290233640181546	0.897025	Halogranum rubrum	Archaea	Euryarchaeota	Halobacteria	0.9037	0.626	36.0		No Pfam hit	True
AF-A0A1I4G1G7-F1	-0.020656575581707137	-0.09153748420376678	-0.00028339993304359897	0.39945	Rhodanobacter glycinis	Bacteria	Proteobacteria	Gammaproteobacteria	0.4505	0.135	1112.0	DUF726	DUF726	True
AF-A0A1I4JJM5-F1	0.16544008666509852	0.04875502123212536	0.035880937137713266	0.569725	Azotobacter beijerinckii	Bacteria	Proteobacteria	Gammaproteobacteria	0.545	0.215	428.0	DUF900	DUF900	True
AF-A0A1I4NGE1-F1	0.1730829235964235	0.23703374400923966	-0.01419251753909084	0.48002500000000003	Shimia aestuarii	Bacteria	Proteobacteria	Alphaproteobacteria	0.5511	0.138	1588.0	DUF900	DUF900	True
AF-A0A1I4PYJ1-F1	0.1648845779242643	0.05662325201674756	0.03776895594305124	0.5186499999999999	Nitrosomonas nitrosa	Bacteria	Proteobacteria	Betaproteobacteria	0.55	0.2	526.0	DUF900	DUF900	True
AF-A0A1I4WV33-F1	0.16732789696995143	0.23508445707293332	-0.018655434371964395	0.49635	Variovorax sp. OV329	Bacteria	Proteobacteria	Betaproteobacteria	0.5704	0.132	1385.0	DUF900	DUF900	True
AF-A0A1I4XYJ2-F1	-0.1934297829688002	-0.03785292310746772	-0.15375953696761013	0.295025	Pseudonocardia ammonioxydans	Bacteria	Actinobacteria	Actinomycetia	0.3862	0.142	2142.0	Abhydrolase_8	Other α/β hydrolase (CL0028)	True
AF-A0A1I4Z5T5-F1	0.033756769059408775	-0.08773227845855362	0.06051423691013482	0.483475	Algoriella xinjiangensis	Bacteria	Bacteroidota	Flavobacteriia	0.516	0.165	1382.0	DUF900	DUF900	True
AF-A0A1I5U7H3-F1	0.17846310280533478	0.0814074541246757	0.048347587807813105	0.5532750000000001	Pseudomonas borbori	Bacteria	Proteobacteria	Gammaproteobacteria	0.5821	0.154	701.0	DUF900	DUF900	True
AF-A0A1I5VQ50-F1	-0.13885959565602038	0.007378353289702959	-0.2317115339296854	0.4609	Actinomadura madurae	Bacteria	Actinobacteria	Actinomycetia	0.4706	0.152	1638.0	Abhydrolase_8	Other α/β hydrolase (CL0028)	True
AF-A0A1I5VRJ5-F1	-0.14243983568621463	0.004347783522280595	-0.20893421870322743	0.43237499999999995	Actinomadura madurae	Bacteria	Actinobacteria	Actinomycetia	0.4448	0.162	1688.0	Abhydrolase_8	Other α/β hydrolase (CL0028)	True
AF-A0A1I6DYM3-F1	0.029922896190433066	-0.059785663798500234	0.01813132337230468	0.51785	Poseidonocella sedimentorum	Bacteria	Proteobacteria	Alphaproteobacteria	0.4829	0.182	1158.0	DUF900	DUF900	True
AF-A0A1I6H827-F1	0.04808379408050865	-0.14344292231277334	0.009584839295932734	0.6832	Halorubrum sodomense	Archaea	Euryarchaeota	Halobacteria	0.6375	0.288	310.0	Abhydrolase_8;DUF900;DUF726	DUF900	True
AF-A0A1J0P9N1-F1	0.06050120814603128	-0.08256421788392744	0.0033041412497623345	0.55775	Synechococcus sp. SynAce01	Bacteria	Cyanobacteria		0.6579	0.127	402.0	DUF900	DUF900	True
AF-A0A1J0W272-F1	-0.32218157151748045	0.01361692698031293	-0.18804376096925332	0.286425	Nocardia mangyaensis	Bacteria	Actinobacteria	Actinomycetia	0.3175	0.125	2296.0	Cutinase	Other α/β hydrolase (CL0028)	True
AF-A0A1J0WDG6-F1	0.15453679514378266	0.05349928741139681	-0.004732371665941538	0.656925	Sulfitobacter alexandrii	Bacteria	Proteobacteria	Alphaproteobacteria	0.6488	0.188	351.0	DUF900;Abhydrolase_6	DUF900	True
AF-A0A1J4LPZ9-F1	0.02416532115395533	-0.16357467404511464	-0.01027128983050686	0.633625	Natrialba sp. SSL1	Archaea	Euryarchaeota	Halobacteria	0.65	0.259	271.0		No Pfam hit	True
AF-A0A1J4WHV2-F1	-0.3060632532733106	0.018584454501080292	-0.04822043515763616	0.26622500000000004	Parcubacteria group bacterium CG1_02_39_15	Bacteria			0.2513	0.11	2337.0		No Pfam hit	True
AF-A0A1J5AXS6-F1	-0.018005608315671023	-0.10406091623109022	-0.0247385290746584	0.5068	Bacteroidetes bacterium CG2_30_33_31	Bacteria	Bacteroidota		0.5376	0.157	882.0	DUF1232;DUF726	DUF726	True
AF-A0A1J5H356-F1	-0.31613477177946336	0.025360835044175356	-0.06179513073549212	0.240625	Parcubacteria group bacterium CG2_30_36_18	Bacteria			0.2302	0.132	2320.0		No Pfam hit	True
AF-A0A1J5LLB3-F1	0.1691929294467548	0.05418319059633924	-0.004504368736399595	0.6242000000000001	Roseobacter sp. MedPE-SWchi	Bacteria	Proteobacteria	Alphaproteobacteria	0.6653	0.165	427.0	DUF900;DUF676;Abhydrolase_6	DUF900	True
AF-A0A1J5QBM4-F1	0.16418595721898654	0.05373091381466263	0.02457879362251989	0.5462	mine drainage metagenome	Metagenome (unassigned)			0.6188	0.194	567.0	DUF900	DUF900	True
AF-A0A1J5QZF3-F1	-0.08423209392816425	-0.09723690380908558	0.06212872471615166	0.34357499999999996	mine drainage metagenome	Metagenome (unassigned)			0.5324	0.18	949.0	DUF900	DUF900	True
AF-A0A1J6I3A0-F1	0.1457457187569473	0.16233482354132872	-0.012763718262103428	0.5281	Brucella cytisi	Bacteria	Proteobacteria	Alphaproteobacteria	0.6142	0.159	1153.0	DUF900;Abhydrolase_6	DUF900	True
AF-A0A1K2HRX1-F1	0.14069030820059766	0.04751928847406317	0.050870039130504	0.5867249999999999	Chitinimonas taiwanensis DSM 18899	Bacteria	Proteobacteria	Betaproteobacteria	0.6387	0.161	803.0	DUF900	DUF900	True
AF-A0A1L3F3T4-F1	0.15875605041809024	0.1493592909763504	-0.009094048551087114	0.531425	Bradyrhizobium japonicum	Bacteria	Proteobacteria	Alphaproteobacteria	0.567	0.164	942.0	DUF900;Abhydrolase_6	DUF900	True
AF-A0A1L5NY42-F1	0.15389298697068068	0.23514989363317973	-0.03518729036015959	0.49842499999999995	Rhizobium gallicum	Bacteria	Proteobacteria	Alphaproteobacteria	0.6025	0.15	1178.0	DUF900	DUF900	True
AF-A0A1M3CSZ9-F1	0.1431900862297332	0.1419733612363809	0.027094873896295724	0.538	Chlamydiales bacterium 38-26	Bacteria	Chlamydiae	Chlamydiia	0.6135	0.145	993.0	DUF900	DUF900	True
AF-A0A1M3MNP8-F1	0.15458922702186478	0.16453479228760443	-0.017203308294378977	0.5303	Rhizobiales bacterium 63-22	Bacteria	Proteobacteria	Alphaproteobacteria	0.5843	0.175	1006.0	DUF900;Abhydrolase_6	DUF900	True
AF-A0A1M3P8M2-F1	0.13937322706164998	0.1659914972138717	-0.023291490995793574	0.49110000000000004	Rhizobium sp. 60-20	Bacteria	Proteobacteria	Alphaproteobacteria	0.5781	0.165	937.0	DUF900;Abhydrolase_6	DUF900	True
AF-A0A1M4N4K0-F1	0.17431363565003144	0.04438417495158403	0.04445359860077633	0.5816	Donghicola eburneus	Bacteria	Proteobacteria	Alphaproteobacteria	0.5937	0.175	682.0	DUF900	DUF900	True
AF-A0A1M4XQ10-F1	0.15906923857337293	0.05599719689424453	0.0023332789919072454	0.63195	Litoreibacter ascidiaceicola	Bacteria	Proteobacteria	Alphaproteobacteria	0.6755	0.142	507.0	DUF900	DUF900	True
AF-A0A1M5K373-F1	0.17055777399996025	0.044920020442479024	-0.007774289210784853	0.59275	Chryseolinea serpens	Bacteria	Bacteroidota	Cytophagia	0.6059	0.182	417.0	DUF900	DUF900	True
AF-A0A1M5N6Q9-F1	0.16175628238722314	0.06142686125629061	0.005433877879878542	0.6494500000000001	Marivita hallyeonensis	Bacteria	Proteobacteria	Alphaproteobacteria	0.6617	0.153	608.0	DUF900	DUF900	True
AF-A0A1M5SUN5-F1	0.15457418384406765	0.09214947898321173	-0.023667653342262618	0.61215	Cognatiyoonia sediminum	Bacteria	Proteobacteria	Alphaproteobacteria	0.63	0.173	814.0	DUF900;DUF676;Abhydrolase_6	DUF900	True
AF-A0A1M6QHW3-F1	0.07413355807580375	-0.17983827867834393	-0.009744786572117116	0.888	Haladaptatus paucihalophilus DX253	Archaea	Euryarchaeota	Halobacteria	0.9028	0.588	39.0		No Pfam hit	True
AF-A0A1M7B7T5-F1	0.030441497981132336	-0.08680117050800787	0.05570511760590653	0.43522500000000003	Chishuiella changwenlii	Bacteria	Bacteroidota	Flavobacteriia	0.4716	0.166	1482.0	DUF900	DUF900	True
AF-A0A1M7Z692-F1	0.17286487060283065	0.06319255810282877	0.004763090770364053	0.5635249999999999	Algoriphagus zhangzhouensis	Bacteria	Bacteroidota	Cytophagia	0.594	0.173	734.0	DUF900	DUF900	True
AF-A0A1N6DQB2-F1	0.173995577474032	0.06334798959865341	0.013076312061646103	0.556225	Algoriphagus halophilus	Bacteria	Bacteroidota	Cytophagia	0.6025	0.177	559.0	DUF900	DUF900	True
AF-A0A1N6JCZ1-F1	0.168389347991191	0.07139349551465432	0.011978793662074435	0.6165499999999999	Rhodovulum sp. ES.010	Bacteria	Proteobacteria	Alphaproteobacteria	0.6393	0.182	550.0	DUF900;Abhydrolase_6	DUF900	True
AF-A0A1N6RNI7-F1	0.13833458032686985	0.17518600259221478	-0.007915209502044175	0.500625	Rhizobium sp. RU20A	Bacteria	Proteobacteria	Alphaproteobacteria	0.5594	0.165	1231.0	DUF900;Abhydrolase_6	DUF900	True
AF-A0A1N6WQJ8-F1	0.08099621512831925	-0.18136507405156937	0.006532004580702939	0.874	Haladaptatus litoreus	Archaea	Euryarchaeota	Halobacteria	0.8915	0.523	43.0		No Pfam hit	True
AF-A0A1N6WQR0-F1	0.08724008797174262	-0.17248404768742676	-0.0216137046836055	0.87305	Haladaptatus litoreus	Archaea	Euryarchaeota	Halobacteria	0.8833	0.457	48.0	DUF900	DUF900	True
AF-A0A1N6YR21-F1	0.05275031551112763	-0.1711384331487497	-0.0159301883038258	0.76825	Haladaptatus litoreus	Archaea	Euryarchaeota	Halobacteria	0.7837	0.35	80.0	DUF726;VirJ	DUF726	True
AF-A0A1N7R8M8-F1	0.16832029056914186	0.27988705527322316	-0.024870406470423417	0.43100000000000005	Achromobacter sp. MFA1 R4	Bacteria	Proteobacteria	Betaproteobacteria	0.4575	0.115	1522.0	DUF900	DUF900	True
AF-A0A1P8F648-F1	-0.3021923975457075	0.04379187881641674	-0.07634137595014644	0.26717500000000005	Dehalogenimonas formicexedens	Bacteria	Chloroflexi	Dehalococcoidia	0.2784	0.127	2192.0		No Pfam hit	True
AF-A0A1P8WE44-F1	0.10992337242418274	-0.1129137845312059	0.06610458321208856	0.565475	Fuerstiella marisgermanici	Bacteria	Planctomycetota	Planctomycetia	0.6386	0.178	493.0		No Pfam hit	True
AF-A0A1P8XAA5-F1	-0.2807321030987618	0.04076329818818864	-0.24967212387205717	0.40747500000000003	Mycobacterium sp. MS1601	Bacteria	Actinobacteria	Actinomycetia	0.3589	0.151	1875.0	Cutinase	Other α/β hydrolase (CL0028)	True
AF-A0A1Q1FI13-F1	0.03739275889589147	-0.1695249869907689	-0.01573090317291323	0.7321	Halorientalis sp. IM1011	Archaea	Euryarchaeota	Halobacteria	0.7462	0.239	125.0	DUF900	DUF900	True
AF-A0A1Q1FI16-F1	0.021416151886815848	-0.12019933873003538	-0.013644795629275322	0.7435499999999999	Halorientalis sp. IM1011	Archaea	Euryarchaeota	Halobacteria	0.6781	0.27	244.0	DUF726	DUF726	True
AF-A0A1Q1FMJ7-F1	0.04284398560089272	-0.19103005383151106	0.00320687024697421	0.8326	Halorientalis sp. IM1011	Archaea	Euryarchaeota	Halobacteria	0.7996	0.314	62.0	DUF900	DUF900	True
AF-A0A1Q4AEM9-F1	-0.16792382236601844	-0.029073120603210476	0.005718019207007968	0.3537	Mesorhizobium sp. 65-26	Bacteria	Proteobacteria	Alphaproteobacteria	0.3563	0.162	2107.0		No Pfam hit	True
AF-A0A1Q4G8F4-F1	0.03928212736362627	-0.06689620067412848	0.0824937370902946	0.4634	Sphingobacterium sp. 40-24	Bacteria	Bacteroidota	Sphingobacteriia	0.4832	0.13	1419.0	DUF900	DUF900	True
AF-A0A1Q4HJS6-F1	-0.27848397431460714	0.0030798112911975244	-0.23363396309754014	0.4587	Mycobacterium diernhoferi	Bacteria	Actinobacteria	Actinomycetia	0.4296	0.122	1774.0	Cutinase	Other α/β hydrolase (CL0028)	True
AF-A0A1Q4HNY4-F1	-0.38645503951876264	0.048075612529922596	-0.21403640846779193	0.21115	Mycobacterium paraffinicum	Bacteria	Actinobacteria	Actinomycetia	0.2397	0.135	2644.0	Cutinase	Other α/β hydrolase (CL0028)	True
AF-A0A1Q4L4I8-F1	0.029967657053822646	-0.12224907640024292	0.029767812371981273	0.488575	Bacillus cereus	Bacteria	Firmicutes	Bacilli	0.5065	0.173	1539.0		No Pfam hit	True
AF-A0A1Q5B492-F1	-0.424912954076183	0.15925710105972937	0.39533465458828343	0.1392025	Streptomyces sp. TSRI0445	Bacteria	Actinobacteria	Actinomycetia	0.1884	0.138	2738.0	Pkinase;PK_Tyr_Ser-Thr;APH;Peripla_BP_6;ANF_receptor	Periplasmic binding protein (CL0144)	True
AF-A0A1Q7TAW2-F1	0.16156988817641754	0.03320631011986332	0.019412217777743632	0.534025	Verrucomicrobia bacterium 13_1_20CM_4_54_11	Bacteria	Verrucomicrobia		0.5439	0.21	413.0	DUF900;Abhydrolase_6	DUF900	True
AF-A0A1Q8JLU5-F1	-0.16637481494075848	-0.02603557226854069	-0.14697363257422125	0.274675	Pseudonocardia sp. Ae356_Ps1	Bacteria	Actinobacteria	Actinomycetia	0.3539	0.167	1915.0	Abhydrolase_8	Other α/β hydrolase (CL0028)	True
AF-A0A1Q8KT16-F1	-0.19400773055802775	-0.003056656969555184	-0.1577023377960304	0.28302499999999997	Pseudonocardia sp. Ae707_Ps1	Bacteria	Actinobacteria	Actinomycetia	0.4117	0.15	1978.0	Abhydrolase_8	Other α/β hydrolase (CL0028)	True
AF-A0A1Q8LF83-F1	-0.17645255006996838	-0.02294231567518977	-0.15549800422299265	0.334025	Pseudonocardia sp. Ae706_Ps2	Bacteria	Actinobacteria	Actinomycetia	0.4113	0.172	1838.0	Abhydrolase_8	Other α/β hydrolase (CL0028)	True
AF-A0A1Q8LP91-F1	-0.18156573341227247	-0.0172785159917273	-0.14751319854262734	0.28750000000000003	Pseudonocardia sp. Ae717_Ps2	Bacteria	Actinobacteria	Actinomycetia	0.3786	0.158	1855.0	Abhydrolase_8	Other α/β hydrolase (CL0028)	True
AF-A0A1Q8ZSY7-F1	0.1462637202404576	0.16676098794010583	-0.015460947678439918	0.532975	Rhizobium oryziradicis	Bacteria	Proteobacteria	Alphaproteobacteria	0.6356	0.176	1055.0	DUF900;Abhydrolase_6	DUF900	True
AF-A0A1Q9LND8-F1	-0.26771014433080176	-0.010193389161557466	-0.12319868995070178	0.346625	Actinokineospora bangkokensis	Bacteria	Actinobacteria	Actinomycetia	0.3279	0.12	2283.0	Cutinase;PE-PPE	Other α/β hydrolase (CL0028)	True
AF-A0A1Q9W713-F1	-0.29501997153430304	-0.005543566702599505	-0.24042220214538	0.444725	Mycobacterium syngnathidarum	Bacteria	Actinobacteria	Actinomycetia	0.3953	0.162	1749.0	Cutinase	Other α/β hydrolase (CL0028)	True
AF-A0A1R3TJI7-F1	0.13791799864743193	0.16543619632505924	-0.024187322189943787	0.5349250000000001	Agrobacterium sp. DSM 25558	Bacteria	Proteobacteria	Alphaproteobacteria	0.6329	0.143	1212.0	DUF900;Abhydrolase_6	DUF900	True
AF-A0A1R3TJQ9-F1	0.14066304593568424	0.16686739935926523	-0.014931314504963515	0.511775	Agrobacterium rosae	Bacteria	Proteobacteria	Alphaproteobacteria	0.6311	0.153	1165.0	DUF900;Abhydrolase_6	DUF900	True
AF-A0A1S1LJM3-F1	0.018447545340127686	-0.30355375905716375	0.14830960300968504	0.48935	Mycobacteroides chelonae	Bacteria	Actinobacteria	Actinomycetia	0.5997	0.124	1229.0		No Pfam hit	True
AF-A0A1S1LS79-F1	-0.2169044664783684	0.003979714893738927	-0.196576615147969	0.36005	Mycobacteroides chelonae	Bacteria	Actinobacteria	Actinomycetia	0.4085	0.156	1837.0	Abhydrolase_8	Other α/β hydrolase (CL0028)	True
AF-A0A1S1M3J6-F1	-0.1949525363600427	-0.018265326746534558	-0.18947367276651988	0.428575	Mycobacteroides chelonae	Bacteria	Actinobacteria	Actinomycetia	0.4076	0.153	1826.0	Abhydrolase_8	Other α/β hydrolase (CL0028)	True
AF-A0A1S1M537-F1	0.011970350217306957	-0.2927884777298671	0.1356314741244061	0.46692500000000003	Mycobacteroides chelonae	Bacteria	Actinobacteria	Actinomycetia	0.5738	0.139	1378.0		No Pfam hit	True
AF-A0A1S1NCC6-F1	0.05403809545351358	-0.2691182625330339	0.15546699597263586	0.433825	Mycobacterium talmoniae	Bacteria	Actinobacteria	Actinomycetia	0.5185	0.11	1558.0		No Pfam hit	True
AF-A0A1S7PQN4-F1	0.1315577298949054	0.16630500644276808	-0.020274852465153252	0.5239	Agrobacterium sp. NCPPB 925	Bacteria	Proteobacteria	Alphaproteobacteria	0.6265	0.146	1268.0	DUF900;Abhydrolase_6	DUF900	True
AF-A0A1S7PSS9-F1	0.13514576021257005	0.16328825170921005	-0.014486935736757476	0.545275	Agrobacterium tumefaciens str. Kerr 14	Bacteria	Proteobacteria	Alphaproteobacteria	0.6401	0.149	1255.0	DUF900;Abhydrolase_6	DUF900	True
AF-A0A1S7QDR7-F1	0.1310550279147	0.1536966626541238	-0.02368946622582854	0.505725	Agrobacterium tomkonis CFBP 6623	Bacteria	Proteobacteria	Alphaproteobacteria	0.5677	0.16	1074.0	DUF900;Abhydrolase_6	DUF900	True
AF-A0A1S7TQ51-F1	0.13843799169266538	0.1697845003680443	-0.028135410728915154	0.5119	Agrobacterium deltaense NCPPB 1641	Bacteria	Proteobacteria	Alphaproteobacteria	0.5711	0.168	1204.0	DUF900;Abhydrolase_6	DUF900	True
AF-A0A1T3P405-F1	-0.15201355788312093	-0.01221692708432657	-0.19185344100762966	0.42584999999999995	Embleya scabrispora	Bacteria	Actinobacteria	Actinomycetia	0.4509	0.145	1694.0	Abhydrolase_8	Other α/β hydrolase (CL0028)	True
AF-A0A1T5GH53-F1	0.035594443581589585	-0.09088187015165564	0.07162672083357988	0.446075	Soonwooa buanensis	Bacteria	Bacteroidota	Flavobacteriia	0.4764	0.163	1340.0	DUF900	DUF900	True
AF-A0A1T5QZ52-F1	0.05293399549346473	-0.32465524614969515	0.16139093959592088	0.50255	Mycobacteroides abscessus subsp. massiliense	Bacteria	Actinobacteria	Actinomycetia	0.6008	0.113	1464.0		No Pfam hit	True
AF-A0A1V0DIL3-F1	-0.15100042498274358	0.005523196151824029	-0.07896763150310326	0.3812	Rhodothermaceae bacterium RA	Bacteria	Bacteroidota		0.4087	0.143	2100.0	Abhydrolase_1	Other α/β hydrolase (CL0028)	True
AF-A0A1V3MY86-F1	0.016915793521710173	-0.06769908398723641	0.06675217732035028	0.413	Sphingobacterium sp. CZ-UAM	Bacteria	Bacteroidota	Sphingobacteriia	0.4182	0.163	1627.0	DUF900	DUF900	True
AF-A0A1V3WEV0-F1	-0.3831350259294462	0.029158156290454665	-0.20178408460894232	0.187575	Mycobacterium kansasii	Bacteria	Actinobacteria	Actinomycetia	0.2087	0.118	2618.0	Cutinase	Other α/β hydrolase (CL0028)	True
AF-A0A1V4BY26-F1	0.20700594911931483	0.07865522141973409	0.03447009306851352	0.5966	Microcystis aeruginosa KW	Bacteria	Cyanobacteria		0.6164	0.161	708.0	DUF900	DUF900	True
AF-A0A1V4Q9U5-F1	-0.34395955736435146	-0.0038352726366167934	-0.16666433810336156	0.26237499999999997	Gordonia sp. i37	Bacteria	Actinobacteria	Actinomycetia	0.2575	0.127	2344.0	Cutinase	Other α/β hydrolase (CL0028)	True
AF-A0A1V9A654-F1	-0.27359995492996575	-0.017515025538787855	-0.11553100572373178	0.34992500000000004	Saccharomonospora piscinae	Bacteria	Actinobacteria	Actinomycetia	0.3728	0.145	2016.0	Cutinase;PE-PPE	Other α/β hydrolase (CL0028)	True
AF-A0A1W1W4N5-F1	-0.2508113138095135	0.10343287213893873	0.0783155807282718	0.24565	Hymenobacter roseosalivarius DSM 11622	Bacteria	Bacteroidota	Cytophagia	0.2529	0.107	2715.0	Lipase_GDSL_2	Other Pfam	True
AF-A0A1W2CT02-F1	-0.004218913805933423	-0.052548063113271204	-0.006318702550497217	0.47925	Primorskyibacter flagellatus	Bacteria	Proteobacteria	Alphaproteobacteria	0.4609	0.197	1138.0		No Pfam hit	True
AF-A0A1W9GQN3-F1	0.1541681877570963	0.05341987675620195	0.03669109869047422	0.554225	Nitrospira sp. SG-bin2	Bacteria	Nitrospirae	Nitrospira	0.5389	0.213	498.0	DUF900	DUF900	True
AF-A0A1W9Z7N2-F1	-0.3832707485512046	0.03879935403431318	-0.2062874123812764	0.20729999999999998	Mycobacterium arosiense ATCC BAA-1401 = DSM 45069	Bacteria	Actinobacteria	Actinomycetia	0.2377	0.143	2664.0	Cutinase	Other α/β hydrolase (CL0028)	True
AF-A0A1X0AS85-F1	-0.2938551300938263	0.013809219075141457	-0.2486366068949413	0.450925	Mycobacterium aquaticum	Bacteria	Actinobacteria	Actinomycetia	0.4072	0.145	1730.0	Cutinase	Other α/β hydrolase (CL0028)	True
AF-A0A1X0D0T8-F1	-0.2834395047193043	0.022190417352092803	-0.23190463588971552	0.379725	Mycolicibacterium elephantis	Bacteria	Actinobacteria	Actinomycetia	0.351	0.143	1825.0	Cutinase	Other α/β hydrolase (CL0028)	True
AF-A0A1X0I8N8-F1	0.04783504978316791	-0.2680337765526482	0.13498057525652216	0.49155000000000004	Mycobacterium paraseoulense	Bacteria	Actinobacteria	Actinomycetia	0.5347	0.089	1220.0		No Pfam hit	True
AF-A0A1X0JD06-F1	0.029633630809921957	-0.31547933535812195	0.17979331203137366	0.496475	Mycobacteroides saopaulense	Bacteria	Actinobacteria	Actinomycetia	0.494	0.135	1577.0		No Pfam hit	True
AF-A0A1X0XPG7-F1	-0.3804787304119163	0.04368204114901871	-0.21434615865988707	0.2122	Mycobacterium simiae	Bacteria	Actinobacteria	Actinomycetia	0.2395	0.143	2645.0	Cutinase	Other α/β hydrolase (CL0028)	True
AF-A0A1X1B892-F1	-0.3735166714999257	0.025552644894631535	-0.16480978122202783	0.2452	Williamsia sp. 1135	Bacteria	Actinobacteria	Actinomycetia	0.3099	0.169	2204.0	Cutinase;PE-PPE	Other α/β hydrolase (CL0028)	True
AF-A0A1X1SWA5-F1	-0.29102073764596637	-0.0006410559137562269	-0.2358810734023738	0.38732500000000003	Mycobacterium conspicuum	Bacteria	Actinobacteria	Actinomycetia	0.3694	0.117	1994.0	Cutinase	Other α/β hydrolase (CL0028)	True
AF-A0A1X4H9M3-F1	0.03602358150402034	-0.14492360504162533	-0.014631027613549931	0.726225	Halorubrum ezzemoulense DSM 17463	Archaea	Euryarchaeota	Halobacteria	0.6574	0.268	278.0	DUF900;DUF726	DUF900	True
AF-A0A1X4IXJ5-F1	0.16567891237392082	0.07173848182927252	0.015433110643416436	0.60565	Pseudoruegeria sp. SK021	Bacteria	Proteobacteria	Alphaproteobacteria	0.6357	0.174	655.0	DUF900	DUF900	True
AF-A0A1X6YFJ7-F1	0.15923430527332724	0.050698682549534045	0.004770369725948862	0.62915	Roseovarius albus	Bacteria	Proteobacteria	Alphaproteobacteria	0.6436	0.159	597.0	DUF900	DUF900	True
AF-A0A1X6ZF35-F1	0.011839782719507329	-0.054408787534885435	-0.011012147985617072	0.42815000000000003	Roseovarius halotolerans	Bacteria	Proteobacteria	Alphaproteobacteria	0.4687	0.18	1077.0	DUF900	DUF900	True
AF-A0A1X7BMX6-F1	0.16863014004100657	0.22502647197142192	-0.03072331926507928	0.50755	Roseovarius aestuarii	Bacteria	Proteobacteria	Alphaproteobacteria	0.5898	0.202	773.0	DUF900	DUF900	True
AF-A0A1X7HGK9-F1	-0.4267580014377233	0.15854235913741205	0.4008122442714572	0.16097499999999998	Streptomyces sp. Amel2xC10	Bacteria	Actinobacteria	Actinomycetia	0.2114	0.128	2759.0	Pkinase;PK_Tyr_Ser-Thr;Peripla_BP_6	Periplasmic binding protein (CL0144)	True
AF-A0A1Y2MME9-F1	-0.19351051737743852	-0.026493181291482593	-0.15547236280485593	0.30235	Pseudonocardia autotrophica	Bacteria	Actinobacteria	Actinomycetia	0.416	0.184	1792.0	Abhydrolase_8	Other α/β hydrolase (CL0028)	True
AF-A0A1Y3A5X3-F1	0.03073442417002138	-0.15049314557979276	-0.008422967853315741	0.708175	Halorubrum sp. SD683	Archaea	Euryarchaeota	Halobacteria	0.6423	0.278	272.0	DUF900;DUF726	DUF900	True
AF-A0A1Y3AG32-F1	0.03739762432735701	-0.1535850652158203	0.01089630882148807	0.7116750000000001	Halorubrum sp. SD612	Archaea	Euryarchaeota	Halobacteria	0.6453	0.261	274.0	DUF900;DUF726	DUF900	True
AF-A0A1Y4MRV8-F1	-0.44545320733022997	0.14792579774175033	0.43654495409842237	0.1345	Anaerotruncus colihominis	Bacteria	Firmicutes	Clostridia	0.1539	0.119	2882.0	Peripla_BP_6;Peripla_BP_5;ANF_receptor	Periplasmic binding protein (CL0144)	True
AF-A0A1Y5H9A9-F1	0.17187846903636592	0.04447090098427288	0.016037065593874345	0.6240249999999999	Rhodobacterales bacterium 56_14_T64	Bacteria	Proteobacteria	Alphaproteobacteria	0.6321	0.179	564.0	DUF900;DUF676	DUF900	True
AF-A0A1Y5RPA0-F1	0.16237911397878335	0.03391100437916933	0.031667415432191044	0.6348	Falsiruegeria litorea R37	Bacteria	Proteobacteria	Alphaproteobacteria	0.6602	0.173	375.0	DUF900	DUF900	True
AF-A0A1Y5SBA3-F1	0.14370668917191612	0.1813523751448572	-0.02063867095625079	0.4697	Palleronia marisminoris	Bacteria	Proteobacteria	Alphaproteobacteria	0.6242	0.136	1102.0	Pentapeptide;DUF900	DUF900	True
AF-A0A1Y5SGK7-F1	0.1715112014251405	0.19346316283253037	-0.012088466821177585	0.5282	Roseovarius litorisediminis	Bacteria	Proteobacteria	Alphaproteobacteria	0.5905	0.21	787.0	DUF900	DUF900	True
AF-A0A1Z1UUI3-F1	-0.3633091244133556	0.023180489848725377	-0.1657196726885647	0.2378	Prescottella equi	Bacteria	Actinobacteria	Actinomycetia	0.3191	0.173	2143.0	Cutinase	Other α/β hydrolase (CL0028)	True
AF-A0A1Z1UZV0-F1	-0.35989173311615325	0.018105861383717354	-0.17313753778136368	0.243975	Prescottella equi	Bacteria	Actinobacteria	Actinomycetia	0.3287	0.186	2008.0	Cutinase	Other α/β hydrolase (CL0028)	True
AF-A0A1Z4F2D9-F1	0.018098304032854774	-0.30129130149572503	0.12455552535669541	0.4881	[Mycobacterium] stephanolepidis	Bacteria	Actinobacteria	Actinomycetia	0.5414	0.129	1487.0		No Pfam hit	True
AF-A0A1Z4KU58-F1	0.06490470426891955	-0.06832356576776488	-0.006577543444927417	0.54925	Trichormus variabilis NIES-23	Bacteria	Cyanobacteria		0.5892	0.132	432.0	DUF900	DUF900	True
AF-A0A1Z8M390-F1	0.07147509380844322	-0.13790887046547956	0.05437942118832351	0.5396	Rhodopirellula sp. TMED11	Bacteria	Planctomycetota	Planctomycetia	0.6331	0.149	582.0		No Pfam hit	True
AF-A0A1Z8NC08-F1	0.10253984953752503	-0.10768317483881518	0.05362626515385547	0.5905499999999999	Planctomycetaceae bacterium TMED10	Bacteria	Planctomycetota	Planctomycetia	0.6621	0.147	641.0	DUF900	DUF900	True
AF-A0A1Z9QMR2-F1	0.08251231925615862	-0.11114622935130013	0.0401807526201392	0.574525	Planctomycetaceae bacterium TMED240	Bacteria	Planctomycetota	Planctomycetia	0.6447	0.172	455.0	DUF900	DUF900	True
AF-A0A212QNL2-F1	0.09335843442503795	0.1387843742781518	-0.041857675725524617	0.51135	Rhodoblastus acidophilus	Bacteria	Proteobacteria	Alphaproteobacteria	0.5991	0.16	1017.0	DUF900;Abhydrolase_6	DUF900	True
AF-A0A220URJ1-F1	0.1592510635497894	0.07432095070594895	0.005661557146183151	0.52505	Shewanella bicestrii	Bacteria	Proteobacteria	Gammaproteobacteria	0.546	0.207	671.0	DUF900	DUF900	True
AF-A0A221JY66-F1	0.028158590238055593	-0.04855534066017666	-0.003580647261003772	0.5104249999999999	Pseudosulfitobacter pseudonitzschiae	Bacteria	Proteobacteria	Alphaproteobacteria	0.5106	0.179	1031.0	DUF900	DUF900	True
AF-A0A229HH33-F1	-0.4291485919194	0.16374046930878716	0.4242855202371867	0.161325	Streptomyces sp. NBS 14/10	Bacteria	Actinobacteria	Actinomycetia	0.1857	0.162	2772.0	Peripla_BP_6;ANF_receptor	Periplasmic binding protein (CL0144)	True
AF-A0A229RSK9-F1	-0.12466368010711996	-0.005582692224309758	-0.19586038224104246	0.41785	Amycolatopsis alba DSM 44262	Bacteria	Actinobacteria	Actinomycetia	0.4659	0.189	1593.0	Abhydrolase_8	Other α/β hydrolase (CL0028)	True
AF-A0A238D3W7-F1	0.16245047885270666	0.048560997917946186	0.023843944600204985	0.5423	Thiomonas delicata	Bacteria	Proteobacteria	Betaproteobacteria	0.5813	0.182	755.0	DUF900	DUF900	True
AF-A0A238JGC2-F1	0.11015224051391077	0.14467290344837885	0.02341166072316419	0.43727499999999997	Pelagimonas phthalicica	Bacteria	Proteobacteria	Alphaproteobacteria	0.5971	0.174	966.0	DctP;DUF900	DUF900	True
AF-A0A238UNT3-F1	0.03329960544657241	-0.14329763567046105	-0.0004981719681966622	0.707625	Halorubrum ezzemoulense	Archaea	Euryarchaeota	Halobacteria	0.6543	0.273	296.0	DUF900;DUF726	DUF900	True
AF-A0A238Z272-F1	0.16186179919772922	0.15111673801566156	-0.006216340268761753	0.4768	Flavobacterium sp. ov086	Bacteria	Bacteroidota	Flavobacteriia	0.6059	0.149	925.0	DUF900	DUF900	True
AF-A0A238ZV76-F1	0.16604016592590312	0.07375469507164731	0.03785003739806665	0.5372	Pseudomonas segetis	Bacteria	Proteobacteria	Gammaproteobacteria	0.5799	0.169	694.0	DUF900	DUF900	True
AF-A0A239AEN2-F1	-0.12714655504271746	-0.02628662208900262	-0.2058261474288025	0.4608	Actinomadura mexicana	Bacteria	Actinobacteria	Actinomycetia	0.4735	0.166	1534.0	Abhydrolase_8	Other α/β hydrolase (CL0028)	True
AF-A0A239AFN8-F1	-0.13685383240376822	-0.0013377424838682385	-0.23579986180670218	0.45304999999999995	Actinomadura mexicana	Bacteria	Actinobacteria	Actinomycetia	0.4822	0.165	1580.0	Abhydrolase_8	Other α/β hydrolase (CL0028)	True
AF-A0A239KL00-F1	-0.12465947546584785	0.014174241919318325	-0.252836013046236	0.4729	Actinomadura meyerae	Bacteria	Actinobacteria	Actinomycetia	0.4824	0.156	1599.0	Abhydrolase_8	Other α/β hydrolase (CL0028)	True
AF-A0A239KPI0-F1	-0.14324343788380484	0.002844839086641197	-0.2245529330271989	0.40585	Actinomadura meyerae	Bacteria	Actinobacteria	Actinomycetia	0.4156	0.167	1801.0	Abhydrolase_8	Other α/β hydrolase (CL0028)	True
AF-A0A239M0D3-F1	0.14414977403893472	0.06335168235953778	0.014625508402501937	0.565375	Tardiphaga sp. OK246	Bacteria	Proteobacteria	Alphaproteobacteria	0.5986	0.155	693.0	DUF900;Abhydrolase_6	DUF900	True
AF-A0A239MYY3-F1	-0.41763724746376435	0.14646723003931972	0.3797053378174759	0.169625	Actinacidiphila glaucinigra	Bacteria	Actinobacteria	Actinomycetia	0.225	0.125	2589.0	Pkinase;PK_Tyr_Ser-Thr;Peripla_BP_6	Periplasmic binding protein (CL0144)	True
AF-A0A246TPP4-F1	0.16864158121044	0.03617503491035288	0.023401524049784732	0.6156499999999999	Rhizobium sp. R72	Bacteria	Proteobacteria	Alphaproteobacteria	0.6026	0.164	592.0	DUF900;Abhydrolase_6	DUF900	True
AF-A0A254UV96-F1	0.13135200482485665	0.20693793486338183	-0.03253811735805891	0.419825	Thioclava sp. JM3	Bacteria	Proteobacteria	Alphaproteobacteria	0.5265	0.147	1346.0	Pentapeptide;DUF900	DUF900	True
AF-A0A255QXC4-F1	0.09880651342184713	-0.13110205401988542	0.010689406200001193	0.5913999999999999	Rhodopirellula sp. MGV	Bacteria	Planctomycetota	Planctomycetia	0.6182	0.168	638.0		No Pfam hit	True
AF-A0A256GN11-F1	0.1245474463358078	0.1670273134243973	0.0029029423506789095	0.50915	Brucella lupini	Bacteria	Proteobacteria	Alphaproteobacteria	0.5801	0.153	1243.0	DUF900;Abhydrolase_6	DUF900	True
AF-A0A256J1P2-F1	0.0349139631778512	-0.15108348014989514	-0.007389810046871793	0.7109000000000001	Halorubrum ezzemoulense	Archaea	Euryarchaeota	Halobacteria	0.645	0.265	277.0	DUF900;DUF726	DUF900	True
AF-A0A256J6S3-F1	0.03553280276078103	-0.15021675610872307	-0.00864721984646683	0.735625	Halorubrum ezzemoulense	Archaea	Euryarchaeota	Halobacteria	0.6627	0.269	267.0	DUF900;DUF726	DUF900	True
AF-A0A256J8C6-F1	0.03294000411174758	-0.15079932169419982	0.00028478027131917524	0.732025	Halorubrum ezzemoulense	Archaea	Euryarchaeota	Halobacteria	0.6627	0.273	258.0	Abhydrolase_8;DUF900;DUF726	DUF900	True
AF-A0A256JP13-F1	0.04002004357926156	-0.1465421888201411	-0.01583233987333836	0.73565	Halorubrum ezzemoulense	Archaea	Euryarchaeota	Halobacteria	0.6694	0.271	255.0	DUF900;DUF726	DUF900	True
AF-A0A256K0U9-F1	0.03883899487557774	-0.1393065152668698	0.0015444676076825127	0.73135	Halorubrum ezzemoulense	Archaea	Euryarchaeota	Halobacteria	0.6734	0.265	265.0	DUF900;DUF726	DUF900	True
AF-A0A257HRK6-F1	0.1772205604303878	0.21291335976408418	-0.013291850313834988	0.50125	Alphaproteobacteria bacterium PA1	Bacteria	Proteobacteria	Alphaproteobacteria	0.619	0.138	1193.0	DUF900	DUF900	True
AF-A0A257HT02-F1	0.1324229441451124	0.16443098995995753	0.005086313547635247	0.41985	Alphaproteobacteria bacterium PA1	Bacteria	Proteobacteria	Alphaproteobacteria	0.5573	0.203	1339.0	DUF900;OmpA	DUF900	True
AF-A0A257I2M7-F1	0.007989500765737297	-0.00037014293397669395	0.05327152475858949	0.33515	Chitinophagaceae bacterium BSSC1	Bacteria	Bacteroidota	Chitinophagia	0.3738	0.175	1710.0	DUF900	DUF900	True
AF-A0A257J5N7-F1	0.008078274624457213	-0.05062136068529475	0.018467646648154607	0.5335000000000001	Alphaproteobacteria bacterium PA2	Bacteria	Proteobacteria	Alphaproteobacteria	0.5737	0.136	1025.0		No Pfam hit	True
AF-A0A257JSN5-F1	0.17930605500865548	0.22700499332607324	-0.0009852597834513301	0.50295	Alphaproteobacteria bacterium PA3	Bacteria	Proteobacteria	Alphaproteobacteria	0.591	0.18	1020.0	DUF900	DUF900	True
AF-A0A257TEC6-F1	0.11441686560040211	-0.10315081992193117	0.029543346645870168	0.588675	Planctomycetia bacterium 21-64-5	Bacteria	Planctomycetota	Planctomycetia	0.6603	0.147	561.0		No Pfam hit	True
AF-A0A257U7G3-F1	0.10799978390587829	-0.0986687685136262	0.017671106866798108	0.617775	Planctomycetia bacterium 21-64-5	Bacteria	Planctomycetota	Planctomycetia	0.6248	0.192	806.0		No Pfam hit	True
AF-A0A258G5Q5-F1	0.006953810660503591	-0.09876831722518671	0.05017023874252105	0.43325	Sphingomonas sp. 32-62-10	Bacteria	Proteobacteria	Alphaproteobacteria	0.5023	0.162	1591.0	DUF900	DUF900	True
AF-A0A258KVP1-F1	0.11522071887128442	0.20469035580130843	-0.022797933008461453	0.47765	Hyphomicrobium sp. 32-62-53	Bacteria	Proteobacteria	Alphaproteobacteria	0.5332	0.114	1590.0	DUF900	DUF900	True
AF-A0A258KWR0-F1	0.10946275935560465	0.2052933800508867	-0.044324234373617086	0.519075	Hyphomicrobium sp. 32-62-53	Bacteria	Proteobacteria	Alphaproteobacteria	0.5634	0.122	1457.0	DUF900;Abhydrolase_6	DUF900	True
AF-A0A258MY05-F1	0.008310867357646348	-0.03290379031274253	0.05862863867181887	0.39525	Sphingobacteriia bacterium 35-40-8	Bacteria	Bacteroidota	Sphingobacteriia	0.4467	0.159	1583.0	DUF900	DUF900	True
AF-A0A258RD34-F1	0.0013785649200717882	-0.09872225378401162	0.058643893174107245	0.418525	Sphingomonas sp. 28-62-11	Bacteria	Proteobacteria	Alphaproteobacteria	0.4775	0.153	1605.0	DUF900	DUF900	True
AF-A0A258YE49-F1	0.003393029350150358	-0.017183917211941523	0.05838945214048508	0.3871	Bacteroidetes bacterium 24-39-8	Bacteria	Bacteroidota		0.416	0.158	1601.0	DUF900	DUF900	True
AF-A0A259HYA4-F1	0.012443365705134124	-0.024576719200275113	0.048854417273318	0.409975	Sphingobacteriia bacterium 39-39-8	Bacteria	Bacteroidota	Sphingobacteriia	0.4653	0.158	1563.0	DUF900	DUF900	True
AF-A0A259Y126-F1	-0.3992618921739826	0.03397417539908775	-0.19165480035223614	0.1834	Rhodococcus sp. 06-469-3-2	Bacteria	Actinobacteria	Actinomycetia	0.1982	0.137	2491.0	Cutinase	Other α/β hydrolase (CL0028)	True
AF-A0A260ASC0-F1	-0.3973904382310346	0.03935459281572541	-0.18576165721931262	0.177875	Rhodococcus sp. 06-412-2C	Bacteria	Actinobacteria	Actinomycetia	0.1915	0.144	2477.0	Cutinase	Other α/β hydrolase (CL0028)	True
AF-A0A260BHB2-F1	-0.3734108090263277	0.019709362687382565	-0.15807875534939375	0.24814999999999998	Rhodococcus sp. 06-235-1A	Bacteria	Actinobacteria	Actinomycetia	0.3226	0.164	2127.0	Cutinase	Other α/β hydrolase (CL0028)	True
AF-A0A260BR95-F1	-0.3898002393633904	0.036761627053686054	-0.19012981709083893	0.20055	Rhodococcus sp. 06-235-1A	Bacteria	Actinobacteria	Actinomycetia	0.1967	0.132	2563.0	Cutinase	Other α/β hydrolase (CL0028)	True
AF-A0A260C4J5-F1	-0.3855935603918763	0.028531236673710395	-0.17902289033020774	0.1766	Rhodococcus sp. 06-221-2	Bacteria	Actinobacteria	Actinomycetia	0.1977	0.14	2510.0	Cutinase	Other α/β hydrolase (CL0028)	True
AF-A0A260MQY8-F1	-0.39308453083855804	0.03395323942307049	-0.18532598172946896	0.214925	Rhodococcus sp. 05-2254-4	Bacteria	Actinobacteria	Actinomycetia	0.1977	0.143	2429.0	Cutinase	Other α/β hydrolase (CL0028)	True
AF-A0A260PP29-F1	-0.39532640165339367	0.022163746507266303	-0.1804635424275882	0.1829	Rhodococcus sp. 02-925g	Bacteria	Actinobacteria	Actinomycetia	0.205	0.136	2490.0	Cutinase	Other α/β hydrolase (CL0028)	True
AF-A0A260QD69-F1	-0.39516040331793983	0.031938127120723234	-0.17489073028690236	0.1588	Rhodococcus sp. 15-649-2-2	Bacteria	Actinobacteria	Actinomycetia	0.1977	0.143	2449.0	Cutinase	Other α/β hydrolase (CL0028)	True
AF-A0A260SD69-F1	-0.3932193986812539	0.026033115150552535	-0.17829381548313103	0.180175	Rhodococcus sp. 15-2388-1-1a	Bacteria	Actinobacteria	Actinomycetia	0.1925	0.145	2530.0	Cutinase	Other α/β hydrolase (CL0028)	True
AF-A0A260VXP9-F1	-0.37218901976875696	0.023773246155175672	-0.15803364833754283	0.2261	Rhodococcus sp. 14-2470-1a	Bacteria	Actinobacteria	Actinomycetia	0.3189	0.166	2033.0	Cutinase	Other α/β hydrolase (CL0028)	True
AF-A0A260W1M3-F1	-0.3639426659628944	0.011889772165436626	-0.1591987259681325	0.242175	Rhodococcus sp. 14-2470-1a	Bacteria	Actinobacteria	Actinomycetia	0.3188	0.164	2029.0	Cutinase	Other α/β hydrolase (CL0028)	True
AF-A0A261GV62-F1	0.1921824415917232	0.07976031494489602	0.019376980181920342	0.5803499999999999	Hahella sp. CCB-MM4	Bacteria	Proteobacteria	Gammaproteobacteria	0.6245	0.182	673.0	DUF900	DUF900	True
AF-A0A285IR81-F1	0.17801607338967226	0.047845823360449735	0.013026855394782603	0.6312	Pseudooceanicola antarcticus	Bacteria	Proteobacteria	Alphaproteobacteria	0.6328	0.138	740.0	DUF900	DUF900	True
AF-A0A285N4T7-F1	0.06776482821620466	-0.1441191537760128	-0.049359502526944606	0.8283	Natronoarchaeum philippinense	Archaea	Euryarchaeota	Halobacteria	0.8022	0.359	50.0	DUF900;Cutinase;DUF726	DUF900	True
AF-A0A286RHG3-F1	-0.2692581720319543	0.1069210669458631	0.23214827184971604	0.23604999999999998	Thermogutta terrifontis	Bacteria	Planctomycetota	Planctomycetia	0.2415	0.098	2764.0	CbiK;CbiX	Other Pfam	True
AF-A0A290QI77-F1	0.17707704583496114	0.009519284570663606	0.020754510988412102	0.5998	Nibricoccus aquaticus	Bacteria	Verrucomicrobia	Opitutae	0.6271	0.185	442.0	DUF900	DUF900	True
AF-A0A291RJN5-F1	-0.36198054254765905	0.01805509890982992	-0.14366742047949563	0.22759999999999997	Nocardia terpenica	Bacteria	Actinobacteria	Actinomycetia	0.2885	0.113	2379.0	Cutinase	Other α/β hydrolase (CL0028)	True
AF-A0A2A2FDL7-F1	0.04997713764885963	-0.14932642515515854	0.005503950233147683	0.71925	Halorubrum salipaludis	Archaea	Euryarchaeota	Halobacteria	0.6676	0.265	313.0	DUF900;DUF726	DUF900	True
AF-A0A2A2J1L9-F1	0.17209763995775235	0.261817807485534	-0.01296695872467539	0.431125	Pseudomonas sp. HAR-UPW-AIA-41	Bacteria	Proteobacteria	Gammaproteobacteria	0.4533	0.166	1505.0	DUF900	DUF900	True
AF-A0A2A2W945-F1	0.09196140978334372	-0.1259953539468133	0.0024219429322623427	0.611575	Rhodopirellula sp. SM50	Bacteria	Planctomycetota	Planctomycetia	0.6951	0.164	454.0		No Pfam hit	True
AF-A0A2A3JEZ0-F1	-0.41899210385366753	0.13882986193492036	0.367552451499069	0.19655	Streptomyces sp. Ag82_O1-15	Bacteria	Actinobacteria	Actinomycetia	0.2861	0.099	2774.0	Peptidase_C14;Peripla_BP_6;ANF_receptor	Periplasmic binding protein (CL0144)	True
AF-A0A2A3T0Y3-F1	0.07227359165054024	-0.18958703170455074	0.04473768889030668	0.80035	Nitrosopumilales archaeon	Archaea	Thaumarchaeota		0.7568	0.265	120.0	DUF900;Cutinase;DUF726	DUF900	True
AF-A0A2A3TCX4-F1	0.06950336924863058	-0.17835465320232324	0.01595599542881235	0.802075	Thaumarchaeota archaeon	Archaea	Thaumarchaeota		0.7452	0.269	156.0	DUF900;DUF726	DUF900	True
AF-A0A2A4UY45-F1	0.13318367082333138	0.2811239145449419	-0.015452651121759357	0.432775	Alphaproteobacteria bacterium	Bacteria	Proteobacteria	Alphaproteobacteria	0.5152	0.223	1452.0	DUF900	DUF900	True
AF-A0A2A4ZSU1-F1	0.14101374894045918	0.04895807893730422	0.015691901289290267	0.64595	Rhodobacteraceae bacterium	Bacteria	Proteobacteria	Alphaproteobacteria	0.6759	0.168	421.0	DUF900	DUF900	True
AF-A0A2A5CX49-F1	0.16629963799513756	0.0633218245975346	0.0015027643417795636	0.6343749999999999	Gammaproteobacteria bacterium	Bacteria	Proteobacteria	Gammaproteobacteria	0.6777	0.14	602.0	DUF900	DUF900	True
AF-A0A2A6LN68-F1	0.16409410163550925	0.2351316736859218	-0.03047929902386054	0.51365	Sinorhizobium fredii	Bacteria	Proteobacteria	Alphaproteobacteria	0.596	0.152	1188.0	DUF900	DUF900	True
AF-A0A2A6NS95-F1	0.16514206027266118	0.2285751057598896	-0.02223296907676682	0.422975	Sinorhizobium sp. BJ1	Bacteria	Proteobacteria	Alphaproteobacteria	0.4604	0.188	1345.0	DUF900	DUF900	True
AF-A0A2A7UD43-F1	-0.3386361229176527	0.041864662922836984	-0.21470806445892043	0.2363	Nocardia sp. FDAARGOS_372	Bacteria	Actinobacteria	Actinomycetia	0.2474	0.109	2352.0	Cutinase	Other α/β hydrolase (CL0028)	True
AF-A0A2B2BCE4-F1	-0.28474465311923863	0.08401276905982329	0.13239780428595777	0.149225	Bacillus sp. AFS073361	Bacteria	Firmicutes	Bacilli	0.1757	0.114	2681.0	SBD_N;NBD_C	Other Pfam	True
AF-A0A2D0B3J1-F1	0.16831762357228625	0.03336565017094924	0.01306242251048612	0.59825	Rhizobium sp. R693	Bacteria	Proteobacteria	Alphaproteobacteria	0.6222	0.173	368.0	DUF900;Abhydrolase_6	DUF900	True
AF-A0A2D4WSF6-F1	0.17635833307631094	0.2543579033223036	-0.018325138458214863	0.44885	Planctomycetaceae bacterium	Bacteria	Planctomycetota	Planctomycetia	0.539	0.147	1433.0	DUF900	DUF900	True
AF-A0A2D5H1N8-F1	0.1313966746708128	-0.09071420911319247	0.05545850135974153	0.643	Gimesia sp.	Bacteria	Planctomycetota	Planctomycetia	0.7006	0.188	468.0		No Pfam hit	True
AF-A0A2D5H483-F1	0.19422154358561633	0.16600567943733266	-0.014894791159409806	0.5234000000000001	Gimesia sp.	Bacteria	Planctomycetota	Planctomycetia	0.5926	0.187	766.0	DUF900	DUF900	True
AF-A0A2D7B1R0-F1	-0.44625099100849364	0.18013191507932233	0.4239198341107663	0.144225	Hyphomonas sp.	Bacteria	Proteobacteria	Alphaproteobacteria	0.1635	0.138	2884.0	LppC;Peripla_BP_6	Periplasmic binding protein (CL0144)	True
AF-A0A2D7H8G3-F1	0.08320531022463282	-0.1107597955497672	0.04150493648932539	0.54495	Rhodopirellula sp.	Bacteria	Planctomycetota	Planctomycetia	0.6344	0.154	538.0	DUF900	DUF900	True
AF-A0A2D8ER62-F1	-0.4452526953320717	0.16712055903608286	0.4227961957382867	0.15032500000000001	Hyphomonas sp.	Bacteria	Proteobacteria	Alphaproteobacteria	0.1674	0.124	2868.0	LppC;Peripla_BP_6	Periplasmic binding protein (CL0144)	True
AF-A0A2D8LTX2-F1	-0.32422399649442785	0.07810159672274171	0.13015556631647662	0.1251	Acidimicrobiaceae bacterium	Bacteria	Actinobacteria	Acidimicrobiia	0.1721	0.083	2886.0	GTP-bdg_N;GTP-bdg_M;MMR_HSR1	P-loop NTPase (CL0023)	True
AF-A0A2D8STL6-F1	0.10695505485838268	-0.126337706223887	0.019477345921910447	0.57045	Planctomycetaceae bacterium	Bacteria	Planctomycetota	Planctomycetia	0.639	0.176	748.0	Abhydrolase_6	Other α/β hydrolase (CL0028)	True
AF-A0A2D8ZSJ7-F1	-0.44388984292642153	0.16280525043432334	0.4234070479767451	0.154725	Hyphomonadaceae bacterium	Bacteria	Proteobacteria	Alphaproteobacteria	0.198	0.12	2732.0	LppC;Peripla_BP_6	Periplasmic binding protein (CL0144)	True
AF-A0A2D8ZV67-F1	-0.44666089178392504	0.17271816334213444	0.4169966756564078	0.151675	Hyphomonadaceae bacterium	Bacteria	Proteobacteria	Alphaproteobacteria	0.1886	0.139	2842.0	LppC;Peripla_BP_6	Periplasmic binding protein (CL0144)	True
AF-A0A2E0QGV4-F1	0.07076551277708684	-0.17479740135725727	0.03654486640591391	0.7961750000000001	Thaumarchaeota archaeon	Archaea	Thaumarchaeota		0.7424	0.296	107.0	DUF900;DUF676;DUF726	DUF900	True
AF-A0A2E0SGR5-F1	0.07791087583797394	-0.12139224408068877	0.04575794580094971	0.524875	Planctomyces sp.	Bacteria	Planctomycetota	Planctomycetia	0.6526	0.155	643.0	DUF900	DUF900	True
AF-A0A2E0X070-F1	0.07528484631417352	-0.0939082472759402	0.008157029166745846	0.5789249999999999	Planctomycetaceae bacterium	Bacteria	Planctomycetota	Planctomycetia	0.6093	0.14	863.0		No Pfam hit	True
AF-A0A2E1XAN6-F1	0.10728495573269879	0.16287279148074424	0.03353597276807236	0.368575	Parvularcula sp.	Bacteria	Proteobacteria	Alphaproteobacteria	0.4994	0.162	1573.0	DUF900;OmpA	DUF900	True
AF-A0A2E2BZK7-F1	0.19766678348000624	0.17411327986388306	-0.00864498715942442	0.5429999999999999	Gimesia sp.	Bacteria	Planctomycetota	Planctomycetia	0.6293	0.148	970.0	DUF900	DUF900	True
AF-A0A2E2BZQ2-F1	0.1227637914918199	-0.0918014038851975	0.05540999656082062	0.6632750000000001	Gimesia sp.	Bacteria	Planctomycetota	Planctomycetia	0.7115	0.19	382.0		No Pfam hit	True
AF-A0A2E3DGF3-F1	0.09228565533771675	-0.11989796964248164	0.03252210522519919	0.60945	Planctomycetaceae bacterium	Bacteria	Planctomycetota	Planctomycetia	0.6505	0.148	745.0		No Pfam hit	True
AF-A0A2E3FBU4-F1	0.03137484308022104	-0.00797368913733103	-0.004836247680168107	0.489025	Rhodobacteraceae bacterium	Bacteria	Proteobacteria	Alphaproteobacteria	0.497	0.166	1445.0	DUF900;DUF726	DUF900	True
AF-A0A2E3KFS8-F1	0.08159037583495769	-0.19758137069633194	0.02132965984706506	0.768925	Thaumarchaeota archaeon	Archaea	Thaumarchaeota		0.7256	0.264	212.0	DUF900;Cutinase;DUF726	DUF900	True
AF-A0A2E3MVU7-F1	0.11203571032701029	-0.13238898782433747	-0.00946092345406386	0.61675	Planctomycetaceae bacterium	Bacteria	Planctomycetota	Planctomycetia	0.6729	0.158	391.0		No Pfam hit	True
AF-A0A2E3WXC1-F1	0.11392321335301836	0.12792738483448968	0.009641857667910666	0.44335	Bdellovibrionaceae bacterium	Bacteria	Proteobacteria	Oligoflexia	0.548	0.132	1279.0	DUF900	DUF900	True
AF-A0A2E3Z7P4-F1	0.10309504284702863	-0.09853802591768143	0.030817088097142183	0.563	Planctomycetaceae bacterium	Bacteria	Planctomycetota	Planctomycetia	0.6601	0.161	728.0		No Pfam hit	True
AF-A0A2E4CG63-F1	0.07600214108885676	-0.12820743578244395	0.035612956140120604	0.548675	Rhodopirellula sp.	Bacteria	Planctomycetota	Planctomycetia	0.6372	0.161	487.0	DUF900	DUF900	True
AF-A0A2E4MB02-F1	0.10527025155815294	-0.12147971674015962	0.049920895440514944	0.618375	Rhodopirellula sp.	Bacteria	Planctomycetota	Planctomycetia	0.5932	0.172	922.0		No Pfam hit	True
AF-A0A2E6GT55-F1	0.14523480199613578	0.022414369935142772	0.02674542280749541	0.5174749999999999	Rhodospirillaceae bacterium	Bacteria	Proteobacteria	Alphaproteobacteria	0.5354	0.188	989.0	DUF900	DUF900	True
AF-A0A2E6MYZ8-F1	0.09561822005447072	-0.12805577882404018	0.04917985774546686	0.60085	Planctomycetaceae bacterium	Bacteria	Planctomycetota	Planctomycetia	0.6309	0.143	621.0		No Pfam hit	True
AF-A0A2E7B2W7-F1	-0.44619712475536794	0.1562825609986533	0.4008410956358796	0.129725	Hyphomonas sp.	Bacteria	Proteobacteria	Alphaproteobacteria	0.1488	0.082	2877.0	LppC;Peripla_BP_6	Periplasmic binding protein (CL0144)	True
AF-A0A2E7EFF3-F1	0.08712701410488446	-0.10984358130674411	-0.019120385590257204	0.63245	Planctomycetaceae bacterium	Bacteria	Planctomycetota	Planctomycetia	0.5919	0.163	619.0		No Pfam hit	True
AF-A0A2E7EJ94-F1	0.08882579117741203	-0.08742769724366849	-0.002723231183803527	0.5540750000000001	Planctomycetaceae bacterium	Bacteria	Planctomycetota	Planctomycetia	0.5629	0.142	1003.0		No Pfam hit	True
AF-A0A2E7L3W5-F1	0.10637403191306426	-0.12123891956439843	0.019355953536602716	0.5974499999999999	Planctomycetaceae bacterium	Bacteria	Planctomycetota	Planctomycetia	0.6348	0.168	383.0		No Pfam hit	True
AF-A0A2E7TYG4-F1	-0.4321242752689987	0.1669864882421147	0.4061134574272811	0.1307	Gemmatimonadetes bacterium	Bacteria	Gemmatimonadetes		0.1494	0.128	2869.0	Peripla_BP_6	Periplasmic binding protein (CL0144)	True
AF-A0A2E8KN34-F1	0.10565587046106768	-0.13448514435610456	0.02580271050129889	0.5966	Planctomycetaceae bacterium	Bacteria	Planctomycetota	Planctomycetia	0.6287	0.167	763.0	DUF900	DUF900	True
AF-A0A2E8LA03-F1	-0.3262797454305283	0.08171048986034742	0.14183053458848255	0.1299275	Acidimicrobiaceae bacterium	Bacteria	Actinobacteria	Acidimicrobiia	0.1654	0.116	2879.0	GTP-bdg_N;GTP-bdg_M;MMR_HSR1	P-loop NTPase (CL0023)	True
AF-A0A2E9VQE3-F1	0.09651664396254572	-0.10551902635454292	0.03937925093383893	0.5802499999999999	Rubinisphaera sp.	Bacteria	Planctomycetota	Planctomycetia	0.6923	0.165	360.0		No Pfam hit	True
AF-A0A2G1LPU7-F1	0.07295466658841662	-0.2987461292679805	0.15364568549658905	0.503275	Sphingobium sp. IP1	Bacteria	Proteobacteria	Alphaproteobacteria	0.5939	0.083	1390.0		No Pfam hit	True
AF-A0A2G1WCP2-F1	0.07576043627383758	-0.14944010437013502	0.03629118823810883	0.572225	Rhodopirellula bahusiensis	Bacteria	Planctomycetota	Planctomycetia	0.6557	0.154	384.0		No Pfam hit	True
AF-A0A2G1WTW3-F1	0.03933548595452102	-0.15173503715287426	0.0016444612189542792	0.74105	Halorubrum sp. C191	Archaea	Euryarchaeota	Halobacteria	0.6769	0.257	264.0	DUF900;DUF726	DUF900	True
AF-A0A2G2GNP1-F1	-0.431931584436382	0.13296166388827865	0.41405268395666484	0.150025	Robiginitomaculum sp.	Bacteria	Proteobacteria	Alphaproteobacteria	0.1841	0.14	2829.0	LppC;Peripla_BP_6	Periplasmic binding protein (CL0144)	True
AF-A0A2G2MY81-F1	0.18747339627492998	0.0829801392674604	-0.00887096109582603	0.622525	Sulfurovum sp.	Bacteria	Proteobacteria	Epsilonproteobacteria	0.6634	0.15	499.0	DUF900	DUF900	True
AF-A0A2G4GXP6-F1	-0.43058820572529893	0.10650933217277536	0.38033242022306013	0.27435	Planctomycetaceae bacterium	Bacteria	Planctomycetota	Planctomycetia	0.3079	0.102	2439.0	Peripla_BP_6;ANF_receptor;Peripla_BP_5	Periplasmic binding protein (CL0144)	True
AF-A0A2G4IVJ5-F1	0.11996882579288196	-0.11637410532057392	0.022208128259904744	0.6213	Planctomycetaceae bacterium	Bacteria	Planctomycetota	Planctomycetia	0.6482	0.155	807.0	DUF900;Abhydrolase_6	DUF900	True
AF-A0A2G4JBX9-F1	0.06738758995715834	-0.18797479652648236	0.01942564190283285	0.7969999999999999	Nitrosarchaeum sp.	Archaea	Thaumarchaeota		0.7283	0.269	220.0	DUF900;DUF726	DUF900	True
AF-A0A2G5K656-F1	0.04066835995867831	-0.03625384582253912	0.03463281307170984	0.481575	Amylibacter kogurei	Bacteria	Proteobacteria	Alphaproteobacteria	0.5126	0.15	1197.0	DUF900	DUF900	True
AF-A0A2G6HST9-F1	0.15561641928046763	0.042379501603815525	0.01997308187581473	0.6175	Acidobacteria bacterium	Bacteria	Acidobacteria		0.6376	0.181	544.0	DUF900	DUF900	True
AF-A0A2G6HVJ0-F1	-0.15244833484520492	0.0014911813315034883	-0.050427601213301795	0.4279	Acidobacteria bacterium	Bacteria	Acidobacteria		0.4328	0.163	1708.0		No Pfam hit	True
AF-A0A2G6LF79-F1	0.15940340554642668	0.04730945594446513	0.009310068093950363	0.5937999999999999	Gammaproteobacteria bacterium	Bacteria	Proteobacteria	Gammaproteobacteria	0.601	0.212	449.0	DUF900	DUF900	True
AF-A0A2G6LGV2-F1	0.1639330147518267	0.03350414457344829	0.025712926259306077	0.591225	Gammaproteobacteria bacterium	Bacteria	Proteobacteria	Gammaproteobacteria	0.6068	0.203	387.0	DUF900	DUF900	True
AF-A0A2G6Q267-F1	0.16065907207655056	0.04124728423982857	0.01973650139174692	0.61665	Acidobacteria bacterium	Bacteria	Acidobacteria		0.6433	0.181	479.0	DUF900	DUF900	True
AF-A0A2G9C7B9-F1	0.07838327384763025	-0.023834701734233552	0.011054361064993608	0.4863	Mitsuaria chitinivorans	Bacteria	Proteobacteria	Betaproteobacteria	0.5464	0.158	974.0	DUF900	DUF900	True
AF-A0A2G9MUG9-F1	0.06064192935987139	-0.19038602995791123	0.027063211967750727	0.806425	Nitrosopumilales archaeon CG11_big_fil_rev_8_21_14_0_20_33_24	Archaea	Thaumarchaeota		0.7407	0.268	167.0	DUF900;DUF726;LCAT	DUF900	True
AF-A0A2G9YRV8-F1	-0.3127466669827925	0.022639839228962122	-0.044250116857739163	0.28990000000000005	Candidatus Nealsonbacteria bacterium CG23_combo_of_CG06-09_8_20_14_all_39_25	Bacteria	Candidatus Nealsonbacteria		0.3046	0.127	2311.0		No Pfam hit	True
AF-A0A2H0FIH6-F1	-0.30204985902616627	0.048600166537887075	-0.05494497472324071	0.297825	Candidatus Nealsonbacteria bacterium CG18_big_fil_WC_8_21_14_2_50_37_10	Bacteria	Candidatus Nealsonbacteria		0.2775	0.13	2249.0		No Pfam hit	True
AF-A0A2H0MPM9-F1	-0.3135027543576233	0.026082353436893194	-0.04963295860585533	0.282575	Candidatus Nealsonbacteria bacterium CG11_big_fil_rev_8_21_14_0_20_39_9	Bacteria	Candidatus Nealsonbacteria		0.2239	0.13	2494.0		No Pfam hit	True
AF-A0A2H5A2J4-F1	0.07171045912244338	-0.16154554095988416	0.01768193500866026	0.7948	Haloarcula taiwanensis	Archaea	Euryarchaeota	Halobacteria	0.782	0.316	78.0	DUF900;DUF726	DUF900	True
AF-A0A2H5ATT4-F1	0.0611570021525442	-0.28508975370644685	0.18584979156166795	0.470075	Kitasatospora sp. MMS16-BH015	Bacteria	Actinobacteria	Actinomycetia	0.5523	0.123	1495.0		No Pfam hit	True
AF-A0A2H6FZJ0-F1	0.17416694862268803	0.24623423166471342	0.030796476012558104	0.4566	bacterium BMS3Abin11	Bacteria			0.5097	0.143	1741.0	DUF900	DUF900	True
AF-A0A2H9R9P5-F1	0.052995843675680075	-0.2018474858016823	0.025694653337427643	0.80135	Nitrosopumilales archaeon CG_4_9_14_0_8_um_filter_34_10	Archaea	Thaumarchaeota		0.7436	0.261	160.0	DUF900;DUF726;LCAT	DUF900	True
AF-A0A2H9RQQ8-F1	0.05192498609358402	-0.19490274015206227	0.0178938954170073	0.79455	Nitrosopumilales archaeon CG_4_9_14_0_2_um_filter_34_16	Archaea	Thaumarchaeota		0.7078	0.25	179.0	DUF900;DUF726	DUF900	True
AF-A0A2J7TF36-F1	0.13310586028950386	0.17006231069850888	-0.017777556415961304	0.523675	Methylocella silvestris	Bacteria	Proteobacteria	Alphaproteobacteria	0.5598	0.173	1108.0	DUF900;Abhydrolase_6	DUF900	True
AF-A0A2L0EUY9-F1	-0.2980084651795567	0.08091516793083416	0.08717956387885739	0.1463	Sorangium cellulosum	Bacteria	Proteobacteria	Deltaproteobacteria	0.16	0.077	2821.0		No Pfam hit	True
AF-A0A2L2L8A1-F1	0.13776521201409686	0.1637715153656082	-0.029022884961994972	0.512225	Agrobacterium tumefaciens	Bacteria	Proteobacteria	Alphaproteobacteria	0.5802	0.169	1029.0	DUF900;Abhydrolase_6	DUF900	True
AF-A0A2M7D754-F1	-0.30930970813337116	0.03538753068821013	-0.0572668217879369	0.257475	Candidatus Nealsonbacteria bacterium CG02_land_8_20_14_3_00_40_11	Bacteria	Candidatus Nealsonbacteria		0.2345	0.129	2336.0		No Pfam hit	True
AF-A0A2M7D9I8-F1	-0.3056500074610302	0.03002199986855207	-0.048030523917704064	0.30205	Candidatus Nealsonbacteria bacterium CG02_land_8_20_14_3_00_37_10	Bacteria	Candidatus Nealsonbacteria		0.2607	0.147	2191.0		No Pfam hit	True
AF-A0A2M7EBI2-F1	-0.30802393741400613	0.05029464100217505	-0.06343191982925081	0.266125	Candidatus Nealsonbacteria bacterium CG01_land_8_20_14_3_00_12	Bacteria	Candidatus Nealsonbacteria		0.2544	0.122	2272.0		No Pfam hit	True
AF-A0A2M7GKS5-F1	0.1580958648282883	0.22378273785761627	-0.0196034725137432	0.5059	Rhodobacterales bacterium CG15_BIG_FIL_POST_REV_8_21_14_020_59_13	Bacteria	Proteobacteria	Alphaproteobacteria	0.5661	0.125	1100.0	DUF900	DUF900	True
AF-A0A2M7H1X7-F1	-0.3033289525681618	0.059016984708159366	-0.07217898946971535	0.261625	Candidatus Nealsonbacteria bacterium CG15_BIG_FIL_POST_REV_8_21_14_020_37_12	Bacteria	Candidatus Nealsonbacteria		0.2558	0.132	2271.0		No Pfam hit	True
AF-A0A2M7MFD8-F1	-0.30944253518755427	0.025674364083305604	-0.06536693377602547	0.239325	Candidatus Nealsonbacteria bacterium CG_4_10_14_3_um_filter_36_16	Bacteria	Candidatus Nealsonbacteria		0.2513	0.129	2295.0		No Pfam hit	True
AF-A0A2M7UU45-F1	-0.3057469110983966	0.044165861675245666	-0.053724140806248925	0.266625	Candidatus Nealsonbacteria bacterium CG_4_10_14_0_2_um_filter_40_15	Bacteria	Candidatus Nealsonbacteria		0.2521	0.13	2250.0		No Pfam hit	True
AF-A0A2M7UVE6-F1	-0.301942575930472	0.02031300127884037	-0.04228729390384229	0.29905	Candidatus Nealsonbacteria bacterium CG_4_10_14_0_2_um_filter_39_15	Bacteria	Candidatus Nealsonbacteria		0.266	0.12	2251.0		No Pfam hit	True
AF-A0A2M8C7N2-F1	-0.12576875702755785	-0.002137673648389937	-0.11216539977463628	0.42957500000000004	Bacteroidetes bacterium CG_4_9_14_3_um_filter_41_19	Bacteria	Bacteroidota		0.4525	0.137	1747.0		No Pfam hit	True
AF-A0A2M8DL07-F1	-0.3062244202768054	0.03885569287796523	-0.068907997797882	0.240025	Candidatus Nealsonbacteria bacterium CG_4_9_14_0_8_um_filter_36_17	Bacteria	Candidatus Nealsonbacteria		0.2335	0.149	2266.0		No Pfam hit	True
AF-A0A2M8G7U1-F1	-0.3130270708946053	0.03430733663367266	-0.0591077514562678	0.27454999999999996	candidate division WWE3 bacterium CG_4_8_14_3_um_filter_42_11	Bacteria	candidate division WWE3		0.2507	0.119	2303.0		No Pfam hit	True
AF-A0A2M8WS84-F1	-0.28212296857367136	0.005521764934531209	-0.22103947377451133	0.428775	Luteimicrobium subarcticum	Bacteria	Actinobacteria	Actinomycetia	0.433	0.145	1733.0	Cutinase	Other α/β hydrolase (CL0028)	True
AF-A0A2N0V8A5-F1	0.1680452968731668	0.07136899457594449	0.024774034517387515	0.5379	Methylomonas sp. Kb3	Bacteria	Proteobacteria	Gammaproteobacteria	0.5625	0.197	541.0	DUF900	DUF900	True
AF-A0A2N1A2K6-F1	0.16869230936063384	0.06013329614378372	0.003382602641063662	0.6301	Psychromonas sp. Urea-02u-13	Bacteria	Proteobacteria	Gammaproteobacteria	0.6597	0.141	683.0	DUF900	DUF900	True
AF-A0A2N1C3G7-F1	0.009043555087646616	-0.06955978583991987	0.028857502367975837	0.42725	Colwellia sp. 75C3	Bacteria	Proteobacteria	Gammaproteobacteria	0.4736	0.166	1584.0		No Pfam hit	True
AF-A0A2N2JJH8-F1	-0.40214016954523124	0.14566222093400696	0.2745154797505784	0.1476	Deltaproteobacteria bacterium HGW-Deltaproteobacteria-14	Bacteria	Proteobacteria	Deltaproteobacteria	0.1873	0.108	2838.0	Peripla_BP_1;Peripla_BP_4	Periplasmic binding protein (CL0144)	True
AF-A0A2N3CAE4-F1	-0.44378950303418174	0.1701071943355562	0.4202497842335561	0.1532	Alphaproteobacteria bacterium HGW-Alphaproteobacteria-18	Bacteria	Proteobacteria	Alphaproteobacteria	0.1733	0.104	2876.0	Peripla_BP_6	Periplasmic binding protein (CL0144)	True
AF-A0A2N3CN00-F1	0.05023240529612964	-0.01771327221543986	0.02386415810017965	0.548925	Alphaproteobacteria bacterium HGW-Alphaproteobacteria-2	Bacteria	Proteobacteria	Alphaproteobacteria	0.5735	0.149	1303.0		No Pfam hit	True
AF-A0A2N5GK85-F1	-0.28437856382058696	0.06725805799546739	0.11831729408930565	0.16344999999999998	Bacillus canaveralius	Bacteria	Firmicutes	Bacilli	0.1833	0.061	2639.0	SBD_N;NBD_C	Other Pfam	True
AF-A0A2N6CAA8-F1	0.18067919280411618	0.2543158545747513	0.017002408603481033	0.4447	Desulfobulbaceae bacterium	Bacteria	Proteobacteria	Deltaproteobacteria	0.4809	0.135	1507.0	DUF900	DUF900	True
AF-A0A2N6EY70-F1	0.17054008672275586	0.14992378422673813	-0.05339204066920117	0.53445	Desulfuromonas sp.	Bacteria	Proteobacteria	Deltaproteobacteria	0.6013	0.149	947.0	DUF900;Lipase_2	DUF900	True
AF-A0A2N6J3L3-F1	-0.42490303984826217	0.14709217893916382	0.4264052472093193	0.19695000000000001	Herbaspirillum sp. BH-1	Bacteria	Proteobacteria	Betaproteobacteria	0.239	0.141	2794.0	Peripla_BP_6;ANF_receptor	Periplasmic binding protein (CL0144)	True
AF-A0A2N6T060-F1	-0.15214354465418206	0.025743231091237252	-0.11607266755058575	0.3972	Corynebacterium xerosis	Bacteria	Actinobacteria	Actinomycetia	0.4444	0.139	1739.0	Abhydrolase_8	Other α/β hydrolase (CL0028)	True
AF-A0A2P4NW45-F1	0.07960899314241658	-0.19242293337891447	-0.0013524445705120694	0.936	Haloferax marisrubri	Archaea	Euryarchaeota	Halobacteria	0.9359	0.72	8.0		No Pfam hit	True
AF-A0A2P5P5T7-F1	-0.29090954143020686	0.057863480761749166	-0.07740016521865614	0.2773	Candidatus Dehalogenimonas etheniformans	Bacteria	Chloroflexi	Dehalococcoidia	0.2767	0.136	2222.0		No Pfam hit	True
AF-A0A2P7B3W3-F1	0.15406000190731672	0.23980987174038415	-0.03480439273918243	0.46645	Phyllobacterium sophorae	Bacteria	Proteobacteria	Alphaproteobacteria	0.6065	0.147	1338.0	DUF900	DUF900	True
AF-A0A2P7B960-F1	0.1584147274102335	0.2259583387298756	-0.02152470456415907	0.490925	Phyllobacterium brassicacearum	Bacteria	Proteobacteria	Alphaproteobacteria	0.5666	0.133	1369.0	DUF900	DUF900	True
AF-A0A2P7BI77-F1	0.1568511326956914	0.22500824783407813	-0.038195935063289624	0.49942499999999995	Phyllobacterium sophorae	Bacteria	Proteobacteria	Alphaproteobacteria	0.59	0.139	1372.0	DUF900;Abhydrolase_1	DUF900	True
AF-A0A2P8F6M8-F1	0.16083989721410785	0.24412519134163813	-0.003204891447761516	0.44865	Shimia abyssi	Bacteria	Proteobacteria	Alphaproteobacteria	0.5261	0.183	1549.0	DUF900	DUF900	True
AF-A0A2P8WKD6-F1	0.05184634966013767	-0.07859149431574228	-0.029801635273887985	0.5245249999999999	filamentous cyanobacterium CCP5	Bacteria	Cyanobacteria		0.564	0.162	990.0	DUF900;Tle3	DUF900	True
AF-A0A2P9HK92-F1	0.1395475131813308	0.1681606423094829	-0.03937748730951402	0.5339750000000001	[Ochrobactrum] soli	Bacteria	Proteobacteria	Alphaproteobacteria	0.6175	0.154	1079.0	DUF900;Abhydrolase_6	DUF900	True
AF-A0A2R6DI01-F1	-0.4481693662391021	0.15496798154821947	0.3897879410875951	0.2343	Halobacteriales archaeon QH_2_66_30	Archaea	Euryarchaeota	Halobacteria	0.2672	0.131	2700.0	Peripla_BP_6;Peripla_BP_5;ANF_receptor	Periplasmic binding protein (CL0144)	True
AF-A0A2R6GJ55-F1	0.06781020503439833	-0.17157965241976	0.025889239049765464	0.75195	Halobacteriales archaeon QS_1_68_20	Archaea	Euryarchaeota	Halobacteria	0.7547	0.362	108.0	DUF900;DUF726	DUF900	True
AF-A0A2R6JQA9-F1	0.05589502325853814	-0.1932779409331526	-0.0009100310487798251	0.768875	Halobacteriales archaeon QS_8_69_26	Archaea	Euryarchaeota	Halobacteria	0.807	0.323	56.0	DUF726	DUF726	True
AF-A0A2R6KDZ0-F1	0.06624185410124801	-0.1874314238326688	0.006899405990817359	0.81105	Halobacteriales archaeon QS_9_68_17	Archaea	Euryarchaeota	Halobacteria	0.7976	0.346	81.0	DUF900	DUF900	True
AF-A0A2R6L4T8-F1	-0.44172280366595135	0.1453487777366554	0.3941914518122258	0.2392	Halobacteriales archaeon SW_10_66_29	Archaea	Euryarchaeota	Halobacteria	0.1642	0.164	2795.0	Peripla_BP_6;Peripla_BP_5;ANF_receptor	Periplasmic binding protein (CL0144)	True
AF-A0A2S0I7D0-F1	0.15616347706185113	0.27699272506070416	-0.026157574380766765	0.38839999999999997	Achromobacter spanius	Bacteria	Proteobacteria	Betaproteobacteria	0.4568	0.131	1511.0	DUF900	DUF900	True
AF-A0A2S0KJU0-F1	-0.25769912100897635	0.019808362031937393	-0.24435245310478326	0.417625	Gordonia iterans	Bacteria	Actinobacteria	Actinomycetia	0.3946	0.112	1770.0	Cutinase	Other α/β hydrolase (CL0028)	True
AF-A0A2S0M102-F1	-0.27589342886643303	0.010952596611363675	-0.05941344488665218	0.19868	Dietzia sp. oral taxon 368	Bacteria	Actinobacteria	Actinomycetia	0.3092	0.149	2288.0	Cutinase	Other α/β hydrolase (CL0028)	True
AF-A0A2S0WQ40-F1	-0.27501640126506416	-0.030165435533448887	-0.18068857707650737	0.39102499999999996	Aeromicrobium chenweiae	Bacteria	Actinobacteria	Actinomycetia	0.3555	0.177	1777.0	Cutinase	Other α/β hydrolase (CL0028)	True
AF-A0A2S2KSG3-F1	0.06203412409378616	-0.20446160000999009	0.004942527921897458	0.80535	Nitrosopumilus zosterae	Archaea	Thaumarchaeota		0.7476	0.269	132.0	DUF900;DUF726	DUF900	True
AF-A0A2S4LC93-F1	0.08216766418526618	-0.29616498827633275	0.16383634136472724	0.51105	Methylobacterium sp. V23	Bacteria	Proteobacteria	Alphaproteobacteria	0.615	0.095	1049.0		No Pfam hit	True
AF-A0A2S5MZG2-F1	0.16318657387799856	0.18734718728677924	-0.025726224381280183	0.5668500000000001	Hyphomicrobium sp.	Bacteria	Proteobacteria	Alphaproteobacteria	0.6251	0.124	1161.0	DUF900;Abhydrolase_6	DUF900	True
AF-A0A2S6N1A5-F1	0.10848189444649124	0.12541954264757305	0.004578671554201275	0.417725	Rhodoblastus sphagnicola	Bacteria	Proteobacteria	Alphaproteobacteria	0.5756	0.155	1030.0	DctP;DUF900	DUF900	True
AF-A0A2S7IYI1-F1	0.1443381976713415	0.15969958829274067	-0.01613726124484195	0.5273	Brucella oryzae	Bacteria	Proteobacteria	Alphaproteobacteria	0.582	0.163	911.0	DUF900;Abhydrolase_6	DUF900	True
AF-A0A2S7X477-F1	0.13414517239661564	0.03579967988252902	0.036905987465186786	0.5191	Aliivibrio sifiae	Bacteria	Proteobacteria	Gammaproteobacteria	0.5575	0.161	715.0	DUF900	DUF900	True
AF-A0A2S7X6E2-F1	0.1491828285486264	0.051248590491569754	0.027360928280925984	0.5318499999999999	Aliivibrio sifiae	Bacteria	Proteobacteria	Gammaproteobacteria	0.5777	0.153	416.0	DUF900	DUF900	True
AF-A0A2S8BF03-F1	0.07571039888674502	-0.28020230151616304	0.17457939745164794	0.45785	Mycobacterium talmoniae	Bacteria	Actinobacteria	Actinomycetia	0.4618	0.119	1604.0		No Pfam hit	True
AF-A0A2S8F651-F1	0.10386014395694433	-0.12676405493876422	0.010090192961646531	0.576525	Blastopirellula marina	Bacteria	Planctomycetota	Planctomycetia	0.6179	0.145	804.0		No Pfam hit	True
AF-A0A2S8FBY3-F1	0.06798000142324204	-0.12393121795263651	0.005323344642434826	0.5923499999999999	Blastopirellula marina	Bacteria	Planctomycetota	Planctomycetia	0.5791	0.165	634.0		No Pfam hit	True
AF-A0A2S8G213-F1	0.09744375451888973	-0.1312685828167243	0.015718876587779613	0.6249	Blastopirellula marina	Bacteria	Planctomycetota	Planctomycetia	0.6491	0.156	717.0		No Pfam hit	True
AF-A0A2S8GD85-F1	0.0977113137358123	-0.12358218837365768	0.024233081000520067	0.6115999999999999	Blastopirellula marina	Bacteria	Planctomycetota	Planctomycetia	0.6412	0.151	565.0		No Pfam hit	True
AF-A0A2T0JW97-F1	-0.15777389779629325	-0.022810278566559896	-0.19790985352623233	0.4174	Actinoplanes italicus	Bacteria	Actinobacteria	Actinomycetia	0.4691	0.151	1636.0	Abhydrolase_8	Other α/β hydrolase (CL0028)	True
AF-A0A2T0LTM5-F1	-0.1462831432058315	-0.03378121927308515	-0.19460976619620088	0.44015000000000004	Prauserella shujinwangii	Bacteria	Actinobacteria	Actinomycetia	0.459	0.178	1714.0	Abhydrolase_8	Other α/β hydrolase (CL0028)	True
AF-A0A2T1DH91-F1	0.2065939451745455	0.08828275216585986	0.016177338130696686	0.55495	filamentous cyanobacterium CCP2	Bacteria	Cyanobacteria		0.5851	0.146	800.0	DUF900	DUF900	True
AF-A0A2T3EK49-F1	0.13442224251881202	0.16386766978715156	-0.034907655478804644	0.502575	Rhizobium sp. JAB6	Bacteria	Proteobacteria	Alphaproteobacteria	0.5647	0.152	1000.0	DUF900;Abhydrolase_6	DUF900	True
AF-A0A2T3GV71-F1	0.1444057288488488	0.18176707339039805	-0.014195022918563789	0.5161	Rhizobium sp. SEMIA4064	Bacteria	Proteobacteria	Alphaproteobacteria	0.57	0.165	914.0	DUF900;Abhydrolase_6	DUF900	True
AF-A0A2T4ULF7-F1	-0.2789679026583234	0.016344480892741854	-0.1709354795652875	0.399675	Paraconexibacter algicola	Bacteria	Actinobacteria	Thermoleophilia	0.3508	0.156	1894.0	Cutinase	Other α/β hydrolase (CL0028)	True
AF-A0A2T4Y3Y0-F1	0.14811930329047626	0.05586114241783028	0.03197789381037038	0.5570999999999999	Enterobacter cloacae	Bacteria	Proteobacteria	Gammaproteobacteria	0.539	0.156	646.0	DUF900	DUF900	True
AF-A0A2T6LF32-F1	-0.1328582852868236	0.014605348402089277	-0.0799929247411398	0.34585	Promicromonospora sp. AC04	Bacteria	Actinobacteria	Actinomycetia	0.442	0.139	1785.0	Abhydrolase_8	Other α/β hydrolase (CL0028)	True
AF-A0A2T7MBV5-F1	-0.42420914999233916	0.14782446751672956	0.40550123416507683	0.1536325	Streptomyces sp. CS014	Bacteria	Actinobacteria	Actinomycetia	0.1893	0.116	2816.0	Pkinase;PK_Tyr_Ser-Thr;Peripla_BP_6;ANF_receptor	Periplasmic binding protein (CL0144)	True
AF-A0A2U1WGZ1-F1	0.19208236289361408	0.13031765386975155	0.0053318962923090685	0.589325	Azospirillum sp. TSA6c	Bacteria	Proteobacteria	Alphaproteobacteria	0.6005	0.125	931.0	DUF900	DUF900	True
AF-A0A2U2AEV8-F1	-0.2783707088908189	0.06885775357368516	-0.053976969122904776	0.2217	Ignatzschineria ureiclastica	Bacteria	Proteobacteria	Gammaproteobacteria	0.2576	0.136	2256.0	Abhydrolase_6;Peptidase_S9	Other α/β hydrolase (CL0028)	True
AF-A0A2U2CPB5-F1	0.0627461280603013	-0.030888749341256565	0.005259437474670521	0.5658000000000001	Maritimibacter sp. 55A14	Bacteria	Proteobacteria	Alphaproteobacteria	0.5411	0.16	1359.0	DUF900	DUF900	True
AF-A0A2U2DRJ6-F1	0.13258567731241452	0.1674070708764539	-0.012739730008443579	0.502775	Rhizobium album	Bacteria	Proteobacteria	Alphaproteobacteria	0.58	0.161	1062.0	DUF900;Abhydrolase_6	DUF900	True
AF-A0A2V2LDX5-F1	0.16522247272999838	0.037136061911345046	0.03240467991332974	0.6227499999999999	Meridianimarinicoccus roseus	Bacteria	Proteobacteria	Alphaproteobacteria	0.6149	0.179	615.0	DUF900	DUF900	True
AF-A0A2V3I8A3-F1	0.06819460446156966	-0.19642487721715465	0.03887634128754396	0.7897	Thaumarchaeota archaeon	Archaea	Thaumarchaeota		0.7223	0.263	175.0	DUF900;DUF676;Cutinase;DUF726	DUF900	True
AF-A0A2V3IAA3-F1	0.07090038928125539	-0.191704189150518	0.030497795373704912	0.7831	Thaumarchaeota archaeon	Archaea	Thaumarchaeota		0.745	0.276	124.0	DUF900;DUF726;Cutinase	DUF900	True
AF-A0A2V3U3G9-F1	0.09612424051710268	0.11804363765688689	-0.07157154084492387	0.56455	Chelatococcus asaccharovorans	Bacteria	Proteobacteria	Alphaproteobacteria	0.607	0.143	1113.0	DUF900	DUF900	True
AF-A0A2V4N4H3-F1	0.020205371031170354	-0.035185927979633755	-0.01254009363293543	0.5539000000000001	Litorivita pollutaquae	Bacteria	Proteobacteria	Alphaproteobacteria	0.542	0.171	1041.0	DUF900;DUF726	DUF900	True
AF-A0A2V5JPF2-F1	0.17125930477751836	0.012808761294675161	0.031197572205440168	0.568925	Verrucomicrobia bacterium	Bacteria	Verrucomicrobia		0.6001	0.179	609.0	DUF900;Abhydrolase_6	DUF900	True
AF-A0A2V5JQM6-F1	0.16909137172946404	0.017159905665235585	0.03372177870088066	0.5649	Verrucomicrobia bacterium	Bacteria	Verrucomicrobia		0.5461	0.208	444.0	DUF900;Abhydrolase_6	DUF900	True
AF-A0A2V5LWL9-F1	0.19164438169236922	0.019575374960670796	0.027715369812535914	0.5256	Verrucomicrobia bacterium	Bacteria	Verrucomicrobia		0.5575	0.155	805.0	DUF900	DUF900	True
AF-A0A2V5ND89-F1	0.0471185473730449	-0.13378487638190031	-0.0029967458836914194	0.617575	Verrucomicrobia bacterium	Bacteria	Verrucomicrobia		0.602	0.195	731.0	DUF900	DUF900	True
AF-A0A2V5NQG3-F1	0.10622765597093455	-0.026295069250446303	0.0037327810889894275	0.57335	Verrucomicrobia bacterium	Bacteria	Verrucomicrobia		0.5497	0.183	667.0	DUF900	DUF900	True
AF-A0A2V5PCJ8-F1	0.10543379344567091	-0.011347391105241566	0.014566604157524712	0.56875	Verrucomicrobia bacterium	Bacteria	Verrucomicrobia		0.5663	0.19	635.0	DUF900;Abhydrolase_6	DUF900	True
AF-A0A2V5Q210-F1	0.18506622869704942	0.019991203564830078	0.0324749070032861	0.5573	Verrucomicrobia bacterium	Bacteria	Verrucomicrobia		0.5987	0.149	691.0	DUF900	DUF900	True
AF-A0A2V5QN23-F1	0.1675464569974074	0.032713984379916544	0.028001426583170338	0.5448	Verrucomicrobia bacterium	Bacteria	Verrucomicrobia		0.5824	0.179	679.0	DUF900	DUF900	True
AF-A0A2V5QTS3-F1	0.1711465416849176	0.012764933194690922	0.026130667450744407	0.543825	Verrucomicrobia bacterium	Bacteria	Verrucomicrobia		0.5358	0.2	648.0	DUF900;Abhydrolase_6	DUF900	True
AF-A0A2V5R8Q4-F1	0.1058951155203362	0.10407969409771527	0.0224868357613252	0.54355	Verrucomicrobia bacterium	Bacteria	Verrucomicrobia		0.5257	0.146	878.0	DUF900;Ser_hydrolase	DUF900	True
AF-A0A2V5RSE5-F1	0.16835659846517412	0.02167436872174182	0.026983565715431784	0.5479499999999999	Verrucomicrobia bacterium	Bacteria	Verrucomicrobia		0.546	0.186	610.0	DUF900;Abhydrolase_6	DUF900	True
AF-A0A2V5RTF6-F1	0.14578099893254437	0.00880757252601872	0.018329022654404024	0.53845	Verrucomicrobia bacterium	Bacteria	Verrucomicrobia		0.5793	0.157	822.0	DUF900	DUF900	True
AF-A0A2V5SU68-F1	0.14778521950246548	0.008109528289836883	0.006631613210990567	0.5429250000000001	Verrucomicrobia bacterium	Bacteria	Verrucomicrobia		0.5671	0.167	879.0	DUF900	DUF900	True
AF-A0A2V5TJ71-F1	0.15458790170543726	0.007585573261437455	0.01869410318804889	0.53695	Verrucomicrobia bacterium	Bacteria	Verrucomicrobia		0.5653	0.164	796.0	DUF900	DUF900	True
AF-A0A2V5UL56-F1	0.17337789487610392	0.012874688924798015	0.024452007124037976	0.576875	Verrucomicrobia bacterium	Bacteria	Verrucomicrobia		0.603	0.171	672.0	DUF900;Abhydrolase_6	DUF900	True
AF-A0A2V5V0F6-F1	0.1674334893753306	0.15401108061297084	-0.006364571161185183	0.5815	Verrucomicrobia bacterium	Bacteria	Verrucomicrobia		0.6093	0.14	960.0	DUF900;Ser_hydrolase	DUF900	True
AF-A0A2V5VA59-F1	0.16252834363215302	-0.006379209425382295	0.07396769893199476	0.551025	Verrucomicrobia bacterium	Bacteria	Verrucomicrobia		0.5278	0.2	529.0	DUF900;Abhydrolase_6	DUF900	True
AF-A0A2V5VQU2-F1	0.18363605310163814	0.03844163344481572	0.028421245937485424	0.538625	Verrucomicrobia bacterium	Bacteria	Verrucomicrobia		0.5653	0.18	484.0	DUF900;Abhydrolase_6	DUF900	True
AF-A0A2V5WDJ1-F1	0.1805872963419251	0.01976116931339307	0.0397901153340069	0.548325	Verrucomicrobia bacterium	Bacteria	Verrucomicrobia		0.5701	0.186	491.0	DUF900;Abhydrolase_6	DUF900	True
AF-A0A2V5XMQ7-F1	0.17429403922908476	0.028828281059280623	0.05292485199858342	0.531575	Verrucomicrobia bacterium	Bacteria	Verrucomicrobia		0.536	0.19	746.0	DUF900	DUF900	True
AF-A0A2V5Y4D5-F1	0.1751489749112422	0.03403049561355266	0.031183645463680416	0.5386	Verrucomicrobia bacterium	Bacteria	Verrucomicrobia		0.5507	0.206	556.0	DUF900;Abhydrolase_6	DUF900	True
AF-A0A2V5Y9G6-F1	0.16723439337855514	0.024871185539558267	0.02644761449832381	0.5731	Verrucomicrobia bacterium	Bacteria	Verrucomicrobia		0.556	0.212	480.0	DUF900;Abhydrolase_6	DUF900	True
AF-A0A2V5ZBL9-F1	0.17362979038277454	0.027814463887437156	0.029578971452336282	0.525525	Verrucomicrobia bacterium	Bacteria	Verrucomicrobia		0.5545	0.175	590.0	DUF900;Abhydrolase_6	DUF900	True
AF-A0A2V6B6C3-F1	0.16715315375683104	0.014928653931334829	0.023233860135368156	0.557075	Verrucomicrobia bacterium	Bacteria	Verrucomicrobia		0.5643	0.171	603.0	DUF900;Abhydrolase_6	DUF900	True
AF-A0A2V6BU67-F1	0.15610132464532983	0.040742159783722566	0.025222766280459875	0.5070250000000001	Verrucomicrobia bacterium	Bacteria	Verrucomicrobia		0.5445	0.205	591.0	DUF900	DUF900	True
AF-A0A2V6C8L4-F1	0.1094017362062693	0.012261766070971623	0.00392495537623557	0.570325	Verrucomicrobia bacterium	Bacteria	Verrucomicrobia		0.566	0.196	584.0	DUF900;Abhydrolase_6	DUF900	True
AF-A0A2V6G430-F1	0.1686874320815826	0.037964933462518474	0.021789677073323292	0.52845	Verrucomicrobia bacterium	Bacteria	Verrucomicrobia		0.5397	0.206	657.0	DUF900;Abhydrolase_6	DUF900	True
AF-A0A2V6HWM4-F1	0.15720343717243546	0.022329140231027472	0.02959143521261512	0.5408999999999999	Verrucomicrobia bacterium	Bacteria	Verrucomicrobia		0.5458	0.208	518.0	DUF900;Abhydrolase_6	DUF900	True
AF-A0A2V6I9E4-F1	0.16880955485371327	0.029501917310571488	0.038190158300882265	0.5502	Verrucomicrobia bacterium	Bacteria	Verrucomicrobia		0.5536	0.211	519.0	DUF900;Abhydrolase_6	DUF900	True
AF-A0A2V6JZK5-F1	0.175889522657087	0.017692887482637323	0.02686000416864629	0.5567249999999999	Verrucomicrobia bacterium	Bacteria	Verrucomicrobia		0.595	0.152	631.0	DUF900	DUF900	True
AF-A0A2V8UJT0-F1	0.04263003425543113	-0.31119682336198884	0.15800669111281257	0.50595	Acidobacteria bacterium	Bacteria	Acidobacteria		0.6003	0.094	1120.0		No Pfam hit	True
AF-A0A2W4CGZ1-F1	0.1378195890299929	0.16065512162041123	-0.028715919700176937	0.5035750000000001	Rhizobium tubonense	Bacteria	Proteobacteria	Alphaproteobacteria	0.5549	0.144	978.0	DUF900;Abhydrolase_6	DUF900	True
AF-A0A2W4KM58-F1	0.1715367416250282	0.1615116471487672	0.034429399552789446	0.5086999999999999	Candidatus Melainabacteria bacterium	Bacteria	Candidatus Melainabacteria		0.5415	0.15	1273.0	DUF900	DUF900	True
AF-A0A2W4L0N1-F1	0.16290669705429822	0.1869725295990618	-0.03301080827105913	0.4756	Proteobacteria bacterium	Bacteria	Proteobacteria		0.5583	0.18	1135.0	DUF900	DUF900	True
AF-A0A2W5F1W8-F1	0.13896253244622378	0.16073430959760168	-0.01702137288875	0.512625	Agrobacterium fabrum	Bacteria	Proteobacteria	Alphaproteobacteria	0.576	0.17	1163.0	DUF900;Abhydrolase_6	DUF900	True
AF-A0A2W6CCL9-F1	-0.4292467851380791	0.16528061712871264	0.384955012020948	0.15750000000000003	Pseudonocardiales bacterium	Bacteria	Actinobacteria	Actinomycetia	0.1694	0.133	2873.0	Pkinase;PK_Tyr_Ser-Thr;Peripla_BP_6;ANF_receptor	Periplasmic binding protein (CL0144)	True
AF-A0A2W6DET1-F1	0.04597069206991774	-0.29400972907759204	0.16303019647921976	0.48205000000000003	Pseudonocardiales bacterium	Bacteria	Actinobacteria	Actinomycetia	0.5499	0.127	1377.0		No Pfam hit	True
AF-A0A2W6V8T5-F1	-0.1713797141731758	-0.024942993951352778	-0.15502641826472627	0.3674	Microbacterium sp.	Bacteria	Actinobacteria	Actinomycetia	0.4823	0.163	1670.0	Abhydrolase_8	Other α/β hydrolase (CL0028)	True
AF-A0A2W7CZD1-F1	-0.15770553273936108	-0.026338211849445736	-0.005457239232829387	0.40597500000000003	Mesorhizobium kowhaii	Bacteria	Proteobacteria	Alphaproteobacteria	0.4015	0.14	2233.0		No Pfam hit	True
AF-A0A2W7IKW4-F1	0.17825582109965174	0.0941779584866573	-0.022811447011841388	0.56645	Humitalea rosea	Bacteria	Proteobacteria	Alphaproteobacteria	0.5776	0.195	406.0	DUF900	DUF900	True
AF-A0A2X2J1B3-F1	-0.10767422345039691	-0.013530728160184684	0.0761482092346905	0.32205	Sphingobacterium multivorum	Bacteria	Bacteroidota	Sphingobacteriia	0.2805	0.193	1847.0	DUF900	DUF900	True
AF-A0A2Z2HKI6-F1	0.06971211324516535	-0.1913226701643702	0.02035327037416639	0.799425	Candidatus Nitrosomarinus catalina	Archaea	Thaumarchaeota		0.746	0.266	187.0	DUF900;DUF676;DUF726	DUF900	True
AF-A0A2Z3H416-F1	-0.431239311509223	0.11763226786079743	0.3790621559398313	0.261525	Gemmata obscuriglobus	Bacteria	Planctomycetota	Planctomycetia	0.307	0.127	2452.0	Peripla_BP_6	Periplasmic binding protein (CL0144)	True
AF-A0A2Z3HPR9-F1	0.19045677253412507	0.25791115541921517	-0.0024308413469714173	0.48605	Phenylobacterium parvum	Bacteria	Proteobacteria	Alphaproteobacteria	0.5849	0.171	1141.0	DUF900	DUF900	True
AF-A0A315TZS4-F1	0.14358414714299667	0.059837746053838715	0.036873255858983225	0.5219750000000001	Pseudomonas sp. CC120222-01a	Bacteria	Proteobacteria	Gammaproteobacteria	0.5285	0.203	497.0	DUF900	DUF900	True
AF-A0A316FBT0-F1	-0.1499819711016933	-0.03508618045081937	-0.18754520391928658	0.39995	Actinoplanes xinjiangensis	Bacteria	Actinobacteria	Actinomycetia	0.469	0.127	1623.0	Abhydrolase_8	Other α/β hydrolase (CL0028)	True
AF-A0A316G7G8-F1	0.15726212421089186	0.039432989031113704	0.0026975560265178776	0.654825	Roseicyclus mahoneyensis	Bacteria	Proteobacteria	Alphaproteobacteria	0.6796	0.167	369.0	DUF900	DUF900	True
AF-A0A316MQT0-F1	-0.3531712232702481	0.10290262587310185	0.2501501353091558	0.17409999999999998	Lachnospiraceae bacterium	Bacteria	Firmicutes	Clostridia	0.1889	0.129	2782.0	ABC_sub_bind	Periplasmic binding protein (CL0144)	True
AF-A0A317IPH3-F1	0.1448765050414937	0.15484835608448289	0.044521032252406466	0.44687499999999997	Candidatus Melainabacteria bacterium	Bacteria	Candidatus Melainabacteria		0.5304	0.193	1039.0	DUF900	DUF900	True
AF-A0A318H5B9-F1	0.04165966619274144	-0.28635493273749857	0.1660194213390417	0.46185	Mycolicibacterium moriokaense	Bacteria	Actinobacteria	Actinomycetia	0.4526	0.115	1597.0		No Pfam hit	True
AF-A0A318P8Q3-F1	0.16353826171083383	-0.008806440606130644	0.0008921890023846668	0.61065	Serratia plymuthica	Bacteria	Proteobacteria	Gammaproteobacteria	0.5868	0.158	980.0	DUF900	DUF900	True
AF-A0A323TJ50-F1	-0.3562991563525473	0.08711240553365632	0.2875504935545448	0.170675	Salipaludibacillus keqinensis	Bacteria	Firmicutes	Bacilli	0.179	0.144	2742.0	ABC_sub_bind	Periplasmic binding protein (CL0144)	True
AF-A0A329LLT3-F1	-0.388170347465202	0.036015679595359826	-0.21383461583157642	0.21575	Mycobacterium colombiense	Bacteria	Actinobacteria	Actinomycetia	0.2649	0.127	2544.0	Cutinase	Other α/β hydrolase (CL0028)	True
AF-A0A329YCQ3-F1	0.1339695835683689	0.16014954719039587	-0.021850384922319804	0.5026	Rhizobium tropici	Bacteria	Proteobacteria	Alphaproteobacteria	0.5785	0.165	907.0	DUF900;Abhydrolase_6	DUF900	True
AF-A0A345QLS2-F1	0.17852165622581673	0.2191482295247003	0.024479323590412046	0.49645	Sulfitobacter sp. SK012	Bacteria	Proteobacteria	Alphaproteobacteria	0.5691	0.151	1387.0	DUF900	DUF900	True
AF-A0A345R7J6-F1	0.170290646231705	0.04463943070457197	0.02438446848003673	0.600475	Sulfitobacter sp. JL08	Bacteria	Proteobacteria	Alphaproteobacteria	0.6291	0.161	401.0	DUF900	DUF900	True
AF-A0A345V9H0-F1	-0.2649896064053427	0.0019316714687824506	-0.1805762317009068	0.37112500000000004	Arthrobacter sp. PM3	Bacteria	Actinobacteria	Actinomycetia	0.3624	0.134	1787.0	Cutinase	Other α/β hydrolase (CL0028)	True
AF-A0A346SCU5-F1	0.1527955475802758	0.04819985248172959	0.01778756880670746	0.6738	Ruegeria sp. AD91A	Bacteria	Proteobacteria	Alphaproteobacteria	0.693	0.179	338.0	DUF900;Abhydrolase_6	DUF900	True
AF-A0A349CJ89-F1	-0.2786930782178349	0.04650837005469337	-0.06838033432827677	0.28769999999999996	Dehalococcoidia bacterium	Bacteria	Chloroflexi	Dehalococcoidia	0.285	0.133	2117.0		No Pfam hit	True
AF-A0A349LPQ7-F1	0.15052728098707577	0.05630044993770892	0.036155159351535765	0.5802750000000001	Rheinheimera sp.	Bacteria	Proteobacteria	Gammaproteobacteria	0.5988	0.179	706.0	DUF900;Abhydrolase_6	DUF900	True
AF-A0A349MZC7-F1	-0.09211795798280227	-0.024106471548716386	-0.010190704721355545	0.4036	Lactobacillus sp.	Bacteria	Firmicutes	Bacilli	0.4318	0.121	1765.0	DUF915	Other α/β hydrolase (CL0028)	True
AF-A0A349R226-F1	-0.0928353604080721	-0.03755320923267367	0.0885233005126891	0.314525	Sphingobacterium sp.	Bacteria	Bacteroidota	Sphingobacteriia	0.2649	0.198	1797.0	DUF900	DUF900	True
AF-A0A349VH97-F1	0.10354495824203623	-0.1310884480757905	0.0591103314917717	0.56125	Planctomycetaceae bacterium	Bacteria	Planctomycetota	Planctomycetia	0.5633	0.171	919.0	DUF900	DUF900	True
AF-A0A350C706-F1	0.130348706917092	0.005286770692440982	0.04588923457084832	0.5714250000000001	Saprospirales bacterium	Bacteria	Bacteroidota	Saprospiria	0.5848	0.156	1250.0	DUF900	DUF900	True
AF-A0A350EUB0-F1	-0.06232631439358042	-0.14519872987222376	0.047618788728239915	0.41584999999999994	Verrucomicrobiales bacterium	Bacteria	Verrucomicrobia	Verrucomicrobiae	0.5572	0.175	855.0	DUF900	DUF900	True
AF-A0A351MC13-F1	0.19191639274186958	0.10774202449572537	0.01921262549799718	0.5413749999999999	Gammaproteobacteria bacterium	Bacteria	Proteobacteria	Gammaproteobacteria	0.6135	0.135	859.0	DUF900	DUF900	True
AF-A0A352A068-F1	0.1702073256954609	0.10722315224845064	-0.004322346602471223	0.5499499999999999	Bacteroidetes bacterium	Bacteria	Bacteroidota		0.647	0.143	774.0	DUF900	DUF900	True
AF-A0A352CAK7-F1	-0.4434199448364024	0.14148989491042877	0.40856696311241814	0.14742500000000003	Hyphomonadaceae bacterium	Bacteria	Proteobacteria	Alphaproteobacteria	0.1606	0.158	2858.0	LppC;Peripla_BP_6;ANF_receptor	Periplasmic binding protein (CL0144)	True
AF-A0A352L328-F1	0.10486826800752073	-0.12312133350491031	0.08406513129255211	0.55015	Planctomycetaceae bacterium	Bacteria	Planctomycetota	Planctomycetia	0.5631	0.198	721.0		No Pfam hit	True
AF-A0A353G8P2-F1	0.1444202540283129	0.1685670612186136	-0.020946067627392526	0.5065999999999999	Rhizobium sp.	Bacteria	Proteobacteria	Alphaproteobacteria	0.5709	0.188	1045.0	DUF900;Abhydrolase_6	DUF900	True
AF-A0A353WW52-F1	0.1704507901270206	0.10933123881575635	-0.001736563308801053	0.5022	Cytophagales bacterium	Bacteria	Bacteroidota	Cytophagia	0.554	0.133	1051.0	DUF900	DUF900	True
AF-A0A353Z669-F1	0.07649607450633582	-0.11454264142276083	0.040998398192620425	0.49587499999999995	Planctomycetaceae bacterium	Bacteria	Planctomycetota	Planctomycetia	0.6384	0.163	456.0		No Pfam hit	True
AF-A0A353ZGJ3-F1	0.0800833196271632	-0.1185162943087371	0.037774980000334545	0.5062249999999999	Planctomycetaceae bacterium	Bacteria	Planctomycetota	Planctomycetia	0.6172	0.162	563.0		No Pfam hit	True
AF-A0A354KJG5-F1	0.037180489668910285	-0.06413802423099202	0.0913696788057257	0.46404999999999996	Sphingobacterium sp.	Bacteria	Bacteroidota	Sphingobacteriia	0.4739	0.133	1420.0	DUF900	DUF900	True
AF-A0A354PH72-F1	0.07486427085398234	-0.1397478523929468	0.004905852079270546	0.6295	Planctomycetaceae bacterium	Bacteria	Planctomycetota	Planctomycetia	0.6899	0.135	595.0	DUF900	DUF900	True
AF-A0A355AHQ5-F1	0.11382903555177945	-0.11611191167357082	0.024698531061244696	0.5565	Planctomycetaceae bacterium	Bacteria	Planctomycetota	Planctomycetia	0.5903	0.179	762.0	DUF900	DUF900	True
AF-A0A355G6S3-F1	0.190029908727868	0.15941323367147114	-0.021759755717818546	0.5269999999999999	Planctomycetaceae bacterium	Bacteria	Planctomycetota	Planctomycetia	0.6224	0.151	901.0	DUF900	DUF900	True
AF-A0A355GER1-F1	0.12563042810369393	-0.10104089343223857	0.05168798540898565	0.6513	Planctomycetaceae bacterium	Bacteria	Planctomycetota	Planctomycetia	0.7036	0.191	430.0		No Pfam hit	True
AF-A0A356KTT5-F1	0.17526556411724215	0.22391749324609744	-0.025064935904497314	0.49284999999999995	Planctomycetota bacterium	Bacteria	Planctomycetota		0.5649	0.154	1337.0	DUF900	DUF900	True
AF-A0A356W4A5-F1	-0.4403642836503389	0.17847175115023675	0.42035652743057866	0.155325	Hyphomonas atlantica	Bacteria	Proteobacteria	Alphaproteobacteria	0.1713	0.128	2828.0	LppC;Peripla_BP_6	Periplasmic binding protein (CL0144)	True
AF-A0A357KTH3-F1	0.16667690025056534	0.22447496158200494	-0.010019427451735938	0.484425	Phycisphaerales bacterium	Bacteria	Planctomycetota	Phycisphaerae	0.5878	0.227	1038.0	DUF900	DUF900	True
AF-A0A358CR80-F1	0.10920574664823948	-0.12733146906558118	0.022696368087242368	0.555875	Planctomycetaceae bacterium	Bacteria	Planctomycetota	Planctomycetia	0.635	0.173	568.0	DUF900;Abhydrolase_6	DUF900	True
AF-A0A358N5C6-F1	0.08024268861043561	-0.12438974026875882	0.04852012093632016	0.58505	Rhodopirellula sp.	Bacteria	Planctomycetota	Planctomycetia	0.692	0.174	420.0	DUF900	DUF900	True
AF-A0A359DEZ1-F1	0.17297172566378446	0.07300065654218035	0.033301007391865665	0.546775	Pseudomonas sp.	Bacteria	Proteobacteria	Gammaproteobacteria	0.564	0.193	412.0	DUF900;Abhydrolase_6	DUF900	True
AF-A0A363NKA5-F1	0.009601337547595703	-0.06368433356203039	0.0571582391852253	0.399275	Sphingobacterium athyrii	Bacteria	Bacteroidota	Sphingobacteriia	0.4106	0.17	1622.0	DUF900	DUF900	True
AF-A0A365D5S5-F1	0.028423050568776566	-0.2925992161972826	0.11464662548096967	0.447925	Pseudarthrobacter sp. AG30	Bacteria	Actinobacteria	Actinomycetia	0.5395	0.113	1581.0		No Pfam hit	True
AF-A0A365H9M0-F1	-0.13589567572454897	-0.008816991790742133	-0.20693866122404503	0.4415	Actinomadura craniellae	Bacteria	Actinobacteria	Actinomycetia	0.4449	0.135	1723.0	Abhydrolase_8	Other α/β hydrolase (CL0028)	True
AF-A0A365T8R6-F1	0.08010635132983672	-0.18508280300408944	0.018603944130541266	0.8798	halophilic archaeon	Archaea	Euryarchaeota	Halobacteria	0.9052	0.517	45.0		No Pfam hit	True
AF-A0A366ETS7-F1	0.15505115773655145	0.2107930789820544	-0.045010080839199273	0.52355	Roseiarcus fermentans	Bacteria	Proteobacteria	Alphaproteobacteria	0.6202	0.16	952.0	DUF900	DUF900	True
AF-A0A366XBS8-F1	0.1692817074066387	0.04044917382324595	0.011071436750415508	0.637825	Phaeobacter gallaeciensis	Bacteria	Proteobacteria	Alphaproteobacteria	0.694	0.177	370.0	DUF900;Abhydrolase_6	DUF900	True
AF-A0A368B0K9-F1	0.07241306359117783	-0.19377981850033463	0.031296956310894714	0.79925	Nitrosopumilus sp.	Archaea	Thaumarchaeota		0.746	0.277	200.0	DUF900;DUF676;DUF726	DUF900	True
AF-A0A368KY96-F1	0.096472607014273	-0.12101778584342207	0.026063248805018917	0.582225	Bremerella cremea	Bacteria	Planctomycetota	Planctomycetia	0.6185	0.164	769.0		No Pfam hit	True
AF-A0A368TZS8-F1	-0.04284201802480022	-0.10453061384180697	0.00578540137361207	0.463325	Halomonas montanilacus	Bacteria	Proteobacteria	Gammaproteobacteria	0.6142	0.211	339.0	DUF726	DUF726	True
AF-A0A368YD35-F1	0.14844519105401288	0.22376875417274603	-0.022466916066231912	0.472475	Phyllobacterium bourgognense	Bacteria	Proteobacteria	Alphaproteobacteria	0.5336	0.164	1300.0	DUF900	DUF900	True
AF-A0A369XH37-F1	0.16606086692675195	0.24721819274403473	-0.024118300449645864	0.476075	Candidatus Accumulibacter phosphatis	Bacteria	Proteobacteria	Betaproteobacteria	0.5746	0.153	1437.0	DUF900	DUF900	True
AF-A0A369XK85-F1	0.1305077993832432	0.0016552359575512249	0.044854242282523375	0.45995	Candidatus Accumulibacter phosphatis	Bacteria	Proteobacteria	Betaproteobacteria	0.5038	0.202	824.0	DUF900	DUF900	True
AF-A0A370B3N5-F1	0.18560240376878845	0.24761345524571182	0.013025565958621801	0.49	Oceanispirochaeta sp. M1	Bacteria	Spirochaetes	Spirochaetia	0.5834	0.16	1072.0	DUF900	DUF900	True
AF-A0A370KPV0-F1	0.1672597657589017	0.04075404677184571	0.01542857306811002	0.577575	Rhizobium grahamii	Bacteria	Proteobacteria	Alphaproteobacteria	0.5981	0.162	702.0	DUF900;Abhydrolase_6	DUF900	True
AF-A0A370LUJ7-F1	0.0848612437462129	-0.15766539953110698	0.020036936919242743	0.8030250000000001	Crenarchaeota archaeon	Archaea	Crenarchaeota		0.7433	0.288	113.0	DUF900;DUF676;Lipase_2;Cutinase;DUF726	DUF900	True
AF-A0A371KGK7-F1	0.08961749740705419	-0.18072820523252134	0.005685752442037473	0.9025	Haloferax sp. Atlit-48N	Archaea	Euryarchaeota	Halobacteria	0.9028	0.703	33.0		No Pfam hit	True
AF-A0A371KTK3-F1	0.08097767403775998	-0.1759791462002916	-0.0009882736068589667	0.9395	Haloferax sp. Atlit-24N	Archaea	Euryarchaeota	Halobacteria	0.939	0.703	20.0		No Pfam hit	True
AF-A0A371L4M6-F1	0.0788956480888379	-0.1801238107487852	0.002764405169976154	0.9218	Haloferax sp. Atlit-47N	Archaea	Euryarchaeota	Halobacteria	0.9213	0.703	24.0		No Pfam hit	True
AF-A0A371LCK8-F1	0.07487233151024285	-0.19401800681453346	-0.007101808003823669	0.9347	Haloferax sp. Atlit-19N	Archaea	Euryarchaeota	Halobacteria	0.9346	0.717	7.0		No Pfam hit	True
AF-A0A371LK82-F1	0.08017816791162902	-0.18685468586334908	0.0018714881623147692	0.9362	Haloferax sp. Atlit-16N	Archaea	Euryarchaeota	Halobacteria	0.9361	0.72	9.0		No Pfam hit	True
AF-A0A371M0N6-F1	0.06956020545322047	-0.18236219769064124	-0.004629800840270221	0.9287	Haloferax sp. Atlit-4N	Archaea	Euryarchaeota	Halobacteria	0.9285	0.724	10.0		No Pfam hit	True
AF-A0A371MDT2-F1	0.07272767573301163	-0.18528734509235326	-0.003120720154948591	0.9148	Haloferax sp. Atlit-10N	Archaea	Euryarchaeota	Halobacteria	0.9147	0.72	28.0		No Pfam hit	True
AF-A0A371MMW4-F1	0.07061524768872524	-0.18199314480574266	-0.0007560206551233237	0.9287	Haloferax sp. Atlit-12N	Archaea	Euryarchaeota	Halobacteria	0.9287	0.724	11.0		No Pfam hit	True
AF-A0A371N295-F1	0.08540748072140263	-0.19491276048724446	-0.005708451522556808	0.9324	Haloferax sp. Atlit-6N	Archaea	Euryarchaeota	Halobacteria	0.9323	0.724	5.0		No Pfam hit	True
AF-A0A371PDF9-F1	-0.27299645751818197	-0.007349360315975255	-0.2080850523660103	0.343575	Aeromicrobium endophyticum	Bacteria	Actinobacteria	Actinomycetia	0.3264	0.161	2229.0	Cutinase	Other α/β hydrolase (CL0028)	True
AF-A0A371WDN4-F1	0.1532751843593757	0.07117194493909464	0.004279170863728855	0.5889	Methylovirgula sp. 4M-Z18	Bacteria	Proteobacteria	Alphaproteobacteria	0.5794	0.188	759.0	DUF900;Abhydrolase_6	DUF900	True
AF-A0A371WWS4-F1	0.11811633984321941	0.11651964244627766	-0.0322404217470199	0.5092749999999999	Methylovirgula sp. 4M-Z18	Bacteria	Proteobacteria	Alphaproteobacteria	0.5931	0.156	1054.0	DUF900;Abhydrolase_6	DUF900	True
AF-A0A372JLX6-F1	-0.12316331197936106	-0.005582674189576843	-0.19421774425752814	0.44680000000000003	Actinomadura logoneensis	Bacteria	Actinobacteria	Actinomycetia	0.4594	0.151	1696.0	Abhydrolase_8	Other α/β hydrolase (CL0028)	True
AF-A0A376G591-F1	0.04586763852097851	-0.09317293985747407	0.06485822018064678	0.45787500000000003	Empedobacter falsenii	Bacteria	Bacteroidota	Flavobacteriia	0.4821	0.15	1494.0	DUF900	DUF900	True
AF-A0A378JSR7-F1	0.17192138465066084	0.16118121301574773	-0.007909884279706092	0.532	Legionella beliardensis	Bacteria	Proteobacteria	Gammaproteobacteria	0.5804	0.141	983.0	DUF900	DUF900	True
AF-A0A378SGJ3-F1	-0.3785409689634022	0.05031041714060792	-0.19203516967976653	0.223825	Mycolicibacterium gilvum	Bacteria	Actinobacteria	Actinomycetia	0.2047	0.118	2543.0	Cutinase	Other α/β hydrolase (CL0028)	True
AF-A0A378SP02-F1	-0.36975971076948544	0.0349793661025543	-0.18204153893322172	0.19245	Mycolicibacterium gilvum	Bacteria	Actinobacteria	Actinomycetia	0.2459	0.121	2596.0	Cutinase	Other α/β hydrolase (CL0028)	True
AF-A0A378SXX7-F1	-0.28230954822265564	0.015010513439343428	-0.24043648562966657	0.39535	Mycolicibacterium gilvum	Bacteria	Actinobacteria	Actinomycetia	0.3674	0.146	1899.0	Cutinase	Other α/β hydrolase (CL0028)	True
AF-A0A378TAB0-F1	-0.199350932723012	0.009987280154586978	-0.02113656557610275	0.30235	Mycolicibacterium tokaiense	Bacteria	Actinobacteria	Actinomycetia	0.3406	0.125	2323.0	PE-PPE	Other α/β hydrolase (CL0028)	True
AF-A0A378TH38-F1	-0.2761700756351507	0.04479872807295491	-0.25736661003443045	0.43832499999999996	Mycolicibacterium tokaiense	Bacteria	Actinobacteria	Actinomycetia	0.4139	0.137	1783.0	Cutinase	Other α/β hydrolase (CL0028)	True
AF-A0A378TJ59-F1	-0.2791012546394177	0.022215291139458686	-0.24873965338318083	0.380175	Mycolicibacterium tokaiense	Bacteria	Actinobacteria	Actinomycetia	0.3607	0.138	1932.0	Cutinase	Other α/β hydrolase (CL0028)	True
AF-A0A380CMC3-F1	0.019729263571951837	-0.07795392651777247	0.06501771142491226	0.46535	Sphingobacterium spiritivorum	Bacteria	Bacteroidota	Sphingobacteriia	0.5019	0.161	1282.0	DUF900	DUF900	True
AF-A0A381U248-F1	0.07022253835204569	-0.19105120818135438	0.039227170481749604	0.7874	marine metagenome	Metagenome (unassigned)			0.7364	0.258	210.0	DUF900;DUF676;Cutinase;DUF726	DUF900	True
AF-A0A381WB52-F1	0.0619520020256568	-0.20317833669312055	0.032067942550313276	0.8024249999999999	marine metagenome	Metagenome (unassigned)			0.7424	0.275	164.0	DUF900;DUF676;Cutinase;DUF726	DUF900	True
AF-A0A383BSS6-F1	-0.035996671579744045	-0.17523435263882833	0.028416740170847925	0.6547	marine metagenome	Metagenome (unassigned)			0.4531	0.32	725.0	DUF900	DUF900	True
AF-A0A385ST73-F1	0.1679031115051286	0.05297696487342546	0.0068011591047407415	0.5400750000000001	Chryseolinea soli	Bacteria	Bacteroidota	Cytophagia	0.5334	0.196	437.0	DUF900	DUF900	True
AF-A0A387FVT2-F1	0.1405174192621126	0.1664389480781288	-0.010317536398408923	0.5105	Rhizobium jaguaris	Bacteria	Proteobacteria	Alphaproteobacteria	0.5754	0.179	1011.0	DUF900;Abhydrolase_6	DUF900	True
AF-A0A387GUR3-F1	0.13498524119517985	0.16370931735935937	-0.021607637018831984	0.49667500000000003	Rhizobium sp. CCGE532	Bacteria	Proteobacteria	Alphaproteobacteria	0.5737	0.153	902.0	DUF900;Abhydrolase_6	DUF900	True
AF-A0A388QLV9-F1	0.07364471879943287	-0.19524244571654029	0.04425779798044887	0.789275	Nitrosarchaeum sp.	Archaea	Thaumarchaeota		0.735	0.279	196.0	DUF900;DUF726	DUF900	True
AF-A0A395YQH8-F1	-0.3681601776910751	0.11676842165309428	0.29193957490662464	0.25475000000000003	Clostridium sp. AM58-1XD	Bacteria	Firmicutes	Clostridia	0.2505	0.139	2766.0	Peripla_BP_4	Periplasmic binding protein (CL0144)	True
AF-A0A399RKJ5-F1	0.1515271530355933	0.16115380601914817	-0.0018437127319232487	0.4355	Henriciella algicola	Bacteria	Proteobacteria	Alphaproteobacteria	0.5673	0.226	1357.0	DUF900	DUF900	True
AF-A0A399RRF4-F1	0.14297491965935788	0.14992466751323327	0.009921597447054583	0.443875	Henriciella mobilis	Bacteria	Proteobacteria	Alphaproteobacteria	0.5679	0.199	1358.0	DUF900;OmpA	DUF900	True
AF-A0A3A1QYV0-F1	-0.28159057719019914	0.07449936660159907	0.12334229472138951	0.1441	Bacillus salacetis	Bacteria	Firmicutes	Bacilli	0.1672	0.067	2679.0	SBD_N;NBD_C	Other Pfam	True
AF-A0A3A3EM94-F1	0.1736418632435054	0.0790254655671584	0.026679503990469776	0.53555	Pseudoalteromonas profundi	Bacteria	Proteobacteria	Gammaproteobacteria	0.5721	0.182	377.0	DUF900	DUF900	True
AF-A0A3A4K7V6-F1	-0.357228846499304	0.008307325208354095	-0.13849680097155564	0.2592	Nocardia panacis	Bacteria	Actinobacteria	Actinomycetia	0.3214	0.095	2348.0	Cutinase	Other α/β hydrolase (CL0028)	True
AF-A0A3A4VM70-F1	-0.2592557092073497	0.08068795716489807	-0.07424982094456367	0.275375	Dehalococcoidia bacterium	Bacteria	Chloroflexi	Dehalococcoidia	0.3404	0.129	1912.0		No Pfam hit	True
AF-A0A3A5JEH7-F1	0.0709400292637255	-0.21193054834252614	0.005302072981619016	0.78025	Halococcus sp. IIIV-5B	Archaea	Euryarchaeota	Halobacteria	0.7971	0.354	52.0	DUF726	DUF726	True
AF-A0A3A6PVV2-F1	0.043951792620585815	-0.15136758850032828	-0.008499886578157178	0.719025	Halonotius aquaticus	Archaea	Euryarchaeota	Halobacteria	0.713	0.273	283.0	DUF900;Abhydrolase_6;DUF726	DUF900	True
AF-A0A3B0RHT9-F1	0.1746533400133013	0.23114097559809388	-0.04550622821284542	0.49105	hydrothermal vent metagenome	Metagenome (unassigned)			0.5824	0.183	1033.0	DUF900	DUF900	True
AF-A0A3B0YFI1-F1	0.0038241490760720564	-0.007592317213091873	0.059492321167774934	0.39195	hydrothermal vent metagenome	Metagenome (unassigned)			0.4806	0.136	1813.0		No Pfam hit	True
AF-A0A3B0YPC7-F1	0.17737942601158838	0.0774439952131838	0.008692929849848766	0.580625	hydrothermal vent metagenome	Metagenome (unassigned)			0.6022	0.137	818.0	DUF900	DUF900	True
AF-A0A3B1DTK7-F1	0.09908400423816949	-0.12735076090093342	0.034772496027186	0.63935	hydrothermal vent metagenome	Metagenome (unassigned)			0.6922	0.182	355.0	DUF900	DUF900	True
AF-A0A3B8HLD0-F1	0.17633744391736386	0.2498045275164192	-0.015162431747592261	0.446875	Syntrophobacteraceae bacterium	Bacteria	Proteobacteria	Deltaproteobacteria	0.5342	0.156	1409.0	DUF900	DUF900	True
AF-A0A3B8U8H5-F1	0.1548738752385708	-0.04279003628069487	0.0451203130003806	0.7051499999999999	Parachlamydiales bacterium	Bacteria	Chlamydiae	Chlamydiia	0.7141	0.21	350.0	DUF900;DUF726	DUF900	True
AF-A0A3B9CQB0-F1	0.11491238429959089	-0.09990064550668953	0.056111191584115205	0.6211249999999999	Planctomycetaceae bacterium	Bacteria	Planctomycetota	Planctomycetia	0.6764	0.205	423.0		No Pfam hit	True
AF-A0A3B9NAX0-F1	0.039447258499056746	-0.06190940824551998	0.06309694481903463	0.45272500000000004	Sphingobacterium sp.	Bacteria	Bacteroidota	Sphingobacteriia	0.4755	0.133	1393.0	DUF900	DUF900	True
AF-A0A3C0AQ85-F1	0.19246814050846486	0.15534931896983073	-0.021176433108890978	0.535725	Planctomycetaceae bacterium	Bacteria	Planctomycetota	Planctomycetia	0.6195	0.152	1009.0	DUF900	DUF900	True
AF-A0A3C0HE59-F1	0.036822673695126394	0.10764186650065266	0.0028977979389717048	0.41405000000000003	Saprospirales bacterium	Bacteria	Bacteroidota	Saprospiria	0.3462	0.125	2483.0		No Pfam hit	True
AF-A0A3C0WLF5-F1	0.10373252470893107	-0.11812492580121893	0.053886491423839576	0.5903	Planctomycetaceae bacterium	Bacteria	Planctomycetota	Planctomycetia	0.6433	0.169	889.0		No Pfam hit	True
AF-A0A3C1SUU0-F1	0.1553895660438835	0.06069542140404321	0.03813743785087163	0.55225	Candidatus Competibacteraceae bacterium	Bacteria	Proteobacteria	Gammaproteobacteria	0.5435	0.151	791.0	DUF900	DUF900	True
AF-A0A3C1V2W6-F1	0.10926820935398468	-0.1229086700019374	0.019609905764112444	0.53415	Planctomycetaceae bacterium	Bacteria	Planctomycetota	Planctomycetia	0.5805	0.181	770.0	DUF900	DUF900	True
AF-A0A3C1XXB1-F1	0.16697311625246908	0.2716212162268609	-0.00852681065908766	0.42377499999999996	Achromobacter sp.	Bacteria	Proteobacteria	Betaproteobacteria	0.5479	0.113	1541.0	DUF900	DUF900	True
AF-A0A3C2DGA3-F1	-0.3018320133812384	0.08215785862495721	0.10787686593969383	0.15015	Acidimicrobiaceae bacterium	Bacteria	Actinobacteria	Acidimicrobiia	0.1643	0.155	2850.0	GATase	Other Pfam	True
AF-A0A3D0ND80-F1	0.10772086598857697	-0.11444171538196775	0.02449795412074471	0.629275	Planctomycetaceae bacterium	Bacteria	Planctomycetota	Planctomycetia	0.6225	0.146	700.0		No Pfam hit	True
AF-A0A3D2LE90-F1	-0.44861968838750155	0.16362425299042654	0.4180586148854401	0.1683	Hyphomonas sp.	Bacteria	Proteobacteria	Alphaproteobacteria	0.1706	0.13	2783.0	LppC;Peripla_BP_6	Periplasmic binding protein (CL0144)	True
AF-A0A3D2TJP3-F1	-0.017524670787727188	-0.056252480362151705	0.0825221556848484	0.33177500000000004	Planctomycetaceae bacterium	Bacteria	Planctomycetota	Planctomycetia	0.3214	0.161	1800.0		No Pfam hit	True
AF-A0A3D3R1T1-F1	0.129175467917933	-0.08673233073928338	0.06071327813330336	0.636175	Gimesia maris	Bacteria	Planctomycetota	Planctomycetia	0.688	0.188	452.0		No Pfam hit	True
AF-A0A3D3R789-F1	0.19421008021128805	0.16140253915274766	-0.004500286807728327	0.5063500000000001	Gimesia maris	Bacteria	Planctomycetota	Planctomycetia	0.5932	0.187	853.0	DUF900	DUF900	True
AF-A0A3D3Z557-F1	0.16335133503471191	0.17999402274637463	0.009578165368565822	0.47235	Hyphomonadaceae bacterium	Bacteria	Proteobacteria	Alphaproteobacteria	0.5193	0.178	1301.0	DUF900	DUF900	True
AF-A0A3D3Z753-F1	0.17752132870866608	0.21356181323600848	-0.013874883182600392	0.47705	Hyphomonadaceae bacterium	Bacteria	Proteobacteria	Alphaproteobacteria	0.5913	0.162	979.0	DUF900	DUF900	True
AF-A0A3D4A4W2-F1	0.10866312430210463	-0.11646774992406494	0.04562237880066841	0.620725	Planctomycetaceae bacterium	Bacteria	Planctomycetota	Planctomycetia	0.6276	0.176	846.0		No Pfam hit	True
AF-A0A3D4PE57-F1	0.09731737260916781	-0.09950774426105388	0.04326036990211946	0.57885	Planctomycetaceae bacterium	Bacteria	Planctomycetota	Planctomycetia	0.6874	0.167	373.0		No Pfam hit	True
AF-A0A3D4RPY0-F1	0.1430849583817859	0.2611809226004259	0.00250479327995973	0.43725	Chromatiaceae bacterium	Bacteria	Proteobacteria	Gammaproteobacteria	0.513	0.175	1307.0	DUF900	DUF900	True
AF-A0A3D4RWP7-F1	0.17888642981547642	0.2658691268335035	-0.026024639645202453	0.44904999999999995	Chromatiaceae bacterium	Bacteria	Proteobacteria	Gammaproteobacteria	0.5247	0.142	1519.0	DUF900	DUF900	True
AF-A0A3D4RXE9-F1	0.14663890351203007	0.2848669376625983	0.03424310712376057	0.41665	Chromatiaceae bacterium	Bacteria	Proteobacteria	Gammaproteobacteria	0.4979	0.172	1480.0	DUF900	DUF900	True
AF-A0A3D4S1H7-F1	0.19001479551258646	0.08491057728627334	-0.029393816861527398	0.63385	Chromatiaceae bacterium	Bacteria	Proteobacteria	Gammaproteobacteria	0.6582	0.152	792.0	DUF900;Abhydrolase_6	DUF900	True
AF-A0A3D5PJW8-F1	0.151641201797586	0.047519409039384716	-0.004527754533387439	0.64605	Rhodobacteraceae bacterium	Bacteria	Proteobacteria	Alphaproteobacteria	0.6679	0.166	394.0	DUF900	DUF900	True
AF-A0A3D6ERL3-F1	0.19151610260670046	0.09968673550875504	0.008263216636045187	0.5963	Cytophagales bacterium	Bacteria	Bacteroidota	Cytophagia	0.6659	0.161	831.0	DUF900	DUF900	True
AF-A0A3D9SS15-F1	-0.13278492769311645	0.0016664362098682368	-0.20120119180837404	0.4434	Thermomonospora umbrina	Bacteria	Actinobacteria	Actinomycetia	0.4568	0.125	1671.0	Abhydrolase_8	Other α/β hydrolase (CL0028)	True
AF-A0A3E0NBY3-F1	0.0915717752489983	-0.10236542524921273	-0.008510680366915413	0.6046	Planctomycetota bacterium	Bacteria	Planctomycetota		0.6714	0.175	760.0		No Pfam hit	True
AF-A0A3E0PQQ0-F1	0.10624605711776952	-0.11172493907284926	0.024027260386719974	0.5803750000000001	Planctomycetota bacterium	Bacteria	Planctomycetota		0.666	0.21	492.0		No Pfam hit	True
AF-A0A3E0PZE7-F1	0.1076628751539289	-0.11183679243262983	0.03486010009236899	0.620175	Planctomycetota bacterium	Bacteria	Planctomycetota		0.6684	0.192	605.0	Abhydrolase_6	Other α/β hydrolase (CL0028)	True
AF-A0A3E1D1U8-F1	0.16972794412882902	0.05415630253216383	0.03147963043023555	0.531	Candidatus Nitrotoga sp. MKT	Bacteria	Proteobacteria	Betaproteobacteria	0.5359	0.218	517.0	DUF900	DUF900	True
AF-A0A3E1NEN5-F1	0.17972515774837475	0.08646250626443831	0.009567904840119285	0.58355	Deminuibacter soli	Bacteria	Bacteroidota	Chitinophagia	0.6513	0.128	730.0	DUF900	DUF900	True
AF-A0A3E3ILB7-F1	-0.43250609385582484	0.14786374052452242	0.41989071837664355	0.226475	Anaerotruncus colihominis	Bacteria	Firmicutes	Clostridia	0.1645	0.135	2866.0	Peripla_BP_6;Peripla_BP_5;ANF_receptor	Periplasmic binding protein (CL0144)	True
AF-A0A3G1B276-F1	-0.0036595403479212055	-0.177621926172383	0.053928882795038914	0.46647500000000003	Candidatus Nitrosotenuis cloacae	Archaea	Thaumarchaeota		0.6517	0.252	266.0	DUF900	DUF900	True
AF-A0A3G1B5N0-F1	0.06570658379064678	-0.19446503172976862	0.021060233428274237	0.7835	Candidatus Nitrosotenuis cloacae	Archaea	Thaumarchaeota		0.7266	0.266	102.0	DUF900;DUF726	DUF900	True
AF-A0A3G8M6J5-F1	0.10205550942162586	0.11446077948565425	-0.027532181755217947	0.516275	Methylocystis rosea	Bacteria	Proteobacteria	Alphaproteobacteria	0.5853	0.137	1175.0	DUF900	DUF900	True
AF-A0A3L7N7S4-F1	0.10633134727903186	-0.12073153286493167	0.05951360880766178	0.591375	Planctomycetota bacterium	Bacteria	Planctomycetota		0.67	0.166	440.0		No Pfam hit	True
AF-A0A3L7NDW9-F1	0.10726496863737509	-0.127272513682253	0.025676701948586376	0.6194999999999999	Planctomycetota bacterium	Bacteria	Planctomycetota		0.679	0.192	462.0	DUF900	DUF900	True
AF-A0A3L7NXQ3-F1	0.08806696942287785	-0.11816705614651442	0.05490236838427756	0.537825	Planctomycetota bacterium	Bacteria	Planctomycetota		0.6257	0.165	713.0		No Pfam hit	True
AF-A0A3L7PVA2-F1	0.08963583587294742	-0.1249684487628978	0.030505888034705476	0.52585	Planctomycetota bacterium	Bacteria	Planctomycetota		0.6333	0.21	466.0	DUF900;Abhydrolase_6	DUF900	True
AF-A0A3L7Q6B4-F1	0.1617613628054651	0.24406349959429716	-0.0317062979756185	0.4763	Planctomycetota bacterium	Bacteria	Planctomycetota		0.5563	0.176	1370.0	DUF900	DUF900	True
AF-A0A3L7QPR7-F1	0.07564247316872698	-0.11468252814948882	0.03140919466474633	0.54155	Planctomycetota bacterium	Bacteria	Planctomycetota		0.6592	0.171	812.0		No Pfam hit	True
AF-A0A3L7RQ88-F1	0.11000113037975923	-0.12408334895120916	0.020339611185628912	0.647125	Planctomycetota bacterium	Bacteria	Planctomycetota		0.6872	0.173	404.0	DUF900;Abhydrolase_6	DUF900	True
AF-A0A3L7S0T1-F1	0.11576404181895285	-0.09968843119520669	0.04364246295460403	0.57785	Planctomycetota bacterium	Bacteria	Planctomycetota		0.6657	0.195	366.0		No Pfam hit	True
AF-A0A3L7S2E1-F1	0.10279927702308501	-0.11814843012467958	0.02537705432071394	0.582075	Planctomycetota bacterium	Bacteria	Planctomycetota		0.639	0.159	560.0	DUF900	DUF900	True
AF-A0A3L7S963-F1	0.16585139067211807	0.16092945974030193	-0.0091110952897163	0.475275	Planctomycetota bacterium	Bacteria	Planctomycetota		0.5727	0.162	926.0	DUF900	DUF900	True
AF-A0A3L7U7T9-F1	0.11597506706445954	-0.12050930618388746	0.021869904093503874	0.627475	Planctomycetota bacterium	Bacteria	Planctomycetota		0.6765	0.18	625.0	DUF900;Abhydrolase_6	DUF900	True
AF-A0A3L7UDZ9-F1	0.11544162644720853	-0.11321885064361141	0.03218565455881506	0.5668	Planctomycetota bacterium	Bacteria	Planctomycetota		0.6314	0.163	627.0		No Pfam hit	True
AF-A0A3L9M8D9-F1	0.022521071286068055	-0.09317214657904294	0.05791683932785966	0.438775	Flavobacteriaceae bacterium YIM 102668	Bacteria	Bacteroidota	Flavobacteriia	0.4711	0.159	1513.0	DUF900	DUF900	True
AF-A0A3M0H244-F1	-0.37390576662182917	0.01952777113860786	-0.1558099233977343	0.23600000000000002	Rhodococcus sp. SBT000017	Bacteria	Actinobacteria	Actinomycetia	0.3155	0.158	1999.0	Cutinase	Other α/β hydrolase (CL0028)	True
AF-A0A3M1M1G6-F1	0.08504628995861235	-0.11775996498216143	0.0635718179906244	0.535975	Planctomycetota bacterium	Bacteria	Planctomycetota		0.5993	0.149	840.0		No Pfam hit	True
AF-A0A3M1TL61-F1	0.15128343581973638	0.054979412246318034	-0.010248854025276493	0.5635	Bacteroidetes bacterium	Bacteria	Bacteroidota		0.5816	0.159	862.0	DUF900	DUF900	True
AF-A0A3M1VJK1-F1	0.12011875371906272	-0.11281709273261867	0.0416432688842197	0.6552	Planctomycetota bacterium	Bacteria	Planctomycetota		0.7011	0.202	359.0		No Pfam hit	True
AF-A0A3M2AQ72-F1	0.16058936556550138	0.0617860644079477	0.024847407467004177	0.5560499999999999	Nitrospirae bacterium	Bacteria	Nitrospirae		0.5653	0.207	365.0	DUF900;Abhydrolase_6	DUF900	True
AF-A0A3M2BLA3-F1	0.164808075786075	0.14803124245178698	-0.017797803085167135	0.50285	Acidobacteria bacterium	Bacteria	Acidobacteria		0.6314	0.158	881.0	Bac_DNA_binding;DUF900	DUF900	True
AF-A0A3M2D0J2-F1	0.13810764274670448	0.012428962287659773	0.06117523692150287	0.58585	Nitrospirae bacterium	Bacteria	Nitrospirae		0.5604	0.222	364.0	DUF900;Abhydrolase_6	DUF900	True
AF-A0A3M2F6R0-F1	-0.15432987620674044	0.00013067926247383623	-0.08001501372777843	0.38122500000000004	Bacteroidetes bacterium	Bacteria	Bacteroidota		0.403	0.161	2122.0	Abhydrolase_1	Other α/β hydrolase (CL0028)	True
AF-A0A3M2MA77-F1	-0.1278986379497526	-0.017314845880351735	-0.19544033452285134	0.41145	Actinomadura harenae	Bacteria	Actinobacteria	Actinomycetia	0.4371	0.137	1706.0	Abhydrolase_8	Other α/β hydrolase (CL0028)	True
AF-A0A3M6K0N5-F1	0.06732950837292424	-0.20199977940185082	0.019416439900862476	0.7909250000000001	Nitrosopumilus sp.	Archaea	Thaumarchaeota		0.7274	0.263	203.0	DUF900;DUF726	DUF900	True
AF-A0A3M6K3X3-F1	0.0742941911551824	-0.199057891822176	0.014632258188867488	0.78815	Candidatus Nitrosomarinus sp.	Archaea	Thaumarchaeota		0.7266	0.263	165.0	DUF900;DUF676;DUF726	DUF900	True
AF-A0A3M6KDF1-F1	0.06642775529184704	-0.19724714192869675	0.023919829955810292	0.80795	Nitrosopumilus sp.	Archaea	Thaumarchaeota		0.7424	0.26	193.0	DUF900;DUF726	DUF900	True
AF-A0A3M6KE52-F1	0.06187402105232593	-0.2028611234785165	0.012660266146937134	0.7975000000000001	Nitrosopumilus sp.	Archaea	Thaumarchaeota		0.7429	0.272	191.0	DUF900;DUF726	DUF900	True
AF-A0A3M6KE94-F1	0.07296985193778341	-0.1723889398650807	0.031160931362743984	0.7855	Candidatus Nitrosopelagicus sp.	Archaea	Thaumarchaeota		0.7272	0.279	109.0	DUF900;DUF676;Cutinase;DUF726	DUF900	True
AF-A0A3M9NQC5-F1	0.1677610449394875	0.04799674048717063	-0.0016614960860271018	0.561625	Hanamia caeni	Bacteria	Bacteroidota	Chitinophagia	0.6232	0.164	436.0	DUF900	DUF900	True
AF-A0A3M9XFI7-F1	-0.16450304625258108	-0.01278144096308318	-0.0041686652339755995	0.38634999999999997	Mesorhizobium japonicum	Bacteria	Proteobacteria	Alphaproteobacteria	0.396	0.136	2162.0		No Pfam hit	True
AF-A0A3M9ZG92-F1	-0.07292696236535545	-0.12861879860261416	0.033800782140738506	0.49319999999999997	Thaumarchaeota archaeon S15	Archaea	Thaumarchaeota		0.4786	0.335	572.0		No Pfam hit	True
AF-A0A3M9ZI66-F1	0.07560307704843787	-0.16963319349857284	0.050302232352590764	0.8068	Thaumarchaeota archaeon S13	Archaea	Thaumarchaeota		0.764	0.293	98.0	DUF676;DUF726	DUF726	True
AF-A0A3M9ZJB4-F1	0.07394132899277334	-0.16837393059418576	0.05181319025773436	0.8006500000000001	Thaumarchaeota archaeon S14	Archaea	Thaumarchaeota		0.7581	0.296	99.0	DUF676;DUF726	DUF726	True
AF-A0A3M9ZSM0-F1	0.058592807151428644	-0.19737041592316978	0.031830164622085995	0.77205	Nitrosopumilus sp. D6	Archaea	Thaumarchaeota		0.7094	0.274	149.0	DUF900;DUF726	DUF900	True
AF-A0A3M9ZTZ2-F1	0.07461914548257634	-0.18660947651651452	0.016570282915234016	0.78305	Nitrosopumilus sp. H13	Archaea	Thaumarchaeota		0.7192	0.263	189.0	Abhydrolase_8;DUF900;DUF676;DUF726	DUF900	True
AF-A0A3N0A5P4-F1	0.06560875527827922	-0.19165128965989048	0.014709644404143907	0.7673	Nitrosopumilus sp. H8	Archaea	Thaumarchaeota		0.7004	0.266	224.0	Abhydrolase_8;DUF900;DUF676;DUF726	DUF900	True
AF-A0A3N0A8L1-F1	0.059572111698933304	-0.18734136115422537	0.023684065208412788	0.794325	Nitrosopumilus sp. B06	Archaea	Thaumarchaeota		0.7293	0.272	174.0	DUF900;DUF726	DUF900	True
AF-A0A3N0CNQ8-F1	-0.30195586827575954	-0.0017038222388591157	-0.13511235114740208	0.327325	Marmoricola ginsengisoli	Bacteria	Actinobacteria	Actinomycetia	0.3867	0.106	2110.0	RicinB_lectin_2;Ricin_B_lectin;Cutinase	Other α/β hydrolase (CL0028)	True
AF-A0A3N5NZF5-F1	0.16652569512955023	0.19578248198700773	-0.03751004522267901	0.4969	Hyphomicrobiaceae bacterium	Bacteria	Proteobacteria	Alphaproteobacteria	0.5364	0.181	1146.0	LCAT;DUF900;Lipase_2	DUF900	True
AF-A0A3N5SJZ2-F1	0.08648184722235354	-0.09120262984691309	0.01548624741347336	0.5170999999999999	Planctomycetaceae bacterium	Bacteria	Planctomycetota	Planctomycetia	0.6287	0.176	495.0	DUF900	DUF900	True
AF-A0A3N5TEL1-F1	0.17473158524589538	0.1583046288419357	0.012190477862322776	0.535775	Deltaproteobacteria bacterium	Bacteria	Proteobacteria	Deltaproteobacteria	0.5915	0.2	720.0	DUF900	DUF900	True
AF-A0A3N5ULN4-F1	0.14546040665333684	0.08756748550665187	0.03518719898596332	0.56975	Deltaproteobacteria bacterium	Bacteria	Proteobacteria	Deltaproteobacteria	0.6264	0.157	852.0	DUF900	DUF900	True
AF-A0A3N5VVJ6-F1	-0.01972266129329315	-0.19078306867444844	0.017291269267377066	0.68625	Nitrosopumilales archaeon	Archaea	Thaumarchaeota		0.6579	0.334	112.0	DUF900	DUF900	True
AF-A0A3N5YUI6-F1	0.17696265722051377	0.15813209869005054	0.010070639641916406	0.532975	Desulfobacteraceae bacterium	Bacteria	Proteobacteria	Deltaproteobacteria	0.5885	0.198	869.0	DUF900;Abhydrolase_6	DUF900	True
AF-A0A3N9U7C1-F1	-0.0526761916498013	-0.1200577105247378	-0.013010856109836294	0.45675	Halomonas sp. YLB-10	Bacteria	Proteobacteria	Gammaproteobacteria	0.6064	0.255	335.0	DUF726	DUF726	True
AF-A0A3P1CQ71-F1	0.13232622621010073	0.05539452842554773	-0.004822498909003087	0.5711499999999999	Larkinella knui	Bacteria	Bacteroidota	Cytophagia	0.6103	0.187	542.0	DUF900	DUF900	True
AF-A0A3P1V447-F1	0.14477933554658184	0.16336184584109636	-0.017960215378924678	0.5239	Brucellaceae bacterium VT-16-1752	Bacteria	Proteobacteria	Alphaproteobacteria	0.5725	0.167	916.0	DUF900;Abhydrolase_6	DUF900	True
AF-A0A3P8L8F4-F1	-0.2703916861802376	-0.006796886634476754	-0.19761127465181424	0.402825	Tsukamurella paurometabola	Bacteria	Actinobacteria	Actinomycetia	0.3882	0.132	1848.0	Cutinase	Other α/β hydrolase (CL0028)	True
AF-A0A3Q8UV28-F1	-0.41623849666525736	0.1467779382941158	0.3800678783350322	0.174	Streptomyces sp. WAC 06738	Bacteria	Actinobacteria	Actinomycetia	0.2394	0.124	2818.0	Pkinase;PK_Tyr_Ser-Thr	Other Pfam	True
AF-A0A3Q8ZEJ9-F1	-0.16339125548462977	-0.03336132226659827	-0.001350777084798786	0.346475	Mesorhizobium sp. M7D.F.Ca.US.005.01.1.1	Bacteria	Proteobacteria	Alphaproteobacteria	0.371	0.152	2041.0		No Pfam hit	True
AF-A0A3Q8ZVC4-F1	-0.17623642278633125	-0.018110853255090417	-0.013485578509562267	0.34595	Mesorhizobium sp. M8A.F.Ca.ET.057.01.1.1	Bacteria	Proteobacteria	Alphaproteobacteria	0.4037	0.156	2252.0		No Pfam hit	True
AF-A0A3Q9IGZ2-F1	0.20263376594405785	0.0914415277666758	0.0020626936137775266	0.5927749999999999	Caulobacter sp. FWC26	Bacteria	Proteobacteria	Alphaproteobacteria	0.6398	0.149	808.0	DUF900;Abhydrolase_6	DUF900	True
AF-A0A3R7FRG0-F1	0.0741235256753068	-0.15973688748305107	0.015587293993759225	0.793275	Haloarcula sp. Atlit-47R	Archaea	Euryarchaeota	Halobacteria	0.7804	0.306	85.0	DUF900;DUF726	DUF900	True
AF-A0A3R7G447-F1	0.07875243029967632	-0.16193159981740624	0.031905665665447704	0.7948500000000001	Haloarcula sp. Atlit-120R	Archaea	Euryarchaeota	Halobacteria	0.782	0.316	76.0	DUF900;DUF726	DUF900	True
AF-A0A3R8M489-F1	0.21042881780448278	0.09984035772845576	0.004256378029091599	0.553725	Caulobacter sp. 602-1	Bacteria	Proteobacteria	Alphaproteobacteria	0.625	0.155	908.0	DUF900;Abhydrolase_6	DUF900	True
AF-A0A3R8TKL5-F1	0.04080272307762101	-0.08928023297996136	0.05911933593759047	0.46835	Empedobacter falsenii	Bacteria	Bacteroidota	Flavobacteriia	0.4904	0.141	1463.0	DUF900	DUF900	True
AF-A0A3R9KK12-F1	-0.2735133943462748	0.03388082218848534	-0.1482035550275956	0.3262	Amycolatopsis eburnea	Bacteria	Actinobacteria	Actinomycetia	0.3471	0.127	2125.0	Cutinase	Other α/β hydrolase (CL0028)	True
AF-A0A3S0RZV6-F1	-0.3876108427294763	0.047149408180930254	-0.19449601626491547	0.1968	Mycolicibacterium sp.	Bacteria	Actinobacteria	Actinomycetia	0.2499	0.117	2597.0	Cutinase	Other α/β hydrolase (CL0028)	True
AF-A0A3S2CG42-F1	-0.1720084195197348	-0.020916260656039534	0.0015043000326203475	0.33904999999999996	Mesorhizobium sp. M7D.F.Ca.US.004.03.1.1	Bacteria	Proteobacteria	Alphaproteobacteria	0.3463	0.137	2200.0		No Pfam hit	True
AF-A0A3S4S2U5-F1	-0.28237037698045264	0.01790075124722911	-0.22596694427862246	0.40925	Mycolicibacterium aurum	Bacteria	Actinobacteria	Actinomycetia	0.3836	0.124	1906.0	Cutinase	Other α/β hydrolase (CL0028)	True
AF-A0A3S8X4L2-F1	-0.4063700427622326	0.16489665235410453	0.36847739615643604	0.16535	Streptomyces sp. WAC 01438	Bacteria	Actinobacteria	Actinomycetia	0.2183	0.132	2833.0	Pkinase;PK_Tyr_Ser-Thr;Peripla_BP_6	Periplasmic binding protein (CL0144)	True
AF-A0A3T0MZ44-F1	0.16620164726735115	0.0648194805379404	0.03177916106339207	0.6287750000000001	Parasedimentitalea marina	Bacteria	Proteobacteria	Alphaproteobacteria	0.7051	0.179	337.0	DUF900;Abhydrolase_6	DUF900	True
AF-A0A401RCE1-F1	-0.10525382127088749	-0.0071426958215156525	-0.17756817883014558	0.472775	Streptomyces albulus	Bacteria	Actinobacteria	Actinomycetia	0.4407	0.151	1732.0	Abhydrolase_8	Other α/β hydrolase (CL0028)	True
AF-A0A401YFR4-F1	-0.16283601819334081	-0.024971833895234434	-0.19178543228018985	0.4339	Embleya hyalina	Bacteria	Actinobacteria	Actinomycetia	0.4453	0.147	1724.0	Abhydrolase_8	Other α/β hydrolase (CL0028)	True
AF-A0A410P609-F1	0.1602456667070649	0.1629175252992987	0.03348616055737336	0.52045	Candidatus Velamenicoccus archaeovorus	Bacteria	Candidatus Omnitrophica		0.5814	0.133	1183.0	DUF900	DUF900	True
AF-A0A410TU66-F1	0.02990010009488166	-0.14575200112585862	-0.006951497924719641	0.6864	Halorubrum sp. BOL3-1	Archaea	Euryarchaeota	Halobacteria	0.6095	0.287	291.0	DUF900;DUF726	DUF900	True
AF-A0A420BLP3-F1	0.011024299989149899	-0.06876955094092758	0.07162064989152712	0.40775	Sphingobacterium detergens	Bacteria	Bacteroidota	Sphingobacteriia	0.4168	0.165	1554.0	DUF900	DUF900	True
AF-A0A420FPH3-F1	0.03126599967123084	-0.05933406458457034	0.07969045659446222	0.46435	Sphingobacterium siyangense	Bacteria	Bacteroidota	Sphingobacteriia	0.487	0.132	1283.0	DUF900	DUF900	True
AF-A0A420VXP0-F1	0.007954653453403349	-0.06908207389636949	0.06908697812386652	0.413325	Sphingobacterium puteale	Bacteria	Bacteroidota	Sphingobacteriia	0.4413	0.143	1536.0	DUF900	DUF900	True
AF-A0A420WES6-F1	-0.4385790700791964	0.15158045812283458	0.3898102601453898	0.128775	Litorimonas taeanensis	Bacteria	Proteobacteria	Alphaproteobacteria	0.1604	0.157	2830.0	LppC;Peripla_BP_6	Periplasmic binding protein (CL0144)	True
AF-A0A421EJC6-F1	0.041388030847904725	-0.15705604827860237	-0.0019266937488975778	0.685875	Halorubrum sp. Atlit-8R	Archaea	Euryarchaeota	Halobacteria	0.6604	0.256	314.0	DUF900;DUF726	DUF900	True
AF-A0A429G351-F1	-0.12929217227969322	-0.011201014748056704	-0.2104496110126517	0.45585	Actinomadura sp. WAC 06369	Bacteria	Actinobacteria	Actinomycetia	0.4584	0.182	1673.0	Abhydrolase_8	Other α/β hydrolase (CL0028)	True
AF-A0A432FF52-F1	0.06780227358981951	-0.18823899614946754	0.03482560448334374	0.7993000000000001	Thaumarchaeota archaeon	Archaea	Thaumarchaeota		0.7451	0.282	157.0	DUF900;Cutinase;DUF726	DUF900	True
AF-A0A432FS14-F1	0.17103125194503307	0.2536710895139798	0.031780282678722384	0.43995	Gammaproteobacteria bacterium	Bacteria	Proteobacteria	Gammaproteobacteria	0.4424	0.151	1450.0	DUF900	DUF900	True
AF-A0A432GE85-F1	0.17044325215073458	0.2466597356027745	0.02060999474370079	0.40375	Gammaproteobacteria bacterium	Bacteria	Proteobacteria	Gammaproteobacteria	0.5275	0.136	1502.0	DUF900	DUF900	True
AF-A0A433DYW4-F1	-0.4273388065452227	0.14824027082556007	0.40372300998363164	0.12915500000000002	Streptomyces sp. NP10	Bacteria	Actinobacteria	Actinomycetia	0.173	0.119	2846.0	Pkinase;PK_Tyr_Ser-Thr;Collagen;Peripla_BP_6;ANF_receptor	Periplasmic binding protein (CL0144)	True
AF-A0A437LTE3-F1	0.178462970594512	0.10686265705368994	-0.02771770825353357	0.5223	Inhella crocodyli	Bacteria	Proteobacteria	Betaproteobacteria	0.5745	0.175	1013.0	DUF900	DUF900	True
AF-A0A437M8C5-F1	0.19143452211355208	0.07241545838535138	-0.007431765289871591	0.6192500000000001	Sphingomonas crocodyli	Bacteria	Proteobacteria	Alphaproteobacteria	0.6792	0.148	392.0	DUF900;Abhydrolase_6	DUF900	True
AF-A0A448HJV1-F1	-0.2764833517720357	0.09609416247087704	0.05027861546028489	0.19605	Actinomyces howellii	Bacteria	Actinobacteria	Actinomycetia	0.2378	0.143	2728.0	FMN_red	Other Pfam	True
AF-A0A448KFM5-F1	-0.2602234662177636	0.08142713874920765	0.05384809578491125	0.24947499999999997	Actinomyces slackii	Bacteria	Actinobacteria	Actinomycetia	0.2333	0.127	2677.0	FMN_red	Other Pfam	True
AF-A0A450S873-F1	0.18803302991325893	0.10743237062094389	-0.022442798298743055	0.5881749999999999	Candidatus Kentron sp. FM	Bacteria	Proteobacteria	Gammaproteobacteria	0.5957	0.157	844.0	DUF900	DUF900	True
AF-A0A450V9H8-F1	0.18757309015820556	0.023938535579899264	0.026491696832615538	0.5957	Candidatus Kentron sp. LFY	Bacteria	Proteobacteria	Gammaproteobacteria	0.6125	0.176	739.0	DUF900	DUF900	True
AF-A0A450WLY0-F1	0.1835844099875893	0.09048401999251851	-0.021981235631610772	0.6189	Candidatus Kentron sp. LFY	Bacteria	Proteobacteria	Gammaproteobacteria	0.6336	0.153	874.0	DUF900	DUF900	True
AF-A0A450Y7X8-F1	0.15498112904550074	0.0597983258929738	0.007264356605913288	0.610525	Candidatus Kentron sp. SD	Bacteria	Proteobacteria	Gammaproteobacteria	0.6032	0.161	574.0	DUF900	DUF900	True
AF-A0A482TKS1-F1	0.07899002903678409	-0.16259060110485263	0.016835912717911735	0.775175	Haloarcula hispanica	Archaea	Euryarchaeota	Halobacteria	0.7859	0.331	67.0	DUF900;DUF726	DUF900	True
AF-A0A495KP80-F1	0.16155263843524487	0.16093115425117602	0.0013573789195072254	0.47015	Flavobacterium sp. 102	Bacteria	Bacteroidota	Flavobacteriia	0.5811	0.132	1137.0	DUF900	DUF900	True
AF-A0A495QVQ4-F1	0.04131129543717085	-0.14862724742889388	-0.011468707608295253	0.70625	Haloarcula quadrata	Archaea	Euryarchaeota	Halobacteria	0.6956	0.263	331.0	DUF900;DUF726	DUF900	True
AF-A0A495R8U6-F1	0.07883069724234168	-0.1624920743655876	0.025226875882826003	0.76075	Haloarcula quadrata	Archaea	Euryarchaeota	Halobacteria	0.7804	0.292	92.0	DUF900;DUF726	DUF900	True
AF-A0A495V3R8-F1	0.17360229749424397	0.2608951490267693	-0.035525152477123845	0.40485	Thiocapsa rosea	Bacteria	Proteobacteria	Gammaproteobacteria	0.483	0.133	1501.0	DUF900	DUF900	True
AF-A0A495VDR5-F1	0.17194447329270435	0.2687437574156364	-0.03721049891431778	0.38325	Thiocapsa rosea	Bacteria	Proteobacteria	Gammaproteobacteria	0.4526	0.166	1518.0	DUF900	DUF900	True
AF-A0A496PW67-F1	0.1506028288927014	0.2573625547879717	-0.03645462457807466	0.44435	Verrucomicrobia bacterium	Bacteria	Verrucomicrobia		0.5231	0.17	1646.0	DUF900	DUF900	True
AF-A0A497BMA0-F1	-0.2980598507434396	0.07024233866876067	-0.06837690613388354	0.253575	Chloroflexi bacterium	Bacteria	Chloroflexi		0.2462	0.132	2135.0		No Pfam hit	True
AF-A0A497VBQ7-F1	0.16645331918713827	0.05581329483930335	0.005734553221171153	0.67065	Litoreibacter meonggei	Bacteria	Proteobacteria	Alphaproteobacteria	0.6637	0.142	457.0	DUF900;Abhydrolase_6	DUF900	True
AF-A0A498C252-F1	0.16667304433278493	0.0746277509424304	0.016278748645607636	0.556225	Alkalispirillum mobile	Bacteria	Proteobacteria	Gammaproteobacteria	0.5613	0.202	433.0	DUF900;Abhydrolase_6	DUF900	True
AF-A0A498EDQ7-F1	0.0791547504103435	-0.1875590925080243	0.011560789897710966	0.9138	Haloferax sp. Atlit-109R	Archaea	Euryarchaeota	Halobacteria	0.9136	0.703	30.0		No Pfam hit	True
AF-A0A498EH53-F1	0.08318422867720268	-0.183292712415192	-0.0012940536796014963	0.9384	Haloferax sp. Atlit-105R	Archaea	Euryarchaeota	Halobacteria	0.9384	0.703	18.0		No Pfam hit	True
AF-A0A498EWB8-F1	0.03977825442276487	-0.14662063902617217	0.01246055692005731	0.6852	Halorubrum sp. Atlit-28R	Archaea	Euryarchaeota	Halobacteria	0.6367	0.269	295.0	DUF900;DUF726	DUF900	True
AF-A0A498FGW4-F1	0.04229194494292993	-0.1521935246342028	-0.0023439879538336423	0.7119500000000001	Halorubrum sp. Atlit-9R	Archaea	Euryarchaeota	Halobacteria	0.6379	0.275	297.0	DUF900;DUF726	DUF900	True
AF-A0A498FY21-F1	0.019416334799659384	-0.1466741652772074	-0.03104291235621688	0.6756249999999999	Halorubrum sp. Atlit-26R	Archaea	Euryarchaeota	Halobacteria	0.6052	0.283	300.0	DUF900;DUF726	DUF900	True
AF-A0A498GIW2-F1	0.07394881464492896	-0.16461449292160224	0.03774886047626693	0.79455	Haloarcula sp. Atlit-7R	Archaea	Euryarchaeota	Halobacteria	0.7818	0.302	84.0	DUF900;DUF726	DUF900	True
AF-A0A498KWM4-F1	0.004653585526240568	-0.12492982736230729	-0.047428522531660244	0.73835	Halorientalis pallida	Archaea	Euryarchaeota	Halobacteria	0.6743	0.285	237.0	DUF900;DUF726	DUF900	True
AF-A0A498KX20-F1	0.06658821072540033	-0.1822497122946041	-0.0038885697363576265	0.7550749999999999	Halorientalis pallida	Archaea	Euryarchaeota	Halobacteria	0.7961	0.346	61.0	DUF726	DUF726	True
AF-A0A498KXF6-F1	0.03571509798586074	-0.16111402462016527	-0.018158618012374683	0.713625	Halorientalis pallida	Archaea	Euryarchaeota	Halobacteria	0.7397	0.247	121.0		No Pfam hit	True
AF-A0A498L3X7-F1	0.03881347360639718	-0.18495564483608604	0.0010593469214727458	0.8041	Halorientalis pallida	Archaea	Euryarchaeota	Halobacteria	0.8098	0.303	66.0		No Pfam hit	True
AF-A0A4C2EP15-F1	0.04315781605966305	-0.15626786978154492	-0.002401052261450374	0.71055	Haloarcula mannanilytica	Archaea	Euryarchaeota	Halobacteria	0.7042	0.242	285.0	DUF900;DUF726	DUF900	True
AF-A0A4D4M9Y5-F1	-0.4069584367686212	0.17298645719758107	0.42038472467635346	0.18280000000000002	Streptomyces avermitilis	Bacteria	Actinobacteria	Actinomycetia	0.251	0.127	2799.0	Pkinase;PK_Tyr_Ser-Thr;Peripla_BP_6;Peripla_BP_5;ANF_receptor	Periplasmic binding protein (CL0144)	True
AF-A0A4D6HEL8-F1	0.04953278122666798	-0.1835067207807398	-0.0053596860251685485	0.768575	Halapricum salinum	Archaea	Euryarchaeota	Halobacteria	0.7917	0.352	69.0	DUF900;DUF726	DUF900	True
AF-A0A4D7BF30-F1	0.09823433897846287	0.1432566896104273	-0.009160908203961206	0.48482499999999995	Phreatobacter stygius	Bacteria	Proteobacteria	Alphaproteobacteria	0.5972	0.169	1278.0	DUF900;Abhydrolase_6	DUF900	True
AF-A0A4D7E2K8-F1	0.13477429926317633	0.16438469626278915	-0.019169317212284827	0.526575	Agrobacterium larrymoorei	Bacteria	Proteobacteria	Alphaproteobacteria	0.6219	0.147	1101.0	DUF900;Abhydrolase_6	DUF900	True
AF-A0A4D7YE52-F1	0.13853361717896082	0.16651562419748406	-0.019408357669175508	0.532675	Agrobacterium tumefaciens	Bacteria	Proteobacteria	Alphaproteobacteria	0.6354	0.152	1203.0	DUF900;Abhydrolase_6	DUF900	True
AF-A0A4P5THA6-F1	0.17170100101624597	0.21407950264799339	-0.0076729941502539445	0.536875	Methylocystaceae bacterium	Bacteria	Proteobacteria	Alphaproteobacteria	0.6015	0.139	1098.0	DUF900	DUF900	True
AF-A0A4P5WUK3-F1	0.10639270261152346	-0.12129480911527543	0.05221421223444875	0.575125	Planctomycetia bacterium	Bacteria	Planctomycetota	Planctomycetia	0.6229	0.198	424.0		No Pfam hit	True
AF-A0A4P5X481-F1	0.17090162093269817	0.28674630405920665	-0.017946403708496986	0.3912	Phycisphaerae bacterium	Bacteria	Planctomycetota	Phycisphaerae	0.4719	0.188	1592.0	DUF900	DUF900	True
AF-A0A4P5YED4-F1	0.07108498671203647	-0.2034605844244752	0.04376259892936089	0.7827	Nitrosopumilaceae archaeon	Archaea	Thaumarchaeota		0.7371	0.274	197.0	DUF900;DUF726	DUF900	True
AF-A0A4P6MCQ5-F1	0.17917839214048809	0.057481702508727785	0.019633485591541776	0.5587	Thalassococcus sp. S3	Bacteria	Proteobacteria	Alphaproteobacteria	0.5886	0.158	778.0	DUF900	DUF900	True
AF-A0A4P7FD59-F1	0.11152109655811868	0.11910983125406192	-0.031042883308566405	0.53395	Beijerinckiaceae bacterium	Bacteria	Proteobacteria	Alphaproteobacteria	0.6335	0.165	1023.0	DUF900;Abhydrolase_6	DUF900	True
AF-A0A4P7HCS9-F1	-0.35267124731580574	0.016762192701833985	-0.14250284147010536	0.2569	Nocardia sp. CS682	Bacteria	Actinobacteria	Actinomycetia	0.3487	0.14	2291.0	Cutinase	Other α/β hydrolase (CL0028)	True
AF-A0A4P7JMT3-F1	0.16621361377304428	0.06099450928056984	-0.009658497531409906	0.5972500000000001	Boseongicola sp. CCM32	Bacteria	Proteobacteria	Alphaproteobacteria	0.6123	0.16	600.0	DUF900;DUF676	DUF900	True
AF-A0A4P8Q092-F1	-0.37176220959625267	0.02039784550643387	-0.15888765642224462	0.2437	Rhodococcus sp. SGAir0479	Bacteria	Actinobacteria	Actinomycetia	0.3146	0.179	2087.0	Cutinase	Other α/β hydrolase (CL0028)	True
AF-A0A4P8QFC5-F1	0.13927334141743722	0.1570282854963491	-0.02720509662144287	0.53515	Brevundimonas sp. SGAir0440	Bacteria	Proteobacteria	Alphaproteobacteria	0.6328	0.155	1366.0	DUF900;Abhydrolase_6	DUF900	True
AF-A0A4P9TI00-F1	0.02613522528335479	-0.1825599424400452	0.021811552869697007	0.6908000000000001	Natrinema pallidum	Archaea	Euryarchaeota	Halobacteria	0.6908	0.241	252.0		No Pfam hit	True
AF-A0A4Q1EUW7-F1	0.02192238383079821	-0.10073764468068289	0.06697930631023695	0.47959999999999997	Chryseobacterium sp. CH21	Bacteria	Bacteroidota	Flavobacteriia	0.4992	0.154	1313.0	DUF900	DUF900	True
AF-A0A4Q1KZP4-F1	0.17870547466719694	0.12237661569871303	0.012502974660007573	0.567225	Flavobacterium piscinae	Bacteria	Bacteroidota	Flavobacteriia	0.5919	0.139	865.0	DUF900	DUF900	True
AF-A0A4Q1UHE7-F1	-0.16926565534625923	-0.012217256248479878	0.0016671399294305668	0.340125	Mesorhizobium erdmanii	Bacteria	Proteobacteria	Alphaproteobacteria	0.3422	0.148	2228.0		No Pfam hit	True
AF-A0A4Q2E3Q2-F1	0.15315673717339187	0.06425498587981718	0.03589295210692137	0.5761499999999999	Enterobacter cloacae	Bacteria	Proteobacteria	Gammaproteobacteria	0.6049	0.145	777.0	DUF900	DUF900	True
AF-A0A4Q2SW88-F1	0.144090702992049	0.1640980028414638	-0.021807901765777883	0.507325	Ciceribacter ferrooxidans	Bacteria	Proteobacteria	Alphaproteobacteria	0.5807	0.175	976.0	DUF900;Abhydrolase_6	DUF900	True
AF-A0A4Q2T039-F1	0.14567430070114298	0.16193468749486029	-0.0026765240919424875	0.540675	Ciceribacter ferrooxidans	Bacteria	Proteobacteria	Alphaproteobacteria	0.6104	0.144	1394.0	DUF900;Abhydrolase_6	DUF900	True
AF-A0A4Q3G1H5-F1	0.16478002126527397	0.17483752314309503	-0.03249456840256416	0.52935	Hyphomicrobiales bacterium	Bacteria	Proteobacteria	Alphaproteobacteria	0.567	0.152	1106.0	DUF900	DUF900	True
AF-A0A4Q3S573-F1	0.14705372599634497	0.1105785750384947	-0.005663244458108384	0.565325	Caulobacteraceae bacterium	Bacteria	Proteobacteria	Alphaproteobacteria	0.6367	0.157	811.0	DUF900	DUF900	True
AF-A0A4Q3YA43-F1	0.1595505017053339	0.048300141288832636	0.027683605402098643	0.60805	Loktanella sp. IMCC34160	Bacteria	Proteobacteria	Alphaproteobacteria	0.6378	0.156	441.0	DUF900	DUF900	True
AF-A0A4Q5KN32-F1	0.1679767855053415	0.05464380901364964	0.024300191245432905	0.5435749999999999	Aliivibrio finisterrensis	Bacteria	Proteobacteria	Gammaproteobacteria	0.5866	0.177	425.0	DUF900	DUF900	True
AF-A0A4Q6JDQ2-F1	0.17814133034032528	0.0942894697619474	0.03389002166630362	0.56185	Pseudoalteromonas sp. MEBiC 03485	Bacteria	Proteobacteria	Gammaproteobacteria	0.5748	0.173	389.0	DUF900	DUF900	True
AF-A0A4Q7EFY0-F1	0.1931818224383222	0.09111709398203773	0.0023254648548922223	0.599725	Leptolyngbya sp. LK	Bacteria	Cyanobacteria		0.6481	0.156	712.0	DUF900	DUF900	True
AF-A0A4Q7VZX3-F1	0.1700586362805828	0.2655549484858638	-0.016460487243102676	0.38475000000000004	Rivibacter subsaxonicus	Bacteria	Proteobacteria	Betaproteobacteria	0.461	0.173	1532.0	DUF900	DUF900	True
AF-A0A4Q7W0D5-F1	0.15711151900340856	0.25168044431500103	-0.03814759235886434	0.45315000000000005	Rivibacter subsaxonicus	Bacteria	Proteobacteria	Betaproteobacteria	0.4771	0.187	1423.0	DUF900	DUF900	True
AF-A0A4Q7W149-F1	0.17016641565040797	0.2382842887831874	0.005316290306869043	0.48455	Rivibacter subsaxonicus	Bacteria	Proteobacteria	Betaproteobacteria	0.5695	0.166	1247.0	DUF900	DUF900	True
AF-A0A4Q7W234-F1	0.1629932667066999	0.25044943625921007	-0.009112171233834095	0.4256	Rivibacter subsaxonicus	Bacteria	Proteobacteria	Betaproteobacteria	0.54	0.138	1431.0	DUF900	DUF900	True
AF-A0A4R0Y5Z5-F1	0.1748059835579417	0.07656952859284892	-0.012282689085887805	0.5174000000000001	Roseococcus sp. SYP-B2431	Bacteria	Proteobacteria	Alphaproteobacteria	0.5701	0.152	968.0	DUF900	DUF900	True
AF-A0A4R1GMI5-F1	0.09615055861016901	0.11400959538777232	0.0005324119230782469	0.41200000000000003	Marinobacterium mangrovicola	Bacteria	Proteobacteria	Gammaproteobacteria	0.6139	0.142	986.0	Peptidase_C14;DUF4384;DUF900	DUF900	True
AF-A0A4R1RFG5-F1	0.15829257100353336	0.23596597384246384	-0.03327399395999681	0.4273	Rhizobium sp. BK251	Bacteria	Proteobacteria	Alphaproteobacteria	0.4993	0.151	1491.0	DUF900	DUF900	True
AF-A0A4R1XB79-F1	0.15706275945793882	0.05605931465338585	0.0031691988756179794	0.5342	Rhizobium sp. PP-F2F-G48	Bacteria	Proteobacteria	Alphaproteobacteria	0.5853	0.177	522.0	DUF900;Abhydrolase_6	DUF900	True
AF-A0A4R1YNQ4-F1	0.16046019661962316	0.05210409313849497	-0.0021927520335146794	0.6113000000000001	Rhodovulum steppense	Bacteria	Proteobacteria	Alphaproteobacteria	0.648	0.18	551.0	DUF900	DUF900	True
AF-A0A4R2GUJ7-F1	0.09033491286968459	0.137377925565369	-0.08073359781705414	0.543425	Camelimonas lactis	Bacteria	Proteobacteria	Alphaproteobacteria	0.6068	0.137	998.0	DUF900	DUF900	True
AF-A0A4R2PWU2-F1	0.16305099874428272	0.0410264719796644	0.021888806724655766	0.6146250000000001	Rhodovulum marinum	Bacteria	Proteobacteria	Alphaproteobacteria	0.637	0.188	622.0	DUF900	DUF900	True
AF-A0A4R3AAK1-F1	0.15757359330125476	0.0600623160183314	0.011669557400077276	0.52605	Neorhizobium sp. JUb45	Bacteria	Proteobacteria	Alphaproteobacteria	0.5571	0.18	481.0	DUF900;Abhydrolase_6	DUF900	True
AF-A0A4R3ACI4-F1	0.027327414503479107	-0.07064210986363283	0.0861020870100382	0.415025	Sphingobacterium sp. JUb20	Bacteria	Bacteroidota	Sphingobacteriia	0.4131	0.158	1498.0	DUF900	DUF900	True
AF-A0A4R3AIT4-F1	0.029238916491754443	-0.07328781646597635	0.08449546260644988	0.42645	Sphingobacterium sp. JUb78	Bacteria	Bacteroidota	Sphingobacteriia	0.4305	0.153	1456.0	DUF900	DUF900	True
AF-A0A4R3FKU3-F1	0.16661422860875297	0.22157017284742145	-0.021772479251342482	0.45947499999999997	Rhizobium sp. BK376	Bacteria	Proteobacteria	Alphaproteobacteria	0.5528	0.179	1277.0	DUF900	DUF900	True
AF-A0A4R3H1T8-F1	0.16026202406011128	0.07839967240388258	0.032553249464866235	0.5398000000000001	Caulobacter sp. BK020	Bacteria	Proteobacteria	Alphaproteobacteria	0.572	0.162	788.0	DUF900	DUF900	True
AF-A0A4R3JND2-F1	-0.0035391997081589315	-0.040610057637948005	0.003995837467392782	0.465325	Primorskyibacter sedentarius	Bacteria	Proteobacteria	Alphaproteobacteria	0.4541	0.209	1145.0	DUF900	DUF900	True
AF-A0A4R4AGB7-F1	0.17911752758339614	0.250618507518714	-0.01160657061887758	0.4745	Marichromatium gracile	Bacteria	Proteobacteria	Gammaproteobacteria	0.5676	0.164	1436.0	DUF900	DUF900	True
AF-A0A4R4MG42-F1	-0.13989734058012207	-0.005903906752956055	-0.19930709835591295	0.444875	Actinomadura sp. 7K534	Bacteria	Actinobacteria	Actinomycetia	0.4639	0.159	1649.0	Abhydrolase_8	Other α/β hydrolase (CL0028)	True
AF-A0A4R4NJW7-F1	-0.14197336924300896	0.007911879369878614	-0.20763731294186577	0.4401	Actinomadura bangladeshensis	Bacteria	Actinobacteria	Actinomycetia	0.4551	0.165	1686.0	Abhydrolase_8	Other α/β hydrolase (CL0028)	True
AF-A0A4R4NKG2-F1	-0.13194663213901575	0.011354910700526293	-0.22336812219930446	0.4555	Actinomadura bangladeshensis	Bacteria	Actinobacteria	Actinomycetia	0.4619	0.147	1611.0	Abhydrolase_8	Other α/β hydrolase (CL0028)	True
AF-A0A4R4S356-F1	-0.1417096597841055	-0.00023543192528740882	-0.20813106793642422	0.45855	Actinomadura sp. KC345	Bacteria	Actinobacteria	Actinomycetia	0.4727	0.172	1663.0	Abhydrolase_8	Other α/β hydrolase (CL0028)	True
AF-A0A4R4SGD3-F1	-0.42436966708948576	0.14763860522572061	0.3883142568266596	0.13609500000000002	Streptomyces hainanensis	Bacteria	Actinobacteria	Actinomycetia	0.1879	0.156	2695.0	Pkinase;PK_Tyr_Ser-Thr;Peripla_BP_6;ANF_receptor	Periplasmic binding protein (CL0144)	True
AF-A0A4R4SPZ7-F1	-0.14280009700586513	-0.009285251428528457	-0.20690697891999482	0.45172500000000004	Actinomadura sp. GC306	Bacteria	Actinobacteria	Actinomycetia	0.4736	0.15	1678.0	Abhydrolase_8	Other α/β hydrolase (CL0028)	True
AF-A0A4R4TXN6-F1	-0.1497460805848344	-0.012875100249808966	-0.2057422050117227	0.449925	Actinomadura sp. 7K507	Bacteria	Actinobacteria	Actinomycetia	0.4733	0.155	1612.0	Abhydrolase_8	Other α/β hydrolase (CL0028)	True
AF-A0A4R4TXP8-F1	-0.13618534203540106	0.005096315837587363	-0.2185156713958595	0.4607	Actinomadura sp. 7K507	Bacteria	Actinobacteria	Actinomycetia	0.4866	0.169	1529.0	Abhydrolase_8	Other α/β hydrolase (CL0028)	True
AF-A0A4R4VK77-F1	-0.4414657510590196	0.11626749483762597	0.3914279816954043	0.117905	Nonomuraea deserti	Bacteria	Actinobacteria	Actinomycetia	0.148	0.115	2798.0	Peripla_BP_6;Peripla_BP_5;ANF_receptor	Periplasmic binding protein (CL0144)	True
AF-A0A4R4XM42-F1	-0.13318903851007263	-0.010130587434934502	-0.22867725281784124	0.442925	Actinomadura sp. KC06	Bacteria	Actinobacteria	Actinomycetia	0.4518	0.171	1654.0	Abhydrolase_8	Other α/β hydrolase (CL0028)	True
AF-A0A4R4XMA3-F1	-0.1322745166075163	-0.02145423668848226	-0.19091335432684928	0.4647	Actinomadura sp. KC06	Bacteria	Actinobacteria	Actinomycetia	0.4766	0.144	1610.0	Abhydrolase_8	Other α/β hydrolase (CL0028)	True
AF-A0A4R5BJI0-F1	-0.15891839497062007	0.01007896227285105	-0.233490031136597	0.4193	Actinomadura rubrisoli	Bacteria	Actinobacteria	Actinomycetia	0.4331	0.163	1657.0	Abhydrolase_8	Other α/β hydrolase (CL0028)	True
AF-A0A4R5BL42-F1	-0.13496737174573575	-0.020508519530979524	-0.19919162485392045	0.44005	Actinomadura rubrisoli	Bacteria	Actinobacteria	Actinomycetia	0.4764	0.141	1689.0	Abhydrolase_8	Other α/β hydrolase (CL0028)	True
AF-A0A4R5BTS1-F1	-0.13314571849483547	0.009223856574871701	-0.23935743562580203	0.4381	Actinomadura darangshiensis	Bacteria	Actinobacteria	Actinomycetia	0.486	0.182	1569.0	Abhydrolase_8	Other α/β hydrolase (CL0028)	True
AF-A0A4R5BWE1-F1	-0.145679327573505	-0.015757162769242904	-0.20197452727512585	0.4516	Actinomadura darangshiensis	Bacteria	Actinobacteria	Actinomycetia	0.4671	0.162	1656.0	Abhydrolase_8	Other α/β hydrolase (CL0028)	True
AF-A0A4R5DZ38-F1	-0.14097916967610266	0.0031199157771740864	-0.1970695844586771	0.44945	Actinomadura sp. 6K520	Bacteria	Actinobacteria	Actinomycetia	0.464	0.14	1687.0	Abhydrolase_8	Other α/β hydrolase (CL0028)	True
AF-A0A4R5XAJ4-F1	-0.2766879045175398	0.015510216372854423	-0.24109184957717722	0.40769999999999995	Mycolicibacterium obuense	Bacteria	Actinobacteria	Actinomycetia	0.3613	0.128	1992.0	Cutinase	Other α/β hydrolase (CL0028)	True
AF-A0A4R6ARI4-F1	0.1757326560385347	0.04256799770274096	0.030337204221524413	0.600275	Fluviibacterium aquatile	Bacteria	Proteobacteria	Alphaproteobacteria	0.6404	0.161	545.0	DUF900	DUF900	True
AF-A0A4R6SC73-F1	-0.26882122202770004	-0.014916035504875712	-0.12684290130822676	0.35635	Labedaea rhizosphaerae	Bacteria	Actinobacteria	Actinomycetia	0.3853	0.131	1997.0	Cutinase;PE-PPE	Other α/β hydrolase (CL0028)	True
AF-A0A4R6UVE9-F1	0.15668401732883738	0.07108677160899504	0.00608170733731753	0.55515	Permianibacter aggregans	Bacteria	Proteobacteria	Gammaproteobacteria	0.5979	0.156	695.0	DUF900;Abhydrolase_6	DUF900	True
AF-A0A4R7LL52-F1	0.15497816596896535	0.05625561940207179	-0.0019757850503239467	0.647725	Litoreibacter halocynthiae	Bacteria	Proteobacteria	Alphaproteobacteria	0.6567	0.148	508.0	DUF900	DUF900	True
AF-A0A4R7LZQ4-F1	0.036235009342405394	-0.2876762706545428	0.11548833814136278	0.48685	Arthrobacter sp. AG258	Bacteria	Actinobacteria	Actinomycetia	0.5376	0.105	1379.0		No Pfam hit	True
AF-A0A4R8S2F9-F1	0.030226234767426446	-0.30226056394889383	0.16419883199566684	0.487025	Mycobacteroides salmoniphilum	Bacteria	Actinobacteria	Actinomycetia	0.5756	0.127	1285.0		No Pfam hit	True
AF-A0A4R8SGB4-F1	0.026214336584415375	-0.2983984687638311	0.1538999230334198	0.4669	Mycobacteroides salmoniphilum	Bacteria	Actinobacteria	Actinomycetia	0.5468	0.141	1448.0		No Pfam hit	True
AF-A0A4R8SYW0-F1	0.012131180440619256	-0.28950709550326315	0.1320659365335282	0.443675	Mycobacteroides salmoniphilum	Bacteria	Actinobacteria	Actinomycetia	0.5139	0.126	1524.0		No Pfam hit	True
AF-A0A4S0RS88-F1	-0.16615658011294	-0.016756090089522814	-0.007468936890873122	0.397775	Mesorhizobium sp. M8A.F.Ca.ET.213.01.1.1	Bacteria	Proteobacteria	Alphaproteobacteria	0.3729	0.146	2176.0		No Pfam hit	True
AF-A0A4S3ZXW2-F1	0.14882621570075402	0.1670994837388789	-0.01547262424904555	0.523075	Allorhizobium terrae	Bacteria	Proteobacteria	Alphaproteobacteria	0.5904	0.183	897.0	DUF900;Abhydrolase_6	DUF900	True
AF-A0A4U0H412-F1	-0.2595518499428507	0.052729447446503354	0.14014391237682983	0.160275	Arthrobacter sp. CAU 1506	Bacteria	Actinobacteria	Actinomycetia	0.1505	0.125	2808.0	Glyco_tranf_2_3;Glycos_transf_2	Other Pfam	True
AF-A0A4U7C1T6-F1	0.034738426818979255	-0.14441439296209224	-0.0071844638218180904	0.707375	Halorubrum sp. CGM5_25_10-8B	Archaea	Euryarchaeota	Halobacteria	0.6581	0.267	262.0	DUF900;DUF726	DUF900	True
AF-A0A4U7C745-F1	0.03161212519718939	-0.1466260776436562	-0.008875350262527757	0.705275	Halorubrum sp. CGM4_25_10-8A	Archaea	Euryarchaeota	Halobacteria	0.6589	0.273	308.0	DUF900;DUF726	DUF900	True
AF-A0A4U7CCV6-F1	0.03879031793058294	-0.151865348907959	0.011666570568080433	0.678725	Halorubrum sp. ARQ200	Archaea	Euryarchaeota	Halobacteria	0.6318	0.266	309.0	DUF900;DUF726	DUF900	True
AF-A0A4U7CKA7-F1	0.036278321018059244	-0.14852900464086688	-0.0022345257218847445	0.735475	Halorubrum sp. SD690R	Archaea	Euryarchaeota	Halobacteria	0.6693	0.271	250.0	DUF900;DUF726	DUF900	True
AF-A0A4U7D2X1-F1	0.038767121681840856	-0.14797841020802685	0.014668834932137454	0.681275	Halorubrum sp. ASP121	Archaea	Euryarchaeota	Halobacteria	0.6553	0.263	275.0	DUF900;DUF726	DUF900	True
AF-A0A4U7DEZ2-F1	0.03781872326526844	-0.1439062711582906	0.0011933885774341867	0.70915	Halorubrum sp. SP3	Archaea	Euryarchaeota	Halobacteria	0.6518	0.281	268.0	Abhydrolase_8;DUF900;DUF726	DUF900	True
AF-A0A4U7DQR0-F1	0.03868759680214451	-0.1485283426523482	-0.003632781547608838	0.70475	Halorubrum sp. ASP1	Archaea	Euryarchaeota	Halobacteria	0.6464	0.26	316.0	DUF900;DUF726	DUF900	True
AF-A0A4U7DR36-F1	0.036363032003408	-0.14286093624484766	-0.005335471335596882	0.6629	Halorubrum sp. SS7	Archaea	Euryarchaeota	Halobacteria	0.6664	0.253	279.0	DUF900;DUF726	DUF900	True
AF-A0A4U7E2U8-F1	0.03854627696627787	-0.15070609950881206	-0.005868118830401094	0.730625	Halorubrum sp. GN12_10-3_MGM	Archaea	Euryarchaeota	Halobacteria	0.6648	0.278	253.0	DUF900;DUF726	DUF900	True
AF-A0A4U7EPI6-F1	0.03287289534314846	-0.15097189768519925	0.00530960456326073	0.685325	Halorubrum sp. SP9	Archaea	Euryarchaeota	Halobacteria	0.6428	0.288	312.0	Abhydrolase_8;DUF900;DUF726	DUF900	True
AF-A0A4U7EQ50-F1	0.04969165884718289	-0.14973946638137994	-0.021714884797500018	0.7810250000000001	Halorubrum sp. GN11GM_10-3_MGM	Archaea	Euryarchaeota	Halobacteria	0.7109	0.257	215.0	DUF726	DUF726	True
AF-A0A4U7FAI9-F1	0.034053752514446874	-0.14691885996654455	-0.006616032283691137	0.74665	Halorubrum sp. SD626R	Archaea	Euryarchaeota	Halobacteria	0.6636	0.275	311.0	DUF900;DUF726	DUF900	True
AF-A0A4U8YV79-F1	0.14267963241963974	0.17472553107972624	-0.022145508430461612	0.5206999999999999	Methylocella tundrae	Bacteria	Proteobacteria	Alphaproteobacteria	0.5718	0.158	1085.0	DUF900;Abhydrolase_6	DUF900	True
AF-A0A4U9U7Q8-F1	0.018207002113735823	-0.06828314862895009	0.07731829924860655	0.40502499999999997	Sphingobacterium thalpophilum	Bacteria	Bacteroidota	Sphingobacteriia	0.4286	0.156	1680.0	DUF900	DUF900	True
AF-A0A4V1ZXR3-F1	0.001146526471679125	-0.07900338362411742	0.05088852940540925	0.45005	Sphingomonadales bacterium	Bacteria	Proteobacteria	Alphaproteobacteria	0.508	0.167	1428.0	DUF900	DUF900	True
AF-A0A4V2SAF9-F1	0.12678444413577084	0.03140286589730797	-0.0017437931760990507	0.5885	Rhodovulum euryhalinum	Bacteria	Proteobacteria	Alphaproteobacteria	0.6015	0.215	448.0	DUF900	DUF900	True
AF-A0A4V2XHE7-F1	-0.1511577136918277	-0.005605988363417468	-0.2448439946344923	0.431525	Actinomadura sp. 7K534	Bacteria	Actinobacteria	Actinomycetia	0.4555	0.168	1607.0	Abhydrolase_8	Other α/β hydrolase (CL0028)	True
AF-A0A4V3AQJ0-F1	0.1856878093470203	0.06530026641982242	0.00897755348764541	0.54225	Algoriphagus aquimaris	Bacteria	Bacteroidota	Cytophagia	0.5933	0.188	737.0	DUF900	DUF900	True
AF-A0A4V6BBC2-F1	0.12997813964741148	0.20431914144106592	-0.0019604782899595567	0.4844	Agrobacterium sp. LC34	Bacteria	Proteobacteria	Alphaproteobacteria	0.5649	0.137	1598.0	DUF900;Abhydrolase_6	DUF900	True
AF-A0A4V6E7W8-F1	0.03383846055609037	-0.1175067927289788	-0.016649920670165425	0.74475	Halorubrum sp. GN11_10-6_MGM	Archaea	Euryarchaeota	Halobacteria	0.6411	0.305	232.0	DUF900;DUF726	DUF900	True
AF-A0A4Y3RCU6-F1	-0.407522339965567	0.14517068313221668	0.38811929024474284	0.1315925	Streptomyces gardneri	Bacteria	Actinobacteria	Actinomycetia	0.1786	0.143	2778.0	Pkinase;PK_Tyr_Ser-Thr	Other Pfam	True
AF-A0A4Y8T1A8-F1	0.013994900996742596	-0.125707130429007	0.016297132365982698	0.44072500000000003	Bacillus thuringiensis	Bacteria	Firmicutes	Bacilli	0.4893	0.169	1525.0		No Pfam hit	True
AF-A0A4Y9M8Z8-F1	-0.2807804665790879	0.013919565133550034	-0.14122455314480084	0.31484999999999996	Blastococcus sp. TF02A_35	Bacteria	Actinobacteria	Actinomycetia	0.3603	0.108	1938.0	Cutinase	Other α/β hydrolase (CL0028)	True
AF-A0A4Y9N2E4-F1	0.04084802899643708	-0.2970662031884164	0.13838705179510497	0.482275	Mycobacterium sp. PS03-16	Bacteria	Actinobacteria	Actinomycetia	0.5502	0.115	1422.0		No Pfam hit	True
AF-A0A4Y9R2D0-F1	0.17227557411618163	0.07974240926229344	-0.0002554951494833099	0.5504749999999999	Algoriphagus kandeliae	Bacteria	Bacteroidota	Cytophagia	0.6011	0.186	703.0	DUF900	DUF900	True
AF-A0A4Y9UMV8-F1	0.15190970812360735	0.15838859807947975	-0.018134797469330298	0.529325	Bradyrhizobium sp. MOS001	Bacteria	Proteobacteria	Alphaproteobacteria	0.5487	0.157	910.0	DUF900;Abhydrolase_6	DUF900	True
AF-A0A4Z0LBX4-F1	0.15516197156382927	0.1626533033129176	-0.022360863222283218	0.515675	Flavobacterium humi	Bacteria	Bacteroidota	Flavobacteriia	0.6504	0.133	1325.0	DUF900	DUF900	True
AF-A0A4Z1BUK9-F1	0.045201236906937496	-0.08802739042445626	0.06198174083267298	0.4659	Empedobacter tilapiae	Bacteria	Bacteroidota	Flavobacteriia	0.4992	0.164	1455.0	DUF900	DUF900	True
AF-A0A4Z1RM83-F1	-0.15000519114014277	0.005605915912240991	-0.19774080590094922	0.43065	Luteimonas yindakuii	Bacteria	Proteobacteria	Gammaproteobacteria	0.4634	0.126	1885.0	Abhydrolase_8	Other α/β hydrolase (CL0028)	True
AF-A0A502XTY9-F1	-0.1739669067785698	-0.013103183058740373	0.003173336054781345	0.35777499999999995	Mesorhizobium sp. B2-6-5	Bacteria	Proteobacteria	Alphaproteobacteria	0.3722	0.139	2226.0		No Pfam hit	True
AF-A0A503I4T8-F1	-0.1677484179417366	-0.01382623883824556	-0.004307935708989962	0.3705	Mesorhizobium sp. B2-4-19	Bacteria	Proteobacteria	Alphaproteobacteria	0.4044	0.144	2178.0		No Pfam hit	True
AF-A0A503TL52-F1	-0.1672756334179624	-0.018908761288412197	0.004213042907028948	0.35197500000000004	Mesorhizobium sp. B2-3-12	Bacteria	Proteobacteria	Alphaproteobacteria	0.3417	0.143	2209.0		No Pfam hit	True
AF-A0A503WD49-F1	-0.16556315565348825	-0.022306241847503388	0.0012192293150098989	0.3511	Mesorhizobium sp. B2-3-4	Bacteria	Proteobacteria	Alphaproteobacteria	0.3639	0.141	2175.0		No Pfam hit	True
AF-A0A504BAL2-F1	-0.1787026284759686	-0.026164955059275383	-0.005440682242908838	0.3387	Mesorhizobium sp. B2-1-3A	Bacteria	Proteobacteria	Alphaproteobacteria	0.3624	0.144	2274.0		No Pfam hit	True
AF-A0A507WGG6-F1	0.19686633973404652	0.09070964598327219	-0.016709596783494728	0.617225	Moraxellaceae bacterium AER2_44_116	Bacteria	Proteobacteria	Gammaproteobacteria	0.6573	0.146	797.0	DUF900	DUF900	True
AF-A0A510PPR9-F1	0.2153802696743971	0.08511771216060707	0.02856945621301219	0.5892249999999999	Microcystis aeruginosa 11-30S32	Bacteria	Cyanobacteria		0.6147	0.161	675.0	DUF900	DUF900	True
AF-A0A510UJ62-F1	0.16269728426262184	0.052812260171643255	0.006203018249597037	0.596525	Aliivibrio fischeri	Bacteria	Proteobacteria	Gammaproteobacteria	0.6494	0.148	472.0	DUF900	DUF900	True
AF-A0A511MYL7-F1	0.05385397651919033	-0.31074413432418396	0.15782150054701574	0.49707500000000004	Deinococcus cellulosilyticus NBRC 106333 = KACC 11606	Bacteria	Deinococcus-Thermus	Deinococci	0.5945	0.105	1089.0	DUF900	DUF900	True
AF-A0A511NKE8-F1	0.009605601593788534	-0.08268041735580971	0.038671531329713765	0.45630000000000004	Empedobacter brevis NBRC 14943 = ATCC 43319	Bacteria	Bacteroidota	Flavobacteriia	0.4801	0.147	1434.0	DUF900	DUF900	True
AF-A0A511QFJ9-F1	0.1608544208214966	-0.01350759505753549	0.010743037882851057	0.6563249999999999	Vibrio sagamiensis NBRC 104589	Bacteria	Proteobacteria	Gammaproteobacteria	0.652	0.18	662.0	DUF900	DUF900	True
AF-A0A512HDR3-F1	0.13692437933036158	0.16886765184790503	-0.02336095569888413	0.517775	Ciceribacter naphthalenivorans	Bacteria	Proteobacteria	Alphaproteobacteria	0.5838	0.175	965.0	DUF900;Abhydrolase_6	DUF900	True
AF-A0A512MB88-F1	0.08390744672091278	0.0681786022744632	-0.027852260763992272	0.4621	Brevifollis gellanilyticus	Bacteria	Verrucomicrobia	Verrucomicrobiae	0.5393	0.145	1403.0	DUF900	DUF900	True
AF-A0A512N3G4-F1	0.1578487352907687	0.05835015868328075	0.014600734524975602	0.562325	Reyranella soli	Bacteria	Proteobacteria	Alphaproteobacteria	0.5747	0.157	838.0	DUF900	DUF900	True
AF-A0A514LCL5-F1	0.06017762461481335	-0.2068353348711635	0.018296989001424565	0.8036	Candidatus Nitrosopumilus sp. SW	Archaea	Thaumarchaeota		0.7417	0.26	213.0	DUF900;DUF676;DUF726	DUF900	True
AF-A0A517M4V9-F1	0.08839919245109897	-0.1321561969252231	0.04486894554563307	0.608125	Rosistilla ulvae	Bacteria	Planctomycetota	Planctomycetia	0.6488	0.162	710.0		No Pfam hit	True
AF-A0A517M7J0-F1	0.09317203790296125	-0.11253926474307988	0.03669768280931869	0.5646	Rosistilla ulvae	Bacteria	Planctomycetota	Planctomycetia	0.6671	0.158	699.0		No Pfam hit	True
AF-A0A517MJ92-F1	0.07234843638896449	-0.14386264511440136	0.01792816063959762	0.5904	Roseimaritima multifibrata	Bacteria	Planctomycetota	Planctomycetia	0.6551	0.15	388.0		No Pfam hit	True
AF-A0A517NHP4-F1	0.09801290280040768	-0.13261351754754558	0.03660774040768903	0.56485	Rubripirellula lacrimiformis	Bacteria	Planctomycetota	Planctomycetia	0.6256	0.17	502.0		No Pfam hit	True
AF-A0A517PP99-F1	0.12397633860146844	-0.1095237367474149	0.04860764586645909	0.65	Gimesia chilikensis	Bacteria	Planctomycetota	Planctomycetia	0.7055	0.186	460.0		No Pfam hit	True
AF-A0A517PUM1-F1	0.18643117054848826	0.16048567812432793	-0.00832692089654508	0.5163500000000001	Gimesia chilikensis	Bacteria	Planctomycetota	Planctomycetia	0.6248	0.141	1046.0	DUF900	DUF900	True
AF-A0A517QCE7-F1	0.19959654769972576	0.17694108053196586	0.002796204016908955	0.5001249999999999	Gimesia panareensis	Bacteria	Planctomycetota	Planctomycetia	0.5511	0.2	880.0	DUF900	DUF900	True
AF-A0A517QIT2-F1	0.09346561228056907	-0.09323384484213065	0.018216974981605738	0.5674250000000001	Thalassoglobus polymorphus	Bacteria	Planctomycetota	Planctomycetia	0.631	0.179	680.0	DUF900	DUF900	True
AF-A0A517QNQ5-F1	-0.41352388782230876	0.11794401772027502	0.38206663771755595	0.1755	Thalassoglobus polymorphus	Bacteria	Planctomycetota	Planctomycetia	0.2319	0.115	2805.0	Pkinase;PK_Tyr_Ser-Thr;Peripla_BP_6;ANF_receptor	Periplasmic binding protein (CL0144)	True
AF-A0A517RG87-F1	0.12193915406994744	-0.10020812574993623	0.06057625469931807	0.662925	Gimesia alba	Bacteria	Planctomycetota	Planctomycetia	0.7018	0.191	464.0	DUF900	DUF900	True
AF-A0A517RL46-F1	0.19653866388375682	0.1772881257847394	-0.005575685051481105	0.49377499999999996	Gimesia alba	Bacteria	Planctomycetota	Planctomycetia	0.5864	0.125	1059.0	DUF900	DUF900	True
AF-A0A517S7I7-F1	0.10409369185632668	-0.11392190667029826	0.0423277054678257	0.600625	Caulifigura coniformis	Bacteria	Planctomycetota	Planctomycetia	0.6557	0.165	704.0		No Pfam hit	True
AF-A0A517SZQ8-F1	0.07695678108998269	-0.139996530568908	0.06838199579894264	0.5569000000000001	Planctomycetes bacterium SV_7m_r	Bacteria	Planctomycetota		0.6377	0.144	494.0		No Pfam hit	True
AF-A0A517TQX6-F1	0.08806126642822906	-0.12781128562438973	-0.0005512682551919169	0.544725	Planctomycetes bacterium MalM25	Bacteria	Planctomycetota		0.5823	0.177	921.0		No Pfam hit	True
AF-A0A517TW13-F1	0.09199720475916597	-0.11017056827324671	0.005913089973544981	0.591675	Lacipirellula limnantheis	Bacteria	Planctomycetota	Planctomycetia	0.6355	0.147	536.0		No Pfam hit	True
AF-A0A517V7G6-F1	0.12404553018496756	-0.0867961539344216	0.054102798523546096	0.649875	Gimesia algae	Bacteria	Planctomycetota	Planctomycetia	0.7027	0.185	471.0		No Pfam hit	True
AF-A0A517VJD7-F1	0.19378075630076722	0.1598212046157576	-0.014108618695657606	0.5172	Gimesia algae	Bacteria	Planctomycetota	Planctomycetia	0.5928	0.195	827.0	DUF900	DUF900	True
AF-A0A517VWX8-F1	0.12686762380942967	-0.10601261935847511	0.05929749821330183	0.65925	Gimesia aquarii	Bacteria	Planctomycetota	Planctomycetia	0.6962	0.195	443.0	DUF900	DUF900	True
AF-A0A517WDM9-F1	0.1257347633071313	-0.11897509593652132	0.044760309834904394	0.6541	Gimesia chilikensis	Bacteria	Planctomycetota	Planctomycetia	0.7087	0.178	461.0		No Pfam hit	True
AF-A0A517WIE8-F1	0.19168266094513406	0.16074992282068196	-0.015110797584270669	0.50255	Gimesia chilikensis	Bacteria	Planctomycetota	Planctomycetia	0.5894	0.174	892.0	DUF900	DUF900	True
AF-A0A517X0Y6-F1	0.12141331566656587	-0.11026573264808284	0.05923724104676033	0.64705	Gimesia aquarii	Bacteria	Planctomycetota	Planctomycetia	0.6982	0.187	566.0	DUF900	DUF900	True
AF-A0A517YNM9-F1	0.10031886346602874	-0.11569917569560366	0.03439373187544732	0.5863499999999999	Anatilimnocola aggregata	Bacteria	Planctomycetota	Planctomycetia	0.6383	0.174	658.0		No Pfam hit	True
AF-A0A517Z7H5-F1	0.09544638362164452	-0.10017755727486016	0.03461907924983611	0.556	Maioricimonas rarisocia	Bacteria	Planctomycetota	Planctomycetia	0.6682	0.196	549.0		No Pfam hit	True
AF-A0A517ZU55-F1	0.09418631528165591	-0.11654337137847376	0.026888085960481926	0.5748	Symmachiella dynata	Bacteria	Planctomycetota	Planctomycetia	0.6304	0.159	651.0		No Pfam hit	True
AF-A0A518A727-F1	0.12311104168398647	-0.10397053369642181	0.04901259607317441	0.6496999999999999	Gimesia panareensis	Bacteria	Planctomycetota	Planctomycetia	0.7029	0.195	485.0	DUF900	DUF900	True
AF-A0A518AVA3-F1	0.10596718754793982	-0.11615615130041812	-0.010706270008947031	0.58595	Aeoliella mucimassa	Bacteria	Planctomycetota	Planctomycetia	0.5628	0.172	624.0		No Pfam hit	True
AF-A0A518BTW5-F1	0.16323529453711427	0.2574316642332573	-0.013523470084737357	0.48325	Mucisphaera calidilacus	Bacteria	Planctomycetota	Phycisphaerae	0.5767	0.152	1506.0	DUF900	DUF900	True
AF-A0A518CB32-F1	0.08935406749236176	-0.11995796414761437	0.014938433037738699	0.581425	Bremerella volcania	Bacteria	Planctomycetota	Planctomycetia	0.651	0.138	649.0		No Pfam hit	True
AF-A0A518CH16-F1	0.08538975840446322	-0.10410556358795744	0.03586897861440575	0.5361499999999999	Polystyrenella longa	Bacteria	Planctomycetota	Planctomycetia	0.6949	0.144	488.0	DUF900	DUF900	True
AF-A0A518DER4-F1	0.10136365007533422	-0.13776853732909194	-0.000157691810177885	0.60885	Pirellulimonas nuda	Bacteria	Planctomycetota	Planctomycetia	0.6544	0.156	532.0		No Pfam hit	True
AF-A0A518E069-F1	0.09715005360752589	-0.14350014645175274	0.04493555820269661	0.55665	Lignipirellula cremea	Bacteria	Planctomycetota	Planctomycetia	0.6322	0.15	571.0		No Pfam hit	True
AF-A0A518FIM9-F1	0.12546913365676413	-0.10349860547436675	0.04663344043527573	0.650175	Gimesia panareensis	Bacteria	Planctomycetota	Planctomycetia	0.7115	0.195	415.0	DUF900	DUF900	True
AF-A0A518FUZ8-F1	0.19563423648771697	0.16857290379290293	-0.006665463703537601	0.4996	Gimesia panareensis	Bacteria	Planctomycetota	Planctomycetia	0.5614	0.167	1128.0	DUF900	DUF900	True
AF-A0A518G0K1-F1	0.09313914935594574	-0.10255611734624759	0.037208749210139384	0.5738749999999999	Aureliella helgolandensis	Bacteria	Planctomycetota	Planctomycetia	0.6351	0.181	795.0		No Pfam hit	True
AF-A0A518HEU7-F1	0.09537968360163596	-0.11576224012438284	0.0514220354303149	0.5123	Tautonia plasticadhaerens	Bacteria	Planctomycetota	Planctomycetia	0.5433	0.156	946.0		No Pfam hit	True
AF-A0A518HFF4-F1	0.0921418258791503	-0.10720241945412978	0.02547551771685679	0.53305	Tautonia plasticadhaerens	Bacteria	Planctomycetota	Planctomycetia	0.5949	0.202	711.0		No Pfam hit	True
AF-A0A518HVU4-F1	0.08299055778900559	-0.1183058025054003	0.02781874645899835	0.6174	Stieleria neptunia	Bacteria	Planctomycetota	Planctomycetia	0.6869	0.16	407.0		No Pfam hit	True
AF-A0A518ID43-F1	0.1331141051483506	-0.11337788404298665	0.05201865483720046	0.646925	Gimesia fumaroli	Bacteria	Planctomycetota	Planctomycetia	0.7012	0.178	500.0	DUF900	DUF900	True
AF-A0A518IHY6-F1	0.18654169744285667	0.174165889996961	-0.018217162612271815	0.49405	Gimesia fumaroli	Bacteria	Planctomycetota	Planctomycetia	0.5837	0.173	801.0	DUF900	DUF900	True
AF-A0A518IVL9-F1	0.09137051342703927	-0.10866742270635113	0.034194905799847575	0.551975	Rosistilla oblonga	Bacteria	Planctomycetota	Planctomycetia	0.6375	0.175	742.0	DUF900	DUF900	True
AF-A0A518IXQ6-F1	0.09538127880505404	-0.12270897359231908	0.04929227928223795	0.5837	Rosistilla oblonga	Bacteria	Planctomycetota	Planctomycetia	0.627	0.162	616.0		No Pfam hit	True
AF-A0A518JWZ2-F1	0.10256904494152645	-0.13083990477798318	0.040553514162184744	0.609175	Rosistilla carotiformis	Bacteria	Planctomycetota	Planctomycetia	0.6169	0.164	744.0		No Pfam hit	True
AF-A0A518K091-F1	0.10265277691905277	-0.10566971241238576	0.027451662728063538	0.541775	Rosistilla carotiformis	Bacteria	Planctomycetota	Planctomycetia	0.6134	0.146	825.0		No Pfam hit	True
AF-A0A518K2U4-F1	0.09069738308271497	-0.1466252731063226	-0.003517949813915359	0.6046	Botrimarina mediterranea	Bacteria	Planctomycetota	Planctomycetia	0.646	0.167	752.0		No Pfam hit	True
AF-A0A519HPP1-F1	0.22330424645697458	0.1228415112723332	-0.007649612788196198	0.573225	Brevundimonas sp.	Bacteria	Proteobacteria	Alphaproteobacteria	0.6663	0.16	830.0	DUF900;Abhydrolase_6	DUF900	True
AF-A0A519JI43-F1	0.21759288618364578	0.11083991820171098	0.015863108877156543	0.5946	Brevundimonas sp.	Bacteria	Proteobacteria	Alphaproteobacteria	0.641	0.152	747.0	DUF900;Abhydrolase_6	DUF900	True
AF-A0A519SWF3-F1	0.058638447421890706	-0.1309366536794848	-0.012721751651206962	0.619875	Flavobacterium sp.	Bacteria	Bacteroidota	Flavobacteriia	0.6309	0.174	761.0	DUF900	DUF900	True
AF-A0A520IRE1-F1	0.06785723165834434	-0.13503793236027745	-0.029373871278942355	0.6768000000000001	Pedobacter sp.	Bacteria	Bacteroidota	Sphingobacteriia	0.6638	0.174	353.0	DUF900	DUF900	True
AF-A0A520R2F8-F1	0.10927809102059971	-0.11289632281938555	0.014093691820860264	0.542925	Phycisphaeraceae bacterium	Bacteria	Planctomycetota	Phycisphaerae	0.5788	0.174	779.0	DUF900	DUF900	True
AF-A0A520RRL9-F1	-0.052939919137193266	-0.14167894211642246	0.0676001455060146	0.48205	Halieaceae bacterium	Bacteria	Proteobacteria	Gammaproteobacteria	0.6151	0.127	1103.0		No Pfam hit	True
AF-A0A521C6R4-F1	0.16596774386043198	0.18870588466422578	-0.01459955585131267	0.46135	Gracilimonas mengyeensis	Bacteria	Balneolaeota	Balneolia	0.6096	0.148	1235.0	DUF900	DUF900	True
AF-A0A521PW35-F1	0.20475661290548836	0.10813871847443234	-0.010455139449684124	0.6033499999999999	Phenylobacterium sp.	Bacteria	Proteobacteria	Alphaproteobacteria	0.6529	0.145	663.0	DUF900;Abhydrolase_6	DUF900	True
AF-A0A521T9K2-F1	0.07917039205280584	-0.1863658446987791	0.04709956348999618	0.7868	Nitrosarchaeum sp.	Archaea	Thaumarchaeota		0.7334	0.268	218.0	DUF900;DUF726	DUF900	True
AF-A0A521UTA8-F1	-0.16924332363297256	0.03123522301364249	0.08535229825232259	0.342075	Xanthomonadaceae bacterium	Bacteria	Proteobacteria	Gammaproteobacteria	0.3795	0.135	2297.0		No Pfam hit	True
AF-A0A521WGU1-F1	0.16438847104363094	0.03883441996285342	0.02875904600482887	0.555375	Gammaproteobacteria bacterium	Bacteria	Proteobacteria	Gammaproteobacteria	0.6098	0.197	514.0	DUF900;Abhydrolase_6	DUF900	True
AF-A0A522GWU1-F1	0.09638731912680265	0.14214262320887033	-0.03408155923832607	0.476875	Beijerinckiaceae bacterium	Bacteria	Proteobacteria	Alphaproteobacteria	0.5593	0.134	1466.0	DUF900	DUF900	True
AF-A0A522RCE9-F1	0.13259160355945565	0.16609324534586375	-0.022791599471216388	0.5139	Rhizobiaceae bacterium	Bacteria	Proteobacteria	Alphaproteobacteria	0.574	0.157	1034.0	DUF900	DUF900	True
AF-A0A522S9N2-F1	-0.4427061912536308	0.18179740196941838	0.4078081822416148	0.1585	Rhizobiaceae bacterium	Bacteria	Proteobacteria	Alphaproteobacteria	0.1807	0.125	2855.0	Peripla_BP_6;ANF_receptor	Periplasmic binding protein (CL0144)	True
AF-A0A522XLP4-F1	0.06079351727513809	-0.19080476913670427	0.02233509321527454	0.7652	Candidatus Nitrosotenuis sp.	Archaea	Thaumarchaeota		0.7024	0.246	168.0	DUF900;DUF726	DUF900	True
AF-A0A522YW28-F1	0.06395174754826291	-0.19913821555154276	0.02381197933574891	0.7693	Candidatus Nitrosotenuis sp.	Archaea	Thaumarchaeota		0.7132	0.252	173.0	DUF900;DUF726	DUF900	True
AF-A0A523I6A4-F1	0.17051840488908224	0.16031445863414095	0.020112379495969987	0.497925	Chloroflexi bacterium	Bacteria	Chloroflexi		0.5356	0.2	992.0	DUF900;Abhydrolase_6	DUF900	True
AF-A0A523JM69-F1	0.13461378196741203	0.1781287802642405	0.006638447905291635	0.44777500000000003	Gammaproteobacteria bacterium	Bacteria	Proteobacteria	Gammaproteobacteria	0.5599	0.183	856.0	TPR_12;TPR_10;DUF900;Abhydrolase_6	DUF900	True
AF-A0A523JNV7-F1	0.15986970131263645	0.043724868188885935	-0.002103185860021844	0.6238	Gammaproteobacteria bacterium	Bacteria	Proteobacteria	Gammaproteobacteria	0.6522	0.153	629.0	DUF900;Abhydrolase_6	DUF900	True
AF-A0A523L5X8-F1	0.1468987078991482	0.07010853490962411	-0.006317500659161802	0.5833999999999999	Gammaproteobacteria bacterium	Bacteria	Proteobacteria	Gammaproteobacteria	0.6237	0.16	847.0	DUF900	DUF900	True
AF-A0A523MAH9-F1	0.16678047182097347	0.025870322088311498	0.01758336622437136	0.6398999999999999	Gammaproteobacteria bacterium	Bacteria	Proteobacteria	Gammaproteobacteria	0.682	0.155	362.0	DUF900;Abhydrolase_6	DUF900	True
AF-A0A523MPZ4-F1	0.14848928929244454	0.07279513802774103	-0.00656554046322433	0.5690500000000001	Gammaproteobacteria bacterium	Bacteria	Proteobacteria	Gammaproteobacteria	0.6138	0.158	753.0	DUF900	DUF900	True
AF-A0A523NFX8-F1	0.1817722790004774	0.2306482142055747	-0.012802955757048843	0.499975	Planctomycetota bacterium	Bacteria	Planctomycetota		0.5743	0.182	1295.0	DUF900	DUF900	True
AF-A0A523QPI2-F1	-0.3113134497579537	0.05084862805538411	-0.06622928913559038	0.26255	Dehalococcoidia bacterium	Bacteria	Chloroflexi	Dehalococcoidia	0.2684	0.155	2232.0		No Pfam hit	True
AF-A0A523TA11-F1	-0.299916436964435	0.06090192098320325	-0.0723371074357668	0.269775	Dehalococcoidia bacterium	Bacteria	Chloroflexi	Dehalococcoidia	0.2576	0.175	1946.0		No Pfam hit	True
AF-A0A523XYN1-F1	-0.3077201955057067	0.04329513940882482	-0.048294545869617525	0.267725	Candidatus Nealsonbacteria bacterium	Bacteria	Candidatus Nealsonbacteria		0.2579	0.141	2190.0		No Pfam hit	True
AF-A0A523Y7I2-F1	-0.3124261398718093	0.03620786329200138	-0.054337753276934214	0.27185000000000004	Dehalococcoidia bacterium	Bacteria	Chloroflexi	Dehalococcoidia	0.2754	0.14	2136.0		No Pfam hit	True
AF-A0A524HBJ8-F1	-0.2875028268393625	0.05276476146332557	-0.0674974684854549	0.24564999999999998	Dehalococcoidia bacterium	Bacteria	Chloroflexi	Dehalococcoidia	0.2634	0.119	2134.0		No Pfam hit	True
AF-A0A525CT95-F1	0.177429108579183	0.23980373740583855	-0.02143035003128483	0.471775	Desulfobulbaceae bacterium	Bacteria	Proteobacteria	Deltaproteobacteria	0.5574	0.152	1479.0	DUF900	DUF900	True
AF-A0A534NU58-F1	0.18412489965008624	0.11349568753945892	-0.011480352050112112	0.602175	Deltaproteobacteria bacterium	Bacteria	Proteobacteria	Deltaproteobacteria	0.645	0.188	639.0	DUF900	DUF900	True
AF-A0A534TCP2-F1	0.18764654232729658	0.10886615880054132	0.004066212434575577	0.6123999999999999	Deltaproteobacteria bacterium	Bacteria	Proteobacteria	Deltaproteobacteria	0.6519	0.161	793.0	DUF900	DUF900	True
AF-A0A536X4Y0-F1	0.18317899071675442	0.1609855475844479	-0.032351323362169206	0.514875	Betaproteobacteria bacterium	Bacteria	Proteobacteria	Betaproteobacteria	0.5623	0.143	981.0	DUF900;Abhydrolase_6	DUF900	True
AF-A0A536Y0G4-F1	-0.3783272260525264	0.15066423906327306	0.1698711944260875	0.21125	Betaproteobacteria bacterium	Bacteria	Proteobacteria	Betaproteobacteria	0.1935	0.087	2836.0	Peripla_BP_6	Periplasmic binding protein (CL0144)	True
AF-A0A537NBT0-F1	0.14361518194642287	0.01399026841032039	0.03984015755285019	0.6267	Alphaproteobacteria bacterium	Bacteria	Proteobacteria	Alphaproteobacteria	0.6829	0.183	361.0	DUF900	DUF900	True
AF-A0A537QAG4-F1	0.13516426057226058	0.005950625462189596	0.03645161826730521	0.62515	Alphaproteobacteria bacterium	Bacteria	Proteobacteria	Alphaproteobacteria	0.6668	0.183	358.0	DUF900	DUF900	True
AF-A0A537TKZ5-F1	-0.4241192209619975	0.16524994643663568	0.3994492435897263	0.18159999999999998	Alphaproteobacteria bacterium	Bacteria	Proteobacteria	Alphaproteobacteria	0.2261	0.132	2831.0	Peripla_BP_6	Periplasmic binding protein (CL0144)	True
AF-A0A537X5U4-F1	-0.3180130681229182	0.05484029524401389	0.21437791187280525	0.133575	Actinomycetia bacterium	Bacteria	Actinobacteria	Actinomycetia	0.1266	0.147	2819.0	Peripla_BP_6	Periplasmic binding protein (CL0144)	True
AF-A0A538MTH3-F1	0.06000392063955365	-0.3422739000686855	0.1528135272724699	0.5161250000000001	Actinomycetia bacterium	Bacteria	Actinobacteria	Actinomycetia	0.5905	0.117	1117.0		No Pfam hit	True
AF-A0A538NH54-F1	0.16838460613794717	0.03309994952452064	0.020303771973397226	0.533625	Verrucomicrobia bacterium	Bacteria	Verrucomicrobia		0.5465	0.187	557.0	DUF900;Abhydrolase_6	DUF900	True
AF-A0A540VCH7-F1	-0.42640179557567864	0.1483005450346673	0.3937299582919997	0.218125	Litorilinea aerophila	Bacteria	Chloroflexi	Caldilineae	0.1664	0.132	2878.0	Peripla_BP_6;ANF_receptor	Periplasmic binding protein (CL0144)	True
AF-A0A543BZQ8-F1	-0.16996414198796742	0.013687740174645703	-0.1947837523457921	0.4115	Actinoallomurus bryophytorum	Bacteria	Actinobacteria	Actinomycetia	0.4294	0.114	1817.0	Abhydrolase_8	Other α/β hydrolase (CL0028)	True
AF-A0A543IC44-F1	-0.14558468528455767	-0.012266227043981242	-0.202926169859023	0.44825000000000004	Actinomadura hallensis	Bacteria	Actinobacteria	Actinomycetia	0.4613	0.157	1664.0	Abhydrolase_8	Other α/β hydrolase (CL0028)	True
AF-A0A543IC75-F1	-0.1322625498857735	-0.005121860046561823	-0.22653241991683012	0.44530000000000003	Actinomadura hallensis	Bacteria	Actinobacteria	Actinomycetia	0.4717	0.17	1493.0	Abhydrolase_8	Other α/β hydrolase (CL0028)	True
AF-A0A544QP56-F1	0.05731242394443415	-0.1681887110955935	-0.009935602902539555	0.7094	Halonotius roseus	Archaea	Euryarchaeota	Halobacteria	0.7241	0.242	302.0	DUF900;DUF726	DUF900	True
AF-A0A545AJ01-F1	-0.4140948652591358	0.1135607040166617	0.3738325296584359	0.11707999999999999	Cryptosporangium phraense	Bacteria	Actinobacteria	Actinomycetia	0.1612	0.094	2848.0	HSP70;Peripla_BP_6	Periplasmic binding protein (CL0144)	True
AF-A0A545SNA1-F1	0.14751267084172556	0.1940330554820444	-0.02927611295530105	0.45177500000000004	Aliiroseovarius halocynthiae	Bacteria	Proteobacteria	Alphaproteobacteria	0.5471	0.151	1207.0	Pentapeptide;DUF900	DUF900	True
AF-A0A546XI12-F1	0.14247207239905807	0.1663032588034366	-0.018456394294025687	0.5194000000000001	Agrobacterium rhizogenes	Bacteria	Proteobacteria	Alphaproteobacteria	0.6123	0.144	1189.0	DUF900;Abhydrolase_6	DUF900	True
AF-A0A546Y6P4-F1	0.13897347554293651	0.15026822046391833	-0.020956429764434768	0.50215	Agrobacterium tumefaciens	Bacteria	Proteobacteria	Alphaproteobacteria	0.6094	0.141	1299.0	DUF900;Abhydrolase_6	DUF900	True
AF-A0A547LE70-F1	-0.16006342895874331	-0.02894316460172189	0.005287652196002227	0.361375	Mesorhizobium sp. WSM4315	Bacteria	Proteobacteria	Alphaproteobacteria	0.3741	0.149	2201.0		No Pfam hit	True
AF-A0A549SZ59-F1	0.1237375133063457	0.1482811821541224	-0.019496285285028347	0.512275	Rhizobium straminoryzae	Bacteria	Proteobacteria	Alphaproteobacteria	0.6243	0.136	877.0	DUF900;Abhydrolase_6	DUF900	True
AF-A0A551Y1Y1-F1	0.20390393774035967	0.08038975121709346	0.02453373455294511	0.606275	Microcystis aeruginosa Ma_QC_C_20070703_M131	Bacteria	Cyanobacteria		0.6284	0.17	664.0	DUF900	DUF900	True
AF-A0A552E1R1-F1	0.21570076843239686	0.08782537748596729	0.015805824692038492	0.602675	Microcystis aeruginosa Ma_QC_B_20070730_S2	Bacteria	Cyanobacteria		0.6602	0.141	850.0	DUF900	DUF900	True
AF-A0A552H524-F1	0.20894485658975737	0.07971749383087061	0.0261331860066325	0.601675	Microcystis viridis Mv_BB_P_19951000_S68D	Bacteria	Cyanobacteria		0.6377	0.141	945.0	DUF900	DUF900	True
AF-A0A552LN88-F1	0.2132323142206473	0.07779178816242753	0.030670512174038544	0.5898	Microcystis wesenbergii Mw_MB_S_20031200_S109D	Bacteria	Cyanobacteria		0.6165	0.153	794.0	DUF900	DUF900	True
AF-A0A558G7K0-F1	0.08484989196963083	-0.18643029175251316	0.0015467835044702541	0.9337	Haloferax volcanii	Archaea	Euryarchaeota	Halobacteria	0.9336	0.703	22.0		No Pfam hit	True
AF-A0A559QUV8-F1	-0.06410721224942237	-0.14693252719639263	0.046270195000219144	0.488925	Alteromonadaceae bacterium 2753L.S.0a.02	Bacteria	Proteobacteria	Gammaproteobacteria	0.6332	0.152	873.0		No Pfam hit	True
AF-A0A559QW50-F1	0.16613542859921762	0.09147422790599498	0.009193953769809313	0.543425	Alteromonadaceae bacterium 2753L.S.0a.02	Bacteria	Proteobacteria	Gammaproteobacteria	0.5625	0.185	363.0	DUF900	DUF900	True
AF-A0A559RMR7-F1	0.026590190432739535	-0.11297418077559282	0.09388620791008025	0.464775	Dokdonia sp. Hel1_53	Bacteria	Bacteroidota	Flavobacteriia	0.5096	0.19	1240.0	DUF900	DUF900	True
AF-A0A560LBH4-F1	0.1341534872380001	0.17206459489006895	-0.022714059956839696	0.49535	Rhizobium sp. ERR 942	Bacteria	Proteobacteria	Alphaproteobacteria	0.568	0.165	894.0	DUF900;Abhydrolase_6	DUF900	True
AF-A0A562L794-F1	0.1628041260796427	0.2460261107483316	-0.004393031111127188	0.4823	Luteimonas cucumeris	Bacteria	Proteobacteria	Gammaproteobacteria	0.5647	0.125	1474.0	DUF900	DUF900	True
AF-A0A562MT24-F1	0.02728891995931345	-0.059790303469913784	0.07568867011464545	0.46055	Sphingobacterium siyangense	Bacteria	Bacteroidota	Sphingobacteriia	0.491	0.135	1383.0	DUF900	DUF900	True
AF-A0A562UH57-F1	0.018983727822764796	-0.03845662519979465	0.05701792385383825	0.36565000000000003	Mucilaginibacter frigoritolerans	Bacteria	Bacteroidota	Sphingobacteriia	0.4157	0.148	1596.0		No Pfam hit	True
AF-A0A5A7WQL0-F1	-0.2768697716076156	0.011049015719986392	-0.25738587995099377	0.38615	Mycolicibacterium sp. P9-64	Bacteria	Actinobacteria	Actinomycetia	0.4029	0.159	1850.0	Cutinase	Other α/β hydrolase (CL0028)	True
AF-A0A5A7YUS0-F1	-0.2908438777611171	-0.0014637738650306513	-0.2532688299497054	0.387125	Mycolicibacterium sp. P9-22	Bacteria	Actinobacteria	Actinomycetia	0.36	0.159	1860.0	Cutinase	Other α/β hydrolase (CL0028)	True
AF-A0A5A7ZGQ7-F1	-0.27173730472551383	0.02952009085477853	-0.24598565788825097	0.386075	Mycolicibacterium sp. P9-22	Bacteria	Actinobacteria	Actinomycetia	0.3728	0.128	1920.0	Cutinase	Other α/β hydrolase (CL0028)	True
AF-A0A5B0IBP8-F1	-0.1742351024416214	-0.020660069913415475	-0.1513117080943301	0.3288	Pseudonocardia sp. EV170527-09	Bacteria	Actinobacteria	Actinomycetia	0.4037	0.152	1807.0	Abhydrolase_8	Other α/β hydrolase (CL0028)	True
AF-A0A5B0WHY0-F1	0.13822982979331824	0.1677088610627983	-0.01448722390436928	0.494125	Rhizobium tropici	Bacteria	Proteobacteria	Alphaproteobacteria	0.5575	0.159	948.0	DUF900;Abhydrolase_6	DUF900	True
AF-A0A5B6TT52-F1	-0.15629453614161193	-0.009505152261520811	-0.0007950817686734579	0.391	Mesorhizobium sp. SARCC-RB16n	Bacteria	Proteobacteria	Alphaproteobacteria	0.3793	0.126	2198.0		No Pfam hit	True
AF-A0A5B7SP49-F1	-0.007749392959808893	-0.10268240235300172	0.05069242638027232	0.49092500000000006	Aggregatimonas sangjinii	Bacteria	Bacteroidota	Flavobacteriia	0.5253	0.195	1426.0	DUF900	DUF900	True
AF-A0A5B8L5M6-F1	0.14987521123339606	0.19510571995897902	-0.03656653619464218	0.4365	Nitratireductor sp. SY7	Bacteria	Proteobacteria	Alphaproteobacteria	0.5491	0.171	1302.0	Pentapeptide;DUF900	DUF900	True
AF-A0A5B8N313-F1	0.15728766952500958	0.03860882550408734	0.010708482253217341	0.581025	Noviherbaspirillum sp. UKPF54	Bacteria	Proteobacteria	Betaproteobacteria	0.5966	0.167	562.0	DUF900	DUF900	True
AF-A0A5B9MFP4-F1	0.08553148735579637	-0.12550043717028517	0.033466190005786337	0.56115	Stieleria maiorica	Bacteria	Planctomycetota	Planctomycetia	0.6292	0.185	772.0		No Pfam hit	True
AF-A0A5B9PAE4-F1	0.04267702952221355	-0.060259946207786644	0.0358641749615734	0.46259999999999996	Mariniblastus fucicola	Bacteria	Planctomycetota	Planctomycetia	0.5513	0.145	1521.0		No Pfam hit	True
AF-A0A5B9PB13-F1	0.1620445799288213	0.208526595516099	0.016087112799994505	0.5299	Mariniblastus fucicola	Bacteria	Planctomycetota	Planctomycetia	0.6087	0.155	917.0	DUF900	DUF900	True
AF-A0A5B9QAJ8-F1	0.08530425662987956	-0.08323340241877293	0.005041862854435495	0.5899749999999999	Bythopirellula goksoeyrii	Bacteria	Planctomycetota	Planctomycetia	0.6215	0.156	726.0	DUF900	DUF900	True
AF-A0A5B9R1W9-F1	0.08561134851883248	-0.14426175839576108	0.04055458993470759	0.591075	Roseimaritima ulvae	Bacteria	Planctomycetota	Planctomycetia	0.6301	0.16	453.0		No Pfam hit	True
AF-A0A5C4JCJ2-F1	-0.14628596888889012	0.0026813115108216216	-0.22924312791417867	0.431875	Actinomadura soli	Bacteria	Actinobacteria	Actinomycetia	0.4625	0.152	1621.0	Abhydrolase_8	Other α/β hydrolase (CL0028)	True
AF-A0A5C4JDM0-F1	-0.14004095615190154	-0.018748837586847082	-0.19300868261489773	0.43674999999999997	Actinomadura soli	Bacteria	Actinobacteria	Actinomycetia	0.461	0.15	1640.0	Abhydrolase_8	Other α/β hydrolase (CL0028)	True
AF-A0A5C5CQV5-F1	0.1485150505147538	0.15935889324066682	-0.024966420718726828	0.532975	Brucella pecoris	Bacteria	Proteobacteria	Alphaproteobacteria	0.6107	0.153	1210.0	DUF900;Abhydrolase_6	DUF900	True
AF-A0A5C5R8T9-F1	-0.2806794819981746	-0.007365069446617065	-0.2009417655968048	0.39597499999999997	Tsukamurella asaccharolytica	Bacteria	Actinobacteria	Actinomycetia	0.3522	0.125	1900.0	Cutinase	Other α/β hydrolase (CL0028)	True
AF-A0A5C5RUQ7-F1	-0.2669059535977007	-0.006886721367099876	-0.18949031202989813	0.416425	Tsukamurella sputi	Bacteria	Actinobacteria	Actinomycetia	0.3685	0.14	1956.0	Cutinase	Other α/β hydrolase (CL0028)	True
AF-A0A5C5S357-F1	-0.2640909733075362	-0.002300805759608134	-0.19295258957534842	0.398325	Tsukamurella conjunctivitidis	Bacteria	Actinobacteria	Actinomycetia	0.3781	0.139	1935.0	Cutinase	Other α/β hydrolase (CL0028)	True
AF-A0A5C5SL07-F1	0.19828979015908313	0.10502698779504546	-0.010141966192451514	0.57205	Reyranella sp. CPCC 100927	Bacteria	Proteobacteria	Alphaproteobacteria	0.634	0.123	923.0	DUF900	DUF900	True
AF-A0A5C5U3Y3-F1	-0.14860177961971716	-0.02407232519967696	-0.1903814404070064	0.41252500000000003	Luteimonas marina	Bacteria	Proteobacteria	Gammaproteobacteria	0.4719	0.135	1862.0	Abhydrolase_8	Other α/β hydrolase (CL0028)	True
AF-A0A5C5UXB0-F1	0.07940787792675102	-0.1151881279982528	0.0156289660771542	0.57145	Blastopirellula retiformator	Bacteria	Planctomycetota	Planctomycetia	0.6574	0.152	666.0		No Pfam hit	True
AF-A0A5C5V1N1-F1	0.10096791596720855	0.16382054746848768	-0.01833184337104318	0.41435	Blastopirellula retiformator	Bacteria	Planctomycetota	Planctomycetia	0.5871	0.179	939.0	DUF900	DUF900	True
AF-A0A5C5VHY6-F1	0.08024310558892413	-0.1134186776256816	0.027223032298025827	0.57555	Posidoniimonas corsicana	Bacteria	Planctomycetota	Planctomycetia	0.6285	0.167	845.0		No Pfam hit	True
AF-A0A5C5W8A2-F1	0.08457401544359877	-0.1256870460575651	-0.009148689672587806	0.582775	Botrimarina hoheduenensis	Bacteria	Planctomycetota	Planctomycetia	0.6629	0.173	678.0		No Pfam hit	True
AF-A0A5C5WWN7-F1	0.10708173101250512	-0.12816770953072176	0.012529321449577812	0.5897	Rubripirellula amarantea	Bacteria	Planctomycetota	Planctomycetia	0.6313	0.126	535.0		No Pfam hit	True
AF-A0A5C5X439-F1	0.09602593540919384	-0.11413312757185275	0.025020677463983607	0.5827	Thalassoglobus neptunius	Bacteria	Planctomycetota	Planctomycetia	0.6503	0.173	623.0	DUF900	DUF900	True
AF-A0A5C5XKI8-F1	0.10801984935138266	-0.11064198743629497	0.03385333492668527	0.60275	Rubinisphaera italica	Bacteria	Planctomycetota	Planctomycetia	0.6822	0.16	349.0		No Pfam hit	True
AF-A0A5C5Y0G7-F1	0.06455335550469371	-0.1525529738544792	0.01611291331270006	0.6057	Crateriforma conspicua	Bacteria	Planctomycetota	Planctomycetia	0.6634	0.16	482.0		No Pfam hit	True
AF-A0A5C5YE44-F1	0.11259952427483477	-0.1030627243744237	0.039806990968055796	0.5782499999999999	Rhodopirellula solitaria	Bacteria	Planctomycetota	Planctomycetia	0.6189	0.173	798.0	DUF900	DUF900	True
AF-A0A5C5YJ93-F1	0.07306575960016153	-0.1413744023694221	0.029574656892749674	0.5509	Rhodopirellula solitaria	Bacteria	Planctomycetota	Planctomycetia	0.6548	0.133	539.0		No Pfam hit	True
AF-A0A5C5YTZ2-F1	0.07854195839575683	-0.11890578782246083	0.024790806226325575	0.5608	Posidoniimonas polymericola	Bacteria	Planctomycetota	Planctomycetia	0.6198	0.172	738.0		No Pfam hit	True
AF-A0A5C5YY41-F1	0.09943299128785296	-0.10997423861135106	0.01802795909293795	0.60555	Planctomycetes bacterium CA13	Bacteria	Planctomycetota		0.6698	0.181	513.0	DUF900	DUF900	True
AF-A0A5C5ZZE5-F1	0.09626299068980232	-0.13021921193787006	0.010704910296890996	0.561275	Botrimarina colliarenosi	Bacteria	Planctomycetota	Planctomycetia	0.5977	0.176	905.0		No Pfam hit	True
AF-A0A5C6A0V2-F1	0.08524021958029541	-0.1483718594852746	0.030631562902679453	0.609375	Rhodopirellula pilleata	Bacteria	Planctomycetota	Planctomycetia	0.6602	0.146	537.0		No Pfam hit	True
AF-A0A5C6AR44-F1	0.13709084151528395	-0.09754898218438135	0.040684345605483854	0.611325	Rhodopirellula pilleata	Bacteria	Planctomycetota	Planctomycetia	0.6247	0.173	681.0	DUF900	DUF900	True
AF-A0A5C6AU49-F1	0.09014087209196826	-0.14335861279759846	0.01412940670416048	0.64995	Stieleria varia	Bacteria	Planctomycetota	Planctomycetia	0.6705	0.165	345.0		No Pfam hit	True
AF-A0A5C6BCT2-F1	-0.4042514113651909	0.12124874214289794	0.394440228479539	0.17352499999999998	Symmachiella macrocystis	Bacteria	Planctomycetota	Planctomycetia	0.241	0.126	2787.0	Pkinase;PK_Tyr_Ser-Thr;Peripla_BP_6	Periplasmic binding protein (CL0144)	True
AF-A0A5C6BG92-F1	0.09031161419812708	-0.13816857810963218	0.012569207113620785	0.5607	Planctomycetes bacterium Poly21	Bacteria	Planctomycetota		0.6506	0.129	628.0		No Pfam hit	True
AF-A0A5C6BT84-F1	0.10376383625760054	-0.12225138815919745	0.04956284581059925	0.5764750000000001	Symmachiella macrocystis	Bacteria	Planctomycetota	Planctomycetia	0.6483	0.164	501.0		No Pfam hit	True
AF-A0A5C6C5U7-F1	0.10964246606361433	-0.10378841315016761	0.02610477275841272	0.56015	Planctomycetes bacterium Poly21	Bacteria	Planctomycetota		0.6246	0.187	785.0		No Pfam hit	True
AF-A0A5C6CH24-F1	0.09109732219593797	-0.11286326695715414	0.03086013671549635	0.614975	Novipirellula galeiformis	Bacteria	Planctomycetota	Planctomycetia	0.6619	0.134	445.0	DUF900	DUF900	True
AF-A0A5C6CI88-F1	0.12658670843779815	-0.11142590668604198	0.01122435457678615	0.62805	Novipirellula galeiformis	Bacteria	Planctomycetota	Planctomycetia	0.6804	0.161	354.0		No Pfam hit	True
AF-A0A5C6CWQ2-F1	0.06870643115017899	-0.09017271895468018	-0.0006604372685366184	0.5619000000000001	Bythopirellula polymerisocia	Bacteria	Planctomycetota	Planctomycetia	0.6381	0.155	815.0		No Pfam hit	True
AF-A0A5C6DBS6-F1	0.1025876912689368	-0.10529238737332626	0.03166540187958895	0.56805	Novipirellula aureliae	Bacteria	Planctomycetota	Planctomycetia	0.6495	0.152	718.0	DUF900	DUF900	True
AF-A0A5C6DQU9-F1	0.09173906952679972	-0.12437205664634937	0.0357895727427547	0.60055	Novipirellula artificiosorum	Bacteria	Planctomycetota	Planctomycetia	0.6632	0.163	385.0	DUF900	DUF900	True
AF-A0A5C6FK69-F1	0.06278493646647101	-0.1488215954850563	0.029826244169380213	0.5614	Crateriforma conspicua	Bacteria	Planctomycetota	Planctomycetia	0.6069	0.152	515.0		No Pfam hit	True
AF-A0A5C6FMU1-F1	0.11112319029122812	-0.1286022352177899	0.02612348752645613	0.611525	Rubripirellula tenax	Bacteria	Planctomycetota	Planctomycetia	0.6579	0.161	378.0		No Pfam hit	True
AF-A0A5C7FB40-F1	-0.009320938775572732	-0.03873412975330622	0.01004326623471802	0.43995	Chryseobacterium sp. legu1	Bacteria	Bacteroidota	Flavobacteriia	0.4948	0.164	1504.0		No Pfam hit	True
AF-A0A5C7Z4E3-F1	0.19188430217167718	0.09787119803201366	-0.005354128770883018	0.59875	Cyclobacteriaceae bacterium	Bacteria	Bacteroidota	Cytophagia	0.6027	0.179	809.0	DUF900	DUF900	True
AF-A0A5C8NJ05-F1	-0.26702740056963853	-0.011637516318102038	-0.20371869450315427	0.400775	Aeromicrobium terrae	Bacteria	Actinobacteria	Actinomycetia	0.3937	0.138	1959.0	Cutinase	Other α/β hydrolase (CL0028)	True
AF-A0A5C8PNU3-F1	0.199504180355557	0.10947615138596713	-0.0036978374279282573	0.5590250000000001	Vineibacter terrae	Bacteria	Proteobacteria	Alphaproteobacteria	0.6335	0.123	870.0	DUF900	DUF900	True
AF-A0A5D0N1U3-F1	-0.1371981875197859	-0.01084040065876421	-0.20337180893928078	0.4576	Actinomadura chibensis	Bacteria	Actinobacteria	Actinomycetia	0.4603	0.155	1620.0	Abhydrolase_8	Other α/β hydrolase (CL0028)	True
AF-A0A5D0N202-F1	-0.14081175272938667	0.010491291810087901	-0.22284926530118904	0.3966	Actinomadura chibensis	Bacteria	Actinobacteria	Actinomycetia	0.4212	0.159	1682.0	Abhydrolase_8	Other α/β hydrolase (CL0028)	True
AF-A0A5D0TRF1-F1	-0.1337917017251811	0.01819796920432358	-0.22576788389182026	0.4266	Actinomadura syzygii	Bacteria	Actinobacteria	Actinomycetia	0.441	0.165	1698.0	Abhydrolase_8	Other α/β hydrolase (CL0028)	True
AF-A0A5D0TSK7-F1	-0.15083444896916573	-0.01329767403895345	-0.20706461306379728	0.44515	Actinomadura syzygii	Bacteria	Actinobacteria	Actinomycetia	0.4583	0.177	1665.0	Abhydrolase_8	Other α/β hydrolase (CL0028)	True
AF-A0A5D0VFP8-F1	0.16704199258372474	0.2409668995099895	-0.026449990922288006	0.458975	Marinobacter sp. BW6	Bacteria	Proteobacteria	Gammaproteobacteria	0.5472	0.152	1652.0	DUF900	DUF900	True
AF-A0A5D3FE49-F1	-0.15217638891763116	-0.010383578108734727	-0.21176066465372728	0.4438	Actinomadura decatromicini	Bacteria	Actinobacteria	Actinomycetia	0.4511	0.174	1677.0	Abhydrolase_8	Other α/β hydrolase (CL0028)	True
AF-A0A5D3K5A8-F1	0.1602231217520393	0.1680323336852082	-0.004580413450559344	0.5222249999999999	Bradyrhizobium rifense	Bacteria	Proteobacteria	Alphaproteobacteria	0.5557	0.18	950.0	DUF900;Abhydrolase_6	DUF900	True
AF-A0A5D3KN19-F1	0.09073276659578439	0.17005981089276836	-0.009713801032663111	0.39625	Bradyrhizobium rifense	Bacteria	Proteobacteria	Alphaproteobacteria	0.5277	0.208	866.0	DUF900;Abhydrolase_6	DUF900	True
AF-A0A5D4XEV1-F1	-0.1528054734816643	-0.007036587292939239	-0.1935715965385955	0.428425	Luteimonas viscosa	Bacteria	Proteobacteria	Gammaproteobacteria	0.4753	0.124	1761.0	Abhydrolase_8	Other α/β hydrolase (CL0028)	True
AF-A0A5F1SC82-F1	0.1396220014775403	0.182700929070235	-0.03489792878432894	0.5022	Rhizobium sp. SEMIA 4088	Bacteria	Proteobacteria	Alphaproteobacteria	0.5747	0.165	1118.0	DUF900;Abhydrolase_6	DUF900	True
AF-A0A5J4DVH6-F1	0.07419136197036895	-0.18394581653301556	0.020047153552757012	0.7895	archaeon MnTg01	Archaea			0.722	0.242	151.0	DUF900;DUF676;Cutinase;DUF726	DUF900	True
AF-A0A5J5L401-F1	0.04568653546651458	-0.15346008054606852	-0.002405745481070031	0.718025	Haloarcula sp. CBA1129	Archaea	Euryarchaeota	Halobacteria	0.7076	0.265	315.0	DUF726;DUF900	DUF900	True
AF-A0A5J5LDV1-F1	0.08207464975201871	-0.15229458173304466	0.011582430875890847	0.799475	Haloarcula sp. CBA1129	Archaea	Euryarchaeota	Halobacteria	0.7855	0.319	77.0	DUF900;DUF726	DUF900	True
AF-A0A5J5LE24-F1	0.02859465700558374	-0.15154396157808261	-0.014483181195114695	0.72265	Haloarcula hispanica	Archaea	Euryarchaeota	Halobacteria	0.7194	0.253	322.0	DUF726;DUF900	DUF900	True
AF-A0A5J5LPB7-F1	0.08203421268559023	-0.16195367171400324	0.016146876691890497	0.779975	Haloarcula hispanica	Archaea	Euryarchaeota	Halobacteria	0.7902	0.328	79.0	DUF900;DUF726	DUF900	True
AF-A0A5J5LSW8-F1	0.2104453661362619	0.0806917173853582	0.0075188316325961275	0.59045	Microcystis aeruginosa EAWAG127a	Bacteria	Cyanobacteria		0.6333	0.128	890.0	DUF900	DUF900	True
AF-A0A5J6MGX2-F1	0.2046601018773396	0.11630848448439857	-0.0028404982389110714	0.5905	Hypericibacter terrae	Bacteria	Proteobacteria	Alphaproteobacteria	0.6421	0.151	789.0	DUF900;Abhydrolase_6	DUF900	True
AF-A0A5J6MUL3-F1	0.2144142971775104	0.11504044635256364	0.025102696730941294	0.6009749999999999	Hypericibacter adhaerens	Bacteria	Proteobacteria	Alphaproteobacteria	0.6482	0.139	928.0	DUF900	DUF900	True
AF-A0A5J6U0E4-F1	-0.13168956455066386	-0.014651214484197969	-0.2074766339692504	0.433925	Actinomadura sp. WMMB 499	Bacteria	Actinobacteria	Actinomycetia	0.4279	0.174	1672.0	Abhydrolase_8	Other α/β hydrolase (CL0028)	True
AF-A0A5K7XCT5-F1	0.09686828614964085	-0.11012656187465084	0.017266915295439653	0.584475	Lacipirellula parvula	Bacteria	Planctomycetota	Planctomycetia	0.6404	0.132	524.0		No Pfam hit	True
AF-A0A5M4FDI1-F1	-0.27539880686501084	-0.006406593076723406	-0.21437497674302194	0.35945000000000005	Aeromicrobium ginsengisoli	Bacteria	Actinobacteria	Actinomycetia	0.3542	0.132	1945.0	Cutinase	Other α/β hydrolase (CL0028)	True
AF-A0A5M6CGN8-F1	0.028543688070254015	-0.06327413703175772	0.07170551858021883	0.438075	Flavobacterium baculatum	Bacteria	Bacteroidota	Flavobacteriia	0.4668	0.141	1314.0	DUF900	DUF900	True
AF-A0A5M6CP54-F1	0.12036883529776488	0.16557111075739853	-0.006321721484866239	0.443275	Taibaiella lutea	Bacteria	Bacteroidota	Chitinophagia	0.5678	0.179	1236.0	DUF900;DUF676	DUF900	True
AF-A0A5M6CUQ3-F1	0.16845701235675284	0.16449786063485672	-0.015208549896558198	0.46692500000000003	Adhaeribacter rhizoryzae	Bacteria	Bacteroidota	Cytophagia	0.5664	0.131	1152.0	TSP_3;DUF900	DUF900	True
AF-A0A5M6CZR4-F1	0.09967762798949079	-0.12712825801523986	0.0516939617309609	0.568675	Roseiconus nitratireducens	Bacteria	Planctomycetota	Planctomycetia	0.6471	0.177	399.0	DUF900	DUF900	True
AF-A0A5M7C812-F1	-0.26519693741050127	-0.00527849161778361	-0.12998737551342648	0.332375	Saccharopolyspora hirsuta	Bacteria	Actinobacteria	Actinomycetia	0.3409	0.128	2210.0	Cutinase;PE-PPE	Other α/β hydrolase (CL0028)	True
AF-A0A5M8FRC8-F1	0.15212142237306456	0.1580682788492607	0.036663121383154695	0.5367	Thiohalocapsa marina	Bacteria	Proteobacteria	Gammaproteobacteria	0.5462	0.211	1242.0	DUF900	DUF900	True
AF-A0A5N0DMQ9-F1	-0.3551438479643614	0.026806143685220832	-0.13775727876634872	0.245075	Nocardia colli	Bacteria	Actinobacteria	Actinomycetia	0.3305	0.154	2466.0	Cutinase	Other α/β hydrolase (CL0028)	True
AF-A0A5N1KY53-F1	0.04139157873596279	-0.14840393637564175	-0.0051486432334641305	0.72	Haloarcula sp. CBA1130	Archaea	Euryarchaeota	Halobacteria	0.7114	0.247	286.0	DUF726;DUF900	DUF900	True
AF-A0A5N1L6D8-F1	0.08183099230699839	-0.1473864573222907	0.018852130751468087	0.791625	Haloarcula sp. CBA1130	Archaea	Euryarchaeota	Halobacteria	0.7792	0.332	87.0	DUF900;DUF726	DUF900	True
AF-A0A5N1LGX1-F1	0.0324603252624858	-0.16415403068965298	-0.007599572810157642	0.71975	Haloarcula sp. CBA1131	Archaea	Euryarchaeota	Halobacteria	0.7045	0.258	334.0	DUF726;DUF900	DUF900	True
AF-A0A5N5E6V8-F1	-0.3936062924994261	0.019935356752241683	-0.18646839216728137	0.23507499999999998	Rhodococcus erythropolis	Bacteria	Actinobacteria	Actinomycetia	0.2809	0.14	2373.0	Cutinase	Other α/β hydrolase (CL0028)	True
AF-A0A5N6AEJ3-F1	-0.4160151678295354	0.14393048333070232	0.37155776780596494	0.155135	Streptomyces mimosae	Bacteria	Actinobacteria	Actinomycetia	0.2112	0.113	2847.0	Pkinase;Peripla_BP_6;ANF_receptor	Periplasmic binding protein (CL0144)	True
AF-A0A5N8XAN0-F1	-0.4060465318967199	0.1636284312096047	0.3944929829881656	0.16335	Streptomyces spongiae	Bacteria	Actinobacteria	Actinomycetia	0.2194	0.133	2726.0	Pkinase;PK_Tyr_Ser-Thr;Peripla_BP_6	Periplasmic binding protein (CL0144)	True
AF-A0A5P5ZP49-F1	0.03834243843357347	-0.09944688196750284	0.06534234422337071	0.4888	Chryseobacterium sp.	Bacteria	Bacteroidota	Flavobacteriia	0.5092	0.191	1215.0	DUF900	DUF900	True
AF-A0A5P9F4F4-F1	0.1592373242937997	0.04653854565926362	-0.02073727410753972	0.667925	Sulfitobacter sp. THAF37	Bacteria	Proteobacteria	Alphaproteobacteria	0.666	0.202	342.0	DUF900;Abhydrolase_6	DUF900	True
AF-A0A5Q0GCN8-F1	0.04933433641675247	-0.07419997708189112	-0.029271944354906754	0.5902000000000001	Anabaena sp. YBS01	Bacteria	Cyanobacteria		0.6631	0.117	397.0	DUF900	DUF900	True
AF-A0A5Q0UT33-F1	0.12664849759651065	-0.11605097094164947	0.1522420466559965	0.5042	Halomicrobium sp. LC1Hm	Archaea	Euryarchaeota	Halobacteria	0.3728	0.323	987.0		No Pfam hit	True
AF-A0A5Q2MLA0-F1	-0.2911396107504487	-0.02906535642956135	-0.23185805475430254	0.43595	Aeromicrobium yanjiei	Bacteria	Actinobacteria	Actinomycetia	0.4112	0.141	1890.0	Cutinase	Other α/β hydrolase (CL0028)	True
AF-A0A5Q2RJW9-F1	-0.19041092269746537	0.028047693975254858	-0.053589054921010196	0.26075000000000004	Actinomarinicola tropica	Bacteria	Actinobacteria	Acidimicrobiia	0.4235	0.129	2020.0	Peptidase_M23;Abhydrolase_8	Other α/β hydrolase (CL0028)	True
AF-A0A5Q3L9V2-F1	0.08541280305901253	-0.1243792027629503	0.0016718627019037847	0.61545	Planctomycetales bacterium 10988	Bacteria	Planctomycetota	Planctomycetia	0.6296	0.156	813.0		No Pfam hit	True
AF-A0A5Q4GQS9-F1	0.09897433044748324	-0.12521801646941308	0.022169813448371222	0.5512250000000001	Planctomycetaceae bacterium	Bacteria	Planctomycetota	Planctomycetia	0.6279	0.167	659.0		No Pfam hit	True
AF-A0A5Q5BT53-F1	-0.37858104302913786	0.03571121422507407	-0.16448675444296468	0.22752499999999998	Mycobacterium sp. MCS	Bacteria	Actinobacteria	Actinomycetia	0.2407	0.133	2598.0	Cutinase	Other α/β hydrolase (CL0028)	True
AF-A0A5R8QIT7-F1	0.10081962548840391	0.12630592610643834	-0.03771230249187386	0.511075	Methylocystis sp. B8	Bacteria	Proteobacteria	Alphaproteobacteria	0.588	0.128	1328.0	DUF900	DUF900	True
AF-A0A5S4H0D3-F1	-0.1445885343524777	0.010786821227800997	-0.2091714043623517	0.4562	Actinomadura geliboluensis	Bacteria	Actinobacteria	Actinomycetia	0.4749	0.151	1693.0	Abhydrolase_8	Other α/β hydrolase (CL0028)	True
AF-A0A5S4H0Q4-F1	-0.1588023064113925	0.010084399073162022	-0.2351491310518106	0.3986	Actinomadura geliboluensis	Bacteria	Actinobacteria	Actinomycetia	0.418	0.161	1699.0	Abhydrolase_8	Other α/β hydrolase (CL0028)	True
AF-A0A5S9F3C5-F1	0.06127161555328516	-0.06705992467180807	0.04272549028261926	0.511175	Candidatus Uabimicrobium amorphum	Bacteria	Planctomycetota	Candidatus Uabimicrobiia	0.5772	0.177	632.0		No Pfam hit	True
AF-A0A5S9RAH6-F1	-0.278364055597146	0.009137471126258364	-0.23656078116977783	0.42215	Mycolicibacterium vanbaalenii	Bacteria	Actinobacteria	Actinomycetia	0.3915	0.154	1798.0	Cutinase	Other α/β hydrolase (CL0028)	True
AF-A0A640VKA1-F1	0.004702260765081536	-0.04891999591676219	-0.005803111191879804	0.5086999999999999	Roseobacter cerasinus	Bacteria	Proteobacteria	Alphaproteobacteria	0.5155	0.153	1196.0		No Pfam hit	True
AF-A0A640VY80-F1	0.17072482531858202	0.03982577121339335	0.011359349988504587	0.636375	Roseobacter cerasinus	Bacteria	Proteobacteria	Alphaproteobacteria	0.6192	0.158	374.0	DUF900;Abhydrolase_6	DUF900	True
AF-A0A641ALH1-F1	-0.2657138181801569	-0.030002304794606312	-0.206554762507537	0.388125	Aeromicrobium fastidiosum	Bacteria	Actinobacteria	Actinomycetia	0.3271	0.157	2057.0	Cutinase	Other α/β hydrolase (CL0028)	True
AF-A0A651I595-F1	0.1254297238518918	0.12014962298667556	-0.038706579875209486	0.5637	Phycisphaerales bacterium	Bacteria	Planctomycetota	Phycisphaerae	0.5699	0.179	1293.0	DUF900	DUF900	True
AF-A0A652YI02-F1	-0.37861648806510123	0.02135611446300684	-0.15283882932256404	0.23004999999999998	Nocardia globerula	Bacteria	Actinobacteria	Actinomycetia	0.2968	0.135	2168.0	Cutinase	Other α/β hydrolase (CL0028)	True
AF-A0A653E2R9-F1	0.1747557550333062	0.2555222857339017	-0.026943284922986536	0.49067500000000003	Pseudomonas marincola	Bacteria	Proteobacteria	Gammaproteobacteria	0.5344	0.17	1587.0	DUF900	DUF900	True
AF-A0A653LVC5-F1	-0.2914307306724093	0.0023254652465872156	-0.20866616888696915	0.36214999999999997	Aeromicrobium sp. 9AM	Bacteria	Actinobacteria	Actinomycetia	0.324	0.177	2015.0	Cutinase	Other α/β hydrolase (CL0028)	True
AF-A0A653V217-F1	0.17291988527504137	0.2336304282481613	-0.02188482107962443	0.475425	Pseudomonas sp. 8BK	Bacteria	Proteobacteria	Gammaproteobacteria	0.5465	0.182	1550.0	DUF900	DUF900	True
AF-A0A654BXP1-F1	0.1765772290969608	0.22933570754585633	-0.01890940874868949	0.468775	Pseudomonas sp. 9AZ	Bacteria	Proteobacteria	Gammaproteobacteria	0.5592	0.188	1467.0	DUF900	DUF900	True
AF-A0A654DM30-F1	0.031810672822385706	-0.06700754621245394	0.07936536225330004	0.46799999999999997	Sphingobacterium multivorum	Bacteria	Bacteroidota	Sphingobacteriia	0.4905	0.139	1227.0	DUF900	DUF900	True
AF-A0A654LUD5-F1	0.05148657648446555	-0.22629535673226975	0.0546038281898483	0.641125	Candidatus Nitrosocosmicus oleophilus	Archaea	Thaumarchaeota	Nitrososphaeria	0.6959	0.243	261.0	DUF900	DUF900	True
AF-A0A654M5S1-F1	0.04510037818932252	-0.22022876503112312	0.028423248055354688	0.705675	Candidatus Nitrosocosmicus oleophilus	Archaea	Thaumarchaeota	Nitrososphaeria	0.7802	0.276	72.0	DUF900	DUF900	True
AF-A0A660SDA1-F1	0.16672128815723852	0.22652274148136295	0.0016962304872979747	0.5104	Spirochaetes bacterium	Bacteria	Spirochaetes		0.5797	0.14	956.0	DUF900	DUF900	True
AF-A0A660SY15-F1	0.1620817383531373	0.21214892858438528	-0.002179787228916682	0.5130250000000001	Spirochaetes bacterium	Bacteria	Spirochaetes		0.5894	0.148	884.0	DUF900	DUF900	True
AF-A0A660W9T0-F1	0.015157558960971084	-0.056511555271034845	-0.015412399833039702	0.57875	Planctomycetota bacterium	Bacteria	Planctomycetota		0.5537	0.144	836.0		No Pfam hit	True
AF-A0A661W944-F1	-0.3110745398490372	0.061193989933196254	-0.0690216761641033	0.243975	Chloroflexi bacterium	Bacteria	Chloroflexi		0.2468	0.132	2118.0		No Pfam hit	True
AF-A0A661Z3A0-F1	-0.0012040067556261629	-0.10598650021475975	0.009482269556643521	0.50205	Bacteroidetes bacterium	Bacteria	Bacteroidota		0.5579	0.148	686.0	DUF1232;DUF726	DUF726	True
AF-A0A6A0QWL2-F1	0.16139558852611796	0.04784100981826062	0.009107436756099489	0.64615	Armatimonadetes bacterium	Bacteria	Armatimonadetes		0.6731	0.193	386.0	DUF900;Abhydrolase_6	DUF900	True
AF-A0A6A4RCW8-F1	0.18356688941179233	0.21769632337599418	0.012669514306645152	0.495425	Zongyanglinia marina	Bacteria	Proteobacteria	Alphaproteobacteria	0.5614	0.141	1245.0	DUF900	DUF900	True
AF-A0A6A7LEE0-F1	-0.01534111987322721	-0.057196469208145966	-0.00507618777764674	0.58855	Nitrososphaeraceae archaeon	Archaea	Thaumarchaeota	Nitrososphaeria	0.3371	0.343	1050.0		No Pfam hit	True
AF-A0A6A7LH89-F1	0.05800216557979057	-0.18185679217096962	0.047579746751099355	0.744725	Nitrososphaeraceae archaeon	Archaea	Thaumarchaeota	Nitrososphaeria	0.8195	0.285	57.0	DUF900;DUF676;DUF726	DUF900	True
AF-A0A6A7LJP9-F1	0.054354553545573316	-0.18608187409788063	0.03278808653244276	0.730075	Nitrososphaeraceae archaeon	Archaea	Thaumarchaeota	Nitrososphaeria	0.8166	0.28	68.0	DUF900	DUF900	True
AF-A0A6A7M6Y7-F1	0.18104593091808532	0.07987215961325844	-0.008370931618644465	0.57765	Rhodospirillales bacterium	Bacteria	Proteobacteria	Alphaproteobacteria	0.6263	0.129	1004.0	DUF900	DUF900	True
AF-A0A6A7RZ24-F1	0.16815297677370422	0.2504899088272043	-0.026956377016457173	0.4748	Candidatus Accumulibacter phosphatis	Bacteria	Proteobacteria	Betaproteobacteria	0.5822	0.15	1490.0	DUF900	DUF900	True
AF-A0A6A7ZPI6-F1	0.158359974656501	0.22695365292219594	-0.02583660096791465	0.504	Sinorhizobium meliloti	Bacteria	Proteobacteria	Alphaproteobacteria	0.5959	0.142	1308.0	DUF900	DUF900	True
AF-A0A6A9S878-F1	0.029567778796031032	-0.15352358336418317	-0.017792633790922295	0.702375	Haloarcula sp. CBA1122	Archaea	Euryarchaeota	Halobacteria	0.6892	0.235	333.0	DUF726;DUF900	DUF900	True
AF-A0A6B0GHB1-F1	0.056631602245664964	-0.15972837532990802	-0.0062890400662512485	0.7919	Halomarina oriensis	Archaea	Euryarchaeota	Halobacteria	0.7941	0.362	51.0		No Pfam hit	True
AF-A0A6B0GHS1-F1	0.06765539761542722	-0.19304518408596136	0.008295269669233846	0.9015500000000001	Halomarina oriensis	Archaea	Euryarchaeota	Halobacteria	0.9218	0.5	44.0		No Pfam hit	True
AF-A0A6B0T947-F1	0.053770431266353926	-0.20187904925142205	0.004359880221241964	0.7656499999999999	Halovenus carboxidivorans	Archaea	Euryarchaeota	Halobacteria	0.8118	0.321	54.0	DUF726	DUF726	True
AF-A0A6B0YMN0-F1	0.09685621985892409	-0.15505943359959784	0.016323130509805613	0.77315	Cenarchaeum sp. SB0665_bin_23	Archaea	Thaumarchaeota		0.726	0.238	240.0	Abhydrolase_8;DUF900	DUF900	True
AF-A0A6B1A2I3-F1	0.09786013569043299	-0.15330912692088094	0.015799857662422968	0.7777499999999999	Cenarchaeum sp. SB0666_bin_15	Archaea	Thaumarchaeota		0.732	0.239	225.0	Abhydrolase_8;DUF900	DUF900	True
AF-A0A6B1BBW2-F1	0.09680730871154941	-0.14929895215734845	0.02452695352511009	0.77205	Cenarchaeum sp. SB0663_bin_5	Archaea	Thaumarchaeota		0.7064	0.229	245.0	DUF900	DUF900	True
AF-A0A6B1D0G6-F1	0.09612034794738965	-0.14656746228359477	0.008955138657723922	0.7704	Cenarchaeum sp. SB0661_bin_35	Archaea	Thaumarchaeota		0.71	0.241	257.0	Abhydrolase_8;DUF900	DUF900	True
AF-A0A6B1FGM4-F1	0.09256743816262443	-0.17021287022255607	0.02329762793360103	0.780975	Cenarchaeum sp. SB0675_bin_21	Archaea	Thaumarchaeota		0.7195	0.232	230.0	DUF900	DUF900	True
AF-A0A6B1II15-F1	0.08941063052140731	-0.15313122949660887	0.02140416923518572	0.771775	Cenarchaeum sp. SB0669_bin_11	Archaea	Thaumarchaeota		0.7062	0.229	231.0	DUF900	DUF900	True
AF-A0A6B1IKK2-F1	0.03355805829817986	-0.13865556958432967	-0.0161030866627152	0.711775	Halorubrum terrestre	Archaea	Euryarchaeota	Halobacteria	0.6659	0.282	270.0	DUF900;DUF726	DUF900	True
AF-A0A6B1IMM7-F1	0.04138105619856827	-0.14134391512855324	-0.016038712847915033	0.7474999999999999	Halorubrum terrestre	Archaea	Euryarchaeota	Halobacteria	0.658	0.284	282.0	DUF900;DUF726	DUF900	True
AF-A0A6B3L1B3-F1	-0.11358542908773456	-0.13119918959966262	0.07773687275894563	0.3675	Sulfuriroseicoccus oceanibius	Bacteria	Verrucomicrobia	Verrucomicrobiae	0.5566	0.153	1418.0		No Pfam hit	True
AF-A0A6B9Y1Z2-F1	-0.3056384642115176	0.06152246351800695	0.14021294028297626	0.11218	haloarchaeon 3A1-DGR	Archaea	Euryarchaeota	Halobacteria	0.1309	0.152	2856.0	DctP	Other Pfam	True
AF-A0A6C0UX32-F1	0.07351046806178897	-0.18834396336846	0.005660682442369675	0.9353	Haloferax alexandrinus	Archaea	Euryarchaeota	Halobacteria	0.9353	0.703	26.0		No Pfam hit	True
AF-A0A6G2J725-F1	0.10008761480722263	-0.15506030360053835	0.022172020721896158	0.7775249999999999	Cenarchaeum sp. SB0667_bin_13	Archaea	Thaumarchaeota		0.7118	0.242	247.0	Abhydrolase_8;DUF900	DUF900	True
AF-A0A6G2JMG5-F1	-0.4189318651817923	0.1245573098325209	0.3721675295299902	0.236375	Gemmatimonadetes bacterium	Bacteria	Gemmatimonadetes		0.2857	0.098	2747.0	Peripla_BP_6;Peripla_BP_5;ANF_receptor	Periplasmic binding protein (CL0144)	True
AF-A0A6G2K886-F1	0.09915402980659582	-0.15689026859014887	0.017244843196405193	0.777725	Cenarchaeum sp. SB0662_bin_33	Archaea	Thaumarchaeota		0.7198	0.242	238.0	Abhydrolase_8;DUF900	DUF900	True
AF-A0A6G2KCY1-F1	0.09917843062908974	-0.14405633782777114	0.006978009005607452	0.773725	Cenarchaeum sp. SB0678_bin_8	Archaea	Thaumarchaeota		0.7112	0.241	241.0	Abhydrolase_8;DUF900	DUF900	True
AF-A0A6G2KEU7-F1	0.10148387082318477	-0.15050741472312296	0.015233276378181022	0.773125	Cenarchaeum sp. SB0677_bin_16	Archaea	Thaumarchaeota		0.7268	0.238	234.0	Abhydrolase_8;DUF900	DUF900	True
AF-A0A6G2KTU3-F1	0.09517881986044016	-0.15525450215370584	0.02234932464730687	0.7772	Cenarchaeum sp. SB0673_bin_9	Archaea	Thaumarchaeota		0.7155	0.242	227.0	Abhydrolase_8;DUF900	DUF900	True
AF-A0A6G2KXP3-F1	0.0982479016105735	-0.14810919759879007	0.020568186690298924	0.76405	Cenarchaeum sp. SB0672_bin_9	Archaea	Thaumarchaeota		0.712	0.241	248.0	DUF900	DUF900	True
AF-A0A6G3ZKK6-F1	0.07414525311616021	-0.1827573501679147	0.013763498649825921	0.90555	Halorussus sp. MSC15.2	Archaea	Euryarchaeota	Halobacteria	0.9092	0.542	42.0		No Pfam hit	True
AF-A0A6G4QTQ2-F1	-0.038955377481029424	0.014587442684795466	0.028191817500998445	0.379675	Caulobacter sp. 602-2	Bacteria	Proteobacteria	Alphaproteobacteria	0.4256	0.153	1751.0		No Pfam hit	True
AF-A0A6G7BRN5-F1	0.014546960494104309	-0.0658190996592152	0.0731377904090702	0.40095	Sphingobacterium sp. DR205	Bacteria	Bacteroidota	Sphingobacteriia	0.4017	0.154	1614.0	DUF900	DUF900	True
AF-A0A6G9Y9T5-F1	-0.3442032604968892	0.010313008431432279	-0.16770497681653126	0.20092500000000002	Nocardia arthritidis	Bacteria	Actinobacteria	Actinomycetia	0.2681	0.126	2361.0	Cutinase	Other α/β hydrolase (CL0028)	True
AF-A0A6H1N364-F1	-0.33823372864497875	0.07193976669358601	0.23214098150550025	0.11714750000000002	Streptomyces sp. S1D4-11	Bacteria	Actinobacteria	Actinomycetia	0.1623	0.146	2803.0	Pkinase;PK_Tyr_Ser-Thr;Peripla_BP_6;ANF_receptor	Periplasmic binding protein (CL0144)	True
AF-A0A6H9YYU0-F1	-0.15127576961349995	-0.03574444382181871	-0.0019646872816070624	0.40995000000000004	Actinomadura rudentiformis	Bacteria	Actinobacteria	Actinomycetia	0.4212	0.121	1834.0	DUF676;PGAP1	DUF676	True
AF-A0A6H9Z0J5-F1	-0.1317457461192862	-0.03302437855255751	-0.18500841058910672	0.439925	Actinomadura rudentiformis	Bacteria	Actinobacteria	Actinomycetia	0.4532	0.157	1613.0	Abhydrolase_8	Other α/β hydrolase (CL0028)	True
AF-A0A6I0DNX1-F1	0.15126699366342025	0.15656719712816194	-0.02113765881985429	0.5392	Brucella anthropi	Bacteria	Proteobacteria	Alphaproteobacteria	0.6246	0.167	1126.0	DUF900;Abhydrolase_6	DUF900	True
AF-A0A6I0EG12-F1	0.16949190254173474	0.1988937518185466	-0.012884373419989884	0.5288249999999999	Hyphomicrobium sp.	Bacteria	Proteobacteria	Alphaproteobacteria	0.5631	0.201	930.0	DUF900;Lipase_2;LCAT	DUF900	True
AF-A0A6I1E9A9-F1	0.1776910352917226	0.22006762488649617	-0.018901461352456673	0.47605	Amylibacter sp. SFDW26	Bacteria	Proteobacteria	Alphaproteobacteria	0.5372	0.221	1136.0	DUF900	DUF900	True
AF-A0A6I1J744-F1	0.09474505482052684	0.1548064371734179	-0.021705807049403378	0.48	Xanthobacteraceae bacterium	Bacteria	Proteobacteria	Alphaproteobacteria	0.5373	0.182	1556.0	DUF900;Abhydrolase_6	DUF900	True
AF-A0A6I2A472-F1	-0.30478080733686114	0.07498555642902868	-0.0655576351024802	0.26265	Dehalococcoidia bacterium	Bacteria	Chloroflexi	Dehalococcoidia	0.2683	0.149	2224.0		No Pfam hit	True
AF-A0A6I2F691-F1	-0.005822580173248206	-0.124518578338501	0.003521041757401086	0.6363	Agromyces agglutinans	Bacteria	Actinobacteria	Actinomycetia	0.6116	0.168	920.0	Abhydrolase_6	Other α/β hydrolase (CL0028)	True
AF-A0A6I2YK35-F1	-0.3306530065930871	0.09282123860502317	0.1429421646347797	0.120745	Actinomycetia bacterium	Bacteria	Actinobacteria	Actinomycetia	0.1841	0.131	2796.0	GTP-bdg_N;GTP-bdg_M;MMR_HSR1	P-loop NTPase (CL0023)	True
AF-A0A6I3KLF9-F1	0.1453659760030675	0.09860236787149729	-0.025958991657241318	0.527775	Hyphomicrobium album	Bacteria	Proteobacteria	Alphaproteobacteria	0.576	0.169	1160.0	DUF900	DUF900	True
AF-A0A6I3SHK5-F1	-0.2904248695321378	0.0550251515616391	0.13065471560776393	0.116775	Heliobacterium mobile	Bacteria	Firmicutes	Clostridia	0.1556	0.125	2814.0	Resolvase;Recombinase;Zn_ribbon_recom	Other Pfam	True
AF-A0A6I4M2B7-F1	-0.13590742258165012	0.006291061029029694	-0.2437390960236006	0.44537499999999997	Actinomadura physcomitrii	Bacteria	Actinobacteria	Actinomycetia	0.4687	0.164	1679.0	Abhydrolase_8	Other α/β hydrolase (CL0028)	True
AF-A0A6I5NPT5-F1	0.19181564585606592	0.07516726669788128	-0.03087913712419604	0.632475	Leptolyngbya sp. SIOISBB	Bacteria	Cyanobacteria		0.665	0.159	516.0	DUF900	DUF900	True
AF-A0A6I6AJ07-F1	0.1894518596452504	0.15944408553534883	-0.008601402868527626	0.5203249999999999	Gimesia benthica	Bacteria	Planctomycetota	Planctomycetia	0.5936	0.183	913.0	DUF900	DUF900	True
AF-A0A6I6AJ42-F1	0.12660601113717787	-0.11467962336755409	0.060527719120927824	0.6468750000000001	Gimesia benthica	Bacteria	Planctomycetota	Planctomycetia	0.7069	0.178	439.0		No Pfam hit	True
AF-A0A6I7HLC2-F1	0.14159428110351163	0.1666159277050491	0.004509701493705529	0.531575	Ciceribacter lividus	Bacteria	Proteobacteria	Alphaproteobacteria	0.5535	0.165	1376.0	DUF900;Abhydrolase_6	DUF900	True
AF-A0A6I7Q789-F1	0.16841254592769384	0.24265250456139445	-0.0172410096389783	0.45747499999999997	Chromatiaceae bacterium	Bacteria	Proteobacteria	Gammaproteobacteria	0.4946	0.152	1449.0	DUF900	DUF900	True
AF-A0A6J4K6F1-F1	0.15263818306836263	0.06538413732572804	-0.030545333818057657	0.54365	uncultured Cytophagales bacterium	Bacteria	Bacteroidota	Sphingobacteriia	0.6108	0.176	612.0	DUF900	DUF900	True
AF-A0A6J5EXH2-F1	-0.4243183032040849	0.1312523827782598	0.4008880102172275	0.207025	Burkholderia puraquae	Bacteria	Proteobacteria	Betaproteobacteria	0.2497	0.104	2532.0	Peripla_BP_6;Peripla_BP_5;ANF_receptor	Periplasmic binding protein (CL0144)	True
AF-A0A6J6RXL0-F1	-0.26976018925077533	0.0007999280446721571	-0.22919083799198423	0.445525	freshwater metagenome	Metagenome (unassigned)			0.4264	0.123	1996.0	Cutinase;PE-PPE	Other α/β hydrolase (CL0028)	True
AF-A0A6J7AU97-F1	-0.3250533922855017	0.09521066523471673	0.14418512347055792	0.117845	freshwater metagenome	Metagenome (unassigned)			0.1729	0.145	2784.0	GTP-bdg_N;GTP-bdg_M;MMR_HSR1	P-loop NTPase (CL0023)	True
AF-A0A6L3VJP7-F1	-0.1407637335222394	0.00914704452779506	-0.2295691888752075	0.388675	Actinomadura montaniterrae	Bacteria	Actinobacteria	Actinomycetia	0.458	0.153	1704.0	Abhydrolase_8	Other α/β hydrolase (CL0028)	True
AF-A0A6L3VPW0-F1	-0.1299289784922143	-0.00041883081751344797	-0.20818621694022638	0.46335	Actinomadura montaniterrae	Bacteria	Actinobacteria	Actinomycetia	0.4837	0.17	1574.0	Abhydrolase_8	Other α/β hydrolase (CL0028)	True
AF-A0A6L3YHZ3-F1	0.14471863473279759	0.16102021145287349	-0.015188033737017857	0.5142500000000001	Brucella tritici	Bacteria	Proteobacteria	Alphaproteobacteria	0.5693	0.168	1244.0	DUF900;Abhydrolase_6	DUF900	True
AF-A0A6L6VIK1-F1	0.13883423469120745	0.1661122240714777	-0.01110379570370461	0.5522	Agrobacterium vitis	Bacteria	Proteobacteria	Alphaproteobacteria	0.6428	0.167	1218.0	DUF900;Abhydrolase_6	DUF900	True
AF-A0A6L6WFG4-F1	0.18718596244497193	0.21388595535107388	0.02800472847625956	0.49150000000000005	Zongyanglinia huanghaiensis	Bacteria	Proteobacteria	Alphaproteobacteria	0.5554	0.133	1228.0	DUF900	DUF900	True
AF-A0A6L7GNQ6-F1	-0.34277555252451625	0.01081408196722657	-0.17860404232080332	0.23315	Gordonia mangrovi	Bacteria	Actinobacteria	Actinomycetia	0.327	0.092	2290.0	Cutinase	Other α/β hydrolase (CL0028)	True
AF-A0A6L7NAJ2-F1	-0.2690553881319327	-0.04071289020523621	-0.16277679661000133	0.40602499999999997	Acidimicrobiia bacterium	Bacteria	Actinobacteria	Acidimicrobiia	0.4406	0.124	1842.0	Cutinase	Other α/β hydrolase (CL0028)	True
AF-A0A6L8BBG4-F1	-0.4237045135581795	0.14144686915177535	0.36889999208181384	0.155275	Proteobacteria bacterium	Bacteria	Proteobacteria		0.1885	0.126	2788.0	Peripla_BP_6;ANF_receptor	Periplasmic binding protein (CL0144)	True
AF-A0A6L8BEC4-F1	0.033213940105022474	-0.05685448520420765	-0.0033013335123665707	0.44472500000000004	Proteobacteria bacterium	Bacteria	Proteobacteria		0.5075	0.157	1125.0	DUF900	DUF900	True
AF-A0A6L8BG93-F1	0.18433505000059439	0.08501768403065417	-0.025416457576471155	0.613475	Proteobacteria bacterium	Bacteria	Proteobacteria		0.6721	0.154	690.0	DUF900	DUF900	True
AF-A0A6L8DF06-F1	-0.4134630579468432	0.12939298345982148	0.37356100697691813	0.22235	Gemmatimonadetes bacterium	Bacteria	Gemmatimonadetes		0.2691	0.099	2723.0	Peripla_BP_6;Peripla_BP_5;ANF_receptor	Periplasmic binding protein (CL0144)	True
AF-A0A6L9QU90-F1	-0.1298059852608526	0.010701901648164388	-0.2319382788823214	0.463075	Actinomadura bangladeshensis	Bacteria	Actinobacteria	Actinomycetia	0.4722	0.147	1553.0	Abhydrolase_8	Other α/β hydrolase (CL0028)	True
AF-A0A6L9QWX1-F1	-0.14282893535105112	-0.004743281985555598	-0.20737306258509886	0.44067500000000004	Actinomadura bangladeshensis	Bacteria	Actinobacteria	Actinomycetia	0.4573	0.148	1669.0	Abhydrolase_8	Other α/β hydrolase (CL0028)	True
AF-A0A6L9TZT9-F1	0.14228442700566132	0.16923807262449017	-0.02123592277988831	0.48357500000000003	Rhizobium lusitanum	Bacteria	Proteobacteria	Alphaproteobacteria	0.5768	0.165	1010.0	DUF900;Abhydrolase_6	DUF900	True
AF-A0A6M0JUV5-F1	0.17288552830470563	0.24893836404157854	-0.028398043580106964	0.468375	Thiorhodococcus minor	Bacteria	Proteobacteria	Gammaproteobacteria	0.468	0.12	1589.0	DUF900	DUF900	True
AF-A0A6M0K3Q6-F1	0.13541366821223721	0.2878756508184232	-0.007379675066965945	0.42212500000000003	Thiorhodococcus minor	Bacteria	Proteobacteria	Gammaproteobacteria	0.5109	0.176	1367.0	DUF900	DUF900	True
AF-A0A6M0K5W7-F1	0.16852516818459223	0.2644499411091607	-0.013588753448690963	0.4652	Thiorhodococcus minor	Bacteria	Proteobacteria	Gammaproteobacteria	0.5414	0.16	1567.0	DUF900	DUF900	True
AF-A0A6M1M8R1-F1	0.18441967726856112	0.08069254926856001	-0.007953732505179896	0.5770500000000001	Methylobacterium sp. DB0501	Bacteria	Proteobacteria	Alphaproteobacteria	0.6451	0.142	756.0	DUF900	DUF900	True
AF-A0A6M1NSV6-F1	0.03739774300773773	-0.06927666784359175	0.07050811929469003	0.47292500000000004	Sphingobacterium sp. SGL-16	Bacteria	Bacteroidota	Sphingobacteriia	0.5101	0.153	1485.0	DUF900	DUF900	True
AF-A0A6M1T602-F1	0.14718637160038317	0.15594092347016955	-0.02050940373169195	0.4535	Aliifodinibius halophilus	Bacteria	Balneolaeota	Balneolia	0.5778	0.142	1194.0	DUF900	DUF900	True
AF-A0A6M7TDX4-F1	-0.17139486912616914	-0.03743427840804664	0.004278606053696667	0.338125	Mesorhizobium jarvisii	Bacteria	Proteobacteria	Alphaproteobacteria	0.3477	0.156	2138.0		No Pfam hit	True
AF-A0A6M7U112-F1	-0.17395233430209478	-0.03174536325412034	0.002942633807896577	0.38835	Mesorhizobium loti	Bacteria	Proteobacteria	Alphaproteobacteria	0.3695	0.129	2227.0		No Pfam hit	True
AF-A0A6M7UFU9-F1	-0.1707720658861106	-0.022933048212418494	-0.004842036484948558	0.3414	Mesorhizobium erdmanii	Bacteria	Proteobacteria	Alphaproteobacteria	0.3564	0.163	2177.0		No Pfam hit	True
AF-A0A6M7VDA7-F1	-0.157604340667743	-0.03699572478248726	0.002196060023753914	0.364575	Mesorhizobium sp. NZP2077	Bacteria	Proteobacteria	Alphaproteobacteria	0.3687	0.156	2208.0		No Pfam hit	True
AF-A0A6M7W064-F1	-0.16320070593792446	-0.02941535579203475	0.002097913353386199	0.37575	Mesorhizobium sp. NZP2298	Bacteria	Proteobacteria	Alphaproteobacteria	0.3595	0.151	2254.0		No Pfam hit	True
AF-A0A6M7WNX3-F1	-0.16232142276279382	-0.03423157245205795	-0.011945790540005875	0.346325	Mesorhizobium loti R88b	Bacteria	Proteobacteria	Alphaproteobacteria	0.3595	0.145	2084.0		No Pfam hit	True
AF-A0A6N3YS92-F1	0.16339487393092003	0.04510024341307142	0.002710224162103978	0.6091	Aliivibrio fischeri	Bacteria	Proteobacteria	Gammaproteobacteria	0.6485	0.148	586.0	DUF900	DUF900	True
AF-A0A6N4V6E1-F1	-0.2650953620744716	0.04268482776034825	-0.25055886836223357	0.433	Mycolicibacterium poriferae	Bacteria	Actinobacteria	Actinomycetia	0.4099	0.14	1816.0	Cutinase	Other α/β hydrolase (CL0028)	True
AF-A0A6N6RWT4-F1	0.16126986485075007	0.05395151686014442	0.016543478984159164	0.572425	Aliivibrio finisterrensis	Bacteria	Proteobacteria	Gammaproteobacteria	0.6174	0.163	604.0	DUF900	DUF900	True
AF-A0A6N6SXU5-F1	0.1673945306929907	0.1918528674172629	-0.030093211119796844	0.5285	Hyphomicrobiaceae bacterium	Bacteria	Proteobacteria	Alphaproteobacteria	0.5551	0.192	858.0	DUF900;Lipase_2	DUF900	True
AF-A0A6N7CP93-F1	-0.3543604120428062	0.03988869828261847	-0.21618559122716657	0.298525	Rhodococcus sp. T7	Bacteria	Actinobacteria	Actinomycetia	0.2414	0.136	2317.0	Cutinase	Other α/β hydrolase (CL0028)	True
AF-A0A6N7HKP3-F1	-0.26867553634034663	0.0015984211256182016	-0.14244029212563178	0.332725	Actinophytocola sp.	Bacteria	Actinobacteria	Actinomycetia	0.3698	0.131	1891.0	Cutinase;PE-PPE	Other α/β hydrolase (CL0028)	True
AF-A0A6N7YGL2-F1	-0.2757622281785149	0.003357097813059912	-0.16683652065979354	0.360625	Conexibacter sp. W3-3-2	Bacteria	Actinobacteria	Thermoleophilia	0.3408	0.13	1949.0	Cutinase	Other α/β hydrolase (CL0028)	True
AF-A0A6N8DLP2-F1	0.11380555589112905	0.13330676554604678	-0.03694852967954426	0.5388000000000001	Rhodoblastus acidophilus	Bacteria	Proteobacteria	Alphaproteobacteria	0.6165	0.133	1208.0	DUF900;Abhydrolase_6	DUF900	True
AF-A0A6N8DSA9-F1	0.11678106647832776	0.1045521090188898	0.015814480233986666	0.420775	Rhodoblastus acidophilus	Bacteria	Proteobacteria	Alphaproteobacteria	0.5639	0.155	1123.0	DctP;DUF900	DUF900	True
AF-A0A6N9AUG8-F1	-0.4194170320213874	0.13344936281302447	0.36612084548664153	0.217325	Gemmatimonadetes bacterium	Bacteria	Gemmatimonadetes		0.2652	0.116	2722.0	Peripla_BP_6;Peripla_BP_5;ANF_receptor	Periplasmic binding protein (CL0144)	True
AF-A0A6P0PPY6-F1	-0.17558955725676323	-0.058621295094220434	-0.040821107191077094	0.446925	Moorena sp. SIO4E2	Bacteria	Cyanobacteria		0.4099	0.096	2014.0	PGAP1	Other α/β hydrolase (CL0028)	True
AF-A0A6P0YY38-F1	-0.26066828898650507	0.06848801139977534	-0.08778701894812659	0.26180000000000003	Merismopedia sp. SIO2A8	Bacteria	Cyanobacteria		0.2275	0.131	2590.0		No Pfam hit	True
AF-A0A6P1BZT6-F1	0.13569837487893283	0.16239105072272805	-0.024913489848158048	0.4929	Rhizobium tropici	Bacteria	Proteobacteria	Alphaproteobacteria	0.5694	0.157	984.0	DUF900;Abhydrolase_6	DUF900	True
AF-A0A6P1DW37-F1	0.1708587101767526	0.24970304775908375	-0.017939976446678666	0.48682499999999995	Thiorhodococcus mannitoliphagus	Bacteria	Proteobacteria	Gammaproteobacteria	0.5862	0.136	1206.0	DUF900	DUF900	True
AF-A0A6P1DWK5-F1	0.18082781541712584	0.23710773568396123	-0.021686453325253426	0.46299999999999997	Thiorhodococcus mannitoliphagus	Bacteria	Proteobacteria	Gammaproteobacteria	0.5438	0.132	1417.0	DUF900	DUF900	True
AF-A0A6P2CGH8-F1	-0.1823210720412061	-0.018801287060278445	-0.18125779562287897	0.3503	Rhodococcus rhodnii	Bacteria	Actinobacteria	Actinomycetia	0.4191	0.144	1854.0	Abhydrolase_8	Other α/β hydrolase (CL0028)	True
AF-A0A6S6QTB6-F1	0.10351829896114813	0.09165166796571389	-0.04367467352212299	0.511475	Terrihabitans soli	Bacteria	Proteobacteria	Alphaproteobacteria	0.5769	0.149	1052.0	DUF900	DUF900	True
AF-A0A6S6ZDR3-F1	0.16206086796999303	0.2603764611774222	-0.025415030475903877	0.45675	Achromobacter animicus	Bacteria	Proteobacteria	Betaproteobacteria	0.5593	0.118	1371.0	DUF900	DUF900	True
AF-A0A6V8KGK4-F1	-0.288074332237981	0.020522012456821583	-0.14625355783467164	0.30569999999999997	Phytohabitans houttuyneae	Bacteria	Actinobacteria	Actinomycetia	0.3464	0.144	2126.0	Cutinase;FG-GAP_3	Other α/β hydrolase (CL0028)	True
AF-A0A7C1U5M2-F1	0.1870721963588303	0.25403169813827736	0.02762062872758508	0.436425	Thiotrichales bacterium	Bacteria	Proteobacteria	Gammaproteobacteria	0.5161	0.144	1533.0	DUF900	DUF900	True
AF-A0A7C2D3M4-F1	0.07349033597908572	-0.16826445827042294	0.05071592157162784	0.6082000000000001	Bryobacterales bacterium	Bacteria	Acidobacteria	Acidobacteriia	0.5957	0.15	668.0		No Pfam hit	True
AF-A0A7C2HTC3-F1	0.14823808296167953	0.03682318499932553	0.020413341764919487	0.64295	Rhodobacteraceae bacterium	Bacteria	Proteobacteria	Alphaproteobacteria	0.6703	0.184	372.0	DUF900	DUF900	True
AF-A0A7C2QZV2-F1	0.16171445083606484	0.19967825700587213	-0.013237156750443837	0.508175	Hyphomicrobiales bacterium	Bacteria	Proteobacteria	Alphaproteobacteria	0.524	0.155	1064.0	DUF900;Lipase_2;LCAT	DUF900	True
AF-A0A7C2T2S4-F1	0.14576827111777968	0.19955928586847446	-0.0019510528829038709	0.4281	Alphaproteobacteria bacterium	Bacteria	Proteobacteria	Alphaproteobacteria	0.5692	0.146	1091.0	DUF900;OmpA	DUF900	True
AF-A0A7C2XPU6-F1	0.06489998069698273	-0.17583324533970932	0.013553136889709412	0.78	Nitrosopumilus sp.	Archaea	Thaumarchaeota		0.7272	0.245	180.0	DUF900;DUF676;DUF726	DUF900	True
AF-A0A7C3DSK9-F1	0.07435805170446973	-0.17129912229845082	0.05315625300174919	0.6083500000000001	Bryobacterales bacterium	Bacteria	Acidobacteria	Acidobacteriia	0.5868	0.149	644.0		No Pfam hit	True
AF-A0A7C3FLV3-F1	-0.26964344715283595	0.04254573304910373	-0.033717882646576366	0.3312	Dehalococcoidia bacterium	Bacteria	Chloroflexi	Dehalococcoidia	0.3336	0.119	2119.0		No Pfam hit	True
AF-A0A7C3G0U2-F1	0.17511694177010528	0.2122643406832111	-0.026891103164296153	0.46857499999999996	Hellea balneolensis	Bacteria	Proteobacteria	Alphaproteobacteria	0.5596	0.159	977.0	DUF900	DUF900	True
AF-A0A7C3HR87-F1	0.13821191502845226	0.03980347576465288	0.02331386566772751	0.5684	Bryobacterales bacterium	Bacteria	Acidobacteria	Acidobacteriia	0.5606	0.221	450.0	DUF900	DUF900	True
AF-A0A7C3JR69-F1	0.08919406146326135	-0.010585356667809088	-0.04368928470108168	0.6446	Deltaproteobacteria bacterium	Bacteria	Proteobacteria	Deltaproteobacteria	0.6448	0.222	336.0	DUF900	DUF900	True
AF-A0A7C3PBY5-F1	0.1705747492456607	0.25675902024547514	-0.03484123945559409	0.44020000000000004	Phycisphaerales bacterium	Bacteria	Planctomycetota	Phycisphaerae	0.5179	0.202	1148.0	DUF900	DUF900	True
AF-A0A7C4G6S6-F1	0.08370064044815421	-0.12556186156797192	-0.0049358415842278396	0.6388499999999999	Phycisphaerae bacterium	Bacteria	Planctomycetota	Phycisphaerae	0.6132	0.212	506.0		No Pfam hit	True
AF-A0A7C4GDA7-F1	-0.2965172891616501	0.017448308761886414	-0.05494442644960261	0.29864999999999997	candidate division WOR-3 bacterium	Bacteria	candidate division WOR-3		0.279	0.133	2160.0		No Pfam hit	True
AF-A0A7C4Z3T3-F1	-0.43872843608587964	0.12300966948748582	0.39911528102393395	0.2301	Anaerolineae bacterium	Bacteria	Chloroflexi	Anaerolineae	0.2602	0.105	2711.0	Peripla_BP_6;Peripla_BP_5;ANF_receptor	Periplasmic binding protein (CL0144)	True
AF-A0A7C5C0U9-F1	0.11103632687623584	-0.11989237521629284	0.0202188523452693	0.593625	Planctomycetota bacterium	Bacteria	Planctomycetota		0.6348	0.192	587.0		No Pfam hit	True
AF-A0A7C5ELL8-F1	-0.10890729330975572	-0.035630612628620946	-0.03527310680195041	0.450875	Planctomycetota bacterium	Bacteria	Planctomycetota		0.4358	0.247	1424.0	DUF900	DUF900	True
AF-A0A7C7QGX7-F1	0.07098012966302919	0.09428955722721627	-0.023564675293913033	0.52325	Chromatiales bacterium	Bacteria	Proteobacteria	Gammaproteobacteria	0.4651	0.131	1631.0	DUF900	DUF900	True
AF-A0A7C7V3M5-F1	0.11341820971334073	-0.11439807518994949	0.03988872853248938	0.559475	Planctomycetaceae bacterium	Bacteria	Planctomycetota	Planctomycetia	0.5967	0.182	723.0		No Pfam hit	True
AF-A0A7C7X6C2-F1	0.12372741452348712	-0.11180744035406066	0.020702737289934027	0.58195	Planctomycetaceae bacterium	Bacteria	Planctomycetota	Planctomycetia	0.6022	0.155	886.0		No Pfam hit	True
AF-A0A7C7XHU1-F1	0.06364205690169518	-0.19766292680017347	0.0378880926013097	0.800675	Candidatus Nitrosopelagicus sp.	Archaea	Thaumarchaeota		0.749	0.267	144.0	DUF900;DUF676;Cutinase;DUF726	DUF900	True
AF-A0A7C9BMW2-F1	0.16611829129537986	0.1570647257530484	-0.05478309285255733	0.5675	Burkholderia sp. BE17	Bacteria	Proteobacteria	Betaproteobacteria	0.6039	0.148	1332.0	DUF900	DUF900	True
AF-A0A7D3VX64-F1	-0.1397182291126365	-0.014801816940810593	-0.2128265369084468	0.4562	Actinomadura verrucosospora	Bacteria	Actinobacteria	Actinomycetia	0.4739	0.17	1600.0	Abhydrolase_8	Other α/β hydrolase (CL0028)	True
AF-A0A7D3VXC7-F1	-0.1523495776341273	0.038853724969091355	-0.22186223983968545	0.398	Actinomadura verrucosospora	Bacteria	Actinobacteria	Actinomycetia	0.4383	0.152	1697.0	Abhydrolase_8	Other α/β hydrolase (CL0028)	True
AF-A0A7D3Y2G5-F1	0.041938255121614636	-0.14592904437360893	0.0020722573030193788	0.6964250000000001	Halorubrum salinarum	Archaea	Euryarchaeota	Halobacteria	0.6374	0.262	293.0	DUF900;DUF726	DUF900	True
AF-A0A7D5GQB1-F1	0.0203834776201781	-0.17084579656321713	0.01924020417784176	0.688525	Natrinema halophilum	Archaea	Euryarchaeota	Halobacteria	0.6916	0.247	251.0		No Pfam hit	True
AF-A0A7D5M1Y7-F1	0.061770492309728545	-0.19749691911484193	0.020388080284064743	0.8065	Nitrosopumilus cobalaminigenes	Archaea	Thaumarchaeota		0.7469	0.288	128.0	DUF900;DUF726	DUF900	True
AF-A0A7D5R6H4-F1	0.06463439619846384	-0.20636105059683077	0.010469584915803316	0.797225	Nitrosopumilus ureiphilus	Archaea	Thaumarchaeota		0.7393	0.272	100.0	DUF900;DUF726	DUF900	True
AF-A0A7D5RAF2-F1	0.06807667929709658	-0.18809951168207956	0.01113381079443275	0.79175	Nitrosopumilus oxyclinae	Archaea	Thaumarchaeota		0.723	0.273	127.0	DUF900;DUF726	DUF900	True
AF-A0A7D5REW5-F1	0.06711284146762554	-0.18756028369255068	0.016669916014022474	0.7854	Candidatus Nitrosotenuis sp. DW1	Archaea	Thaumarchaeota		0.7271	0.262	126.0	DUF900;DUF676;Cutinase;DUF726	DUF900	True
AF-A0A7D5RI65-F1	0.06485404476247728	-0.20262203633179876	0.013267936733166948	0.802975	Nitrosarchaeum sp. AC2	Archaea	Thaumarchaeota		0.7376	0.266	190.0	DUF900;DUF726;LCAT	DUF900	True
AF-A0A7D7V958-F1	0.07040092388720265	-0.19773442752725628	0.002559204264617135	0.7925	Nitrosopumilus sp.	Archaea	Thaumarchaeota		0.7267	0.293	118.0	DUF900;DUF726	DUF900	True
AF-A0A7G5E2A2-F1	0.023826478904161532	-0.05351122455289191	0.07186929939980338	0.4323	Sphingobacterium multivorum	Bacteria	Bacteroidota	Sphingobacteriia	0.4522	0.135	1555.0	DUF900	DUF900	True
AF-A0A7G5Z5F9-F1	0.011644931087483932	-0.09152199851447769	0.03894683014843369	0.44605	Sphingomonas alpina	Bacteria	Proteobacteria	Alphaproteobacteria	0.4959	0.17	1341.0	DUF900	DUF900	True
AF-A0A7G6SP57-F1	-0.16465557320869117	-0.0269732154202647	-0.0033967349804666313	0.397575	Mesorhizobium huakuii	Bacteria	Proteobacteria	Alphaproteobacteria	0.3587	0.132	2194.0		No Pfam hit	True
AF-A0A7G6TZF5-F1	0.14921095884036917	0.07143428547839606	0.024061309004003075	0.56265	Tardiphaga robiniae	Bacteria	Proteobacteria	Alphaproteobacteria	0.5924	0.155	684.0	DUF900;Abhydrolase_6	DUF900	True
AF-A0A7G8P6I2-F1	-0.37328587666071705	0.04338846969419101	-0.1985872695466919	0.221625	Mycolicibacterium fluoranthenivorans	Bacteria	Actinobacteria	Actinomycetia	0.2499	0.119	2542.0	Cutinase	Other α/β hydrolase (CL0028)	True
AF-A0A7G8WJ34-F1	0.051689105924660375	-0.30604289091223974	0.1550221937052324	0.453375	Nakamurella sp. PAMC28650	Bacteria	Actinobacteria	Actinomycetia	0.5266	0.101	1566.0		No Pfam hit	True
AF-A0A7H0LHL6-F1	-0.0005632281698835538	-0.08161816573339117	0.028369147847903484	0.44555	Sphingomonas alpina	Bacteria	Proteobacteria	Alphaproteobacteria	0.5046	0.158	1284.0	DUF900	DUF900	True
AF-A0A7H8M716-F1	-0.1405718059739356	-0.011770163291148918	-0.20413136038182195	0.46335	Actinomadura sp. NAK00032	Bacteria	Actinobacteria	Actinomycetia	0.4767	0.155	1690.0	Abhydrolase_8	Other α/β hydrolase (CL0028)	True
AF-A0A7H8TLF1-F1	-0.4135326172292182	0.1537903811420518	0.3886070770774951	0.171925	Streptomyces chartreusis	Bacteria	Actinobacteria	Actinomycetia	0.2008	0.13	2777.0	Pkinase;PK_Tyr_Ser-Thr;Peripla_BP_6	Periplasmic binding protein (CL0144)	True
AF-A0A7H9DR04-F1	0.04571531379607523	-0.0896912859584953	0.05523268230696852	0.45504999999999995	Empedobacter falsenii	Bacteria	Bacteroidota	Flavobacteriia	0.4727	0.151	1425.0	DUF900	DUF900	True
AF-A0A7I0K766-F1	-0.167676666842463	-0.010404858335243067	-0.011791959062628012	0.38692499999999996	Mesorhizobium sp. M8A.F.Ca.ET.167.01.1.1	Bacteria	Proteobacteria	Alphaproteobacteria	0.3623	0.163	2137.0		No Pfam hit	True
AF-A0A7I7M6H8-F1	-0.28953946819029774	0.005555127460309939	-0.2349954945292419	0.41859999999999997	Mycolicibacterium psychrotolerans	Bacteria	Actinobacteria	Actinomycetia	0.3653	0.12	1955.0	Cutinase	Other α/β hydrolase (CL0028)	True
AF-A0A7I8N2T9-F1	0.17050506887509087	0.17297558495113635	0.03299236980713746	0.513575	Olavius algarvensis associated proteobacterium Delta 3	Bacteria	Proteobacteria	Deltaproteobacteria	0.5584	0.21	883.0	DUF900;Abhydrolase_1;Abhydrolase_6	DUF900	True
AF-A0A7I9V171-F1	-0.2616796632903121	0.02755266090187005	-0.23985383481105169	0.476725	Gordonia crocea	Bacteria	Actinobacteria	Actinomycetia	0.4255	0.126	1764.0	Cutinase	Other α/β hydrolase (CL0028)	True
AF-A0A7I9V5V2-F1	-0.2800764851843998	0.002505964860536641	-0.23918039839500502	0.46499999999999997	Gordonia spumicola	Bacteria	Actinobacteria	Actinomycetia	0.4265	0.147	1718.0	Cutinase	Other α/β hydrolase (CL0028)	True
AF-A0A7I9VPT8-F1	-0.426524219320424	0.1634199104098469	0.3886443755990797	0.12059	Anaeromyxobacter diazotrophicus	Bacteria	Proteobacteria	Deltaproteobacteria	0.1412	0.187	2844.0	DUF4388;Peripla_BP_6;Peripla_BP_5;ANF_receptor	Periplasmic binding protein (CL0144)	True
AF-A0A7I9WGF3-F1	-0.29134926718396725	0.017665658838071596	-0.24498124352100675	0.386675	Mycolicibacterium murale	Bacteria	Actinobacteria	Actinomycetia	0.3509	0.134	2070.0	Cutinase	Other α/β hydrolase (CL0028)	True
AF-A0A7I9XFH8-F1	-0.304758576250475	0.012601242480435175	-0.26728935091945666	0.366025	Mycolicibacter senuensis	Bacteria	Actinobacteria	Actinomycetia	0.3649	0.133	2132.0	Cutinase	Other α/β hydrolase (CL0028)	True
AF-A0A7I9ZGR9-F1	-0.2750929335443088	0.006028307234989043	-0.23725470456139403	0.43155	Mycolicibacterium hippocampi	Bacteria	Actinobacteria	Actinomycetia	0.4037	0.154	1745.0	Cutinase	Other α/β hydrolase (CL0028)	True
AF-A0A7J4VQ93-F1	0.1669716855719775	0.241472171930593	-0.02353203463212217	0.50255	Neorhizobium sp. P12A	Bacteria	Proteobacteria	Alphaproteobacteria	0.5867	0.151	1381.0	DUF900	DUF900	True
AF-A0A7J5EL12-F1	0.17045223234594606	0.1212406593870955	-0.022648971972549555	0.5451250000000001	Bacteroidetes bacterium	Bacteria	Bacteroidota		0.5411	0.182	810.0	DUF900;Abhydrolase_6	DUF900	True
AF-A0A7J9QBH3-F1	0.06515984452017978	-0.2033610851736413	0.005791895909523761	0.798975	Nitrosopumilaceae archaeon	Archaea	Thaumarchaeota		0.7506	0.261	154.0	DUF900;DUF726	DUF900	True
AF-A0A7J9QGH3-F1	0.06501113188175778	-0.20320362899932462	0.021870985632160698	0.796025	Nitrosopumilaceae archaeon	Archaea	Thaumarchaeota		0.7342	0.256	159.0	DUF900;DUF726	DUF900	True
AF-A0A7J9R018-F1	0.07035985144023313	-0.19015303345284176	0.02352984783384267	0.799025	Nitrosopumilaceae archaeon	Archaea	Thaumarchaeota		0.7149	0.281	185.0	DUF900;DUF726	DUF900	True
AF-A0A7J9R3Z3-F1	0.06857299277088537	-0.20458528072445045	0.017864780954452812	0.808775	Nitrosopumilaceae archaeon	Archaea	Thaumarchaeota		0.7562	0.274	155.0	DUF900;DUF726	DUF900	True
AF-A0A7J9R9B0-F1	0.07124237675178142	-0.19583100799276382	0.01719021797574759	0.8098500000000001	Nitrosopumilaceae archaeon	Archaea	Thaumarchaeota		0.7499	0.276	147.0	DUF900;DUF726	DUF900	True
AF-A0A7K0C4H7-F1	-0.13469923451983895	0.01032660660698465	-0.21818018650536417	0.4286	Actinomadura macrotermitis	Bacteria	Actinobacteria	Actinomycetia	0.4417	0.161	1701.0	Abhydrolase_8	Other α/β hydrolase (CL0028)	True
AF-A0A7K0C618-F1	-0.1308032925864976	-0.004993510857378617	-0.22823016206150176	0.43305000000000005	Actinomadura macrotermitis	Bacteria	Actinobacteria	Actinomycetia	0.4941	0.152	1676.0	Abhydrolase_8	Other α/β hydrolase (CL0028)	True
AF-A0A7K0CZQ0-F1	-0.33413725990564264	0.023755286090166975	-0.1452344524917426	0.240675	Nocardia macrotermitis	Bacteria	Actinobacteria	Actinomycetia	0.3221	0.099	2301.0	Cutinase	Other α/β hydrolase (CL0028)	True
AF-A0A7K0DT17-F1	-0.3586827427754857	0.01297436345372388	-0.15154801462370446	0.207625	Nocardia aurantia	Bacteria	Actinobacteria	Actinomycetia	0.3218	0.102	2378.0	Cutinase	Other α/β hydrolase (CL0028)	True
AF-A0A7K1A396-F1	-0.26807832123339037	0.0035634555238085804	-0.22970841320317664	0.43720000000000003	Actinomycetia bacterium	Bacteria	Actinobacteria	Actinomycetia	0.3999	0.12	2172.0	Cutinase;PE-PPE	Other α/β hydrolase (CL0028)	True
AF-A0A7K1JRP8-F1	0.03308370493598439	-0.2990777595325554	0.1582797292428825	0.494625	Mycobacteroides sp. CBMA 271	Bacteria	Actinobacteria	Actinomycetia	0.5647	0.12	1397.0		No Pfam hit	True
AF-A0A7K1KE12-F1	-0.3113435894435674	-0.002937931314988707	-0.25934650579376717	0.43574999999999997	Mycolicibacterium sp. CBMA 247	Bacteria	Actinobacteria	Actinomycetia	0.3989	0.148	1727.0	Cutinase	Other α/β hydrolase (CL0028)	True
AF-A0A7K1KV07-F1	-0.14283355370584877	0.019599217959479054	-0.23830297560716818	0.41974999999999996	Actinomadura litoris	Bacteria	Actinobacteria	Actinomycetia	0.4463	0.175	1709.0	Abhydrolase_8	Other α/β hydrolase (CL0028)	True
AF-A0A7K1KVB0-F1	-0.1438964771349674	-0.01022286593180621	-0.2034648205561613	0.41764999999999997	Actinomadura litoris	Bacteria	Actinobacteria	Actinomycetia	0.4576	0.182	1641.0	Abhydrolase_8	Other α/β hydrolase (CL0028)	True
AF-A0A7K1RGZ9-F1	0.14271616443194698	0.1645112807642183	-0.007492473686083467	0.528925	Agrobacterium vitis	Bacteria	Proteobacteria	Alphaproteobacteria	0.5856	0.177	1044.0	DUF900;Abhydrolase_6	DUF900	True
AF-A0A7K1TT00-F1	-0.16027589905488662	-0.07122475296669109	-0.14518826926031156	0.38425	Microbacterium sp. MAH-37	Bacteria	Actinobacteria	Actinomycetia	0.4313	0.143	1707.0	Abhydrolase_8	Other α/β hydrolase (CL0028)	True
AF-A0A7K1V2W6-F1	-0.35753626438573227	0.017954667801701584	-0.15364437337076087	0.2573	Nocardia terrae	Bacteria	Actinobacteria	Actinomycetia	0.3442	0.125	2362.0	Cutinase	Other α/β hydrolase (CL0028)	True
AF-A0A7K2X569-F1	-0.43657158936094703	0.14410187773840946	0.38136282322114295	0.164575	Streptomyces sp. SID2131	Bacteria	Actinobacteria	Actinomycetia	0.2167	0.182	2608.0	Pkinase;PK_Tyr_Ser-Thr;Peripla_BP_6	Periplasmic binding protein (CL0144)	True
AF-A0A7K2YPG1-F1	-0.1581694313116665	-0.007798404522218632	-0.18905015676493872	0.444825	Streptomyces sp. SID3343	Bacteria	Actinobacteria	Actinomycetia	0.4631	0.165	1642.0	Abhydrolase_8	Other α/β hydrolase (CL0028)	True
AF-A0A7K3LFA5-F1	0.09957353734078629	-0.2733192321567689	0.17653194456939295	0.46657499999999996	Mycolicibacter kumamotonensis	Bacteria	Actinobacteria	Actinomycetia	0.5446	0.11	1275.0		No Pfam hit	True
AF-A0A7K3WL75-F1	-0.16637448962581425	-0.053707242947797454	-0.17126420794858485	0.36400000000000005	Goekera deserti	Bacteria	Actinobacteria	Actinomycetia	0.451	0.179	1637.0	Abhydrolase_8	Other α/β hydrolase (CL0028)	True
AF-A0A7K4DSR9-F1	0.07610786471509244	-0.18425754243356296	0.03433013242359601	0.806225	Nitrosopumilus sp.	Archaea	Thaumarchaeota		0.7344	0.25	214.0	DUF900;DUF676;DUF726	DUF900	True
AF-A0A7K4EXI0-F1	0.06912065022911865	-0.1831556936201565	-2.6687488464334465e-05	0.7866	Nitrosopumilus sp.	Archaea	Thaumarchaeota		0.7289	0.278	170.0	DUF900;DUF726	DUF900	True
AF-A0A7K4FZD1-F1	0.07329280286469352	-0.1959512345645738	0.0494577922296593	0.79285	Nitrosarchaeum sp.	Archaea	Thaumarchaeota		0.7234	0.28	186.0	DUF900;DUF726	DUF900	True
AF-A0A7K4MLA7-F1	0.07384120636699155	-0.1934614627499683	0.025056793429939363	0.80735	Marine Group I thaumarchaeote	Archaea	Thaumarchaeota		0.7516	0.27	122.0	DUF900;DUF676;DUF726	DUF900	True
AF-A0A7K4MYY1-F1	0.06609854428056554	-0.197017235611189	0.024959465785629114	0.7901	Marine Group I thaumarchaeote	Archaea	Thaumarchaeota		0.733	0.287	161.0	DUF900;Cutinase;DUF726	DUF900	True
AF-A0A7K4N5H5-F1	0.0692526786575886	-0.20248991145701503	0.016786241514576597	0.796025	Marine Group I thaumarchaeote	Archaea	Thaumarchaeota		0.7268	0.268	146.0	DUF900;DUF726	DUF900	True
AF-A0A7K4NE59-F1	0.07021946347848192	-0.18830344664913873	0.05848566764386039	0.80965	Marine Group I thaumarchaeote	Archaea	Thaumarchaeota		0.7622	0.262	139.0	DUF900;Cutinase;DUF726	DUF900	True
AF-A0A7K4NGF9-F1	0.06472870779045103	-0.192945346138437	0.04226978557048599	0.79985	Marine Group I thaumarchaeote	Archaea	Thaumarchaeota		0.7473	0.282	137.0	DUF900;Cutinase;DUF726	DUF900	True
AF-A0A7K4NJE5-F1	0.06779760706173243	-0.19907998136031135	0.014595621753141863	0.7820750000000001	Marine Group I thaumarchaeote	Archaea	Thaumarchaeota		0.7235	0.271	207.0	DUF900;DUF726	DUF900	True
AF-A0A7K4NNL9-F1	0.06529907957571777	-0.1702583785447574	0.03649298295282189	0.801575	Marine Group I thaumarchaeote	Archaea	Thaumarchaeota		0.7403	0.292	103.0	DUF900;DUF726;Cutinase	DUF900	True
AF-A0A7K4NUK8-F1	0.07850149758796827	-0.19277829063738067	0.03502393374356514	0.78605	Marine Group I thaumarchaeote	Archaea	Thaumarchaeota		0.7292	0.276	129.0	DUF900;DUF676;Cutinase;DUF726	DUF900	True
AF-A0A7K4P4Y1-F1	0.06773612519207436	-0.1969262369667688	0.03078251633520295	0.79605	Marine Group I thaumarchaeote	Archaea	Thaumarchaeota		0.728	0.272	222.0	DUF900;DUF726	DUF900	True
AF-A0A7L5BH99-F1	0.13673794609917422	0.15855771836292643	-0.032267681613895385	0.5359	Rhizobium oryzihabitans	Bacteria	Proteobacteria	Alphaproteobacteria	0.5755	0.169	1087.0	DUF900;Abhydrolase_6	DUF900	True
AF-A0A7L6CJY1-F1	0.15356864042628426	0.06957559971707694	0.03066793934847691	0.5747	Enterobacter sp. RHBSTW-00994	Bacteria	Proteobacteria	Gammaproteobacteria	0.6021	0.174	776.0	DUF900	DUF900	True
AF-A0A7M2XWK7-F1	-0.36734512638748185	0.01881745804918974	-0.16143085388464784	0.26034999999999997	Rhodococcus pyridinivorans	Bacteria	Actinobacteria	Actinomycetia	0.3286	0.145	2010.0	Cutinase	Other α/β hydrolase (CL0028)	True
AF-A0A7M3NH35-F1	-0.41259084766752013	0.1490747517143215	0.3902471898931569	0.164425	Streptomyces sp. uw30	Bacteria	Actinobacteria	Actinomycetia	0.2166	0.157	2802.0	Pkinase;PK_Tyr_Ser-Thr;Peripla_BP_6	Periplasmic binding protein (CL0144)	True
AF-A0A7R6WIU0-F1	-0.1571723555584566	-0.023605408684353926	0.009153462396482633	0.365425	Mesorhizobium sp. 113-1-2	Bacteria	Proteobacteria	Alphaproteobacteria	0.3779	0.157	2253.0		No Pfam hit	True
AF-A0A7R6WY55-F1	-0.16911565670216355	-0.03311622700577284	-0.0034834768375438495	0.345675	Mesorhizobium sp. 113-3-3	Bacteria	Proteobacteria	Alphaproteobacteria	0.365	0.153	2276.0		No Pfam hit	True
AF-A0A7R7CQS7-F1	0.052098974450182606	0.19706696010896255	0.170808163461647	0.458975	Mesorhizobium sp. L-8-10	Bacteria	Proteobacteria	Alphaproteobacteria	0.5911	0.185	958.0	Peripla_BP_4;Peripla_BP_1;DUF900;DUF676	DUF900	True
AF-A0A7R7DPM0-F1	-0.20106263521968926	-0.05728049213367305	-0.20721791142534757	0.42195000000000005	Actinocatenispora thailandica	Bacteria	Actinobacteria	Actinomycetia	0.4509	0.137	1750.0	Abhydrolase_8	Other α/β hydrolase (CL0028)	True
AF-A0A7S6S3K2-F1	0.02340114747206155	-0.10403092747890379	0.02464333936839604	0.588425	Phycisphaeraceae bacterium	Bacteria	Planctomycetota	Phycisphaerae	0.6104	0.193	589.0	DUF900;Abhydrolase_6	DUF900	True
AF-A0A7S6SCE7-F1	0.18418331690400855	0.12398745452564569	-0.020180571011299983	0.5334	Ignavibacteria bacterium	Bacteria	Ignavibacteriae	Ignavibacteria	0.5788	0.176	832.0	DUF900;Abhydrolase_6	DUF900	True
AF-A0A7S8EQL0-F1	-0.16461838719477198	0.010256534732567473	-0.007024771764532877	0.328125	Mesorhizobium sp. INR15	Bacteria	Proteobacteria	Alphaproteobacteria	0.3574	0.143	2152.0		No Pfam hit	True
AF-A0A7S8FCW7-F1	-0.10326571037164786	-0.08408254555348595	0.031097159912610133	0.406225	Candidatus Nitrospira kreftii	Bacteria	Nitrospirae	Nitrospira	0.3945	0.119	1759.0	DUF900	DUF900	True
AF-A0A7T0E0C8-F1	0.12690229092968347	0.07193890978526384	0.021448885637813164	0.550325	Enterobacter mori	Bacteria	Proteobacteria	Gammaproteobacteria	0.5564	0.183	614.0	DUF900	DUF900	True
AF-A0A7T0NZD5-F1	0.20628987666213774	0.06002119982249658	-0.005017258856319938	0.6145	Methylomonas sp. LL1	Bacteria	Proteobacteria	Gammaproteobacteria	0.6592	0.148	626.0	DUF900	DUF900	True
AF-A0A7T4QNW0-F1	0.013045457095188224	-0.07979189989682914	0.0750485822860918	0.429075	Sphingobacterium sp. UDSM-2020	Bacteria	Bacteroidota	Sphingobacteriia	0.456	0.152	1374.0	DUF900	DUF900	True
AF-A0A7U4LGV4-F1	-0.014404058146430625	-0.05431611383671174	0.03568788568455797	0.4366	Sphingomonas hengshuiensis	Bacteria	Proteobacteria	Alphaproteobacteria	0.5079	0.169	1396.0		No Pfam hit	True
AF-A0A7U4XX67-F1	0.18002350120766195	0.21707922042930292	-0.010542808327218142	0.511675	Hyphomonadaceae bacterium UKL13-1	Bacteria	Proteobacteria	Alphaproteobacteria	0.5956	0.163	918.0	DUF900	DUF900	True
AF-A0A7U5MKJ2-F1	-0.2922146585801586	0.021518314257078442	-0.22678917881998614	0.3629	Mycobacterium intracellulare subsp. chimaera	Bacteria	Actinobacteria	Actinomycetia	0.3651	0.125	1910.0	Cutinase	Other α/β hydrolase (CL0028)	True
AF-A0A7V0ITK8-F1	-0.2894625521217536	0.03497176668184038	0.14335661298397373	0.14582499999999998	Actinomycetia bacterium	Bacteria	Actinobacteria	Actinomycetia	0.1664	0.193	2771.0	SBP_bac_8;SBP_bac_1	Other Pfam	True
AF-A0A7V2H831-F1	0.08967390866625749	0.18866232959319376	-0.04493723108770968	0.4334	Phycisphaerae bacterium	Bacteria	Planctomycetota	Phycisphaerae	0.4504	0.204	1312.0	DUF900	DUF900	True
AF-A0A7V2P4X3-F1	-0.29180281111239936	0.07145801445621924	-0.06322687024150751	0.333175	Dehalococcoidia bacterium	Bacteria	Chloroflexi	Dehalococcoidia	0.329	0.148	2223.0		No Pfam hit	True
AF-A0A7V2RFV9-F1	-0.2845024312223775	0.033655228850304454	-0.060722911978342384	0.341475	Dehalococcoidia bacterium	Bacteria	Chloroflexi	Dehalococcoidia	0.3283	0.133	2096.0		No Pfam hit	True
AF-A0A7V3X2G3-F1	-0.27261378526660035	0.09612678140544834	0.2548187884803836	0.22297499999999998	Planctomycetota bacterium	Bacteria	Planctomycetota		0.2829	0.107	2740.0	CbiK;CbiX	Other Pfam	True
AF-A0A7V4HVB0-F1	0.09365921046719826	-0.13576315666892774	0.028785413103153155	0.59095	Planctomycetota bacterium	Bacteria	Planctomycetota		0.6367	0.164	670.0		No Pfam hit	True
AF-A0A7V5UK39-F1	0.09833796415947305	-0.13083536098139906	0.011590978502887603	0.633625	Planctomycetaceae bacterium	Bacteria	Planctomycetota	Planctomycetia	0.6642	0.171	458.0		No Pfam hit	True
AF-A0A7V6P9T7-F1	0.14958005584570785	0.1578578539427708	-0.0008234370915535553	0.5352250000000001	Brucella intermedia	Bacteria	Proteobacteria	Alphaproteobacteria	0.6133	0.157	1127.0	DUF900;Abhydrolase_6	DUF900	True
AF-A0A7V8B2S7-F1	0.14469573141539324	0.16068973477444007	-0.020355840135291903	0.5310999999999999	Brucella tritici	Bacteria	Proteobacteria	Alphaproteobacteria	0.5796	0.168	934.0	DUF900;Abhydrolase_6	DUF900	True
AF-A0A7V8RVK0-F1	0.002812506153066082	-0.2970851792916587	0.13134524713464252	0.44747499999999996	Mycobacteroides immunogenum	Bacteria	Actinobacteria	Actinomycetia	0.4857	0.12	1538.0		No Pfam hit	True
AF-A0A7V8XT97-F1	0.07811234709599282	-0.2757302297343042	0.1419303454212994	0.47985	Acidobacteria bacterium	Bacteria	Acidobacteria		0.5713	0.103	1213.0		No Pfam hit	True
AF-A0A7V9A9A1-F1	0.09943168547884303	-0.12725108231624666	0.02114804280892888	0.59295	Bremerella alba	Bacteria	Planctomycetota	Planctomycetia	0.6365	0.151	705.0		No Pfam hit	True
AF-A0A7V9FXD5-F1	0.03260838654889065	-0.30848688014058856	0.1626212841199715	0.48919999999999997	Pseudonocardiales bacterium	Bacteria	Actinobacteria	Actinomycetia	0.5512	0.111	1478.0		No Pfam hit	True
AF-A0A7V9N041-F1	-0.4481234012522051	0.18051838578908866	0.41852957169441074	0.183675	Alphaproteobacteria bacterium	Bacteria	Proteobacteria	Alphaproteobacteria	0.2067	0.146	2791.0	LppC;Peripla_BP_6;ANF_receptor	Periplasmic binding protein (CL0144)	True
AF-A0A7V9QN83-F1	0.050395467472910856	-0.16948336213633028	-0.020200395885619827	0.6056499999999999	Gemmatimonadaceae bacterium	Bacteria	Gemmatimonadetes	Gemmatimonadetes	0.6184	0.173	817.0	DUF900	DUF900	True
AF-A0A7V9VBB2-F1	-0.3223225343206157	0.11078128535810064	0.13266367175980792	0.11158499999999999	Chloroflexia bacterium	Bacteria	Chloroflexi	Chloroflexia	0.1385	0.172	2859.0	GTP-bdg_N;GTP-bdg_M;FeoB_N;MMR_HSR1	P-loop NTPase (CL0023)	True
AF-A0A7W0MWL7-F1	-0.1917590851975197	0.022166303305928017	0.027556297830247125	0.259075	Actinomycetia bacterium	Bacteria	Actinobacteria	Actinomycetia	0.3305	0.123	2300.0	VWA;VWA_4	Other Pfam	True
AF-A0A7W1E915-F1	0.0534724194032917	-0.14990372659275614	-0.002878652487428102	0.6029	Gemmatimonadaceae bacterium	Bacteria	Gemmatimonadetes	Gemmatimonadetes	0.6245	0.161	837.0	DUF900	DUF900	True
AF-A0A7W1SDW3-F1	0.07081278834733089	-0.293803929460872	0.1460543444907764	0.507525	Acidobacteria bacterium	Bacteria	Acidobacteria		0.6159	0.106	997.0		No Pfam hit	True
AF-A0A7W1U0F2-F1	0.15961501858609578	0.1612520650531991	0.028109436266144778	0.507725	Parachlamydiaceae bacterium	Bacteria	Chlamydiae	Chlamydiia	0.5604	0.168	848.0	DUF900	DUF900	True
AF-A0A7W2FYJ8-F1	0.03969216040945046	-0.0678503162345483	0.08163933946095454	0.46955	Flavobacterium sp. xlx-221	Bacteria	Bacteroidota	Flavobacteriia	0.5021	0.155	1410.0	DUF900	DUF900	True
AF-A0A7W2X665-F1	0.12534298817791958	0.0726427482604523	0.018240030337649486	0.535075	Enterobacter sp. RHBSTW-00901	Bacteria	Proteobacteria	Gammaproteobacteria	0.5569	0.183	630.0	DUF900	DUF900	True
AF-A0A7W3LPE0-F1	-0.1274290626703935	0.01319657490424523	-0.21306412415686332	0.42525	Actinomadura namibiensis	Bacteria	Actinobacteria	Actinomycetia	0.4353	0.154	1700.0	Abhydrolase_8	Other α/β hydrolase (CL0028)	True
AF-A0A7W3LPI2-F1	-0.13633220882094044	-0.00017259786406430603	-0.22496395535270808	0.43689999999999996	Actinomadura namibiensis	Bacteria	Actinobacteria	Actinomycetia	0.4673	0.184	1535.0	Abhydrolase_8	Other α/β hydrolase (CL0028)	True
AF-A0A7W3R9K5-F1	-0.1372762168217701	-0.016606981449015613	-0.18855025462539138	0.45599999999999996	Thermomonospora cellulosilytica	Bacteria	Actinobacteria	Actinomycetia	0.4605	0.16	1702.0	Abhydrolase_8	Other α/β hydrolase (CL0028)	True
AF-A0A7W3T0L3-F1	-0.4380631475422523	0.14996888257622426	0.3839617073689413	0.1492525	Streptomyces calidiresistens	Bacteria	Actinobacteria	Actinomycetia	0.1966	0.135	2760.0	Pkinase;PK_Tyr_Ser-Thr;Peripla_BP_6;ANF_receptor	Periplasmic binding protein (CL0144)	True
AF-A0A7W4H3Q3-F1	0.1757549860067474	0.26434102174276053	-0.025923527111015816	0.4788	Pseudomonas guryensis	Bacteria	Proteobacteria	Gammaproteobacteria	0.5442	0.195	1579.0	DUF900	DUF900	True
AF-A0A7W5D881-F1	0.17094248205127702	0.23522312827281755	-0.01952400416378633	0.48314999999999997	Variovorax sp. Sphag1AA	Bacteria	Proteobacteria	Betaproteobacteria	0.5883	0.141	1343.0	DUF900	DUF900	True
AF-A0A7W5E1J2-F1	0.08191164028956051	-0.15172271433220794	0.03332557341920321	0.5938	Rhodopirellula rubra	Bacteria	Planctomycetota	Planctomycetia	0.6613	0.156	398.0		No Pfam hit	True
AF-A0A7W5H9K0-F1	0.10735171791394872	-0.11754317555998295	0.037726933878202744	0.5761499999999999	Rhodopirellula rubra	Bacteria	Planctomycetota	Planctomycetia	0.6688	0.181	548.0		No Pfam hit	True
AF-A0A7W5LM64-F1	0.11671504776171504	0.19044048464847477	0.007964878529499628	0.4757	Rhizobium sp. BK313	Bacteria	Proteobacteria	Alphaproteobacteria	0.521	0.161	1471.0	DUF900;Abhydrolase_6	DUF900	True
AF-A0A7W5SLH7-F1	0.14312019363737874	0.1729515117411202	-0.008796579052396291	0.489675	Rhizobium sp. BK602	Bacteria	Proteobacteria	Alphaproteobacteria	0.5501	0.162	1071.0	DUF900;Abhydrolase_6	DUF900	True
AF-A0A7W5UFX7-F1	0.13838807366398032	0.1677626031100377	-0.03206335381616805	0.49529999999999996	Rhizobium sp. BK612	Bacteria	Proteobacteria	Alphaproteobacteria	0.565	0.165	1048.0	DUF900;Abhydrolase_6	DUF900	True
AF-A0A7W6DAV9-F1	0.15204214850867914	0.1660318115795316	-0.027078110739280115	0.51245	Rhizobium azooxidifex	Bacteria	Proteobacteria	Alphaproteobacteria	0.5778	0.177	1317.0	DUF900;Abhydrolase_6	DUF900	True
AF-A0A7W6G2L1-F1	0.13548097809584395	0.16165636007215645	-0.024577608660890607	0.5245500000000001	Rhizobium skierniewicense	Bacteria	Proteobacteria	Alphaproteobacteria	0.6294	0.154	1157.0	DUF900;Abhydrolase_6	DUF900	True
AF-A0A7W6HRB9-F1	0.13680890944074242	0.16983198914390013	-0.011297470544169325	0.5123249999999999	Rhizobium taibaishanense	Bacteria	Proteobacteria	Alphaproteobacteria	0.584	0.17	936.0	DUF900;Abhydrolase_6	DUF900	True
AF-A0A7W6JE27-F1	0.19917816922870324	0.11749833771071062	0.0034425967031225485	0.56055	Brevundimonas lenta	Bacteria	Proteobacteria	Alphaproteobacteria	0.6303	0.158	765.0	DUF900;Abhydrolase_6;LCAT	DUF900	True
AF-A0A7W6JWI7-F1	-0.010750941574795317	-0.06722945224507033	0.022769407264268838	0.433875	Sphingomonas kyeonggiensis	Bacteria	Proteobacteria	Alphaproteobacteria	0.4068	0.2	1660.0	DUF900	DUF900	True
AF-A0A7W6K453-F1	0.13436262290191767	0.06724140715688812	0.008291873879072044	0.547525	Rhizobium borbori	Bacteria	Proteobacteria	Alphaproteobacteria	0.5975	0.172	637.0	DUF900;Abhydrolase_6	DUF900	True
AF-A0A7W6LCL2-F1	0.09361700127977607	0.0037648917436551924	0.0034073949353820654	0.5979	Rhizobium rhizoryzae	Bacteria	Proteobacteria	Alphaproteobacteria	0.6035	0.157	525.0	DUF900	DUF900	True
AF-A0A7W6RWU1-F1	0.2033830700357755	0.12024777065436613	0.01499226510692515	0.56455	Roseospira goensis	Bacteria	Proteobacteria	Alphaproteobacteria	0.6218	0.134	909.0	DUF900	DUF900	True
AF-A0A7W7EJ59-F1	0.14044315440749805	0.16707611402801578	-0.01603111645155253	0.5108	Rhizobium leucaenae	Bacteria	Proteobacteria	Alphaproteobacteria	0.5718	0.17	938.0	DUF900;Abhydrolase_6	DUF900	True
AF-A0A7W7IB96-F1	-0.14192858664326738	-0.012091453224764697	-0.23713153874064596	0.449475	Actinomadura catellatispora	Bacteria	Actinobacteria	Actinomycetia	0.4666	0.185	1624.0	Abhydrolase_8	Other α/β hydrolase (CL0028)	True
AF-A0A7W7IBF3-F1	-0.14625092434826442	-0.007438825582100259	-0.19925506214871988	0.44892499999999996	Actinomadura catellatispora	Bacteria	Actinobacteria	Actinomycetia	0.4735	0.157	1639.0	Abhydrolase_8	Other α/β hydrolase (CL0028)	True
AF-A0A7W7JYR8-F1	0.02215586315392234	-0.07430355533151775	0.05099276562499071	0.46895	Sphingomonas kyeonggiensis	Bacteria	Proteobacteria	Alphaproteobacteria	0.4789	0.169	1503.0	DUF900	DUF900	True
AF-A0A7W7Q9E0-F1	-0.2765038173199242	-0.00826435620839201	-0.13139785781363947	0.348975	Actinophytocola algeriensis	Bacteria	Actinobacteria	Actinomycetia	0.3556	0.158	1892.0	Cutinase;PE-PPE	Other α/β hydrolase (CL0028)	True
AF-A0A7W7S6Y6-F1	0.026550467456087988	-0.3215211232549043	0.15589289333860862	0.45640000000000003	Kitasatospora gansuensis	Bacteria	Actinobacteria	Actinomycetia	0.5147	0.124	1576.0		No Pfam hit	True
AF-A0A7W8CCQ6-F1	-0.31329633326882156	-0.0069598245216268605	-0.2427050403845303	0.37495	Mycobacterium sp. AZCC_0083	Bacteria	Actinobacteria	Actinomycetia	0.4333	0.128	1776.0	Cutinase	Other α/β hydrolase (CL0028)	True
AF-A0A7W8CMH7-F1	-0.278871039768498	0.023030743601579758	-0.257431854406989	0.434525	Mycobacterium sp. AZCC_0083	Bacteria	Actinobacteria	Actinomycetia	0.4339	0.141	1737.0	Cutinase	Other α/β hydrolase (CL0028)	True
AF-A0A7W8X7V6-F1	0.12462197664753136	0.17210960395039268	-0.020329505597448096	0.452625	Rhizobium giardinii	Bacteria	Proteobacteria	Alphaproteobacteria	0.5506	0.155	1180.0	Pentapeptide;DUF900	DUF900	True
AF-A0A7W9BIA7-F1	0.1686434413510514	0.04146613244874116	-0.004308190583089773	0.6715	Loktanella ponticola	Bacteria	Proteobacteria	Alphaproteobacteria	0.6902	0.155	343.0	DUF900;Abhydrolase_6	DUF900	True
AF-A0A7W9D2B7-F1	0.1411072495917438	0.17393662162736928	-0.016300975741574793	0.506775	Rhizobium paranaense	Bacteria	Proteobacteria	Alphaproteobacteria	0.5817	0.179	1073.0	DUF900;Abhydrolase_6	DUF900	True
AF-A0A7W9EN18-F1	0.12867649471918444	0.1767244616442889	0.010708948872823998	0.4972	Brucella daejeonensis	Bacteria	Proteobacteria	Alphaproteobacteria	0.5858	0.143	1363.0	DUF900;Abhydrolase_6	DUF900	True
AF-A0A7W9JBU9-F1	-0.26745737633094185	-0.03071871921981824	-0.11768170628759896	0.36035	Kribbella italica	Bacteria	Actinobacteria	Actinomycetia	0.3472	0.126	1974.0	Cutinase;PE-PPE	Other α/β hydrolase (CL0028)	True
AF-A0A7W9V074-F1	-0.41412410500132896	0.13368362345130644	0.3799529977272895	0.14338	Streptomyces zagrosensis	Bacteria	Actinobacteria	Actinomycetia	0.2064	0.142	2751.0	Pkinase;PK_Tyr_Ser-Thr;Peripla_BP_6	Periplasmic binding protein (CL0144)	True
AF-A0A7X0CI87-F1	0.016173704401281495	-0.05038084835750215	0.048301516993170285	0.447725	Mucilaginibacter sp. X5P1	Bacteria	Bacteroidota	Sphingobacteriia	0.5163	0.153	1760.0		No Pfam hit	True
AF-A0A7X0FZD8-F1	-0.15084450462707727	-0.009313482420074223	-0.23637652323575312	0.43472500000000003	Actinomadura coerulea	Bacteria	Actinobacteria	Actinomycetia	0.466	0.163	1633.0	Abhydrolase_8	Other α/β hydrolase (CL0028)	True
AF-A0A7X0G185-F1	-0.13322298168194585	-0.010330142430112987	-0.22082521478076947	0.44384999999999997	Actinomadura coerulea	Bacteria	Actinobacteria	Actinomycetia	0.4502	0.163	1648.0	Abhydrolase_8	Other α/β hydrolase (CL0028)	True
AF-A0A7X0ISV3-F1	0.1311005192814843	0.15529436431539148	-0.028236018649792635	0.50175	Rhizobium lusitanum	Bacteria	Proteobacteria	Alphaproteobacteria	0.5819	0.157	903.0	DUF900;Abhydrolase_6	DUF900	True
AF-A0A7X1IS11-F1	0.14976499615808214	0.16460207154692066	-0.010562164858152364	0.534575	Ochrobactrum sp. CM-21-5	Bacteria	Proteobacteria	Alphaproteobacteria	0.6398	0.163	1043.0	DUF900;Abhydrolase_6	DUF900	True
AF-A0A7X1ZDP2-F1	0.20430922942614324	0.09594158591070395	0.010514734746632256	0.601225	Roseospira navarrensis	Bacteria	Proteobacteria	Alphaproteobacteria	0.6442	0.153	656.0	DUF900	DUF900	True
AF-A0A7X3LX47-F1	0.15836346058518738	0.06345257810660979	0.015477847149890565	0.567725	Stappia sediminis	Bacteria	Proteobacteria	Alphaproteobacteria	0.5794	0.204	352.0	DUF900;Abhydrolase_6	DUF900	True
AF-A0A7X4B0A9-F1	-0.41123271831023817	0.11957138035354638	0.37517759975678056	0.22717500000000002	Gemmatimonadetes bacterium	Bacteria	Gemmatimonadetes		0.2734	0.114	2713.0	Peripla_BP_6;Peripla_BP_5;ANF_receptor	Periplasmic binding protein (CL0144)	True
AF-A0A7X6H1C5-F1	0.15609417366462966	0.035314852455932626	-0.004248095112111661	0.6568	Roseibacterium persicicum	Bacteria	Proteobacteria	Alphaproteobacteria	0.6711	0.164	476.0	DUF900	DUF900	True
AF-A0A7X7FK24-F1	0.12325847450945893	0.29630431458070866	-0.019615191151460466	0.40659999999999996	Planctomycetota bacterium	Bacteria	Planctomycetota		0.4837	0.175	1559.0	DUF900	DUF900	True
AF-A0A7X7IP77-F1	0.11457487794909273	-0.11168377326472834	0.01745239217197667	0.578975	Pirellulaceae bacterium	Bacteria	Planctomycetota	Planctomycetia	0.5695	0.186	767.0		No Pfam hit	True
AF-A0A7X7MC43-F1	0.13826151045709623	0.28125872072624497	-0.008177932516374399	0.44437499999999996	Lentisphaerae bacterium	Bacteria	Lentisphaerae		0.5193	0.199	1537.0	DUF900	DUF900	True
AF-A0A7X7PEJ7-F1	0.03949378624594285	-0.2913249938783157	0.13919226247744027	0.5058499999999999	Rhodococcus sp.	Bacteria	Actinobacteria	Actinomycetia	0.5605	0.139	1259.0		No Pfam hit	True
AF-A0A7X7QH16-F1	0.10093423128419925	-0.15318126527206463	0.015826223107983158	0.67145	Pirellulaceae bacterium	Bacteria	Planctomycetota	Planctomycetia	0.7056	0.167	469.0	DUF900	DUF900	True
AF-A0A7X8SYM9-F1	0.13907843734380199	0.16500327337460638	-0.01894744733653985	0.513975	Rhizobium sp. P38BS-XIX	Bacteria	Proteobacteria	Alphaproteobacteria	0.5825	0.161	835.0	DUF900;Abhydrolase_6	DUF900	True
AF-A0A7Y0C3D3-F1	0.1709785426350676	0.03964195862503799	0.010169042814163424	0.6033250000000001	Polaromonas sp.	Bacteria	Proteobacteria	Betaproteobacteria	0.6426	0.165	510.0	DUF900	DUF900	True
AF-A0A7Y0CS68-F1	-0.14338171349878104	-0.007975309166720866	-0.20071850835091168	0.414925	Phycicoccus sp.	Bacteria	Actinobacteria	Actinomycetia	0.4205	0.188	1738.0	Abhydrolase_8	Other α/β hydrolase (CL0028)	True
AF-A0A7Y0PG21-F1	-0.13482242474908146	0.009632730691186052	-0.16814544497892936	0.4571	Actinoplanes sp. TBRC 11911	Bacteria	Actinobacteria	Actinomycetia	0.475	0.178	1561.0	Abhydrolase_8	Other α/β hydrolase (CL0028)	True
AF-A0A7Y1BG74-F1	0.17382559749117918	0.2547649145965373	-0.026799947063405192	0.485375	Pseudomonas sp. WS 5011	Bacteria	Proteobacteria	Gammaproteobacteria	0.5358	0.182	1616.0	DUF900	DUF900	True
AF-A0A7Y2AK92-F1	0.0832510142069719	-0.11887548372836845	0.0024224668159988035	0.60145	Pirellulaceae bacterium	Bacteria	Planctomycetota	Planctomycetia	0.6637	0.169	585.0		No Pfam hit	True
AF-A0A7Y2EF20-F1	-0.461244967565557	0.18327484560295515	0.40030616195353125	0.12334999999999999	Hyphomicrobiales bacterium	Bacteria	Proteobacteria	Alphaproteobacteria	0.1405	0.139	2853.0	LppC;Peripla_BP_6;ANF_receptor	Periplasmic binding protein (CL0144)	True
AF-A0A7Y2VN05-F1	0.15797519438580387	0.15728640979404468	0.0162549365304106	0.507425	Xanthomonadales bacterium	Bacteria	Proteobacteria	Gammaproteobacteria	0.5726	0.187	1066.0	DUF900;Abhydrolase_6	DUF900	True
AF-A0A7Y3DNA9-F1	0.14884134587811632	0.16451794985029872	0.027977278505017536	0.510025	Desulfobacterales bacterium	Bacteria	Proteobacteria	Deltaproteobacteria	0.5568	0.194	994.0	DUF900;Abhydrolase_6	DUF900	True
AF-A0A7Y3DZ03-F1	0.15921713078990418	0.16085168943065312	0.01853932640833205	0.491575	Xanthomonadales bacterium	Bacteria	Proteobacteria	Gammaproteobacteria	0.5671	0.2	1005.0	DUF900;Abhydrolase_6	DUF900	True
AF-A0A7Y3EV13-F1	0.1786450644662358	0.13082494420810256	0.004438136794551456	0.532375	Desulfobacterales bacterium	Bacteria	Proteobacteria	Deltaproteobacteria	0.5894	0.199	899.0	DUF900	DUF900	True
AF-A0A7Y3LQ16-F1	-0.41888982698990895	0.15508246000228834	0.39702180552137745	0.162275	Streptomyces sp. S3(2020)	Bacteria	Actinobacteria	Actinomycetia	0.2208	0.144	2569.0	Pkinase;PK_Tyr_Ser-Thr;Peripla_BP_6	Periplasmic binding protein (CL0144)	True
AF-A0A7Y3UK62-F1	0.060351796929984144	-0.10202408354577837	0.05199076474216157	0.59195	Planctomycetota bacterium	Bacteria	Planctomycetota		0.603	0.169	820.0	DUF900	DUF900	True
AF-A0A7Y4KXQ5-F1	-0.1695075049766698	0.010203252266827133	-0.11653493512247194	0.34672499999999995	Kribbella sandramycini	Bacteria	Actinobacteria	Actinomycetia	0.4342	0.19	1692.0	WXG100_2;Abhydrolase_8	Other α/β hydrolase (CL0028)	True
AF-A0A7Y5IWM7-F1	0.1869847520911013	0.2659159632552386	-0.02031319733831301	0.50015	Candidatus Omnitrophica bacterium	Bacteria	Candidatus Omnitrophica		0.5795	0.194	1252.0	DUF900	DUF900	True
AF-A0A7Y5LW95-F1	-0.004770345531851943	-0.07690824691103622	-0.05495646427716418	0.5629500000000001	Candidatus Brocadiae bacterium	Bacteria	Planctomycetota	Candidatus Brocadiia	0.5426	0.187	790.0		No Pfam hit	True
AF-A0A7Y6AIR7-F1	-0.14079047675780526	0.00981074235735318	-0.20038336421123532	0.44542499999999996	Streptomycetaceae bacterium	Bacteria	Actinobacteria	Actinomycetia	0.4517	0.16	1608.0	Abhydrolase_8	Other α/β hydrolase (CL0028)	True
AF-A0A7Y6GCT2-F1	-0.4111982379211793	0.14555241131982413	0.4067786594924321	0.161375	Streptomyces sp. CAI-85	Bacteria	Actinobacteria	Actinomycetia	0.2078	0.132	2775.0	Pkinase;PK_Tyr_Ser-Thr;Peripla_BP_6	Periplasmic binding protein (CL0144)	True
AF-A0A7Y6UR89-F1	0.1590506690121893	0.2096683556179157	-0.027534329023978923	0.509375	Ensifer sp. HO-A22	Bacteria	Proteobacteria	Alphaproteobacteria	0.5963	0.146	1035.0	DUF900	DUF900	True
AF-A0A7Y7DDE7-F1	0.16442636016946077	0.06803146424372514	0.0036881979909140694	0.55535	Cyclobacteriaceae bacterium	Bacteria	Bacteroidota	Cytophagia	0.6106	0.176	578.0	DUF900	DUF900	True
AF-A0A7Y7LVZ2-F1	0.16213845070990515	0.13826743538822547	-0.048193089854550356	0.5376	Variovorax sp. SG517	Bacteria	Proteobacteria	Betaproteobacteria	0.604	0.147	1107.0	DUF900	DUF900	True
AF-A0A7Y7NEF1-F1	0.15445122657445629	0.055286662662128665	0.057052038192212044	0.5378	Desulfuromonadales bacterium	Bacteria	Proteobacteria	Deltaproteobacteria	0.5478	0.175	531.0	DUF900	DUF900	True
AF-A0A7Y8SYK5-F1	-0.44452958805455883	0.1680112053059446	0.43451720910711317	0.142625	Alphaproteobacteria bacterium	Bacteria	Proteobacteria	Alphaproteobacteria	0.1586	0.152	2793.0	LppC;Peripla_BP_6	Periplasmic binding protein (CL0144)	True
AF-A0A7Y9BPU5-F1	-0.4422902179298377	0.17985139853522034	0.39260756248573625	0.12208250000000001	Streptomyces sp. BR123	Bacteria	Actinobacteria	Actinomycetia	0.1687	0.102	2750.0	Pkinase;PK_Tyr_Ser-Thr;Peripla_BP_6	Periplasmic binding protein (CL0144)	True
AF-A0A7Y9EMV2-F1	-0.12816393081492294	-0.0059347986118989515	-0.20894733005950503	0.45565	Actinomadura luteofluorescens	Bacteria	Actinobacteria	Actinomycetia	0.472	0.181	1662.0	Abhydrolase_8	Other α/β hydrolase (CL0028)	True
AF-A0A7Y9GG47-F1	-0.15458667370125864	-0.004361633157280727	-0.24571348515734956	0.4057	Actinomadura citrea	Bacteria	Actinobacteria	Actinomycetia	0.4382	0.157	1683.0	Abhydrolase_8	Other α/β hydrolase (CL0028)	True
AF-A0A7Y9GGD2-F1	-0.12598851654282764	-0.01394234155300568	-0.21061314075880175	0.45289999999999997	Actinomadura citrea	Bacteria	Actinobacteria	Actinomycetia	0.4721	0.176	1528.0	Abhydrolase_8	Other α/β hydrolase (CL0028)	True
AF-A0A7Y9HYH8-F1	0.1628792513623035	0.15304535406198397	-0.011553306863352276	0.47955000000000003	Mucilaginibacter sp. E4BP6	Bacteria	Bacteroidota	Sphingobacteriia	0.6242	0.112	1214.0	DUF900	DUF900	True
AF-A0A7Y9JJ16-F1	-0.14120120852027618	-0.006292688866046832	-0.23908271364532896	0.4527	Actinomadura luteofluorescens	Bacteria	Actinobacteria	Actinomycetia	0.484	0.153	1626.0	Abhydrolase_8	Other α/β hydrolase (CL0028)	True
AF-A0A7Z0TNS7-F1	0.16214724097631758	0.14530123936514577	0.0024223113595480033	0.53	Bradyrhizobium barranii subsp. barranii	Bacteria	Proteobacteria	Alphaproteobacteria	0.5631	0.163	915.0	DUF900;Abhydrolase_6	DUF900	True
AF-A0A7Z0WHK2-F1	-0.2547407709573515	-0.008152019707349717	-0.11639349422620471	0.34550000000000003	Actinophytocola xinjiangensis	Bacteria	Actinobacteria	Actinomycetia	0.3563	0.148	1852.0	Cutinase;PE-PPE	Other α/β hydrolase (CL0028)	True
AF-A0A7Z7FPT6-F1	0.13897950069255055	0.15782960219616912	-0.023663752006233288	0.519425	Agrobacterium fabrum	Bacteria	Proteobacteria	Alphaproteobacteria	0.6046	0.132	1352.0	DUF900;Abhydrolase_6	DUF900	True
AF-A0A7Z9HVD4-F1	0.14936307405678106	0.013729264702048842	0.05461196539966279	0.5746249999999999	Candidatus Hydrogenedentes bacterium	Bacteria	Candidatus Hydrogenedentes		0.5935	0.168	490.0	DUF900	DUF900	True
AF-A0A7Z9PRH7-F1	-0.14563168747405328	-0.010403411112153538	-0.08711847668099483	0.296875	Phycisphaerales bacterium	Bacteria	Planctomycetota	Phycisphaerae	0.3529	0.122	2307.0		No Pfam hit	True
AF-A0A810L836-F1	-0.1833511719963478	-0.0414171611389437	-0.22799689977236726	0.4161	Actinocatenispora sera	Bacteria	Actinobacteria	Actinomycetia	0.4332	0.136	1703.0	Abhydrolase_8	Other α/β hydrolase (CL0028)	True
AF-A0A812F5V9-F1	0.0694498062820544	-0.21087421399933445	0.024369892753926373	0.782	Candidatus Nitrosotenuis uzonensis	Archaea	Thaumarchaeota		0.7446	0.275	97.0	DUF900;DUF676;DUF726	DUF900	True
AF-A0A812FVZ4-F1	0.15192839380958828	-0.008998031231109397	0.0070243223245039545	0.63	Vibrio sp. B1FIG11	Bacteria	Proteobacteria	Gammaproteobacteria	0.6026	0.187	613.0	DUF900;DUF676	DUF900	True
AF-A0A822V3K0-F1	0.12768225856289603	0.16387695760475135	-0.02111172607035491	0.511975	Agrobacterium tumefaciens str. B6	Bacteria	Proteobacteria	Alphaproteobacteria	0.5755	0.169	1156.0	DUF900;Abhydrolase_6	DUF900	True
AF-A0A829HUF1-F1	0.0692165617083939	-0.3058963825454233	0.17366440548285775	0.44472500000000004	Mycobacteroides abscessus subsp. bolletii CRM-0020	Bacteria	Actinobacteria	Actinomycetia	0.468	0.108	1675.0		No Pfam hit	True
AF-A0A829MGA4-F1	0.05527210553978052	-0.3067871767603825	0.16206685757450226	0.4486	Mycobacteroides abscessus MAB_091912_2446	Bacteria	Actinobacteria	Actinomycetia	0.4691	0.104	1644.0		No Pfam hit	True
AF-A0A829PVD5-F1	0.048822575223026195	-0.30514387072343846	0.14844462976166053	0.39925	Mycobacteroides abscessus MAB_030201_1075	Bacteria	Actinobacteria	Actinomycetia	0.4694	0.103	1602.0		No Pfam hit	True
AF-A0A829PYX9-F1	0.061026768259598366	-0.31181865562947736	0.16460201024203572	0.49924999999999997	Mycobacteroides abscessus 21	Bacteria	Actinobacteria	Actinomycetia	0.4756	0.096	1603.0		No Pfam hit	True
AF-A0A829QJJ6-F1	0.053878685191184585	-0.3125428535373003	0.15754445987961851	0.403925	Mycobacteroides abscessus 1948	Bacteria	Actinobacteria	Actinomycetia	0.4662	0.103	1653.0		No Pfam hit	True
AF-A0A830EFI2-F1	0.08285338598517832	-0.15195736632854384	0.015639429724318834	0.8001499999999999	Haloarcula sebkhae	Archaea	Euryarchaeota	Halobacteria	0.7828	0.332	70.0	DUF900;DUF726	DUF900	True
AF-A0A830EM12-F1	0.042226268089613876	-0.15578910302898105	-0.0016767243201298008	0.7251000000000001	Haloarcula sebkhae	Archaea	Euryarchaeota	Halobacteria	0.7155	0.273	280.0	DUF900;DUF726	DUF900	True
AF-A0A830FVE2-F1	0.08860281687495185	-0.15530890328404515	0.03367285929749895	0.7949999999999999	Haloarcula salaria	Archaea	Euryarchaeota	Halobacteria	0.7819	0.326	73.0	DUF900;DUF726	DUF900	True
AF-A0A832FMN5-F1	0.11397925471122433	0.037910966286452866	0.04598200144780765	0.5326000000000001	Planctomycetales bacterium	Bacteria	Planctomycetota	Planctomycetia	0.5635	0.192	732.0	DUF900;Abhydrolase_6	DUF900	True
AF-A0A832M7G1-F1	-0.030655236053597	-0.07442122644675304	-0.038170163355205136	0.5684750000000001	Phycisphaerae bacterium	Bacteria	Planctomycetota	Phycisphaerae	0.5765	0.171	888.0		No Pfam hit	True
AF-A0A832RSQ7-F1	0.06111476328555944	-0.20460464026696162	0.018119813439058524	0.78355	Candidatus Nitrosotenuis sp.	Archaea	Thaumarchaeota		0.7439	0.262	145.0	DUF900;DUF726	DUF900	True
AF-A0A832SNB6-F1	0.06812542131534151	-0.19996476805441946	0.02019494890581337	0.8006	Nitrosopumilus sp.	Archaea	Thaumarchaeota		0.7374	0.267	150.0	DUF900;DUF726	DUF900	True
AF-A0A832VRI6-F1	0.06235701845394549	-0.20157764068251036	0.025325630935211375	0.778375	Candidatus Nitrosotenuis sp.	Archaea	Thaumarchaeota		0.7361	0.254	209.0	DUF900;DUF726	DUF900	True
AF-A0A832YBJ8-F1	0.06916929568556196	-0.18971688203063966	0.038665943738612055	0.7948500000000001	Candidatus Nitrosopelagicus sp.	Archaea	Thaumarchaeota		0.7232	0.261	140.0	DUF900;DUF676;Cutinase;DUF726	DUF900	True
AF-A0A833D4T7-F1	0.14579224915284683	0.18628475260950006	-0.04707731786604468	0.530475	Hyphomicrobiaceae bacterium	Bacteria	Proteobacteria	Alphaproteobacteria	0.5856	0.144	1065.0	DUF900;Abhydrolase_6	DUF900	True
AF-A0A833G320-F1	0.1569791577840629	0.1777094791355228	-0.017008772814342977	0.518625	Bauldia sp.	Bacteria	Proteobacteria	Alphaproteobacteria	0.5761	0.184	999.0	DUF900;Abhydrolase_6	DUF900	True
AF-A0A835SJB9-F1	0.06795265658401083	-0.18565024492192367	0.0088778652852005	0.799975	Nitrosopumilales archaeon	Archaea	Thaumarchaeota		0.7465	0.245	119.0	DUF900;DUF676;Cutinase;DUF726	DUF900	True
AF-A0A835WXQ3-F1	0.062490374605842385	-0.1886086278736689	0.032216213660003955	0.7913749999999999	Nitrosopumilales archaeon	Archaea	Thaumarchaeota		0.7372	0.27	106.0	DUF900;DUF676;Cutinase;DUF726	DUF900	True
AF-A0A835X6I0-F1	0.07485765472638595	-0.19489884918700023	0.02046208601477062	0.8048500000000001	Nitrosopumilales archaeon	Archaea	Thaumarchaeota		0.7517	0.253	194.0	DUF900;DUF676;DUF726	DUF900	True
AF-A0A835X6S7-F1	-0.04765575749459324	-0.15536330978751764	-0.0012000629392736066	0.60385	Nitrosopumilales archaeon	Archaea	Thaumarchaeota		0.411	0.293	743.0	DUF900	DUF900	True
AF-A0A835X8W0-F1	0.05940164866967257	-0.18450553107048043	0.021147823962837785	0.7683	Nitrosopumilales archaeon	Archaea	Thaumarchaeota		0.7136	0.249	158.0	DUF900;DUF676;DUF726	DUF900	True
AF-A0A836BMH8-F1	0.07659840951883744	-0.1846239347044763	0.027164302616035772	0.79935	Nitrosopumilales archaeon	Archaea	Thaumarchaeota		0.7468	0.241	131.0	DUF900;DUF676;DUF726	DUF900	True
AF-A0A836RJR7-F1	0.09682830738143879	-0.11166624198568982	0.049945900900534815	0.591125	Planctomycetaceae bacterium	Bacteria	Planctomycetota	Planctomycetia	0.6792	0.199	581.0		No Pfam hit	True
AF-A0A836V8R3-F1	0.07033334685694634	-0.190717817913477	0.02962994525216199	0.7837	Candidatus Nitrosopelagicus sp.	Archaea	Thaumarchaeota		0.7177	0.272	176.0	DUF900;DUF726;Cutinase	DUF900	True
AF-A0A837D936-F1	-0.2678286437711532	-0.00642723046833093	-0.12443823817116896	0.32345	Saccharomonospora viridis	Bacteria	Actinobacteria	Actinomycetia	0.3316	0.126	2289.0	PE-PPE;Cutinase	Other α/β hydrolase (CL0028)	True
AF-A0A837ZYM1-F1	0.0406689610974378	-0.3077379956997158	0.16919024683987552	0.483975	Mycobacteroides sp. LB1	Bacteria	Actinobacteria	Actinomycetia	0.5746	0.123	1297.0		No Pfam hit	True
AF-A0A838AIQ6-F1	0.06424514439534398	-0.19656720175206302	0.022400010215698707	0.78755	Nitrosarchaeum sp.	Archaea	Thaumarchaeota		0.727	0.273	221.0	DUF900;DUF726	DUF900	True
AF-A0A838E9R4-F1	0.0563471232297279	-0.3030448599609421	0.16663495386943278	0.460075	Euzebyales bacterium	Bacteria	Actinobacteria	Nitriliruptoria	0.5546	0.11	1432.0		No Pfam hit	True
AF-A0A838GUY6-F1	0.08739946117818637	-0.2811390052721137	0.13805636750896233	0.544375	Euzebyales bacterium	Bacteria	Actinobacteria	Nitriliruptoria	0.6252	0.118	1080.0		No Pfam hit	True
AF-A0A838HWS1-F1	0.04082280624208582	-0.27366449017111627	0.13306894389788043	0.46975	Euzebyaceae bacterium	Bacteria	Actinobacteria	Nitriliruptoria	0.5468	0.1	1289.0		No Pfam hit	True
AF-A0A838K355-F1	0.058024082052805244	-0.30262947868966855	0.15027767159443975	0.538375	Euzebyaceae bacterium	Bacteria	Actinobacteria	Nitriliruptoria	0.6183	0.106	1119.0		No Pfam hit	True
AF-A0A838PUN4-F1	0.04644129421417553	-0.3051940399039477	0.13321022556864567	0.495675	Euzebyaceae bacterium	Bacteria	Actinobacteria	Nitriliruptoria	0.5847	0.117	985.0		No Pfam hit	True
AF-A0A838QXU4-F1	0.10950552083585391	-0.1123322139802403	-0.005231407631465534	0.640275	Pirellulales bacterium	Bacteria	Planctomycetota	Planctomycetia	0.6709	0.177	400.0		No Pfam hit	True
AF-A0A838TZW7-F1	0.0452259246349699	-0.2235565801140083	0.04648077951281982	0.69725	Nitrosopumilus sp.	Archaea	Thaumarchaeota		0.7512	0.279	93.0	DUF900;DUF726	DUF900	True
AF-A0A838W7R1-F1	0.06792026921250409	-0.17118402395375779	0.05964240805641952	0.683625	Nitrosopumilus sp.	Archaea	Thaumarchaeota		0.7543	0.284	91.0	DUF900	DUF900	True
AF-A0A838YJC3-F1	0.06613935668762708	-0.20637999468485183	0.034559538101264074	0.7937500000000001	Nitrosopumilus sp.	Archaea	Thaumarchaeota		0.7288	0.259	153.0	DUF900;DUF726	DUF900	True
AF-A0A839LJA4-F1	0.19144574482931928	0.11715195071545552	-0.02232340657165289	0.47675	Mitsuaria sp. WAJ17	Bacteria	Proteobacteria	Betaproteobacteria	0.5402	0.147	1078.0	DUF900	DUF900	True
AF-A0A839NIV7-F1	0.019770503688969734	-0.07658458226704178	0.07755762199702537	0.42425	Sphingobacterium sp. JUb56	Bacteria	Bacteroidota	Sphingobacteriia	0.4524	0.156	1251.0	DUF900	DUF900	True
AF-A0A839Q4N1-F1	-0.29869711175100316	0.0040145348426295245	-0.23520694381520954	0.379825	Mycolicibacterium iranicum	Bacteria	Actinobacteria	Actinomycetia	0.3314	0.131	1934.0	Cutinase	Other α/β hydrolase (CL0028)	True
AF-A0A840AT44-F1	0.16163136209416096	0.24440484543956154	-0.02887186550532784	0.432775	Kaistia hirudinis	Bacteria	Proteobacteria	Alphaproteobacteria	0.473	0.221	1526.0	DUF900	DUF900	True
AF-A0A840BRC5-F1	0.10411002192300334	0.1173831576368651	-0.06983469782629224	0.536725	Chelatococcus caeni	Bacteria	Proteobacteria	Alphaproteobacteria	0.5668	0.135	1169.0	DUF900;Abhydrolase_6	DUF900	True
AF-A0A840FEY4-F1	0.16522832345470895	0.16613355167853971	-0.05923673525445765	0.5056	Variovorax guangxiensis	Bacteria	Proteobacteria	Betaproteobacteria	0.5656	0.154	1421.0	DUF900	DUF900	True
AF-A0A840S8I9-F1	-0.1352166151298753	-0.030976456674487184	-0.038265783978458784	0.33930000000000005	Inhella inkyongensis	Bacteria	Proteobacteria	Betaproteobacteria	0.4393	0.128	1630.0		No Pfam hit	True
AF-A0A841BSP7-F1	-0.1346128234033688	-0.03675974362832799	-0.016324768133494434	0.42355	Allocatelliglobosispora scoriae	Bacteria	Actinobacteria	Actinomycetia	0.4433	0.111	1861.0	DUF676;PGAP1	DUF676	True
AF-A0A841KAQ2-F1	0.11470096652733316	0.1084943118402364	-0.05977792320821327	0.55945	Chelatococcus composti	Bacteria	Proteobacteria	Alphaproteobacteria	0.5993	0.136	953.0	DUF900	DUF900	True
AF-A0A841MUR3-F1	0.18226125624910605	0.05881546687373024	0.015013113351617147	0.5846750000000001	Algoriphagus iocasae	Bacteria	Bacteroidota	Cytophagia	0.627	0.182	379.0	DUF900	DUF900	True
AF-A0A841P908-F1	-0.16979991709637307	-0.026818587336373913	-0.011674485015398695	0.38575	Mesorhizobium sangaii	Bacteria	Proteobacteria	Alphaproteobacteria	0.36	0.128	2321.0		No Pfam hit	True
AF-A0A842N555-F1	0.0689333547574312	-0.17796782143453854	0.01383057418738774	0.80325	Candidatus Nitrosopelagicus sp.	Archaea	Thaumarchaeota		0.7399	0.28	101.0	DUF900;Cutinase;DUF726	DUF900	True
AF-A0A842N6W6-F1	-0.037982172316558954	-0.16981397160095468	0.0017721042275956759	0.6192500000000001	Candidatus Nitrosopelagicus sp.	Archaea	Thaumarchaeota		0.4173	0.306	1057.0		No Pfam hit	True
AF-A0A842NTQ9-F1	0.07186370259699738	-0.20251903127760376	0.011177607713565145	0.79425	Nitrosopumilus sp.	Archaea	Thaumarchaeota		0.7318	0.274	206.0	DUF900;DUF676;DUF726	DUF900	True
AF-A0A842NU99-F1	0.06857876715538057	-0.1770882163536171	0.01923420804784539	0.78535	Thaumarchaeota archaeon	Archaea	Thaumarchaeota		0.7255	0.283	142.0	DUF900;DUF676;Cutinase;DUF726	DUF900	True
AF-A0A842P7L1-F1	0.07437559592718755	-0.19295129647980752	0.01780062802646761	0.8096	Nitrosopumilus sp.	Archaea	Thaumarchaeota		0.7555	0.278	114.0	DUF900;DUF726	DUF900	True
AF-A0A842PMT6-F1	0.08064536330195037	-0.18168618170703302	0.01534967318838385	0.93	Haloferax sp. AS1	Archaea	Euryarchaeota	Halobacteria	0.9302	0.703	25.0		No Pfam hit	True
AF-A0A842Q411-F1	0.06389953873125259	-0.19024858763643532	0.03447399094559784	0.7922750000000001	Nitrososphaeraceae archaeon	Archaea	Thaumarchaeota	Nitrososphaeria	0.7764	0.315	65.0	DUF900;DUF726	DUF900	True
AF-A0A842Q6H6-F1	-0.030149376406429656	-0.056012473218112466	0.018811063462449557	0.5317000000000001	Nitrososphaeraceae archaeon	Archaea	Thaumarchaeota	Nitrososphaeria	0.4796	0.236	898.0	DUF900	DUF900	True
AF-A0A842Q7N0-F1	0.08299317380992252	-0.11771985069255247	0.05014628245603791	0.5636	Nitrososphaeraceae archaeon	Archaea	Thaumarchaeota	Nitrososphaeria	0.4846	0.324	341.0	DUF900;DUF726	DUF900	True
AF-A0A843BE77-F1	0.08995753267804145	-0.16556213404723005	0.04236623592450014	0.78145	Thaumarchaeota archaeon	Archaea	Thaumarchaeota		0.7172	0.237	301.0		No Pfam hit	True
AF-A0A843BN56-F1	0.069568884668121	-0.2072199003611913	0.019056133072018533	0.794025	Nitrosopumilus sp.	Archaea	Thaumarchaeota		0.7385	0.272	138.0	DUF900;DUF726	DUF900	True
AF-A0A843CQI4-F1	0.0752582291566091	-0.2103219226419782	0.03906192154022057	0.804125	Candidatus Nitrosotenuis sp.	Archaea	Thaumarchaeota		0.7431	0.266	134.0	DUF900;DUF726	DUF900	True
AF-A0A844AHI1-F1	0.16170267460241955	0.227052094376891	-0.02639655631881321	0.48435	Sinorhizobium fredii	Bacteria	Proteobacteria	Alphaproteobacteria	0.5961	0.142	1097.0	DUF900	DUF900	True
AF-A0A844B427-F1	0.15884488880389333	0.043961013308231406	0.008014632051564663	0.6282	Rhodovulum strictum	Bacteria	Proteobacteria	Alphaproteobacteria	0.647	0.19	669.0	DUF900	DUF900	True
AF-A0A844P1Q0-F1	0.1647146083540499	0.046337727081200895	0.001177900195756609	0.560675	Aliivibrio fischeri	Bacteria	Proteobacteria	Gammaproteobacteria	0.5578	0.157	419.0	DUF900	DUF900	True
AF-A0A845TZX0-F1	0.1740591990217163	0.01105269247885666	0.014778049075813104	0.5782750000000001	Acidipila sp.	Bacteria	Acidobacteria	Acidobacteriia	0.5813	0.181	411.0	DUF900	DUF900	True
AF-A0A845V2P0-F1	0.1732033360083116	0.23886483511848222	-0.0016791870916926545	0.52755	Wenzhouxiangella limi	Bacteria	Proteobacteria	Gammaproteobacteria	0.5999	0.181	1350.0	DUF900	DUF900	True
AF-A0A846GQ61-F1	-0.18464473958026936	-0.039164896781669234	-0.03517850032541948	0.386975	Moorena sp. SIO1G6	Bacteria	Cyanobacteria		0.3315	0.119	2221.0	PGAP1	Other α/β hydrolase (CL0028)	True
AF-A0A846HLV3-F1	0.15430977251800881	0.16206509701212665	0.026724959064600175	0.507	Halochromatium sp.	Bacteria	Proteobacteria	Gammaproteobacteria	0.5491	0.175	1132.0	DUF900	DUF900	True
AF-A0A846HMM9-F1	0.17422303538438533	0.24822724309626906	-0.016253212857909143	0.46085	Halochromatium sp.	Bacteria	Proteobacteria	Gammaproteobacteria	0.56	0.161	1356.0	DUF900	DUF900	True
AF-A0A846MY43-F1	-0.43991996845334874	0.17560543031715975	0.44232836098864997	0.15565	Rhizomicrobium palustre	Bacteria	Proteobacteria	Alphaproteobacteria	0.1764	0.105	2864.0	LppC;Peripla_BP_6;ANF_receptor	Periplasmic binding protein (CL0144)	True
AF-A0A846N5A7-F1	0.0639148650244374	-0.19886120615146238	0.034675087493360235	0.79175	Nitrosopumilaceae archaeon	Archaea	Thaumarchaeota		0.7326	0.262	184.0	DUF900;DUF726	DUF900	True
AF-A0A846PXN8-F1	0.06290680728237258	-0.18821666138826632	0.029475918403858246	0.7916	Nitrososphaeria archaeon	Archaea	Thaumarchaeota	Nitrososphaeria	0.7324	0.262	216.0	DUF900;DUF726	DUF900	True
AF-A0A846WJA4-F1	-0.3540027069704978	-0.007763722304746462	-0.1620903347519864	0.233675	Gordonia polyisoprenivorans	Bacteria	Actinobacteria	Actinomycetia	0.2625	0.124	2475.0	Cutinase	Other α/β hydrolase (CL0028)	True
AF-A0A846X4N3-F1	-0.2672569257960679	-0.009250224306826498	-0.20945566237017668	0.40065	Tsukamurella spumae	Bacteria	Actinobacteria	Actinomycetia	0.3713	0.131	1908.0	Cutinase	Other α/β hydrolase (CL0028)	True
AF-A0A846Z193-F1	-0.14192245944136625	-0.004936761327654911	-0.23668275667507443	0.41269999999999996	Actinomadura latina	Bacteria	Actinobacteria	Actinomycetia	0.4455	0.169	1634.0	Abhydrolase_8	Other α/β hydrolase (CL0028)	True
AF-A0A846Z2F9-F1	-0.14733373986056272	-0.007860537420550389	-0.20304033802723642	0.43872500000000003	Actinomadura latina	Bacteria	Actinobacteria	Actinomycetia	0.4565	0.151	1746.0	Abhydrolase_8	Other α/β hydrolase (CL0028)	True
AF-A0A847BPE6-F1	-0.4137470408877807	0.13882993366397367	0.43041442499860666	0.13640000000000002	Fastidiosipila sp.	Bacteria	Firmicutes	Clostridia	0.1689	0.087	2841.0	Peripla_BP_6;Peripla_BP_5;ANF_receptor	Periplasmic binding protein (CL0144)	True
AF-A0A847FBF2-F1	-0.293983410968476	0.05640553852363856	-0.07967015931993669	0.27149999999999996	Dehalococcoidales bacterium	Bacteria	Chloroflexi	Dehalococcoidia	0.2644	0.189	1922.0		No Pfam hit	True
AF-A0A847TIE2-F1	0.08474501505287461	-0.1645573349618283	0.02037736197707964	0.7603	Haloarcula rubripromontorii	Archaea	Euryarchaeota	Halobacteria	0.78	0.323	88.0	DUF900;DUF726	DUF900	True
AF-A0A847UBC2-F1	0.04469195759233712	-0.142907628215739	-0.004712591052804923	0.731825	Haloarcula argentinensis	Archaea	Euryarchaeota	Halobacteria	0.7163	0.257	317.0	DUF900;DUF726	DUF900	True
AF-A0A847UIV1-F1	0.08479340104070444	-0.15850268569654702	0.03470352461001833	0.795225	Haloarcula argentinensis	Archaea	Euryarchaeota	Halobacteria	0.7827	0.336	64.0	DUF900;DUF726	DUF900	True
AF-A0A847ZYG7-F1	-0.14079239999122917	-0.032083602821611545	-0.008684387277735876	0.32372500000000004	Phyllobacteriaceae bacterium	Bacteria	Proteobacteria	Alphaproteobacteria	0.4175	0.16	1481.0		No Pfam hit	True
AF-A0A848IS54-F1	0.16973554956889986	0.09222811632825237	0.009982609413191386	0.5415	Flammeovirgaceae bacterium KN852	Bacteria	Bacteroidota	Cytophagia	0.5564	0.192	665.0	DUF900	DUF900	True
AF-A0A848KN47-F1	-0.35532021453340606	0.02209413389016395	-0.14813725886224616	0.198375	Antrihabitans stalactiti	Bacteria	Actinobacteria	Actinomycetia	0.2915	0.126	2404.0	Cutinase	Other α/β hydrolase (CL0028)	True
AF-A0A848KQ60-F1	-0.2773072063755187	-0.011273149292032391	-0.24331847983122035	0.410825	Gordonia asplenii	Bacteria	Actinobacteria	Actinomycetia	0.3839	0.135	1799.0	Cutinase	Other α/β hydrolase (CL0028)	True
AF-A0A849EF80-F1	-0.4154712019021299	0.14590107121184098	0.4361267223656716	0.15605	Anderseniella sp.	Bacteria	Proteobacteria	Alphaproteobacteria	0.1655	0.148	2875.0	LppC;Peripla_BP_6;ANF_receptor	Periplasmic binding protein (CL0144)	True
AF-A0A849KBH3-F1	0.1563027792586805	0.18088005156099818	-0.03472725882428351	0.52325	[Ochrobactrum] soli	Bacteria	Proteobacteria	Alphaproteobacteria	0.5742	0.186	1042.0	DUF900;Abhydrolase_6	DUF900	True
AF-A0A849TYW7-F1	0.19534293368224728	0.07804527561776767	-0.014677728275739618	0.633775	Methylococcaceae bacterium	Bacteria	Proteobacteria	Gammaproteobacteria	0.6323	0.179	509.0	DUF900	DUF900	True
AF-A0A850DH91-F1	-0.3537850720321751	0.02425884319414112	-0.17026770488153375	0.223325	Mycobacteriaceae bacterium	Bacteria	Actinobacteria	Actinomycetia	0.3836	0.134	2287.0	Cutinase	Other α/β hydrolase (CL0028)	True
AF-A0A850J6N6-F1	-0.14711670950515054	0.0037669483372511996	-0.2444697915101277	0.417725	Actinomadura sp. BRA 177	Bacteria	Actinobacteria	Actinomycetia	0.443	0.141	1666.0	Abhydrolase_8	Other α/β hydrolase (CL0028)	True
AF-A0A850JDG8-F1	-0.1419531401674854	-0.006950795187703911	-0.21221566518990434	0.43895	Actinomadura sp. BRA 177	Bacteria	Actinobacteria	Actinomycetia	0.4509	0.161	1734.0	Abhydrolase_8	Other α/β hydrolase (CL0028)	True
AF-A0A850Q499-F1	0.17396520583409045	0.050269919427046124	0.03540892121635856	0.612125	Donghicola mangrovi	Bacteria	Proteobacteria	Alphaproteobacteria	0.6233	0.182	422.0	DUF900	DUF900	True
AF-A0A850RHC8-F1	0.1688087886418265	0.14902544509373641	0.027657794133984337	0.495875	Allochromatium humboldtianum	Bacteria	Proteobacteria	Gammaproteobacteria	0.5079	0.217	1217.0	DUF900	DUF900	True
AF-A0A852W642-F1	-0.19628837860594578	-0.009018112953170844	-0.1643750038302652	0.31525000000000003	Pseudonocardia antarctica	Bacteria	Actinobacteria	Actinomycetia	0.3881	0.158	2030.0	Abhydrolase_8	Other α/β hydrolase (CL0028)	True
AF-A0A853AQ80-F1	-0.26149332130671293	-0.0031953922795001036	-0.12366553283639377	0.329175	Saccharopolyspora hordei	Bacteria	Actinobacteria	Actinomycetia	0.348	0.115	2261.0	Cutinase;Abhydrolase_8;PE-PPE	Other α/β hydrolase (CL0028)	True
AF-A0A857D0Y7-F1	0.21459144186119036	0.07843437003572291	0.038146070324892756	0.584125	Microcystis aeruginosa FD4	Bacteria	Cyanobacteria		0.602	0.164	823.0	DUF900	DUF900	True
AF-A0A857MAL3-F1	-0.29045019189951377	-0.004834011501159539	-0.18459698829575533	0.320625	Gordonia amarae	Bacteria	Actinobacteria	Actinomycetia	0.3913	0.099	1789.0	Cutinase	Other α/β hydrolase (CL0028)	True
AF-A0A858CK74-F1	0.17064965379984257	0.051699363041202546	0.02577491424722576	0.6143000000000001	Rhodobacteraceae bacterium SC52	Bacteria	Proteobacteria	Alphaproteobacteria	0.6437	0.167	554.0	DUF900	DUF900	True
AF-A0A859QDD9-F1	0.1634182311738633	0.21423280341208892	-0.0362714508585306	0.48317499999999997	Ensifer mexicanus	Bacteria	Proteobacteria	Alphaproteobacteria	0.6046	0.148	1392.0	DUF900	DUF900	True
AF-A0A871BD94-F1	0.07086509056545423	-0.18405031308984407	0.0050221520516786945	0.9193	Haloferax gibbonsii	Archaea	Euryarchaeota	Halobacteria	0.9194	0.724	14.0		No Pfam hit	True
AF-A0A895AJU1-F1	0.08572301130893309	-0.20241642817549474	-0.00464999735469194	0.9108	Halobacterium sp. GSL-19	Archaea	Euryarchaeota	Halobacteria	0.9106	0.669	32.0	DUF900	DUF900	True
AF-A0A8B2HRE8-F1	0.061878690899761474	-0.19436500391571032	0.03198867302062663	0.806925	Nitrosopumilus sp. K4	Archaea	Thaumarchaeota		0.7496	0.255	172.0	DUF900;Cutinase;DUF726	DUF900	True
AF-A0A8B5X948-F1	-0.44647079292789066	0.17413009047523437	0.428210400553832	0.16870000000000002	Sphaerobacteraceae bacterium	Bacteria	Chloroflexi	Thermomicrobia	0.2461	0.134	2754.0	Peripla_BP_5;Peripla_BP_6;ANF_receptor	Periplasmic binding protein (CL0144)	True
AF-A0RXE4-F1	0.02719965231901512	-0.17892422737182165	0.01060952292246057	0.6917	Cenarchaeum symbiosum A	Archaea	Thaumarchaeota		0.6205	0.324	233.0		No Pfam hit	True
AF-A1THA8-F1	-0.2844562137071364	0.003919801129404697	-0.24569686557711282	0.40607499999999996	Mycolicibacterium vanbaalenii PYR-1	Bacteria	Actinobacteria	Actinomycetia	0.3717	0.127	1876.0	Cutinase	Other α/β hydrolase (CL0028)	True
AF-A1UQK3-F1	-0.38016668904885587	0.03974699297069937	-0.16959859606177277	0.223425	Mycobacterium sp. KMS	Bacteria	Actinobacteria	Actinomycetia	0.2683	0.125	2469.0	Cutinase	Other α/β hydrolase (CL0028)	True
AF-A3HTD6-F1	0.1867526540340137	0.06134170215593516	0.01553680307179951	0.5660000000000001	Algoriphagus machipongonensis	Bacteria	Bacteroidota	Cytophagia	0.6162	0.173	451.0	DUF900	DUF900	True
AF-A3IWN6-F1	0.211585020890769	0.059831198633346315	0.02235075910776935	0.5965	Crocosphaera chwakensis CCY0110	Bacteria	Cyanobacteria		0.6474	0.129	941.0	DUF900	DUF900	True
AF-A3JN70-F1	0.16024330431107606	0.058934136571833065	0.029260733996094586	0.59	Rhodobacteraceae bacterium HTCC2150	Bacteria	Proteobacteria	Alphaproteobacteria	0.6246	0.171	553.0	DUF900	DUF900	True
AF-A3TTQ3-F1	0.006647238606975676	-0.06537889756262057	-0.002285393618618912	0.527275	Pseudooceanicola batsensis HTCC2597	Bacteria	Proteobacteria	Alphaproteobacteria	0.5199	0.188	1032.0	DUF900	DUF900	True
AF-A3ZR67-F1	0.09378401123000325	0.1678968159389226	-0.030401644714723643	0.4103	Blastopirellula marina DSM 3645	Bacteria	Planctomycetota	Planctomycetia	0.5338	0.179	927.0	DUF900	DUF900	True
AF-A3ZTX3-F1	0.09707326982171102	-0.11794001165896105	0.032833405084211814	0.60595	Blastopirellula marina DSM 3645	Bacteria	Planctomycetota	Planctomycetia	0.6482	0.168	654.0		No Pfam hit	True
AF-A4A484-F1	0.17637299310549193	0.21696200141959832	0.00788354849117358	0.46075	Congregibacter litoralis KT71	Bacteria	Proteobacteria	Gammaproteobacteria	0.5523	0.152	1520.0	DUF900	DUF900	True
AF-A4T482-F1	-0.2733054937009482	0.02071298543185887	-0.244224384385792	0.38875	Mycolicibacterium gilvum PYR-GCK	Bacteria	Actinobacteria	Actinomycetia	0.3015	0.168	1993.0	Cutinase	Other α/β hydrolase (CL0028)	True
AF-A5CUI5-F1	-0.2775455140051954	-0.0065327555788595075	-0.18534690506418433	0.3629	Clavibacter michiganensis subsp. michiganensis NCPPB 382	Bacteria	Actinobacteria	Actinomycetia	0.2909	0.123	2055.0	Cutinase	Other α/β hydrolase (CL0028)	True
AF-A6WW02-F1	0.1436289906187562	0.1569195282972476	-0.019620461926196597	0.532525	Brucella anthropi ATCC 49188	Bacteria	Proteobacteria	Alphaproteobacteria	0.6103	0.155	1058.0	DUF900;Abhydrolase_6	DUF900	True
AF-A7N0J4-F1	0.15485144692314212	-0.0010052241478548044	-0.00631955228018356	0.65855	Vibrio campbellii CAIM 519 = NBRC 15631 = ATCC 25920	Bacteria	Proteobacteria	Gammaproteobacteria	0.6631	0.175	540.0	DUF900	DUF900	True
AF-A8TAZ0-F1	0.14525957851967733	-0.0033794610526561284	-0.013248906476044937	0.6533	Vibrio sp. AND4	Bacteria	Proteobacteria	Gammaproteobacteria	0.6518	0.189	528.0	DUF900	DUF900	True
AF-A9A2E7-F1	0.07220455459764796	-0.20431802499703608	0.00858127448750351	0.80735	Nitrosopumilus maritimus SCM1	Archaea	Thaumarchaeota		0.7278	0.271	183.0	DUF900;DUF726	DUF900	True
AF-A9B888-F1	-0.46109301463619423	0.13707251829234302	0.39467323465196463	0.228275	Herpetosiphon aurantiacus DSM 785	Bacteria	Chloroflexi	Chloroflexia	0.2702	0.14	2770.0	Peripla_BP_6;Peripla_BP_5	Periplasmic binding protein (CL0144)	True
AF-A9CXD0-F1	0.13793961272737124	0.169519205246149	-0.01343185459595003	0.500575	Hoeflea phototrophica DFL-43	Bacteria	Proteobacteria	Alphaproteobacteria	0.557	0.147	1264.0	DUF900;Abhydrolase_6	DUF900	True
AF-B0BYR5-F1	0.1640374315840823	0.03786537106406705	0.015539516452278327	0.5528	Acaryochloris marina MBIC11017	Bacteria	Cyanobacteria		0.5595	0.192	768.0	DUF900	DUF900	True
AF-B0PFD9-F1	-0.43979573550133877	0.14134822209116574	0.4294823623001263	0.1439	Anaerotruncus colihominis DSM 17241	Bacteria	Firmicutes	Clostridia	0.1569	0.123	2865.0	Peripla_BP_6;Peripla_BP_5;ANF_receptor	Periplasmic binding protein (CL0144)	True
AF-B1MHA4-F1	0.0495013758474711	-0.3131667170163657	0.1468885431261599	0.4815	Mycobacteroides abscessus ATCC 19977	Bacteria	Actinobacteria	Actinomycetia	0.467	0.099	1643.0		No Pfam hit	True
AF-B1WT43-F1	0.21171886906806567	0.07959795188251208	0.011580980028983954	0.5565249999999999	Crocosphaera subtropica ATCC 51142	Bacteria	Cyanobacteria		0.6166	0.13	1076.0	DUF900	DUF900	True
AF-B2IC33-F1	0.11240071699109139	0.1203756069270137	-0.025625110564246833	0.535	Beijerinckia indica subsp. indica ATCC 9039	Bacteria	Proteobacteria	Alphaproteobacteria	0.6128	0.142	1185.0	DUF900;Abhydrolase_6	DUF900	True
AF-B3T9R0-F1	0.04807735669037179	-0.13780992005548776	0.0030354191399940334	0.7280500000000001	uncultured marine crenarchaeote HF4000_APKG7F19	Archaea	Thaumarchaeota		0.6363	0.286	254.0	DUF900;DUF676;DUF726;Cutinase	DUF900	True
AF-B3V596-F1	0.07076086738200826	-0.18462688933054452	0.02625836331370088	0.78875	uncultured marine crenarchaeote KM3-47-D6	Archaea	Thaumarchaeota		0.7138	0.272	199.0	DUF900;DUF726	DUF900	True
AF-B4F3A2-F1	-0.36192281119505787	0.022788001099937675	-0.16671394704946677	0.233975	Prescottella equi	Bacteria	Actinobacteria	Actinomycetia	0.3285	0.19	2019.0	Cutinase	Other α/β hydrolase (CL0028)	True
AF-B5ESR2-F1	0.16510339980815625	0.04957676659550416	-0.007071821075740554	0.598775	Aliivibrio fischeri MJ11	Bacteria	Proteobacteria	Gammaproteobacteria	0.648	0.148	558.0	DUF900	DUF900	True
AF-B6B0C0-F1	0.1529503690645812	0.046437046735844784	0.006112584068020212	0.6387	Rhodobacteraceae bacterium HTCC2083	Bacteria	Proteobacteria	Alphaproteobacteria	0.6583	0.169	408.0	DUF900	DUF900	True
AF-B6BDP1-F1	0.14594071863475638	0.16739114285089501	-0.02911287254097134	0.486575	Rhodobacterales bacterium Y4I	Bacteria	Proteobacteria	Alphaproteobacteria	0.5934	0.158	842.0	Pentapeptide;Pentapeptide_3;DUF900	DUF900	True
AF-B8ELL6-F1	0.1341384443680155	0.1860821458396096	-0.025755742173803463	0.47775	Methylocella silvestris BL2	Bacteria	Proteobacteria	Alphaproteobacteria	0.5359	0.156	1327.0	DUF900;Abhydrolase_6	DUF900	True
AF-B8KIQ9-F1	0.18071402880407497	0.20938876880043622	0.0118861453305368	0.46165	gamma proteobacterium NOR5-3	Bacteria	Proteobacteria	Gammaproteobacteria	0.5402	0.168	1269.0	DUF900	DUF900	True
AF-B8KXS0-F1	0.17740961803363975	0.23579932742387763	0.008960519161408873	0.480475	Luminiphilus syltensis NOR5-1B	Bacteria	Proteobacteria	Gammaproteobacteria	0.5554	0.15	1472.0	DUF900	DUF900	True
AF-B9J8G5-F1	0.11245611666000067	0.17844114217998203	-0.0019361749984433143	0.46795	Agrobacterium radiobacter K84	Bacteria	Proteobacteria	Alphaproteobacteria	0.5308	0.166	1458.0	DUF900;Abhydrolase_6	DUF900	True
AF-B9LWQ7-F1	0.018083155835172903	-0.1737610858799021	-0.006438372699616742	0.6759000000000001	Halorubrum lacusprofundi ATCC 49239	Archaea	Euryarchaeota	Halobacteria	0.6936	0.259	321.0	DUF900;DUF726	DUF900	True
AF-C2FYE9-F1	0.026058349709678397	-0.08193648993975863	0.06518667645973626	0.47385	Sphingobacterium spiritivorum ATCC 33300	Bacteria	Bacteroidota	Sphingobacteriia	0.5097	0.169	1331.0	DUF900	DUF900	True
AF-C3KL46-F1	0.14166437333830878	0.23590036184491447	-0.040315570989480784	0.474025	Sinorhizobium fredii NGR234	Bacteria	Proteobacteria	Alphaproteobacteria	0.5959	0.139	1280.0	DUF900	DUF900	True
AF-C4WIH9-F1	0.14479301870976696	0.16354384207269834	-0.01836760566649908	0.53745	Brucella intermedia LMG 3301	Bacteria	Proteobacteria	Alphaproteobacteria	0.6254	0.156	954.0	DUF900;Abhydrolase_6	DUF900	True
AF-C6BZ67-F1	0.16593437420014284	0.006093947074670547	0.01904553628934444	0.6144000000000001	Maridesulfovibrio salexigens DSM 2638	Bacteria	Proteobacteria	Deltaproteobacteria	0.6382	0.166	736.0	DUF900	DUF900	True
AF-C7MZN2-F1	-0.2622767109118461	-0.013529819847053592	-0.10596979232892102	0.322675	Saccharomonospora viridis DSM 43017	Bacteria	Actinobacteria	Actinomycetia	0.344	0.121	2255.0	PE-PPE;Cutinase	Other α/β hydrolase (CL0028)	True
AF-C7PYU9-F1	-0.2813363758510651	0.09689305889227932	0.0458990722060591	0.20029999999999998	Catenulispora acidiphila DSM 44928	Bacteria	Actinobacteria	Actinomycetia	0.2193	0.101	2745.0	FMN_red	Other Pfam	True
AF-C7QHH5-F1	0.004868524925857968	-0.3210160948235916	0.056760940079908506	0.56785	Catenulispora acidiphila DSM 44928	Bacteria	Actinobacteria	Actinomycetia	0.63	0.14	771.0		No Pfam hit	True
AF-C8S4W9-F1	0.15060210939919416	0.06337506650714501	0.030212499775036022	0.5904499999999999	Rhodobacter sp. SW2	Bacteria	Proteobacteria	Alphaproteobacteria	0.6172	0.17	552.0	DUF900	DUF900	True
AF-D0LFD8-F1	-0.3744538238787488	0.04224868124609195	-0.17239367641324188	0.195875	Gordonia bronchialis DSM 43247	Bacteria	Actinobacteria	Actinomycetia	0.2499	0.154	2309.0	Cutinase	Other α/β hydrolase (CL0028)	True
AF-D2QXN3-F1	0.1195309916397218	-0.1070197376966206	0.023785672495563112	0.533725	Pirellula staleyi DSM 6068	Bacteria	Planctomycetota	Planctomycetia	0.6037	0.163	943.0		No Pfam hit	True
AF-D3RST6-F1	0.17703974312768453	0.23656995176720105	-0.021205013914063132	0.4568	Allochromatium vinosum DSM 180	Bacteria	Proteobacteria	Gammaproteobacteria	0.5408	0.14	1473.0	DUF900	DUF900	True
AF-D5EPC2-F1	0.16723698738579854	0.23204011980074973	-0.005742084235845269	0.44165	Coraliomargarita akajimensis DSM 45221	Bacteria	Verrucomicrobia	Opitutae	0.5165	0.136	1582.0	DUF900	DUF900	True
AF-D5UXM3-F1	-0.27292661692721865	-0.01416984577647859	-0.20853981154950765	0.39949999999999997	Tsukamurella paurometabola DSM 20162	Bacteria	Actinobacteria	Actinomycetia	0.3816	0.101	1957.0	Cutinase	Other α/β hydrolase (CL0028)	True
AF-D5VKS8-F1	0.1992613983481937	0.09385015864722485	0.0032370933786891307	0.56335	Caulobacter segnis ATCC 21756	Bacteria	Proteobacteria	Alphaproteobacteria	0.588	0.206	724.0	DUF900;Abhydrolase_6	DUF900	True
AF-D7CH41-F1	-0.41815656486319114	0.14599957790587298	0.4222403993639336	0.147295	Streptomyces bingchenggensis BCW-1	Bacteria	Actinobacteria	Actinomycetia	0.1948	0.151	2801.0	Pkinase;PK_Tyr_Ser-Thr;Peripla_BP_6;ANF_receptor	Periplasmic binding protein (CL0144)	True
AF-D7VPL8-F1	0.033118525328995216	-0.07506587879075798	0.06928363941195503	0.4714	Sphingobacterium spiritivorum ATCC 33861	Bacteria	Bacteroidota	Sphingobacteriia	0.5069	0.149	1304.0	DUF900	DUF900	True
AF-D9I5P0-F1	-0.3612090542987595	0.01928701906853704	-0.16876882561121176	0.24125	Prescottella equi	Bacteria	Actinobacteria	Actinomycetia	0.3283	0.186	2011.0	Cutinase	Other α/β hydrolase (CL0028)	True
AF-E0RZX4-F1	-0.29948256385666283	0.05220224792944653	0.16489767869451175	0.11199500000000001	Butyrivibrio proteoclasticus B316	Bacteria	Firmicutes	Clostridia	0.1336	0.132	2820.0	Phosphonate-bd	Other Pfam	True
AF-E0TGN9-F1	0.1460400833193791	0.13171229545600197	-0.013076229633034241	0.42812500000000003	Parvularcula bermudensis HTCC2503	Bacteria	Proteobacteria	Alphaproteobacteria	0.5558	0.126	1143.0	DUF900;Abhydrolase_6	DUF900	True
AF-E6TNK1-F1	-0.290125267392655	0.012892569704628412	-0.24036051565818384	0.39592499999999997	Mycolicibacterium gilvum Spyr1	Bacteria	Actinobacteria	Actinomycetia	0.3705	0.137	1883.0	Cutinase	Other α/β hydrolase (CL0028)	True
AF-E7QRC8-F1	0.07283244030359536	-0.1780366416479553	-0.02865255579819816	0.87335	Haladaptatus paucihalophilus DX253	Archaea	Euryarchaeota	Halobacteria	0.8858	0.439	46.0	DUF900	DUF900	True
AF-E7QRC9-F1	0.0708448038133238	-0.17621092067386623	-0.014708053393466022	0.8906000000000001	Haladaptatus paucihalophilus DX253	Archaea	Euryarchaeota	Halobacteria	0.8841	0.588	37.0		No Pfam hit	True
AF-E7QUV3-F1	0.057626072105970635	-0.1842563762792507	0.015416973272356931	0.764	Haladaptatus paucihalophilus DX253	Archaea	Euryarchaeota	Halobacteria	0.7776	0.343	86.0	DUF726	DUF726	True
AF-F0NZ59-F1	0.03191042987276148	-0.09047113775146817	0.0510919295945285	0.49160000000000004	Weeksella virosa DSM 16922	Bacteria	Bacteroidota	Flavobacteriia	0.5064	0.136	1412.0	DUF900	DUF900	True
AF-F0SFZ4-F1	0.12009463730603845	-0.10939860015482364	0.04376869637007267	0.580325	Rubinisphaera brasiliensis DSM 5305	Bacteria	Planctomycetota	Planctomycetia	0.639	0.16	465.0		No Pfam hit	True
AF-F2B0W4-F1	0.061471566959454	-0.13240184225742685	0.025896038799857	0.5324249999999999	Rhodopirellula baltica WH47	Bacteria	Planctomycetota	Planctomycetia	0.6489	0.156	393.0		No Pfam hit	True
AF-F3KJK7-F1	-0.03989028576366525	-0.14943593933787527	0.011499878792606614	0.549175	Candidatus Nitrosarchaeum limnium SFB1	Archaea	Thaumarchaeota		0.4354	0.277	843.0	DUF900	DUF900	True
AF-F4XMS6-F1	-0.18470930521175227	-0.0359743028882145	-0.03363619532373941	0.39890000000000003	Moorena producens 3L	Bacteria	Cyanobacteria		0.3092	0.109	2248.0	PGAP1	Other α/β hydrolase (CL0028)	True
AF-F7XDW1-F1	0.15380055827326589	0.25225243500116307	-0.02129064640217501	0.46482500000000004	Sinorhizobium meliloti SM11	Bacteria	Proteobacteria	Alphaproteobacteria	0.521	0.135	1454.0	DUF900	DUF900	True
AF-F7YEK5-F1	-0.15359834163203281	-0.01004867234542383	5.7184824258939314e-05	0.34104999999999996	Mesorhizobium opportunistum WSM2075	Bacteria	Proteobacteria	Alphaproteobacteria	0.3574	0.139	2083.0		No Pfam hit	True
AF-F8UH34-F1	0.16037465588241143	0.26491635886045467	-0.0171510305691267	0.397125	uncultured microorganism	Metagenome (unassigned)			0.5575	0.148	1465.0	DUF900	DUF900	True
AF-F9CX96-F1	0.04581260522303182	-0.14965944112652507	0.0004363912440521678	0.7086	Nitrosarchaeum koreense MY1	Archaea	Thaumarchaeota		0.6337	0.281	263.0	DUF900;DUF726	DUF900	True
AF-F9U955-F1	0.1731426466659813	0.2451245470688356	-0.027618432084710518	0.47375	Thiocapsa marina 5811	Bacteria	Proteobacteria	Gammaproteobacteria	0.5712	0.139	1438.0	DUF900	DUF900	True
AF-F9VZD5-F1	-0.3481692115222807	0.07235984801951338	-0.14868052019779515	0.27585	Gordonia alkanivorans NBRC 16433	Bacteria	Actinobacteria	Actinomycetia	0.2312	0.172	2318.0	Cutinase	Other α/β hydrolase (CL0028)	True
AF-G0HXH4-F1	0.08596110256254716	-0.17095543126276902	0.027774626988498967	0.795075	Haloarcula hispanica ATCC 33960	Archaea	Euryarchaeota	Halobacteria	0.7841	0.326	75.0	DUF900;DUF726	DUF900	True
AF-G0I0G7-F1	0.029059615509236216	-0.1600917215168134	-0.010862204868338358	0.70825	Haloarcula hispanica ATCC 33960	Archaea	Euryarchaeota	Halobacteria	0.6977	0.255	326.0	DUF726;DUF900	DUF900	True
AF-G7GUG9-F1	-0.28703461817251	-0.004292022564828844	-0.2285141003157328	0.409575	Gordonia amarae NBRC 15530	Bacteria	Actinobacteria	Actinomycetia	0.3855	0.109	1851.0	Cutinase	Other α/β hydrolase (CL0028)	True
AF-G7H420-F1	-0.2588453043048519	0.018492911753520552	-0.23673552577056628	0.448025	Gordonia araii NBRC 100433	Bacteria	Actinobacteria	Actinomycetia	0.4151	0.116	1771.0	Cutinase	Other α/β hydrolase (CL0028)	True
AF-G8JYV1-F1	-0.39928852514119817	0.02683081118428161	-0.19378514299663238	0.19625	Rhodococcus fascians D188	Bacteria	Actinobacteria	Actinomycetia	0.1948	0.147	2425.0	Cutinase	Other α/β hydrolase (CL0028)	True
AF-G9A4C6-F1	0.16070558461170112	0.22792374598591	-0.028965363275432008	0.5099	Sinorhizobium fredii HH103	Bacteria	Proteobacteria	Alphaproteobacteria	0.6103	0.151	1075.0	DUF900	DUF900	True
AF-H0A830-F1	0.17846449910935347	0.1353291488439243	-0.017014853133578128	0.519325	Acetobacteraceae bacterium AT-5844	Bacteria	Proteobacteria	Alphaproteobacteria	0.5796	0.2	982.0	DUF900;Abhydrolase_6	DUF900	True
AF-H0F3R3-F1	0.16684423841683338	0.2730964802773937	-0.017488913451263285	0.45859999999999995	Achromobacter arsenitoxydans SY8	Bacteria	Proteobacteria	Betaproteobacteria	0.5479	0.119	1488.0	DUF900	DUF900	True
AF-H0JUB3-F1	-0.368017782035689	0.02194002735924936	-0.16647794655297166	0.2652	Rhodococcus pyridinivorans AK37	Bacteria	Actinobacteria	Actinomycetia	0.3528	0.132	2063.0	Cutinase	Other α/β hydrolase (CL0028)	True
AF-H5XN51-F1	-0.2684858372817319	-0.018671874896695077	-0.10025833248710898	0.33999999999999997	Saccharomonospora cyanea NA-134	Bacteria	Actinobacteria	Actinomycetia	0.3532	0.134	2099.0	Cutinase;PE-PPE	Other α/β hydrolase (CL0028)	True
AF-H6MTJ7-F1	-0.35300528835865486	-0.0003044588199985209	-0.16154835520433894	0.23347500000000002	Gordonia polyisoprenivorans VH2	Bacteria	Actinobacteria	Actinomycetia	0.2768	0.133	2416.0	Cutinase	Other α/β hydrolase (CL0028)	True
AF-H8GFA3-F1	-0.27061397599540177	-0.005382430459109672	-0.1148028942307464	0.324925	Saccharomonospora azurea NA-128	Bacteria	Actinobacteria	Actinomycetia	0.3668	0.126	2164.0	PE-PPE;Cutinase	Other α/β hydrolase (CL0028)	True
AF-H8YW71-F1	0.16883664929685543	0.2433026925326166	-0.025316210845670806	0.4727	Thiorhodovibrio sp. 970	Bacteria	Proteobacteria	Gammaproteobacteria	0.5788	0.13	1330.0	DUF900	DUF900	True
AF-H8YYM7-F1	0.1721698177861829	0.24514643112206227	-0.036466070003400644	0.48095	Thiorhodovibrio sp. 970	Bacteria	Proteobacteria	Gammaproteobacteria	0.5768	0.137	1416.0	DUF900	DUF900	True
AF-I0V4G3-F1	-0.2629015217273693	-0.017214289098406582	-0.12631903326428592	0.365875	Saccharomonospora xinjiangensis XJ-54	Bacteria	Actinobacteria	Actinomycetia	0.368	0.141	1924.0	Cutinase;PE-PPE	Other α/β hydrolase (CL0028)	True
AF-I1D6E6-F1	-0.2829589961397102	0.007103595488881924	-0.12144975291714816	0.2898	Saccharomonospora glauca K62	Bacteria	Actinobacteria	Actinomycetia	0.3497	0.124	2202.0	PE-PPE;Cutinase	Other α/β hydrolase (CL0028)	True
AF-I2ADP0-F1	-0.29286918595895334	0.002455257578830147	-0.24090482765717613	0.398775	Mycobacterium sp. MOTT36Y	Bacteria	Actinobacteria	Actinomycetia	0.4263	0.129	1720.0	Cutinase	Other α/β hydrolase (CL0028)	True
AF-I3D2F8-F1	0.0589935345565076	-0.1908266599968795	0.024979253232016094	0.811175	Candidatus Nitrosopumilus salaria BD31	Archaea	Thaumarchaeota		0.7522	0.272	163.0	DUF900;DUF726	DUF900	True
AF-I3R2Q4-F1	0.08178182450393946	-0.19916529105180922	0.0034101213547564047	0.9147	Haloferax mediterranei ATCC 33500	Archaea	Euryarchaeota	Halobacteria	0.9145	0.751	15.0	DUF900	DUF900	True
AF-I3X8T7-F1	0.15647346709749388	0.23543301883731657	-0.023368139438709478	0.41685	Sinorhizobium fredii USDA 257	Bacteria	Proteobacteria	Alphaproteobacteria	0.4599	0.192	1407.0	DUF900	DUF900	True
AF-I3Y6H9-F1	0.1523517451733784	0.21110184988487443	0.05558472790471094	0.40542500000000004	Thiocystis violascens DSM 198	Bacteria	Proteobacteria	Gammaproteobacteria	0.4509	0.212	1499.0	DUF900	DUF900	True
AF-I3YFC2-F1	0.05061442616920995	-0.11181985218409346	0.018647512090315684	0.633375	Thiocystis violascens DSM 198	Bacteria	Proteobacteria	Gammaproteobacteria	0.6083	0.222	410.0	DUF900	DUF900	True
AF-I4BRC3-F1	-0.2850512197316903	0.014009714378552482	-0.23313779323179576	0.3181	Mycolicibacterium chubuense NBB4	Bacteria	Actinobacteria	Actinomycetia	0.2953	0.178	2056.0	Cutinase	Other α/β hydrolase (CL0028)	True
AF-I4G754-F1	0.2055055340890203	0.08174124740210349	0.026588291541223087	0.604375	Microcystis aeruginosa PCC 9443	Bacteria	Cyanobacteria		0.6573	0.138	829.0	DUF900	DUF900	True
AF-J3A527-F1	0.07394955273562238	-0.1809229934490556	0.0024704874670633493	0.8913	Halogranum salarium B-1	Archaea	Euryarchaeota	Halobacteria	0.8973	0.623	35.0		No Pfam hit	True
AF-J3AAI0-F1	0.20736695578728254	0.09978231169762956	0.014638963289829334	0.598125	Caulobacter sp. AP07	Bacteria	Proteobacteria	Alphaproteobacteria	0.6811	0.176	689.0	DUF900;Abhydrolase_6	DUF900	True
AF-J7Q9A0-F1	-0.1268723097855426	-0.018889027568013195	-0.01681968450210134	0.307725	Methylocystis sp. SC2	Bacteria	Proteobacteria	Alphaproteobacteria	0.4194	0.142	1647.0		No Pfam hit	True
AF-J7QJB4-F1	0.09981861086368704	0.11862767006318087	-0.03491209749580585	0.511825	Methylocystis sp. SC2	Bacteria	Proteobacteria	Alphaproteobacteria	0.5821	0.134	1094.0	DUF900	DUF900	True
AF-K0B968-F1	0.06231211924623467	-0.2043801594732146	0.0232203337851497	0.7956500000000001	Candidatus Nitrosopumilus koreensis AR1	Archaea	Thaumarchaeota		0.7397	0.272	117.0	DUF900;DUF676;DUF726	DUF900	True
AF-K0BD28-F1	0.0708886107154996	-0.19318643644956188	0.022578924727462858	0.8045	Candidatus Nitrosopumilus sediminis	Archaea	Thaumarchaeota		0.7468	0.269	136.0	DUF900;DUF726	DUF900	True
AF-K0PS81-F1	0.1660152725316827	0.04742635510119686	0.024496830334443616	0.578825	Rhizobium mesoamericanum STM3625	Bacteria	Proteobacteria	Alphaproteobacteria	0.5933	0.157	688.0	DUF900;Abhydrolase_6	DUF900	True
AF-K0UR71-F1	-0.29216435932842555	0.0028224123389010273	-0.23494727992490722	0.40105	Mycolicibacterium vaccae ATCC 25954	Bacteria	Actinobacteria	Actinomycetia	0.3811	0.131	1831.0	Cutinase	Other α/β hydrolase (CL0028)	True
AF-K0USV1-F1	-0.23532613904335298	0.04367493818717973	-0.07984487388444099	0.292475	Mycolicibacterium vaccae ATCC 25954	Bacteria	Actinobacteria	Actinomycetia	0.3508	0.147	2235.0	PE-PPE	Other α/β hydrolase (CL0028)	True
AF-K0UXP9-F1	-0.2840532056623531	0.00979587971486551	-0.2501045275164369	0.45782500000000004	Mycolicibacterium vaccae ATCC 25954	Bacteria	Actinobacteria	Actinomycetia	0.4241	0.149	1758.0	Cutinase	Other α/β hydrolase (CL0028)	True
AF-K0VAQ7-F1	-0.2985400456162913	0.0015162920355671872	-0.23657812532202002	0.43732499999999996	Mycolicibacterium fortuitum subsp. fortuitum DSM 46621 = ATCC 6841 = JCM 6387	Bacteria	Actinobacteria	Actinomycetia	0.404	0.153	1786.0	Cutinase	Other α/β hydrolase (CL0028)	True
AF-K4QW30-F1	-0.40803774011073973	0.14630170120280916	0.3865662978885973	0.1543	Streptomyces davaonensis JCM 4913	Bacteria	Actinobacteria	Actinomycetia	0.1784	0.106	2861.0	Pkinase;PK_Tyr_Ser-Thr;Peripla_BP_6	Periplasmic binding protein (CL0144)	True
AF-K5D3T4-F1	0.06380848122889916	-0.14539244711613097	0.032512788521355196	0.5385	Rhodopirellula baltica SH28	Bacteria	Planctomycetota	Planctomycetia	0.6509	0.159	505.0		No Pfam hit	True
AF-K6UXL1-F1	-0.37349220439319086	0.018194529416260798	-0.16899090916972803	0.23922500000000002	Gordonia rhizosphera NBRC 16068	Bacteria	Actinobacteria	Actinomycetia	0.3055	0.119	2101.0	Cutinase	Other α/β hydrolase (CL0028)	True
AF-K6VW99-F1	-0.3297809949741169	0.007204938315214808	-0.1513271023663994	0.2217	Gordonia namibiensis NBRC 108229	Bacteria	Actinobacteria	Actinomycetia	0.2727	0.124	2410.0	Cutinase	Other α/β hydrolase (CL0028)	True
AF-K9D970-F1	0.07086975385972114	-0.2920575386901516	0.14067077253892213	0.48435	Sphingobium yanoikuyae ATCC 51230	Bacteria	Proteobacteria	Alphaproteobacteria	0.5759	0.081	1509.0		No Pfam hit	True
AF-K9GRC5-F1	0.1961578874783873	0.11130419230714708	-0.01783750443208882	0.561925	Caenispirillum salinarum AK4	Bacteria	Proteobacteria	Alphaproteobacteria	0.5856	0.174	864.0	DUF900	DUF900	True
AF-L0IC65-F1	0.05947478273359028	-0.1604172505947939	-0.008094301586329337	0.7603500000000001	Halovivax ruber XH-70	Archaea	Euryarchaeota	Halobacteria	0.7729	0.334	71.0	DUF900	DUF900	True
AF-L0J9N1-F1	-0.3791629179670889	0.046039844392112714	-0.19206502048464816	0.17732499999999998	Mycobacterium sp. JS623	Bacteria	Actinobacteria	Actinomycetia	0.2048	0.107	2687.0	Cutinase	Other α/β hydrolase (CL0028)	True
AF-L5NX43-F1	0.08135267784896745	-0.1837151169498178	0.001047867231045318	0.9194	Haloferax sp. BAB-2207	Archaea	Euryarchaeota	Halobacteria	0.9193	0.703	29.0		No Pfam hit	True
AF-L7CAY2-F1	0.07287404557838914	-0.12408355225609134	0.012673193004467094	0.5486	Rhodopirellula baltica SWK14	Bacteria	Planctomycetota	Planctomycetia	0.6242	0.157	580.0		No Pfam hit	True
AF-L7LCB6-F1	-0.28035220653458875	0.015709575908229016	-0.24729547091422976	0.3996	Gordonia hirsuta DSM 44140 = NBRC 16056	Bacteria	Actinobacteria	Actinomycetia	0.3722	0.12	1824.0	Cutinase	Other α/β hydrolase (CL0028)	True
AF-L8DNV6-F1	-0.3870875028522675	0.03447645396047947	-0.19808096579510265	0.177375	Rhodococcus sp. AW25M09	Bacteria	Actinobacteria	Actinomycetia	0.2113	0.14	2315.0	Cutinase	Other α/β hydrolase (CL0028)	True
AF-L8DV43-F1	-0.35716391848444584	0.019697436218404682	-0.1518708735947569	0.215975	Rhodococcus sp. AW25M09	Bacteria	Actinobacteria	Actinomycetia	0.2708	0.136	2167.0	Cutinase	Other α/β hydrolase (CL0028)	True
AF-L9WEY7-F1	0.0053418746588389686	-0.19759122576593055	0.024572121346770212	0.6973	Natronorubrum tibetense GA33	Archaea	Euryarchaeota	Halobacteria	0.7115	0.25	229.0		No Pfam hit	True
AF-L9YW73-F1	0.014239181203560986	-0.19016950365207863	0.02256535907842105	0.6699999999999999	Natrinema gari JCM 14663	Archaea	Euryarchaeota	Halobacteria	0.6737	0.237	243.0		No Pfam hit	True
AF-M0A7N1-F1	0.023343775165511154	-0.16387613167197823	-0.0074779611078451755	0.6283500000000001	Natrialba hulunbeirensis JCM 10989	Archaea	Euryarchaeota	Halobacteria	0.6608	0.278	260.0		No Pfam hit	True
AF-M0B4A0-F1	0.015860923461264526	-0.16262608702287853	-0.012074848929473582	0.59885	Natrialba chahannaoensis JCM 10990	Archaea	Euryarchaeota	Halobacteria	0.6423	0.277	290.0		No Pfam hit	True
AF-M0B9C6-F1	0.05045383048804018	-0.1605165324922024	-0.0069111556081142105	0.8000499999999999	Halovivax asiaticus JCM 14624	Archaea	Euryarchaeota	Halobacteria	0.7843	0.325	58.0	DUF900	DUF900	True
AF-M0DKL4-F1	0.030072427200490394	-0.14180819706809464	-0.019152287420904825	0.6993	Halorubrum terrestre JCM 10247	Archaea	Euryarchaeota	Halobacteria	0.6567	0.278	284.0	DUF900;DUF726	DUF900	True
AF-M0DND4-F1	0.0458012909172108	-0.16362841162832528	-0.01600774088754322	0.73105	Halorubrum tebenquichense DSM 14210	Archaea	Euryarchaeota	Halobacteria	0.7182	0.271	226.0	DUF900;DUF726	DUF900	True
AF-M0EE64-F1	0.050486484409294825	-0.14191366446234965	-0.0201577759793832	0.75185	Halorubrum californiense DSM 19288	Archaea	Euryarchaeota	Halobacteria	0.6733	0.28	239.0	DUF726	DUF726	True
AF-M0EH49-F1	0.04428729495426896	-0.1371721741913795	-0.0028965505553576283	0.7370000000000001	Halorubrum coriense DSM 10284	Archaea	Euryarchaeota	Halobacteria	0.6694	0.256	269.0	DUF726	DUF726	True
AF-M0EWG0-F1	0.026668350775083127	-0.13621364845791817	-0.019492326348564556	0.6992	Halorubrum distributum JCM 10118	Archaea	Euryarchaeota	Halobacteria	0.6284	0.285	289.0	DUF900;DUF726	DUF900	True
AF-M0F048-F1	0.034181066258346174	-0.1376035368669559	-0.011692246061915304	0.7099	Halorubrum distributum JCM 9100	Archaea	Euryarchaeota	Halobacteria	0.6534	0.273	299.0	DUF900;DUF726	DUF900	True
AF-M0FJT4-F1	0.0731218156410593	-0.18724303824010888	0.010381447032271457	0.9356	Haloferax sp. ATCC BAA-646	Archaea	Euryarchaeota	Halobacteria	0.9354	0.7	16.0		No Pfam hit	True
AF-M0FRY2-F1	0.06708992425171532	-0.18363287703293873	0.003965214463988904	0.9334	Haloferax sp. ATCC BAA-644	Archaea	Euryarchaeota	Halobacteria	0.9333	0.7	23.0		No Pfam hit	True
AF-M0FS72-F1	0.04175867697233931	-0.1616349399364672	-0.010018050417296125	0.728075	Halorubrum hochstenium ATCC 700873	Archaea	Euryarchaeota	Halobacteria	0.7056	0.265	256.0	DUF900;DUF726	DUF900	True
AF-M0G1X4-F1	0.07678635891053287	-0.18117782189824763	0.007026706473951622	0.9343	Haloferax sp. ATCC BAA-645	Archaea	Euryarchaeota	Halobacteria	0.9341	0.7	19.0		No Pfam hit	True
AF-M0GJN3-F1	0.08192244636039053	-0.1949074077454999	0.008247900551907588	0.9116	Haloferax lucentense DSM 14919	Archaea	Euryarchaeota	Halobacteria	0.9113	0.703	31.0		No Pfam hit	True
AF-M0GNP6-F1	0.07858572730788989	-0.19136069667153513	-0.006891102198991286	0.9283	Haloferax prahovense DSM 18310	Archaea	Euryarchaeota	Halobacteria	0.9283	0.72	6.0		No Pfam hit	True
AF-M0HFN7-F1	0.08188047068617163	-0.18557075964923847	0.0005382680790371085	0.9307	Haloferax gibbonsii ATCC 33959	Archaea	Euryarchaeota	Halobacteria	0.9305	0.724	12.0		No Pfam hit	True
AF-M0HUC4-F1	0.10282279572383043	-0.17350725469787415	0.012525923997961938	0.9309000000000001	Haloferax elongans ATCC BAA-1513	Archaea	Euryarchaeota	Halobacteria	0.9026	0.937	3.0	DUF900	DUF900	True
AF-M0I679-F1	0.08512416955621914	-0.19250740996213772	0.007792611928616549	0.9193	Haloferax alexandrinus JCM 10717	Archaea	Euryarchaeota	Halobacteria	0.9194	0.703	27.0		No Pfam hit	True
AF-M0I6U3-F1	0.09583269621332663	-0.18488178395984597	0.013964216181136309	0.9154	Haloferax mucosum ATCC BAA-1512	Archaea	Euryarchaeota	Halobacteria	0.9153	0.755	4.0		No Pfam hit	True
AF-M0JB42-F1	0.038691286260168434	-0.14110083450730146	-0.014470035314837688	0.72595	Haloarcula vallismortis ATCC 29715	Archaea	Euryarchaeota	Halobacteria	0.7213	0.258	292.0	DUF726;DUF900	DUF900	True
AF-M0JQ37-F1	0.03855412472805973	-0.15761277879100583	0.0031203868062989262	0.712175	Haloarcula californiae ATCC 33799	Archaea	Euryarchaeota	Halobacteria	0.7009	0.232	328.0	DUF900;DUF726	DUF900	True
AF-M0JSW2-F1	0.04036521075019747	-0.1577777254828477	0.0008961022841392477	0.7108749999999999	Haloarcula sinaiiensis ATCC 33800	Archaea	Euryarchaeota	Halobacteria	0.6983	0.256	329.0	DUF900;DUF726	DUF900	True
AF-M0K7H4-F1	0.0838204225053629	-0.16753742004469976	0.014415124194802486	0.794125	Haloarcula amylolytica JCM 13557	Archaea	Euryarchaeota	Halobacteria	0.7841	0.331	74.0	DUF900;DUF726	DUF900	True
AF-M0KAD2-F1	0.04583540796436685	-0.15532232326411086	0.00013866949497029322	0.73015	Haloarcula amylolytica JCM 13557	Archaea	Euryarchaeota	Halobacteria	0.7123	0.262	305.0	DUF726;DUF900	DUF900	True
AF-M0L5V9-F1	0.03455103512951568	-0.15036079327813387	-0.0022305295565206848	0.7139249999999999	Haloarcula japonica DSM 6131	Archaea	Euryarchaeota	Halobacteria	0.6898	0.232	325.0	DUF726;DUF900	DUF900	True
AF-M0NQ21-F1	0.029886682706375407	-0.14490390104796813	-0.0071003805060394845	0.72445	Halorubrum lipolyticum DSM 21995	Archaea	Euryarchaeota	Halobacteria	0.6606	0.268	288.0	DUF900;DUF726	DUF900	True
AF-M0P5T9-F1	0.025358018784861876	-0.1400180693904298	-0.013406673290134357	0.69465	Halorubrum litoreum JCM 13561	Archaea	Euryarchaeota	Halobacteria	0.6526	0.276	294.0	DUF900;DUF726	DUF900	True
AF-M0P7Z2-F1	0.014893574709177269	-0.18985260262660061	0.013994290787082113	0.6229750000000001	Halorubrum kocurii JCM 14978	Archaea	Euryarchaeota	Halobacteria	0.6788	0.253	318.0	DUF900;DUF726	DUF900	True
AF-M0PLF1-F1	0.01612275480657924	-0.18886555299432722	0.008336178371353082	0.6341749999999999	Halorubrum aidingense JCM 13560	Archaea	Euryarchaeota	Halobacteria	0.7128	0.237	249.0	DUF900;DUF726	DUF900	True
AF-M0PQK1-F1	0.03298227089676275	-0.13963131038412	-0.018827696793484432	0.70065	Halorubrum arcis JCM 13916	Archaea	Euryarchaeota	Halobacteria	0.6483	0.277	304.0	DUF900;DUF726	DUF900	True
AF-M2AMP5-F1	0.06557035057728773	-0.1263313749976981	0.026949498361398504	0.5304	Rhodopirellula europaea 6C	Bacteria	Planctomycetota	Planctomycetia	0.6509	0.157	426.0		No Pfam hit	True
AF-M2ZCQ6-F1	-0.36738232716752633	0.018078456098814182	-0.1666366326292511	0.262825	Rhodococcus ruber BKS 20-38	Bacteria	Actinobacteria	Actinomycetia	0.3398	0.125	2073.0	Cutinase;PE-PPE	Other α/β hydrolase (CL0028)	True
AF-M3UZQ9-F1	-0.26723671235508484	0.005087255282388591	-0.25159741389752105	0.450475	Gordonia malaquae NBRC 108250	Bacteria	Actinobacteria	Actinomycetia	0.4134	0.125	1775.0	Cutinase	Other α/β hydrolase (CL0028)	True
AF-M5JQD7-F1	0.15355246671210182	0.17908606831075694	-0.021292507600854365	0.5433	Brucella intermedia M86	Bacteria	Proteobacteria	Alphaproteobacteria	0.6326	0.158	1068.0	DUF900;Abhydrolase_6	DUF900	True
AF-M5RS80-F1	0.12845532667465673	-0.10565848009152572	0.02923728090061972	0.6335500000000001	Rhodopirellula maiorica SM1	Bacteria	Planctomycetota	Planctomycetia	0.6485	0.164	438.0		No Pfam hit	True
AF-M5S417-F1	0.07915298596563845	-0.1329014274134476	0.020958555470293832	0.565275	Rhodopirellula europaea SH398	Bacteria	Planctomycetota	Planctomycetia	0.6515	0.151	447.0		No Pfam hit	True
AF-M5T9M5-F1	0.08465120482090348	-0.15252135134967876	0.03211968535187329	0.5976	Rhodopirellula sp. SWK7	Bacteria	Planctomycetota	Planctomycetia	0.6556	0.145	446.0		No Pfam hit	True
AF-M5TDK4-F1	0.11360494472813187	-0.12086793853502135	0.033230503732252	0.5882000000000001	Rhodopirellula sp. SWK7	Bacteria	Planctomycetota	Planctomycetia	0.6593	0.168	618.0		No Pfam hit	True
AF-M5U5I5-F1	0.06872465589034746	-0.15568864985085773	0.03468571323896682	0.5377000000000001	Rhodopirellula sallentina SM41	Bacteria	Planctomycetota	Planctomycetia	0.6558	0.151	390.0		No Pfam hit	True
AF-M5U6U6-F1	0.11595042848620962	-0.11255126562787225	0.03604774400265261	0.5896	Rhodopirellula sallentina SM41	Bacteria	Planctomycetota	Planctomycetia	0.6435	0.179	729.0		No Pfam hit	True
AF-N6UXI4-F1	0.13407590476782055	0.15932741859892277	-0.018531555759744942	0.49860000000000004	Rhizobium freirei PRF 81	Bacteria	Proteobacteria	Alphaproteobacteria	0.5635	0.153	893.0	DUF900;Abhydrolase_6	DUF900	True
AF-P29978-F1	0.05617220588568475	-0.07645482315446528	-0.011214947865219422	0.590275	Nostoc sp. PCC 7120 = FACHB-418	Bacteria	Cyanobacteria		0.5878	0.116	570.0	DUF900	DUF900	True
AF-Q0A6M0-F1	0.16237223153968833	0.06653308532353672	0.009259117527205913	0.590875	Alkalilimnicola ehrlichii MLHE-1	Bacteria	Proteobacteria	Gammaproteobacteria	0.5691	0.194	344.0	DUF900;Abhydrolase_6	DUF900	True
AF-Q0C453-F1	-0.4374383075625571	0.1646329674824973	0.4102127365904525	0.154525	Hyphomonas neptunium ATCC 15444	Bacteria	Proteobacteria	Alphaproteobacteria	0.1855	0.11	2826.0	Peripla_BP_6	Periplasmic binding protein (CL0144)	True
AF-Q1K0C2-F1	0.17406977211033584	0.16539532562745946	-0.04031711979582713	0.54125	Desulfuromonas acetoxidans DSM 684	Bacteria	Proteobacteria	Deltaproteobacteria	0.5609	0.177	839.0	DUF900;Lipase_2	DUF900	True
AF-Q21I07-F1	0.15023760755801838	0.05642869224839326	-0.014173358538663148	0.63195	Saccharophagus degradans 2-40	Bacteria	Proteobacteria	Gammaproteobacteria	0.6694	0.15	751.0	DUF900	DUF900	True
AF-Q3M658-F1	0.058270594967002896	-0.06749530494515628	-0.025776896086550045	0.539275	Trichormus variabilis ATCC 29413	Bacteria	Cyanobacteria		0.6422	0.116	483.0	DUF900	DUF900	True
AF-Q5E187-F1	0.16688749547258355	0.04746868524823344	0.0062172454683736625	0.6158250000000001	Aliivibrio fischeri ES114	Bacteria	Proteobacteria	Gammaproteobacteria	0.6614	0.156	546.0	DUF900	DUF900	True
AF-Q5V658-F1	0.04131889561863809	-0.15312326065363388	0.004540234919048133	0.712075	Haloarcula marismortui ATCC 43049	Archaea	Euryarchaeota	Halobacteria	0.6997	0.252	323.0	DUF900;DUF726	DUF900	True
AF-Q6W231-F1	0.11381303628797206	0.17036468767558424	-0.035094419149170906	0.525	Sinorhizobium fredii NGR234	Bacteria	Proteobacteria	Alphaproteobacteria	0.5588	0.162	1257.0	DUF900	DUF900	True
AF-Q6XN97-F1	-0.38836229893435564	0.007307786302682823	-0.17855426584845177	0.21200000000000002	Rhodococcus erythropolis	Bacteria	Actinobacteria	Actinomycetia	0.2943	0.144	2357.0	Cutinase	Other α/β hydrolase (CL0028)	True
AF-Q7D1J3-F1	0.1336182622591951	0.16177235020247252	-0.02264646716152352	0.4933	Agrobacterium fabrum str. C58	Bacteria	Proteobacteria	Alphaproteobacteria	0.5705	0.163	1037.0	DUF900;Abhydrolase_6	DUF900	True
AF-Q7UW75-F1	0.05539201246405073	-0.14470170026549783	0.023227719538097127	0.5269999999999999	Rhodopirellula baltica SH 1	Bacteria	Planctomycetota	Planctomycetia	0.6221	0.159	496.0		No Pfam hit	True
AF-Q92YA4-F1	0.16066068516203394	0.2450510654894236	-0.02622804351724627	0.48030000000000006	Sinorhizobium meliloti 1021	Bacteria	Proteobacteria	Alphaproteobacteria	0.5807	0.138	1130.0	DUF900	DUF900	True
AF-Q98I05-F1	-0.17337841174643154	-0.023002566411413652	0.004909514599212429	0.346075	Mesorhizobium japonicum MAFF 303099	Bacteria	Proteobacteria	Alphaproteobacteria	0.395	0.142	2180.0		No Pfam hit	True
AF-R7N2Q0-F1	-0.3550304009080047	0.09528683597413846	0.257660865999754	0.17932499999999998	Firmicutes bacterium CAG:95	Bacteria	Firmicutes		0.1977	0.134	2765.0	ABC_sub_bind	Periplasmic binding protein (CL0144)	True
AF-R7WNA4-F1	-0.18876408241089448	-0.008845066282966621	-0.18865909230020655	0.313875	Rhodococcus rhodnii LMG 5362	Bacteria	Actinobacteria	Actinomycetia	0.43	0.136	1827.0	Abhydrolase_8	Other α/β hydrolase (CL0028)	True
AF-S2EV40-F1	0.07174332301163575	-0.18245503374880087	0.01322058034391486	0.795075	Candidatus Nitrosarchaeum limnium BG20	Archaea	Thaumarchaeota		0.727	0.26	188.0	DUF900;DUF726	DUF900	True
AF-S3IFQ8-F1	0.16801211509528058	0.0342440319129776	0.018483953160113403	0.5864499999999999	Rhizobium grahamii CCGE 502	Bacteria	Proteobacteria	Alphaproteobacteria	0.6138	0.167	405.0	DUF900;Abhydrolase_6	DUF900	True
AF-S9Q626-F1	0.17093323218079118	0.06296258988499644	0.0032734901300659675	0.6601999999999999	Litoreibacter arenae DSM 19593	Bacteria	Proteobacteria	Alphaproteobacteria	0.6867	0.144	409.0	DUF900;Abhydrolase_6	DUF900	True
AF-U1QZC6-F1	0.029200261575547184	-0.1810897209985892	0.026729463874606788	0.61425	halophilic archaeon J07HB67	Archaea	Euryarchaeota	Halobacteria	0.7407	0.247	228.0	DUF900;DUF726	DUF900	True
AF-U3C100-F1	0.16319229464553703	-0.013971032306226896	0.015713224607157888	0.6699499999999999	Vibrio azureus NBRC 104587	Bacteria	Proteobacteria	Gammaproteobacteria	0.6421	0.168	620.0	DUF900	DUF900	True
AF-U4V773-F1	0.17251774373520093	0.08870405778671464	0.04398580816641275	0.48262499999999997	Rhodobacteraceae bacterium HIMB11	Bacteria	Proteobacteria	Alphaproteobacteria	0.3896	0.198	1542.0	DUF900	DUF900	True
AF-V2Z3U5-F1	-0.3456301034068798	0.10044823870489367	0.26248522943164454	0.1898	Catonella morbi ATCC 51271	Bacteria	Firmicutes	Clostridia	0.1517	0.114	2730.0	ABC_sub_bind	Periplasmic binding protein (CL0144)	True
AF-V4J118-F1	0.13942312222936598	0.2808594720495262	0.032105519460832906	0.42665	Thiohalocapsa sp. PB-PSB1	Bacteria	Proteobacteria	Gammaproteobacteria	0.5101	0.175	1459.0	DUF900	DUF900	True
AF-V4JJA4-F1	0.17081730278412455	0.26630539793072044	-0.02638824563960396	0.42335	Thiohalocapsa sp. PB-PSB1	Bacteria	Proteobacteria	Gammaproteobacteria	0.4475	0.148	1429.0	DUF900	DUF900	True
AF-V4JQG3-F1	0.1837137371039479	0.2293912430747435	-0.013230015136959856	0.464825	Thiohalocapsa sp. PB-PSB1	Bacteria	Proteobacteria	Gammaproteobacteria	0.5395	0.134	1414.0	DUF900	DUF900	True
AF-V4KZJ6-F1	0.1881997397829509	0.08007577501815354	-0.025893503097004146	0.63245	Thiohalocapsa sp. PB-PSB1	Bacteria	Proteobacteria	Gammaproteobacteria	0.6571	0.142	716.0	DUF900;Abhydrolase_6	DUF900	True
AF-V4L9Q9-F1	0.13716011365695602	0.2919220176106432	0.006727449945141326	0.43727499999999997	Thiohalocapsa sp. PB-PSB1	Bacteria	Proteobacteria	Gammaproteobacteria	0.5096	0.179	1384.0	DUF900	DUF900	True
AF-V4RN74-F1	0.1354429121854097	0.17479239980561492	-0.019483699652368236	0.51145	Lutibaculum baratangense AMV1	Bacteria	Proteobacteria	Alphaproteobacteria	0.5772	0.178	1082.0	DUF900;Abhydrolase_6	DUF900	True
AF-V4YI03-F1	0.054806261586949345	-0.17763112597418249	0.03174232342427663	0.6571750000000001	uncultured archaeon A07HR60	Archaea			0.7378	0.243	246.0	DUF900;DUF726	DUF900	True
AF-V5TQ60-F1	0.08292593520164719	-0.16056588768447763	0.012319747870388378	0.79365	Haloarcula hispanica N601	Archaea	Euryarchaeota	Halobacteria	0.7826	0.327	89.0	DUF900;DUF726	DUF900	True
AF-V5TSK0-F1	0.030512872117308985	-0.1618195812693321	-0.01656697715373498	0.7138	Haloarcula hispanica N601	Archaea	Euryarchaeota	Halobacteria	0.6975	0.248	330.0	DUF726;DUF900	DUF900	True
AF-V6ASY8-F1	0.06627135183101181	-0.2101337332097755	0.030253750893577222	0.763425	Candidatus Nitrosotenuis uzonensis	Archaea	Thaumarchaeota		0.7301	0.276	181.0	DUF900;DUF676;DUF726	DUF900	True
AF-W0E1R8-F1	0.17897618273142493	0.27051793811755576	-0.022164506565004072	0.41964999999999997	Marichromatium purpuratum 984	Bacteria	Proteobacteria	Gammaproteobacteria	0.5525	0.166	1497.0	DUF900	DUF900	True
AF-W4LMZ9-F1	0.15728114002000637	-0.06161837589826595	0.03399244927835637	0.59045	Candidatus Entotheonella gemina	Bacteria	Candidatus Tectomicrobia		0.4588	0.233	885.0	DUF900	DUF900	True
AF-W5XYG6-F1	-0.3516839056607619	0.0030155434478079095	-0.08091623931203704	0.22294999999999998	Corynebacterium vitaeruminis DSM 20294	Bacteria	Actinobacteria	Actinomycetia	0.2782	0.11	2430.0	Cutinase	Other α/β hydrolase (CL0028)	True
AF-W6M6I7-F1	0.15943478121963242	0.06148084174413552	0.036903108434457724	0.5283	Candidatus Competibacter denitrificans Run_A_D11	Bacteria	Proteobacteria	Gammaproteobacteria	0.5305	0.173	653.0	DUF900	DUF900	True
AF-W7ICM0-F1	-0.2748743868542965	-0.009129494593263659	-0.12974776714591094	0.37070000000000003	Actinokineospora spheciospongiae	Bacteria	Actinobacteria	Actinomycetia	0.3777	0.141	2173.0	Cutinase;PE-PPE	Other α/β hydrolase (CL0028)	True
AF-W8RSB6-F1	0.14774292664026006	0.057170678711524245	0.019221350211280016	0.6167499999999999	Roseibacterium elongatum DSM 19469	Bacteria	Proteobacteria	Alphaproteobacteria	0.6358	0.152	645.0	DUF900	DUF900	True
AF-W9V258-F1	0.07295906962037121	-0.0720341958108944	0.0603078885450573	0.52675	Nitrincola nitratireducens	Bacteria	Proteobacteria	Gammaproteobacteria	0.6202	0.15	972.0	DUF900	DUF900	True
AF-X1CDR2-F1	0.10147588281586643	0.11613039893255828	-0.05604405606220401	0.599025	marine sediment metagenome	Metagenome (unassigned)			0.5384	0.174	895.0	DUF900	DUF900	True
AF-X1KGG2-F1	-0.32853343664218027	0.06518648352849032	-0.05588029956094528	0.2874	marine sediment metagenome	Metagenome (unassigned)			0.2561	0.171	2114.0		No Pfam hit	True
AF-X8DIZ8-F1	0.036644443489257154	-0.31941187221728895	0.13417233789358837	0.48205000000000003	Mycobacteroides abscessus subsp. bolletii 1513	Bacteria	Actinobacteria	Actinomycetia	0.4661	0.101	1651.0		No Pfam hit	True
hydrolase_2090_AF3	0.09330275156572036	-0.18792971104568282	0.009656191289012444	1.0	Haloferax larsenii s5a-1	Archaea	Halobacteriota	Halobacteria				DUF900	DUF900	True
AF-M0GTD3-F1					Haloferax larsenii JCM 13917	Archaea	Euryarchaeota	Halobacteria	0.9161	0.982	2.0	DUF900;DUF726	DUF900	False
AF-A0A847TSW2-F1					Haloferax alexandrinus	Archaea	Euryarchaeota	Halobacteria	0.9177	0.703	21.0		No Pfam hit	False
AF-A0A895AFD3-F1					Halobacterium sp. BOL4-2	Archaea	Euryarchaeota	Halobacteria	0.9095	0.669	34.0	DUF900	DUF900	False
AF-A0A0P9AVW8-F1					Nitrosopumilus sp. PRT-SC01	Archaea	Thaumarchaeota		0.7518	0.27	130.0	DUF900;DUF676;DUF726	DUF900	False
AF-A0A2G4J032-F1					Thaumarchaeota archaeon	Archaea	Thaumarchaeota		0.7439	0.261	178.0	DUF900;DUF726	DUF900	False
AF-A0A7K4ME88-F1					Marine Group I thaumarchaeote	Archaea	Thaumarchaeota		0.747	0.278	192.0	DUF900;Cutinase;DUF726	DUF900	False
AF-A0A447G3J9-F1					Nitrosopumilaceae archaeon	Archaea	Thaumarchaeota		0.7239	0.264	195.0	Abhydrolase_8;DUF726	DUF726	False
AF-A0A7K4N955-F1					Marine Group I thaumarchaeote	Archaea	Thaumarchaeota		0.7176	0.265	208.0	DUF900;DUF676;DUF726;Cutinase	DUF900	False
AF-U1QFF2-F1					Halorubrum sp. J07HR59	Archaea	Euryarchaeota	Halobacteria	0.7501	0.243	217.0	DUF900;DUF726	DUF900	False
AF-A0A7K4MBH5-F1					Marine Group I thaumarchaeote	Archaea	Thaumarchaeota		0.7373	0.276	223.0	DUF900;DUF676;Cutinase;DUF726	DUF900	False
AF-A0A256KGK5-F1					Halorubrum distributum	Archaea	Euryarchaeota	Halobacteria	0.6493	0.276	259.0	DUF900;DUF726	DUF900	False
AF-A0A2R6MNI7-F1					Halobacteriales archaeon SW_8_68_21	Archaea	Euryarchaeota	Halobacteria	0.6406	0.277	303.0	DUF900;DUF726	DUF900	False
AF-A0A857ZXC1-F1					Akkermansia muciniphila	Bacteria	Verrucomicrobia	Verrucomicrobiae	0.6923	0.209	320.0	DUF900	DUF900	False
AF-A0A5P9GDV6-F1					Ruegeria sp. THAF33	Bacteria	Proteobacteria	Alphaproteobacteria	0.7	0.183	346.0	DUF900;Abhydrolase_6	DUF900	False
AF-A0A7X6FWE6-F1					Rhodobacteraceae bacterium R_SAG9	Bacteria	Proteobacteria	Alphaproteobacteria	0.66	0.189	356.0	DUF900;Abhydrolase_6	DUF900	False
AF-A0A2E2EVZ7-F1					Nioella sp.	Bacteria	Proteobacteria	Alphaproteobacteria	0.6546	0.193	357.0	DUF900	DUF900	False
AF-A0A356ADQ9-F1					Planctomycetaceae bacterium	Bacteria	Planctomycetota	Planctomycetia	0.6739	0.159	367.0		No Pfam hit	False
AF-A0A2D8TKU2-F1					Dinoroseobacter sp.	Bacteria	Proteobacteria	Alphaproteobacteria	0.6659	0.189	376.0	DUF900	DUF900	False
AF-B8K747-F1					Vibrio sp. 16	Bacteria	Proteobacteria	Gammaproteobacteria	0.6279	0.188	380.0	DUF900	DUF900	False
AF-A0A2A4LPG0-F1					Flavobacteriaceae bacterium	Bacteria	Bacteroidota	Flavobacteriia	0.6099	0.197	403.0	DUF900	DUF900	False
AF-A0A7X7IVD5-F1					Lentisphaerae bacterium	Bacteria	Lentisphaerae		0.6778	0.196	418.0	DUF900;Abhydrolase_6	DUF900	False
AF-A0A517XCA8-F1					Gimesia maris	Bacteria	Planctomycetota	Planctomycetia	0.698	0.182	429.0		No Pfam hit	False
AF-A0A3L7V9K4-F1					Planctomycetota bacterium	Bacteria	Planctomycetota		0.6572	0.196	431.0	DUF900	DUF900	False
AF-A0A2E7KLF0-F1					Gimesia sp.	Bacteria	Planctomycetota	Planctomycetia	0.6274	0.209	463.0		No Pfam hit	False
AF-A0A812FW97-F1					Vibrio sp. B1FIG11	Bacteria	Proteobacteria	Gammaproteobacteria	0.6547	0.181	467.0	DUF900;DUF676	DUF900	False
AF-A0A561NJ17-F1					Caulobacter rhizosphaerae	Bacteria	Proteobacteria	Alphaproteobacteria	0.6312	0.186	470.0	DUF900;Abhydrolase_6	DUF900	False
AF-A0A2D7ED06-F1					Rhodopirellula sp.	Bacteria	Planctomycetota	Planctomycetia	0.6519	0.174	475.0	DUF900	DUF900	False
AF-A6C7E1-F1					Gimesia maris DSM 8797	Bacteria	Planctomycetota	Planctomycetia	0.7023	0.189	478.0		No Pfam hit	False
AF-A0A350KKU7-F1					Planctomycetaceae bacterium	Bacteria	Planctomycetota	Planctomycetia	0.7011	0.185	486.0		No Pfam hit	False
AF-A0A344KJP7-F1					Vibrio campbellii	Bacteria	Proteobacteria	Gammaproteobacteria	0.6489	0.181	489.0	DUF900	DUF900	False
AF-A0A518KXI8-F1					Planctomycetes bacterium TBK1r	Bacteria	Planctomycetota		0.6543	0.155	503.0		No Pfam hit	False
AF-A0A560L554-F1					Synechococcus sp. Ace-Pa	Bacteria	Cyanobacteria		0.6464	0.127	504.0	DUF900	DUF900	False
AF-A0A7W5QF48-F1					Rhizobium sp. BK381	Bacteria	Proteobacteria	Alphaproteobacteria	0.59	0.174	511.0	DUF900;Abhydrolase_6	DUF900	False
AF-A0A5A8BFS4-F1					Gimesia chilikensis	Bacteria	Planctomycetota	Planctomycetia	0.6911	0.181	521.0		No Pfam hit	False
AF-A0A7X5FKY4-F1					Vibrio sp. LB10LO1	Bacteria	Proteobacteria	Gammaproteobacteria	0.6445	0.184	527.0	DUF900;DUF676	DUF900	False
AF-A0A1E5AS05-F1					Aliivibrio fischeri	Bacteria	Proteobacteria	Gammaproteobacteria	0.607	0.162	534.0	DUF900	DUF900	False
AF-A0A2G2KQQ8-F1					Blastopirellula sp.	Bacteria	Planctomycetota	Planctomycetia	0.6502	0.204	555.0		No Pfam hit	False
AF-A0A7W7UKM7-F1					Aeromonas fluvialis	Bacteria	Proteobacteria	Gammaproteobacteria	0.6232	0.216	569.0	DUF900	DUF900	False
AF-A0A259Q9C5-F1					Thiomonas sp. 13-66-29	Bacteria	Proteobacteria	Betaproteobacteria	0.5923	0.186	576.0	DUF900	DUF900	False
AF-A0A2E3GVX8-F1					Planctomyces sp.	Bacteria	Planctomycetota	Planctomycetia	0.6243	0.171	579.0		No Pfam hit	False
AF-A0A259P2T1-F1					Thiomonas sp. 15-66-11	Bacteria	Proteobacteria	Betaproteobacteria	0.5973	0.189	594.0	DUF900	DUF900	False
AF-A0A2U4FXE6-F1					Vibrio campbellii	Bacteria	Proteobacteria	Gammaproteobacteria	0.6365	0.18	607.0	DUF900	DUF900	False
AF-A0A0A6T963-F1					Vibrio caribbeanicus	Bacteria	Proteobacteria	Gammaproteobacteria	0.5908	0.197	611.0	DUF900	DUF900	False
AF-A0A850E5E6-F1					Tardiphaga robiniae	Bacteria	Proteobacteria	Alphaproteobacteria	0.6173	0.166	617.0	DUF900;Abhydrolase_6	DUF900	False
AF-A0A2N1YXY9-F1					Gammaproteobacteria bacterium HGW-Gammaproteobacteria-13	Bacteria	Proteobacteria	Gammaproteobacteria	0.5485	0.185	647.0	DUF900	DUF900	False
AF-A0A853NEC9-F1					Aliivibrio fischeri	Bacteria	Proteobacteria	Gammaproteobacteria	0.6257	0.135	674.0	DUF900	DUF900	False
AF-A0A0N7HZT9-F1					Brevundimonas sp. DS20	Bacteria	Proteobacteria	Alphaproteobacteria	0.6279	0.169	677.0	DUF900;Abhydrolase_6	DUF900	False
AF-A0A5P9KUT5-F1					Brevundimonas sp. Bb-A	Bacteria	Proteobacteria	Alphaproteobacteria	0.6558	0.157	685.0	DUF900;Abhydrolase_6	DUF900	False
AF-A0A2K1DDY7-F1					Vibrio agarivorans	Bacteria	Proteobacteria	Gammaproteobacteria	0.6438	0.18	687.0	DUF900	DUF900	False
AF-A0A370R8Z7-F1					Tardiphaga sp. CF115	Bacteria	Proteobacteria	Alphaproteobacteria	0.5922	0.151	692.0	DUF900;Abhydrolase_6	DUF900	False
AF-A0A420AD38-F1					Tardiphaga sp. YR296	Bacteria	Proteobacteria	Alphaproteobacteria	0.5903	0.158	696.0	DUF900;Abhydrolase_6	DUF900	False
AF-A0A1F8IP31-F1					Caulobacterales bacterium RIFOXYB1_FULL_67_16	Bacteria	Proteobacteria	Alphaproteobacteria	0.644	0.156	697.0	DUF900;Abhydrolase_6	DUF900	False
AF-A0A844P7Y4-F1					Aliivibrio fischeri	Bacteria	Proteobacteria	Gammaproteobacteria	0.6065	0.138	707.0	DUF900	DUF900	False
AF-A0A1I4LGW2-F1					Bradyrhizobium sp. NFR13	Bacteria	Proteobacteria	Alphaproteobacteria	0.6248	0.16	709.0	DUF900;Abhydrolase_6	DUF900	False
AF-A0A543VA05-F1					Methylotuvimicrobium kenyense	Bacteria	Proteobacteria	Gammaproteobacteria	0.5734	0.196	733.0	DUF900	DUF900	False
AF-A0A4R8HT06-F1					Algoriphagus sp. ARW1R1	Bacteria	Bacteroidota	Cytophagia	0.587	0.182	735.0	DUF900	DUF900	False
AF-A0A2E5K7T8-F1					Planctomycetaceae bacterium	Bacteria	Planctomycetota	Planctomycetia	0.6303	0.138	750.0		No Pfam hit	False
AF-U1A8J4-F1					Pseudogulbenkiania ferrooxidans EGD-HP2	Bacteria	Proteobacteria	Betaproteobacteria	0.5504	0.154	757.0	DUF900	DUF900	False
AF-A0A6S5K165-F1					Enterobacter cloacae	Bacteria	Proteobacteria	Gammaproteobacteria	0.6302	0.163	758.0	DUF900	DUF900	False
AF-A0A5F0JSR6-F1					Enterobacter sp. A11	Bacteria	Proteobacteria	Gammaproteobacteria	0.5882	0.146	775.0	DUF900	DUF900	False
AF-A0A552GYA5-F1					Microcystis aeruginosa Ma_QC_C_20070823_S13	Bacteria	Cyanobacteria		0.6015	0.161	782.0	DUF900	DUF900	False
AF-A0A3E0LEG7-F1					Microcystis aeruginosa TA09	Bacteria	Cyanobacteria		0.6679	0.139	783.0	DUF900	DUF900	False
AF-A0A7T9EP24-F1					Rhodospirillales bacterium	Bacteria	Proteobacteria	Alphaproteobacteria	0.6477	0.128	784.0	DUF900	DUF900	False
AF-A0A5A8BHV4-F1					Gimesia chilikensis	Bacteria	Planctomycetota	Planctomycetia	0.5963	0.184	802.0	DUF900	DUF900	False
AF-A0A8A7VDK6-F1					Rhizobacter sp. AJA081-3	Bacteria	Proteobacteria	Betaproteobacteria	0.6042	0.203	816.0	OmpA;DUF900	DUF900	False
AF-A0A1W9JPX4-F1					Proteobacteria bacterium ST_bin14	Bacteria	Proteobacteria		0.6374	0.126	819.0	DUF900;Abhydrolase_6	DUF900	False
AF-A0A4T2APV7-F1					Marinifilum sp. JC120	Bacteria	Bacteroidota	Bacteroidia	0.6228	0.16	821.0	DUF900	DUF900	False
AF-A0A2L2BCV7-F1					Chromobacterium vaccinii	Bacteria	Proteobacteria	Betaproteobacteria	0.5993	0.156	826.0	DUF900	DUF900	False
AF-A0A523CIZ2-F1					Candidatus Scalindua sp. AMX11	Bacteria	Planctomycetota	Candidatus Brocadiia	0.5974	0.165	828.0	DUF900	DUF900	False
AF-A0A849MN25-F1					Chlorobi bacterium	Bacteria	Chlorobi		0.5434	0.182	833.0	DUF900;Abhydrolase_6	DUF900	False
AF-A0A350KG20-F1					Planctomycetaceae bacterium	Bacteria	Planctomycetota	Planctomycetia	0.5866	0.181	834.0	DUF900	DUF900	False
AF-A6C8S2-F1					Gimesia maris DSM 8797	Bacteria	Planctomycetota	Planctomycetia	0.5856	0.186	854.0	DUF900	DUF900	False
AF-A0A136MKV7-F1					Chlorobi bacterium OLB6	Bacteria	Chlorobi		0.5404	0.194	860.0	DUF900;Abhydrolase_6	DUF900	False
AF-A0A517XGY1-F1					Gimesia maris	Bacteria	Planctomycetota	Planctomycetia	0.5895	0.164	861.0	DUF900	DUF900	False
AF-A0A1A3M5K7-F1					Mycobacterium sp. 1245852.3	Bacteria	Actinobacteria	Actinomycetia	0.6011	0.122	871.0		No Pfam hit	False
AF-A0A7T8CX96-F1					Thiohalocapsa sp. PB-PSB1	Bacteria	Proteobacteria	Gammaproteobacteria	0.5853	0.21	872.0	DUF900	DUF900	False
AF-A0A7W5W6W4-F1					Rhizobium sp. BK338	Bacteria	Proteobacteria	Alphaproteobacteria	0.5788	0.165	875.0	DUF900;Abhydrolase_6	DUF900	False
AF-A0A829XVS3-F1					Rhizobium dioscoreae	Bacteria	Proteobacteria	Alphaproteobacteria	0.5697	0.157	887.0	DUF900;Abhydrolase_6	DUF900	False
AF-A0A6N6R1E5-F1					Ochrobactrum sp. Kaboul	Bacteria	Proteobacteria	Alphaproteobacteria	0.5858	0.173	891.0	DUF900;Abhydrolase_6	DUF900	False
AF-A0A329AGE1-F1					Rhizobium sp. NFR17	Bacteria	Proteobacteria	Alphaproteobacteria	0.5664	0.156	904.0	DUF900;Abhydrolase_6	DUF900	False
AF-A0A2L0W664-F1					Rhizobium sp. NXC24	Bacteria	Proteobacteria	Alphaproteobacteria	0.5756	0.166	906.0	DUF900;Abhydrolase_6	DUF900	False
AF-A0A3D2CZR4-F1					Ochrobactrum sp.	Bacteria	Proteobacteria	Alphaproteobacteria	0.5871	0.189	912.0	DUF900;Abhydrolase_6	DUF900	False
AF-A0A1N6SRH9-F1					Rhizobium sp. RU35A	Bacteria	Proteobacteria	Alphaproteobacteria	0.6252	0.15	929.0	DUF900;Abhydrolase_6	DUF900	False
AF-A0A850II45-F1					Bradyrhizobium barranii subsp. barranii	Bacteria	Proteobacteria	Alphaproteobacteria	0.5834	0.168	933.0	DUF900;Abhydrolase_6	DUF900	False
AF-A0A1V3YSN3-F1					Ochrobactrum sp. P6BS-III	Bacteria	Proteobacteria	Alphaproteobacteria	0.5769	0.164	935.0	DUF900;Abhydrolase_6	DUF900	False
AF-A0A3M3K2R3-F1					Serratia plymuthica	Bacteria	Proteobacteria	Gammaproteobacteria	0.5916	0.157	940.0	DUF900	DUF900	False
AF-A0A248W2U9-F1					Rhizobium sp. 11515TR	Bacteria	Proteobacteria	Alphaproteobacteria	0.5597	0.156	955.0	DUF900;Abhydrolase_6	DUF900	False
AF-A0A1E7V2X7-F1					Duganella sp. HH105	Bacteria	Proteobacteria	Betaproteobacteria	0.5686	0.179	957.0	OmpA;DUF900	DUF900	False
AF-A0A7U2KIM5-F1					Pseudosulfitobacter pseudonitzschiae	Bacteria	Proteobacteria	Alphaproteobacteria	0.485	0.219	959.0	DUF900	DUF900	False
AF-A0A2W4DGA2-F1					Rhizobium tumorigenes	Bacteria	Proteobacteria	Alphaproteobacteria	0.6321	0.164	961.0	DUF900;Abhydrolase_6	DUF900	False
AF-A0A2V4WHN2-F1					Ensifer adhaerens	Bacteria	Proteobacteria	Alphaproteobacteria	0.6139	0.151	962.0	DUF900	DUF900	False
AF-A0A7W5R5N0-F1					Rhizobium sp. BK386	Bacteria	Proteobacteria	Alphaproteobacteria	0.574	0.165	963.0	DUF900;Abhydrolase_6	DUF900	False
AF-A0A8A7TMX9-F1					Ochrobactrum sp. EEELCW01	Bacteria	Proteobacteria	Alphaproteobacteria	0.5797	0.173	969.0	DUF900;Abhydrolase_6	DUF900	False
AF-A0A4T3FI94-F1					Rhizobium sp. P44RR-XXIV	Bacteria	Proteobacteria	Alphaproteobacteria	0.5762	0.165	971.0	DUF900;Abhydrolase_6	DUF900	False
AF-A0A397L606-F1					Brucella haematophila	Bacteria	Proteobacteria	Alphaproteobacteria	0.5794	0.168	975.0	DUF900;Abhydrolase_6	DUF900	False
AF-A0A7Z8LM24-F1					Agrobacterium vitis	Bacteria	Proteobacteria	Alphaproteobacteria	0.5898	0.183	995.0	DUF900;Abhydrolase_6	DUF900	False
AF-A0A160UML0-F1					Bradyrhizobium sp. G22	Bacteria	Proteobacteria	Alphaproteobacteria	0.5869	0.17	1002.0	DUF900;Abhydrolase_6	DUF900	False
AF-A0A7W3JX06-F1					Ochrobactrum sp. RH2CCR150	Bacteria	Proteobacteria	Alphaproteobacteria	0.5787	0.176	1007.0	DUF900;Abhydrolase_6	DUF900	False
AF-A0A8B3ITX0-F1					Brucella anthropi	Bacteria	Proteobacteria	Alphaproteobacteria	0.628	0.161	1008.0	DUF900;Abhydrolase_6	DUF900	False
AF-A0A4R2UB31-F1					Mycobacterium sp. YR708	Bacteria	Actinobacteria	Actinomycetia	0.5677	0.127	1012.0	Abhydrolase_8	Other α/β hydrolase (CL0028)	False
AF-A0A6N6RCJ4-F1					Brucella intermedia	Bacteria	Proteobacteria	Alphaproteobacteria	0.6268	0.152	1014.0	DUF900;Abhydrolase_6	DUF900	False
AF-A0A2M9RYM0-F1					Ochrobactrum sp. 715/2009	Bacteria	Proteobacteria	Alphaproteobacteria	0.6253	0.158	1015.0	DUF900;Abhydrolase_6	DUF900	False
AF-A0A855GD34-F1					Ochrobactrum sp. 30A/1000/2015	Bacteria	Proteobacteria	Alphaproteobacteria	0.626	0.172	1016.0	DUF900;Abhydrolase_6	DUF900	False
AF-A0A4R6HFH3-F1					Mycobacterium sp. BK086	Bacteria	Actinobacteria	Actinomycetia	0.5662	0.127	1019.0	Abhydrolase_8	Other α/β hydrolase (CL0028)	False
AF-A0A350ZNA4-F1					Hyphomonas sp.	Bacteria	Proteobacteria	Alphaproteobacteria	0.6098	0.155	1021.0	DctP;DUF900	DUF900	False
AF-A0A1Y5GBF7-F1					Rhodobacterales bacterium 59_46_T64	Bacteria	Proteobacteria	Alphaproteobacteria	0.5894	0.16	1022.0	DUF900;DUF726	DUF900	False
AF-A0A5N7NVK0-F1					Brucella intermedia	Bacteria	Proteobacteria	Alphaproteobacteria	0.6364	0.167	1026.0	DUF900;Abhydrolase_6	DUF900	False
AF-A0A547C295-F1					Agrobacterium rhizogenes	Bacteria	Proteobacteria	Alphaproteobacteria	0.5595	0.166	1028.0	DUF900;Abhydrolase_6	DUF900	False
AF-A0A545ZIB1-F1					Rhizobium sp. rho-1.1	Bacteria	Proteobacteria	Alphaproteobacteria	0.6328	0.151	1036.0	DUF900;Abhydrolase_6	DUF900	False
AF-A0A7U2KRU6-F1					Pseudosulfitobacter pseudonitzschiae	Bacteria	Proteobacteria	Alphaproteobacteria	0.5092	0.196	1040.0	DUF900	DUF900	False
AF-A0A1M2YJF7-F1					Rhizobium sp. 63-7	Bacteria	Proteobacteria	Alphaproteobacteria	0.5804	0.161	1047.0	DUF900;Abhydrolase_6	DUF900	False
AF-A0A2T3D7Z2-F1					Ensifer sp. NM-2	Bacteria	Proteobacteria	Alphaproteobacteria	0.6136	0.136	1061.0	DUF900	DUF900	False
AF-A0A7Z8LV14-F1					Ochrobactrum sp. J50	Bacteria	Proteobacteria	Alphaproteobacteria	0.5817	0.168	1063.0	DUF900;Abhydrolase_6	DUF900	False
AF-A0A2U1SDZ0-F1					Methylocystis sp. MitZ-2018	Bacteria	Proteobacteria	Alphaproteobacteria	0.6024	0.13	1070.0	DUF900	DUF900	False
AF-A0A4Z1Q9E4-F1					Agrobacterium larrymoorei	Bacteria	Proteobacteria	Alphaproteobacteria	0.631	0.145	1081.0	DUF900;Abhydrolase_6	DUF900	False
AF-A0A350ZVQ5-F1					Hyphomonas sp.	Bacteria	Proteobacteria	Alphaproteobacteria	0.5853	0.209	1083.0	DUF900	DUF900	False
AF-A0A011T6K5-F1					Brucella anthropi	Bacteria	Proteobacteria	Alphaproteobacteria	0.6206	0.16	1084.0	DUF900;Abhydrolase_6	DUF900	False
AF-A0A1A3DU67-F1					Mycobacterium sp. 1482292.6	Bacteria	Actinobacteria	Actinomycetia	0.5248	0.116	1086.0		No Pfam hit	False
AF-A0A7W5XIL4-F1					Mycolicibacterium sp. BK598	Bacteria	Actinobacteria	Actinomycetia	0.5251	0.129	1088.0	Abhydrolase_8	Other α/β hydrolase (CL0028)	False
AF-M8AEX1-F1					Agrobacterium tumefaciens str. Cherry 2E-2-2	Bacteria	Proteobacteria	Alphaproteobacteria	0.5779	0.166	1096.0	DUF900;Abhydrolase_6	DUF900	False
AF-A0A421ACW6-F1					Leifsonia sp. M321 24_2	Bacteria	Actinobacteria	Actinomycetia	0.5383	0.13	1104.0	GTP_EFTU;GTP_EFTU_D2;GTP_EFTU_D3;DUF900	DUF900	False
AF-A0A353UV23-F1					Rhodobacteraceae bacterium	Bacteria	Proteobacteria	Alphaproteobacteria	0.5562	0.181	1105.0	DUF900	DUF900	False
AF-A0A317LH96-F1					Ochrobactrum sp. POC9	Bacteria	Proteobacteria	Alphaproteobacteria	0.5812	0.172	1109.0	DUF900;Abhydrolase_6	DUF900	False
AF-H0H957-F1					Agrobacterium tumefaciens 5A	Bacteria	Proteobacteria	Alphaproteobacteria	0.5677	0.158	1110.0	DUF900;Abhydrolase_6	DUF900	False
AF-A0A0X6ZYD6-F1					Agrobacterium sp. D14	Bacteria	Proteobacteria	Alphaproteobacteria	0.5715	0.168	1111.0	DUF900;Abhydrolase_6	DUF900	False
AF-A0A6A9UFQ0-F1					Agrobacterium vitis	Bacteria	Proteobacteria	Alphaproteobacteria	0.6549	0.161	1114.0	DUF900;Abhydrolase_6	DUF900	False
AF-A0A7G3F852-F1					Alcanivorax sp.	Bacteria	Proteobacteria	Gammaproteobacteria	0.4942	0.155	1116.0	DUF726	DUF726	False
AF-A0A4Y6T3B2-F1					Rhizobium sp. NIBRBAC000502774	Bacteria	Proteobacteria	Alphaproteobacteria	0.5613	0.162	1121.0	DUF900;Abhydrolase_6	DUF900	False
AF-A0A2E7KH65-F1					Gimesia sp.	Bacteria	Planctomycetota	Planctomycetia	0.5914	0.152	1129.0	DUF900	DUF900	False
AF-A0A7S9XP91-F1					Sinorhizobium meliloti	Bacteria	Proteobacteria	Alphaproteobacteria	0.5942	0.135	1131.0	DUF900	DUF900	False
AF-A0A6L3DYL6-F1					Agrobacterium rhizogenes	Bacteria	Proteobacteria	Alphaproteobacteria	0.5826	0.176	1133.0	DUF900;Abhydrolase_6	DUF900	False
AF-A0A2S4EIS9-F1					Agrobacterium rosae	Bacteria	Proteobacteria	Alphaproteobacteria	0.6277	0.156	1134.0	DUF900;Abhydrolase_6	DUF900	False
AF-A0A7L8APQ4-F1					Ochrobactrum sp. MT180101	Bacteria	Proteobacteria	Alphaproteobacteria	0.6198	0.159	1140.0	DUF900;Abhydrolase_6	DUF900	False
AF-A0A560UAP5-F1					Rhizobium sp. SJZ105	Bacteria	Proteobacteria	Alphaproteobacteria	0.5621	0.163	1142.0	DUF900;Abhydrolase_6	DUF900	False
AF-A0A0M2XK01-F1					Corynebacterium xerosis	Bacteria	Actinobacteria	Actinomycetia	0.4482	0.174	1144.0	DUF726	DUF726	False
AF-A0A1S7Q3K2-F1					Agrobacterium genomosp. 13 str. CFBP 6927	Bacteria	Proteobacteria	Alphaproteobacteria	0.5667	0.16	1149.0	DUF900;Abhydrolase_6	DUF900	False
AF-A0A249PZ09-F1					Sinorhizobium fredii CCBAU 83666	Bacteria	Proteobacteria	Alphaproteobacteria	0.6104	0.144	1150.0	DUF900	DUF900	False
AF-A0A8B6S821-F1					Sinorhizobium meliloti	Bacteria	Proteobacteria	Alphaproteobacteria	0.5995	0.138	1151.0	DUF900	DUF900	False
AF-F0L5J2-F1					Agrobacterium fabacearum	Bacteria	Proteobacteria	Alphaproteobacteria	0.6092	0.147	1162.0	DUF900;Abhydrolase_6	DUF900	False
AF-A0A4D7WHD6-F1					Agrobacterium tumefaciens	Bacteria	Proteobacteria	Alphaproteobacteria	0.5713	0.17	1164.0	DUF900;Abhydrolase_6	DUF900	False
AF-A0A2U8G870-F1					Sinorhizobium fredii CCBAU 45436	Bacteria	Proteobacteria	Alphaproteobacteria	0.5964	0.154	1166.0	DUF900	DUF900	False
AF-A0A839DJX2-F1					Agrobacterium sp. RC10-4-1	Bacteria	Proteobacteria	Alphaproteobacteria	0.5701	0.188	1170.0	DUF900;Abhydrolase_6	DUF900	False
AF-A0A7W6QRZ8-F1					Rhodoblastus acidophilus	Bacteria	Proteobacteria	Alphaproteobacteria	0.6074	0.135	1173.0	DUF900	DUF900	False
AF-A0A7Y5PN99-F1					Candidatus Omnitrophica bacterium	Bacteria	Candidatus Omnitrophica		0.5736	0.193	1174.0	DUF900	DUF900	False
AF-A0A4Z0SQ66-F1					Rhizobium sp. SEMIA 439	Bacteria	Proteobacteria	Alphaproteobacteria	0.5712	0.168	1176.0	DUF900;Abhydrolase_6	DUF900	False
AF-A0A1S7QS27-F1					Agrobacterium genomosp. 5 str. CFBP 6626	Bacteria	Proteobacteria	Alphaproteobacteria	0.6232	0.149	1177.0	DUF900;Abhydrolase_6	DUF900	False
AF-A0A7W5RK98-F1					Rhizobium sp. BK393	Bacteria	Proteobacteria	Alphaproteobacteria	0.4806	0.157	1179.0	Pentapeptide;DUF900	DUF900	False
AF-A0A285XFV5-F1					Ensifer adhaerens	Bacteria	Proteobacteria	Alphaproteobacteria	0.6074	0.145	1184.0	DUF900;Abhydrolase_6	DUF900	False
AF-A0A2S8U2Q3-F1					Ochrobactrum sp. MYb71	Bacteria	Proteobacteria	Alphaproteobacteria	0.5724	0.167	1186.0	DUF900;Abhydrolase_6	DUF900	False
AF-A0A7T4I739-F1					Brucella anthropi	Bacteria	Proteobacteria	Alphaproteobacteria	0.614	0.159	1187.0	DUF900;Abhydrolase_6	DUF900	False
AF-A0A0Q5EQE6-F1					Rhizobium sp. Leaf311	Bacteria	Proteobacteria	Alphaproteobacteria	0.6209	0.144	1190.0	DUF900;Abhydrolase_6	DUF900	False
AF-A0A2Z3G1S1-F1					Sinorhizobium fredii CCBAU 25509	Bacteria	Proteobacteria	Alphaproteobacteria	0.5933	0.144	1192.0	DUF900	DUF900	False
AF-A0A0K2DFU5-F1					Chelatococcus sp. CO-6	Bacteria	Proteobacteria	Alphaproteobacteria	0.5929	0.13	1195.0	DUF900;Abhydrolase_6	DUF900	False
AF-A0A6B8LZ07-F1					Methylocystis rosea	Bacteria	Proteobacteria	Alphaproteobacteria	0.5891	0.155	1200.0	DUF900	DUF900	False
AF-A0A2V4YM88-F1					Ensifer sp. AP48	Bacteria	Proteobacteria	Alphaproteobacteria	0.5895	0.144	1201.0	DUF900	DUF900	False
AF-A0A1B9T2N7-F1					Agrobacterium tumefaciens	Bacteria	Proteobacteria	Alphaproteobacteria	0.5749	0.169	1202.0	DUF900;Abhydrolase_6	DUF900	False
AF-A0A0Q4WGD8-F1					Rhizobium sp. Leaf262	Bacteria	Proteobacteria	Alphaproteobacteria	0.6142	0.14	1205.0	DUF900;Abhydrolase_6	DUF900	False
AF-A0A546WTN7-F1					Agrobacterium rhizogenes	Bacteria	Proteobacteria	Alphaproteobacteria	0.5795	0.164	1211.0	DUF900;Abhydrolase_6	DUF900	False
AF-A0A7T9NVR1-F1					Sphingobacterium multivorum	Bacteria	Bacteroidota	Sphingobacteriia	0.4867	0.132	1216.0	DUF900	DUF900	False
AF-A0A840M201-F1					Agrobacterium vitis	Bacteria	Proteobacteria	Alphaproteobacteria	0.6154	0.176	1221.0	DUF900;Abhydrolase_6	DUF900	False
AF-A0A7G6S792-F1					Rhizobium lusitanum	Bacteria	Proteobacteria	Alphaproteobacteria	0.566	0.166	1223.0	DUF900;Abhydrolase_6	DUF900	False
AF-A0A1B9TI54-F1					Agrobacterium rubi	Bacteria	Proteobacteria	Alphaproteobacteria	0.6374	0.144	1226.0	DUF900;Abhydrolase_6	DUF900	False
AF-A0A7T8HW79-F1					Thiohalocapsa sp. PB-PSB1	Bacteria	Proteobacteria	Gammaproteobacteria	0.5217	0.17	1230.0	DUF900	DUF900	False
AF-A0A1S7NPE7-F1					Agrobacterium deltaense RV3	Bacteria	Proteobacteria	Alphaproteobacteria	0.5635	0.173	1232.0	DUF900;Abhydrolase_6	DUF900	False
AF-A0A0E0UMA9-F1					Sinorhizobium meliloti BL225C	Bacteria	Proteobacteria	Alphaproteobacteria	0.5862	0.133	1233.0	DUF900	DUF900	False
AF-A0A844A0T7-F1					Sinorhizobium meliloti	Bacteria	Proteobacteria	Alphaproteobacteria	0.587	0.14	1234.0	DUF900	DUF900	False
AF-A0A0K6H707-F1					Chelatococcus sambhunathii	Bacteria	Proteobacteria	Alphaproteobacteria	0.5724	0.142	1237.0	DUF900;Abhydrolase_6	DUF900	False
AF-A0A7T9LWU4-F1					Sphingobacterium spiritivorum	Bacteria	Bacteroidota	Sphingobacteriia	0.4945	0.155	1238.0	DUF900	DUF900	False
AF-A0A846LH15-F1					Agrobacterium sp. NCIB 9042	Bacteria	Proteobacteria	Alphaproteobacteria	0.5656	0.152	1239.0	DUF900	DUF900	False
AF-A0A2V5CNC1-F1					Rhizobium sp. UGM030330-04	Bacteria	Proteobacteria	Alphaproteobacteria	0.617	0.149	1253.0	DUF900;Abhydrolase_6	DUF900	False
AF-A0A7Y8T3I1-F1					Rhizobium sp. RM	Bacteria	Proteobacteria	Alphaproteobacteria	0.6106	0.148	1254.0	DUF900;Abhydrolase_6	DUF900	False
AF-A0A807W6Q8-F1					Sinorhizobium meliloti	Bacteria	Proteobacteria	Alphaproteobacteria	0.5936	0.138	1256.0	DUF900	DUF900	False
AF-A0A7W3PZS5-F1					Ochrobactrum sp. RH1CCR134	Bacteria	Proteobacteria	Alphaproteobacteria	0.5937	0.152	1258.0	DUF900;Abhydrolase_6	DUF900	False
AF-A0A4Y6ISD0-F1					Mycobacteroides chelonae	Bacteria	Actinobacteria	Actinomycetia	0.5964	0.123	1260.0		No Pfam hit	False
AF-A0A7U4TZS4-F1					Mycobacterium sp. QIA-37	Bacteria	Actinobacteria	Actinomycetia	0.5661	0.129	1261.0		No Pfam hit	False
AF-A0A1G5ZMU9-F1					Sinorhizobium sp. NFACC03	Bacteria	Proteobacteria	Alphaproteobacteria	0.5838	0.143	1263.0	DUF900	DUF900	False
AF-A0A0Q8FFJ5-F1					Rhizobium sp. Root651	Bacteria	Proteobacteria	Alphaproteobacteria	0.6075	0.141	1265.0	DUF900;Abhydrolase_6	DUF900	False
AF-A0A0D8KB11-F1					Rhizobium nepotum 39/7	Bacteria	Proteobacteria	Alphaproteobacteria	0.6223	0.148	1266.0	DUF900;Abhydrolase_6	DUF900	False
AF-F7U4J0-F1					Agrobacterium tumefaciens F2	Bacteria	Proteobacteria	Alphaproteobacteria	0.6224	0.13	1267.0	DUF900;Abhydrolase_6	DUF900	False
AF-A0A1W2DHL9-F1					Chryseobacterium sp. YR221	Bacteria	Bacteroidota	Flavobacteriia	0.5108	0.152	1270.0	DUF900	DUF900	False
AF-A0A846TLD1-F1					Brucella anthropi ATCC 49188	Bacteria	Proteobacteria	Alphaproteobacteria	0.6049	0.154	1274.0	DUF900;Abhydrolase_6	DUF900	False
AF-A0A543QV25-F1					Agrobacterium tumefaciens	Bacteria	Proteobacteria	Alphaproteobacteria	0.6252	0.149	1276.0	DUF900;Abhydrolase_6	DUF900	False
AF-A0A7T9P280-F1					Sphingobacterium spiritivorum	Bacteria	Bacteroidota	Sphingobacteriia	0.5031	0.169	1281.0	DUF900	DUF900	False
AF-A0A2R2IMI5-F1					Bacillus cereus	Bacteria	Firmicutes	Bacilli	0.5801	0.164	1287.0		No Pfam hit	False
AF-A0A285Y4P4-F1					Rhizobium sp. AN5	Bacteria	Proteobacteria	Alphaproteobacteria	0.6173	0.147	1290.0	DUF900;Abhydrolase_6	DUF900	False
AF-A0A846L5R9-F1					Agrobacterium sp. NCIB 9042	Bacteria	Proteobacteria	Alphaproteobacteria	0.6233	0.146	1291.0	DUF900;Abhydrolase_6	DUF900	False
AF-A0A4D7Y6R5-F1					Agrobacterium tumefaciens	Bacteria	Proteobacteria	Alphaproteobacteria	0.611	0.145	1292.0	DUF900;Abhydrolase_6	DUF900	False
AF-A0A7X5YNN2-F1					Sphingobacterium kitahiroshimense	Bacteria	Bacteroidota	Sphingobacteriia	0.461	0.154	1294.0	DUF900	DUF900	False
AF-A0A7U2K6J5-F1					Sulfitobacter mediterraneus	Bacteria	Proteobacteria	Alphaproteobacteria	0.5844	0.16	1309.0	Pentapeptide;DUF900	DUF900	False
AF-A0A1P8E4T1-F1					Sphingobacterium sp. B29	Bacteria	Bacteroidota	Sphingobacteriia	0.4901	0.132	1315.0	DUF900	DUF900	False
AF-A0A7W2GMD5-F1					Hyphomicrobiales bacterium	Bacteria	Proteobacteria	Alphaproteobacteria	0.5712	0.168	1320.0	DUF900;Abhydrolase_6	DUF900	False
AF-A0A7Z8KAE8-F1					Rhizobium sp. AU243	Bacteria	Proteobacteria	Alphaproteobacteria	0.6105	0.146	1322.0	DUF900;Abhydrolase_6	DUF900	False
AF-A0A1S7SM76-F1					Agrobacterium fabacearum CFBP 5771	Bacteria	Proteobacteria	Alphaproteobacteria	0.606	0.147	1324.0	DUF900;Abhydrolase_6	DUF900	False
AF-A0A024J4D2-F1					Agrobacterium tumefaciens	Bacteria	Proteobacteria	Alphaproteobacteria	0.5339	0.139	1326.0	DUF900	DUF900	False
AF-A0A357X5D9-F1					Agrobacterium sp.	Bacteria	Proteobacteria	Alphaproteobacteria	0.6099	0.144	1336.0	DUF900;Abhydrolase_6	DUF900	False
AF-A0A178H7J1-F1					Agrobacterium rhizogenes	Bacteria	Proteobacteria	Alphaproteobacteria	0.6085	0.143	1344.0	DUF900;Abhydrolase_6	DUF900	False
AF-A0A5M8UK61-F1					Agrobacterium sp. ICMP 7243	Bacteria	Proteobacteria	Alphaproteobacteria	0.5621	0.165	1351.0	DUF900;Abhydrolase_6	DUF900	False
AF-A0A7I0RCN2-F1					Agrobacterium sp. CGMCC 11546	Bacteria	Proteobacteria	Alphaproteobacteria	0.6143	0.143	1353.0	DUF900;Abhydrolase_6	DUF900	False
AF-A0A4Z1QFK4-F1					Agrobacterium tumefaciens	Bacteria	Proteobacteria	Alphaproteobacteria	0.6299	0.142	1354.0	DUF900;Abhydrolase_6	DUF900	False
AF-A0A1S7Q6Q9-F1					Agrobacterium tumefaciens str. CFBP 5621	Bacteria	Proteobacteria	Alphaproteobacteria	0.6073	0.15	1355.0	DUF900;Abhydrolase_6	DUF900	False
AF-A0A7H1JPA3-F1					Empedobacter stercoris	Bacteria	Bacteroidota	Flavobacteriia	0.5057	0.142	1361.0	DUF900	DUF900	False
AF-A0A328ZU67-F1					Nitrosospira multiformis	Bacteria	Proteobacteria	Betaproteobacteria	0.5428	0.125	1362.0	DUF900;Abhydrolase_6	DUF900	False
AF-A0A2S5TUN9-F1					Kaistia algarum	Bacteria	Proteobacteria	Alphaproteobacteria	0.5697	0.164	1364.0	DUF900	DUF900	False
AF-A0A7W5PWR4-F1					Rhizobium sp. BK312	Bacteria	Proteobacteria	Alphaproteobacteria	0.5269	0.157	1365.0	DUF900;Abhydrolase_6	DUF900	False
AF-A0A0Q8B8B1-F1					Rhizobium sp. Root564	Bacteria	Proteobacteria	Alphaproteobacteria	0.5815	0.135	1368.0	DUF900;Abhydrolase_6	DUF900	False
AF-A0A0L6K392-F1					Agrobacterium sp. SUL3	Bacteria	Proteobacteria	Alphaproteobacteria	0.6069	0.141	1373.0	DUF900;Abhydrolase_6	DUF900	False
AF-A0A7T9NIZ8-F1					Sphingobacterium spiritivorum	Bacteria	Bacteroidota	Sphingobacteriia	0.4703	0.165	1375.0	DUF900	DUF900	False
AF-A0A546Z2P8-F1					Agrobacterium tumefaciens	Bacteria	Proteobacteria	Alphaproteobacteria	0.57	0.16	1380.0	DUF900;Abhydrolase_6	DUF900	False
AF-A0A1G5J1H7-F1					Rhizobium sp. NFACC06-2	Bacteria	Proteobacteria	Alphaproteobacteria	0.612	0.146	1389.0	DUF900;Abhydrolase_6	DUF900	False
AF-A0A7T9BLX7-F1					Candidatus Melainabacteria bacterium	Bacteria	Candidatus Melainabacteria		0.4719	0.194	1391.0	DUF900	DUF900	False
AF-A0A1M9FT92-F1					Mycobacteroides abscessus subsp. abscessus	Bacteria	Actinobacteria	Actinomycetia	0.5617	0.098	1395.0		No Pfam hit	False
AF-A0A0E3XRT1-F1					Mycobacteroides chelonae	Bacteria	Actinobacteria	Actinomycetia	0.581	0.13	1398.0		No Pfam hit	False
AF-A0A7T8CXQ5-F1					Thiohalocapsa sp. PB-PSB1	Bacteria	Proteobacteria	Gammaproteobacteria	0.4605	0.153	1399.0	DUF900	DUF900	False
AF-A0A4S5J807-F1					Ensifer sp. MPMI2T	Bacteria	Proteobacteria	Alphaproteobacteria	0.557	0.128	1400.0	DUF900	DUF900	False
AF-A0A176XPC1-F1					Achromobacter xylosoxidans	Bacteria	Proteobacteria	Betaproteobacteria	0.4734	0.128	1404.0	DUF900	DUF900	False
AF-A0A811GZH0-F1					Achromobacter mucicolens	Bacteria	Proteobacteria	Betaproteobacteria	0.4956	0.118	1405.0	DUF900	DUF900	False
AF-A0A024IRR4-F1					Agrobacterium tumefaciens	Bacteria	Proteobacteria	Alphaproteobacteria	0.612	0.146	1406.0	DUF900;Abhydrolase_6	DUF900	False
AF-A0A083ZP30-F1					Agrobacterium tumefaciens	Bacteria	Proteobacteria	Alphaproteobacteria	0.6183	0.145	1415.0	DUF900;Abhydrolase_6	DUF900	False
AF-A0A2A3HVL8-F1					Streptomyces sp. TLI_235	Bacteria	Actinobacteria	Actinomycetia	0.5676	0.143	1430.0		No Pfam hit	False
AF-A0A7Y5IBY6-F1					Pseudanabaena biceps	Bacteria	Cyanobacteria		0.6012	0.167	1439.0	DUF900;OmpA	DUF900	False
AF-A0A2T5YBR0-F1					Sphingobacterium faecium NBRC 15299	Bacteria	Bacteroidota	Sphingobacteriia	0.4663	0.155	1440.0	DUF900	DUF900	False
AF-A0A420FR19-F1					Agrobacterium deltaense	Bacteria	Proteobacteria	Alphaproteobacteria	0.6066	0.146	1443.0	DUF900;Abhydrolase_6	DUF900	False
AF-A0A7W3WB17-F1					Rhizobium sp. G21	Bacteria	Proteobacteria	Alphaproteobacteria	0.5929	0.179	1446.0	DUF900	DUF900	False
AF-A0A8B4DSJ2-F1					Mycobacteroides abscessus subsp. massiliense	Bacteria	Actinobacteria	Actinomycetia	0.5501	0.1	1447.0		No Pfam hit	False
AF-A0A5P2GBG3-F1					Empedobacter brevis	Bacteria	Bacteroidota	Flavobacteriia	0.479	0.154	1462.0	DUF900	DUF900	False
AF-A0A809GQ23-F1					[Mycobacterium] chelonae subsp. gwanakae	Bacteria	Actinobacteria	Actinomycetia	0.5415	0.142	1469.0		No Pfam hit	False
AF-A0A7C1QKF1-F1					Halopseudomonas sabulinigri	Bacteria	Proteobacteria	Gammaproteobacteria	0.5423	0.161	1470.0	DUF900	DUF900	False
AF-A0A3D1D6C2-F1					Flavobacteriaceae bacterium	Bacteria	Bacteroidota	Flavobacteriia	0.4736	0.143	1476.0	DUF900	DUF900	False
AF-A0A348Y0A2-F1					Flavobacteriaceae bacterium	Bacteria	Bacteroidota	Flavobacteriia	0.4719	0.138	1484.0	DUF900	DUF900	False
AF-A0A329LAU2-F1					Mycolicibacter senuensis	Bacteria	Actinobacteria	Actinomycetia	0.481	0.119	1486.0		No Pfam hit	False
AF-A0A7T8CYI3-F1					Thiohalocapsa sp. PB-PSB1	Bacteria	Proteobacteria	Gammaproteobacteria	0.5274	0.141	1489.0	DUF900	DUF900	False
AF-A0A5C7QIA3-F1					Bacteroidia bacterium	Bacteria	Bacteroidota	Bacteroidia	0.451	0.183	1492.0	DUF900	DUF900	False
AF-A0A7Y4K7G3-F1					Achromobacter deleyi	Bacteria	Proteobacteria	Betaproteobacteria	0.5473	0.107	1496.0	DUF900	DUF900	False
AF-A0A2E8PHU7-F1					Rhodobacteraceae bacterium	Bacteria	Proteobacteria	Alphaproteobacteria	0.5336	0.17	1515.0		No Pfam hit	False
AF-A0A2E9DKQ8-F1					Oceanospirillaceae bacterium	Bacteria	Proteobacteria	Gammaproteobacteria	0.5158	0.143	1517.0	DUF726	DUF726	False
AF-A0A2R7SV41-F1					Pseudomonas sp. HMWF010	Bacteria	Proteobacteria	Gammaproteobacteria	0.5935	0.157	1523.0	DUF900	DUF900	False
AF-A0A854PV54-F1					Achromobacter sp. KAs 3-5	Bacteria	Proteobacteria	Betaproteobacteria	0.4568	0.126	1527.0	DUF900	DUF900	False
AF-A0A1I7DJ07-F1					Pseudomonas marincola	Bacteria	Proteobacteria	Gammaproteobacteria	0.5594	0.171	1530.0	DUF900	DUF900	False
AF-A0A8B5V3N1-F1					Achromobacter sp. SLBN-14	Bacteria	Proteobacteria	Betaproteobacteria	0.4569	0.126	1531.0	DUF900	DUF900	False
AF-A0A3E0NGJ7-F1					Proteobacteria bacterium	Bacteria	Proteobacteria		0.4661	0.158	1543.0	DUF900	DUF900	False
AF-A0A1N5VGC1-F1					Mycobacteroides abscessus subsp. bolletii	Bacteria	Actinobacteria	Actinomycetia	0.5434	0.104	1548.0		No Pfam hit	False
AF-A0A1S7MFQ3-F1					Agrobacterium fabacearum S56	Bacteria	Proteobacteria	Alphaproteobacteria	0.5515	0.132	1552.0	DUF900;Abhydrolase_6	DUF900	False
AF-A0A1G3DNV3-F1					Pseudomonadales bacterium RIFCSPHIGHO2_02_FULL_60_43	Bacteria	Proteobacteria	Gammaproteobacteria	0.5341	0.182	1557.0	DUF900	DUF900	False
AF-A0A2E8IMG2-F1					Pseudomonadaceae bacterium	Bacteria	Proteobacteria	Gammaproteobacteria	0.5188	0.165	1564.0	DUF900	DUF900	False
AF-A0A1W9K0E8-F1					Proteobacteria bacterium ST_bin14	Bacteria	Proteobacteria		0.487	0.169	1565.0	DUF900	DUF900	False
AF-A0A2H6L8F9-F1					Microcystis aeruginosa NIES-87	Bacteria	Cyanobacteria		0.4432	0.155	1568.0		No Pfam hit	False
AF-A0A1E5X355-F1					Pseudomonas sp. J237	Bacteria	Proteobacteria	Gammaproteobacteria	0.5617	0.162	1575.0	DUF900	DUF900	False
AF-A0A6I4PR56-F1					Actinomadura sp. J1-007	Bacteria	Actinobacteria	Actinomycetia	0.4686	0.136	1585.0	Abhydrolase_8	Other α/β hydrolase (CL0028)	False
AF-A0A5P2GDK4-F1					Empedobacter brevis	Bacteria	Bacteroidota	Flavobacteriia	0.4766	0.148	1586.0	DUF900	DUF900	False
AF-A0A1D8C026-F1					Actinoalloteichus hymeniacidonis	Bacteria	Actinobacteria	Actinomycetia	0.4564	0.172	1594.0	Abhydrolase_8	Other α/β hydrolase (CL0028)	False
AF-A0A2V2SRD4-F1					Candidatus Rokubacteria bacterium	Bacteria	Candidatus Rokubacteria		0.4889	0.13	1595.0		No Pfam hit	False
AF-A0A4Q6D298-F1					Moraxellaceae bacterium	Bacteria	Proteobacteria	Gammaproteobacteria	0.4031	0.181	1606.0	DUF900	DUF900	False
AF-A0A0Q8BSX5-F1					Achromobacter sp. Root565	Bacteria	Proteobacteria	Betaproteobacteria	0.4955	0.118	1609.0	DUF900	DUF900	False
AF-A0A1G4SDT5-F1					Pseudomonas peli	Bacteria	Proteobacteria	Gammaproteobacteria	0.5449	0.178	1617.0	DUF900	DUF900	False
AF-A0A7T8CW98-F1					Thiohalocapsa sp. PB-PSB1	Bacteria	Proteobacteria	Gammaproteobacteria	0.4689	0.148	1619.0	DUF900;Abhydrolase_6	DUF900	False
AF-A0A1Q9SX46-F1					Actinomadura sp. CNU-125	Bacteria	Actinobacteria	Actinomycetia	0.4415	0.179	1625.0	Abhydrolase_8	Other α/β hydrolase (CL0028)	False
AF-A0A8B4F787-F1					Mycobacteroides abscessus subsp. abscessus	Bacteria	Actinobacteria	Actinomycetia	0.472	0.101	1628.0		No Pfam hit	False
AF-A0A166WAL8-F1					Leptolyngbya valderiana BDU 20041	Bacteria	Cyanobacteria		0.5226	0.125	1629.0	DUF900	DUF900	False
AF-A0A6I4PUL1-F1					Actinomadura sp. J1-007	Bacteria	Actinobacteria	Actinomycetia	0.4859	0.153	1632.0	Abhydrolase_8	Other α/β hydrolase (CL0028)	False
AF-A0A418LD35-F1					Mycobacteroides abscessus	Bacteria	Actinobacteria	Actinomycetia	0.4755	0.101	1635.0		No Pfam hit	False
AF-A0A8B3D4Z5-F1					Mycobacteroides abscessus	Bacteria	Actinobacteria	Actinomycetia	0.4683	0.103	1645.0		No Pfam hit	False
AF-A0A1U0ZFC5-F1					Mycobacteroides abscessus subsp. massiliense	Bacteria	Actinobacteria	Actinomycetia	0.4538	0.103	1650.0		No Pfam hit	False
AF-R4UZ76-F1					Mycobacteroides abscessus subsp. bolletii 50594	Bacteria	Actinobacteria	Actinomycetia	0.4664	0.103	1655.0		No Pfam hit	False
AF-A0A8B0IDN6-F1					Flavobacteriaceae bacterium	Bacteria	Bacteroidota	Flavobacteriia	0.4145	0.175	1658.0	DUF900	DUF900	False
AF-A0A8B4EHW5-F1					Mycobacteroides abscessus subsp. bolletii	Bacteria	Actinobacteria	Actinomycetia	0.4802	0.11	1661.0		No Pfam hit	False
AF-A0A1X2DLM6-F1					Mycolicibacter terrae	Bacteria	Actinobacteria	Actinomycetia	0.4615	0.109	1667.0		No Pfam hit	False
AF-A0A8B4DS73-F1					Mycobacteroides abscessus subsp. abscessus	Bacteria	Actinobacteria	Actinomycetia	0.4536	0.1	1691.0		No Pfam hit	False
AF-A0A1M3AY90-F1					Microbacterium sp. 70-38	Bacteria	Actinobacteria	Actinomycetia	0.417	0.174	1695.0	Abhydrolase_8	Other α/β hydrolase (CL0028)	False
AF-A0A316B1M9-F1					Rathayibacter iranicus NCPPB 2253 = VKM Ac-1602	Bacteria	Actinobacteria	Actinomycetia	0.3973	0.143	1726.0	Abhydrolase_8	Other α/β hydrolase (CL0028)	False
AF-A0A433CDQ1-F1					Gordonia sp.	Bacteria	Actinobacteria	Actinomycetia	0.4315	0.132	1731.0	Cutinase	Other α/β hydrolase (CL0028)	False
AF-A0A4R7MP73-F1					Streptomyces sp. 846.5	Bacteria	Actinobacteria	Actinomycetia	0.471	0.136	1735.0	Abhydrolase_8	Other α/β hydrolase (CL0028)	False
AF-A0A1A0WQH7-F1					Mycobacterium sp. 852013-50091_SCH5140682	Bacteria	Actinobacteria	Actinomycetia	0.3978	0.152	1744.0	Cutinase	Other α/β hydrolase (CL0028)	False
AF-A0A1X2BGJ8-F1					Mycolicibacterium peregrinum	Bacteria	Actinobacteria	Actinomycetia	0.4073	0.149	1748.0	Cutinase	Other α/β hydrolase (CL0028)	False
AF-A0A7I7N1Y1-F1					Mycolicibacterium boenickei	Bacteria	Actinobacteria	Actinomycetia	0.4049	0.156	1752.0	Cutinase	Other α/β hydrolase (CL0028)	False
AF-A0A7T5WJP3-F1					Mycobacteroides chelonae	Bacteria	Actinobacteria	Actinomycetia	0.4074	0.166	1753.0	Abhydrolase_8	Other α/β hydrolase (CL0028)	False
AF-A0A809GTW8-F1					[Mycobacterium] chelonae subsp. gwanakae	Bacteria	Actinobacteria	Actinomycetia	0.3946	0.167	1755.0	Abhydrolase_8	Other α/β hydrolase (CL0028)	False
AF-A0A4R1X9Q0-F1					Promicromonospora sp. CF082	Bacteria	Actinobacteria	Actinomycetia	0.3961	0.165	1767.0	Abhydrolase_8	Other α/β hydrolase (CL0028)	False
AF-A0A2S8KLA3-F1					Mycobacterium sp. ITM-2016-00316	Bacteria	Actinobacteria	Actinomycetia	0.4423	0.13	1773.0	Cutinase	Other α/β hydrolase (CL0028)	False
AF-A0A2N0K334-F1					Kitasatospora sp. OK780	Bacteria	Actinobacteria	Actinomycetia	0.3987	0.141	1784.0		No Pfam hit	False
AF-A0A2E1GBE0-F1					Gordonia sp.	Bacteria	Actinobacteria	Actinomycetia	0.418	0.129	1803.0	Cutinase	Other α/β hydrolase (CL0028)	False
AF-A0A4R6HHK0-F1					Mycobacterium sp. BK086	Bacteria	Actinobacteria	Actinomycetia	0.4006	0.12	1805.0	Cutinase	Other α/β hydrolase (CL0028)	False
AF-A0A1C3YT88-F1					Gordonia sp. v-85	Bacteria	Actinobacteria	Actinomycetia	0.3871	0.112	1806.0	Cutinase	Other α/β hydrolase (CL0028)	False
AF-A0A5P8ZX79-F1					Mycobacterium sp. THAF192	Bacteria	Actinobacteria	Actinomycetia	0.3978	0.136	1823.0	Cutinase	Other α/β hydrolase (CL0028)	False
AF-A0A1E7YG93-F1					Mycolicibacterium sp. (ex Dasyatis americana)	Bacteria	Actinobacteria	Actinomycetia	0.3098	0.166	1832.0	Cutinase	Other α/β hydrolase (CL0028)	False
AF-A0A1Q4U5Q8-F1					Mycobacterium sp. ST-F2	Bacteria	Actinobacteria	Actinomycetia	0.3477	0.13	1846.0	Cutinase	Other α/β hydrolase (CL0028)	False
AF-A0A542NNP7-F1					Arthrobacter sp. SLBN-53	Bacteria	Actinobacteria	Actinomycetia	0.365	0.145	1849.0	Cutinase	Other α/β hydrolase (CL0028)	False
AF-A0A0Q9JC35-F1					Mycobacterium sp. Soil538	Bacteria	Actinobacteria	Actinomycetia	0.405	0.141	1859.0	Cutinase	Other α/β hydrolase (CL0028)	False
AF-A0A2S8KFW9-F1					Mycobacterium sp. ITM-2016-00318	Bacteria	Actinobacteria	Actinomycetia	0.4138	0.134	1878.0	Cutinase	Other α/β hydrolase (CL0028)	False
AF-A0A1A1WYS9-F1					Mycobacterium sp. ACS4331	Bacteria	Actinobacteria	Actinomycetia	0.3641	0.13	1905.0	Cutinase	Other α/β hydrolase (CL0028)	False
AF-A0A1B2ULT2-F1					Rhodococcus sp. p52	Bacteria	Actinobacteria	Actinomycetia	0.3358	0.163	1916.0	Cutinase	Other α/β hydrolase (CL0028)	False
AF-A0A857M3E9-F1					Gordonia amarae	Bacteria	Actinobacteria	Actinomycetia	0.4067	0.105	1923.0	Cutinase	Other α/β hydrolase (CL0028)	False
AF-A0A2S8KM62-F1					Mycolicibacterium austroafricanum	Bacteria	Actinobacteria	Actinomycetia	0.3683	0.122	1933.0	Cutinase	Other α/β hydrolase (CL0028)	False
AF-A0A857LEB5-F1					Gordonia pseudamarae	Bacteria	Actinobacteria	Actinomycetia	0.3983	0.1	1960.0	Cutinase	Other α/β hydrolase (CL0028)	False
AF-A0A4Q7QWR8-F1					Mycobacterium sp. BK558	Bacteria	Actinobacteria	Actinomycetia	0.3574	0.133	2003.0	Cutinase	Other α/β hydrolase (CL0028)	False
AF-A0A7I7TUE4-F1					Mycobacterium paraintracellulare	Bacteria	Actinobacteria	Actinomycetia	0.3556	0.125	2005.0	Cutinase	Other α/β hydrolase (CL0028)	False
AF-A0A7Y8P5R0-F1					Pseudonocardia pini	Bacteria	Actinobacteria	Actinomycetia	0.3525	0.155	2009.0	Abhydrolase_8	Other α/β hydrolase (CL0028)	False
AF-S4Z8E9-F1					Mycobacterium intracellulare subsp. yongonense 05-1390	Bacteria	Actinobacteria	Actinomycetia	0.357	0.124	2026.0	Cutinase	Other α/β hydrolase (CL0028)	False
AF-A0A2D6LG63-F1					Dehalococcoidales bacterium	Bacteria	Chloroflexi	Dehalococcoidia	0.2721	0.153	2027.0		No Pfam hit	False
AF-A0A419YYI2-F1					Rhodococcus pyridinivorans	Bacteria	Actinobacteria	Actinomycetia	0.3336	0.157	2031.0	Cutinase	Other α/β hydrolase (CL0028)	False
AF-A0A7T7LMF5-F1					Rhodococcus pyridinivorans	Bacteria	Actinobacteria	Actinomycetia	0.3597	0.13	2032.0	Cutinase	Other α/β hydrolase (CL0028)	False
AF-A0A329L1Q7-F1					Mycolicibacter senuensis	Bacteria	Actinobacteria	Actinomycetia	0.349	0.135	2040.0	Cutinase	Other α/β hydrolase (CL0028)	False
AF-A0A7R7BMP8-F1					Mesorhizobium sp. 131-3-5	Bacteria	Proteobacteria	Alphaproteobacteria	0.3533	0.137	2042.0		No Pfam hit	False
AF-A0A495MW15-F1					Rhodococcus pyridinivorans	Bacteria	Actinobacteria	Actinomycetia	0.3335	0.148	2046.0	Cutinase	Other α/β hydrolase (CL0028)	False
AF-A0A385LIC1-F1					Rhodococcus rhodochrous	Bacteria	Actinobacteria	Actinomycetia	0.3316	0.153	2047.0	Cutinase	Other α/β hydrolase (CL0028)	False
AF-A0A2W1W151-F1					Curtobacterium sp. MCPF17_021	Bacteria	Actinobacteria	Actinomycetia	0.3783	0.133	2051.0	Cutinase	Other α/β hydrolase (CL0028)	False
AF-A0A7Y6B9Q8-F1					Curtobacterium luteum	Bacteria	Actinobacteria	Actinomycetia	0.3712	0.108	2052.0	Cutinase	Other α/β hydrolase (CL0028)	False
AF-A0A260EDQ2-F1					Rhodococcus sp. 06-156-3	Bacteria	Actinobacteria	Actinomycetia	0.3221	0.154	2064.0	Cutinase	Other α/β hydrolase (CL0028)	False
AF-A0A059MGA3-F1					Rhodococcus aetherivorans	Bacteria	Actinobacteria	Actinomycetia	0.3126	0.182	2065.0	Cutinase	Other α/β hydrolase (CL0028)	False
AF-A0A2S8MC77-F1					Mycobacterium sp. ITM-2016-00317	Bacteria	Actinobacteria	Actinomycetia	0.3279	0.146	2068.0	Cutinase	Other α/β hydrolase (CL0028)	False
AF-A0A2N7SSK0-F1					Mesorhizobium intechi	Bacteria	Proteobacteria	Alphaproteobacteria	0.3815	0.141	2071.0		No Pfam hit	False
AF-D8K0U7-F1					Dehalogenimonas lykanthroporepellens BL-DC-9	Bacteria	Chloroflexi	Dehalococcoidia	0.2759	0.175	2080.0		No Pfam hit	False
AF-A0A260T8P3-F1					Rhodococcus sp. 14-2686-1-2	Bacteria	Actinobacteria	Actinomycetia	0.3145	0.147	2086.0	Cutinase	Other α/β hydrolase (CL0028)	False
AF-A0A1B2UL91-F1					Rhodococcus sp. p52	Bacteria	Actinobacteria	Actinomycetia	0.3267	0.139	2088.0	Cutinase	Other α/β hydrolase (CL0028)	False
AF-A0A7K2VA71-F1					Rhodococcus erythropolis	Bacteria	Actinobacteria	Actinomycetia	0.2916	0.146	2089.0	Cutinase	Other α/β hydrolase (CL0028)	False
AF-A0A504ALH8-F1					Mesorhizobium sp. B2-1-8	Bacteria	Proteobacteria	Alphaproteobacteria	0.3548	0.166	2098.0		No Pfam hit	False
AF-A0A7Z6RJC2-F1					Rhodococcus erythropolis	Bacteria	Actinobacteria	Actinomycetia	0.3032	0.139	2102.0	Cutinase	Other α/β hydrolase (CL0028)	False
AF-A0A2A3BUS6-F1					Mesorhizobium sp. WSM4308	Bacteria	Proteobacteria	Alphaproteobacteria	0.3403	0.156	2105.0		No Pfam hit	False
AF-A0A068D8C3-F1					Mesorhizobium huakuii 7653R	Bacteria	Proteobacteria	Alphaproteobacteria	0.3435	0.152	2106.0		No Pfam hit	False
AF-J1ZC22-F1					Rhodococcus sp. JVH1	Bacteria	Actinobacteria	Actinomycetia	0.2883	0.152	2111.0	Cutinase	Other α/β hydrolase (CL0028)	False
AF-A0A7R6Y3J3-F1					Mesorhizobium sp. 131-2-5	Bacteria	Proteobacteria	Alphaproteobacteria	0.349	0.147	2120.0		No Pfam hit	False
AF-H0K724-F1					Saccharomonospora azurea SZMC 14600	Bacteria	Actinobacteria	Actinomycetia	0.3691	0.124	2121.0	PE-PPE;Cutinase	Other α/β hydrolase (CL0028)	False
AF-A0A260DVK8-F1					Rhodococcus sp. 06-156-3	Bacteria	Actinobacteria	Actinomycetia	0.3285	0.149	2141.0	Cutinase	Other α/β hydrolase (CL0028)	False
AF-A0A440GY46-F1					Mesorhizobium sp.	Bacteria	Proteobacteria	Alphaproteobacteria	0.3654	0.162	2153.0		No Pfam hit	False
AF-A0A7U2VG95-F1					Rhodococcus ruber	Bacteria	Actinobacteria	Actinomycetia	0.3526	0.134	2155.0	Cutinase	Other α/β hydrolase (CL0028)	False
AF-A0A848AP53-F1					Nocardia globerula	Bacteria	Actinobacteria	Actinomycetia	0.2787	0.158	2156.0	Cutinase	Other α/β hydrolase (CL0028)	False
AF-A0A315S3B1-F1					Williamsia marianensis	Bacteria	Actinobacteria	Actinomycetia	0.3045	0.165	2158.0	Cutinase	Other α/β hydrolase (CL0028)	False
AF-A0A807C4N3-F1					Mesorhizobium loti NZP2037	Bacteria	Proteobacteria	Alphaproteobacteria	0.3488	0.138	2161.0		No Pfam hit	False
AF-A0A4P7CBE1-F1					Saccharomonospora xinjiangensis	Bacteria	Actinobacteria	Actinomycetia	0.3618	0.12	2163.0	Cutinase;PE-PPE	Other α/β hydrolase (CL0028)	False
AF-A0A1Q8I4Z9-F1					Rhodococcus sp. M8	Bacteria	Actinobacteria	Actinomycetia	0.32	0.151	2166.0	Cutinase	Other α/β hydrolase (CL0028)	False
AF-A0A1A5QQV3-F1					Mesorhizobium loti	Bacteria	Proteobacteria	Alphaproteobacteria	0.3566	0.163	2179.0		No Pfam hit	False
AF-W3ZX68-F1					Rhodococcus rhodochrous ATCC 21198	Bacteria	Actinobacteria	Actinomycetia	0.3224	0.142	2214.0	Cutinase	Other α/β hydrolase (CL0028)	False
AF-A0A4S1ACW6-F1					bacterium M00.F.Ca.ET.156.01.1.1	Bacteria			0.3321	0.151	2225.0		No Pfam hit	False
AF-A0A2E1GDI9-F1					Gordonia sp.	Bacteria	Actinobacteria	Actinomycetia	0.3283	0.107	2230.0	Cutinase	Other α/β hydrolase (CL0028)	False
AF-A0A440G0Y8-F1					Mesorhizobium sp.	Bacteria	Proteobacteria	Alphaproteobacteria	0.3522	0.154	2237.0		No Pfam hit	False
AF-A0A395KRW6-F1					Mesorhizobium sp. AP09	Bacteria	Proteobacteria	Alphaproteobacteria	0.3655	0.144	2238.0		No Pfam hit	False
AF-A0A4R9ZDR9-F1					bacterium M00.F.Ca.ET.205.01.1.1	Bacteria			0.3423	0.14	2239.0		No Pfam hit	False
AF-A0A7Z6RQU6-F1					Rhodococcus erythropolis	Bacteria	Actinobacteria	Actinomycetia	0.2523	0.162	2242.0	Cutinase	Other α/β hydrolase (CL0028)	False
AF-A0A385HEV7-F1					Rhodococcus ruber	Bacteria	Actinobacteria	Actinomycetia	0.3096	0.148	2257.0	Cutinase;PE-PPE	Other α/β hydrolase (CL0028)	False
AF-A0A6M7VGL9-F1					Mesorhizobium sp. NZP2234	Bacteria	Proteobacteria	Alphaproteobacteria	0.3672	0.134	2275.0		No Pfam hit	False
AF-A0A2S8LZF4-F1					Mycobacterium sp. ITM-2016-00317	Bacteria	Actinobacteria	Actinomycetia	0.3252	0.134	2278.0	PE-PPE	Other α/β hydrolase (CL0028)	False
AF-A0A435E8T7-F1					Mesorhizobium sp. M7D.F.Ca.US.004.01.2.1	Bacteria	Proteobacteria	Alphaproteobacteria	0.3398	0.136	2281.0		No Pfam hit	False
AF-A0A1B4YJD0-F1					Mesorhizobium loti	Bacteria	Proteobacteria	Alphaproteobacteria	0.356	0.152	2284.0		No Pfam hit	False
AF-A0A7R6XBV2-F1					Mesorhizobium sp. 113-3-9	Bacteria	Proteobacteria	Alphaproteobacteria	0.3672	0.137	2285.0		No Pfam hit	False
AF-A0A7Z1ABK4-F1					Mycobacterium sp. 852002-51759_SCH5129042	Bacteria	Actinobacteria	Actinomycetia	0.3442	0.128	2286.0	Cutinase	Other α/β hydrolase (CL0028)	False
AF-A0A2W6SKG6-F1					Gordonia sp.	Bacteria	Actinobacteria	Actinomycetia	0.2975	0.148	2302.0	Cutinase	Other α/β hydrolase (CL0028)	False
AF-A0A222TL68-F1					Gordonia rubripertincta	Bacteria	Actinobacteria	Actinomycetia	0.274	0.108	2339.0	Cutinase	Other α/β hydrolase (CL0028)	False
AF-A0A1Q9U5S6-F1					Rhodococcus sp. CUA-806	Bacteria	Actinobacteria	Actinomycetia	0.1918	0.157	2386.0	Cutinase	Other α/β hydrolase (CL0028)	False
AF-A0A4R7WCA4-F1					Rhodococcus sp. LP_11_YM	Bacteria	Actinobacteria	Actinomycetia	0.3047	0.119	2412.0	Cutinase	Other α/β hydrolase (CL0028)	False
AF-A0A2X1TRJ7-F1					Mycobacterium xenopi	Bacteria	Actinobacteria	Actinomycetia	0.274	0.111	2423.0	Cutinase	Other α/β hydrolase (CL0028)	False
AF-A0A4R6WYV6-F1					Rhodococcus sp. LP_3_YM	Bacteria	Actinobacteria	Actinomycetia	0.2744	0.107	2459.0	Cutinase	Other α/β hydrolase (CL0028)	False
AF-T5HW99-F1					Rhodococcus erythropolis DN1	Bacteria	Actinobacteria	Actinomycetia	0.2326	0.129	2471.0	Cutinase	Other α/β hydrolase (CL0028)	False
AF-A0A260TER9-F1					Rhodococcus fascians	Bacteria	Actinobacteria	Actinomycetia	0.1927	0.139	2476.0	Cutinase	Other α/β hydrolase (CL0028)	False
AF-A0A260QIB5-F1					Rhodococcus sp. 15-649-1-2	Bacteria	Actinobacteria	Actinomycetia	0.1917	0.144	2478.0	Cutinase	Other α/β hydrolase (CL0028)	False
AF-A0A5C7WKM6-F1					Nitrosomonas sp.	Bacteria	Proteobacteria	Betaproteobacteria	0.2446	0.129	2518.0	Lipase_3	Other α/β hydrolase (CL0028)	False
AF-A0A260T928-F1					Rhodococcus sp. 14-2686-1-2	Bacteria	Actinobacteria	Actinomycetia	0.1925	0.144	2531.0	Cutinase	Other α/β hydrolase (CL0028)	False
AF-A0A260I9J1-F1					Rhodococcus sp. 05-2256-B3	Bacteria	Actinobacteria	Actinomycetia	0.1975	0.143	2551.0	Cutinase	Other α/β hydrolase (CL0028)	False
AF-A0A260DRQ5-F1					Rhodococcus sp. 06-156-3	Bacteria	Actinobacteria	Actinomycetia	0.1926	0.146	2552.0	Cutinase	Other α/β hydrolase (CL0028)	False
AF-A0A259X8X4-F1					Rhodococcus sp. 06-621-2	Bacteria	Actinobacteria	Actinomycetia	0.1926	0.144	2567.0	Cutinase	Other α/β hydrolase (CL0028)	False
AF-A0A1A3KGG3-F1					Mycobacterium sp. 1245852.3	Bacteria	Actinobacteria	Actinomycetia	0.2468	0.124	2579.0	Cutinase	Other α/β hydrolase (CL0028)	False
AF-A0A496NZ65-F1					Lachnospiraceae bacterium	Bacteria	Firmicutes	Clostridia	0.2083	0.107	2611.0	ABC_sub_bind	Periplasmic binding protein (CL0144)	False
AF-A0A3E2WGW6-F1					Enterocloster aldenensis	Bacteria	Firmicutes	Clostridia	0.278	0.154	2614.0	Peripla_BP_4	Periplasmic binding protein (CL0144)	False
AF-A0A1A2QC50-F1					Mycobacterium intracellulare	Bacteria	Actinobacteria	Actinomycetia	0.2466	0.136	2626.0	Cutinase	Other α/β hydrolase (CL0028)	False
AF-A0A260KTK1-F1					Rhodococcus sp. 05-2255-1e	Bacteria	Actinobacteria	Actinomycetia	0.1926	0.146	2632.0	Cutinase	Other α/β hydrolase (CL0028)	False
AF-A0A559TY90-F1					Streptomyces sp. CNZ289	Bacteria	Actinobacteria	Actinomycetia	0.2356	0.112	2635.0	Pkinase;PK_Tyr_Ser-Thr;Peripla_BP_6	Periplasmic binding protein (CL0144)	False
AF-A0A2A9BTB0-F1					Bacillus sp. es.034	Bacteria	Firmicutes	Bacilli	0.1683	0.111	2640.0	SBD_N;NBD_C	Other Pfam	False
AF-A0A2A8IKI5-F1					Bacillus sp. AFS006103	Bacteria	Firmicutes	Bacilli	0.1988	0.083	2659.0	SBD_N;NBD_C	Other Pfam	False
AF-A0A0Q9HWL3-F1					Bacillus sp. Root239	Bacteria	Firmicutes	Bacilli	0.1827	0.101	2660.0	SBD_N;NBD_C	Other Pfam	False
AF-A0A2A8W418-F1					Priestia megaterium	Bacteria	Firmicutes	Bacilli	0.1742	0.097	2680.0	SBD_N;NBD_C	Other Pfam	False
AF-A0A6L7R390-F1					Acidobacteria bacterium	Bacteria	Acidobacteria		0.2648	0.112	2688.0	Peripla_BP_5;Peripla_BP_6;ANF_receptor	Periplasmic binding protein (CL0144)	False
AF-A0A4Q8BNZ8-F1					Streptomyces sp. CNZ288	Bacteria	Actinobacteria	Actinomycetia	0.2403	0.113	2714.0	Pkinase;PK_Tyr_Ser-Thr	Other Pfam	False
AF-A0A413WB74-F1					Enterocloster aldenensis	Bacteria	Firmicutes	Clostridia	0.278	0.146	2716.0	Peripla_BP_4	Periplasmic binding protein (CL0144)	False
AF-A0A2A8FL56-F1					Bacillus sp. AFS026049	Bacteria	Firmicutes	Bacilli	0.1802	0.083	2717.0	SBD_N;NBD_C	Other Pfam	False
AF-A0A7G6B089-F1					Herbaspirillum frisingense	Bacteria	Proteobacteria	Betaproteobacteria	0.235	0.148	2718.0	Peripla_BP_6;ANF_receptor	Periplasmic binding protein (CL0144)	False
AF-A0A2M9AMG3-F1					Streptomyces sp. CNZ306	Bacteria	Actinobacteria	Actinomycetia	0.2412	0.117	2727.0	Pkinase;PK_Tyr_Ser-Thr	Other Pfam	False
AF-A0A559VT81-F1					Streptomyces sp. CNZ287	Bacteria	Actinobacteria	Actinomycetia	0.2303	0.119	2739.0	Pkinase;PK_Tyr_Ser-Thr;Peripla_BP_6	Periplasmic binding protein (CL0144)	False
AF-A0A1V2VEC2-F1					Herbaspirillum sp. VT-16-41	Bacteria	Proteobacteria	Betaproteobacteria	0.2482	0.134	2744.0	Peripla_BP_6;ANF_receptor	Periplasmic binding protein (CL0144)	False
AF-A0A8B2PAA5-F1					Streptomyces badius	Bacteria	Actinobacteria	Actinomycetia	0.194	0.141	2752.0	Pkinase;PK_Tyr_Ser-Thr;APH;Peripla_BP_6;ANF_receptor	Periplasmic binding protein (CL0144)	False
AF-A0A1U1CQ22-F1					Mycobacteroides abscessus subsp. massiliense	Bacteria	Actinobacteria	Actinomycetia	0.216	0.12	2756.0	Cutinase	Other α/β hydrolase (CL0028)	False
AF-A0A429HWF4-F1					Streptomyces sp. WAC 05379	Bacteria	Actinobacteria	Actinomycetia	0.2405	0.118	2758.0	Pkinase;PK_Tyr_Ser-Thr;Peripla_BP_6	Periplasmic binding protein (CL0144)	False
AF-N9YVR9-F1					[Clostridium] clostridioforme 90A7	Bacteria	Firmicutes	Clostridia	0.2236	0.112	2768.0	Peripla_BP_6;Peripla_BP_5;ANF_receptor	Periplasmic binding protein (CL0144)	False
AF-A0A8B2XBE3-F1					Enterocloster clostridioformis	Bacteria	Firmicutes	Clostridia	0.2244	0.107	2769.0	Peripla_BP_6;Peripla_BP_5;ANF_receptor	Periplasmic binding protein (CL0144)	False
AF-A0A4V2P0W9-F1					Frankia sp. BMG5.11	Bacteria	Actinobacteria	Actinomycetia	0.1609	0.13	2797.0	Resolvase;Recombinase;Zn_ribbon_recom	Other Pfam	False
AF-A0A2G7ARF1-F1					Streptomyces sp. 94	Bacteria	Actinobacteria	Actinomycetia	0.2336	0.125	2800.0	Peptidase_C14;Peripla_BP_6;ANF_receptor	Periplasmic binding protein (CL0144)	False
AF-A0A1Y3MB66-F1					Arthrobacter agilis	Bacteria	Actinobacteria	Actinomycetia	0.1875	0.106	2813.0	Resolvase;Recombinase	Other Pfam	False
AF-R5EZ19-F1					Clostridium bolteae CAG:59	Bacteria	Firmicutes	Clostridia	0.1899	0.129	2822.0	Peripla_BP_6;Peripla_BP_5;ANF_receptor	Periplasmic binding protein (CL0144)	False
AF-A0A1M3A8T6-F1					Alphaproteobacteria bacterium 62-8	Bacteria	Proteobacteria	Alphaproteobacteria	0.1623	0.134	2823.0	LppC;Peripla_BP_6	Periplasmic binding protein (CL0144)	False
AF-A0A497VWV0-F1					Streptomyces sp. 74	Bacteria	Actinobacteria	Actinomycetia	0.238	0.117	2834.0	Peptidase_C14;Peripla_BP_6;ANF_receptor	Periplasmic binding protein (CL0144)	False
AF-A0A1S9NNY7-F1					Streptomyces antibioticus	Bacteria	Actinobacteria	Actinomycetia	0.1508	0.114	2845.0	Pkinase;PK_Tyr_Ser-Thr;Peripla_BP_6	Periplasmic binding protein (CL0144)	False
AF-A0A428ZJ43-F1					Streptomyces sp. WAC 01420	Bacteria	Actinobacteria	Actinomycetia	0.1511	0.155	2872.0	Pkinase;PK_Tyr_Ser-Thr;Peripla_BP_6	Periplasmic binding protein (CL0144)	False
AF-A0A6M5GD95-F1					Enterocloster bolteae	Bacteria	Firmicutes	Clostridia	0.1423	0.107	2874.0	Peripla_BP_6;Peripla_BP_5;ANF_receptor	Periplasmic binding protein (CL0144)	False
AF-A0A2D8W4Z7-F1					Hyphomonas sp.	Bacteria	Proteobacteria	Alphaproteobacteria	0.155	0.146	2883.0	LppC;Peripla_BP_6;ANF_receptor	Periplasmic binding protein (CL0144)	False
