id	PC1	PC2	PC3	tm_to_2090	taxname	domain	phylum	class	qtmscore	fident	rank	pfam_domains	category	has_structure
AF-A0A010RP64-F1	-0.16390648041197153	0.1422014032418838	-0.10585169921560003	0.283325	Colletotrichum fioriniae PJ7	Eukaryota	Ascomycota	Sordariomycetes	0.4467	0.094	2130.0	TPR_10	Other Pfam	True
AF-A0A017SM30-F1	-0.1759810441028146	0.1251766898075354	-0.11691524981502562	0.2919	Aspergillus ruber CBS 135680	Eukaryota	Ascomycota	Eurotiomycetes	0.4153	0.136	2113.0	NACHT;TPR_12;TPR_10	P-loop NTPase (CL0023)	True
AF-A0A024K6Q3-F1	-0.1719613536397834	0.2533601874101276	0.08308707414427435	0.20892499999999997	Mycobacterium triplex	Bacteria	Actinobacteria	Actinomycetia	0.2353	0.139	2689.0	Cutinase	Other α/β hydrolase (CL0028)	True
AF-A0A024UU92-F1	0.05425895955179814	-0.02982777510262298	-0.10336154568330805	0.5024	Aphanomyces invadans	Eukaryota	Oomycota		0.5288	0.171	1167.0	DUF726;DUF900	DUF900	True
AF-A0A024UVW3-F1	0.04089321683733901	0.0029411962452492377	-0.12133028802418568	0.445525	Aphanomyces invadans	Eukaryota	Oomycota		0.5139	0.17	1115.0	DUF726;DUF900	DUF900	True
AF-A0A026WC54-F1	-0.11841964177633509	0.2616181371143774	0.19304385446466646	0.18882500000000002	Ooceraea biroi	Eukaryota	Arthropoda	Insecta	0.1556	0.147	2762.0		No Pfam hit	True
AF-A0A059BPS0-F1	-0.1972630112044433	0.20088035048494524	0.17476527940418987	0.120475	Eucalyptus grandis	Eukaryota	Streptophyta	Magnoliopsida	0.1421	0.137	2857.0	GTP-bdg_N;GTP-bdg_M;MMR_HSR1	P-loop NTPase (CL0023)	True
AF-A0A059DWZ9-F1	-0.23180441656163814	0.2666032936169039	0.28947398019469456	0.14575	Hyphomonas atlantica	Bacteria	Proteobacteria	Alphaproteobacteria	0.1684	0.122	2827.0	LppC;Peripla_BP_6	Periplasmic binding protein (CL0144)	True
AF-A0A059EEL3-F1	-0.2190257315982244	0.2858921071589345	0.28983239033914265	0.148425	Hyphomonas sp. L-53-1-40	Bacteria	Proteobacteria	Alphaproteobacteria	0.1984	0.112	2809.0	LppC;Peripla_BP_6	Periplasmic binding protein (CL0144)	True
AF-A0A059FSJ8-F1	0.16490874838607808	-0.18145049460895035	0.19548705630638832	0.48350000000000004	Hyphomonas johnsonii MHS-2	Bacteria	Proteobacteria	Alphaproteobacteria	0.5523	0.161	1224.0	DUF900	DUF900	True
AF-A0A059FZW4-F1	-0.21035438892520378	0.2794174427719901	0.29344968488942214	0.1588	Hyphomonas hirschiana VP5	Bacteria	Proteobacteria	Alphaproteobacteria	0.1804	0.109	2792.0	Peripla_BP_6	Periplasmic binding protein (CL0144)	True
AF-A0A061SB26-F1	-0.13714875668954565	0.08353103605721204	-0.01397568280361271	0.23160000000000003	Tetraselmis sp. GSL018	Eukaryota	Chlorophyta	Chlorodendrophyceae	0.2911	0.2	2169.0	Lipase_3	Other α/β hydrolase (CL0028)	True
AF-A0A062TNK9-F1	-0.20051696759205614	0.2998721109376113	0.28261047469407224	0.147325	Hyphomonas pacifica	Bacteria	Proteobacteria	Alphaproteobacteria	0.1831	0.13	2825.0	LppC;Peripla_BP_6;ANF_receptor	Periplasmic binding protein (CL0144)	True
AF-A0A062U2N1-F1	-0.2051207469530932	0.29643305590521735	0.2829499645950538	0.157725	Hyphomonas beringensis	Bacteria	Proteobacteria	Alphaproteobacteria	0.1793	0.128	2854.0	LppC;Peripla_BP_6;ANF_receptor	Periplasmic binding protein (CL0144)	True
AF-A0A062UHZ0-F1	0.17904977124151636	-0.16350290048198135	0.19494436990304506	0.5239	Hyphomonas chukchiensis	Bacteria	Proteobacteria	Alphaproteobacteria	0.5729	0.172	924.0	DUF900	DUF900	True
AF-A0A062VQN5-F1	-0.21494763991461718	0.2815904361791538	0.26420833695484636	0.15757500000000002	Hyphomonas polymorpha PS728	Bacteria	Proteobacteria	Alphaproteobacteria	0.1762	0.112	2867.0	Peripla_BP_6	Periplasmic binding protein (CL0144)	True
AF-A0A067CKR7-F1	-0.12939704212296904	0.05213552842423584	0.004523615477629833	0.2852	Saprolegnia parasitica CBS 223.65	Eukaryota	Oomycota		0.2669	0.178	2139.0	DUF726	DUF726	True
AF-A0A067QBA0-F1	-0.2225662829708389	0.15340527798132256	0.00014077676845641995	0.24475	Jaapia argillacea MUCL 33604	Eukaryota	Basidiomycota	Agaricomycetes	0.265	0.144	2421.0	Abhydrolase_6	Other α/β hydrolase (CL0028)	True
AF-A0A068RZQ8-F1	-0.4906949826853639	-0.22486905022865145	-0.028666172375190736	0.18655	Lichtheimia corymbifera JMRC:FSU:9682	Eukaryota	Mucoromycota	Mucoromycetes	0.1927	0.092	2534.0	Peptidase_S10	Other α/β hydrolase (CL0028)	True
AF-A0A068TBR1-F1	0.19870273149751785	-0.1152164130860056	0.03330857977211867	0.6204	Neorhizobium galegae bv. officinalis bv. officinalis str. HAMBI 1141	Bacteria	Proteobacteria	Alphaproteobacteria	0.6066	0.173	414.0	DUF900	DUF900	True
AF-A0A073IFP7-F1	0.20031953107237593	-0.14970382165652338	0.20563952656105647	0.49365000000000003	Sulfitobacter donghicola DSW-25 = KCTC 12864 = JCM 14565	Bacteria	Proteobacteria	Alphaproteobacteria	0.5761	0.178	1262.0	DUF900	DUF900	True
AF-A0A073J1S4-F1	0.12071363975023895	0.014111224825889236	-0.03856014588829092	0.5135000000000001	Pseudosulfitobacter pseudonitzschiae	Bacteria	Proteobacteria	Alphaproteobacteria	0.5138	0.206	988.0	DUF900	DUF900	True
AF-A0A075FKQ7-F1	0.18812984446528147	0.03032847532993019	-0.17664196089427667	0.8060499999999999	uncultured marine thaumarchaeote AD1000_19_G10	Archaea	Thaumarchaeota		0.7446	0.278	169.0	DUF900;DUF676;Cutinase;DUF726	DUF900	True
AF-A0A075GAR9-F1	0.18133235720760746	0.04151044648484971	-0.15672706283590498	0.802925	uncultured marine thaumarchaeote KM3_08_B06	Archaea	Thaumarchaeota		0.7326	0.302	105.0	DUF900;Cutinase;DUF726	DUF900	True
AF-A0A075GDE7-F1	0.1848882426781617	0.035658133727501574	-0.1712953939656525	0.78145	uncultured marine thaumarchaeote KM3_145_B06	Archaea	Thaumarchaeota		0.7488	0.272	162.0	DUF900;DUF726;Cutinase	DUF900	True
AF-A0A075GE09-F1	0.1799029186443846	0.024908135224134167	-0.17333402545538634	0.80135	uncultured marine thaumarchaeote KM3_151_D03	Archaea	Thaumarchaeota		0.7406	0.288	116.0	DUF900;Cutinase;DUF726	DUF900	True
AF-A0A075GFP7-F1	0.1869087428500787	0.0388444254631709	-0.1531106678727403	0.79285	uncultured marine thaumarchaeote KM3_153_B11	Archaea	Thaumarchaeota		0.7326	0.302	104.0	DUF900;Cutinase;DUF726	DUF900	True
AF-A0A075GH36-F1	0.17123704851724778	0.011387035172636291	-0.17320703263658777	0.8085500000000001	uncultured marine thaumarchaeote KM3_164_C03	Archaea	Thaumarchaeota		0.7488	0.279	123.0	DUF900;DUF676;Lipase_3;DUF726	DUF900	True
AF-A0A075GWP7-F1	0.18611777813303054	0.03416475933310534	-0.16620446845411344	0.8000750000000001	uncultured marine thaumarchaeote KM3_190_B07	Archaea	Thaumarchaeota		0.7498	0.284	202.0	DUF900;DUF676;Cutinase;DUF726	DUF900	True
AF-A0A075GXT2-F1	0.18548113037587652	0.022503360844929304	-0.16586449451679622	0.8074749999999999	uncultured marine thaumarchaeote KM3_199_C08	Archaea	Thaumarchaeota		0.746	0.286	152.0	DUF900;Cutinase;DUF726	DUF900	True
AF-A0A075H1J6-F1	0.1830902351435775	0.02530704081784991	-0.17280024359540003	0.779125	uncultured marine thaumarchaeote KM3_42_G11	Archaea	Thaumarchaeota		0.7418	0.282	143.0	DUF900;DUF676;Cutinase;DUF726	DUF900	True
AF-A0A075H3R4-F1	0.18292488800083154	0.030630474420979388	-0.17284854057627758	0.796825	uncultured marine thaumarchaeote KM3_31_F03	Archaea	Thaumarchaeota		0.7422	0.288	110.0	DUF900;Cutinase;DUF726	DUF900	True
AF-A0A075HBL9-F1	0.1818074637897725	0.02844037262721064	-0.17112748444181503	0.78125	uncultured marine thaumarchaeote KM3_53_F08	Archaea	Thaumarchaeota		0.742	0.27	205.0	DUF900;DUF726;Cutinase	DUF900	True
AF-A0A075HE99-F1	0.18610846217142069	0.0319136228771534	-0.16554108828314545	0.8062	uncultured marine thaumarchaeote KM3_57_B01	Archaea	Thaumarchaeota		0.7493	0.279	94.0	DUF900;DUF676;Cutinase;Lipase_3;DUF726	DUF900	True
AF-A0A075HF93-F1	0.16054404315667625	0.03433289979119313	-0.13049068369697667	0.7275750000000001	uncultured marine thaumarchaeote KM3_69_H10	Archaea	Thaumarchaeota		0.6346	0.282	276.0	DUF900;DUF676;Cutinase;DUF726	DUF900	True
AF-A0A075HMJ5-F1	0.18385697047347566	0.031662017887231914	-0.1593451627022067	0.7842	uncultured marine thaumarchaeote KM3_78_D07	Archaea	Thaumarchaeota		0.7472	0.276	96.0	DUF900;DUF676;Cutinase;DUF726	DUF900	True
AF-A0A075HPP9-F1	0.1835644364929993	0.03198661837929173	-0.1726150316158419	0.79065	uncultured marine thaumarchaeote KM3_74_C01	Archaea	Thaumarchaeota		0.744	0.284	111.0	DUF900;DUF676;Cutinase;DUF726	DUF900	True
AF-A0A075HUK9-F1	0.1921480700347651	0.03640597806673394	-0.17164792309320967	0.8022750000000001	uncultured marine thaumarchaeote KM3_86_E11	Archaea	Thaumarchaeota		0.741	0.281	148.0	DUF900;DUF676;Cutinase;DUF726	DUF900	True
AF-A0A075I1P8-F1	0.07815824093305548	0.10173408816378195	-0.13716714820406356	0.5783750000000001	uncultured marine thaumarchaeote SAT1000_09_C08	Archaea	Thaumarchaeota		0.4435	0.312	749.0	DUF900;DUF676;Cutinase	DUF900	True
AF-A0A075I3P8-F1	0.07443466103698566	0.11500099270480292	-0.14237879508421078	0.5746	uncultured marine thaumarchaeote SAT1000_09_B08	Archaea	Thaumarchaeota		0.4497	0.304	633.0	DUF900;DUF676;Cutinase	DUF900	True
AF-A0A075I6D6-F1	0.06954293510510219	0.10744841766848766	-0.12832197370773232	0.578425	uncultured marine thaumarchaeote SAT1000_09_B07	Archaea	Thaumarchaeota		0.4445	0.306	661.0	DUF900;DUF676;Cutinase	DUF900	True
AF-A0A075I8Y5-F1	0.07212119323402115	0.10699750739399326	-0.13652493131996601	0.57865	uncultured marine thaumarchaeote SAT1000_09_C07	Archaea	Thaumarchaeota		0.4594	0.316	596.0	DUF900;DUF676;Cutinase	DUF900	True
AF-A0A075IB59-F1	0.1477307669647968	0.03587745361443792	-0.13597405896916265	0.726325	uncultured marine thaumarchaeote SAT1000_22_C02	Archaea	Thaumarchaeota		0.6301	0.286	298.0	DUF900;DUF676;Cutinase;DUF726	DUF900	True
AF-A0A075IEY5-F1	0.19680492738179958	0.030388739173295206	-0.16686186180769544	0.787625	uncultured marine thaumarchaeote SAT1000_39_F02	Archaea	Thaumarchaeota		0.7224	0.275	182.0	DUF900;DUF676;Cutinase;DUF726	DUF900	True
AF-A0A077WR81-F1	-0.5052021338814067	-0.2232051393711312	-0.033559629123437684	0.14361000000000002	Lichtheimia ramosa	Eukaryota	Mucoromycota	Mucoromycetes	0.2032	0.095	2707.0	Peptidase_S10	Other α/β hydrolase (CL0028)	True
AF-A0A077XSC7-F1	0.10165547042508212	-0.0006130344015148802	-0.02970617391052494	0.4023	Sphingobacterium sp. PM2-P1-29	Bacteria	Bacteroidota	Sphingobacteriia	0.4417	0.158	1413.0	DUF900	DUF900	True
AF-A0A078KW58-F1	0.17215750813908287	-0.17467554861781429	0.11957432447237905	0.557925	Legionella massiliensis	Bacteria	Proteobacteria	Gammaproteobacteria	0.6264	0.148	876.0	DUF900	DUF900	True
AF-A0A081CUN2-F1	0.19583194672658036	-0.11223799840877269	0.1415948884893354	0.518975	Agrobacterium rubi TR3 = NBRC 13261	Bacteria	Proteobacteria	Alphaproteobacteria	0.6372	0.144	1122.0	DUF900;Abhydrolase_6	DUF900	True
AF-A0A081GHJ8-F1	0.15376730417053283	-0.006785340118975077	-0.054923638250897834	0.5090749999999999	Cyanobium sp. CACIAM 14	Bacteria	Cyanobacteria		0.6	0.132	799.0	DUF900	DUF900	True
AF-A0A081HTV3-F1	-0.17498220044831153	0.25643851893229186	0.08235794306709841	0.2046	Mycobacterium sp. TKK-01-0059	Bacteria	Actinobacteria	Actinomycetia	0.2368	0.134	2559.0	Cutinase	Other α/β hydrolase (CL0028)	True
AF-A0A081HXG1-F1	-0.07196583152608788	0.23299351869177753	0.049512570845412454	0.35619999999999996	Mycobacterium sp. TKK-01-0059	Bacteria	Actinobacteria	Actinomycetia	0.3656	0.128	1901.0	Cutinase	Other α/β hydrolase (CL0028)	True
AF-A0A081RPZ9-F1	0.18260087028441768	0.026977789161178215	-0.1775932999028036	0.7907	Marine Group I thaumarchaeote SCGC AAA799-N04	Archaea	Thaumarchaeota		0.7429	0.268	201.0	DUF900;DUF726	DUF900	True
AF-A0A084G402-F1	-0.1785266002310121	0.11009840790427941	-0.1049371646577779	0.29495000000000005	Scedosporium apiospermum	Eukaryota	Ascomycota	Sordariomycetes	0.4426	0.12	1954.0	NPHP3_N;WD40	P-loop NTPase (CL0023)	True
AF-A0A087ECH9-F1	-0.11718570840640775	0.18949877971046422	0.1435212213486938	0.25425	Bifidobacterium tsurumiense	Bacteria	Actinobacteria	Actinomycetia	0.239	0.092	2710.0	FMN_red	Other Pfam	True
AF-A0A087EJU5-F1	-0.2006783159290572	0.16568168446898643	0.16085065539394583	0.12789250000000002	Bifidobacterium tsurumiense	Bacteria	Actinobacteria	Actinomycetia	0.1773	0.163	2748.0	GTP-bdg_N;GTP-bdg_M;FeoB_N;MMR_HSR1	P-loop NTPase (CL0023)	True
AF-A0A087RR85-F1	0.19071975758921325	0.03138453470456233	-0.17548427176650513	0.8049	Marine Group I thaumarchaeote SCGC AAA799-D11	Archaea	Thaumarchaeota		0.7278	0.27	211.0	DUF900;DUF726	DUF900	True
AF-A0A087RW72-F1	0.18153718654061415	0.028453331691977665	-0.17726053874183748	0.80505	Marine Group I thaumarchaeote SCGC RSA3	Archaea	Thaumarchaeota		0.743	0.268	166.0	DUF900;DUF726	DUF900	True
AF-A0A087S871-F1	0.17827911334210125	0.02743359578376524	-0.17657252926551795	0.807925	Marine Group I thaumarchaeote SCGC AAA799-B03	Archaea	Thaumarchaeota		0.7485	0.266	141.0	DUF900;DUF726	DUF900	True
AF-A0A087SIX2-F1	-0.21793521226246398	0.16327556251913353	0.15363551829806962	0.11199	Auxenochlorella protothecoides	Eukaryota	Chlorophyta	Trebouxiophyceae	0.1374	0.191	2843.0	GTP-bdg_N;GTP-bdg_M;MMR_HSR1;HflX_C	P-loop NTPase (CL0023)	True
AF-A0A087XG26-F1	-0.5473435473159194	-0.26327133851491286	-0.042387581997073646	0.1503	Poecilia formosa	Eukaryota	Chordata	Actinopteri	0.1811	0.087	2655.0	Peptidase_S10	Other α/β hydrolase (CL0028)	True
AF-A0A088EW23-F1	0.12058850692039287	-0.003394775846556992	-0.03329005018947028	0.40869999999999995	Sphingobacterium sp. ML3W	Bacteria	Bacteroidota	Sphingobacteriia	0.4382	0.15	1477.0	DUF900	DUF900	True
AF-A0A090CVK7-F1	-0.10417675766366104	0.16890675951776835	0.12318096661038822	0.13714749999999998	Podospora anserina S mat+	Eukaryota	Ascomycota	Sordariomycetes	0.178	0.098	2817.0	Flavodoxin_1;Radical_SAM;Wyosine_form	Other Pfam	True
AF-A0A090DCA2-F1	-0.09284031872878636	0.24836451836228718	0.04293645275619961	0.43975000000000003	Podospora anserina S mat+	Eukaryota	Ascomycota	Sordariomycetes	0.4231	0.105	1921.0	Cutinase	Other α/β hydrolase (CL0028)	True
AF-A0A090I5Z5-F1	0.20140640532834148	-0.10603136791013322	0.04001110904109681	0.551825	Aliivibrio wodanis	Bacteria	Proteobacteria	Gammaproteobacteria	0.5781	0.186	474.0	DUF900	DUF900	True
AF-A0A090L955-F1	-0.03573728406844576	0.12799915750440033	0.007925041774889362	0.22294999999999998	Strongyloides ratti	Eukaryota	Nematoda	Chromadorea	0.3212	0.08	2571.0	IP_trans;DDHD;PITM1-3;LNS2_PITM1-3	Other Pfam	True
AF-A0A090M9Z9-F1	-0.17659647530763858	0.17930225803841704	-0.10716289264461164	0.27390000000000003	Fusarium acuminatum CS5907	Eukaryota	Ascomycota	Sordariomycetes	0.3857	0.105	2048.0	NB-ARC;NACHT	P-loop NTPase (CL0023)	True
AF-A0A091ARK0-F1	0.2155126002971764	-0.09398780644118473	0.06307485746493711	0.584225	Arenimonas oryziterrae DSM 21050 = YC6267	Bacteria	Proteobacteria	Gammaproteobacteria	0.6347	0.144	573.0	DUF900;Abhydrolase_6	DUF900	True
AF-A0A094ALP1-F1	-0.17509971442976308	0.09572987565531532	-0.11004703568880177	0.32805	Pseudogymnoascus sp. VKM F-4513 (FW-928)	Eukaryota	Ascomycota	Leotiomycetes	0.463	0.138	1711.0	NB-ARC	P-loop NTPase (CL0023)	True
AF-A0A094B6M2-F1	-0.09163965234419286	0.16435451770059112	0.1527420848645046	0.1838	Pseudogymnoascus sp. VKM F-4246	Eukaryota	Ascomycota	Leotiomycetes	0.2274	0.122	2731.0	Flavodoxin_1	Other Pfam	True
AF-A0A094E3P9-F1	-0.17119897088962677	0.14989829421514983	-0.07623528833801184	0.25795	Pseudogymnoascus sp. VKM F-103	Eukaryota	Ascomycota	Leotiomycetes	0.4251	0.119	2435.0	NPHP3_N;NACHT;Ank_2;Ank;Ank_4;Ank_3	P-loop NTPase (CL0023)	True
AF-A0A094GBQ6-F1	-0.1535686751389013	0.13518427091086246	-0.10182838320121916	0.2992	Pseudogymnoascus sp. VKM F-4518 (FW-2643)	Eukaryota	Ascomycota	Leotiomycetes	0.4677	0.126	2054.0	NB-ARC;TPR_12;TPR_10;DEAD	P-loop NTPase (CL0023)	True
AF-A0A094HP02-F1	-0.17909939972133526	0.11675620540531191	-0.07852631466845827	0.25365000000000004	Pseudogymnoascus sp. VKM F-4520 (FW-2644)	Eukaryota	Ascomycota	Leotiomycetes	0.4124	0.097	2103.0	NPHP3_N;Ank_2;Ank_4;Ank	P-loop NTPase (CL0023)	True
AF-A0A096A4R5-F1	-0.04527615456291626	0.13743463261563046	0.005091977612762362	0.396325	Corynebacterium freneyi DNF00450	Bacteria	Actinobacteria	Actinomycetia	0.3958	0.161	1668.0	Abhydrolase_8;Lipase_3	Other α/β hydrolase (CL0028)	True
AF-A0A098BPQ8-F1	-0.16677283500629106	0.251254197902556	0.06794531951840502	0.229225	Rhodococcus ruber	Bacteria	Actinobacteria	Actinomycetia	0.3006	0.162	2213.0	Cutinase	Other α/β hydrolase (CL0028)	True
AF-A0A098DQ72-F1	-0.15507961164867148	0.18735751664867473	-0.070002845901305	0.226225	Fusarium graminearum PH-1	Eukaryota	Ascomycota	Sordariomycetes	0.3432	0.108	2610.0	NB-ARC;TPR_12;TPR_10;TPR_16;TPR_5	P-loop NTPase (CL0023)	True
AF-A0A098T769-F1	0.18427688016178315	-0.11480363989391618	0.15441527662389884	0.49885	Hoeflea sp. BAL378	Bacteria	Proteobacteria	Alphaproteobacteria	0.5552	0.173	1333.0	DUF900;Abhydrolase_6	DUF900	True
AF-A0A0A0EFV2-F1	0.10495323453586296	0.022145569462456573	-0.06497941832428833	0.51535	Pseudooceanicola atlanticus	Bacteria	Proteobacteria	Alphaproteobacteria	0.5347	0.183	1168.0	DUF900;DUF726	DUF900	True
AF-A0A0A0HJT9-F1	0.1388874819807738	-0.10255646614878854	0.1259585014444924	0.432525	Roseovarius mucosus DSM 17069	Bacteria	Proteobacteria	Alphaproteobacteria	0.595	0.151	1460.0	DctP;DUF900;Abhydrolase_6	DUF900	True
AF-A0A0A0MBA1-F1	-0.02462868575067012	0.08132233349273266	-0.03374321492364574	0.420425	Lysobacter defluvii IMMIB APB-9 = DSM 18482	Bacteria	Proteobacteria	Gammaproteobacteria	0.467	0.153	1740.0	Abhydrolase_8	Other α/β hydrolase (CL0028)	True
AF-A0A0A1VWS9-F1	0.22944376569812366	-0.16413794726355752	0.06410313470414865	0.5799749999999999	Microcystis aeruginosa NIES-44	Bacteria	Cyanobacteria		0.6021	0.171	851.0	DUF900	DUF900	True
AF-A0A0A2KJD3-F1	-0.14217427879865663	0.14203444170809934	-0.15543661028185213	0.388675	Penicillium expansum	Eukaryota	Ascomycota	Eurotiomycetes	0.4121	0.144	2007.0		No Pfam hit	True
AF-A0A0A2LAM3-F1	-0.1297469179800789	0.13838870912200438	-0.16593925488928735	0.40665	Penicillium italicum	Eukaryota	Ascomycota	Eurotiomycetes	0.4342	0.135	1836.0		No Pfam hit	True
AF-A0A0A2V5G4-F1	-0.19327547043811888	0.12750374567302192	-0.09029729507155988	0.2803	Beauveria bassiana D1-5	Eukaryota	Ascomycota	Sordariomycetes	0.2873	0.137	2174.0	DUF676;Abhydrolase_6	DUF676	True
AF-A0A0A2VP86-F1	-0.1339681342135619	0.08951499752266502	-0.09975758893703057	0.415975	Beauveria bassiana D1-5	Eukaryota	Ascomycota	Sordariomycetes	0.4508	0.134	1903.0	DUF676;LCAT	DUF676	True
AF-A0A0A5I0Q6-F1	0.21784628859077498	-0.11183419784289352	0.06501736018016284	0.5347500000000001	Vibrio sinaloensis	Bacteria	Proteobacteria	Gammaproteobacteria	0.6236	0.188	396.0	DUF900	DUF900	True
AF-A0A0A7V1B0-F1	0.1661315778286964	0.00561100346186037	-0.17340133365777813	0.8046500000000001	Candidatus Nitrosopelagicus brevis	Archaea	Thaumarchaeota		0.7304	0.279	95.0	DUF900;DUF676;Lipase_3;Cutinase;DUF726	DUF900	True
AF-A0A0A8KYW1-F1	-0.1610028652345941	0.12364583153899737	0.029946863837903136	0.269275	Kluyveromyces dobzhanskii CBS 2104	Eukaryota	Ascomycota	Saccharomycetes	0.3286	0.103	1896.0	DUF676	DUF676	True
AF-A0A0A9W0I2-F1	-0.5388671376279336	-0.24937005864360554	-0.0314492797304163	0.1611	Lygus hesperus	Eukaryota	Arthropoda	Insecta	0.1939	0.144	2380.0	Peptidase_S10	Other α/β hydrolase (CL0028)	True
AF-A0A0A9W3V6-F1	-0.5377433339139802	-0.249568009931979	-0.03457280989030845	0.1615	Lygus hesperus	Eukaryota	Arthropoda	Insecta	0.1969	0.181	2382.0	Peptidase_S10	Other α/β hydrolase (CL0028)	True
AF-A0A0A9X8H2-F1	-0.5429435025964813	-0.25726891497457577	-0.020004374301259596	0.17365	Lygus hesperus	Eukaryota	Arthropoda	Insecta	0.2103	0.125	2241.0	Peptidase_S10	Other α/β hydrolase (CL0028)	True
AF-A0A0A9XCS3-F1	-0.5362038526108424	-0.25556544984126245	-0.03141034510736585	0.1633	Lygus hesperus	Eukaryota	Arthropoda	Insecta	0.1976	0.105	2340.0	Peptidase_S10	Other α/β hydrolase (CL0028)	True
AF-A0A0A9XDE9-F1	-0.5378121189566799	-0.2748420334970447	-0.03218247530732612	0.17304999999999998	Lygus hesperus	Eukaryota	Arthropoda	Insecta	0.2093	0.111	2369.0	Peptidase_S10	Other α/β hydrolase (CL0028)	True
AF-A0A0A9XJC2-F1	-0.5344250700655079	-0.2157758800235187	-0.04923438288299409	0.1694	Lygus hesperus	Eukaryota	Arthropoda	Insecta	0.188	0.144	2556.0	Peptidase_S10	Other α/β hydrolase (CL0028)	True
AF-A0A0A9YIS5-F1	-0.5387949770575734	-0.2486012283043246	-0.03730300381282422	0.1749	Lygus hesperus	Eukaryota	Arthropoda	Insecta	0.2084	0.138	2330.0	Peptidase_S10	Other α/β hydrolase (CL0028)	True
AF-A0A0B1Q0H9-F1	0.19785085441631994	-0.10933719589792647	0.15569063156100768	0.52605	Aureimonas altamirensis	Bacteria	Proteobacteria	Alphaproteobacteria	0.5805	0.162	944.0	DUF900;Abhydrolase_6	DUF900	True
AF-A0A0B5GHC8-F1	0.16625323840147846	-0.012559973602070278	-0.16557748865734043	0.7942	Haloarcula sp. CBA1115	Archaea	Euryarchaeota	Halobacteria	0.7839	0.327	63.0	DUF900;DUF726	DUF900	True
AF-A0A0B5GT34-F1	0.1357162525346433	0.03912416972995117	-0.15610308138784929	0.708375	Haloarcula sp. CBA1115	Archaea	Euryarchaeota	Halobacteria	0.6973	0.246	332.0	DUF726;DUF900	DUF900	True
AF-A0A0B6AWY1-F1	-0.1780557156596484	0.15622394872647472	0.10752931877338733	0.158325	Priestia megaterium NBRC 15308 = ATCC 14581	Bacteria	Firmicutes	Bacilli	0.1776	0.091	2617.0	SBD_N;NBD_C	Other Pfam	True
AF-A0A0B7BPD6-F1	-0.5502630739988397	-0.24875963244412774	-0.07658266116238178	0.1632	Arion vulgaris	Eukaryota	Mollusca	Gastropoda	0.1952	0.142	2453.0	Peptidase_S10	Other α/β hydrolase (CL0028)	True
AF-A0A0C1H241-F1	0.21758490592786647	-0.10675726938240203	0.04284256601065858	0.6651	Ruegeria sp. ANG-S4	Bacteria	Proteobacteria	Alphaproteobacteria	0.6807	0.167	348.0	DUF900;Abhydrolase_6	DUF900	True
AF-A0A0C1YDR1-F1	0.23777260992061447	-0.12151385596004946	0.05828526276379147	0.642475	Lyngbya confervoides BDU141951	Bacteria	Cyanobacteria		0.6779	0.168	722.0	DUF900	DUF900	True
AF-A0A0C3HNI6-F1	0.22459381983905746	-0.06704213796932831	-0.02512499874647174	0.6531	Vibrio mytili	Bacteria	Proteobacteria	Gammaproteobacteria	0.6469	0.182	606.0	DUF900	DUF900	True
AF-A0A0C4E8T6-F1	-0.14330104657617146	0.10679274918284823	-0.041982476001744	0.305825	Magnaporthiopsis poae ATCC 64411	Eukaryota	Ascomycota	Sordariomycetes	0.4225	0.139	2184.0	NPHP3_N	P-loop NTPase (CL0023)	True
AF-A0A0C5BVY9-F1	0.17070498519370267	0.030217589207551843	-0.18038682061216507	0.7891250000000001	Nitrosopumilus piranensis	Archaea	Thaumarchaeota		0.7174	0.255	171.0	DUF900;DUF726	DUF900	True
AF-A0A0C5VL54-F1	0.22259769009552033	-0.1309710567419252	0.08207132239073497	0.536525	Gynuella sunshinyii YC6258	Bacteria	Proteobacteria	Gammaproteobacteria	0.6126	0.164	719.0	DUF900	DUF900	True
AF-A0A0C7NCK2-F1	-0.16962895277285664	0.1260390132534546	0.033346811928533164	0.2499	Lachancea lanzarotensis	Eukaryota	Ascomycota	Saccharomycetes	0.3367	0.166	1819.0	DUF676	DUF676	True
AF-A0A0D0H5B6-F1	0.2170982902651707	-0.14112226928180888	0.12716512501899568	0.516	Burkholderia sp. MSHR3999	Bacteria	Proteobacteria	Betaproteobacteria	0.5049	0.18	1360.0	DUF900;Abhydrolase_6	DUF900	True
AF-A0A0D0K828-F1	0.193329016491229	-0.11790452271399621	0.15305700064503058	0.51005	Agrobacterium tumefaciens	Bacteria	Proteobacteria	Alphaproteobacteria	0.6095	0.142	1248.0	DUF900;Abhydrolase_6	DUF900	True
AF-A0A0D1EJH8-F1	0.24187771919165263	-0.09743285018283794	0.05440484316438178	0.6369750000000001	Jannaschia aquimarina	Bacteria	Proteobacteria	Alphaproteobacteria	0.6561	0.182	347.0	DUF900;Abhydrolase_6	DUF900	True
AF-A0A0D2AYZ5-F1	-0.11322911564428606	0.10600126440428802	0.10336965436540879	0.237675	Cladophialophora immunda	Eukaryota	Ascomycota	Eurotiomycetes	0.2006	0.114	2773.0	T6SS_Tle1-like_cat	Other α/β hydrolase (CL0028)	True
AF-A0A0D2FBP1-F1	-0.1301205271637965	0.11532746768706753	0.1056426874274616	0.18195	Fonsecaea pedrosoi CBS 271.37	Eukaryota	Ascomycota	Eurotiomycetes	0.2298	0.129	2492.0	T6SS_Tle1-like_cat	Other α/β hydrolase (CL0028)	True
AF-A0A0D2X2V5-F1	-0.18172151325490038	0.084790225241371	-0.05817927777781666	0.25505	Capsaspora owczarzaki ATCC 30864	Eukaryota		Filasterea	0.3752	0.145	2079.0		No Pfam hit	True
AF-A0A0D5C1K9-F1	0.18328557109210983	0.04498608364228372	-0.17183886678257312	0.7974749999999999	Nitrosopumilus adriaticus	Archaea	Thaumarchaeota		0.718	0.262	177.0	DUF900;DUF726	DUF900	True
AF-A0A0D6JRZ7-F1	0.17980276628916564	0.024757015455976288	-0.17894850375830823	0.9327	Haloferax massiliensis	Archaea	Euryarchaeota	Halobacteria	0.9326	0.696	13.0		No Pfam hit	True
AF-A0A0E0IK89-F1	-0.26788972232070585	0.04876379070247908	0.01531736870493003	0.164275	Oryza nivara	Eukaryota	Streptophyta	Magnoliopsida	0.2099	0.146	2643.0	DUF1350	Other α/β hydrolase (CL0028)	True
AF-A0A0F2RP84-F1	0.15497151861272945	-0.149471435213074	0.22806834520041253	0.4536	Hyphomonas sp. BRH_c22	Bacteria	Proteobacteria	Alphaproteobacteria	0.5145	0.184	1198.0	DUF900	DUF900	True
AF-A0A0F2S2D1-F1	0.13085097101666734	-0.12270829440570837	0.13179299870357583	0.442725	Roseovarius sp. BRH_c41	Bacteria	Proteobacteria	Alphaproteobacteria	0.5895	0.152	1181.0	DctP;DUF900;Abhydrolase_6	DUF900	True
AF-A0A0F4Z531-F1	-0.1844061650971416	0.14501640435543978	-0.1325361058015483	0.276025	Rasamsonia emersonii CBS 393.64	Eukaryota	Ascomycota	Eurotiomycetes	0.3948	0.124	2150.0	TPR_12;TPR_10;TPR_4;TPR_7;SERF-like_N	Other Pfam	True
AF-A0A0F7CU08-F1	-0.11849997679058487	0.19103049345406622	0.09124329014939875	0.28175	Dehalogenimonas sp. WBC-2	Bacteria	Chloroflexi	Dehalococcoidia	0.2802	0.148	1936.0		No Pfam hit	True
AF-A0A0F7NCH7-F1	-0.16387948492522933	0.2881401981544915	0.2735502132747558	0.15976	Streptomyces sp. CNQ-509	Bacteria	Actinobacteria	Actinomycetia	0.2235	0.133	2806.0	Pkinase;PK_Tyr_Ser-Thr;Peripla_BP_6	Periplasmic binding protein (CL0144)	True
AF-A0A0F7ZIP2-F1	-0.07828553688372322	0.23308211516826097	0.07962762756683384	0.3013	Hirsutella minnesotensis 3608	Eukaryota	Ascomycota	Sordariomycetes	0.3137	0.123	2081.0	Cutinase	Other α/β hydrolase (CL0028)	True
AF-A0A0F7ZZD5-F1	-0.24352875241759725	0.14782393302559346	-0.021428044684389178	0.25412500000000005	Hirsutella minnesotensis 3608	Eukaryota	Ascomycota	Sordariomycetes	0.2965	0.104	2422.0		No Pfam hit	True
AF-A0A0F9XQ39-F1	0.1806724321800371	-0.130737785928331	0.1915826129633121	0.45835	marine sediment metagenome	Metagenome (unassigned)			0.5296	0.156	1540.0	DUF900	DUF900	True
AF-A0A0G0IY21-F1	-0.07181384999334545	0.08654592493156092	0.04092930661178716	0.25802499999999995	Parcubacteria group bacterium GW2011_GWA2_38_13	Bacteria			0.3817	0.136	1742.0		No Pfam hit	True
AF-A0A0G3H0V0-F1	-0.024479463478886243	0.0968196091047323	-0.051629224134900585	0.429975	Corynebacterium mustelae	Bacteria	Actinobacteria	Actinomycetia	0.4981	0.131	1571.0	Abhydrolase_8	Other α/β hydrolase (CL0028)	True
AF-A0A0G4HJY4-F1	0.1878273106311923	-0.06823252980309581	-0.037796525040356896	0.615425	Chromera velia CCMP2878	Eukaryota			0.671	0.136	660.0	DUF900	DUF900	True
AF-A0A0G4PGD7-F1	-0.13750347419468195	0.14704094483254498	-0.1567125210358192	0.39155	Penicillium camemberti FM 013	Eukaryota	Ascomycota	Eurotiomycetes	0.4172	0.132	1977.0		No Pfam hit	True
AF-A0A0H2R7Z2-F1	-0.21908267727434788	0.16171090789866113	0.008172758167607392	0.24464999999999998	Schizopora paradoxa	Eukaryota	Basidiomycota	Agaricomycetes	0.2852	0.147	2322.0	DUF676;Abhydrolase_6	DUF676	True
AF-A0A0H4K811-F1	-0.5400224515009426	-0.26415531554401833	-0.024435498503796713	0.194125	Tigriopus japonicus	Eukaryota	Arthropoda	Hexanauplia	0.2022	0.092	2486.0	Peptidase_S10	Other α/β hydrolase (CL0028)	True
AF-A0A0H4KPF5-F1	-0.5483560926881895	-0.25140299378291003	-0.04889236455129471	0.1615	Tigriopus japonicus	Eukaryota	Arthropoda	Hexanauplia	0.1957	0.102	2455.0	Peptidase_S10	Other α/β hydrolase (CL0028)	True
AF-A0A0H5NGN0-F1	-0.15664369953061696	0.21684394627721487	0.08343343221790739	0.2394	Nocardia farcinica	Bacteria	Actinobacteria	Actinomycetia	0.2407	0.121	2436.0	Cutinase	Other α/β hydrolase (CL0028)	True
AF-A0A0J1BDR2-F1	0.16118438368253674	0.0011870741108086654	-0.10909508898808574	0.5427500000000001	Rhodopirellula islandica	Bacteria	Planctomycetota	Planctomycetia	0.6454	0.149	459.0		No Pfam hit	True
AF-A0A0J1G8D1-F1	-0.18571884013311216	0.24138316412946606	0.23827376324173338	0.1331	Robinsoniella sp. RHS	Bacteria	Firmicutes	Clostridia	0.1468	0.118	2839.0	Peripla_BP_1;Peripla_BP_4	Periplasmic binding protein (CL0144)	True
AF-A0A0J6VJ58-F1	-0.05943938800481892	0.23587257407569587	0.05428707703655368	0.44247499999999995	Mycolicibacterium chlorophenolicum	Bacteria	Actinobacteria	Actinomycetia	0.4056	0.135	1804.0	Cutinase	Other α/β hydrolase (CL0028)	True
AF-A0A0J9E283-F1	0.19906542641411012	-0.10867007088709238	0.1170095824587774	0.53905	Candidatus Rhodobacter lobularis	Bacteria	Proteobacteria	Alphaproteobacteria	0.5844	0.202	642.0	DUF900	DUF900	True
AF-A0A0J9W1K3-F1	-0.14819771175145238	0.14982075925207838	-0.124716352582662	0.31510000000000005	Fusarium oxysporum f. sp. lycopersici 4287	Eukaryota	Ascomycota	Sordariomycetes	0.4564	0.139	1888.0	DUF676;NB-ARC;TPR_10	DUF676	True
AF-A0A0J9W2A7-F1	-0.14482664369780776	0.16737837658957558	-0.07691958771221437	0.2334	Fusarium oxysporum f. sp. lycopersici 4287	Eukaryota	Ascomycota	Sordariomycetes	0.3348	0.126	2326.0	DUF676;NB-ARC;TPR_10	DUF676	True
AF-A0A0J9WU17-F1	-0.14842544060208995	0.15128487772872495	-0.13057566956706826	0.3258	Fusarium oxysporum f. sp. lycopersici 4287	Eukaryota	Ascomycota	Sordariomycetes	0.4837	0.124	1728.0	DUF676;NB-ARC;TPR_10	DUF676	True
AF-A0A0K0ECL7-F1	-0.07791087514619546	0.13938857865209492	0.03158140940335603	0.23904999999999998	Strongyloides stercoralis	Eukaryota	Nematoda	Chromadorea	0.3546	0.082	2434.0	IP_trans;DDHD;PITM1-3;LNS2_PITM1-3	Other Pfam	True
AF-A0A0K0F6Q5-F1	-0.03908626221469488	0.12685417244726402	0.003323864364651963	0.231225	Strongyloides venezuelensis	Eukaryota	Nematoda	Chromadorea	0.3731	0.083	2467.0	IP_trans;DDHD;PITM1-3;LNS2_PITM1-3	Other Pfam	True
AF-A0A0K0XVE0-F1	0.1856334138638894	-0.1789725065204794	0.20951430807224505	0.485425	Wenzhouxiangella marina	Bacteria	Proteobacteria	Gammaproteobacteria	0.5719	0.157	1323.0	DUF900	DUF900	True
AF-A0A0K1IR80-F1	0.18814771598779886	0.03585693128821772	-0.17504193191198192	0.931	Haloferax gibbonsii	Archaea	Euryarchaeota	Halobacteria	0.9306	0.72	17.0		No Pfam hit	True
AF-A0A0K2YSH2-F1	-0.17328106790244543	0.2491696158310888	0.05532256089841161	0.21875	Rhodococcus sp. RD6.2	Bacteria	Actinobacteria	Actinomycetia	0.2881	0.165	2157.0	Cutinase	Other α/β hydrolase (CL0028)	True
AF-A0A0K3C7C1-F1	-0.15437033348302243	0.11200918119111003	0.04626463065986512	0.23055	Rhodotorula toruloides	Eukaryota	Basidiomycota	Microbotryomycetes	0.3244	0.151	2217.0	Dioxygenase_C;DUF676	DUF676	True
AF-A0A0K8SL40-F1	-0.5356834976009978	-0.24361148469169555	-0.04682261583838965	0.1608	Lygus hesperus	Eukaryota	Arthropoda	Insecta	0.2394	0.114	2517.0	Peptidase_S10	Other α/β hydrolase (CL0028)	True
AF-A0A0K8STY8-F1	-0.5395307014513927	-0.25258329444228816	-0.03577137890611607	0.1628	Lygus hesperus	Eukaryota	Arthropoda	Insecta	0.1977	0.181	2389.0	Peptidase_S10	Other α/β hydrolase (CL0028)	True
AF-A0A0K8SWE0-F1	-0.5130371029386691	-0.21607531996827678	-0.048016503229831344	0.220875	Lygus hesperus	Eukaryota	Arthropoda	Insecta	0.2383	0.114	2729.0	Peptidase_S10	Other α/β hydrolase (CL0028)	True
AF-A0A0K8SZ92-F1	-0.5248624767292375	-0.24928823205269038	-0.04055242966370213	0.19755	Lygus hesperus	Eukaryota	Arthropoda	Insecta	0.2104	0.105	2212.0	Peptidase_S10	Other α/β hydrolase (CL0028)	True
AF-A0A0L0NCA2-F1	-0.14486037551914657	0.1472390590613053	-0.10681249751757804	0.317225	Tolypocladium ophioglossoides CBS 100239	Eukaryota	Ascomycota	Sordariomycetes	0.4438	0.132	1808.0	DUF676;Abhydrolase_6;TPR_12;TPR_10;TPR_7	DUF676	True
AF-A0A0M2K055-F1	-0.05286101346184816	0.2313928335140013	0.05671834956671354	0.390325	Mycolicibacterium obuense	Bacteria	Actinobacteria	Actinomycetia	0.3606	0.131	2094.0	Cutinase	Other α/β hydrolase (CL0028)	True
AF-A0A0M2XMN5-F1	0.11703275540668326	-0.008489459650241478	-0.04197679022083519	0.46985	Sphingobacterium sp. Ag1	Bacteria	Bacteroidota	Sphingobacteriia	0.4915	0.132	1271.0	DUF900	DUF900	True
AF-A0A0M6XUW1-F1	0.20871696752493538	-0.1025987288658594	0.02544156493537935	0.60475	Jannaschia rubra	Bacteria	Proteobacteria	Alphaproteobacteria	0.6277	0.185	477.0	DUF900	DUF900	True
AF-A0A0M8PI05-F1	-0.1433453398099629	0.1267879956266237	-0.1484896617516017	0.4043	Penicillium nordicum	Eukaryota	Ascomycota	Eurotiomycetes	0.3988	0.134	1835.0		No Pfam hit	True
AF-A0A0M9AR50-F1	0.13192298480268058	0.024793478191502624	-0.1511441402391712	0.6647749999999999	Halorubrum tropicale	Archaea	Euryarchaeota	Halobacteria	0.6148	0.266	306.0	DUF900;DUF726	DUF900	True
AF-A0A0M9EFU6-F1	0.1728687496996636	-0.11920980937516436	0.12268614826315624	0.49007500000000004	Shimia sp. SK013	Bacteria	Proteobacteria	Alphaproteobacteria	0.6193	0.144	1001.0	Pentapeptide;DUF900	DUF900	True
AF-A0A0N0BPM7-F1	0.17316269990406158	-0.01140787103483924	-0.15480465470261678	0.7996000000000001	Haloarcula rubripromontorii	Archaea	Euryarchaeota	Halobacteria	0.7876	0.317	83.0	DUF900;DUF726	DUF900	True
AF-A0A0N1E0X3-F1	0.12829032372937135	0.00804273316096154	-0.06265442342460122	0.48295	Chryseobacterium sp. ERMR1:04	Bacteria	Bacteroidota	Flavobacteriia	0.5131	0.187	1093.0	DUF900	DUF900	True
AF-A0A0N1H6W7-F1	-0.20685625450669703	0.14707652337738242	0.05286814964360223	0.25185	Phialophora attinorum	Eukaryota	Ascomycota	Eurotiomycetes	0.2296	0.179	2334.0	DUF676;Abhydrolase_6	DUF676	True
AF-A0A0N4ZNB4-F1	-0.05714711749321258	0.1384622395575674	0.03157868370310184	0.2515	Parastrongyloides trichosuri	Eukaryota	Nematoda	Chromadorea	0.3693	0.077	2365.0	IP_trans;DDHD;PITM1-3;LNS2_PITM1-3	Other Pfam	True
AF-A0A0N5BP79-F1	-0.04308214301431222	0.12252072078106176	0.01031794758346885	0.25475000000000003	Strongyloides papillosus	Eukaryota	Nematoda	Chromadorea	0.3983	0.09	2293.0	IP_trans;DDHD;PITM1-3;LNS2_PITM1-3	Other Pfam	True
AF-A0A0P0SFK0-F1	-0.03584049644483432	0.08823494703009793	-0.013623532324732596	0.290275	Pseudonocardia sp. EC080619-01	Bacteria	Actinobacteria	Actinomycetia	0.4043	0.156	1914.0	Abhydrolase_8	Other α/β hydrolase (CL0028)	True
AF-A0A0P1A876-F1	-0.022322592630246753	0.07113250015507246	-0.07720432377793394	0.344625	Plasmopara halstedii	Eukaryota	Oomycota		0.4135	0.16	1715.0	DUF726	DUF726	True
AF-A0A0P1ERU3-F1	0.20867828364407168	-0.16179141794845434	0.21100928380111714	0.466525	Shimia marina	Bacteria	Proteobacteria	Alphaproteobacteria	0.5518	0.138	1468.0	DUF900	DUF900	True
AF-A0A0P1H470-F1	0.21960210736919306	-0.10354172641532335	0.047074230291573635	0.63135	Phaeobacter sp. CECT 5382	Bacteria	Proteobacteria	Alphaproteobacteria	0.6348	0.166	601.0	DUF900;DUF676;Abhydrolase_6	DUF900	True
AF-A0A0P1KP45-F1	-0.15497700597946423	0.11298961383458074	0.02949536038724814	0.2901	Lachancea quebecensis	Eukaryota	Ascomycota	Saccharomycetes	0.371	0.153	1967.0	DUF676	DUF676	True
AF-A0A0P6RIN8-F1	0.22256234119792825	-0.10288012755886841	0.04223404407271541	0.62955	Phaeobacter sp. 11ANDIMAR09	Bacteria	Proteobacteria	Alphaproteobacteria	0.6348	0.168	530.0	DUF900;DUF676;Abhydrolase_6	DUF900	True
AF-A0A0P6XS24-F1	-0.202467460760256	0.29208938750029806	0.2663328118283552	0.230125	Herpetosiphon geysericola	Bacteria	Chloroflexi	Chloroflexia	0.2489	0.12	2699.0	Peripla_BP_6;Peripla_BP_5;ANF_receptor	Periplasmic binding protein (CL0144)	True
AF-A0A0P8BEG2-F1	0.19836831774542393	-0.1381746431955976	0.04265961279209531	0.5433000000000001	Algoriphagus marincola HL-49	Bacteria	Bacteroidota	Cytophagia	0.5753	0.186	868.0	DUF900	DUF900	True
AF-A0A0P8BV02-F1	0.049383293883438636	0.0766311901583967	-0.023496011503326496	0.5044500000000001	Rhodobacteraceae bacterium HLUCCO18	Bacteria	Proteobacteria	Alphaproteobacteria	0.4542	0.162	1402.0	DUF900;Abhydrolase_6;Abhydrolase_1;Ser_hydrolase	DUF900	True
AF-A0A0Q0I828-F1	0.2025231961178255	-0.12154402432200974	0.05861897527755893	0.52915	Pseudoalteromonas sp. P1-26	Bacteria	Proteobacteria	Gammaproteobacteria	0.5636	0.188	434.0	DUF900	DUF900	True
AF-A0A0Q2M6W0-F1	0.2309176890933393	-0.05742660192838302	-0.017223805501777146	0.6023000000000001	Vibrio furnissii	Bacteria	Proteobacteria	Gammaproteobacteria	0.5806	0.168	857.0	DUF900	DUF900	True
AF-A0A0Q5WRL4-F1	0.19855126399105302	-0.10306818601996617	0.043234345202981306	0.53255	Rhizobium sp. Leaf371	Bacteria	Proteobacteria	Alphaproteobacteria	0.6268	0.169	575.0	DUF900;Abhydrolase_6	DUF900	True
AF-A0A0Q5WXC6-F1	0.20308578623230544	-0.11601349301057183	0.028314289687633432	0.574925	Rhizobium sp. Leaf383	Bacteria	Proteobacteria	Alphaproteobacteria	0.6285	0.173	473.0	DUF900;Abhydrolase_6	DUF900	True
AF-A0A0Q6VLP9-F1	-0.049366887497739174	0.2669487523270111	0.026533960234842557	0.37692499999999995	Aeromicrobium sp. Root344	Bacteria	Actinobacteria	Actinomycetia	0.3544	0.119	1889.0	Cutinase	Other α/β hydrolase (CL0028)	True
AF-A0A0Q7AAY9-F1	0.17010354747287085	-0.14673751742978317	0.1338353617472347	0.5757	Rhizobium sp. Root1240	Bacteria	Proteobacteria	Alphaproteobacteria	0.6431	0.161	1349.0	DUF900;Abhydrolase_6	DUF900	True
AF-A0A0Q7E9U5-F1	0.22931270274022175	-0.16759449175431504	0.08232612238198217	0.5762499999999999	Brevundimonas sp. Root1279	Bacteria	Proteobacteria	Alphaproteobacteria	0.6307	0.146	727.0	DUF900;Abhydrolase_6	DUF900	True
AF-A0A0Q7EIJ5-F1	0.2086360281339231	-0.1490636124405811	0.1842670422848322	0.488325	Brevundimonas sp. Root1279	Bacteria	Proteobacteria	Alphaproteobacteria	0.569	0.155	1219.0	DUF900	DUF900	True
AF-A0A0Q7K526-F1	-0.030426082063768355	0.2560069425449898	0.02451941149983434	0.3645	Aeromicrobium sp. Root472D3	Bacteria	Actinobacteria	Actinomycetia	0.318	0.147	2282.0	Cutinase	Other α/β hydrolase (CL0028)	True
AF-A0A0Q7VE19-F1	0.2016007147659323	-0.12443780532772185	0.06060777549043794	0.602275	Caulobacter sp. Root1472	Bacteria	Proteobacteria	Alphaproteobacteria	0.6395	0.174	395.0	DUF900;Abhydrolase_6	DUF900	True
AF-A0A0Q7XZP0-F1	0.1936874180673401	-0.1174072852121131	0.031647989410289595	0.6003499999999999	Rhizobium sp. Root149	Bacteria	Proteobacteria	Alphaproteobacteria	0.6433	0.135	650.0	DUF900	DUF900	True
AF-A0A0Q8FRT6-F1	0.23908237865062448	-0.14736381434616502	0.08979722667474441	0.6105499999999999	Caulobacter sp. Root655	Bacteria	Proteobacteria	Alphaproteobacteria	0.6119	0.22	547.0	DUF900;Abhydrolase_6	DUF900	True
AF-A0A0Q8KAJ2-F1	-0.0900576411046616	0.06247390952665537	-0.020801293269623003	0.389675	Mesorhizobium sp. Root172	Bacteria	Proteobacteria	Alphaproteobacteria	0.3736	0.146	2260.0		No Pfam hit	True
AF-A0A0Q8MSR2-F1	0.23873852182748725	-0.13414100824441733	0.0710118462666622	0.61315	Phenylobacterium sp. Root700	Bacteria	Proteobacteria	Alphaproteobacteria	0.6566	0.159	533.0	DUF900	DUF900	True
AF-A0A0Q8NBA5-F1	0.22642650831437447	-0.1086039288218415	0.14702902802126425	0.502075	Flavobacterium sp. Root186	Bacteria	Bacteroidota	Flavobacteriia	0.6194	0.125	1090.0	DUF900	DUF900	True
AF-A0A0Q8P904-F1	0.13831081788203853	0.018431545966258282	-0.2018834729750986	0.470375	Kitasatospora sp. Root187	Bacteria	Actinobacteria	Actinomycetia	0.54	0.134	1342.0		No Pfam hit	True
AF-A0A0Q8W508-F1	-0.041426298623002095	0.26890131961528174	0.03297405053109955	0.366475	Aeromicrobium sp. Root236	Bacteria	Actinobacteria	Actinomycetia	0.3506	0.15	1995.0	Cutinase	Other α/β hydrolase (CL0028)	True
AF-A0A0Q8Y5Y9-F1	0.15912006342017196	-0.18547473913689114	0.22314774670030432	0.46035000000000004	Achromobacter sp. Root83	Bacteria	Proteobacteria	Betaproteobacteria	0.565	0.118	1510.0	DUF900	DUF900	True
AF-A0A0R0FIH7-F1	-0.2161894110060043	0.18732082315899648	0.17539597193527778	0.134975	Glycine max	Eukaryota	Streptophyta	Magnoliopsida	0.1571	0.102	2824.0	GTP-bdg_N;GTP-bdg_M;MMR_HSR1	P-loop NTPase (CL0023)	True
AF-A0A0R0FRG9-F1	-0.21355989075233275	0.18856982452370338	0.18068582931830846	0.12769999999999998	Glycine max	Eukaryota	Streptophyta	Magnoliopsida	0.1537	0.114	2840.0	GTP-bdg_N;GTP-bdg_M;MMR_HSR1	P-loop NTPase (CL0023)	True
AF-A0A0R2NVM4-F1	0.1853010800721952	0.04679734211716075	-0.16871884120382263	0.800775	Nitrosopumilus sp. BACL13 MAG-121220-bin23	Archaea	Thaumarchaeota		0.7405	0.268	133.0	DUF900;DUF726	DUF900	True
AF-A0A0R2NZ02-F1	0.18046133205662784	0.03506801407140629	-0.17646411557737537	0.80015	Nitrosopumilus sp. BACL13 MAG-120910-bin56	Archaea	Thaumarchaeota		0.7438	0.265	115.0	DUF900;DUF726	DUF900	True
AF-A0A0R3ESQ4-F1	0.13960844046475487	0.028465370801432497	-0.2035395620954255	0.48114999999999997	Mycobacteroides sp. H072	Bacteria	Actinobacteria	Actinomycetia	0.5954	0.118	1296.0		No Pfam hit	True
AF-A0A0R3F879-F1	0.14433920418921295	0.03124627103248475	-0.21394959871278146	0.491825	Mycobacteroides sp. H002	Bacteria	Actinobacteria	Actinomycetia	0.5768	0.118	1154.0		No Pfam hit	True
AF-A0A0R3F8S6-F1	-0.06625867821981302	0.11640054081831706	-0.01219707891977356	0.37149999999999994	Mycobacteroides sp. H072	Bacteria	Actinobacteria	Actinomycetia	0.4085	0.156	1812.0	Abhydrolase_8	Other α/β hydrolase (CL0028)	True
AF-A0A0R3FAV9-F1	0.14194856458966465	0.026085760735176527	-0.21373518388629137	0.478975	Mycobacteroides sp. H092	Bacteria	Actinobacteria	Actinomycetia	0.5868	0.117	1286.0		No Pfam hit	True
AF-A0A0R3FEZ1-F1	-0.07564019125678793	0.11636310861222264	-0.03032570482374739	0.351325	Mycobacteroides sp. H002	Bacteria	Actinobacteria	Actinomycetia	0.3984	0.165	1802.0	Abhydrolase_8	Other α/β hydrolase (CL0028)	True
AF-A0A0R3FXE9-F1	-0.06398869034809476	0.12256456686171313	-0.025080057570451432	0.35519999999999996	Mycobacteroides sp. H092	Bacteria	Actinobacteria	Actinomycetia	0.3973	0.167	1779.0	Abhydrolase_8	Other α/β hydrolase (CL0028)	True
AF-A0A0R3GHX1-F1	-0.06949358218614793	0.12121689799956181	-0.020661984374950242	0.376975	Mycobacteroides sp. H054	Bacteria	Actinobacteria	Actinomycetia	0.4083	0.158	1788.0	Abhydrolase_8	Other α/β hydrolase (CL0028)	True
AF-A0A0R3H5Q9-F1	0.143111368918289	0.01839684906568162	-0.20679817455337934	0.49615000000000004	Mycobacteroides sp. H054	Bacteria	Actinobacteria	Actinomycetia	0.6203	0.127	1246.0		No Pfam hit	True
AF-A0A0R3IB03-F1	-0.06912588958531674	0.1261376113914703	-0.02026281145661492	0.35845000000000005	Mycobacteroides sp. H001	Bacteria	Actinobacteria	Actinomycetia	0.3981	0.167	1780.0	Abhydrolase_8	Other α/β hydrolase (CL0028)	True
AF-A0A0R3INI6-F1	0.1490350147841665	0.02389986477787848	-0.20235527121506616	0.504025	Mycobacteroides sp. H001	Bacteria	Actinobacteria	Actinomycetia	0.5866	0.12	1318.0		No Pfam hit	True
AF-A0A0S7YFE9-F1	-0.14855138621787484	0.2161033085944357	0.08161097419543582	0.2561	Parcubacteria bacterium DG_74_1	Bacteria	Candidatus Parcubacteria		0.2432	0.138	2259.0	Lipase_3	Other α/β hydrolase (CL0028)	True
AF-A0A0S7ZXV0-F1	0.18727058836705382	-0.16028649923713628	0.19745024754735666	0.47907500000000003	Gammaproteobacteria bacterium SG8_15	Bacteria	Proteobacteria	Gammaproteobacteria	0.5728	0.155	973.0	DUF900	DUF900	True
AF-A0A0S8ABH2-F1	0.19915887503671947	-0.14519932145923053	0.11214022708062697	0.570475	Gammaproteobacteria bacterium SG8_11	Bacteria	Proteobacteria	Gammaproteobacteria	0.6244	0.143	1172.0	DUF900	DUF900	True
AF-A0A0S8AIL8-F1	0.15943919368702003	-0.2223962627436125	0.22335836742516482	0.3971	Desulfobacterales bacterium SG8_35	Bacteria	Proteobacteria	Deltaproteobacteria	0.5348	0.121	1319.0	DUF900	DUF900	True
AF-A0A0S8CKY1-F1	0.17197878967685873	-0.1863940661044739	0.18731017696970675	0.460075	Desulfobacterales bacterium SG8_35_2	Bacteria	Proteobacteria	Deltaproteobacteria	0.5428	0.175	1551.0	DUF900	DUF900	True
AF-A0A0S8CQF2-F1	0.1611717902826602	-0.22015559471482582	0.20988648532510978	0.49067500000000003	Desulfobacterales bacterium SG8_35_2	Bacteria	Proteobacteria	Deltaproteobacteria	0.5746	0.118	1570.0	DUF900	DUF900	True
AF-A0A0S8CSA0-F1	0.16847374528927778	-0.07725157946285041	0.12928030792838138	0.5428499999999999	Desulfobacterales bacterium SG8_35_2	Bacteria	Proteobacteria	Deltaproteobacteria	0.5111	0.146	1713.0	DUF900	DUF900	True
AF-A0A0S8DK41-F1	0.16358488965945864	-0.21280639178030483	0.20910343717462107	0.47767499999999996	Nitrospira bacterium SG8_35_1	Bacteria	Nitrospirae	Nitrospira	0.5421	0.135	1334.0	DUF900	DUF900	True
AF-A0A0S8F932-F1	0.2127047978317114	-0.0980225197748216	0.02822592579218729	0.64235	Gammaproteobacteria bacterium SG8_31	Bacteria	Proteobacteria	Gammaproteobacteria	0.6767	0.171	371.0	DUF900	DUF900	True
AF-A0A0S8FM69-F1	0.21142007769267349	-0.09930006233251455	0.028797425017403164	0.605225	Gammaproteobacteria bacterium SG8_31	Bacteria	Proteobacteria	Gammaproteobacteria	0.6345	0.194	598.0	DUF900	DUF900	True
AF-A0A0T5VVD5-F1	0.20279668179682772	-0.11495951526855976	0.12714660248875834	0.48905000000000004	Pedobacter ginsenosidimutans	Bacteria	Bacteroidota	Sphingobacteriia	0.6576	0.131	1249.0	DUF900	DUF900	True
AF-A0A0T5ZCZ3-F1	0.17326633144279813	0.011486159095692318	-0.16688328424116924	0.7840750000000001	Thaumarchaeota archaeon CSP1-1	Archaea	Thaumarchaeota		0.7215	0.247	204.0	DUF900;DUF676;Cutinase;DUF726	DUF900	True
AF-A0A0T6Y2S4-F1	0.18640118554295151	-0.14647252357673393	0.1808049284685457	0.5448999999999999	Sinorhizobium sp. Sb3	Bacteria	Proteobacteria	Alphaproteobacteria	0.6279	0.142	1095.0	DUF900	DUF900	True
AF-A0A0T6ZPV1-F1	0.1739557681597331	-0.17340848402356782	0.18680177719840865	0.52865	Sinorhizobium sp. GL28	Bacteria	Proteobacteria	Alphaproteobacteria	0.6089	0.145	1147.0	DUF900	DUF900	True
AF-A0A0U0ZK76-F1	0.16674774998007635	-0.026093603267582217	-0.21350595833130967	0.48092500000000005	Mycobacteroides abscessus	Bacteria	Actinobacteria	Actinomycetia	0.5462	0.095	1451.0		No Pfam hit	True
AF-A0A0U5C4T3-F1	0.1687984490426315	-0.19333175369566924	0.240068194613734	0.38585	Thiocapsa sp. KS1	Bacteria	Proteobacteria	Gammaproteobacteria	0.4511	0.18	1572.0	DUF900	DUF900	True
AF-A0A0U5E8Y5-F1	0.18963008587373126	-0.15928079889530622	0.22770120167864905	0.433875	Thiocapsa sp. KS1	Bacteria	Proteobacteria	Gammaproteobacteria	0.4807	0.15	1408.0	DUF900	DUF900	True
AF-A0A0U5ETE6-F1	0.1743684193781178	-0.17350641097518993	0.13007110325340474	0.5346	Candidatus Protochlamydia naegleriophila	Bacteria	Chlamydiae	Chlamydiia	0.5766	0.163	951.0	DUF900	DUF900	True
AF-A0A0U5GU23-F1	-0.03987050682386381	0.2287775737637279	0.05587647095313785	0.432675	Aspergillus calidoustus	Eukaryota	Ascomycota	Eurotiomycetes	0.3967	0.102	2039.0	Cutinase	Other α/β hydrolase (CL0028)	True
AF-A0A0U5H2S5-F1	0.1184763087571374	0.010234890423320568	-0.1686388966570152	0.6893	Halobacterium hubeiense	Archaea	Euryarchaeota	Halobacteria	0.7051	0.252	281.0	DUF900;DUF726	DUF900	True
AF-A0A0U5IFT9-F1	0.18917472458095883	-0.17597919374406992	0.2211760054393174	0.42994999999999994	Thiocapsa sp. KS1	Bacteria	Proteobacteria	Gammaproteobacteria	0.4579	0.137	1453.0	DUF900	DUF900	True
AF-A0A0W0GK36-F1	-0.11583591522852192	0.18287238687833846	0.08386335302563291	0.2783	Dehalogenimonas alkenigignens	Bacteria	Chloroflexi	Dehalococcoidia	0.2757	0.125	2133.0		No Pfam hit	True
AF-A0A0W0SP70-F1	0.18910772607118856	-0.14944561347332666	0.11065394753423824	0.5563	Legionella brunensis	Bacteria	Proteobacteria	Gammaproteobacteria	0.6108	0.137	991.0	DUF900	DUF900	True
AF-A0A0W1R9H8-F1	0.17793257584916433	0.036986213600722996	-0.18149177721533621	0.89415	Haloprofundus marisrubri	Archaea	Euryarchaeota	Halobacteria	0.9011	0.535	41.0		No Pfam hit	True
AF-A0A0X7AB28-F1	0.20538264788986946	-0.0975253876934329	0.16022096662609978	0.5038	Agrobacterium sp. LY4	Bacteria	Proteobacteria	Alphaproteobacteria	0.5669	0.16	1155.0	DUF900;Abhydrolase_6	DUF900	True
AF-A0A100IK73-F1	-0.17396006651206272	0.1120466828801041	-0.1517449055478321	0.41152500000000003	Aspergillus niger	Eukaryota	Ascomycota	Eurotiomycetes	0.4342	0.124	1884.0	DUF676	DUF676	True
AF-A0A101MPN6-F1	-0.15266582870527173	0.1257742078392194	-0.1668702986936565	0.36315	Penicillium freii	Eukaryota	Ascomycota	Eurotiomycetes	0.3861	0.15	1902.0		No Pfam hit	True
AF-A0A101VJ78-F1	0.2074954854193627	-0.1165200767462922	0.14695103552790725	0.5121	Alphaproteobacteria bacterium BRH_c36	Bacteria	Proteobacteria	Alphaproteobacteria	0.5648	0.207	932.0	DUF900;Lipase_2;LCAT	DUF900	True
AF-A0A109FLT1-F1	-0.1498963646816688	0.11335214476114377	0.027533781663983778	0.21494999999999997	Rhodotorula sp. JG-1b	Eukaryota	Basidiomycota	Microbotryomycetes	0.24	0.201	2269.0	Dioxygenase_C;DUF676	DUF676	True
AF-A0A109JD27-F1	0.21176253282543964	-0.09788550083744481	0.03397616378485018	0.57745	Rhizobium altiplani	Bacteria	Proteobacteria	Alphaproteobacteria	0.5922	0.154	593.0	DUF900;Abhydrolase_6	DUF900	True
AF-A0A120FE04-F1	0.12193484498223064	-0.09277206112967848	0.24451529306543573	0.48045	Rhizobium altiplani	Bacteria	Proteobacteria	Alphaproteobacteria	0.4507	0.132	1722.0	DUF900	DUF900	True
AF-A0A127EU49-F1	0.15967138130463254	-0.021465715331766177	-0.21708446114440802	0.49355000000000004	Rhodoplanes sp. Z2-YC6860	Bacteria	Proteobacteria	Alphaproteobacteria	0.5868	0.091	1191.0		No Pfam hit	True
AF-A0A132A726-F1	0.00194585485298031	0.06504978183156516	0.04808527243265861	0.387775	Sarcoptes scabiei	Eukaryota	Arthropoda	Arachnida	0.3911	0.161	1725.0	Lipase	Other α/β hydrolase (CL0028)	True
AF-A0A132BF99-F1	-0.18048667008079353	0.07557426387187904	-0.13790003709081014	0.470025	Mollisia scopiformis	Eukaryota	Ascomycota	Leotiomycetes	0.4652	0.128	1833.0	DUF676	DUF676	True
AF-A0A135LZZ5-F1	-0.14664274314002615	0.15028534091505874	-0.13888403786232903	0.38739999999999997	Penicillium griseofulvum	Eukaryota	Ascomycota	Eurotiomycetes	0.3812	0.13	1961.0	DUF676	DUF676	True
AF-A0A135P029-F1	0.19121977827014597	-0.11622218320930588	0.15354629245382478	0.535725	Agrobacterium bohemicum	Bacteria	Proteobacteria	Alphaproteobacteria	0.6377	0.147	1329.0	DUF900;Abhydrolase_6	DUF900	True
AF-A0A135T4I3-F1	-0.16828512148701902	0.15101116767250092	-0.10843700653457078	0.3069	Colletotrichum simmondsii	Eukaryota	Ascomycota	Sordariomycetes	0.3146	0.137	2044.0	PGAP1;Abhydrolase_6	Other α/β hydrolase (CL0028)	True
AF-A0A135U3M4-F1	-0.15462379929796158	0.12083868530332988	-0.10009596776511656	0.27515	Colletotrichum nymphaeae SA-01	Eukaryota	Ascomycota	Sordariomycetes	0.4266	0.097	1815.0	DUF676	DUF676	True
AF-A0A136IRU3-F1	-0.1043234726372394	0.21472081981101918	0.08864621707967885	0.410775	Microdochium bolleyi	Eukaryota	Ascomycota	Sordariomycetes	0.4073	0.14	2004.0	Cutinase	Other α/β hydrolase (CL0028)	True
AF-A0A136MW80-F1	0.19306865961439135	-0.17518332946865797	0.187010943552894	0.46985	Omnitrophica bacterium OLB16	Bacteria	Candidatus Omnitrophica		0.5721	0.187	1024.0	DUF900	DUF900	True
AF-A0A136N0M7-F1	0.17129203334103565	-0.09185816958265902	-0.0020536531000523036	0.6087	Bacteroidetes bacterium OLB9	Bacteria	Bacteroidota		0.597	0.147	780.0	DUF900	DUF900	True
AF-A0A137QJN8-F1	-0.16730320095030551	0.11729636412011178	0.03514661175235509	0.2696	Leucoagaricus sp. SymC.cos	Eukaryota	Basidiomycota	Agaricomycetes	0.3253	0.14	2017.0	DUF676;Lipase_3	DUF676	True
AF-A0A138AW13-F1	-0.026381373041579684	0.24952705161195204	0.04473354636880287	0.39907499999999996	Tsukamurella pseudospumae	Bacteria	Actinobacteria	Actinomycetia	0.3809	0.132	1877.0	Cutinase	Other α/β hydrolase (CL0028)	True
AF-A0A142X520-F1	0.1879944067037582	-0.027741771938070682	-0.0794561371150017	0.5865	Planctomyces sp. SH-PL14	Bacteria	Planctomycetota	Planctomycetia	0.6793	0.187	652.0	DUF900	DUF900	True
AF-A0A142XWX1-F1	0.1918259253975958	-0.015416519351464916	-0.10958575977298275	0.557425	Pirellula sp. SH-Sr6A	Bacteria	Planctomycetota	Planctomycetia	0.5825	0.19	599.0	DUF900	DUF900	True
AF-A0A146L0Y9-F1	-0.5296604946623218	-0.24535311949532324	-0.0202164342397138	0.210775	Lygus hesperus	Eukaryota	Arthropoda	Insecta	0.2421	0.086	2451.0	Peptidase_S10	Other α/β hydrolase (CL0028)	True
AF-A0A146L5J6-F1	-0.5326799730255836	-0.25048186858743304	-0.04009854524957788	0.15785	Lygus hesperus	Eukaryota	Arthropoda	Insecta	0.1939	0.144	2375.0	Peptidase_S10	Other α/β hydrolase (CL0028)	True
AF-A0A146L6S5-F1	-0.5516341083927112	-0.25171123686737484	-0.0337606093936437	0.15675	Lygus hesperus	Eukaryota	Arthropoda	Insecta	0.1896	0.112	2499.0	Peptidase_S10	Other α/β hydrolase (CL0028)	True
AF-A0A146L8K2-F1	-0.5336229300305465	-0.24713212290164518	-0.03696960341102623	0.23062499999999997	Lygus hesperus	Eukaryota	Arthropoda	Insecta	0.2108	0.13	2387.0	Peptidase_S10	Other α/β hydrolase (CL0028)	True
AF-A0A146M0Y4-F1	-0.5367048883823468	-0.2430597047676159	-0.03821937340336263	0.1713	Lygus hesperus	Eukaryota	Arthropoda	Insecta	0.2087	0.144	2390.0	Peptidase_S10	Other α/β hydrolase (CL0028)	True
AF-A0A146M8U8-F1	-0.5473969808417625	-0.24680679818723059	-0.029494162633098262	0.15825	Lygus hesperus	Eukaryota	Arthropoda	Insecta	0.1944	0.109	2411.0	Peptidase_S10	Other α/β hydrolase (CL0028)	True
AF-A0A150H1L2-F1	0.09455211764395217	-0.08846802960931377	0.20386821130265545	0.31962500000000005	Gonium pectorale	Eukaryota	Chlorophyta	Chlorophyceae	0.4564	0.17	1347.0	DUF900	DUF900	True
AF-A0A151GSJ3-F1	-0.28679339279473004	0.11659156565715689	0.009559524046188064	0.20345	Drechmeria coniospora	Eukaryota	Ascomycota	Sordariomycetes	0.2455	0.146	2428.0		No Pfam hit	True
AF-A0A151Z5U3-F1	-0.14262399057355699	0.05737797968024748	-0.03735552732308201	0.44794999999999996	Tieghemostelium lacteum	Eukaryota	Evosea	Eumycetozoa	0.442	0.101	1958.0	DUF829	Other α/β hydrolase (CL0028)	True
AF-A0A161ZE28-F1	-0.14482141493007375	0.14511111086227788	-0.16749519298966786	0.372225	Penicillium chrysogenum	Eukaryota	Ascomycota	Eurotiomycetes	0.3972	0.125	1964.0		No Pfam hit	True
AF-A0A162HHD6-F1	0.13574424019986495	0.03140100969744868	-0.15957289025593693	0.7100500000000001	Haloarcula sp. K1	Archaea	Euryarchaeota	Halobacteria	0.6962	0.25	324.0	DUF900;DUF726	DUF900	True
AF-A0A162S684-F1	-0.178563158504	0.25235348478428726	0.2209691654801644	0.151615	Daphnia magna	Eukaryota	Arthropoda	Branchiopoda	0.2172	0.13	2709.0	ANF_receptor;Lig_chan-Glu_bd;SBP_bac_3;Lig_chan	Periplasmic binding protein (CL0144)	True
AF-A0A163Y6P7-F1	0.20202950719495974	-0.09290204996999682	0.058988640309756986	0.5674	Tardiphaga robiniae	Bacteria	Proteobacteria	Alphaproteobacteria	0.5985	0.158	786.0	DUF900;Abhydrolase_6	DUF900	True
AF-A0A164JYS3-F1	-0.172839747263217	0.26567183416499973	0.09128119606189644	0.18862500000000001	Rhodococcus sp. EPR-157	Bacteria	Actinobacteria	Actinomycetia	0.1975	0.138	2408.0	Cutinase	Other α/β hydrolase (CL0028)	True
AF-A0A164S6W9-F1	-0.2400030438781941	0.1420777185579449	0.005494675481909967	0.249975	Sistotremastrum niveocremeum HHB9708	Eukaryota	Basidiomycota	Agaricomycetes	0.288	0.164	2368.0	DUF676	DUF676	True
AF-A0A165LUI8-F1	0.16158877753319	-0.010851555596604466	-0.1601244996360444	0.793975	Haloarcula sp. K1	Archaea	Euryarchaeota	Halobacteria	0.7829	0.331	82.0	DUF900;DUF726	DUF900	True
AF-A0A165V7Q2-F1	-0.23598060014301692	0.1356011679561394	0.006738924516493877	0.24545	Neolentinus lepideus HHB14362 ss-1	Eukaryota	Basidiomycota	Agaricomycetes	0.2821	0.172	2211.0	DUF676;Abhydrolase_6;Lipase_3	DUF676	True
AF-A0A166BS12-F1	-0.24061191654705194	0.14239034874330428	0.009116416383339335	0.2446	Sistotremastrum suecicum HHB10207 ss-3	Eukaryota	Basidiomycota	Agaricomycetes	0.2873	0.164	2353.0	DUF676	DUF676	True
AF-A0A166S7I3-F1	0.15844409609815102	0.03257006370838821	-0.1708567007812966	0.768	Haladaptatus sp. R4	Archaea	Euryarchaeota	Halobacteria	0.7824	0.343	60.0	DUF676;DUF726	DUF726	True
AF-A0A166SG65-F1	0.18693682108687995	0.03481100712130011	-0.16662829264171145	0.881475	Haladaptatus sp. R4	Archaea	Euryarchaeota	Halobacteria	0.8957	0.559	40.0		No Pfam hit	True
AF-A0A166WJJ9-F1	-0.17004044123981593	0.13576997804041607	-0.11623170867860112	0.28059999999999996	Beauveria brongniartii RCEF 3172	Eukaryota	Ascomycota	Sordariomycetes	0.3981	0.104	2170.0	NPHP3_N;NACHT	P-loop NTPase (CL0023)	True
AF-A0A167GKW3-F1	-0.15160386613512566	0.12866150153073633	-0.07940069752621434	0.316625	Beauveria brongniartii RCEF 3172	Eukaryota	Ascomycota	Sordariomycetes	0.4571	0.118	1927.0	DUF676;NPHP3_N	DUF676	True
AF-A0A172UWJ3-F1	-0.16781175979947152	0.2507043018879991	0.09156886454934435	0.19442500000000001	Mycobacterium sp. YC-RL4	Bacteria	Actinobacteria	Actinomycetia	0.2047	0.124	2578.0	Cutinase	Other α/β hydrolase (CL0028)	True
AF-A0A174MDB5-F1	-0.2003444566513001	0.290057770011908	0.28006218925911514	0.135975	Anaerotruncus colihominis	Bacteria	Firmicutes	Clostridia	0.1549	0.133	2881.0	Peripla_BP_6;Peripla_BP_5;ANF_receptor	Periplasmic binding protein (CL0144)	True
AF-A0A176FU39-F1	0.17790265114064696	-0.19533711318705282	0.2285090917278014	0.423675	Roseovarius sp. HI0049	Bacteria	Proteobacteria	Alphaproteobacteria	0.4999	0.177	1316.0	DUF900	DUF900	True
AF-A0A176X7X0-F1	0.2042417655924627	-0.10303183826363377	0.14945146091280762	0.5347500000000001	Agrobacterium tumefaciens	Bacteria	Proteobacteria	Alphaproteobacteria	0.6283	0.146	1225.0	DUF900;Abhydrolase_6	DUF900	True
AF-A0A177CLI0-F1	-0.05775713011862975	0.21172078465376162	0.052701926538785825	0.3929	Paraphaeosphaeria sporulosa	Eukaryota	Ascomycota	Dothideomycetes	0.3941	0.121	2058.0	Cutinase	Other α/β hydrolase (CL0028)	True
AF-A0A177F889-F1	-0.15705173741677164	0.13995638367462174	0.09124701163095798	0.170375	Fonsecaea monophora	Eukaryota	Ascomycota	Eurotiomycetes	0.2201	0.12	2705.0	T6SS_Tle1-like_cat	Other α/β hydrolase (CL0028)	True
AF-A0A178XP19-F1	0.16018961399939963	-0.18156050029118553	0.20435411445779417	0.46075	Ensifer glycinis	Bacteria	Proteobacteria	Alphaproteobacteria	0.5551	0.143	1298.0	DUF900	DUF900	True
AF-A0A179VEG4-F1	-0.17429493921862396	0.23143671602908022	0.09521043288007562	0.175975	Mycobacteroides immunogenum	Bacteria	Actinobacteria	Actinomycetia	0.2	0.107	2661.0	Cutinase	Other α/β hydrolase (CL0028)	True
AF-A0A179VF05-F1	0.13873839984696903	0.023445473817118142	-0.1897220820244644	0.4841	Mycobacteroides immunogenum	Bacteria	Actinobacteria	Actinomycetia	0.5907	0.125	1222.0		No Pfam hit	True
AF-A0A194USV6-F1	-0.1073636405568627	0.167602977009425	0.12742235252552253	0.175675	Valsa mali var. pyri (nom. inval.)	Eukaryota	Ascomycota	Sordariomycetes	0.2205	0.094	2832.0	Flavodoxin_1;Radical_SAM;Wyosine_form	Other Pfam	True
AF-A0A194WA74-F1	-0.23116338926546479	0.10661202086546871	-0.07451360936606238	0.233875	Valsa mali	Eukaryota	Ascomycota	Sordariomycetes	0.3045	0.117	2246.0	DUF676;CorA	DUF676	True
AF-A0A196PD14-F1	0.21072947912910678	-0.10644040685461825	0.03476739815285479	0.6866749999999999	Sulfitobacter sp. EhC04	Bacteria	Proteobacteria	Alphaproteobacteria	0.6903	0.199	340.0	DUF900;Abhydrolase_6	DUF900	True
AF-A0A1A0MPB5-F1	-0.07439116990171864	0.2307856878076265	0.026055293398336885	0.38817500000000005	Mycobacteriaceae bacterium 1482268.1	Bacteria	Actinobacteria	Actinomycetia	0.3872	0.104	1809.0	Cutinase	Other α/β hydrolase (CL0028)	True
AF-A0A1A0QW40-F1	-0.05816758820492014	0.262487527813568	0.040938078340655895	0.44380000000000003	Mycolicibacterium peregrinum	Bacteria	Actinobacteria	Actinomycetia	0.3933	0.142	1743.0	Cutinase	Other α/β hydrolase (CL0028)	True
AF-A0A1A0VV33-F1	-0.03919580482003875	0.2712798323895053	0.03706101009436912	0.45875	Mycolicibacterium peregrinum	Bacteria	Actinobacteria	Actinomycetia	0.4056	0.155	1721.0	Cutinase	Other α/β hydrolase (CL0028)	True
AF-A0A1A1ZBU0-F1	-0.07360525437228874	0.2299706482040125	0.04476290448345869	0.452	Mycobacterium sp. ACS1612	Bacteria	Actinobacteria	Actinomycetia	0.4105	0.132	1763.0	Cutinase	Other α/β hydrolase (CL0028)	True
AF-A0A1A3BEJ5-F1	-0.08803995955289706	0.24635320392611143	0.03412042399095114	0.37312500000000004	Mycobacterium sp. E740	Bacteria	Actinobacteria	Actinomycetia	0.3727	0.145	1944.0	Cutinase	Other α/β hydrolase (CL0028)	True
AF-A0A1A3C5H0-F1	-0.06899168515842066	0.23711318151942623	0.0515914933817247	0.3815	Mycobacterium sp. 1245805.9	Bacteria	Actinobacteria	Actinomycetia	0.3592	0.095	2025.0	Cutinase	Other α/β hydrolase (CL0028)	True
AF-A0A1A3EFB8-F1	0.1483574894139831	0.008895203589745828	-0.1895787121561041	0.476175	Mycobacterium sp. 1465703.0	Bacteria	Actinobacteria	Actinomycetia	0.4998	0.112	1027.0		No Pfam hit	True
AF-A0A1A3FI33-F1	0.15763253199108188	0.011150914522283697	-0.177145660104176	0.48505	Mycobacterium sp. 1245801.1	Bacteria	Actinobacteria	Actinomycetia	0.5534	0.111	996.0		No Pfam hit	True
AF-A0A1A3T7P6-F1	-0.0669670001535951	0.23397094193343243	0.02320589568712024	0.395725	Mycobacterium sp. 1274761.0	Bacteria	Actinobacteria	Actinomycetia	0.392	0.11	1830.0	Cutinase	Other α/β hydrolase (CL0028)	True
AF-A0A1A5IMY4-F1	-0.08694909341091833	0.060368663740238464	-0.014530177260787903	0.389825	Mesorhizobium loti	Bacteria	Proteobacteria	Alphaproteobacteria	0.3631	0.137	2193.0		No Pfam hit	True
AF-A0A1A7XTZ2-F1	-0.531117525544513	-0.2623019940656982	-0.030835401169239267	0.193	Iconisemion striatum	Eukaryota	Chordata	Actinopteri	0.2326	0.101	2605.0	Peptidase_S10	Other α/β hydrolase (CL0028)	True
AF-A0A1B6CQY1-F1	-0.5390304900110424	-0.24030346674644015	-0.05177683347495446	0.198625	Clastoptera arizonana	Eukaryota	Arthropoda	Insecta	0.1777	0.102	2574.0	Peptidase_S10	Other α/β hydrolase (CL0028)	True
AF-A0A1B6E0M9-F1	-0.5520420839964174	-0.24306379915026574	-0.04703496028687146	0.149725	Clastoptera arizonana	Eukaryota	Arthropoda	Insecta	0.1774	0.067	2558.0	Peptidase_S10	Other α/β hydrolase (CL0028)	True
AF-A0A1B6E5I6-F1	-0.5269674002814492	-0.2518437825812638	-0.03825062860303246	0.20405	Clastoptera arizonana	Eukaryota	Arthropoda	Insecta	0.196	0.137	2562.0	Peptidase_S10	Other α/β hydrolase (CL0028)	True
AF-A0A1B6ER14-F1	-0.5326729355113525	-0.20990936106526498	-0.07373134729743248	0.184025	Cuerna arida	Eukaryota	Arthropoda	Insecta	0.1949	0.122	2327.0	Peptidase_S10	Other α/β hydrolase (CL0028)	True
AF-A0A1B6FJ60-F1	-0.5426183992599845	-0.24481035229058312	-0.04162332243016309	0.16225	Cuerna arida	Eukaryota	Arthropoda	Insecta	0.1912	0.159	2367.0	Peptidase_S10	Other α/β hydrolase (CL0028)	True
AF-A0A1B6GCV9-F1	-0.5575131519926249	-0.2294720636375495	-0.06652741118538776	0.161275	Cuerna arida	Eukaryota	Arthropoda	Insecta	0.1878	0.123	2682.0	Peptidase_S10	Other α/β hydrolase (CL0028)	True
AF-A0A1B6GLF1-F1	-0.5260374789960774	-0.22980054178335993	-0.02492603266494185	0.19305	Cuerna arida	Eukaryota	Arthropoda	Insecta	0.196	0.118	2298.0	Peptidase_S10	Other α/β hydrolase (CL0028)	True
AF-A0A1B6GYC3-F1	-0.5275868945241466	-0.24548875309081666	-0.010167038478391115	0.22055	Cuerna arida	Eukaryota	Arthropoda	Insecta	0.2575	0.087	2338.0	Peptidase_S10	Other α/β hydrolase (CL0028)	True
AF-A0A1B6GYX6-F1	-0.5404927414172445	-0.2580592374302895	-0.03920238055970923	0.1585	Cuerna arida	Eukaryota	Arthropoda	Insecta	0.1914	0.112	2371.0	Peptidase_S10	Other α/β hydrolase (CL0028)	True
AF-A0A1B6H0K9-F1	-0.524031187472035	-0.24492281454302803	-0.01858404608138967	0.209	Cuerna arida	Eukaryota	Arthropoda	Insecta	0.1944	0.122	2324.0	Peptidase_S10	Other α/β hydrolase (CL0028)	True
AF-A0A1B6HGI3-F1	-0.517883836943618	-0.2215276702097239	-0.04990769214470759	0.17462499999999997	Homalodisca liturata	Eukaryota	Arthropoda	Insecta	0.1944	0.118	2612.0	Peptidase_S10	Other α/β hydrolase (CL0028)	True
AF-A0A1B6HKJ3-F1	-0.5543376625624613	-0.26205807620632504	-0.0556787614170456	0.157975	Homalodisca liturata	Eukaryota	Arthropoda	Insecta	0.1915	0.131	2424.0	Peptidase_S10	Other α/β hydrolase (CL0028)	True
AF-A0A1B6HXT1-F1	-0.5441925931282326	-0.2664859946948202	-0.02509453224967984	0.17445	Homalodisca liturata	Eukaryota	Arthropoda	Insecta	0.2137	0.127	2442.0	Peptidase_S10	Other α/β hydrolase (CL0028)	True
AF-A0A1B6IGG5-F1	-0.5602268858850136	-0.2593608880516992	-0.047069048789297956	0.15857500000000002	Homalodisca liturata	Eukaryota	Arthropoda	Insecta	0.192	0.125	2354.0	Peptidase_S10	Other α/β hydrolase (CL0028)	True
AF-A0A1B6J6W9-F1	-0.5239679705085883	-0.22574817909021344	-0.031998890609632104	0.20605	Homalodisca liturata	Eukaryota	Arthropoda	Insecta	0.2115	0.063	2790.0	Peptidase_S10	Other α/β hydrolase (CL0028)	True
AF-A0A1B6JP40-F1	-0.5655653918335193	-0.260388144853857	-0.05314308155455141	0.157375	Homalodisca liturata	Eukaryota	Arthropoda	Insecta	0.1913	0.131	2391.0	Peptidase_S10	Other α/β hydrolase (CL0028)	True
AF-A0A1B6JR55-F1	-0.5455711612685702	-0.2656221226113385	-0.04939485542645138	0.15814999999999999	Homalodisca liturata	Eukaryota	Arthropoda	Insecta	0.1924	0.112	2306.0	Peptidase_S10	Other α/β hydrolase (CL0028)	True
AF-A0A1B6JXJ9-F1	-0.5028984156633327	-0.20278223887740232	-0.0345031433445417	0.18864999999999998	Homalodisca liturata	Eukaryota	Arthropoda	Insecta	0.1972	0.141	2512.0	Peptidase_S10	Other α/β hydrolase (CL0028)	True
AF-A0A1B6K7V5-F1	-0.5533727453600138	-0.2716473171159191	-0.03658353142708453	0.163025	Homalodisca liturata	Eukaryota	Arthropoda	Insecta	0.1921	0.125	2314.0	Peptidase_S10	Other α/β hydrolase (CL0028)	True
AF-A0A1B6KBZ0-F1	-0.5425490682010439	-0.24610026846806687	-0.055413380228831265	0.16554999999999997	Graphocephala atropunctata	Eukaryota	Arthropoda	Insecta	0.1915	0.12	2312.0	Peptidase_S10	Other α/β hydrolase (CL0028)	True
AF-A0A1B6L0Q3-F1	-0.527045083733231	-0.24211096182750674	-0.06820310120888064	0.16915	Graphocephala atropunctata	Eukaryota	Arthropoda	Insecta	0.1947	0.111	2420.0	Peptidase_S10	Other α/β hydrolase (CL0028)	True
AF-A0A1B6LF06-F1	-0.5470634956918461	-0.23329096272270455	-0.04642039354560743	0.160525	Graphocephala atropunctata	Eukaryota	Arthropoda	Insecta	0.1945	0.12	2501.0	Peptidase_S10	Other α/β hydrolase (CL0028)	True
AF-A0A1B6LLX0-F1	-0.5589645426744113	-0.24802561244141144	-0.05170647958164202	0.161675	Graphocephala atropunctata	Eukaryota	Arthropoda	Insecta	0.1971	0.153	2454.0	Peptidase_S10	Other α/β hydrolase (CL0028)	True
AF-A0A1B6M014-F1	-0.5610006640981835	-0.2589883600513682	-0.05458154084552525	0.15764999999999998	Graphocephala atropunctata	Eukaryota	Arthropoda	Insecta	0.191	0.129	2388.0	Peptidase_S10	Other α/β hydrolase (CL0028)	True
AF-A0A1B6M480-F1	-0.5490290468227121	-0.25471329960097	-0.04815005934954677	0.165	Graphocephala atropunctata	Eukaryota	Arthropoda	Insecta	0.2014	0.147	2456.0	Peptidase_S10	Other α/β hydrolase (CL0028)	True
AF-A0A1B6MSL2-F1	-0.5321731972210678	-0.25217298476184835	-0.03390383584409912	0.20534999999999998	Graphocephala atropunctata	Eukaryota	Arthropoda	Insecta	0.2474	0.08	2381.0	Peptidase_S10	Other α/β hydrolase (CL0028)	True
AF-A0A1B6Z6E4-F1	0.10774650076928455	0.01378607428168796	-0.028224654095799006	0.4766	Sphingomonadales bacterium EhC05	Bacteria	Proteobacteria	Alphaproteobacteria	0.5582	0.169	1442.0		No Pfam hit	True
AF-A0A1B7XTI0-F1	-0.16597826754270636	0.16854704973048298	-0.08709640877626763	0.259625	Colletotrichum higginsianum IMI 349063	Eukaryota	Ascomycota	Sordariomycetes	0.4033	0.109	2219.0	Abhydrolase_6;NPHP3_N;NACHT;WHD_GPIID;Ank_2;Ank;DUF7104	Other α/β hydrolase (CL0028)	True
AF-A0A1B8CHV1-F1	-0.16031203224177387	0.16546343724029802	-0.10913321466393693	0.2737	Pseudogymnoascus sp. WSF 3629	Eukaryota	Ascomycota	Leotiomycetes	0.425	0.107	2093.0	NPHP3_N;NACHT;Ank_2;Ank;Ank_4;Ank_3	P-loop NTPase (CL0023)	True
AF-A0A1B8D2T3-F1	-0.18080374963009307	0.1521051450749896	-0.11204479387864702	0.2813	Pseudogymnoascus sp. 24MN13	Eukaryota	Ascomycota	Leotiomycetes	0.4231	0.113	2270.0	NPHP3_N;WHD_GPIID;Ank_2;Ank_4;Ank	P-loop NTPase (CL0023)	True
AF-A0A1B8ECK6-F1	-0.13280679798866918	0.1466177190997529	-0.1136370489561588	0.288775	Pseudogymnoascus sp. 23342-1-I1	Eukaryota	Ascomycota	Leotiomycetes	0.4467	0.145	1736.0	AAA_16;NB-ARC;NACHT;TPR_12;TPR_10;TPR_4;TPR_16	P-loop NTPase (CL0023)	True
AF-A0A1B8EJQ7-F1	-0.18090423941711642	0.13668382100141727	-0.12367272173432656	0.298325	Pseudogymnoascus sp. 05NY08	Eukaryota	Ascomycota	Leotiomycetes	0.4399	0.132	1991.0	NPHP3_N;NACHT;Ank_2;Ank_4;Ank	P-loop NTPase (CL0023)	True
AF-A0A1B8F5E8-F1	-0.18267747709576554	0.07235881252146986	-0.10128987730005952	0.30585	Pseudogymnoascus sp. 05NY08	Eukaryota	Ascomycota	Leotiomycetes	0.4339	0.105	1872.0	GMC_oxred_N;GMC_oxred_C	Other Pfam	True
AF-A0A1B8F9V1-F1	-0.17076846981896454	0.13346234398096266	-0.12795108235685868	0.30555	Pseudogymnoascus sp. 05NY08	Eukaryota	Ascomycota	Leotiomycetes	0.4727	0.145	1729.0	GFA;AAA_16;NB-ARC;NACHT;TPR_12;TPR_10;TPR_4	P-loop NTPase (CL0023)	True
AF-A0A1B8GKE9-F1	-0.1592643824443465	0.15404022014226681	-0.09909035117121283	0.272575	Pseudogymnoascus verrucosus	Eukaryota	Ascomycota	Leotiomycetes	0.4074	0.129	2220.0	NPHP3_N;NACHT;Ank_2;Ank;Ank_4;Ank_3	P-loop NTPase (CL0023)	True
AF-A0A1B8GNU0-F1	-0.16365476329231296	0.14066434777613612	-0.12818486598669293	0.31820000000000004	Pseudogymnoascus verrucosus	Eukaryota	Ascomycota	Leotiomycetes	0.4786	0.126	1717.0	NB-ARC;TPR_12;TPR_10;TPR_16;TPR_4;TPR_3	P-loop NTPase (CL0023)	True
AF-A0A1B8SGR9-F1	-0.07330430389737937	0.24037294908466045	0.04160152048990453	0.4543	Mycolicibacter kumamotonensis	Bacteria	Actinobacteria	Actinomycetia	0.3926	0.136	1782.0	Cutinase	Other α/β hydrolase (CL0028)	True
AF-A0A1B8SLY4-F1	0.18102919819662924	-0.03667348283159698	-0.1774599779649045	0.396625	Mycolicibacter kumamotonensis	Bacteria	Actinobacteria	Actinomycetia	0.5145	0.112	1435.0		No Pfam hit	True
AF-A0A1B9F086-F1	-0.17290743457029717	0.29985171314614756	0.2741371717315584	0.13698	Streptomyces sp. PTY087I2	Bacteria	Actinobacteria	Actinomycetia	0.1921	0.128	2849.0	Pkinase;PK_Tyr_Ser-Thr;Peripla_BP_6;ANF_receptor	Periplasmic binding protein (CL0144)	True
AF-A0A1B9PIQ9-F1	0.19885519809823926	-0.09061272048322941	0.04267422389404735	0.55035	Aliivibrio sp. 1S175	Bacteria	Proteobacteria	Gammaproteobacteria	0.5949	0.162	435.0	DUF900	DUF900	True
AF-A0A1B9RV06-F1	0.197682873375611	-0.10328953121675143	0.15196843056632886	0.5124	Rhizobium sp. AC27/96	Bacteria	Proteobacteria	Alphaproteobacteria	0.5785	0.17	1060.0	DUF900;Abhydrolase_6	DUF900	True
AF-A0A1B9V595-F1	0.20134340145855195	-0.11297006587974238	0.15237876737789263	0.502825	Agrobacterium tumefaciens	Bacteria	Proteobacteria	Alphaproteobacteria	0.6088	0.148	1321.0	DUF900;Abhydrolase_6	DUF900	True
AF-A0A1C1YY77-F1	0.17968646670674965	-0.13324941776839846	0.17660726716587935	0.47614999999999996	Hoeflea olei	Bacteria	Proteobacteria	Alphaproteobacteria	0.5403	0.162	1335.0	DUF900;Abhydrolase_6	DUF900	True
AF-A0A1C3TX38-F1	0.1953589944676202	-0.09903092006766472	0.1471197480366107	0.48565	Rhizobium miluonense	Bacteria	Proteobacteria	Alphaproteobacteria	0.5675	0.152	964.0	DUF900;Abhydrolase_6	DUF900	True
AF-A0A1C3VUY7-F1	0.19223533261673126	-0.10192263551289059	0.15298683492942808	0.502975	Rhizobium hainanense	Bacteria	Proteobacteria	Alphaproteobacteria	0.5699	0.156	841.0	DUF900;Abhydrolase_6	DUF900	True
AF-A0A1C3WIW0-F1	0.19271014694472555	-0.10779430288880416	0.16205169996176716	0.501225	Rhizobium multihospitium	Bacteria	Proteobacteria	Alphaproteobacteria	0.5625	0.156	1056.0	DUF900;Abhydrolase_6	DUF900	True
AF-A0A1C7PEI3-F1	0.13092389999244866	0.07352205970106807	-0.10984163732245789	0.53305	Akkermansia glycaniphila	Bacteria	Verrucomicrobia	Verrucomicrobiae	0.637	0.253	287.0	DUF900	DUF900	True
AF-A0A1D1VLS9-F1	-0.5420564064740719	-0.26713687848177065	-0.03429533740366728	0.15355	Ramazzottius varieornatus	Eukaryota	Tardigrada	Eutardigrada	0.1923	0.14	2550.0	Peptidase_S10	Other α/β hydrolase (CL0028)	True
AF-A0A1D2A0H7-F1	-0.21754603422245425	0.16562282658912514	0.16272582908795866	0.1104225	Auxenochlorella protothecoides	Eukaryota	Chlorophyta	Trebouxiophyceae	0.1527	0.133	2871.0	GTP-bdg_N;GTP-bdg_M;MMR_HSR1;HflX_C	P-loop NTPase (CL0023)	True
AF-A0A1D2J5Y5-F1	-0.17303158455401765	0.003750168592419157	-0.02742510517282881	0.3589	Paracoccidioides brasiliensis	Eukaryota	Ascomycota	Eurotiomycetes	0.4376	0.108	2028.0		No Pfam hit	True
AF-A0A1D2QAF5-F1	0.16215240048000693	0.036674257264538185	-0.1708468309340754	0.7691	Haladaptatus sp. W1	Archaea	Euryarchaeota	Halobacteria	0.7823	0.339	90.0	DUF726	DUF726	True
AF-A0A1D2QC66-F1	0.1797756387895824	0.03137447931978587	-0.16944503566659938	0.873	Haladaptatus sp. W1	Archaea	Euryarchaeota	Halobacteria	0.8852	0.436	47.0	DUF900	DUF900	True
AF-A0A1D2QC87-F1	0.18406907895192665	0.03448998827956372	-0.1659904254310003	0.88565	Haladaptatus sp. W1	Archaea	Euryarchaeota	Halobacteria	0.9004	0.589	38.0		No Pfam hit	True
AF-A0A1D7U1G2-F1	0.17830929173027013	-0.05822910927023592	0.10972920418091578	0.52905	Bosea vaviloviae	Bacteria	Proteobacteria	Alphaproteobacteria	0.5303	0.143	1124.0	DUF900	DUF900	True
AF-A0A1D9GAA2-F1	-0.16157915279587323	0.14408326927653425	-0.11268802032227276	0.39825	Moorena producens JHB	Bacteria	Cyanobacteria		0.2719	0.13	2351.0		No Pfam hit	True
AF-A0A1E3RJS2-F1	-0.07849683077418078	0.24684449515861567	0.036316775608893063	0.44515000000000005	Mycolicibacterium flavescens	Bacteria	Actinobacteria	Actinomycetia	0.4022	0.133	1810.0	Cutinase	Other α/β hydrolase (CL0028)	True
AF-A0A1E3RXR1-F1	0.16250090615050186	0.011306118652036064	-0.1822065986901711	0.445775	Mycobacterium holsaticum	Bacteria	Actinobacteria	Actinomycetia	0.4931	0.14	1411.0		No Pfam hit	True
AF-A0A1E4CLN1-F1	-0.023699377586400516	0.0916114170131209	-0.012885457129034867	0.36605	Microbacterium sp. SCN 70-27	Bacteria	Actinobacteria	Actinomycetia	0.4659	0.151	1766.0	Abhydrolase_8	Other α/β hydrolase (CL0028)	True
AF-A0A1E4FI24-F1	0.14107528133471361	0.06928346117646791	-0.04034022383000256	0.39845	bacterium SCN 62-11	Bacteria			0.4478	0.189	1618.0	DUF900	DUF900	True
AF-A0A1E4GT15-F1	0.23173489159522404	-0.1593324523446901	0.09231344519314502	0.584225	Phenylobacterium sp. SCN 70-31	Bacteria	Proteobacteria	Alphaproteobacteria	0.5824	0.173	781.0	DUF900;Abhydrolase_6	DUF900	True
AF-A0A1E4YGR8-F1	0.162111584555888	-0.10218332941376136	0.16527800248121322	0.45694999999999997	Rhizobium sp. YK2	Bacteria	Proteobacteria	Alphaproteobacteria	0.5378	0.157	1288.0	DUF900;Abhydrolase_6	DUF900	True
AF-A0A1E7FWH2-F1	-0.1686738835190945	0.13064689024787268	0.09914423031950852	0.1742	Fragilariopsis cylindrus CCMP1102	Eukaryota	Bacillariophyta	Bacillariophyceae	0.2315	0.106	2708.0	PAPS_reduct;MoCF_biosynth;FLAD1_M	Other Pfam	True
AF-A0A1E7GW37-F1	0.16282490467925306	-0.1974578009638902	0.2116021387222013	0.458975	Desulfobacterales bacterium S3730MH5	Bacteria	Proteobacteria	Deltaproteobacteria	0.5714	0.111	1475.0	DUF900	DUF900	True
AF-A0A1E7I0R1-F1	0.23034740535376536	-0.09371843485937366	0.008289278549176514	0.591375	Desulfovibrio sp. S3730MH75	Bacteria	Proteobacteria	Deltaproteobacteria	0.6131	0.188	867.0	DUF900	DUF900	True
AF-A0A1E7I3D5-F1	0.15625883336078172	-0.14043545924728534	0.22651361251336893	0.4263	Desulfovibrio sp. S3730MH75	Bacteria	Proteobacteria	Deltaproteobacteria	0.5147	0.154	1512.0	DUF900	DUF900	True
AF-A0A1E8Q0C6-F1	-0.1736882424781735	0.2479489872729724	0.0920192932097815	0.21785	Mycobacterium grossiae	Bacteria	Actinobacteria	Actinomycetia	0.2434	0.131	2440.0	Cutinase	Other α/β hydrolase (CL0028)	True
AF-A0A1F2F293-F1	0.017420030287802084	0.11722380947781019	-0.0059318613952338015	0.44405	Corynebacterium sp. HMSC11E11	Bacteria	Actinobacteria	Actinomycetia	0.4576	0.156	1659.0	Abhydrolase_8;Lipase_3	Other α/β hydrolase (CL0028)	True
AF-A0A1F2JNQ5-F1	0.11829173707292716	0.007547414563192667	-0.03476427162802144	0.4646	Sphingobacterium sp. HMSC13C05	Bacteria	Bacteroidota	Sphingobacteriia	0.4853	0.132	1272.0	DUF900	DUF900	True
AF-A0A1F2MC37-F1	0.24372032001790192	-0.04902267700157314	-0.015426487384672288	0.621275	Klebsiella sp. HMSC16C06	Bacteria	Proteobacteria	Gammaproteobacteria	0.6076	0.145	849.0	DUF900	DUF900	True
AF-A0A1F3CC45-F1	0.2043053992582487	-0.12759289624268785	0.03665288188872214	0.6128	Bacteroidetes bacterium GWA2_32_17	Bacteria	Bacteroidota		0.6508	0.151	636.0	DUF900	DUF900	True
AF-A0A1F3NZP4-F1	0.21858137346116185	-0.10983238882704549	0.048433495153983284	0.56045	Bacteroidetes bacterium RIFCSPLOWO2_12_FULL_37_12	Bacteria	Bacteroidota		0.5984	0.174	714.0	DUF900	DUF900	True
AF-A0A1F4RXG4-F1	-0.28818276078369637	-0.031167466312534847	-0.06725847672009992	0.3636	candidate division WOR-1 bacterium RIFOXYB2_FULL_36_35	Bacteria			0.405	0.103	2043.0	Hydrolase_4;Abhydrolase_6;DUF900	DUF900	True
AF-A0A1F5L8E4-F1	-0.148601677110944	0.1421995810125858	-0.15953232006175044	0.41325	Penicillium arizonense	Eukaryota	Ascomycota	Eurotiomycetes	0.4415	0.125	1976.0		No Pfam hit	True
AF-A0A1F5Y685-F1	0.2629592619220165	-0.20502804366719327	0.0970773740757862	0.484325	Candidatus Giovannonibacteria bacterium RIFCSPLOWO2_12_43_8	Bacteria	Candidatus Giovannonibacteria		0.3421	0.183	1796.0	DUF900	DUF900	True
AF-A0A1F8LWA0-F1	-0.1013371794397537	0.21147515959512234	0.12392478757817776	0.27549999999999997	Chloroflexi bacterium RBG_13_48_17	Bacteria	Chloroflexi		0.2764	0.143	2116.0		No Pfam hit	True
AF-A0A1F8MDG1-F1	-0.07977872254320449	0.1747084817356955	0.0892049755343754	0.32625000000000004	Chloroflexi bacterium RBG_13_51_18	Bacteria	Chloroflexi		0.2641	0.14	2273.0		No Pfam hit	True
AF-A0A1F8MKS0-F1	-0.1142829621130411	0.1920057549979987	0.07710327183623394	0.30462500000000003	Chloroflexi bacterium RBG_13_51_52	Bacteria	Chloroflexi		0.3077	0.135	2104.0		No Pfam hit	True
AF-A0A1F8MSM0-F1	-0.08781342531264061	0.2101342888034991	0.08699178058956482	0.293	Chloroflexi bacterium RBG_13_52_12	Bacteria	Chloroflexi		0.2983	0.142	2082.0		No Pfam hit	True
AF-A0A1F8MZ91-F1	-0.11899100250169987	0.19775268389420064	0.10876687284776099	0.2653	Chloroflexi bacterium RBG_13_54_8	Bacteria	Chloroflexi		0.271	0.148	2060.0		No Pfam hit	True
AF-A0A1F8PA03-F1	-0.09256625309783009	0.1951844730889348	0.12425381018683138	0.2649	Chloroflexi bacterium RBG_16_50_11	Bacteria	Chloroflexi		0.2519	0.115	2319.0		No Pfam hit	True
AF-A0A1F8PNB6-F1	-0.0941245921537512	0.2256623551848125	0.08131862362219215	0.30435	Chloroflexi bacterium RBG_16_50_9	Bacteria	Chloroflexi		0.3075	0.128	2231.0		No Pfam hit	True
AF-A0A1F8Q781-F1	-0.12590525284863344	0.18871772922851174	0.06623627225723012	0.349475	Chloroflexi bacterium RBG_16_56_11	Bacteria	Chloroflexi		0.3433	0.144	1911.0		No Pfam hit	True
AF-A0A1F8R8T9-F1	-0.08917238214475	0.20242945414556263	0.08552222437553088	0.329275	Chloroflexi bacterium RBG_16_60_22	Bacteria	Chloroflexi		0.3228	0.133	2095.0		No Pfam hit	True
AF-A0A1F9GJV8-F1	-0.16255007945112573	0.11633983132634765	0.0073936493746446195	0.266575	Deltaproteobacteria bacterium RIFCSPLOWO2_01_FULL_45_74	Bacteria	Proteobacteria	Deltaproteobacteria	0.3751	0.123	2215.0		No Pfam hit	True
AF-A0A1G1J1U3-F1	0.14609114839733306	-0.19356115206431157	0.12289853984245756	0.5114749999999999	Omnitrophica bacterium RBG_13_46_9	Bacteria	Candidatus Omnitrophica		0.5604	0.143	1099.0	DUF900	DUF900	True
AF-A0A1G2DZW6-F1	-0.10646325325227186	0.24694054482892222	0.0934004606378988	0.27582500000000004	Candidatus Nealsonbacteria bacterium RBG_13_38_11	Bacteria	Candidatus Nealsonbacteria		0.2549	0.144	2335.0	Lipase_3	Other α/β hydrolase (CL0028)	True
AF-A0A1G2DZW8-F1	-0.1372019231068559	0.19803282825843743	0.08986917822652496	0.2531	Candidatus Nealsonbacteria bacterium RBG_13_42_11	Bacteria	Candidatus Nealsonbacteria		0.2372	0.151	2280.0	Lipase_3	Other α/β hydrolase (CL0028)	True
AF-A0A1G2WD08-F1	0.2383668675191492	-0.1640787858782755	0.08193238931033679	0.60615	Phenylobacterium sp. RIFCSPHIGHO2_01_FULL_69_31	Bacteria	Proteobacteria	Alphaproteobacteria	0.6365	0.206	520.0	DUF900;Abhydrolase_6	DUF900	True
AF-A0A1G2ZZ81-F1	0.18124165065681486	-0.05574525921454086	-0.08319510226006296	0.59805	Planctomycetes bacterium RBG_16_64_10	Bacteria	Planctomycetota		0.6742	0.175	543.0		No Pfam hit	True
AF-A0A1G3AI78-F1	0.2556899712542953	-0.20496069107948184	0.10563516415850606	0.46735	Planctomycetes bacterium RIFCSPHIGHO2_02_FULL_38_41	Bacteria	Planctomycetota		0.3408	0.191	1769.0	DUF900	DUF900	True
AF-A0A1G4J8M9-F1	-0.16456872276925824	0.11484544870037748	0.025748229198874744	0.26955	Lachancea meyersii CBS 8951	Eukaryota	Ascomycota	Saccharomycetes	0.3295	0.142	1868.0	DUF676	DUF676	True
AF-A0A1G4J9C7-F1	-0.16899530614911526	0.11964268223464901	0.022088780107677092	0.2753	Lachancea sp. CBS 6924	Eukaryota	Ascomycota	Saccharomycetes	0.3464	0.158	1781.0	DUF676	DUF676	True
AF-A0A1G4JDC9-F1	-0.15611415028344808	0.11057504202118955	0.028927456744831815	0.29485	Lachancea mirantina	Eukaryota	Ascomycota	Saccharomycetes	0.3866	0.16	1820.0	DUF676	DUF676	True
AF-A0A1G4K0P9-F1	-0.15661938349748886	0.12200062992838892	0.03247522151408119	0.28935	Lachancea dasiensis	Eukaryota	Ascomycota	Saccharomycetes	0.3269	0.131	1951.0	DUF676	DUF676	True
AF-A0A1G4KCG6-F1	-0.16310998837506968	0.12203686759256946	0.04117994153050933	0.28049999999999997	Lachancea nothofagi CBS 11611	Eukaryota	Ascomycota	Saccharomycetes	0.348	0.159	1814.0	DUF676	DUF676	True
AF-A0A1G4MAB0-F1	-0.1619937953273814	0.11524674330575345	0.04226769698912264	0.27385000000000004	Lachancea fermentati	Eukaryota	Ascomycota	Saccharomycetes	0.3388	0.146	1952.0	DUF676	DUF676	True
AF-A0A1G5YHP3-F1	-0.0846686567246718	0.053716969052272	-0.016160780602358246	0.417625	Mesorhizobium qingshengii	Bacteria	Proteobacteria	Alphaproteobacteria	0.3782	0.145	2199.0		No Pfam hit	True
AF-A0A1G6AGS8-F1	-0.16682537095264455	0.26188499105999025	0.20707874010294863	0.164775	Butyrivibrio sp. INlla16	Bacteria	Firmicutes	Clostridia	0.1671	0.119	2851.0	ABC_sub_bind	Periplasmic binding protein (CL0144)	True
AF-A0A1G6DCB7-F1	-0.17165268511142273	0.20414340102819525	0.17626586962907193	0.167925	Butyrivibrio sp. INlla16	Bacteria	Firmicutes	Clostridia	0.19	0.108	2743.0	ABC_sub_bind	Periplasmic binding protein (CL0144)	True
AF-A0A1G6T2T5-F1	0.1959015092235135	-0.12021706237517207	0.050332909736077076	0.552025	Algoriphagus faecimaris	Bacteria	Bacteroidota	Cytophagia	0.6027	0.2	523.0	DUF900	DUF900	True
AF-A0A1G6YMV6-F1	-0.17014898850272017	0.2632469435953836	0.2637471037474175	0.198175	Streptomyces prasinopilosus	Bacteria	Actinobacteria	Actinomycetia	0.2486	0.133	2815.0	Pkinase;PK_Tyr_Ser-Thr;Peripla_BP_6	Periplasmic binding protein (CL0144)	True
AF-A0A1G7K8X1-F1	0.14047773624706547	0.03530207900457816	-0.14903525686789684	0.6754249999999999	Halorubrum xinjiangense	Archaea	Euryarchaeota	Halobacteria	0.5952	0.267	319.0	Abhydrolase_8;DUF900;DUF726	DUF900	True
AF-A0A1G7NPL8-F1	0.15114524733677337	0.035533265520674574	-0.1979623935863675	0.8100499999999999	Halorientalis regularis	Archaea	Euryarchaeota	Halobacteria	0.8169	0.316	53.0		No Pfam hit	True
AF-A0A1G7U6M7-F1	0.1376506946975154	0.02921671927616872	-0.14699246109455336	0.71575	Halorientalis regularis	Archaea	Euryarchaeota	Halobacteria	0.7441	0.254	198.0		No Pfam hit	True
AF-A0A1G7U755-F1	0.12014096668274421	0.07169925189348045	-0.14754243365250652	0.7534000000000001	Halorientalis regularis	Archaea	Euryarchaeota	Halobacteria	0.6747	0.263	235.0	DUF900;DUF726	DUF900	True
AF-A0A1G8V2I7-F1	0.14098935846781638	0.01758649714652227	-0.17850039385953595	0.7764	Natronorubrum texcoconense	Archaea	Euryarchaeota	Halobacteria	0.7918	0.347	55.0	DUF900;DUF726	DUF900	True
AF-A0A1G9TL43-F1	-0.18441138649046657	0.2893122829724651	0.2263382461938524	0.14455	Nonomuraea jiangxiensis	Bacteria	Actinobacteria	Actinomycetia	0.2514	0.111	2736.0	Peripla_BP_6;Peripla_BP_5;ANF_receptor	Periplasmic binding protein (CL0144)	True
AF-A0A1G9TW67-F1	0.17093517969835717	0.03631473298844607	-0.16941314681644362	0.79015	Haloarchaeobius iranensis	Archaea	Euryarchaeota	Halobacteria	0.7995	0.384	49.0	DUF900;DUF726	DUF900	True
AF-A0A1G9YU15-F1	0.17212771594388765	-0.1746048762638621	0.1968963626332282	0.510825	Ensifer sp. YR511	Bacteria	Proteobacteria	Alphaproteobacteria	0.6122	0.137	1018.0	DUF900	DUF900	True
AF-A0A1H0NWU7-F1	0.18369962256230385	-0.14472298162428565	0.1437203464296799	0.467925	Pseudomonas arsenicoxydans	Bacteria	Proteobacteria	Gammaproteobacteria	0.5562	0.16	1401.0	DUF900	DUF900	True
AF-A0A1H1G3V6-F1	-0.03190006169509498	0.24191136242684694	0.042825230258225225	0.4025	Tsukamurella pulmonis	Bacteria	Actinobacteria	Actinomycetia	0.3838	0.123	1907.0	Cutinase	Other α/β hydrolase (CL0028)	True
AF-A0A1H1LRQ0-F1	0.20669837712266065	-0.10569556256898617	0.035092213906874115	0.5813250000000001	Pseudomonas oryzae	Bacteria	Proteobacteria	Gammaproteobacteria	0.6272	0.173	512.0	DUF900	DUF900	True
AF-A0A1H1MET2-F1	0.1757595486724819	-0.17875353207420414	0.21099473933918092	0.460025	Halopseudomonas sabulinigri	Bacteria	Proteobacteria	Gammaproteobacteria	0.5477	0.15	1508.0	DUF900	DUF900	True
AF-A0A1H1U839-F1	-0.10415598989444912	0.12209177550680313	-0.056998159287397696	0.4262	Actinoplanes derwentensis	Bacteria	Actinobacteria	Actinomycetia	0.4368	0.154	1791.0	PGAP1;DUF676;Lipase_2;Palm_thioest;LCAT	DUF676	True
AF-A0A1H1YE46-F1	0.10939972496088379	0.011335076641690643	-0.015858969341199125	0.406175	Mucilaginibacter mallensis	Bacteria	Bacteroidota	Sphingobacteriia	0.4236	0.129	1716.0		No Pfam hit	True
AF-A0A1H2CH63-F1	-0.0795582657383759	0.1204752663605042	-0.08887196855042327	0.42257500000000003	Actinoplanes derwentensis	Bacteria	Actinobacteria	Actinomycetia	0.4044	0.134	1866.0	Lipase_2;Palm_thioest;DUF676;PGAP1	DUF676	True
AF-A0A1H2CX05-F1	-0.08680916333784988	0.12915756027772582	-0.06385289689096574	0.397675	Actinoplanes derwentensis	Bacteria	Actinobacteria	Actinomycetia	0.3979	0.126	1879.0	Lipase_2;Palm_thioest;DUF676;PGAP1;DUF7379	DUF676	True
AF-A0A1H2WZ96-F1	0.13704231036374762	0.022539069795131313	-0.1394949724714017	0.7257	Haloarcula vallismortis	Archaea	Euryarchaeota	Halobacteria	0.7211	0.268	273.0	DUF726;DUF900	DUF900	True
AF-A0A1H3A399-F1	0.175842766156834	-0.1830579888992622	0.23961198982558676	0.38034999999999997	Thiocapsa roseopersicina	Bacteria	Proteobacteria	Gammaproteobacteria	0.4551	0.18	1500.0	DUF900	DUF900	True
AF-A0A1H3AS74-F1	0.19030739994300705	-0.16225125747068223	0.22780394550364838	0.42632499999999995	Thiocapsa roseopersicina	Bacteria	Proteobacteria	Gammaproteobacteria	0.4698	0.13	1444.0	DUF900	DUF900	True
AF-A0A1H3CB61-F1	0.09156191263035691	-0.03201880014343743	-0.06360380359394636	0.5098	Albimonas donghaensis	Bacteria	Proteobacteria	Alphaproteobacteria	0.5817	0.133	900.0		No Pfam hit	True
AF-A0A1H4A5G0-F1	0.2082989972839781	-0.08416087539849706	0.028597721129207092	0.594925	Alkalimonas amylolytica	Bacteria	Proteobacteria	Gammaproteobacteria	0.6472	0.141	741.0	DUF900	DUF900	True
AF-A0A1H4GHY8-F1	0.15740793357813393	-0.1920846304494385	0.20118248487999646	0.484	Variovorax sp. YR216	Bacteria	Proteobacteria	Betaproteobacteria	0.5556	0.134	1388.0	DUF900	DUF900	True
AF-A0A1H4I772-F1	-0.16838907824383142	0.2541303964713652	0.08113868763805705	0.23309999999999997	Rhodococcus koreensis	Bacteria	Actinobacteria	Actinomycetia	0.3283	0.151	1968.0	Cutinase	Other α/β hydrolase (CL0028)	True
AF-A0A1H4LDT6-F1	-0.16439327671577475	0.2713455874376442	0.2900738791848205	0.169975	Streptomyces sp. PAN_FS17	Bacteria	Actinobacteria	Actinomycetia	0.2184	0.122	2776.0	Pkinase;PK_Tyr_Ser-Thr;Peripla_BP_6	Periplasmic binding protein (CL0144)	True
AF-A0A1H4SD38-F1	-0.09338190163381027	0.24125722102400268	0.036334453396333566	0.40115	Rhodococcus jostii	Bacteria	Actinobacteria	Actinomycetia	0.3202	0.128	1982.0	Cutinase	Other α/β hydrolase (CL0028)	True
AF-A0A1H4STX9-F1	0.15646885480085249	-0.09887458827969843	0.09871964304753804	0.5178499999999999	Beijerinckia sp. 28-YEA-48	Bacteria	Proteobacteria	Alphaproteobacteria	0.6013	0.129	1209.0	DUF900;Abhydrolase_6	DUF900	True
AF-A0A1H4XQ78-F1	-0.020034057455361676	0.2515443162521725	0.05285380137567058	0.40325	Tsukamurella tyrosinosolvens	Bacteria	Actinobacteria	Actinomycetia	0.3495	0.128	1983.0	Cutinase	Other α/β hydrolase (CL0028)	True
AF-A0A1H5CAD9-F1	-0.07171072789394399	0.21862332755754973	0.02627979527340304	0.332625	Amycolatopsis tolypomycina	Bacteria	Actinobacteria	Actinomycetia	0.4381	0.144	1989.0	Cutinase;PE-PPE;PQQ_2	Other α/β hydrolase (CL0028)	True
AF-A0A1H5HMZ3-F1	0.19375837524624642	-0.1638835874709398	0.19792315727613635	0.46950000000000003	Pseudomonas anguilliseptica	Bacteria	Proteobacteria	Gammaproteobacteria	0.5138	0.182	1546.0	DUF900	DUF900	True
AF-A0A1H5HSH9-F1	0.2160573091273328	-0.10862757111617007	0.06593572324299533	0.559975	Pseudomonas anguilliseptica	Bacteria	Proteobacteria	Gammaproteobacteria	0.6148	0.168	754.0	DUF900	DUF900	True
AF-A0A1H5XR97-F1	-0.013065797686950723	0.05918300927295903	-0.05041560124445427	0.4367	Thermomonospora echinospora	Bacteria	Actinobacteria	Actinomycetia	0.4539	0.141	1674.0	Abhydrolase_8	Other α/β hydrolase (CL0028)	True
AF-A0A1H5YRL9-F1	0.1546268656025482	-0.06479315824172814	0.11552895953889879	0.41995000000000005	Marinobacterium lutimaris	Bacteria	Proteobacteria	Gammaproteobacteria	0.6275	0.138	967.0	Peptidase_C14;DUF4384;DUF900	DUF900	True
AF-A0A1H6I4F7-F1	0.1982562275695757	-0.09818698163282112	0.048781976567364035	0.551175	Tardiphaga sp. OK245	Bacteria	Proteobacteria	Alphaproteobacteria	0.5949	0.148	676.0	DUF900;Abhydrolase_6	DUF900	True
AF-A0A1H6JTE0-F1	-0.07102092545858815	0.24161044508826962	0.0447988343968457	0.412225	Mycolicibacterium rutilum	Bacteria	Actinobacteria	Actinomycetia	0.3437	0.132	1865.0	Cutinase	Other α/β hydrolase (CL0028)	True
AF-A0A1H6RWL0-F1	0.1594068572445291	0.03352882786085232	-0.1508694583188473	0.726625	Halohasta litchfieldiae	Archaea	Euryarchaeota	Halobacteria	0.7311	0.312	219.0	DUF900;DUF726	DUF900	True
AF-A0A1H7H3G6-F1	0.19141074483951628	0.030714632645344214	-0.17212709315236657	0.9079	Haloferax larsenii	Archaea	Euryarchaeota	Halobacteria	0.9076	0.996	1.0	DUF900	DUF900	True
AF-A0A1H7LIT2-F1	-0.0604006075913503	0.21596916314713618	0.05414247838966488	0.43205	Rhodococcus maanshanensis	Bacteria	Actinobacteria	Actinomycetia	0.3831	0.103	1981.0	Cutinase	Other α/β hydrolase (CL0028)	True
AF-A0A1H7LT33-F1	-0.17045589142951628	0.20748243352719606	0.18311551696794356	0.16854999999999998	Butyrivibrio sp. ob235	Bacteria	Firmicutes	Clostridia	0.1768	0.123	2767.0	ABC_sub_bind	Periplasmic binding protein (CL0144)	True
AF-A0A1H7TVU9-F1	-0.16059970895412864	0.25548655438936285	0.2019321886200396	0.1729	Butyrivibrio sp. ob235	Bacteria	Firmicutes	Clostridia	0.1804	0.121	2852.0	ABC_sub_bind	Periplasmic binding protein (CL0144)	True
AF-A0A1H8HD95-F1	0.14319498982067916	0.059374955481941445	-0.1312534601855885	0.739425	Halorientalis persicus	Archaea	Euryarchaeota	Halobacteria	0.6742	0.258	242.0	DUF900;DUF726	DUF900	True
AF-A0A1H8HEB9-F1	0.11453730877298529	0.007187868877838375	-0.1666710951505576	0.7093	Halorientalis persicus	Archaea	Euryarchaeota	Halobacteria	0.7468	0.25	135.0	DUF900	DUF900	True
AF-A0A1H8HEK4-F1	0.19835036090740005	-0.1410480510859339	0.1521255433568335	0.49585	Nitrosospira multiformis	Bacteria	Proteobacteria	Betaproteobacteria	0.5593	0.126	1241.0	DUF900;Abhydrolase_6	DUF900	True
AF-A0A1H8N4I1-F1	0.15154641737037497	0.04464577310114491	-0.19285290594124208	0.8055000000000001	Halorientalis persicus	Archaea	Euryarchaeota	Halobacteria	0.812	0.303	59.0	DUF900	DUF900	True
AF-A0A1H9KB59-F1	0.10923114558905324	0.029676491099106046	-0.1721352453499452	0.68615	Natrinema salaciae	Archaea	Euryarchaeota	Halobacteria	0.684	0.259	236.0	DUF676	DUF676	True
AF-A0A1I0NUU0-F1	0.1087744699547905	0.012674556414900812	-0.173857258167145	0.64985	Halobacterium jilantaiense	Archaea	Euryarchaeota	Halobacteria	0.6911	0.254	307.0	DUF900;DUF726	DUF900	True
AF-A0A1I0S034-F1	0.21848354089511957	-0.1020653762286808	0.01796614734039031	0.68665	Cognatiyoonia koreensis	Bacteria	Proteobacteria	Alphaproteobacteria	0.7067	0.161	327.0	DUF900;Abhydrolase_6	DUF900	True
AF-A0A1I0V9K1-F1	0.09760713448972627	-0.028171628120468573	-0.039396999072468	0.507925	Poseidonocella pacifica	Bacteria	Proteobacteria	Alphaproteobacteria	0.5222	0.16	1182.0	DUF900	DUF900	True
AF-A0A1I1K1Y3-F1	0.11750143949173401	-0.0023067165638798893	-0.05269226113278193	0.51315	Pseudooceanicola nitratireducens	Bacteria	Proteobacteria	Alphaproteobacteria	0.477	0.174	1311.0	DUF900	DUF900	True
AF-A0A1I1QZ71-F1	-0.07352816477587655	0.15594513788438694	0.0962107770588833	0.290125	Devosia psychrophila	Bacteria	Proteobacteria	Alphaproteobacteria	0.332	0.114	2304.0	Arginase	Other Pfam	True
AF-A0A1I2R817-F1	0.200269077574644	-0.12208605422072925	0.034785942258109104	0.5438000000000001	Algoriphagus hitonicola	Bacteria	Bacteroidota	Cytophagia	0.5948	0.182	640.0	DUF900	DUF900	True
AF-A0A1I3BJP4-F1	0.18829669676920205	-0.042822211611688955	-0.08873048378766707	0.5857	Planctomicrobium piriforme	Bacteria	Planctomycetota	Planctomycetia	0.6485	0.151	698.0		No Pfam hit	True
AF-A0A1I3FGR8-F1	0.17244548659413447	-0.1828982528393987	0.12456681913482015	0.5259	Planctomicrobium piriforme	Bacteria	Planctomycetota	Planctomycetia	0.6019	0.145	896.0	DUF900	DUF900	True
AF-A0A1I3GRY1-F1	0.21405190748393507	-0.10693181487926536	0.035903965727602544	0.6225499999999999	Jannaschia pohangensis	Bacteria	Proteobacteria	Alphaproteobacteria	0.6371	0.191	588.0	DUF900	DUF900	True
AF-A0A1I3M1Q0-F1	0.20780045501692843	-0.11274295691865872	0.05476076598079832	0.582625	Caulobacter sp. UNC279MFTsu5.1	Bacteria	Proteobacteria	Alphaproteobacteria	0.576	0.195	381.0	DUF900;Abhydrolase_6	DUF900	True
AF-A0A1I3TIL5-F1	0.03284247439281781	0.07672237741946075	-0.06783510022291168	0.4133	Planctomicrobium piriforme	Bacteria	Planctomycetota	Planctomycetia	0.4823	0.19	1067.0	DUF900;Abhydrolase_6	DUF900	True
AF-A0A1I3W1X9-F1	0.19206062312666744	-0.11347686616362809	0.14885404735618937	0.5233	Methylocapsa palsarum	Bacteria	Proteobacteria	Alphaproteobacteria	0.5723	0.153	1199.0	DUF900;Abhydrolase_6	DUF900	True
AF-A0A1I3ZKC1-F1	0.16765394179226922	-0.08659218778640394	0.1071479369383958	0.522775	Methylocapsa palsarum	Bacteria	Proteobacteria	Alphaproteobacteria	0.6019	0.182	1139.0	DUF900;Abhydrolase_6	DUF900	True
AF-A0A1I4BC00-F1	0.2336103164320409	-0.11518343201018533	0.0918943438025291	0.567825	Falsiroseomonas stagni DSM 19981	Bacteria	Proteobacteria	Alphaproteobacteria	0.5934	0.189	577.0	DUF900	DUF900	True
AF-A0A1I4D538-F1	0.139364537752059	-0.11430528908455734	0.13304273908028177	0.5291	Mesorhizobium albiziae	Bacteria	Proteobacteria	Alphaproteobacteria	0.5733	0.158	1171.0	DUF900	DUF900	True
AF-A0A1I4ECI6-F1	0.18395134742063135	0.026973738991262056	-0.17143961329168297	0.897025	Halogranum rubrum	Archaea	Euryarchaeota	Halobacteria	0.9037	0.626	36.0		No Pfam hit	True
AF-A0A1I4G1G7-F1	0.058552925130655686	0.027667658309098505	-0.09968086255071265	0.39945	Rhodanobacter glycinis	Bacteria	Proteobacteria	Gammaproteobacteria	0.4505	0.135	1112.0	DUF726	DUF726	True
AF-A0A1I4JJM5-F1	0.20971268452421915	-0.10119244143154864	0.03851921472649117	0.569725	Azotobacter beijerinckii	Bacteria	Proteobacteria	Gammaproteobacteria	0.545	0.215	428.0	DUF900	DUF900	True
AF-A0A1I4NGE1-F1	0.19950458568371324	-0.16672731371427713	0.2133193059205547	0.48002500000000003	Shimia aestuarii	Bacteria	Proteobacteria	Alphaproteobacteria	0.5511	0.138	1588.0	DUF900	DUF900	True
AF-A0A1I4PYJ1-F1	0.21440353212765303	-0.10070853991575199	0.04491208641086446	0.5186499999999999	Nitrosomonas nitrosa	Bacteria	Proteobacteria	Betaproteobacteria	0.55	0.2	526.0	DUF900	DUF900	True
AF-A0A1I4WV33-F1	0.17401512052120416	-0.17776489500687398	0.20324643865561753	0.49635	Variovorax sp. OV329	Bacteria	Proteobacteria	Betaproteobacteria	0.5704	0.132	1385.0	DUF900	DUF900	True
AF-A0A1I4XYJ2-F1	-0.052799153689313726	0.10469082002913625	-0.02632023079745548	0.295025	Pseudonocardia ammonioxydans	Bacteria	Actinobacteria	Actinomycetia	0.3862	0.142	2142.0	Abhydrolase_8	Other α/β hydrolase (CL0028)	True
AF-A0A1I4Z5T5-F1	0.11846096519744172	-0.01433074036606085	-0.05038223299868411	0.483475	Algoriella xinjiangensis	Bacteria	Bacteroidota	Flavobacteriia	0.516	0.165	1382.0	DUF900	DUF900	True
AF-A0A1I5U7H3-F1	0.21713985614163758	-0.11953768400126649	0.06832497254986401	0.5532750000000001	Pseudomonas borbori	Bacteria	Proteobacteria	Gammaproteobacteria	0.5821	0.154	701.0	DUF900	DUF900	True
AF-A0A1I5VQ50-F1	-0.033798385996361716	0.07951761906901147	-0.05066842926491594	0.4609	Actinomadura madurae	Bacteria	Actinobacteria	Actinomycetia	0.4706	0.152	1638.0	Abhydrolase_8	Other α/β hydrolase (CL0028)	True
AF-A0A1I5VRJ5-F1	-0.02287000177641415	0.08163444741974346	-0.03937521498260397	0.43237499999999995	Actinomadura madurae	Bacteria	Actinobacteria	Actinomycetia	0.4448	0.162	1688.0	Abhydrolase_8	Other α/β hydrolase (CL0028)	True
AF-A0A1I6DYM3-F1	0.1190336956761475	-0.004206248912897643	-0.04275570550070663	0.51785	Poseidonocella sedimentorum	Bacteria	Proteobacteria	Alphaproteobacteria	0.4829	0.182	1158.0	DUF900	DUF900	True
AF-A0A1I6H827-F1	0.13745308481828214	0.012364548137297482	-0.14304175908615252	0.6832	Halorubrum sodomense	Archaea	Euryarchaeota	Halobacteria	0.6375	0.288	310.0	Abhydrolase_8;DUF900;DUF726	DUF900	True
AF-A0A1I8C9P1-F1	-0.030962223732156492	0.12016698632214073	0.029137672060935142	0.239375	Rhabditophanes sp. KR3021	Eukaryota	Nematoda	Chromadorea	0.338	0.075	2493.0	IP_trans;DDHD;PITM1-3;LNS2_PITM1-3	Other Pfam	True
AF-A0A1J0P9N1-F1	0.1795080909096625	0.02743945804497217	-0.06408228587277069	0.55775	Synechococcus sp. SynAce01	Bacteria	Cyanobacteria		0.6579	0.127	402.0	DUF900	DUF900	True
AF-A0A1J0W272-F1	-0.12961803399817798	0.21277627121016432	0.05879713246834085	0.286425	Nocardia mangyaensis	Bacteria	Actinobacteria	Actinomycetia	0.3175	0.125	2296.0	Cutinase	Other α/β hydrolase (CL0028)	True
AF-A0A1J0WDG6-F1	0.21231162083602115	-0.0924126417694558	0.04130826924938325	0.656925	Sulfitobacter alexandrii	Bacteria	Proteobacteria	Alphaproteobacteria	0.6488	0.188	351.0	DUF900;Abhydrolase_6	DUF900	True
AF-A0A1J4LPZ9-F1	0.14135118846911135	0.05414841233774502	-0.1487735962028251	0.633625	Natrialba sp. SSL1	Archaea	Euryarchaeota	Halobacteria	0.65	0.259	271.0		No Pfam hit	True
AF-A0A1J4WHV2-F1	-0.12590681136089915	0.211943061921471	0.06804335249072241	0.26622500000000004	Parcubacteria group bacterium CG1_02_39_15	Bacteria			0.2513	0.11	2337.0		No Pfam hit	True
AF-A0A1J5AXS6-F1	0.07065892107002213	0.036455552482046044	-0.10128775850386995	0.5068	Bacteroidetes bacterium CG2_30_33_31	Bacteria	Bacteroidota		0.5376	0.157	882.0	DUF1232;DUF726	DUF726	True
AF-A0A1J5H356-F1	-0.1421599806928124	0.20752094612513994	0.06738512310754924	0.240625	Parcubacteria group bacterium CG2_30_36_18	Bacteria			0.2302	0.132	2320.0		No Pfam hit	True
AF-A0A1J5LLB3-F1	0.2181782634016875	-0.10650364128410109	0.04356782109367382	0.6242000000000001	Roseobacter sp. MedPE-SWchi	Bacteria	Proteobacteria	Alphaproteobacteria	0.6653	0.165	427.0	DUF900;DUF676;Abhydrolase_6	DUF900	True
AF-A0A1J5QBM4-F1	0.20285956836226168	-0.11153783716699747	0.04211115888775021	0.5462	mine drainage metagenome	Metagenome (unassigned)			0.6188	0.194	567.0	DUF900	DUF900	True
AF-A0A1J5QZF3-F1	0.012168608428163993	0.05517061290997046	-0.050154480992096864	0.34357499999999996	mine drainage metagenome	Metagenome (unassigned)			0.5324	0.18	949.0	DUF900	DUF900	True
AF-A0A1J6I3A0-F1	0.20281413086399933	-0.09984401866746666	0.1452069875959226	0.5281	Brucella cytisi	Bacteria	Proteobacteria	Alphaproteobacteria	0.6142	0.159	1153.0	DUF900;Abhydrolase_6	DUF900	True
AF-A0A1J7J7V0-F1	-0.13801670239937913	0.1520407085256751	-0.10819752325210727	0.29725	Coniochaeta ligniaria NRRL 30616	Eukaryota	Ascomycota	Sordariomycetes	0.451	0.124	2024.0	DUF676;NPHP3_N;WHD_GPIID	DUF676	True
AF-A0A1J7JP22-F1	-0.1517502791399817	0.14974105046539404	-0.08777908668175793	0.29532499999999995	Coniochaeta ligniaria NRRL 30616	Eukaryota	Ascomycota	Sordariomycetes	0.4274	0.111	2021.0	DUF676;WW;ZZ;ZZ_ADA2	DUF676	True
AF-A0A1K2HRX1-F1	0.20623830761787848	-0.06911643940992401	0.043351946015676594	0.5867249999999999	Chitinimonas taiwanensis DSM 18899	Bacteria	Proteobacteria	Betaproteobacteria	0.6387	0.161	803.0	DUF900	DUF900	True
AF-A0A1L3F3T4-F1	0.1957803346566604	-0.1219563342180515	0.12329891376588478	0.531425	Bradyrhizobium japonicum	Bacteria	Proteobacteria	Alphaproteobacteria	0.567	0.164	942.0	DUF900;Abhydrolase_6	DUF900	True
AF-A0A1L5NY42-F1	0.15664140135142526	-0.182648609673688	0.19898862231317016	0.49842499999999995	Rhizobium gallicum	Bacteria	Proteobacteria	Alphaproteobacteria	0.6025	0.15	1178.0	DUF900	DUF900	True
AF-A0A1L7WFD2-F1	-0.19084186943027762	0.127766129330741	0.00773153900238061	0.260725	Phialocephala subalpina	Eukaryota	Ascomycota	Leotiomycetes	0.3839	0.129	2279.0		No Pfam hit	True
AF-A0A1L7WTL7-F1	-0.14067256487902693	0.10748948093517025	-0.11170637819918716	0.293725	Phialocephala subalpina	Eukaryota	Ascomycota	Leotiomycetes	0.4514	0.114	1898.0	DUF676;TPR_12	DUF676	True
AF-A0A1L7X3B7-F1	-0.1926726356318858	0.0869079509228505	-0.10882272943681236	0.290975	Phialocephala subalpina	Eukaryota	Ascomycota	Leotiomycetes	0.4006	0.132	2207.0	Ank_2;Ank;Ank_3;Ank_5	Other Pfam	True
AF-A0A1L7XAT7-F1	-0.1872573336206975	0.0957740012659936	-0.10177690590750715	0.28105	Phialocephala subalpina	Eukaryota	Ascomycota	Leotiomycetes	0.407	0.137	2050.0	NPHP3_N;DUF7791	P-loop NTPase (CL0023)	True
AF-A0A1L7XBZ5-F1	-0.2036625871394272	0.10532195858151641	-0.10747766955929311	0.267525	Phialocephala subalpina	Eukaryota	Ascomycota	Leotiomycetes	0.4416	0.151	2013.0	NPHP3_N	P-loop NTPase (CL0023)	True
AF-A0A1L9MX00-F1	-0.1617394717229128	0.13742593845853734	-0.1391377668509408	0.29635	Aspergillus tubingensis CBS 134.48	Eukaryota	Ascomycota	Eurotiomycetes	0.443	0.107	1928.0	NACHT;TPR_10;TPR_12	P-loop NTPase (CL0023)	True
AF-A0A1L9PQR4-F1	-0.1587399558310364	0.12222754189691239	-0.13405770964473887	0.3016	Aspergillus versicolor CBS 583.65	Eukaryota	Ascomycota	Eurotiomycetes	0.4422	0.12	1864.0	TPR_12;TPR_10	Other Pfam	True
AF-A0A1L9S260-F1	-0.17736023820729385	0.13081157184310255	-0.13078758867485127	0.29915	Aspergillus wentii DTO 134E9	Eukaryota	Ascomycota	Eurotiomycetes	0.4535	0.134	1918.0	DUF676;DUF7779;TPR_12;TPR_10;TPR_7	DUF676	True
AF-A0A1L9T0X5-F1	-0.17213839886296187	0.11319519218444708	-0.1239358295406354	0.31295	Aspergillus sydowii CBS 593.65	Eukaryota	Ascomycota	Eurotiomycetes	0.4651	0.129	1858.0	TPR_12;TPR_10;TPR_3	Other Pfam	True
AF-A0A1L9UIN1-F1	-0.15493830987048346	0.12289155272219533	-0.1357065531887043	0.2941	Aspergillus brasiliensis CBS 101740	Eukaryota	Ascomycota	Eurotiomycetes	0.4303	0.121	2112.0	NACHT;TPR_12;TPR_10;TPR_3	P-loop NTPase (CL0023)	True
AF-A0A1L9VT82-F1	-0.17247411088265646	0.16048592044807028	-0.1447279764878561	0.2811	Aspergillus glaucus CBS 516.65	Eukaryota	Ascomycota	Eurotiomycetes	0.4219	0.124	1857.0	NACHT;TPR_12;TPR_10;TPR_7	P-loop NTPase (CL0023)	True
AF-A0A1M3CSZ9-F1	0.14511212536640997	-0.16148788840810716	0.12390740578434141	0.538	Chlamydiales bacterium 38-26	Bacteria	Chlamydiae	Chlamydiia	0.6135	0.145	993.0	DUF900	DUF900	True
AF-A0A1M3MNP8-F1	0.20205412774619874	-0.11729050511941894	0.1472348322230987	0.5303	Rhizobiales bacterium 63-22	Bacteria	Proteobacteria	Alphaproteobacteria	0.5843	0.175	1006.0	DUF900;Abhydrolase_6	DUF900	True
AF-A0A1M3P8M2-F1	0.20050063869822082	-0.10337417261016345	0.1530642934478098	0.49110000000000004	Rhizobium sp. 60-20	Bacteria	Proteobacteria	Alphaproteobacteria	0.5781	0.165	937.0	DUF900;Abhydrolase_6	DUF900	True
AF-A0A1M3TK69-F1	-0.1571731050820116	0.13750991263153142	-0.1297007152490624	0.28459999999999996	Aspergillus luchuensis CBS 106.47	Eukaryota	Ascomycota	Eurotiomycetes	0.424	0.113	2022.0	NACHT;TPR_10;TPR_12;TPR_7	P-loop NTPase (CL0023)	True
AF-A0A1M4N4K0-F1	0.21675589473520301	-0.10665261676532826	0.032708487279655786	0.5816	Donghicola eburneus	Bacteria	Proteobacteria	Alphaproteobacteria	0.5937	0.175	682.0	DUF900	DUF900	True
AF-A0A1M4XQ10-F1	0.2159741088086988	-0.09969777200749129	0.047097392133004595	0.63195	Litoreibacter ascidiaceicola	Bacteria	Proteobacteria	Alphaproteobacteria	0.6755	0.142	507.0	DUF900	DUF900	True
AF-A0A1M5K373-F1	0.22583392094124796	-0.09720705699412804	0.029843959045980785	0.59275	Chryseolinea serpens	Bacteria	Bacteroidota	Cytophagia	0.6059	0.182	417.0	DUF900	DUF900	True
AF-A0A1M5N6Q9-F1	0.21208381673659138	-0.09925489002134537	0.04874530282506477	0.6494500000000001	Marivita hallyeonensis	Bacteria	Proteobacteria	Alphaproteobacteria	0.6617	0.153	608.0	DUF900	DUF900	True
AF-A0A1M5SUN5-F1	0.20777544954317226	-0.09113864562311101	0.06290874596096603	0.61215	Cognatiyoonia sediminum	Bacteria	Proteobacteria	Alphaproteobacteria	0.63	0.173	814.0	DUF900;DUF676;Abhydrolase_6	DUF900	True
AF-A0A1M6QHW3-F1	0.18172818575096875	0.03520061220737797	-0.17326406848316397	0.888	Haladaptatus paucihalophilus DX253	Archaea	Euryarchaeota	Halobacteria	0.9028	0.588	39.0		No Pfam hit	True
AF-A0A1M7B7T5-F1	0.10667029108460799	-0.01429727769698491	-0.05685018031517505	0.43522500000000003	Chishuiella changwenlii	Bacteria	Bacteroidota	Flavobacteriia	0.4716	0.166	1482.0	DUF900	DUF900	True
AF-A0A1M7Z692-F1	0.1980859002672959	-0.1327412014174289	0.04485437830596277	0.5635249999999999	Algoriphagus zhangzhouensis	Bacteria	Bacteroidota	Cytophagia	0.594	0.173	734.0	DUF900	DUF900	True
AF-A0A1N6DQB2-F1	0.20632098865708168	-0.1321669650654902	0.0498945284702769	0.556225	Algoriphagus halophilus	Bacteria	Bacteroidota	Cytophagia	0.6025	0.177	559.0	DUF900	DUF900	True
AF-A0A1N6JCZ1-F1	0.2143145550557726	-0.10539227986272773	0.05750899306631498	0.6165499999999999	Rhodovulum sp. ES.010	Bacteria	Proteobacteria	Alphaproteobacteria	0.6393	0.182	550.0	DUF900;Abhydrolase_6	DUF900	True
AF-A0A1N6RNI7-F1	0.1855067198061582	-0.11955866103138217	0.16208858282412675	0.500625	Rhizobium sp. RU20A	Bacteria	Proteobacteria	Alphaproteobacteria	0.5594	0.165	1231.0	DUF900;Abhydrolase_6	DUF900	True
AF-A0A1N6WQJ8-F1	0.18705522584850667	0.04227354644517836	-0.17569697331582634	0.874	Haladaptatus litoreus	Archaea	Euryarchaeota	Halobacteria	0.8915	0.523	43.0		No Pfam hit	True
AF-A0A1N6WQR0-F1	0.20127766595392307	0.03560937897899304	-0.1663194729827806	0.87305	Haladaptatus litoreus	Archaea	Euryarchaeota	Halobacteria	0.8833	0.457	48.0	DUF900	DUF900	True
AF-A0A1N6YR21-F1	0.1656752734540536	0.03199238932887606	-0.1592897084615631	0.76825	Haladaptatus litoreus	Archaea	Euryarchaeota	Halobacteria	0.7837	0.35	80.0	DUF726;VirJ	DUF726	True
AF-A0A1N7R8M8-F1	0.16121508247052846	-0.1951654782998762	0.23260675447754375	0.43100000000000005	Achromobacter sp. MFA1 R4	Bacteria	Proteobacteria	Betaproteobacteria	0.4575	0.115	1522.0	DUF900	DUF900	True
AF-A0A1P8F648-F1	-0.12839906234434145	0.19621563028781958	0.08000451159421577	0.26717500000000005	Dehalogenimonas formicexedens	Bacteria	Chloroflexi	Dehalococcoidia	0.2784	0.127	2192.0		No Pfam hit	True
AF-A0A1P8WE44-F1	0.20179057382056734	-0.022944999010556837	-0.08513260428863732	0.565475	Fuerstiella marisgermanici	Bacteria	Planctomycetota	Planctomycetia	0.6386	0.178	493.0		No Pfam hit	True
AF-A0A1P8XAA5-F1	-0.05725378592601322	0.23307951798217724	0.07523981439872095	0.40747500000000003	Mycobacterium sp. MS1601	Bacteria	Actinobacteria	Actinomycetia	0.3589	0.151	1875.0	Cutinase	Other α/β hydrolase (CL0028)	True
AF-A0A1Q1FI13-F1	0.11192210729026011	-0.0009603649644453634	-0.1680772083962636	0.7321	Halorientalis sp. IM1011	Archaea	Euryarchaeota	Halobacteria	0.7462	0.239	125.0	DUF900	DUF900	True
AF-A0A1Q1FI16-F1	0.1386979206604047	0.05178013900529517	-0.12252245211701866	0.7435499999999999	Halorientalis sp. IM1011	Archaea	Euryarchaeota	Halobacteria	0.6781	0.27	244.0	DUF726	DUF726	True
AF-A0A1Q1FMJ7-F1	0.14910212720700852	0.038284810147605146	-0.18619768334817344	0.8326	Halorientalis sp. IM1011	Archaea	Euryarchaeota	Halobacteria	0.7996	0.314	62.0	DUF900	DUF900	True
AF-A0A1Q1NPC7-F1	-0.5278838640711487	-0.2554087158460382	-0.04179840046601825	0.1624	Pristhesancus plagipennis	Eukaryota	Arthropoda	Insecta	0.1964	0.088	2520.0	Peptidase_S10	Other α/β hydrolase (CL0028)	True
AF-A0A1Q3A2Q9-F1	-0.16971820142129004	0.11786737624485538	0.044326902133278515	0.27915	Zygosaccharomyces rouxii	Eukaryota	Ascomycota	Saccharomycetes	0.3659	0.135	1793.0	DUF676	DUF676	True
AF-A0A1Q3AGY2-F1	-0.1700440429383881	0.09728903186490159	0.04385288256386945	0.2749	Zygosaccharomyces rouxii	Eukaryota	Ascomycota	Saccharomycetes	0.3482	0.128	1794.0	DUF676	DUF676	True
AF-A0A1Q3F8R6-F1	-0.5400615361876178	-0.2708713465592807	-0.03417251437520649	0.145725	Culex tarsalis	Eukaryota	Arthropoda	Insecta	0.1932	0.115	2418.0	Peptidase_S10	Other α/β hydrolase (CL0028)	True
AF-A0A1Q3F8Y0-F1	-0.5383224690586053	-0.2683513063077195	-0.03860410752988972	0.1431075	Culex tarsalis	Eukaryota	Arthropoda	Insecta	0.1934	0.115	2347.0	Peptidase_S10	Other α/β hydrolase (CL0028)	True
AF-A0A1Q4AEM9-F1	-0.09537861057621395	0.057523793814443426	-0.02540435682427273	0.3537	Mesorhizobium sp. 65-26	Bacteria	Proteobacteria	Alphaproteobacteria	0.3563	0.162	2107.0		No Pfam hit	True
AF-A0A1Q4G8F4-F1	0.1187944188123469	-0.011872739871994966	-0.03980528289798924	0.4634	Sphingobacterium sp. 40-24	Bacteria	Bacteroidota	Sphingobacteriia	0.4832	0.13	1419.0	DUF900	DUF900	True
AF-A0A1Q4HJS6-F1	-0.06571498929192063	0.2246729681548676	0.04276373759688595	0.4587	Mycobacterium diernhoferi	Bacteria	Actinobacteria	Actinomycetia	0.4296	0.122	1774.0	Cutinase	Other α/β hydrolase (CL0028)	True
AF-A0A1Q4HNY4-F1	-0.17514534007071905	0.25846583159479486	0.09251908309680473	0.21115	Mycobacterium paraffinicum	Bacteria	Actinobacteria	Actinomycetia	0.2397	0.135	2644.0	Cutinase	Other α/β hydrolase (CL0028)	True
AF-A0A1Q4L4I8-F1	0.10097842559949217	-0.004400142759187075	-0.11323488323381901	0.488575	Bacillus cereus	Bacteria	Firmicutes	Bacilli	0.5065	0.173	1539.0		No Pfam hit	True
AF-A0A1Q5B492-F1	-0.17555738688980602	0.29539683341397993	0.28525303522448353	0.1392025	Streptomyces sp. TSRI0445	Bacteria	Actinobacteria	Actinomycetia	0.1884	0.138	2738.0	Pkinase;PK_Tyr_Ser-Thr;APH;Peripla_BP_6;ANF_receptor	Periplasmic binding protein (CL0144)	True
AF-A0A1Q7TAW2-F1	0.19920110796932486	-0.11582959142636103	0.028173521957508805	0.534025	Verrucomicrobia bacterium 13_1_20CM_4_54_11	Bacteria	Verrucomicrobia		0.5439	0.21	413.0	DUF900;Abhydrolase_6	DUF900	True
AF-A0A1Q8JLU5-F1	-0.02888010295185405	0.08280273861814799	-0.015514430684621747	0.274675	Pseudonocardia sp. Ae356_Ps1	Bacteria	Actinobacteria	Actinomycetia	0.3539	0.167	1915.0	Abhydrolase_8	Other α/β hydrolase (CL0028)	True
AF-A0A1Q8KT16-F1	-0.05143994056860564	0.09797627114516702	0.007332968497224115	0.28302499999999997	Pseudonocardia sp. Ae707_Ps1	Bacteria	Actinobacteria	Actinomycetia	0.4117	0.15	1978.0	Abhydrolase_8	Other α/β hydrolase (CL0028)	True
AF-A0A1Q8LF83-F1	-0.03719663501349123	0.09237952085590868	-0.01437778701952744	0.334025	Pseudonocardia sp. Ae706_Ps2	Bacteria	Actinobacteria	Actinomycetia	0.4113	0.172	1838.0	Abhydrolase_8	Other α/β hydrolase (CL0028)	True
AF-A0A1Q8LP91-F1	-0.04243385394312784	0.09470733310212619	-0.009544147466526005	0.28750000000000003	Pseudonocardia sp. Ae717_Ps2	Bacteria	Actinobacteria	Actinomycetia	0.3786	0.158	1855.0	Abhydrolase_8	Other α/β hydrolase (CL0028)	True
AF-A0A1Q8ZSY7-F1	0.20221843372380455	-0.11262364374344648	0.15245556324217432	0.532975	Rhizobium oryziradicis	Bacteria	Proteobacteria	Alphaproteobacteria	0.6356	0.176	1055.0	DUF900;Abhydrolase_6	DUF900	True
AF-A0A1Q9LND8-F1	-0.12412931086817468	0.17351086192321943	0.009801593596781753	0.346625	Actinokineospora bangkokensis	Bacteria	Actinobacteria	Actinomycetia	0.3279	0.12	2283.0	Cutinase;PE-PPE	Other α/β hydrolase (CL0028)	True
AF-A0A1Q9W713-F1	-0.06638758990792012	0.24843967405566225	0.037695413156452376	0.444725	Mycobacterium syngnathidarum	Bacteria	Actinobacteria	Actinomycetia	0.3953	0.162	1749.0	Cutinase	Other α/β hydrolase (CL0028)	True
AF-A0A1R3RTC0-F1	-0.16807411802212854	0.13283658304479243	-0.13083938628437106	0.30515	Aspergillus carbonarius ITEM 5010	Eukaryota	Ascomycota	Eurotiomycetes	0.4693	0.088	2053.0	NACHT;TPR_12;TPR_10	P-loop NTPase (CL0023)	True
AF-A0A1R3TJI7-F1	0.18551704625002607	-0.12159464821000024	0.15233323258921547	0.5349250000000001	Agrobacterium sp. DSM 25558	Bacteria	Proteobacteria	Alphaproteobacteria	0.6329	0.143	1212.0	DUF900;Abhydrolase_6	DUF900	True
AF-A0A1R3TJQ9-F1	0.19653833024923573	-0.11704507230083792	0.1610617889806807	0.511775	Agrobacterium rosae	Bacteria	Proteobacteria	Alphaproteobacteria	0.6311	0.153	1165.0	DUF900;Abhydrolase_6	DUF900	True
AF-A0A1R4ABW0-F1	0.02838399138233784	-0.04193000140385333	0.10651503264505503	0.31755	Babesia microti strain RI	Eukaryota	Apicomplexa	Aconoidasida	0.48	0.13	1310.0	DUF900	DUF900	True
AF-A0A1S1LJM3-F1	0.1363476923793005	0.03342429397891967	-0.19727897047216605	0.48935	Mycobacteroides chelonae	Bacteria	Actinobacteria	Actinomycetia	0.5997	0.124	1229.0		No Pfam hit	True
AF-A0A1S1LS79-F1	-0.07367527486272349	0.12151436113195256	-0.004437523239952232	0.36005	Mycobacteroides chelonae	Bacteria	Actinobacteria	Actinomycetia	0.4085	0.156	1837.0	Abhydrolase_8	Other α/β hydrolase (CL0028)	True
AF-A0A1S1M3J6-F1	-0.02550173931641623	0.15193610590719614	-0.021657474221850277	0.428575	Mycobacteroides chelonae	Bacteria	Actinobacteria	Actinomycetia	0.4076	0.153	1826.0	Abhydrolase_8	Other α/β hydrolase (CL0028)	True
AF-A0A1S1M537-F1	0.13270532306253346	0.03886302508018087	-0.18994625118448555	0.46692500000000003	Mycobacteroides chelonae	Bacteria	Actinobacteria	Actinomycetia	0.5738	0.139	1378.0		No Pfam hit	True
AF-A0A1S1NCC6-F1	0.15413150565334385	-0.006287748077694217	-0.17078272811984493	0.433825	Mycobacterium talmoniae	Bacteria	Actinobacteria	Actinomycetia	0.5185	0.11	1558.0		No Pfam hit	True
AF-A0A1S4EHE0-F1	-0.5378260509951217	-0.25344064633710167	-0.0394026654879537	0.16085	Diaphorina citri	Eukaryota	Arthropoda	Insecta	0.2018	0.113	2480.0	Peptidase_S10	Other α/β hydrolase (CL0028)	True
AF-A0A1S7PQN4-F1	0.1886087973884424	-0.10468457446149228	0.15442193291283562	0.5239	Agrobacterium sp. NCPPB 925	Bacteria	Proteobacteria	Alphaproteobacteria	0.6265	0.146	1268.0	DUF900;Abhydrolase_6	DUF900	True
AF-A0A1S7PSS9-F1	0.20081751311960847	-0.09955427987952695	0.15540106891654173	0.545275	Agrobacterium tumefaciens str. Kerr 14	Bacteria	Proteobacteria	Alphaproteobacteria	0.6401	0.149	1255.0	DUF900;Abhydrolase_6	DUF900	True
AF-A0A1S7QDR7-F1	0.1946544877740887	-0.09832609345561821	0.14230857693442242	0.505725	Agrobacterium tomkonis CFBP 6623	Bacteria	Proteobacteria	Alphaproteobacteria	0.5677	0.16	1074.0	DUF900;Abhydrolase_6	DUF900	True
AF-A0A1S7TQ51-F1	0.2075863074846833	-0.09939102134992418	0.16291331281803412	0.5119	Agrobacterium deltaense NCPPB 1641	Bacteria	Proteobacteria	Alphaproteobacteria	0.5711	0.168	1204.0	DUF900;Abhydrolase_6	DUF900	True
AF-A0A1T3P405-F1	-0.027211796488659453	0.10288136522733372	-0.05640198755512374	0.42584999999999995	Embleya scabrispora	Bacteria	Actinobacteria	Actinomycetia	0.4509	0.145	1694.0	Abhydrolase_8	Other α/β hydrolase (CL0028)	True
AF-A0A1T5GH53-F1	0.12917538118778865	0.0030826797415390928	-0.05743823273174507	0.446075	Soonwooa buanensis	Bacteria	Bacteroidota	Flavobacteriia	0.4764	0.163	1340.0	DUF900	DUF900	True
AF-A0A1T5QZ52-F1	0.15314314267952872	0.00012625586055606207	-0.22228480584446192	0.50255	Mycobacteroides abscessus subsp. massiliense	Bacteria	Actinobacteria	Actinomycetia	0.6008	0.113	1464.0		No Pfam hit	True
AF-A0A1V0DIL3-F1	-0.2340203519998091	-0.07218927999258148	-0.09092174136813239	0.3812	Rhodothermaceae bacterium RA	Bacteria	Bacteroidota		0.4087	0.143	2100.0	Abhydrolase_1	Other α/β hydrolase (CL0028)	True
AF-A0A1V3MY86-F1	0.09935690493054428	-0.0017566035036777569	-0.040542591978425975	0.413	Sphingobacterium sp. CZ-UAM	Bacteria	Bacteroidota	Sphingobacteriia	0.4182	0.163	1627.0	DUF900	DUF900	True
AF-A0A1V3WEV0-F1	-0.1705153895463637	0.2620284944385619	0.07672486432063531	0.187575	Mycobacterium kansasii	Bacteria	Actinobacteria	Actinomycetia	0.2087	0.118	2618.0	Cutinase	Other α/β hydrolase (CL0028)	True
AF-A0A1V4BY26-F1	0.2330331882702504	-0.1650020661756801	0.06914450091234821	0.5966	Microcystis aeruginosa KW	Bacteria	Cyanobacteria		0.6164	0.161	708.0	DUF900	DUF900	True
AF-A0A1V4Q9U5-F1	-0.14543849968905875	0.23924366399741331	0.0463966627252703	0.26237499999999997	Gordonia sp. i37	Bacteria	Actinobacteria	Actinomycetia	0.2575	0.127	2344.0	Cutinase	Other α/β hydrolase (CL0028)	True
AF-A0A1V6P436-F1	-0.14849914465810107	0.14617590449817022	-0.17529389016271144	0.383	Penicillium polonicum	Eukaryota	Ascomycota	Eurotiomycetes	0.4115	0.144	1948.0		No Pfam hit	True
AF-A0A1V6RRJ6-F1	-0.1564099764166908	0.1432951797936276	-0.1584912624121209	0.36060000000000003	Penicillium solitum	Eukaryota	Ascomycota	Eurotiomycetes	0.3781	0.143	1986.0		No Pfam hit	True
AF-A0A1V6RSA4-F1	-0.14573385619010168	0.15412903875812162	-0.1491951993563357	0.36315	Penicillium vulpinum	Eukaryota	Ascomycota	Eurotiomycetes	0.3926	0.142	1987.0		No Pfam hit	True
AF-A0A1V6T0C9-F1	-0.16373691028745224	0.09658340707074382	-0.16568324992485695	0.41185	Penicillium flavigenum	Eukaryota	Ascomycota	Eurotiomycetes	0.4214	0.143	1893.0	DUF676	DUF676	True
AF-A0A1V6Z1N6-F1	-0.1740838592876068	0.14949659592694944	-0.15097534008018612	0.35760000000000003	Penicillium nalgiovense	Eukaryota	Ascomycota	Eurotiomycetes	0.3973	0.13	2277.0		No Pfam hit	True
AF-A0A1V9A654-F1	-0.12422335460587454	0.17710118719845433	0.0017505357400790353	0.34992500000000004	Saccharomonospora piscinae	Bacteria	Actinobacteria	Actinomycetia	0.3728	0.145	2016.0	Cutinase;PE-PPE	Other α/β hydrolase (CL0028)	True
AF-A0A1V9Y4V8-F1	0.024860697412811696	-0.0032099224336919587	-0.1003118132559382	0.4184	Achlya hypogyna	Eukaryota	Oomycota		0.4725	0.176	1306.0	DUF900;Lipase_3;DUF726	DUF900	True
AF-A0A1V9YJ39-F1	0.04124785488142398	-0.009318039473267956	-0.10324651401585078	0.44365	Thraustotheca clavata	Eukaryota	Oomycota		0.4801	0.142	1562.0	Lipase_3;DUF726	DUF726	True
AF-A0A1W0X2X9-F1	-0.542293807218675	-0.2521052969349228	-0.03604748174231453	0.1533	Hypsibius dujardini	Eukaryota	Tardigrada	Eutardigrada	0.1898	0.135	2509.0	Peptidase_S10	Other α/β hydrolase (CL0028)	True
AF-A0A1W0X6C6-F1	-0.5336390137251874	-0.2729050541401589	-0.028939983974158937	0.1462	Hypsibius dujardini	Eukaryota	Tardigrada	Eutardigrada	0.1892	0.125	2431.0	Peptidase_S10	Other α/β hydrolase (CL0028)	True
AF-A0A1W1W4N5-F1	-0.12427690085857374	0.16956024764226513	0.14211009938303565	0.24565	Hymenobacter roseosalivarius DSM 11622	Bacteria	Bacteroidota	Cytophagia	0.2529	0.107	2715.0	Lipase_GDSL_2	Other Pfam	True
AF-A0A1W2CT02-F1	0.09285422733688456	0.011791684464282647	-0.04240082677655395	0.47925	Primorskyibacter flagellatus	Bacteria	Proteobacteria	Alphaproteobacteria	0.4609	0.197	1138.0		No Pfam hit	True
AF-A0A1W2TIN9-F1	-0.17428776387595846	0.06451919049542688	-0.13905034121909998	0.41050000000000003	Rosellinia necatrix	Eukaryota	Ascomycota	Sordariomycetes	0.46	0.103	1867.0	DUF676	DUF676	True
AF-A0A1W4WIG8-F1	-0.5524449925983128	-0.2457978969736825	-0.053730323334246155	0.20892500000000003	Agrilus planipennis	Eukaryota	Arthropoda	Insecta	0.2092	0.084	2548.0	Peptidase_S10	Other α/β hydrolase (CL0028)	True
AF-A0A1W5CVH4-F1	-0.15331524213121286	0.07452432888418632	-0.10963115389229158	0.34004999999999996	Lasallia pustulata	Eukaryota	Ascomycota	Lecanoromycetes	0.4225	0.115	2062.0	Dynein_light;DUF676;NPHP3_N	DUF676	True
AF-A0A1W5D8I0-F1	-0.16074167997603483	0.15120390437030026	-0.04672617333661784	0.197845	Lasallia pustulata	Eukaryota	Ascomycota	Lecanoromycetes	0.3137	0.119	2482.0	DUF676;NPHP3_N;NACHT;WD40	DUF676	True
AF-A0A1W9GQN3-F1	0.20347162033970603	-0.09936237277294371	0.04397467756779102	0.554225	Nitrospira sp. SG-bin2	Bacteria	Nitrospirae	Nitrospira	0.5389	0.213	498.0	DUF900	DUF900	True
AF-A0A1W9Z7N2-F1	-0.17449257475989763	0.2570961960234637	0.08353552862564395	0.20729999999999998	Mycobacterium arosiense ATCC BAA-1401 = DSM 45069	Bacteria	Actinobacteria	Actinomycetia	0.2377	0.143	2664.0	Cutinase	Other α/β hydrolase (CL0028)	True
AF-A0A1X0AS85-F1	-0.06354287297738825	0.24933945352938766	0.05295137555084994	0.450925	Mycobacterium aquaticum	Bacteria	Actinobacteria	Actinomycetia	0.4072	0.145	1730.0	Cutinase	Other α/β hydrolase (CL0028)	True
AF-A0A1X0D0T8-F1	-0.06384566184944092	0.23316777821232543	0.05575352810447063	0.379725	Mycolicibacterium elephantis	Bacteria	Actinobacteria	Actinomycetia	0.351	0.143	1825.0	Cutinase	Other α/β hydrolase (CL0028)	True
AF-A0A1X0I8N8-F1	0.1539345892100954	0.010447222567696634	-0.17431550671131096	0.49155000000000004	Mycobacterium paraseoulense	Bacteria	Actinobacteria	Actinomycetia	0.5347	0.089	1220.0		No Pfam hit	True
AF-A0A1X0JD06-F1	0.13371736362748296	0.014122665571111102	-0.21069205376891953	0.496475	Mycobacteroides saopaulense	Bacteria	Actinobacteria	Actinomycetia	0.494	0.135	1577.0		No Pfam hit	True
AF-A0A1X0XPG7-F1	-0.17909955162479732	0.2519107230155565	0.0850401158608463	0.2122	Mycobacterium simiae	Bacteria	Actinobacteria	Actinomycetia	0.2395	0.143	2645.0	Cutinase	Other α/β hydrolase (CL0028)	True
AF-A0A1X1B892-F1	-0.17644760423143077	0.2487530875169849	0.0708845616154011	0.2452	Williamsia sp. 1135	Bacteria	Actinobacteria	Actinomycetia	0.3099	0.169	2204.0	Cutinase;PE-PPE	Other α/β hydrolase (CL0028)	True
AF-A0A1X1SWA5-F1	-0.0787188877219561	0.2297580533894711	0.04056372059120081	0.38732500000000003	Mycobacterium conspicuum	Bacteria	Actinobacteria	Actinomycetia	0.3694	0.117	1994.0	Cutinase	Other α/β hydrolase (CL0028)	True
AF-A0A1X4H9M3-F1	0.14112071013293873	0.0363211640248622	-0.14382363126341047	0.726225	Halorubrum ezzemoulense DSM 17463	Archaea	Euryarchaeota	Halobacteria	0.6574	0.268	278.0	DUF900;DUF726	DUF900	True
AF-A0A1X4IXJ5-F1	0.2163459980630442	-0.10686446464783732	0.06181447304524611	0.60565	Pseudoruegeria sp. SK021	Bacteria	Proteobacteria	Alphaproteobacteria	0.6357	0.174	655.0	DUF900	DUF900	True
AF-A0A1X6YFJ7-F1	0.2261540263993873	-0.08512692637060394	0.049272834678774795	0.62915	Roseovarius albus	Bacteria	Proteobacteria	Alphaproteobacteria	0.6436	0.159	597.0	DUF900	DUF900	True
AF-A0A1X6ZF35-F1	0.11412730060124096	0.018562053304053028	-0.04759241341302325	0.42815000000000003	Roseovarius halotolerans	Bacteria	Proteobacteria	Alphaproteobacteria	0.4687	0.18	1077.0	DUF900	DUF900	True
AF-A0A1X7BMX6-F1	0.18056034955321154	-0.17272904774928202	0.18923712334403775	0.50755	Roseovarius aestuarii	Bacteria	Proteobacteria	Alphaproteobacteria	0.5898	0.202	773.0	DUF900	DUF900	True
AF-A0A1X7HGK9-F1	-0.17881583214276214	0.2822136275374711	0.28998217331141174	0.16097499999999998	Streptomyces sp. Amel2xC10	Bacteria	Actinobacteria	Actinomycetia	0.2114	0.128	2759.0	Pkinase;PK_Tyr_Ser-Thr;Peripla_BP_6	Periplasmic binding protein (CL0144)	True
AF-A0A1X7VRZ8-F1	-0.5706159701477163	-0.24356439542381944	-0.07217973390515733	0.15325	Amphimedon queenslandica	Eukaryota	Porifera	Demospongiae	0.1782	0.162	2444.0	Peptidase_S10	Other α/β hydrolase (CL0028)	True
AF-A0A1Y1LX67-F1	-0.542687507078857	-0.2438903767007364	-0.05077193612515998	0.20615	Photinus pyralis	Eukaryota	Arthropoda	Insecta	0.1802	0.14	2651.0	Peptidase_S10	Other α/β hydrolase (CL0028)	True
AF-A0A1Y1MSC3-F1	-0.5417793034013125	-0.24543315832899798	-0.05589056097961025	0.147725	Photinus pyralis	Eukaryota	Arthropoda	Insecta	0.1785	0.097	2712.0	Peptidase_S10	Other α/β hydrolase (CL0028)	True
AF-A0A1Y1NIH7-F1	-0.5586487992171869	-0.24279767115410536	-0.05941830162207939	0.163025	Photinus pyralis	Eukaryota	Arthropoda	Insecta	0.196	0.15	2642.0	Peptidase_S10	Other α/β hydrolase (CL0028)	True
AF-A0A1Y2EH48-F1	-0.14300402528872067	0.1495838230166105	-0.12428334332837314	0.2885	Pseudomassariella vexata	Eukaryota	Ascomycota	Sordariomycetes	0.4183	0.116	1969.0	NPHP3_N;NACHT	P-loop NTPase (CL0023)	True
AF-A0A1Y2LT91-F1	-0.03903696756020546	0.2087139813964296	0.08063220306085875	0.38685	Epicoccum nigrum	Eukaryota	Ascomycota	Dothideomycetes	0.4008	0.134	2059.0	Cutinase	Other α/β hydrolase (CL0028)	True
AF-A0A1Y2MME9-F1	-0.04210058776743407	0.10663913178296872	-0.00614461949062026	0.30235	Pseudonocardia autotrophica	Bacteria	Actinobacteria	Actinomycetia	0.416	0.184	1792.0	Abhydrolase_8	Other α/β hydrolase (CL0028)	True
AF-A0A1Y2UCM5-F1	-0.1442093359321327	0.11980583598331156	-0.1192365401987046	0.46492500000000003	Hypoxylon sp. CO27-5	Eukaryota	Ascomycota	Sordariomycetes	0.4363	0.142	2115.0	DUF676	DUF676	True
AF-A0A1Y2VNG9-F1	-0.14992249698751	0.10025268636112633	-0.15087348465185033	0.452325	Hypoxylon sp. CI-4A	Eukaryota	Ascomycota	Sordariomycetes	0.4028	0.122	2069.0		No Pfam hit	True
AF-A0A1Y2W8S6-F1	-0.14900463899804586	0.12472676478653721	-0.1129038792989105	0.29815	Hypoxylon sp. CI-4A	Eukaryota	Ascomycota	Sordariomycetes	0.4698	0.109	1795.0	DUF676;Abhydrolase_6;NPHP3_N;Ank_2;Ank_4	DUF676	True
AF-A0A1Y2X2S7-F1	-0.18122169920194142	0.09117751228826257	-0.15736562594365672	0.417475	Daldinia sp. EC12	Eukaryota	Ascomycota	Sordariomycetes	0.47	0.148	1754.0		No Pfam hit	True
AF-A0A1Y3A5X3-F1	0.1453776963206169	0.047379285362641965	-0.145347647683971	0.708175	Halorubrum sp. SD683	Archaea	Euryarchaeota	Halobacteria	0.6423	0.278	272.0	DUF900;DUF726	DUF900	True
AF-A0A1Y3AG32-F1	0.15741699141837026	0.05370749464486688	-0.14560067950356229	0.7116750000000001	Halorubrum sp. SD612	Archaea	Euryarchaeota	Halobacteria	0.6453	0.261	274.0	DUF900;DUF726	DUF900	True
AF-A0A1Y3B738-F1	0.012367905855054675	0.075172884128611	0.05080223322213861	0.32775	Euroglyphus maynei	Eukaryota	Arthropoda	Arachnida	0.3888	0.196	1681.0	Lipase	Other α/β hydrolase (CL0028)	True
AF-A0A1Y4MRV8-F1	-0.19311000687732735	0.2947295537031486	0.28839932953567404	0.1345	Anaerotruncus colihominis	Bacteria	Firmicutes	Clostridia	0.1539	0.119	2882.0	Peripla_BP_6;Peripla_BP_5;ANF_receptor	Periplasmic binding protein (CL0144)	True
AF-A0A1Y5H9A9-F1	0.22456339632329184	-0.10126497250574672	0.0395476589942521	0.6240249999999999	Rhodobacterales bacterium 56_14_T64	Bacteria	Proteobacteria	Alphaproteobacteria	0.6321	0.179	564.0	DUF900;DUF676	DUF900	True
AF-A0A1Y5RPA0-F1	0.21223362012157262	-0.09422832634448641	0.022051567787161684	0.6348	Falsiruegeria litorea R37	Bacteria	Proteobacteria	Alphaproteobacteria	0.6602	0.173	375.0	DUF900	DUF900	True
AF-A0A1Y5SBA3-F1	0.18693415603824054	-0.11142834775511977	0.14825441585578553	0.4697	Palleronia marisminoris	Bacteria	Proteobacteria	Alphaproteobacteria	0.6242	0.136	1102.0	Pentapeptide;DUF900	DUF900	True
AF-A0A1Y5SGK7-F1	0.18982623865878168	-0.16722738608904303	0.1703440615200103	0.5282	Roseovarius litorisediminis	Bacteria	Proteobacteria	Alphaproteobacteria	0.5905	0.21	787.0	DUF900	DUF900	True
AF-A0A1Z1UUI3-F1	-0.1599333316499827	0.2464920382421809	0.07329755890337082	0.2378	Prescottella equi	Bacteria	Actinobacteria	Actinomycetia	0.3191	0.173	2143.0	Cutinase	Other α/β hydrolase (CL0028)	True
AF-A0A1Z1UZV0-F1	-0.15894675929513724	0.24586584118283497	0.06462664758455679	0.243975	Prescottella equi	Bacteria	Actinobacteria	Actinomycetia	0.3287	0.186	2008.0	Cutinase	Other α/β hydrolase (CL0028)	True
AF-A0A1Z4F2D9-F1	0.14404592029213878	0.04150564831289348	-0.19590958800477443	0.4881	[Mycobacterium] stephanolepidis	Bacteria	Actinobacteria	Actinomycetia	0.5414	0.129	1487.0		No Pfam hit	True
AF-A0A1Z4KU58-F1	0.14884476590397777	-0.008534426905675649	-0.06275754199338873	0.54925	Trichormus variabilis NIES-23	Bacteria	Cyanobacteria		0.5892	0.132	432.0	DUF900	DUF900	True
AF-A0A1Z8M390-F1	0.16508518067067388	-0.004607297439482495	-0.10870682934058078	0.5396	Rhodopirellula sp. TMED11	Bacteria	Planctomycetota	Planctomycetia	0.6331	0.149	582.0		No Pfam hit	True
AF-A0A1Z8NC08-F1	0.18126625014016057	-0.044216212269494966	-0.07943200680565293	0.5905499999999999	Planctomycetaceae bacterium TMED10	Bacteria	Planctomycetota	Planctomycetia	0.6621	0.147	641.0	DUF900	DUF900	True
AF-A0A1Z9QMR2-F1	0.1775654236878366	-0.019816314486247707	-0.07809667796021992	0.574525	Planctomycetaceae bacterium TMED240	Bacteria	Planctomycetota	Planctomycetia	0.6447	0.172	455.0	DUF900	DUF900	True
AF-A0A212QNL2-F1	0.1514146906705885	-0.08563426220020635	0.1251366075305374	0.51135	Rhodoblastus acidophilus	Bacteria	Proteobacteria	Alphaproteobacteria	0.5991	0.16	1017.0	DUF900;Abhydrolase_6	DUF900	True
AF-A0A220URJ1-F1	0.20453611642018296	-0.10333157048361255	0.05845174326528029	0.52505	Shewanella bicestrii	Bacteria	Proteobacteria	Gammaproteobacteria	0.546	0.207	671.0	DUF900	DUF900	True
AF-A0A221JY66-F1	0.1284220302054339	0.003228168475843362	-0.04073555848853903	0.5104249999999999	Pseudosulfitobacter pseudonitzschiae	Bacteria	Proteobacteria	Alphaproteobacteria	0.5106	0.179	1031.0	DUF900	DUF900	True
AF-A0A226DY03-F1	0.008601601628549711	0.05479651748905079	0.08159873192100425	0.35955000000000004	Folsomia candida	Eukaryota	Arthropoda	Collembola	0.3863	0.17	1712.0	Lipase	Other α/β hydrolase (CL0028)	True
AF-A0A229HH33-F1	-0.14314937194786057	0.32714556630241837	0.30333782982385743	0.161325	Streptomyces sp. NBS 14/10	Bacteria	Actinobacteria	Actinomycetia	0.1857	0.162	2772.0	Peripla_BP_6;ANF_receptor	Periplasmic binding protein (CL0144)	True
AF-A0A229RSK9-F1	-0.00813902465236816	0.07479577605791438	-0.04814139736649938	0.41785	Amycolatopsis alba DSM 44262	Bacteria	Actinobacteria	Actinomycetia	0.4659	0.189	1593.0	Abhydrolase_8	Other α/β hydrolase (CL0028)	True
AF-A0A238D3W7-F1	0.20660617031845216	-0.1048129323967337	0.03893537311764754	0.5423	Thiomonas delicata	Bacteria	Proteobacteria	Betaproteobacteria	0.5813	0.182	755.0	DUF900	DUF900	True
AF-A0A238JGC2-F1	0.13561203171905084	-0.11986959449583606	0.12491615119282545	0.43727499999999997	Pelagimonas phthalicica	Bacteria	Proteobacteria	Alphaproteobacteria	0.5971	0.174	966.0	DctP;DUF900	DUF900	True
AF-A0A238UNT3-F1	0.1406385847641233	0.03881100978368388	-0.14084163974721017	0.707625	Halorubrum ezzemoulense	Archaea	Euryarchaeota	Halobacteria	0.6543	0.273	296.0	DUF900;DUF726	DUF900	True
AF-A0A238Z272-F1	0.1975861100418913	-0.12437103360875623	0.12243202964524454	0.4768	Flavobacterium sp. ov086	Bacteria	Bacteroidota	Flavobacteriia	0.6059	0.149	925.0	DUF900	DUF900	True
AF-A0A238ZV76-F1	0.1897424916898305	-0.12771674337369668	0.060162449732513126	0.5372	Pseudomonas segetis	Bacteria	Proteobacteria	Gammaproteobacteria	0.5799	0.169	694.0	DUF900	DUF900	True
AF-A0A239AEN2-F1	-0.010765937193330823	0.0749232015066738	-0.064116998356937	0.4608	Actinomadura mexicana	Bacteria	Actinobacteria	Actinomycetia	0.4735	0.166	1534.0	Abhydrolase_8	Other α/β hydrolase (CL0028)	True
AF-A0A239AFN8-F1	-0.02391242814330456	0.08357470223470233	-0.0545541434681843	0.45304999999999995	Actinomadura mexicana	Bacteria	Actinobacteria	Actinomycetia	0.4822	0.165	1580.0	Abhydrolase_8	Other α/β hydrolase (CL0028)	True
AF-A0A239KL00-F1	-0.03241868715119577	0.06319403076859809	-0.05252857135376528	0.4729	Actinomadura meyerae	Bacteria	Actinobacteria	Actinomycetia	0.4824	0.156	1599.0	Abhydrolase_8	Other α/β hydrolase (CL0028)	True
AF-A0A239KPI0-F1	-0.023030475267360424	0.07788532540614583	-0.04111392897158123	0.40585	Actinomadura meyerae	Bacteria	Actinobacteria	Actinomycetia	0.4156	0.167	1801.0	Abhydrolase_8	Other α/β hydrolase (CL0028)	True
AF-A0A239M0D3-F1	0.19933660547203141	-0.08194516464184343	0.05144297584578163	0.565375	Tardiphaga sp. OK246	Bacteria	Proteobacteria	Alphaproteobacteria	0.5986	0.155	693.0	DUF900;Abhydrolase_6	DUF900	True
AF-A0A239MYY3-F1	-0.17273830793736758	0.27821547834061333	0.27592865448373616	0.169625	Actinacidiphila glaucinigra	Bacteria	Actinobacteria	Actinomycetia	0.225	0.125	2589.0	Pkinase;PK_Tyr_Ser-Thr;Peripla_BP_6	Periplasmic binding protein (CL0144)	True
AF-A0A246TPP4-F1	0.20648873135793538	-0.11042067571981301	0.024469015929430994	0.6156499999999999	Rhizobium sp. R72	Bacteria	Proteobacteria	Alphaproteobacteria	0.6026	0.164	592.0	DUF900;Abhydrolase_6	DUF900	True
AF-A0A254UV96-F1	0.15031961628481438	-0.12011292425289907	0.15756912582957205	0.419825	Thioclava sp. JM3	Bacteria	Proteobacteria	Alphaproteobacteria	0.5265	0.147	1346.0	Pentapeptide;DUF900	DUF900	True
AF-A0A255QXC4-F1	0.19381572797686822	-0.010835478763824681	-0.10842491636988917	0.5913999999999999	Rhodopirellula sp. MGV	Bacteria	Planctomycetota	Planctomycetia	0.6182	0.168	638.0		No Pfam hit	True
AF-A0A256GN11-F1	0.1638660167866983	-0.1076503096606679	0.1482221963450029	0.50915	Brucella lupini	Bacteria	Proteobacteria	Alphaproteobacteria	0.5801	0.153	1243.0	DUF900;Abhydrolase_6	DUF900	True
AF-A0A256J1P2-F1	0.14828258433832034	0.04575165242011118	-0.14691466829529146	0.7109000000000001	Halorubrum ezzemoulense	Archaea	Euryarchaeota	Halobacteria	0.645	0.265	277.0	DUF900;DUF726	DUF900	True
AF-A0A256J6S3-F1	0.14586699886693327	0.04492744160263248	-0.14613809020458615	0.735625	Halorubrum ezzemoulense	Archaea	Euryarchaeota	Halobacteria	0.6627	0.269	267.0	DUF900;DUF726	DUF900	True
AF-A0A256J8C6-F1	0.14088025681031424	0.040687147543419594	-0.1457123990217749	0.732025	Halorubrum ezzemoulense	Archaea	Euryarchaeota	Halobacteria	0.6627	0.273	258.0	Abhydrolase_8;DUF900;DUF726	DUF900	True
AF-A0A256JP13-F1	0.14856405046536902	0.04079699584620065	-0.1450246144781569	0.73565	Halorubrum ezzemoulense	Archaea	Euryarchaeota	Halobacteria	0.6694	0.271	255.0	DUF900;DUF726	DUF900	True
AF-A0A256K0U9-F1	0.14304587951867273	0.03449081094436746	-0.13925873580275325	0.73135	Halorubrum ezzemoulense	Archaea	Euryarchaeota	Halobacteria	0.6734	0.265	265.0	DUF900;DUF726	DUF900	True
AF-A0A257HRK6-F1	0.18677559048799497	-0.16250594150525552	0.1811388451124496	0.50125	Alphaproteobacteria bacterium PA1	Bacteria	Proteobacteria	Alphaproteobacteria	0.619	0.138	1193.0	DUF900	DUF900	True
AF-A0A257HT02-F1	0.15874110411233913	-0.12054656989197017	0.13611909009427747	0.41985	Alphaproteobacteria bacterium PA1	Bacteria	Proteobacteria	Alphaproteobacteria	0.5573	0.203	1339.0	DUF900;OmpA	DUF900	True
AF-A0A257I2M7-F1	0.11312120618939427	0.013363127389224783	0.035373747322366825	0.33515	Chitinophagaceae bacterium BSSC1	Bacteria	Bacteroidota	Chitinophagia	0.3738	0.175	1710.0	DUF900	DUF900	True
AF-A0A257J5N7-F1	0.09917603963892159	0.0041294848239613385	-0.03210772083915763	0.5335000000000001	Alphaproteobacteria bacterium PA2	Bacteria	Proteobacteria	Alphaproteobacteria	0.5737	0.136	1025.0		No Pfam hit	True
AF-A0A257JSN5-F1	0.18744662144034224	-0.17289402399483553	0.1972518950117571	0.50295	Alphaproteobacteria bacterium PA3	Bacteria	Proteobacteria	Alphaproteobacteria	0.591	0.18	1020.0	DUF900	DUF900	True
AF-A0A257TEC6-F1	0.1863412599117768	-0.04163856653207523	-0.08921842583384315	0.588675	Planctomycetia bacterium 21-64-5	Bacteria	Planctomycetota	Planctomycetia	0.6603	0.147	561.0		No Pfam hit	True
AF-A0A257U7G3-F1	0.18153712751831708	-0.0484365814836246	-0.07926574771027346	0.617775	Planctomycetia bacterium 21-64-5	Bacteria	Planctomycetota	Planctomycetia	0.6248	0.192	806.0		No Pfam hit	True
AF-A0A258G5Q5-F1	0.09863251523275299	0.0064798132816517515	-0.056417997129824704	0.43325	Sphingomonas sp. 32-62-10	Bacteria	Proteobacteria	Alphaproteobacteria	0.5023	0.162	1591.0	DUF900	DUF900	True
AF-A0A258KVP1-F1	0.15655626409924076	-0.11285407766189837	0.18071052778269509	0.47765	Hyphomicrobium sp. 32-62-53	Bacteria	Proteobacteria	Alphaproteobacteria	0.5332	0.114	1590.0	DUF900	DUF900	True
AF-A0A258KWR0-F1	0.1616304480715046	-0.09578438422365786	0.1761267930468308	0.519075	Hyphomicrobium sp. 32-62-53	Bacteria	Proteobacteria	Alphaproteobacteria	0.5634	0.122	1457.0	DUF900;Abhydrolase_6	DUF900	True
AF-A0A258MY05-F1	0.11391576190399699	0.016647570578861397	0.0033476739743210984	0.39525	Sphingobacteriia bacterium 35-40-8	Bacteria	Bacteroidota	Sphingobacteriia	0.4467	0.159	1583.0	DUF900	DUF900	True
AF-A0A258RD34-F1	0.0934639719660472	0.006594063412456783	-0.05468007662134035	0.418525	Sphingomonas sp. 28-62-11	Bacteria	Proteobacteria	Alphaproteobacteria	0.4775	0.153	1605.0	DUF900	DUF900	True
AF-A0A258YE49-F1	0.1067507258104867	0.014248372744093782	0.019767639529002512	0.3871	Bacteroidetes bacterium 24-39-8	Bacteria	Bacteroidota		0.416	0.158	1601.0	DUF900	DUF900	True
AF-A0A259HYA4-F1	0.11625268098738693	0.010852233618910351	0.011658304952142335	0.409975	Sphingobacteriia bacterium 39-39-8	Bacteria	Bacteroidota	Sphingobacteriia	0.4653	0.158	1563.0	DUF900	DUF900	True
AF-A0A259Y126-F1	-0.1776325956934117	0.2696430219501722	0.08912094891979054	0.1834	Rhodococcus sp. 06-469-3-2	Bacteria	Actinobacteria	Actinomycetia	0.1982	0.137	2491.0	Cutinase	Other α/β hydrolase (CL0028)	True
AF-A0A260ASC0-F1	-0.17882869563018808	0.2658249009943767	0.09224867379761514	0.177875	Rhodococcus sp. 06-412-2C	Bacteria	Actinobacteria	Actinomycetia	0.1915	0.144	2477.0	Cutinase	Other α/β hydrolase (CL0028)	True
AF-A0A260BHB2-F1	-0.17155444168240974	0.25389989831049214	0.06668568168145657	0.24814999999999998	Rhodococcus sp. 06-235-1A	Bacteria	Actinobacteria	Actinomycetia	0.3226	0.164	2127.0	Cutinase	Other α/β hydrolase (CL0028)	True
AF-A0A260BR95-F1	-0.16802619977818425	0.2628236244734043	0.09228910278836784	0.20055	Rhodococcus sp. 06-235-1A	Bacteria	Actinobacteria	Actinomycetia	0.1967	0.132	2563.0	Cutinase	Other α/β hydrolase (CL0028)	True
AF-A0A260C4J5-F1	-0.1640161943728827	0.2648948961682265	0.08635640965386976	0.1766	Rhodococcus sp. 06-221-2	Bacteria	Actinobacteria	Actinomycetia	0.1977	0.14	2510.0	Cutinase	Other α/β hydrolase (CL0028)	True
AF-A0A260MQY8-F1	-0.17178785831109983	0.2648992077531205	0.0893138177808416	0.214925	Rhodococcus sp. 05-2254-4	Bacteria	Actinobacteria	Actinomycetia	0.1977	0.143	2429.0	Cutinase	Other α/β hydrolase (CL0028)	True
AF-A0A260PP29-F1	-0.1705659503901152	0.27243064329225225	0.08090471245354092	0.1829	Rhodococcus sp. 02-925g	Bacteria	Actinobacteria	Actinomycetia	0.205	0.136	2490.0	Cutinase	Other α/β hydrolase (CL0028)	True
AF-A0A260QD69-F1	-0.1716919032630534	0.2697888236821976	0.09073931732239039	0.1588	Rhodococcus sp. 15-649-2-2	Bacteria	Actinobacteria	Actinomycetia	0.1977	0.143	2449.0	Cutinase	Other α/β hydrolase (CL0028)	True
AF-A0A260SD69-F1	-0.1697139679052072	0.2684544855358922	0.08436358775694741	0.180175	Rhodococcus sp. 15-2388-1-1a	Bacteria	Actinobacteria	Actinomycetia	0.1925	0.145	2530.0	Cutinase	Other α/β hydrolase (CL0028)	True
AF-A0A260VXP9-F1	-0.17472277645623552	0.24715603822377422	0.07072076966585197	0.2261	Rhodococcus sp. 14-2470-1a	Bacteria	Actinobacteria	Actinomycetia	0.3189	0.166	2033.0	Cutinase	Other α/β hydrolase (CL0028)	True
AF-A0A260W1M3-F1	-0.16964163240907043	0.2405041373357993	0.06240208585109067	0.242175	Rhodococcus sp. 14-2470-1a	Bacteria	Actinobacteria	Actinomycetia	0.3188	0.164	2029.0	Cutinase	Other α/β hydrolase (CL0028)	True
AF-A0A261GV62-F1	0.21647014419844893	-0.14034476508632124	0.05771618446292585	0.5803499999999999	Hahella sp. CCB-MM4	Bacteria	Proteobacteria	Gammaproteobacteria	0.6245	0.182	673.0	DUF900	DUF900	True
AF-A0A285IR81-F1	0.2152505895767791	-0.12298419024921318	0.03735538311101557	0.6312	Pseudooceanicola antarcticus	Bacteria	Proteobacteria	Alphaproteobacteria	0.6328	0.138	740.0	DUF900	DUF900	True
AF-A0A285N4T7-F1	0.18008694645506418	0.02927798144165366	-0.1432426674263556	0.8283	Natronoarchaeum philippinense	Archaea	Euryarchaeota	Halobacteria	0.8022	0.359	50.0	DUF900;Cutinase;DUF726	DUF900	True
AF-A0A286RHG3-F1	-0.13618475135591923	0.15919958577109508	0.1716935391786593	0.23604999999999998	Thermogutta terrifontis	Bacteria	Planctomycetota	Planctomycetia	0.2415	0.098	2764.0	CbiK;CbiX	Other Pfam	True
AF-A0A286UVN0-F1	-0.20209724055260647	0.049357723588572856	0.011653754615899582	0.2098	Pyrrhoderma noxium	Eukaryota	Basidiomycota	Agaricomycetes	0.2717	0.157	2468.0	DUF676	DUF676	True
AF-A0A290QI77-F1	0.23005469577044818	-0.09668081345953297	0.0004162826988554622	0.5998	Nibricoccus aquaticus	Bacteria	Verrucomicrobia	Opitutae	0.6271	0.185	442.0	DUF900	DUF900	True
AF-A0A291RJN5-F1	-0.1605785389731926	0.2481265204610476	0.07137538892617167	0.22759999999999997	Nocardia terpenica	Bacteria	Actinobacteria	Actinomycetia	0.2885	0.113	2379.0	Cutinase	Other α/β hydrolase (CL0028)	True
AF-A0A2A2FDL7-F1	0.13932623919813217	0.01731782192944567	-0.1546456816077181	0.71925	Halorubrum salipaludis	Archaea	Euryarchaeota	Halobacteria	0.6676	0.265	313.0	DUF900;DUF726	DUF900	True
AF-A0A2A2J1L9-F1	0.18630808622512943	-0.17869552438829317	0.22862587174736626	0.431125	Pseudomonas sp. HAR-UPW-AIA-41	Bacteria	Proteobacteria	Gammaproteobacteria	0.4533	0.166	1505.0	DUF900	DUF900	True
AF-A0A2A2W945-F1	0.1856086373086976	-0.017649540835189895	-0.10289705026390676	0.611575	Rhodopirellula sp. SM50	Bacteria	Planctomycetota	Planctomycetia	0.6951	0.164	454.0		No Pfam hit	True
AF-A0A2A3JEZ0-F1	-0.1695280905449738	0.2937385362049466	0.2674545716971326	0.19655	Streptomyces sp. Ag82_O1-15	Bacteria	Actinobacteria	Actinomycetia	0.2861	0.099	2774.0	Peptidase_C14;Peripla_BP_6;ANF_receptor	Periplasmic binding protein (CL0144)	True
AF-A0A2A3T0Y3-F1	0.18223034235399554	0.027614206290349552	-0.16872529387147003	0.80035	Nitrosopumilales archaeon	Archaea	Thaumarchaeota		0.7568	0.265	120.0	DUF900;Cutinase;DUF726	DUF900	True
AF-A0A2A3TCX4-F1	0.18828302731344188	0.03555984567750534	-0.16145030154549667	0.802075	Thaumarchaeota archaeon	Archaea	Thaumarchaeota		0.7452	0.269	156.0	DUF900;DUF726	DUF900	True
AF-A0A2A4UY45-F1	0.1607507246265748	-0.14747545807093923	0.25707438397585325	0.432775	Alphaproteobacteria bacterium	Bacteria	Proteobacteria	Alphaproteobacteria	0.5152	0.223	1452.0	DUF900	DUF900	True
AF-A0A2A4ZSU1-F1	0.21276145337329463	-0.0800999431626592	0.05215364681691733	0.64595	Rhodobacteraceae bacterium	Bacteria	Proteobacteria	Alphaproteobacteria	0.6759	0.168	421.0	DUF900	DUF900	True
AF-A0A2A5CX49-F1	0.19366884896082423	-0.13836026751215624	0.04658512588614555	0.6343749999999999	Gammaproteobacteria bacterium	Bacteria	Proteobacteria	Gammaproteobacteria	0.6777	0.14	602.0	DUF900	DUF900	True
AF-A0A2A6LN68-F1	0.16969636381228403	-0.17355114475656513	0.1941482265382579	0.51365	Sinorhizobium fredii	Bacteria	Proteobacteria	Alphaproteobacteria	0.596	0.152	1188.0	DUF900	DUF900	True
AF-A0A2A6NS95-F1	0.18101334583991174	-0.1674311365249948	0.1943797346577842	0.422975	Sinorhizobium sp. BJ1	Bacteria	Proteobacteria	Alphaproteobacteria	0.4604	0.188	1345.0	DUF900	DUF900	True
AF-A0A2A7UD43-F1	-0.1566438040011049	0.20884673616708208	0.07698151305510287	0.2363	Nocardia sp. FDAARGOS_372	Bacteria	Actinobacteria	Actinomycetia	0.2474	0.109	2352.0	Cutinase	Other α/β hydrolase (CL0028)	True
AF-A0A2B2BCE4-F1	-0.19699247246947132	0.14842712625973473	0.111652006494976	0.149225	Bacillus sp. AFS073361	Bacteria	Firmicutes	Bacilli	0.1757	0.114	2681.0	SBD_N;NBD_C	Other Pfam	True
AF-A0A2B7XIR1-F1	-0.16033089090816863	0.1283437069892146	-0.09151025899397086	0.325425	Helicocarpus griseus UAMH5409	Eukaryota	Ascomycota	Eurotiomycetes	0.4696	0.128	1917.0	DUF676;NPHP3_N;NACHT	DUF676	True
AF-A0A2C9JED0-F1	-0.5461969173173626	-0.24164807242112116	-0.03004822072676518	0.17335	Biomphalaria glabrata	Eukaryota	Mollusca	Gastropoda	0.209	0.123	2329.0	Peptidase_S10	Other α/β hydrolase (CL0028)	True
AF-A0A2C9JLN1-F1	-0.5350366040884096	-0.22909866953884708	-0.029836437298888636	0.2124	Biomphalaria glabrata	Eukaryota	Mollusca	Gastropoda	0.2517	0.134	2540.0	Peptidase_S10	Other α/β hydrolase (CL0028)	True
AF-A0A2C9JPM2-F1	-0.5190860501243293	-0.249090213088547	-0.01662481443296109	0.2072	Biomphalaria glabrata	Eukaryota	Mollusca	Gastropoda	0.2446	0.09	2621.0	Peptidase_S10	Other α/β hydrolase (CL0028)	True
AF-A0A2C9JSF5-F1	-0.5472241100872083	-0.2373066737387941	-0.049502750120975256	0.15825	Biomphalaria glabrata	Eukaryota	Mollusca	Gastropoda	0.2254	0.104	2663.0	Peptidase_S10	Other α/β hydrolase (CL0028)	True
AF-A0A2C9JSG0-F1	-0.5265095256814804	-0.23928378293627667	-0.043182233933814235	0.1951	Biomphalaria glabrata	Eukaryota	Mollusca	Gastropoda	0.2293	0.12	2721.0	Peptidase_S10	Other α/β hydrolase (CL0028)	True
AF-A0A2C9JXK3-F1	-0.5310455444756756	-0.2565066493410462	-0.03184658991319874	0.201825	Biomphalaria glabrata	Eukaryota	Mollusca	Gastropoda	0.2366	0.129	2619.0	Peptidase_S10	Other α/β hydrolase (CL0028)	True
AF-A0A2C9LEV8-F1	-0.5161545012725347	-0.27769024980791673	0.012666017734080156	0.140525	Biomphalaria glabrata	Eukaryota	Mollusca	Gastropoda	0.1991	0.053	2516.0	Peptidase_S10	Other α/β hydrolase (CL0028)	True
AF-A0A2D0B3J1-F1	0.20562497938896437	-0.10815536558627864	0.018042589881577666	0.59825	Rhizobium sp. R693	Bacteria	Proteobacteria	Alphaproteobacteria	0.6222	0.173	368.0	DUF900;Abhydrolase_6	DUF900	True
AF-A0A2D4WSF6-F1	0.1587688736964971	-0.19579461436844695	0.20602836434997232	0.44885	Planctomycetaceae bacterium	Bacteria	Planctomycetota	Planctomycetia	0.539	0.147	1433.0	DUF900	DUF900	True
AF-A0A2D5H1N8-F1	0.21770139720998047	-0.049135680802768894	-0.0654720462551254	0.643	Gimesia sp.	Bacteria	Planctomycetota	Planctomycetia	0.7006	0.188	468.0		No Pfam hit	True
AF-A0A2D5H483-F1	0.22333943839350154	-0.1340255542892572	0.12773177945007202	0.5234000000000001	Gimesia sp.	Bacteria	Planctomycetota	Planctomycetia	0.5926	0.187	766.0	DUF900	DUF900	True
AF-A0A2D7B1R0-F1	-0.22680886131110595	0.27315064939322076	0.2984658293459551	0.144225	Hyphomonas sp.	Bacteria	Proteobacteria	Alphaproteobacteria	0.1635	0.138	2884.0	LppC;Peripla_BP_6	Periplasmic binding protein (CL0144)	True
AF-A0A2D7H8G3-F1	0.17661660126790174	-0.01886621176482928	-0.0794895700866204	0.54495	Rhodopirellula sp.	Bacteria	Planctomycetota	Planctomycetia	0.6344	0.154	538.0	DUF900	DUF900	True
AF-A0A2D8ER62-F1	-0.21162189665094858	0.2910050024341571	0.2895926367201287	0.15032500000000001	Hyphomonas sp.	Bacteria	Proteobacteria	Alphaproteobacteria	0.1674	0.124	2868.0	LppC;Peripla_BP_6	Periplasmic binding protein (CL0144)	True
AF-A0A2D8LTX2-F1	-0.21632497898787412	0.18264792119807846	0.14725920327465317	0.1251	Acidimicrobiaceae bacterium	Bacteria	Actinobacteria	Acidimicrobiia	0.1721	0.083	2886.0	GTP-bdg_N;GTP-bdg_M;MMR_HSR1	P-loop NTPase (CL0023)	True
AF-A0A2D8STL6-F1	0.2034813720064192	-0.015564018621349872	-0.10448788519017493	0.57045	Planctomycetaceae bacterium	Bacteria	Planctomycetota	Planctomycetia	0.639	0.176	748.0	Abhydrolase_6	Other α/β hydrolase (CL0028)	True
AF-A0A2D8ZSJ7-F1	-0.22165298099227937	0.2787586010776061	0.28285699876051196	0.154725	Hyphomonadaceae bacterium	Bacteria	Proteobacteria	Alphaproteobacteria	0.198	0.12	2732.0	LppC;Peripla_BP_6	Periplasmic binding protein (CL0144)	True
AF-A0A2D8ZV67-F1	-0.22325130710763885	0.2785371159683561	0.291211264050219	0.151675	Hyphomonadaceae bacterium	Bacteria	Proteobacteria	Alphaproteobacteria	0.1886	0.139	2842.0	LppC;Peripla_BP_6	Periplasmic binding protein (CL0144)	True
AF-A0A2E0QGV4-F1	0.19024061061781322	0.0352988889627167	-0.15711714256365314	0.7961750000000001	Thaumarchaeota archaeon	Archaea	Thaumarchaeota		0.7424	0.296	107.0	DUF900;DUF676;DUF726	DUF900	True
AF-A0A2E0SGR5-F1	0.165618951886889	-0.019139923356456846	-0.09087668681938864	0.524875	Planctomyces sp.	Bacteria	Planctomycetota	Planctomycetia	0.6526	0.155	643.0	DUF900	DUF900	True
AF-A0A2E0X070-F1	0.15995641674340116	-0.022738151407956268	-0.07422671728835273	0.5789249999999999	Planctomycetaceae bacterium	Bacteria	Planctomycetota	Planctomycetia	0.6093	0.14	863.0		No Pfam hit	True
AF-A0A2E1XAN6-F1	0.15604912194596904	-0.09052765603656608	0.15725834755024504	0.368575	Parvularcula sp.	Bacteria	Proteobacteria	Alphaproteobacteria	0.4994	0.162	1573.0	DUF900;OmpA	DUF900	True
AF-A0A2E2BZK7-F1	0.2177570121857926	-0.14288276089819346	0.1283132624404047	0.5429999999999999	Gimesia sp.	Bacteria	Planctomycetota	Planctomycetia	0.6293	0.148	970.0	DUF900	DUF900	True
AF-A0A2E2BZQ2-F1	0.19349854849397125	-0.06395293543089478	-0.07192892561343057	0.6632750000000001	Gimesia sp.	Bacteria	Planctomycetota	Planctomycetia	0.7115	0.19	382.0		No Pfam hit	True
AF-A0A2E3DGF3-F1	0.17617285459311202	-0.024871177409726927	-0.09573458763860469	0.60945	Planctomycetaceae bacterium	Bacteria	Planctomycetota	Planctomycetia	0.6505	0.148	745.0		No Pfam hit	True
AF-A0A2E3FBU4-F1	0.10099433154668494	-0.011283400964929512	-0.023520102206333722	0.489025	Rhodobacteraceae bacterium	Bacteria	Proteobacteria	Alphaproteobacteria	0.497	0.166	1445.0	DUF900;DUF726	DUF900	True
AF-A0A2E3KFS8-F1	0.1830404863112029	0.022322126645872842	-0.18188272611308687	0.768925	Thaumarchaeota archaeon	Archaea	Thaumarchaeota		0.7256	0.264	212.0	DUF900;Cutinase;DUF726	DUF900	True
AF-A0A2E3MVU7-F1	0.18754389874820285	-0.04214984112645622	-0.10962975294235104	0.61675	Planctomycetaceae bacterium	Bacteria	Planctomycetota	Planctomycetia	0.6729	0.158	391.0		No Pfam hit	True
AF-A0A2E3WXC1-F1	0.145827592203704	-0.1038271619525944	0.10694014954667286	0.44335	Bdellovibrionaceae bacterium	Bacteria	Proteobacteria	Oligoflexia	0.548	0.132	1279.0	DUF900	DUF900	True
AF-A0A2E3Z7P4-F1	0.17467540715042307	-0.05004160304982117	-0.07372196004599806	0.563	Planctomycetaceae bacterium	Bacteria	Planctomycetota	Planctomycetia	0.6601	0.161	728.0		No Pfam hit	True
AF-A0A2E4CG63-F1	0.1720264826955275	-0.013618620648592594	-0.09273582316824402	0.548675	Rhodopirellula sp.	Bacteria	Planctomycetota	Planctomycetia	0.6372	0.161	487.0	DUF900	DUF900	True
AF-A0A2E4MB02-F1	0.1843937045168186	-0.035257730558693315	-0.09896583778315428	0.618375	Rhodopirellula sp.	Bacteria	Planctomycetota	Planctomycetia	0.5932	0.172	922.0		No Pfam hit	True
AF-A0A2E6GT55-F1	0.19551561948286486	-0.09919419884494823	0.023860886832868355	0.5174749999999999	Rhodospirillaceae bacterium	Bacteria	Proteobacteria	Alphaproteobacteria	0.5354	0.188	989.0	DUF900	DUF900	True
AF-A0A2E6MYZ8-F1	0.18943002912754386	-0.014147898432605078	-0.10230656108934182	0.60085	Planctomycetaceae bacterium	Bacteria	Planctomycetota	Planctomycetia	0.6309	0.143	621.0		No Pfam hit	True
AF-A0A2E7B2W7-F1	-0.23040694987961555	0.2622476196139919	0.28035942974697553	0.129725	Hyphomonas sp.	Bacteria	Proteobacteria	Alphaproteobacteria	0.1488	0.082	2877.0	LppC;Peripla_BP_6	Periplasmic binding protein (CL0144)	True
AF-A0A2E7EFF3-F1	0.1674740883458846	-0.022493796532040505	-0.10407119775158662	0.63245	Planctomycetaceae bacterium	Bacteria	Planctomycetota	Planctomycetia	0.5919	0.163	619.0		No Pfam hit	True
AF-A0A2E7EJ94-F1	0.18700973644796004	-0.02673322775816989	-0.06268946015267764	0.5540750000000001	Planctomycetaceae bacterium	Bacteria	Planctomycetota	Planctomycetia	0.5629	0.142	1003.0		No Pfam hit	True
AF-A0A2E7L3W5-F1	0.1929933080880198	-0.031309969349801924	-0.09476432044660232	0.5974499999999999	Planctomycetaceae bacterium	Bacteria	Planctomycetota	Planctomycetia	0.6348	0.168	383.0		No Pfam hit	True
AF-A0A2E7TYG4-F1	-0.1933065621471744	0.2789089297790264	0.29465202795509643	0.1307	Gemmatimonadetes bacterium	Bacteria	Gemmatimonadetes		0.1494	0.128	2869.0	Peripla_BP_6	Periplasmic binding protein (CL0144)	True
AF-A0A2E8KN34-F1	0.19261490529555897	-0.021669461649065674	-0.11539786422572129	0.5966	Planctomycetaceae bacterium	Bacteria	Planctomycetota	Planctomycetia	0.6287	0.167	763.0	DUF900	DUF900	True
AF-A0A2E8LA03-F1	-0.22161762854474684	0.17818056377039018	0.15314286871461932	0.1299275	Acidimicrobiaceae bacterium	Bacteria	Actinobacteria	Acidimicrobiia	0.1654	0.116	2879.0	GTP-bdg_N;GTP-bdg_M;MMR_HSR1	P-loop NTPase (CL0023)	True
AF-A0A2E9VQE3-F1	0.17939187295284825	-0.0350499084025464	-0.07900253555446539	0.5802499999999999	Rubinisphaera sp.	Bacteria	Planctomycetota	Planctomycetia	0.6923	0.165	360.0		No Pfam hit	True
AF-A0A2G1LPU7-F1	0.14871100086997846	-0.021342091912187607	-0.22088201697510276	0.503275	Sphingobium sp. IP1	Bacteria	Proteobacteria	Alphaproteobacteria	0.5939	0.083	1390.0		No Pfam hit	True
AF-A0A2G1WCP2-F1	0.16872909590824098	-0.0063830068248416265	-0.12152007527308789	0.572225	Rhodopirellula bahusiensis	Bacteria	Planctomycetota	Planctomycetia	0.6557	0.154	384.0		No Pfam hit	True
AF-A0A2G1WTW3-F1	0.14630532801964583	0.037841330769675406	-0.1479129589987335	0.74105	Halorubrum sp. C191	Archaea	Euryarchaeota	Halobacteria	0.6769	0.257	264.0	DUF900;DUF726	DUF900	True
AF-A0A2G2GNP1-F1	-0.20977361898101674	0.2603958564251068	0.26418153916131726	0.150025	Robiginitomaculum sp.	Bacteria	Proteobacteria	Alphaproteobacteria	0.1841	0.14	2829.0	LppC;Peripla_BP_6	Periplasmic binding protein (CL0144)	True
AF-A0A2G2MY81-F1	0.2399404257733038	-0.10854819600646491	0.06307021866298369	0.622525	Sulfurovum sp.	Bacteria	Proteobacteria	Epsilonproteobacteria	0.6634	0.15	499.0	DUF900	DUF900	True
AF-A0A2G4GXP6-F1	-0.16799086482162248	0.30364851459276504	0.243452855167	0.27435	Planctomycetaceae bacterium	Bacteria	Planctomycetota	Planctomycetia	0.3079	0.102	2439.0	Peripla_BP_6;ANF_receptor;Peripla_BP_5	Periplasmic binding protein (CL0144)	True
AF-A0A2G4IVJ5-F1	0.20400812943047478	-0.03245245379583503	-0.09853836885404448	0.6213	Planctomycetaceae bacterium	Bacteria	Planctomycetota	Planctomycetia	0.6482	0.155	807.0	DUF900;Abhydrolase_6	DUF900	True
AF-A0A2G4JBX9-F1	0.18318907295833226	0.03589554112811669	-0.1696032636456487	0.7969999999999999	Nitrosarchaeum sp.	Archaea	Thaumarchaeota		0.7283	0.269	220.0	DUF900;DUF726	DUF900	True
AF-A0A2G5K656-F1	0.1134214168742898	-0.015244211910291305	-0.03200120988473918	0.481575	Amylibacter kogurei	Bacteria	Proteobacteria	Alphaproteobacteria	0.5126	0.15	1197.0	DUF900	DUF900	True
AF-A0A2G6HST9-F1	0.2128491422203521	-0.08481232881849528	0.03314891203796109	0.6175	Acidobacteria bacterium	Bacteria	Acidobacteria		0.6376	0.181	544.0	DUF900	DUF900	True
AF-A0A2G6HVJ0-F1	-0.05834150477829201	0.08429469637489705	-0.0005997280573705804	0.4279	Acidobacteria bacterium	Bacteria	Acidobacteria		0.4328	0.163	1708.0		No Pfam hit	True
AF-A0A2G6LF79-F1	0.2123317480798116	-0.08956937091586978	0.03349188977888518	0.5937999999999999	Gammaproteobacteria bacterium	Bacteria	Proteobacteria	Gammaproteobacteria	0.601	0.212	449.0	DUF900	DUF900	True
AF-A0A2G6LGV2-F1	0.21477644370243135	-0.09125037587278398	0.02001335899113123	0.591225	Gammaproteobacteria bacterium	Bacteria	Proteobacteria	Gammaproteobacteria	0.6068	0.203	387.0	DUF900	DUF900	True
AF-A0A2G6Q267-F1	0.2113566696228371	-0.09129208905698522	0.029973905933161623	0.61665	Acidobacteria bacterium	Bacteria	Acidobacteria		0.6433	0.181	479.0	DUF900	DUF900	True
AF-A0A2G9C7B9-F1	0.13549697264753768	-0.03029586411074063	-0.031107733909550725	0.4863	Mitsuaria chitinivorans	Bacteria	Proteobacteria	Betaproteobacteria	0.5464	0.158	974.0	DUF900	DUF900	True
AF-A0A2G9MUG9-F1	0.17375901681366127	0.03286717796102443	-0.16949817290676913	0.806425	Nitrosopumilales archaeon CG11_big_fil_rev_8_21_14_0_20_33_24	Archaea	Thaumarchaeota		0.7407	0.268	167.0	DUF900;DUF726;LCAT	DUF900	True
AF-A0A2G9YRV8-F1	-0.14459698406693114	0.19675990243728875	0.0721373685066	0.28990000000000005	Candidatus Nealsonbacteria bacterium CG23_combo_of_CG06-09_8_20_14_all_39_25	Bacteria	Candidatus Nealsonbacteria		0.3046	0.127	2311.0		No Pfam hit	True
AF-A0A2H0FIH6-F1	-0.12563273307010517	0.20141818123021626	0.09727591736020631	0.297825	Candidatus Nealsonbacteria bacterium CG18_big_fil_WC_8_21_14_2_50_37_10	Bacteria	Candidatus Nealsonbacteria		0.2775	0.13	2249.0		No Pfam hit	True
AF-A0A2H0MPM9-F1	-0.12661855920190354	0.21548918728625002	0.07587156616738354	0.282575	Candidatus Nealsonbacteria bacterium CG11_big_fil_rev_8_21_14_0_20_39_9	Bacteria	Candidatus Nealsonbacteria		0.2239	0.13	2494.0		No Pfam hit	True
AF-A0A2H1VMC9-F1	-0.524405569625897	-0.23335891305956133	-0.03707076155130483	0.133945	Spodoptera frugiperda	Eukaryota	Arthropoda	Insecta	0.198	0.131	2481.0	Peptidase_S10	Other α/β hydrolase (CL0028)	True
AF-A0A2H1WQ98-F1	-0.5042772866207246	-0.20986135073976464	-0.039244386521802656	0.19915	Spodoptera frugiperda	Eukaryota	Arthropoda	Insecta	0.201	0.164	2450.0	Peptidase_S10	Other α/β hydrolase (CL0028)	True
AF-A0A2H3FKC5-F1	-0.15538141223639343	0.13152654101953315	-0.1265523899202057	0.28435	Fusarium oxysporum f. sp. radicis-cucumerinum	Eukaryota	Ascomycota	Sordariomycetes	0.454	0.138	1839.0	NB-ARC;TPR_10;TPR_12;TPR_4;TPR_8;TPR_5	P-loop NTPase (CL0023)	True
AF-A0A2H4S885-F1	-0.12557866017766936	0.1310537679855155	-0.14225957032834677	0.38465000000000005	Cordyceps militaris	Eukaryota	Ascomycota	Sordariomycetes	0.4697	0.126	1778.0	Abhydrolase_6	Other α/β hydrolase (CL0028)	True
AF-A0A2H5A2J4-F1	0.1672753499717935	0.007112610283669223	-0.15607996837592247	0.7948	Haloarcula taiwanensis	Archaea	Euryarchaeota	Halobacteria	0.782	0.316	78.0	DUF900;DUF726	DUF900	True
AF-A0A2H5ATT4-F1	0.13920325644825296	-0.02556197236791472	-0.18964481808405984	0.470075	Kitasatospora sp. MMS16-BH015	Bacteria	Actinobacteria	Actinomycetia	0.5523	0.123	1495.0		No Pfam hit	True
AF-A0A2H6FZJ0-F1	0.14873051044755795	-0.20637748638721615	0.20581285334473254	0.4566	bacterium BMS3Abin11	Bacteria			0.5097	0.143	1741.0	DUF900	DUF900	True
AF-A0A2H9R9P5-F1	0.1692158284688322	0.037764662200514616	-0.17798373150419494	0.80135	Nitrosopumilales archaeon CG_4_9_14_0_8_um_filter_34_10	Archaea	Thaumarchaeota		0.7436	0.261	160.0	DUF900;DUF726;LCAT	DUF900	True
AF-A0A2H9RQQ8-F1	0.16962505142674736	0.04316746713610368	-0.17536436155630525	0.79455	Nitrosopumilales archaeon CG_4_9_14_0_2_um_filter_34_16	Archaea	Thaumarchaeota		0.7078	0.25	179.0	DUF900;DUF726	DUF900	True
AF-A0A2I3T9R6-F1	-0.1938012991073004	0.1017407472464594	-0.08452164399872855	0.290775	Pan troglodytes	Eukaryota	Chordata	Mammalia	0.3644	0.112	2244.0		No Pfam hit	True
AF-A0A2J6PK36-F1	-0.16797628125118988	0.09360900120841974	-0.12063317112232622	0.329825	Hyaloscypha hepaticicola	Eukaryota	Ascomycota	Leotiomycetes	0.3777	0.131	2181.0	DUF676	DUF676	True
AF-A0A2J6PNZ6-F1	-0.17880834567576076	0.10548246556719026	-0.09061126345316299	0.28475	Hyaloscypha hepaticicola	Eukaryota	Ascomycota	Leotiomycetes	0.4291	0.114	2147.0	NPHP3_N;DUF7791	P-loop NTPase (CL0023)	True
AF-A0A2J6PUN1-F1	-0.1647441978258272	0.1327090031870313	-0.12869341922885502	0.29100000000000004	Hyaloscypha hepaticicola	Eukaryota	Ascomycota	Leotiomycetes	0.4095	0.127	2350.0	DUF676;NB-ARC;TPR_12;TPR_10	DUF676	True
AF-A0A2J6RL35-F1	-0.16595720490625174	0.11787850683856764	-0.12823691645184684	0.393525	Hyaloscypha variabilis F	Eukaryota	Ascomycota	Leotiomycetes	0.4136	0.138	2045.0	DUF676	DUF676	True
AF-A0A2J6SZ79-F1	-0.14199882367753047	0.11466861293640386	-0.11306433044459577	0.2944	Hyaloscypha bicolor E	Eukaryota	Ascomycota	Leotiomycetes	0.4875	0.101	2038.0	DUF7779	Other Pfam	True
AF-A0A2J6T3F7-F1	-0.1502154835431667	0.14544868698591537	-0.1212358729727769	0.405175	Hyaloscypha bicolor E	Eukaryota	Ascomycota	Leotiomycetes	0.4446	0.138	1895.0	DUF676	DUF676	True
AF-A0A2J7TF36-F1	0.1905681409328973	-0.10765404015920362	0.15612005952814004	0.523675	Methylocella silvestris	Bacteria	Proteobacteria	Alphaproteobacteria	0.5598	0.173	1108.0	DUF900;Abhydrolase_6	DUF900	True
AF-A0A2K0WF70-F1	-0.14580893089251226	0.109570531762362	-0.059499153052125345	0.311075	Fusarium nygamai	Eukaryota	Ascomycota	Sordariomycetes	0.4629	0.114	2148.0	DEAD;Helicase_C	P-loop NTPase (CL0023)	True
AF-A0A2K5R768-F1	-0.18864552294577777	0.11527908613306662	-0.07031510673080885	0.259525	Cebus imitator	Eukaryota	Chordata	Mammalia	0.3409	0.114	2433.0		No Pfam hit	True
AF-A0A2K5R796-F1	-0.19704396400109356	0.09686300671920406	-0.04601562650402232	0.26765	Cebus imitator	Eukaryota	Chordata	Mammalia	0.3567	0.123	2310.0		No Pfam hit	True
AF-A0A2L0EUY9-F1	-0.12545614618088063	0.21744149183112044	0.14705644713626626	0.1463	Sorangium cellulosum	Bacteria	Proteobacteria	Deltaproteobacteria	0.16	0.077	2821.0		No Pfam hit	True
AF-A0A2L2L8A1-F1	0.1946149336155001	-0.11077120203630704	0.151991375120592	0.512225	Agrobacterium tumefaciens	Bacteria	Proteobacteria	Alphaproteobacteria	0.5802	0.169	1029.0	DUF900;Abhydrolase_6	DUF900	True
AF-A0A2M7D754-F1	-0.1278417882218467	0.21179002633219926	0.08171750193975379	0.257475	Candidatus Nealsonbacteria bacterium CG02_land_8_20_14_3_00_40_11	Bacteria	Candidatus Nealsonbacteria		0.2345	0.129	2336.0		No Pfam hit	True
AF-A0A2M7D9I8-F1	-0.12465481216803569	0.2108684857913609	0.07781930430086223	0.30205	Candidatus Nealsonbacteria bacterium CG02_land_8_20_14_3_00_37_10	Bacteria	Candidatus Nealsonbacteria		0.2607	0.147	2191.0		No Pfam hit	True
AF-A0A2M7EBI2-F1	-0.13924925163860485	0.19512422766065882	0.0903496805099564	0.266125	Candidatus Nealsonbacteria bacterium CG01_land_8_20_14_3_00_12	Bacteria	Candidatus Nealsonbacteria		0.2544	0.122	2272.0		No Pfam hit	True
AF-A0A2M7GKS5-F1	0.16540346207181336	-0.17860412896108982	0.19613539706929464	0.5059	Rhodobacterales bacterium CG15_BIG_FIL_POST_REV_8_21_14_020_59_13	Bacteria	Proteobacteria	Alphaproteobacteria	0.5661	0.125	1100.0	DUF900	DUF900	True
AF-A0A2M7H1X7-F1	-0.14410464123640557	0.1772216975021348	0.09552176714270641	0.261625	Candidatus Nealsonbacteria bacterium CG15_BIG_FIL_POST_REV_8_21_14_020_37_12	Bacteria	Candidatus Nealsonbacteria		0.2558	0.132	2271.0		No Pfam hit	True
AF-A0A2M7MFD8-F1	-0.13934438139858216	0.19899648652869972	0.06771326467669767	0.239325	Candidatus Nealsonbacteria bacterium CG_4_10_14_3_um_filter_36_16	Bacteria	Candidatus Nealsonbacteria		0.2513	0.129	2295.0		No Pfam hit	True
AF-A0A2M7UU45-F1	-0.12948358829959558	0.20445707645695585	0.09028288893609629	0.266625	Candidatus Nealsonbacteria bacterium CG_4_10_14_0_2_um_filter_40_15	Bacteria	Candidatus Nealsonbacteria		0.2521	0.13	2250.0		No Pfam hit	True
AF-A0A2M7UVE6-F1	-0.12842117643112846	0.20262691978105	0.06750055793611871	0.29905	Candidatus Nealsonbacteria bacterium CG_4_10_14_0_2_um_filter_39_15	Bacteria	Candidatus Nealsonbacteria		0.266	0.12	2251.0		No Pfam hit	True
AF-A0A2M8C7N2-F1	-0.048462240436234476	0.08127539754786103	-0.03141513050282169	0.42957500000000004	Bacteroidetes bacterium CG_4_9_14_3_um_filter_41_19	Bacteria	Bacteroidota		0.4525	0.137	1747.0		No Pfam hit	True
AF-A0A2M8DL07-F1	-0.1428362726976024	0.1892248293760267	0.08018941216847979	0.240025	Candidatus Nealsonbacteria bacterium CG_4_9_14_0_8_um_filter_36_17	Bacteria	Candidatus Nealsonbacteria		0.2335	0.149	2266.0		No Pfam hit	True
AF-A0A2M8G7U1-F1	-0.14345223079054018	0.19997798256104152	0.077509054838702	0.27454999999999996	candidate division WWE3 bacterium CG_4_8_14_3_um_filter_42_11	Bacteria	candidate division WWE3		0.2507	0.119	2303.0		No Pfam hit	True
AF-A0A2M8WS84-F1	-0.05075081167114681	0.24954221755393405	0.049550212986336155	0.428775	Luteimicrobium subarcticum	Bacteria	Actinobacteria	Actinomycetia	0.433	0.145	1733.0	Cutinase	Other α/β hydrolase (CL0028)	True
AF-A0A2N0V8A5-F1	0.21915298917773612	-0.10100438229699281	0.060044582788376606	0.5379	Methylomonas sp. Kb3	Bacteria	Proteobacteria	Gammaproteobacteria	0.5625	0.197	541.0	DUF900	DUF900	True
AF-A0A2N1A2K6-F1	0.20314322662353096	-0.13634201704371876	0.054222947718125684	0.6301	Psychromonas sp. Urea-02u-13	Bacteria	Proteobacteria	Gammaproteobacteria	0.6597	0.141	683.0	DUF900	DUF900	True
AF-A0A2N1C3G7-F1	0.10629169044093303	0.01418236162724716	-0.038155446189259354	0.42725	Colwellia sp. 75C3	Bacteria	Proteobacteria	Gammaproteobacteria	0.4736	0.166	1584.0		No Pfam hit	True
AF-A0A2N2JJH8-F1	-0.21644216692634466	0.22516889785159525	0.2419494165704517	0.1476	Deltaproteobacteria bacterium HGW-Deltaproteobacteria-14	Bacteria	Proteobacteria	Deltaproteobacteria	0.1873	0.108	2838.0	Peripla_BP_1;Peripla_BP_4	Periplasmic binding protein (CL0144)	True
AF-A0A2N3CAE4-F1	-0.22826129878858753	0.2706144300310447	0.2907249337259449	0.1532	Alphaproteobacteria bacterium HGW-Alphaproteobacteria-18	Bacteria	Proteobacteria	Alphaproteobacteria	0.1733	0.104	2876.0	Peripla_BP_6	Periplasmic binding protein (CL0144)	True
AF-A0A2N3CN00-F1	0.11985330474151867	-0.03235998733055058	-0.021678213671347302	0.548925	Alphaproteobacteria bacterium HGW-Alphaproteobacteria-2	Bacteria	Proteobacteria	Alphaproteobacteria	0.5735	0.149	1303.0		No Pfam hit	True
AF-A0A2N5GK85-F1	-0.18289209000457482	0.1579803227142086	0.10262470364871193	0.16344999999999998	Bacillus canaveralius	Bacteria	Firmicutes	Bacilli	0.1833	0.061	2639.0	SBD_N;NBD_C	Other Pfam	True
AF-A0A2N6CAA8-F1	0.1586379528278257	-0.21114108135639045	0.21378712669946554	0.4447	Desulfobulbaceae bacterium	Bacteria	Proteobacteria	Deltaproteobacteria	0.4809	0.135	1507.0	DUF900	DUF900	True
AF-A0A2N6EY70-F1	0.20317178157461452	-0.1352366155331799	0.11191532369217054	0.53445	Desulfuromonas sp.	Bacteria	Proteobacteria	Deltaproteobacteria	0.6013	0.149	947.0	DUF900;Lipase_2	DUF900	True
AF-A0A2N6J3L3-F1	-0.17453769196418614	0.292562126622355	0.28122032128648733	0.19695000000000001	Herbaspirillum sp. BH-1	Bacteria	Proteobacteria	Betaproteobacteria	0.239	0.141	2794.0	Peripla_BP_6;ANF_receptor	Periplasmic binding protein (CL0144)	True
AF-A0A2N6N8S4-F1	-0.20834771064599386	0.1180782863524584	-0.006249943782377537	0.32965	Beauveria bassiana	Eukaryota	Ascomycota	Sordariomycetes	0.3091	0.176	2328.0	DUF676;LCAT	DUF676	True
AF-A0A2N6T060-F1	-0.05778736170180211	0.0640251956406728	0.011849216891939122	0.3972	Corynebacterium xerosis	Bacteria	Actinobacteria	Actinomycetia	0.4444	0.139	1739.0	Abhydrolase_8	Other α/β hydrolase (CL0028)	True
AF-A0A2P4NW45-F1	0.18669316677764025	0.03186210108381999	-0.17740907494962005	0.936	Haloferax marisrubri	Archaea	Euryarchaeota	Halobacteria	0.9359	0.72	8.0		No Pfam hit	True
AF-A0A2P5P5T7-F1	-0.12450629001311363	0.1834352840114779	0.08912610467611488	0.2773	Candidatus Dehalogenimonas etheniformans	Bacteria	Chloroflexi	Dehalococcoidia	0.2767	0.136	2222.0		No Pfam hit	True
AF-A0A2P7B3W3-F1	0.15219157945242343	-0.1872262420377834	0.2009445658695406	0.46645	Phyllobacterium sophorae	Bacteria	Proteobacteria	Alphaproteobacteria	0.6065	0.147	1338.0	DUF900	DUF900	True
AF-A0A2P7B960-F1	0.16508110147330002	-0.17106634238183657	0.1910846653807091	0.490925	Phyllobacterium brassicacearum	Bacteria	Proteobacteria	Alphaproteobacteria	0.5666	0.133	1369.0	DUF900	DUF900	True
AF-A0A2P7BI77-F1	0.17636662435260436	-0.1556121645194907	0.19089095858347946	0.49942499999999995	Phyllobacterium sophorae	Bacteria	Proteobacteria	Alphaproteobacteria	0.59	0.139	1372.0	DUF900;Abhydrolase_1	DUF900	True
AF-A0A2P8F6M8-F1	0.18496964004095084	-0.15383885609973172	0.21915726336464725	0.44865	Shimia abyssi	Bacteria	Proteobacteria	Alphaproteobacteria	0.5261	0.183	1549.0	DUF900	DUF900	True
AF-A0A2P8WKD6-F1	0.1551439585310083	0.014929490845565397	-0.06424160958928649	0.5245249999999999	filamentous cyanobacterium CCP5	Bacteria	Cyanobacteria		0.564	0.162	990.0	DUF900;Tle3	DUF900	True
AF-A0A2P9HK92-F1	0.2031483945465866	-0.09394914516168872	0.14944094390157509	0.5339750000000001	[Ochrobactrum] soli	Bacteria	Proteobacteria	Alphaproteobacteria	0.6175	0.154	1079.0	DUF900;Abhydrolase_6	DUF900	True
AF-A0A2R6DI01-F1	-0.19884302786082617	0.29383977082425966	0.2833874237249007	0.2343	Halobacteriales archaeon QH_2_66_30	Archaea	Euryarchaeota	Halobacteria	0.2672	0.131	2700.0	Peripla_BP_6;Peripla_BP_5;ANF_receptor	Periplasmic binding protein (CL0144)	True
AF-A0A2R6GJ55-F1	0.15977782351409794	0.017230307297058062	-0.16711118451906543	0.75195	Halobacteriales archaeon QS_1_68_20	Archaea	Euryarchaeota	Halobacteria	0.7547	0.362	108.0	DUF900;DUF726	DUF900	True
AF-A0A2R6JQA9-F1	0.15149524187603355	0.017821041755732348	-0.17900827127292016	0.768875	Halobacteriales archaeon QS_8_69_26	Archaea	Euryarchaeota	Halobacteria	0.807	0.323	56.0	DUF726	DUF726	True
AF-A0A2R6KDZ0-F1	0.1768389731784123	0.036149165497737355	-0.17893686930557304	0.81105	Halobacteriales archaeon QS_9_68_17	Archaea	Euryarchaeota	Halobacteria	0.7976	0.346	81.0	DUF900	DUF900	True
AF-A0A2R6L4T8-F1	-0.18813920368390916	0.2974543436413017	0.27627964344118455	0.2392	Halobacteriales archaeon SW_10_66_29	Archaea	Euryarchaeota	Halobacteria	0.1642	0.164	2795.0	Peripla_BP_6;Peripla_BP_5;ANF_receptor	Periplasmic binding protein (CL0144)	True
AF-A0A2R6XDJ8-F1	-0.5339338334074745	-0.213051001373351	-0.057752793760111866	0.16665	Marchantia polymorpha	Eukaryota	Streptophyta	Marchantiopsida	0.1975	0.122	2575.0	Peptidase_S10	Other α/β hydrolase (CL0028)	True
AF-A0A2S0I7D0-F1	0.14972726157426774	-0.19104720685072532	0.23205636553249148	0.38839999999999997	Achromobacter spanius	Bacteria	Proteobacteria	Betaproteobacteria	0.4568	0.131	1511.0	DUF900	DUF900	True
AF-A0A2S0KJU0-F1	-0.055056622321299924	0.20428452020316748	0.051299740178336	0.417625	Gordonia iterans	Bacteria	Actinobacteria	Actinomycetia	0.3946	0.112	1770.0	Cutinase	Other α/β hydrolase (CL0028)	True
AF-A0A2S0M102-F1	-0.14198069454393214	0.17090788715783506	0.041776970484320455	0.19868	Dietzia sp. oral taxon 368	Bacteria	Actinobacteria	Actinomycetia	0.3092	0.149	2288.0	Cutinase	Other α/β hydrolase (CL0028)	True
AF-A0A2S0WQ40-F1	-0.0421931447243276	0.25034579957062253	0.022401301354418254	0.39102499999999996	Aeromicrobium chenweiae	Bacteria	Actinobacteria	Actinomycetia	0.3555	0.177	1777.0	Cutinase	Other α/β hydrolase (CL0028)	True
AF-A0A2S2KSG3-F1	0.1812204727863832	0.040549940908662686	-0.1844092936932891	0.80535	Nitrosopumilus zosterae	Archaea	Thaumarchaeota		0.7476	0.269	132.0	DUF900;DUF726	DUF900	True
AF-A0A2S4LC93-F1	0.1456773818263487	-0.025337313128286736	-0.23350719171378923	0.51105	Methylobacterium sp. V23	Bacteria	Proteobacteria	Alphaproteobacteria	0.615	0.095	1049.0		No Pfam hit	True
AF-A0A2S5MZG2-F1	0.18744009839979545	-0.1451153496728938	0.1529811751319417	0.5668500000000001	Hyphomicrobium sp.	Bacteria	Proteobacteria	Alphaproteobacteria	0.6251	0.124	1161.0	DUF900;Abhydrolase_6	DUF900	True
AF-A0A2S6N1A5-F1	0.15087794294488163	-0.09001448792399962	0.1011453220297146	0.417725	Rhodoblastus sphagnicola	Bacteria	Proteobacteria	Alphaproteobacteria	0.5756	0.155	1030.0	DctP;DUF900	DUF900	True
AF-A0A2S7IYI1-F1	0.1959852754052731	-0.10642636244494222	0.14219597471539028	0.5273	Brucella oryzae	Bacteria	Proteobacteria	Alphaproteobacteria	0.582	0.163	911.0	DUF900;Abhydrolase_6	DUF900	True
AF-A0A2S7X477-F1	0.1890999176769794	-0.07239996242935609	0.029038311979603507	0.5191	Aliivibrio sifiae	Bacteria	Proteobacteria	Gammaproteobacteria	0.5575	0.161	715.0	DUF900	DUF900	True
AF-A0A2S7X6E2-F1	0.20418246729711292	-0.07692365441022275	0.03977052323621107	0.5318499999999999	Aliivibrio sifiae	Bacteria	Proteobacteria	Gammaproteobacteria	0.5777	0.153	416.0	DUF900	DUF900	True
AF-A0A2S7YIP7-F1	-0.20451129530460202	0.13525816319579462	-0.04676236716670929	0.36824999999999997	Beauveria bassiana	Eukaryota	Ascomycota	Sordariomycetes	0.3602	0.131	2236.0	DUF676	DUF676	True
AF-A0A2S8BF03-F1	0.1632213236974235	-0.024665518652043122	-0.18474827352187906	0.45785	Mycobacterium talmoniae	Bacteria	Actinobacteria	Actinomycetia	0.4618	0.119	1604.0		No Pfam hit	True
AF-A0A2S8F651-F1	0.19434800777979164	-0.024794754349871353	-0.10309876902159093	0.576525	Blastopirellula marina	Bacteria	Planctomycetota	Planctomycetia	0.6179	0.145	804.0		No Pfam hit	True
AF-A0A2S8FBY3-F1	0.15476844410237572	-0.008894468525895649	-0.10766315886472341	0.5923499999999999	Blastopirellula marina	Bacteria	Planctomycetota	Planctomycetia	0.5791	0.165	634.0		No Pfam hit	True
AF-A0A2S8G213-F1	0.1860773721728848	-0.026007963117182595	-0.10891712533303424	0.6249	Blastopirellula marina	Bacteria	Planctomycetota	Planctomycetia	0.6491	0.156	717.0		No Pfam hit	True
AF-A0A2S8GD85-F1	0.1929787337250822	-0.021037686316828053	-0.09857943951757987	0.6115999999999999	Blastopirellula marina	Bacteria	Planctomycetota	Planctomycetia	0.6412	0.151	565.0		No Pfam hit	True
AF-A0A2T0JW97-F1	-0.013742046792470042	0.12115326507242523	-0.04612078594661541	0.4174	Actinoplanes italicus	Bacteria	Actinobacteria	Actinomycetia	0.4691	0.151	1636.0	Abhydrolase_8	Other α/β hydrolase (CL0028)	True
AF-A0A2T0LTM5-F1	-0.020777356950844594	0.09475743413354516	-0.06661269908138018	0.44015000000000004	Prauserella shujinwangii	Bacteria	Actinobacteria	Actinomycetia	0.459	0.178	1714.0	Abhydrolase_8	Other α/β hydrolase (CL0028)	True
AF-A0A2T1DH91-F1	0.22632256142590784	-0.16576463258315083	0.07516691217933805	0.55495	filamentous cyanobacterium CCP2	Bacteria	Cyanobacteria		0.5851	0.146	800.0	DUF900	DUF900	True
AF-A0A2T3EK49-F1	0.19553663736429674	-0.09498183204985541	0.14685499502039892	0.502575	Rhizobium sp. JAB6	Bacteria	Proteobacteria	Alphaproteobacteria	0.5647	0.152	1000.0	DUF900;Abhydrolase_6	DUF900	True
AF-A0A2T3GV71-F1	0.20614887916989993	-0.10592713501179807	0.16954573000663878	0.5161	Rhizobium sp. SEMIA4064	Bacteria	Proteobacteria	Alphaproteobacteria	0.57	0.165	914.0	DUF900;Abhydrolase_6	DUF900	True
AF-A0A2T4B1H7-F1	-0.1337845814764871	0.1413630587258176	-0.11269935162135972	0.290175	Trichoderma citrinoviride	Eukaryota	Ascomycota	Sordariomycetes	0.3824	0.122	2037.0	NPHP3_N	P-loop NTPase (CL0023)	True
AF-A0A2T4ULF7-F1	-0.06217214512825193	0.22354053847268748	0.06783582556924349	0.399675	Paraconexibacter algicola	Bacteria	Actinobacteria	Thermoleophilia	0.3508	0.156	1894.0	Cutinase	Other α/β hydrolase (CL0028)	True
AF-A0A2T4Y3Y0-F1	0.20850132977521005	-0.0821070696168707	0.04908674130760663	0.5570999999999999	Enterobacter cloacae	Bacteria	Proteobacteria	Gammaproteobacteria	0.539	0.156	646.0	DUF900	DUF900	True
AF-A0A2T6LF32-F1	-0.017946589347188194	0.05325230527169289	0.023719660362933447	0.34585	Promicromonospora sp. AC04	Bacteria	Actinobacteria	Actinomycetia	0.442	0.139	1785.0	Abhydrolase_8	Other α/β hydrolase (CL0028)	True
AF-A0A2T7MBV5-F1	-0.16804540299359438	0.2992509599055916	0.2784012850396009	0.1536325	Streptomyces sp. CS014	Bacteria	Actinobacteria	Actinomycetia	0.1893	0.116	2816.0	Pkinase;PK_Tyr_Ser-Thr;Peripla_BP_6;ANF_receptor	Periplasmic binding protein (CL0144)	True
AF-A0A2U1WGZ1-F1	0.22572379784305308	-0.1513063739259117	0.11111669732116894	0.589325	Azospirillum sp. TSA6c	Bacteria	Proteobacteria	Alphaproteobacteria	0.6005	0.125	931.0	DUF900	DUF900	True
AF-A0A2U2AEV8-F1	-0.32137580673991334	0.0027455576307042215	0.016841043039854484	0.2217	Ignatzschineria ureiclastica	Bacteria	Proteobacteria	Gammaproteobacteria	0.2576	0.136	2256.0	Abhydrolase_6;Peptidase_S9	Other α/β hydrolase (CL0028)	True
AF-A0A2U2CPB5-F1	0.1365773967354911	-0.02655294711009434	-0.03952353844109409	0.5658000000000001	Maritimibacter sp. 55A14	Bacteria	Proteobacteria	Alphaproteobacteria	0.5411	0.16	1359.0	DUF900	DUF900	True
AF-A0A2U2DRJ6-F1	0.20405667264177418	-0.09084199521686472	0.16201710273660488	0.502775	Rhizobium album	Bacteria	Proteobacteria	Alphaproteobacteria	0.58	0.161	1062.0	DUF900;Abhydrolase_6	DUF900	True
AF-A0A2U9AYH3-F1	-0.5226078666507222	-0.26191606589159455	-0.029780345335479186	0.15425	Scophthalmus maximus	Eukaryota	Chordata	Actinopteri	0.2377	0.108	2673.0	Peptidase_S10	Other α/β hydrolase (CL0028)	True
AF-A0A2V2LDX5-F1	0.2105521701774842	-0.10391484758272138	0.02957815266336303	0.6227499999999999	Meridianimarinicoccus roseus	Bacteria	Proteobacteria	Alphaproteobacteria	0.6149	0.179	615.0	DUF900	DUF900	True
AF-A0A2V3I8A3-F1	0.1860636719256307	0.037781593001933726	-0.17513726121074044	0.7897	Thaumarchaeota archaeon	Archaea	Thaumarchaeota		0.7223	0.263	175.0	DUF900;DUF676;Cutinase;DUF726	DUF900	True
AF-A0A2V3IAA3-F1	0.18901946695359476	0.038437265879941646	-0.1676863912424053	0.7831	Thaumarchaeota archaeon	Archaea	Thaumarchaeota		0.745	0.276	124.0	DUF900;DUF726;Cutinase	DUF900	True
AF-A0A2V3U3G9-F1	0.1741508575978035	-0.06196818144607688	0.09727542852217035	0.56455	Chelatococcus asaccharovorans	Bacteria	Proteobacteria	Alphaproteobacteria	0.607	0.143	1113.0	DUF900	DUF900	True
AF-A0A2V4N4H3-F1	0.11563260269021801	0.013348803134536529	-0.03918652647962331	0.5539000000000001	Litorivita pollutaquae	Bacteria	Proteobacteria	Alphaproteobacteria	0.542	0.171	1041.0	DUF900;DUF726	DUF900	True
AF-A0A2V5JPF2-F1	0.2007450022100141	-0.11934755346399914	0.005842451755563765	0.568925	Verrucomicrobia bacterium	Bacteria	Verrucomicrobia		0.6001	0.179	609.0	DUF900;Abhydrolase_6	DUF900	True
AF-A0A2V5JQM6-F1	0.19554611922613338	-0.12124907699979062	0.006987770510882551	0.5649	Verrucomicrobia bacterium	Bacteria	Verrucomicrobia		0.5461	0.208	444.0	DUF900;Abhydrolase_6	DUF900	True
AF-A0A2V5LWL9-F1	0.2225812973981151	-0.1207344540547525	0.0053816013983581205	0.5256	Verrucomicrobia bacterium	Bacteria	Verrucomicrobia		0.5575	0.155	805.0	DUF900	DUF900	True
AF-A0A2V5ND89-F1	0.1408624401066777	0.0350617253780733	-0.13780945493767482	0.617575	Verrucomicrobia bacterium	Bacteria	Verrucomicrobia		0.602	0.195	731.0	DUF900	DUF900	True
AF-A0A2V5NQG3-F1	0.15686219679920124	-0.06406243101863944	-0.034484022348892265	0.57335	Verrucomicrobia bacterium	Bacteria	Verrucomicrobia		0.5497	0.183	667.0	DUF900	DUF900	True
AF-A0A2V5PCJ8-F1	0.14816935272053405	-0.07632771495397865	-0.021380557121330985	0.56875	Verrucomicrobia bacterium	Bacteria	Verrucomicrobia		0.5663	0.19	635.0	DUF900;Abhydrolase_6	DUF900	True
AF-A0A2V5Q210-F1	0.21425299032143166	-0.12301760039024834	0.008800937496568571	0.5573	Verrucomicrobia bacterium	Bacteria	Verrucomicrobia		0.5987	0.149	691.0	DUF900	DUF900	True
AF-A0A2V5QN23-F1	0.18954122301664778	-0.1256603141333655	0.018387098748176792	0.5448	Verrucomicrobia bacterium	Bacteria	Verrucomicrobia		0.5824	0.179	679.0	DUF900	DUF900	True
AF-A0A2V5QTS3-F1	0.19763427845426296	-0.12207999385767952	0.0017817881065760278	0.543825	Verrucomicrobia bacterium	Bacteria	Verrucomicrobia		0.5358	0.2	648.0	DUF900;Abhydrolase_6	DUF900	True
AF-A0A2V5R8Q4-F1	0.1372255701292303	-0.10072511703186224	0.08801577563253961	0.54355	Verrucomicrobia bacterium	Bacteria	Verrucomicrobia		0.5257	0.146	878.0	DUF900;Ser_hydrolase	DUF900	True
AF-A0A2V5RSE5-F1	0.1900867677267804	-0.1270613827200469	0.011892796552739584	0.5479499999999999	Verrucomicrobia bacterium	Bacteria	Verrucomicrobia		0.546	0.186	610.0	DUF900;Abhydrolase_6	DUF900	True
AF-A0A2V5RTF6-F1	0.1779128488653082	-0.10107444957807568	-0.008436730698192648	0.53845	Verrucomicrobia bacterium	Bacteria	Verrucomicrobia		0.5793	0.157	822.0	DUF900	DUF900	True
AF-A0A2V5SU68-F1	0.16383319685163494	-0.10958853042453946	-0.01859632181109409	0.5429250000000001	Verrucomicrobia bacterium	Bacteria	Verrucomicrobia		0.5671	0.167	879.0	DUF900	DUF900	True
AF-A0A2V5TJ71-F1	0.18135993459267366	-0.10609854094907226	-0.010736316699880333	0.53695	Verrucomicrobia bacterium	Bacteria	Verrucomicrobia		0.5653	0.164	796.0	DUF900	DUF900	True
AF-A0A2V5UL56-F1	0.19562880435099428	-0.13142135458104895	0.0018678115920232226	0.576875	Verrucomicrobia bacterium	Bacteria	Verrucomicrobia		0.603	0.171	672.0	DUF900;Abhydrolase_6	DUF900	True
AF-A0A2V5V0F6-F1	0.18157095451352792	-0.15234512286172913	0.12524531196764985	0.5815	Verrucomicrobia bacterium	Bacteria	Verrucomicrobia		0.6093	0.14	960.0	DUF900;Ser_hydrolase	DUF900	True
AF-A0A2V5VA59-F1	0.1706880975192214	-0.1330106120817293	-0.012161286680489568	0.551025	Verrucomicrobia bacterium	Bacteria	Verrucomicrobia		0.5278	0.2	529.0	DUF900;Abhydrolase_6	DUF900	True
AF-A0A2V5VQU2-F1	0.20623163324492244	-0.14159265889543993	0.030423338601021952	0.538625	Verrucomicrobia bacterium	Bacteria	Verrucomicrobia		0.5653	0.18	484.0	DUF900;Abhydrolase_6	DUF900	True
AF-A0A2V5WDJ1-F1	0.2047859011261879	-0.12703803792080803	0.007230807623939542	0.548325	Verrucomicrobia bacterium	Bacteria	Verrucomicrobia		0.5701	0.186	491.0	DUF900;Abhydrolase_6	DUF900	True
AF-A0A2V5XMQ7-F1	0.19217708249027227	-0.13553908863394043	0.02062537309497452	0.531575	Verrucomicrobia bacterium	Bacteria	Verrucomicrobia		0.536	0.19	746.0	DUF900	DUF900	True
AF-A0A2V5Y4D5-F1	0.1939937571763735	-0.13202494299682288	0.019814232370173757	0.5386	Verrucomicrobia bacterium	Bacteria	Verrucomicrobia		0.5507	0.206	556.0	DUF900;Abhydrolase_6	DUF900	True
AF-A0A2V5Y9G6-F1	0.19457755478855857	-0.11764338022141861	0.010713486276547248	0.5731	Verrucomicrobia bacterium	Bacteria	Verrucomicrobia		0.556	0.212	480.0	DUF900;Abhydrolase_6	DUF900	True
AF-A0A2V5ZBL9-F1	0.19256023280765303	-0.13768203294020126	0.017961742210813425	0.525525	Verrucomicrobia bacterium	Bacteria	Verrucomicrobia		0.5545	0.175	590.0	DUF900;Abhydrolase_6	DUF900	True
AF-A0A2V6B6C3-F1	0.19750987829771247	-0.12023673660365469	0.005677991048533006	0.557075	Verrucomicrobia bacterium	Bacteria	Verrucomicrobia		0.5643	0.171	603.0	DUF900;Abhydrolase_6	DUF900	True
AF-A0A2V6BU67-F1	0.19149745378105157	-0.11072573902342413	0.030375392399193724	0.5070250000000001	Verrucomicrobia bacterium	Bacteria	Verrucomicrobia		0.5445	0.205	591.0	DUF900	DUF900	True
AF-A0A2V6C8L4-F1	0.14531465351015188	-0.08351706626612997	-0.005856275470057424	0.570325	Verrucomicrobia bacterium	Bacteria	Verrucomicrobia		0.566	0.196	584.0	DUF900;Abhydrolase_6	DUF900	True
AF-A0A2V6G430-F1	0.19797782941493214	-0.12245620465558586	0.026090505316641144	0.52845	Verrucomicrobia bacterium	Bacteria	Verrucomicrobia		0.5397	0.206	657.0	DUF900;Abhydrolase_6	DUF900	True
AF-A0A2V6HWM4-F1	0.19294602164759028	-0.11053262197094098	0.015990390792148524	0.5408999999999999	Verrucomicrobia bacterium	Bacteria	Verrucomicrobia		0.5458	0.208	518.0	DUF900;Abhydrolase_6	DUF900	True
AF-A0A2V6I9E4-F1	0.1900885414452837	-0.12976573502396568	0.016146847600633188	0.5502	Verrucomicrobia bacterium	Bacteria	Verrucomicrobia		0.5536	0.211	519.0	DUF900;Abhydrolase_6	DUF900	True
AF-A0A2V6JZK5-F1	0.21462588465160157	-0.11331685123630043	0.0069074835281026205	0.5567249999999999	Verrucomicrobia bacterium	Bacteria	Verrucomicrobia		0.595	0.152	631.0	DUF900	DUF900	True
AF-A0A2V8UJT0-F1	0.13096934265562518	0.010672061166758524	-0.22260504659661626	0.50595	Acidobacteria bacterium	Bacteria	Acidobacteria		0.6003	0.094	1120.0		No Pfam hit	True
AF-A0A2W4CGZ1-F1	0.19597833698255476	-0.10550064638408092	0.14827755415278376	0.5035750000000001	Rhizobium tubonense	Bacteria	Proteobacteria	Alphaproteobacteria	0.5549	0.144	978.0	DUF900;Abhydrolase_6	DUF900	True
AF-A0A2W4KM58-F1	0.16449067108254492	-0.19030757687796554	0.1369686338357995	0.5086999999999999	Candidatus Melainabacteria bacterium	Bacteria	Candidatus Melainabacteria		0.5415	0.15	1273.0	DUF900	DUF900	True
AF-A0A2W4L0N1-F1	0.1953901298328242	-0.12399229763588122	0.1433733606332717	0.4756	Proteobacteria bacterium	Bacteria	Proteobacteria		0.5583	0.18	1135.0	DUF900	DUF900	True
AF-A0A2W5F1W8-F1	0.20180889408074767	-0.10566758383721105	0.15363602708034185	0.512625	Agrobacterium fabrum	Bacteria	Proteobacteria	Alphaproteobacteria	0.576	0.17	1163.0	DUF900;Abhydrolase_6	DUF900	True
AF-A0A2W6CCL9-F1	-0.18983786843100703	0.2793963432944693	0.2884037723531736	0.15750000000000003	Pseudonocardiales bacterium	Bacteria	Actinobacteria	Actinomycetia	0.1694	0.133	2873.0	Pkinase;PK_Tyr_Ser-Thr;Peripla_BP_6;ANF_receptor	Periplasmic binding protein (CL0144)	True
AF-A0A2W6DET1-F1	0.14719107621120056	0.011781149236230576	-0.20088427003003137	0.48205000000000003	Pseudonocardiales bacterium	Bacteria	Actinobacteria	Actinomycetia	0.5499	0.127	1377.0		No Pfam hit	True
AF-A0A2W6V8T5-F1	-0.043777461877570575	0.08629019277311302	-0.026503553516846412	0.3674	Microbacterium sp.	Bacteria	Actinobacteria	Actinomycetia	0.4823	0.163	1670.0	Abhydrolase_8	Other α/β hydrolase (CL0028)	True
AF-A0A2W7CZD1-F1	-0.10220633102828135	0.03677047676868842	-0.031129542647007596	0.40597500000000003	Mesorhizobium kowhaii	Bacteria	Proteobacteria	Alphaproteobacteria	0.4015	0.14	2233.0		No Pfam hit	True
AF-A0A2W7IKW4-F1	0.2247968174725996	-0.1269683313991764	0.08444194570157894	0.56645	Humitalea rosea	Bacteria	Proteobacteria	Alphaproteobacteria	0.5776	0.195	406.0	DUF900	DUF900	True
AF-A0A2X2J1B3-F1	0.005817685323353748	0.07660101055879837	0.044659662560717746	0.32205	Sphingobacterium multivorum	Bacteria	Bacteroidota	Sphingobacteriia	0.2805	0.193	1847.0	DUF900	DUF900	True
AF-A0A2Z2HKI6-F1	0.18595856132926647	0.03591908736681313	-0.1742146153523804	0.799425	Candidatus Nitrosomarinus catalina	Archaea	Thaumarchaeota		0.746	0.266	187.0	DUF900;DUF676;DUF726	DUF900	True
AF-A0A2Z3H416-F1	-0.14582482443139264	0.33314280830327586	0.25654861882616004	0.261525	Gemmata obscuriglobus	Bacteria	Planctomycetota	Planctomycetia	0.307	0.127	2452.0	Peripla_BP_6	Periplasmic binding protein (CL0144)	True
AF-A0A2Z3HPR9-F1	0.2004509443270266	-0.17747411382855174	0.22091473510987483	0.48605	Phenylobacterium parvum	Bacteria	Proteobacteria	Alphaproteobacteria	0.5849	0.171	1141.0	DUF900	DUF900	True
AF-A0A315TZS4-F1	0.21115860193887512	-0.07513131326544444	0.05589042076063402	0.5219750000000001	Pseudomonas sp. CC120222-01a	Bacteria	Proteobacteria	Gammaproteobacteria	0.5285	0.203	497.0	DUF900	DUF900	True
AF-A0A316FBT0-F1	-0.021031817886716063	0.10344203772107105	-0.05271436702032496	0.39995	Actinoplanes xinjiangensis	Bacteria	Actinobacteria	Actinomycetia	0.469	0.127	1623.0	Abhydrolase_8	Other α/β hydrolase (CL0028)	True
AF-A0A316G7G8-F1	0.2540010742764921	-0.06422169514982327	0.04832430453239333	0.654825	Roseicyclus mahoneyensis	Bacteria	Proteobacteria	Alphaproteobacteria	0.6796	0.167	369.0	DUF900	DUF900	True
AF-A0A316MQT0-F1	-0.15941968544310062	0.22514880258074763	0.19236346896989054	0.17409999999999998	Lachnospiraceae bacterium	Bacteria	Firmicutes	Clostridia	0.1889	0.129	2782.0	ABC_sub_bind	Periplasmic binding protein (CL0144)	True
AF-A0A317IPH3-F1	0.15933508479474023	-0.1526936859561999	0.14110195509171813	0.44687499999999997	Candidatus Melainabacteria bacterium	Bacteria	Candidatus Melainabacteria		0.5304	0.193	1039.0	DUF900	DUF900	True
AF-A0A317X894-F1	-0.15926440272994655	0.14200969507623118	-0.13983243216932337	0.3035	Aspergillus sclerotioniger CBS 115572	Eukaryota	Ascomycota	Eurotiomycetes	0.4864	0.086	1943.0	NACHT;TPR_10	P-loop NTPase (CL0023)	True
AF-A0A318H5B9-F1	0.14187397363403864	0.00981738932645805	-0.18844193203522933	0.46185	Mycolicibacterium moriokaense	Bacteria	Actinobacteria	Actinomycetia	0.4526	0.115	1597.0		No Pfam hit	True
AF-A0A318P8Q3-F1	0.22460118888478456	-0.08691089828513156	-0.016216478180903406	0.61065	Serratia plymuthica	Bacteria	Proteobacteria	Gammaproteobacteria	0.5868	0.158	980.0	DUF900	DUF900	True
AF-A0A318YPH8-F1	-0.1774231068868642	0.12639890605326223	-0.12399589366489495	0.29947500000000005	Aspergillus neoniger CBS 115656	Eukaryota	Ascomycota	Eurotiomycetes	0.4691	0.095	1929.0	NACHT;TPR_10;TPR_12;TPR_7	P-loop NTPase (CL0023)	True
AF-A0A319BNL2-F1	-0.16460036926526284	0.11430986901002083	-0.1303016462811444	0.28445	Aspergillus vadensis CBS 113365	Eukaryota	Ascomycota	Eurotiomycetes	0.4384	0.093	2159.0	NACHT;TPR_10;TPR_12	P-loop NTPase (CL0023)	True
AF-A0A319DJN5-F1	-0.17041223353187304	0.133011110914055	-0.1418671215915394	0.27375	Aspergillus ellipticus CBS 707.79	Eukaryota	Ascomycota	Eurotiomycetes	0.4187	0.088	2023.0	DUF676;NACHT;TPR_10;TPR_12	DUF676	True
AF-A0A319ELY5-F1	-0.16414981212117905	0.12716063471291394	-0.11998061948997522	0.27905	Aspergillus sclerotiicarbonarius CBS 121057	Eukaryota	Ascomycota	Eurotiomycetes	0.4431	0.103	2187.0	NACHT;TPR_12;TPR_10	P-loop NTPase (CL0023)	True
AF-A0A323TJ50-F1	-0.17607091449733286	0.21682856313013296	0.17912671486619322	0.170675	Salipaludibacillus keqinensis	Bacteria	Firmicutes	Bacilli	0.179	0.144	2742.0	ABC_sub_bind	Periplasmic binding protein (CL0144)	True
AF-A0A329LLT3-F1	-0.17834343571579786	0.2595487415734139	0.08126666883753639	0.21575	Mycobacterium colombiense	Bacteria	Actinobacteria	Actinomycetia	0.2649	0.127	2544.0	Cutinase	Other α/β hydrolase (CL0028)	True
AF-A0A329YCQ3-F1	0.20031760386690742	-0.09051157735325639	0.14794952788666238	0.5026	Rhizobium tropici	Bacteria	Proteobacteria	Alphaproteobacteria	0.5785	0.165	907.0	DUF900;Abhydrolase_6	DUF900	True
AF-A0A345QLS2-F1	0.19589984400891639	-0.16805579754988978	0.19282612297249438	0.49645	Sulfitobacter sp. SK012	Bacteria	Proteobacteria	Alphaproteobacteria	0.5691	0.151	1387.0	DUF900	DUF900	True
AF-A0A345R7J6-F1	0.20026664362374313	-0.1228609077895242	0.03321293156686431	0.600475	Sulfitobacter sp. JL08	Bacteria	Proteobacteria	Alphaproteobacteria	0.6291	0.161	401.0	DUF900	DUF900	True
AF-A0A345V9H0-F1	-0.05292014130531777	0.22728915972196279	0.04624845760705845	0.37112500000000004	Arthrobacter sp. PM3	Bacteria	Actinobacteria	Actinomycetia	0.3624	0.134	1787.0	Cutinase	Other α/β hydrolase (CL0028)	True
AF-A0A346SCU5-F1	0.2085812330906762	-0.09582670931000943	0.04003730566905208	0.6738	Ruegeria sp. AD91A	Bacteria	Proteobacteria	Alphaproteobacteria	0.693	0.179	338.0	DUF900;Abhydrolase_6	DUF900	True
AF-A0A349CJ89-F1	-0.10924302599204572	0.1777602119103254	0.08214344699140223	0.28769999999999996	Dehalococcoidia bacterium	Bacteria	Chloroflexi	Dehalococcoidia	0.285	0.133	2117.0		No Pfam hit	True
AF-A0A349LPQ7-F1	0.20961144580111526	-0.07825648390373144	0.04435961695214867	0.5802750000000001	Rheinheimera sp.	Bacteria	Proteobacteria	Gammaproteobacteria	0.5988	0.179	706.0	DUF900;Abhydrolase_6	DUF900	True
AF-A0A349MZC7-F1	-0.021481275486581984	0.07666427578587402	-0.05005449035998051	0.4036	Lactobacillus sp.	Bacteria	Firmicutes	Bacilli	0.4318	0.121	1765.0	DUF915	Other α/β hydrolase (CL0028)	True
AF-A0A349R226-F1	0.017646778946456505	0.06560247636449477	0.02354725998566219	0.314525	Sphingobacterium sp.	Bacteria	Bacteroidota	Sphingobacteriia	0.2649	0.198	1797.0	DUF900	DUF900	True
AF-A0A349VH97-F1	0.16755803948281742	-0.04204467167951222	-0.11017870803754903	0.56125	Planctomycetaceae bacterium	Bacteria	Planctomycetota	Planctomycetia	0.5633	0.171	919.0	DUF900	DUF900	True
AF-A0A350C706-F1	0.19408945790889345	-0.06710091298037583	0.006926124003980876	0.5714250000000001	Saprospirales bacterium	Bacteria	Bacteroidota	Saprospiria	0.5848	0.156	1250.0	DUF900	DUF900	True
AF-A0A350EUB0-F1	0.03369942074720668	0.060476355249193085	-0.11015413346511288	0.41584999999999994	Verrucomicrobiales bacterium	Bacteria	Verrucomicrobia	Verrucomicrobiae	0.5572	0.175	855.0	DUF900	DUF900	True
AF-A0A351MC13-F1	0.24357212577631063	-0.12046231767390497	0.09777661903618388	0.5413749999999999	Gammaproteobacteria bacterium	Bacteria	Proteobacteria	Gammaproteobacteria	0.6135	0.135	859.0	DUF900	DUF900	True
AF-A0A352A068-F1	0.20011905091477297	-0.13277638026386757	0.08162684008429427	0.5499499999999999	Bacteroidetes bacterium	Bacteria	Bacteroidota		0.647	0.143	774.0	DUF900	DUF900	True
AF-A0A352CAK7-F1	-0.22960381072811314	0.26582007465823787	0.25975364448982424	0.14742500000000003	Hyphomonadaceae bacterium	Bacteria	Proteobacteria	Alphaproteobacteria	0.1606	0.158	2858.0	LppC;Peripla_BP_6;ANF_receptor	Periplasmic binding protein (CL0144)	True
AF-A0A352L328-F1	0.19939899854337687	-0.022884905928741886	-0.08346100965610467	0.55015	Planctomycetaceae bacterium	Bacteria	Planctomycetota	Planctomycetia	0.5631	0.198	721.0		No Pfam hit	True
AF-A0A353G8P2-F1	0.20433394442250422	-0.10898281674065292	0.15413639015961988	0.5065999999999999	Rhizobium sp.	Bacteria	Proteobacteria	Alphaproteobacteria	0.5709	0.188	1045.0	DUF900;Abhydrolase_6	DUF900	True
AF-A0A353WW52-F1	0.19801823630437737	-0.14418176483937536	0.08652771233779961	0.5022	Cytophagales bacterium	Bacteria	Bacteroidota	Cytophagia	0.554	0.133	1051.0	DUF900	DUF900	True
AF-A0A353Z669-F1	0.1572534574084166	-0.02574339747183384	-0.0824376226862791	0.49587499999999995	Planctomycetaceae bacterium	Bacteria	Planctomycetota	Planctomycetia	0.6384	0.163	456.0		No Pfam hit	True
AF-A0A353ZGJ3-F1	0.15825979830370232	-0.03540397728439672	-0.08634605412635063	0.5062249999999999	Planctomycetaceae bacterium	Bacteria	Planctomycetota	Planctomycetia	0.6172	0.162	563.0		No Pfam hit	True
AF-A0A354KJG5-F1	0.11292132234764092	-0.016694717396112526	-0.03188862802353571	0.46404999999999996	Sphingobacterium sp.	Bacteria	Bacteroidota	Sphingobacteriia	0.4739	0.133	1420.0	DUF900	DUF900	True
AF-A0A354PH72-F1	0.19602881200536057	0.01655439342377243	-0.10346417486223113	0.6295	Planctomycetaceae bacterium	Bacteria	Planctomycetota	Planctomycetia	0.6899	0.135	595.0	DUF900	DUF900	True
AF-A0A355AHQ5-F1	0.18880424916601915	-0.0415390819512259	-0.09772500321182401	0.5565	Planctomycetaceae bacterium	Bacteria	Planctomycetota	Planctomycetia	0.5903	0.179	762.0	DUF900	DUF900	True
AF-A0A355G6S3-F1	0.21717129347323738	-0.1351544646242173	0.11784111203174784	0.5269999999999999	Planctomycetaceae bacterium	Bacteria	Planctomycetota	Planctomycetia	0.6224	0.151	901.0	DUF900	DUF900	True
AF-A0A355GER1-F1	0.1980889889327361	-0.06163320513567566	-0.07954847637138876	0.6513	Planctomycetaceae bacterium	Bacteria	Planctomycetota	Planctomycetia	0.7036	0.191	430.0		No Pfam hit	True
AF-A0A356KTT5-F1	0.16610159888721157	-0.17663809745887804	0.17398919122973713	0.49284999999999995	Planctomycetota bacterium	Bacteria	Planctomycetota		0.5649	0.154	1337.0	DUF900	DUF900	True
AF-A0A356W4A5-F1	-0.23049821367016946	0.2582118403637014	0.2940642255625993	0.155325	Hyphomonas atlantica	Bacteria	Proteobacteria	Alphaproteobacteria	0.1713	0.128	2828.0	LppC;Peripla_BP_6	Periplasmic binding protein (CL0144)	True
AF-A0A357KTH3-F1	0.19531819741812467	-0.1421591443400071	0.1923924750292636	0.484425	Phycisphaerales bacterium	Bacteria	Planctomycetota	Phycisphaerae	0.5878	0.227	1038.0	DUF900	DUF900	True
AF-A0A358CR80-F1	0.20108488094715313	-0.020962533738754816	-0.10435479445753332	0.555875	Planctomycetaceae bacterium	Bacteria	Planctomycetota	Planctomycetia	0.635	0.173	568.0	DUF900;Abhydrolase_6	DUF900	True
AF-A0A358N5C6-F1	0.17131630709636048	-0.021818677690396703	-0.08816262465250932	0.58505	Rhodopirellula sp.	Bacteria	Planctomycetota	Planctomycetia	0.692	0.174	420.0	DUF900	DUF900	True
AF-A0A359DEZ1-F1	0.21329327348756905	-0.12412675308650896	0.06685974352634023	0.546775	Pseudomonas sp.	Bacteria	Proteobacteria	Gammaproteobacteria	0.564	0.193	412.0	DUF900;Abhydrolase_6	DUF900	True
AF-A0A363NKA5-F1	0.09267770474365343	0.0015405331893576532	-0.03903580112585372	0.399275	Sphingobacterium athyrii	Bacteria	Bacteroidota	Sphingobacteriia	0.4106	0.17	1622.0	DUF900	DUF900	True
AF-A0A365D5S5-F1	0.14978200612260098	0.03396357274735681	-0.20313655149375018	0.447925	Pseudarthrobacter sp. AG30	Bacteria	Actinobacteria	Actinomycetia	0.5395	0.113	1581.0		No Pfam hit	True
AF-A0A365H9M0-F1	-0.00737367194517977	0.09122961617572752	-0.04549800638667319	0.4415	Actinomadura craniellae	Bacteria	Actinobacteria	Actinomycetia	0.4449	0.135	1723.0	Abhydrolase_8	Other α/β hydrolase (CL0028)	True
AF-A0A365T8R6-F1	0.18375225702220305	0.03127397097758721	-0.17020617447534464	0.8798	halophilic archaeon	Archaea	Euryarchaeota	Halobacteria	0.9052	0.517	45.0		No Pfam hit	True
AF-A0A366ETS7-F1	0.1753532011149706	-0.14982896768698473	0.17241703928613145	0.52355	Roseiarcus fermentans	Bacteria	Proteobacteria	Alphaproteobacteria	0.6202	0.16	952.0	DUF900	DUF900	True
AF-A0A366XBS8-F1	0.22324436520815716	-0.1067315150478472	0.03558151372263523	0.637825	Phaeobacter gallaeciensis	Bacteria	Proteobacteria	Alphaproteobacteria	0.694	0.177	370.0	DUF900;Abhydrolase_6	DUF900	True
AF-A0A368B0K9-F1	0.18271683301235542	0.030219248034011558	-0.17532741298374666	0.79925	Nitrosopumilus sp.	Archaea	Thaumarchaeota		0.746	0.277	200.0	DUF900;DUF676;DUF726	DUF900	True
AF-A0A368KY96-F1	0.18598392061548621	-0.019416921474344106	-0.10026217436443982	0.582225	Bremerella cremea	Bacteria	Planctomycetota	Planctomycetia	0.6185	0.164	769.0		No Pfam hit	True
AF-A0A368TZS8-F1	0.05767944222551726	0.05441182806284228	-0.09116903084584696	0.463325	Halomonas montanilacus	Bacteria	Proteobacteria	Gammaproteobacteria	0.6142	0.211	339.0	DUF726	DUF726	True
AF-A0A368YD35-F1	0.16920055064683834	-0.15853671565965133	0.1976490710829156	0.472475	Phyllobacterium bourgognense	Bacteria	Proteobacteria	Alphaproteobacteria	0.5336	0.164	1300.0	DUF900	DUF900	True
AF-A0A369XH37-F1	0.18967474290454087	-0.1554465989632579	0.21492863011486185	0.476075	Candidatus Accumulibacter phosphatis	Bacteria	Proteobacteria	Betaproteobacteria	0.5746	0.153	1437.0	DUF900	DUF900	True
AF-A0A369XK85-F1	0.18070028056954773	-0.08468568741874895	0.003441320273335683	0.45995	Candidatus Accumulibacter phosphatis	Bacteria	Proteobacteria	Betaproteobacteria	0.5038	0.202	824.0	DUF900	DUF900	True
AF-A0A370B3N5-F1	0.18802987009975722	-0.1773811987319687	0.20660442859085232	0.49	Oceanispirochaeta sp. M1	Bacteria	Spirochaetes	Spirochaetia	0.5834	0.16	1072.0	DUF900	DUF900	True
AF-A0A370C5X8-F1	-0.17719060332509234	0.12313902220332985	-0.09276630386692719	0.268575	Aspergillus niger ATCC 13496	Eukaryota	Ascomycota	Eurotiomycetes	0.3883	0.108	2572.0	DUF7779;TPR_10;TPR_12	Other Pfam	True
AF-A0A370KPV0-F1	0.22165453087083636	-0.09019743359799628	0.030640348884377874	0.577575	Rhizobium grahamii	Bacteria	Proteobacteria	Alphaproteobacteria	0.5981	0.162	702.0	DUF900;Abhydrolase_6	DUF900	True
AF-A0A370LUJ7-F1	0.18148889897233614	0.008554899371338883	-0.150037778239388	0.8030250000000001	Crenarchaeota archaeon	Archaea	Crenarchaeota		0.7433	0.288	113.0	DUF900;DUF676;Lipase_2;Cutinase;DUF726	DUF900	True
AF-A0A370P4T5-F1	-0.15362905104165145	0.13489532641148708	-0.11710767735055415	0.28669999999999995	Aspergillus phoenicis ATCC 13157	Eukaryota	Ascomycota	Eurotiomycetes	0.4382	0.11	2002.0	NACHT;TPR_10;TPR_12	P-loop NTPase (CL0023)	True
AF-A0A370TBN8-F1	-0.18963079747824196	0.08101823568603772	-0.11072902777319041	0.286025	Venustampulla echinocandica	Eukaryota	Ascomycota	Leotiomycetes	0.4271	0.136	2171.0	NPHP3_N;DUF7791	P-loop NTPase (CL0023)	True
AF-A0A371KGK7-F1	0.19089328403810443	0.022006783752502687	-0.17015555178234462	0.9025	Haloferax sp. Atlit-48N	Archaea	Euryarchaeota	Halobacteria	0.9028	0.703	33.0		No Pfam hit	True
AF-A0A371KTK3-F1	0.18963638067353977	0.0324994397694814	-0.16446933291166502	0.9395	Haloferax sp. Atlit-24N	Archaea	Euryarchaeota	Halobacteria	0.939	0.703	20.0		No Pfam hit	True
AF-A0A371L4M6-F1	0.18927620487623	0.033450941091110256	-0.16621284629653682	0.9218	Haloferax sp. Atlit-47N	Archaea	Euryarchaeota	Halobacteria	0.9213	0.703	24.0		No Pfam hit	True
AF-A0A371LCK8-F1	0.17969182565574798	0.034185118975657715	-0.17981755126062812	0.9347	Haloferax sp. Atlit-19N	Archaea	Euryarchaeota	Halobacteria	0.9346	0.717	7.0		No Pfam hit	True
AF-A0A371LK82-F1	0.18621733783129807	0.02874234448857966	-0.1757251794503055	0.9362	Haloferax sp. Atlit-16N	Archaea	Euryarchaeota	Halobacteria	0.9361	0.72	9.0		No Pfam hit	True
AF-A0A371M0N6-F1	0.18236146606284873	0.03838335321025037	-0.1689811672650198	0.9287	Haloferax sp. Atlit-4N	Archaea	Euryarchaeota	Halobacteria	0.9285	0.724	10.0		No Pfam hit	True
AF-A0A371MDT2-F1	0.18409461797937957	0.035708798592971124	-0.1722268383422195	0.9148	Haloferax sp. Atlit-10N	Archaea	Euryarchaeota	Halobacteria	0.9147	0.72	28.0		No Pfam hit	True
AF-A0A371MMW4-F1	0.18171291602950473	0.0356670121978761	-0.16959145004994527	0.9287	Haloferax sp. Atlit-12N	Archaea	Euryarchaeota	Halobacteria	0.9287	0.724	11.0		No Pfam hit	True
AF-A0A371N295-F1	0.18620408475730404	0.030211328196234243	-0.18312291925955457	0.9324	Haloferax sp. Atlit-6N	Archaea	Euryarchaeota	Halobacteria	0.9323	0.724	5.0		No Pfam hit	True
AF-A0A371PDF9-F1	-0.05371151118187956	0.234906423867889	0.03416424467293529	0.343575	Aeromicrobium endophyticum	Bacteria	Actinobacteria	Actinomycetia	0.3264	0.161	2229.0	Cutinase	Other α/β hydrolase (CL0028)	True
AF-A0A371WDN4-F1	0.20684555215063657	-0.10205088115422797	0.06555413984980826	0.5889	Methylovirgula sp. 4M-Z18	Bacteria	Proteobacteria	Alphaproteobacteria	0.5794	0.188	759.0	DUF900;Abhydrolase_6	DUF900	True
AF-A0A371WWS4-F1	0.19236757505920576	-0.0640572460957831	0.09976971394057754	0.5092749999999999	Methylovirgula sp. 4M-Z18	Bacteria	Proteobacteria	Alphaproteobacteria	0.5931	0.156	1054.0	DUF900;Abhydrolase_6	DUF900	True
AF-A0A372JLX6-F1	-0.003998343476184099	0.07707854201216273	-0.045792830466043995	0.44680000000000003	Actinomadura logoneensis	Bacteria	Actinobacteria	Actinomycetia	0.4594	0.151	1696.0	Abhydrolase_8	Other α/β hydrolase (CL0028)	True
AF-A0A376G591-F1	0.13199571625261583	-0.014770933174592247	-0.059056322405187045	0.45787500000000003	Empedobacter falsenii	Bacteria	Bacteroidota	Flavobacteriia	0.4821	0.15	1494.0	DUF900	DUF900	True
AF-A0A378JSR7-F1	0.1790888442526143	-0.17178722697711257	0.1379970504699273	0.532	Legionella beliardensis	Bacteria	Proteobacteria	Gammaproteobacteria	0.5804	0.141	983.0	DUF900	DUF900	True
AF-A0A378SGJ3-F1	-0.170168137788926	0.24773236639237786	0.09984463749194092	0.223825	Mycolicibacterium gilvum	Bacteria	Actinobacteria	Actinomycetia	0.2047	0.118	2543.0	Cutinase	Other α/β hydrolase (CL0028)	True
AF-A0A378SP02-F1	-0.16150385577204712	0.24331442497858932	0.09060660527328124	0.19245	Mycolicibacterium gilvum	Bacteria	Actinobacteria	Actinomycetia	0.2459	0.121	2596.0	Cutinase	Other α/β hydrolase (CL0028)	True
AF-A0A378SXX7-F1	-0.06624337405447006	0.22390192920672747	0.051622219803154075	0.39535	Mycolicibacterium gilvum	Bacteria	Actinobacteria	Actinomycetia	0.3674	0.146	1899.0	Cutinase	Other α/β hydrolase (CL0028)	True
AF-A0A378TAB0-F1	-0.10133400578157822	0.09623153852364193	0.02440710346814479	0.30235	Mycolicibacterium tokaiense	Bacteria	Actinobacteria	Actinomycetia	0.3406	0.125	2323.0	PE-PPE	Other α/β hydrolase (CL0028)	True
AF-A0A378TH38-F1	-0.062289031012535565	0.21601838629058095	0.07226984814005907	0.43832499999999996	Mycolicibacterium tokaiense	Bacteria	Actinobacteria	Actinomycetia	0.4139	0.137	1783.0	Cutinase	Other α/β hydrolase (CL0028)	True
AF-A0A378TJ59-F1	-0.06192363366127923	0.2237358198879645	0.05633999638902808	0.380175	Mycolicibacterium tokaiense	Bacteria	Actinobacteria	Actinomycetia	0.3607	0.138	1932.0	Cutinase	Other α/β hydrolase (CL0028)	True
AF-A0A380CMC3-F1	0.11796488978802057	0.01067652475008952	-0.043782695034633404	0.46535	Sphingobacterium spiritivorum	Bacteria	Bacteroidota	Sphingobacteriia	0.5019	0.161	1282.0	DUF900	DUF900	True
AF-A0A381U248-F1	0.1866276245164347	0.0350758026878324	-0.16951725905544388	0.7874	marine metagenome	Metagenome (unassigned)			0.7364	0.258	210.0	DUF900;DUF676;Cutinase;DUF726	DUF900	True
AF-A0A381WB52-F1	0.18192379694084942	0.04480260244022894	-0.1795344000798373	0.8024249999999999	marine metagenome	Metagenome (unassigned)			0.7424	0.275	164.0	DUF900;DUF676;Cutinase;DUF726	DUF900	True
AF-A0A383BSS6-F1	0.10797736778416997	0.11827505673557372	-0.12928792009280263	0.6547	marine metagenome	Metagenome (unassigned)			0.4531	0.32	725.0	DUF900	DUF900	True
AF-A0A385ST73-F1	0.22896583698905823	-0.08809438189447448	0.04272730335873058	0.5400750000000001	Chryseolinea soli	Bacteria	Bacteroidota	Cytophagia	0.5334	0.196	437.0	DUF900	DUF900	True
AF-A0A387FVT2-F1	0.19879500564024286	-0.10744046850893095	0.1565697554818021	0.5105	Rhizobium jaguaris	Bacteria	Proteobacteria	Alphaproteobacteria	0.5754	0.179	1011.0	DUF900;Abhydrolase_6	DUF900	True
AF-A0A387GUR3-F1	0.19534030720173898	-0.10212117472259445	0.15044524246683938	0.49667500000000003	Rhizobium sp. CCGE532	Bacteria	Proteobacteria	Alphaproteobacteria	0.5737	0.153	902.0	DUF900;Abhydrolase_6	DUF900	True
AF-A0A388L536-F1	-0.16118115163255783	0.17256730129780504	0.11906195813949133	0.181375	Chara braunii	Eukaryota	Streptophyta	Charophyceae	0.2231	0.101	2581.0	Glyco_transf_34	Other Pfam	True
AF-A0A388QLV9-F1	0.18424907772660085	0.03196348315428688	-0.1746216695127899	0.789275	Nitrosarchaeum sp.	Archaea	Thaumarchaeota		0.735	0.279	196.0	DUF900;DUF726	DUF900	True
AF-A0A395HF27-F1	-0.18113571835496872	0.12447726054612691	-0.1383496500398989	0.29455	Aspergillus ibericus CBS 121593	Eukaryota	Ascomycota	Eurotiomycetes	0.3967	0.098	2245.0	NB-ARC;NACHT;DUF7779;TPR_10;TPR_12	P-loop NTPase (CL0023)	True
AF-A0A395YQH8-F1	-0.15338124971539988	0.262936395900531	0.21202512434808538	0.25475000000000003	Clostridium sp. AM58-1XD	Bacteria	Firmicutes	Clostridia	0.2505	0.139	2766.0	Peripla_BP_4	Periplasmic binding protein (CL0144)	True
AF-A0A397AYM0-F1	0.05349250995770193	-0.004718073380235998	-0.056983301634420995	0.441775	Aphanomyces astaci	Eukaryota	Oomycota		0.4644	0.174	1461.0	DUF726;DUF900	DUF900	True
AF-A0A397BP36-F1	0.04882353233868197	-0.0064309000029664914	-0.08447007273463784	0.442825	Aphanomyces astaci	Eukaryota	Oomycota		0.5047	0.137	1514.0	DUF726;DUF900	DUF900	True
AF-A0A397C7U7-F1	0.06640408222069444	0.013928514094285357	-0.07754785668355924	0.43704999999999994	Aphanomyces astaci	Eukaryota	Oomycota		0.4745	0.161	1441.0	DUF726;DUF900	DUF900	True
AF-A0A397CA61-F1	0.08232063655899832	-0.01409797104834939	-0.04578719189014724	0.4274	Aphanomyces astaci	Eukaryota	Oomycota		0.4569	0.169	1544.0	DUF726;DUF900	DUF900	True
AF-A0A397F287-F1	0.06470436781111914	0.017075591540441328	-0.08954407382832527	0.44730000000000003	Aphanomyces astaci	Eukaryota	Oomycota		0.4914	0.176	1348.0	DUF726;DUF900	DUF900	True
AF-A0A399RKJ5-F1	0.1677385099079773	-0.14801203629274048	0.1399985518368332	0.4355	Henriciella algicola	Bacteria	Proteobacteria	Alphaproteobacteria	0.5673	0.226	1357.0	DUF900	DUF900	True
AF-A0A399RRF4-F1	0.17991665790678615	-0.1261253182437272	0.13748169512159653	0.443875	Henriciella mobilis	Bacteria	Proteobacteria	Alphaproteobacteria	0.5679	0.199	1358.0	DUF900;OmpA	DUF900	True
AF-A0A3A1QYV0-F1	-0.18481996533523606	0.15864342988464855	0.10294166703048689	0.1441	Bacillus salacetis	Bacteria	Firmicutes	Bacilli	0.1672	0.067	2679.0	SBD_N;NBD_C	Other Pfam	True
AF-A0A3A3EM94-F1	0.2225898184963322	-0.09923896795950951	0.0630796631710297	0.53555	Pseudoalteromonas profundi	Bacteria	Proteobacteria	Gammaproteobacteria	0.5721	0.182	377.0	DUF900	DUF900	True
AF-A0A3A4K7V6-F1	-0.1533392339629354	0.24646367601974808	0.06305862450402666	0.2592	Nocardia panacis	Bacteria	Actinobacteria	Actinomycetia	0.3214	0.095	2348.0	Cutinase	Other α/β hydrolase (CL0028)	True
AF-A0A3A4VM70-F1	-0.10015116542610579	0.16297387902206156	0.10689515715592222	0.275375	Dehalococcoidia bacterium	Bacteria	Chloroflexi	Dehalococcoidia	0.3404	0.129	1912.0		No Pfam hit	True
AF-A0A3A5JEH7-F1	0.1617923102788664	0.013584060334705009	-0.20015859455295873	0.78025	Halococcus sp. IIIV-5B	Archaea	Euryarchaeota	Halobacteria	0.7971	0.354	52.0	DUF726	DUF726	True
AF-A0A3A6PVV2-F1	0.13872216662545586	0.02034366817402257	-0.15015371807693384	0.719025	Halonotius aquaticus	Archaea	Euryarchaeota	Halobacteria	0.713	0.273	283.0	DUF900;Abhydrolase_6;DUF726	DUF900	True
AF-A0A3B0RHT9-F1	0.193643894555614	-0.16837108108997415	0.19946608795838633	0.49105	hydrothermal vent metagenome	Metagenome (unassigned)			0.5824	0.183	1033.0	DUF900	DUF900	True
AF-A0A3B0YFI1-F1	0.08292870982833127	-0.004102747510662494	0.02012992767191473	0.39195	hydrothermal vent metagenome	Metagenome (unassigned)			0.4806	0.136	1813.0		No Pfam hit	True
AF-A0A3B0YPC7-F1	0.18668889790695478	-0.15963183903666417	0.05200393384260746	0.580625	hydrothermal vent metagenome	Metagenome (unassigned)			0.6022	0.137	818.0	DUF900	DUF900	True
AF-A0A3B1DTK7-F1	0.1975586957880855	-0.008950597268310639	-0.09820612655217727	0.63935	hydrothermal vent metagenome	Metagenome (unassigned)			0.6922	0.182	355.0	DUF900	DUF900	True
AF-A0A3B3VPR3-F1	-0.5301511519862177	-0.26047805974596594	-0.028444688751210676	0.19235000000000002	Poecilia latipinna	Eukaryota	Chordata	Actinopteri	0.2337	0.116	2505.0	Peptidase_S10	Other α/β hydrolase (CL0028)	True
AF-A0A3B3Y184-F1	-0.5223648328762505	-0.26515129856249325	-0.02452301779607125	0.1553	Poecilia mexicana	Eukaryota	Chordata	Actinopteri	0.1901	0.12	2401.0	Peptidase_S10	Other α/β hydrolase (CL0028)	True
AF-A0A3B4ABD7-F1	-0.5515851899388835	-0.255020026819387	-0.03953539933632594	0.156	Periophthalmus magnuspinnatus	Eukaryota	Chordata	Actinopteri	0.1895	0.134	2445.0	Peptidase_S10	Other α/β hydrolase (CL0028)	True
AF-A0A3B4GDS1-F1	-0.5266094581403126	-0.25948204286320947	-0.026763562953563746	0.17385	Pundamilia nyererei	Eukaryota	Chordata	Actinopteri	0.1899	0.125	2325.0	Peptidase_S10	Other α/β hydrolase (CL0028)	True
AF-A0A3B4T6F9-F1	-0.5231701171945101	-0.2625740999892981	-0.024123301603290185	0.153125	Seriola dumerili	Eukaryota	Chordata	Actinopteri	0.1868	0.105	2488.0	Peptidase_S10	Other α/β hydrolase (CL0028)	True
AF-A0A3B4Y5X6-F1	-0.5305026525620097	-0.2594154585663778	-0.030242701657791565	0.15305000000000002	Seriola lalandi dorsalis	Eukaryota	Chordata	Actinopteri	0.1868	0.105	2461.0	Peptidase_S10	Other α/β hydrolase (CL0028)	True
AF-A0A3B5AA79-F1	-0.5382914601555324	-0.26289312299858497	-0.025033463714868573	0.1552	Stegastes partitus	Eukaryota	Chordata	Actinopteri	0.1897	0.125	2415.0	Peptidase_S10	Other α/β hydrolase (CL0028)	True
AF-A0A3B5QSL8-F1	-0.5321246093238684	-0.2620814505236965	-0.03869095721006411	0.171775	Xiphophorus maculatus	Eukaryota	Chordata	Actinopteri	0.2335	0.116	2506.0	Peptidase_S10	Other α/β hydrolase (CL0028)	True
AF-A0A3B8HLD0-F1	0.1876737776363544	-0.1671156356471733	0.21051674132737802	0.446875	Syntrophobacteraceae bacterium	Bacteria	Proteobacteria	Deltaproteobacteria	0.5342	0.156	1409.0	DUF900	DUF900	True
AF-A0A3B8U8H5-F1	0.25028916642685456	-0.05982911970547954	-0.02151419394228509	0.7051499999999999	Parachlamydiales bacterium	Bacteria	Chlamydiae	Chlamydiia	0.7141	0.21	350.0	DUF900;DUF726	DUF900	True
AF-A0A3B9CQB0-F1	0.2089316275698336	-0.0327344578858923	-0.07404002221137743	0.6211249999999999	Planctomycetaceae bacterium	Bacteria	Planctomycetota	Planctomycetia	0.6764	0.205	423.0		No Pfam hit	True
AF-A0A3B9NAX0-F1	0.11149322480312383	-0.015562950843272744	-0.04200784411854124	0.45272500000000004	Sphingobacterium sp.	Bacteria	Bacteroidota	Sphingobacteriia	0.4755	0.133	1393.0	DUF900	DUF900	True
AF-A0A3C0AQ85-F1	0.22580101724951976	-0.12677411064631308	0.11492429826533479	0.535725	Planctomycetaceae bacterium	Bacteria	Planctomycetota	Planctomycetia	0.6195	0.152	1009.0	DUF900	DUF900	True
AF-A0A3C0HE59-F1	0.07995213960027248	-0.04664367152503711	0.09628977168457077	0.41405000000000003	Saprospirales bacterium	Bacteria	Bacteroidota	Saprospiria	0.3462	0.125	2483.0		No Pfam hit	True
AF-A0A3C0WLF5-F1	0.18094748637251637	-0.0355350204843775	-0.09759366864280969	0.5903	Planctomycetaceae bacterium	Bacteria	Planctomycetota	Planctomycetia	0.6433	0.169	889.0		No Pfam hit	True
AF-A0A3C1SUU0-F1	0.22643856631227874	-0.07217208150017983	0.05734133558357898	0.55225	Candidatus Competibacteraceae bacterium	Bacteria	Proteobacteria	Gammaproteobacteria	0.5435	0.151	791.0	DUF900	DUF900	True
AF-A0A3C1V2W6-F1	0.187751375907778	-0.03643540763575518	-0.10548228081353327	0.53415	Planctomycetaceae bacterium	Bacteria	Planctomycetota	Planctomycetia	0.5805	0.181	770.0	DUF900	DUF900	True
AF-A0A3C1XXB1-F1	0.16661274395277195	-0.18671622551522624	0.2311146129994274	0.42377499999999996	Achromobacter sp.	Bacteria	Proteobacteria	Betaproteobacteria	0.5479	0.113	1541.0	DUF900	DUF900	True
AF-A0A3C2DGA3-F1	-0.1485148602893093	0.2060017066996897	0.14130941641895997	0.15015	Acidimicrobiaceae bacterium	Bacteria	Actinobacteria	Acidimicrobiia	0.1643	0.155	2850.0	GATase	Other Pfam	True
AF-A0A3D0ND80-F1	0.2013489186802888	-0.01904582787251439	-0.0939066831861065	0.629275	Planctomycetaceae bacterium	Bacteria	Planctomycetota	Planctomycetia	0.6225	0.146	700.0		No Pfam hit	True
AF-A0A3D2LE90-F1	-0.22345061461102006	0.2827638444543115	0.28241831825801483	0.1683	Hyphomonas sp.	Bacteria	Proteobacteria	Alphaproteobacteria	0.1706	0.13	2783.0	LppC;Peripla_BP_6	Periplasmic binding protein (CL0144)	True
AF-A0A3D2TJP3-F1	0.05309913985308972	-0.004388033596309016	-0.007297665941471884	0.33177500000000004	Planctomycetaceae bacterium	Bacteria	Planctomycetota	Planctomycetia	0.3214	0.161	1800.0		No Pfam hit	True
AF-A0A3D3R1T1-F1	0.20426284558156652	-0.059299162048451856	-0.06251873660264735	0.636175	Gimesia maris	Bacteria	Planctomycetota	Planctomycetia	0.688	0.188	452.0		No Pfam hit	True
AF-A0A3D3R789-F1	0.2222611556362008	-0.13485315240034063	0.12374741350555477	0.5063500000000001	Gimesia maris	Bacteria	Planctomycetota	Planctomycetia	0.5932	0.187	853.0	DUF900	DUF900	True
AF-A0A3D3Z557-F1	0.18463027183595632	-0.1363613628622778	0.14461471420057517	0.47235	Hyphomonadaceae bacterium	Bacteria	Proteobacteria	Alphaproteobacteria	0.5193	0.178	1301.0	DUF900	DUF900	True
AF-A0A3D3Z753-F1	0.17896258341494814	-0.1768704672760638	0.17897972390953362	0.47705	Hyphomonadaceae bacterium	Bacteria	Proteobacteria	Alphaproteobacteria	0.5913	0.162	979.0	DUF900	DUF900	True
AF-A0A3D4A4W2-F1	0.18432734842505588	-0.04063751109146684	-0.09601386287715076	0.620725	Planctomycetaceae bacterium	Bacteria	Planctomycetota	Planctomycetia	0.6276	0.176	846.0		No Pfam hit	True
AF-A0A3D4PE57-F1	0.1784772453680781	-0.04150159399632588	-0.07289307870210852	0.57885	Planctomycetaceae bacterium	Bacteria	Planctomycetota	Planctomycetia	0.6874	0.167	373.0		No Pfam hit	True
AF-A0A3D4RPY0-F1	0.1892802850880915	-0.11604809481607116	0.23774881317531446	0.43725	Chromatiaceae bacterium	Bacteria	Proteobacteria	Gammaproteobacteria	0.513	0.175	1307.0	DUF900	DUF900	True
AF-A0A3D4RWP7-F1	0.1994407653967967	-0.17320312177662606	0.23144231305250743	0.44904999999999995	Chromatiaceae bacterium	Bacteria	Proteobacteria	Gammaproteobacteria	0.5247	0.142	1519.0	DUF900	DUF900	True
AF-A0A3D4RXE9-F1	0.17596292848338926	-0.1396393177062709	0.2595586480681384	0.41665	Chromatiaceae bacterium	Bacteria	Proteobacteria	Gammaproteobacteria	0.4979	0.172	1480.0	DUF900	DUF900	True
AF-A0A3D4S1H7-F1	0.21836990064763023	-0.1401686178215671	0.06426304272491078	0.63385	Chromatiaceae bacterium	Bacteria	Proteobacteria	Gammaproteobacteria	0.6582	0.152	792.0	DUF900;Abhydrolase_6	DUF900	True
AF-A0A3D5PJW8-F1	0.2232543414283245	-0.0749258382199805	0.04070296131761939	0.64605	Rhodobacteraceae bacterium	Bacteria	Proteobacteria	Alphaproteobacteria	0.6679	0.166	394.0	DUF900	DUF900	True
AF-A0A3D6ERL3-F1	0.24774384083786527	-0.12030780628465566	0.08987827041471104	0.5963	Cytophagales bacterium	Bacteria	Bacteroidota	Cytophagia	0.6659	0.161	831.0	DUF900	DUF900	True
AF-A0A3D8Q864-F1	-0.17990847990920306	0.08339332016899537	-0.10725814935859254	0.28259999999999996	Coleophoma cylindrospora	Eukaryota	Ascomycota	Leotiomycetes	0.3721	0.129	2243.0	DUF676;AAA_16	DUF676	True
AF-A0A3D8QCL6-F1	-0.15820587421915475	0.11268810246068241	-0.12214884946406158	0.2831	Aspergillus mulundensis	Eukaryota	Ascomycota	Eurotiomycetes	0.4286	0.108	1942.0	DUF676;NB-ARC;NACHT;TPR_12;TPR_10	DUF676	True
AF-A0A3D8QSZ3-F1	-0.19724119501974627	0.09814022929580543	-0.12027900708991877	0.28955	Coleophoma cylindrospora	Eukaryota	Ascomycota	Leotiomycetes	0.4315	0.102	1882.0	NB-ARC;TPR_12;TPR_10;TPR_8;TPR_19;TPR_4;TPR_7	P-loop NTPase (CL0023)	True
AF-A0A3D8SXS8-F1	-0.18462761310249376	0.07369148735090866	-0.10683654469792989	0.322275	Coleophoma crateriformis	Eukaryota	Ascomycota	Leotiomycetes	0.3999	0.123	2049.0	DUF676;AAA_16;NB-ARC;TPR_12;TPR_10;TPR_8;TPR_7	DUF676	True
AF-A0A3D9SS15-F1	-0.023346198455066306	0.0695506920652933	-0.0445038800062111	0.4434	Thermomonospora umbrina	Bacteria	Actinobacteria	Actinomycetia	0.4568	0.125	1671.0	Abhydrolase_8	Other α/β hydrolase (CL0028)	True
AF-A0A3E0NBY3-F1	0.1813293776167538	-0.030662068547256536	-0.07856426272917663	0.6046	Planctomycetota bacterium	Bacteria	Planctomycetota		0.6714	0.175	760.0		No Pfam hit	True
AF-A0A3E0PQQ0-F1	0.18943442947669972	-0.040721328798860826	-0.08693416130641203	0.5803750000000001	Planctomycetota bacterium	Bacteria	Planctomycetota		0.666	0.21	492.0		No Pfam hit	True
AF-A0A3E0PZE7-F1	0.1856166877555674	-0.04928631769070105	-0.0882250638507239	0.620175	Planctomycetota bacterium	Bacteria	Planctomycetota		0.6684	0.192	605.0	Abhydrolase_6	Other α/β hydrolase (CL0028)	True
AF-A0A3E1D1U8-F1	0.20611419022318886	-0.1049226212480325	0.03606377021998968	0.531	Candidatus Nitrotoga sp. MKT	Bacteria	Proteobacteria	Betaproteobacteria	0.5359	0.218	517.0	DUF900	DUF900	True
AF-A0A3E1NEN5-F1	0.22693671007050684	-0.11615598932284836	0.07150279555013087	0.58355	Deminuibacter soli	Bacteria	Bacteroidota	Chitinophagia	0.6513	0.128	730.0	DUF900	DUF900	True
AF-A0A3E3ILB7-F1	-0.1830817221305855	0.28533285024185023	0.2820049274042586	0.226475	Anaerotruncus colihominis	Bacteria	Firmicutes	Clostridia	0.1645	0.135	2866.0	Peripla_BP_6;Peripla_BP_5;ANF_receptor	Periplasmic binding protein (CL0144)	True
AF-A0A3F3Q4U9-F1	-0.16043386246921457	0.11571693209967042	-0.12854607907976054	0.2965	Aspergillus welwitschiae	Eukaryota	Ascomycota	Eurotiomycetes	0.4483	0.097	1971.0	DUF7779;TPR_10;TPR_12	Other Pfam	True
AF-A0A3G1B276-F1	0.10017797708301568	0.04620958363581618	-0.13891229061579127	0.46647500000000003	Candidatus Nitrosotenuis cloacae	Archaea	Thaumarchaeota		0.6517	0.252	266.0	DUF900	DUF900	True
AF-A0A3G1B5N0-F1	0.1851299339719897	0.044146223254763445	-0.1765607789480878	0.7835	Candidatus Nitrosotenuis cloacae	Archaea	Thaumarchaeota		0.7266	0.266	102.0	DUF900;DUF726	DUF900	True
AF-A0A3G8M6J5-F1	0.1555500351432701	-0.08477317466482147	0.10031717860865443	0.516275	Methylocystis rosea	Bacteria	Proteobacteria	Alphaproteobacteria	0.5853	0.137	1175.0	DUF900	DUF900	True
AF-A0A3L6NBH5-F1	-0.14446207873622757	0.1347517704310166	-0.1091709762497998	0.28645	Fusarium oxysporum f. sp. cepae	Eukaryota	Ascomycota	Sordariomycetes	0.4803	0.129	1840.0	NB-ARC;TPR_10;TPR_12;TPR_4;TPR_8;TPR_5	P-loop NTPase (CL0023)	True
AF-A0A3L6NL31-F1	-0.151961232944662	0.15138513314924365	-0.11343744898411998	0.314075	Fusarium oxysporum f. sp. cepae	Eukaryota	Ascomycota	Sordariomycetes	0.4759	0.12	1768.0	Abhydrolase_6;DUF676;NB-ARC;TPR_12;TPR_5;TPR_10;TPR_7;TPR_8;TPR_16	DUF676	True
AF-A0A3L7N7S4-F1	0.1974409833719327	-0.024905838164689057	-0.086700689236129	0.591375	Planctomycetota bacterium	Bacteria	Planctomycetota		0.67	0.166	440.0		No Pfam hit	True
AF-A0A3L7NDW9-F1	0.19365528659445236	-0.023264450465882564	-0.10473224024259263	0.6194999999999999	Planctomycetota bacterium	Bacteria	Planctomycetota		0.679	0.192	462.0	DUF900	DUF900	True
AF-A0A3L7NXQ3-F1	0.17620447289754518	-0.019279051004826592	-0.08895900990648702	0.537825	Planctomycetota bacterium	Bacteria	Planctomycetota		0.6257	0.165	713.0		No Pfam hit	True
AF-A0A3L7PVA2-F1	0.16814959643491792	-0.023956722687166178	-0.101862946493503	0.52585	Planctomycetota bacterium	Bacteria	Planctomycetota		0.6333	0.21	466.0	DUF900;Abhydrolase_6	DUF900	True
AF-A0A3L7Q6B4-F1	0.19804520369687162	-0.13438846420687883	0.20945131345780407	0.4763	Planctomycetota bacterium	Bacteria	Planctomycetota		0.5563	0.176	1370.0	DUF900	DUF900	True
AF-A0A3L7QPR7-F1	0.16954733518888393	-0.014681816294285558	-0.08097505597747842	0.54155	Planctomycetota bacterium	Bacteria	Planctomycetota		0.6592	0.171	812.0		No Pfam hit	True
AF-A0A3L7RQ88-F1	0.19390042254831322	-0.03293989650889862	-0.1047635240942929	0.647125	Planctomycetota bacterium	Bacteria	Planctomycetota		0.6872	0.173	404.0	DUF900;Abhydrolase_6	DUF900	True
AF-A0A3L7S0T1-F1	0.2150320157868197	-0.02235869834970571	-0.06717545757468199	0.57785	Planctomycetota bacterium	Bacteria	Planctomycetota		0.6657	0.195	366.0		No Pfam hit	True
AF-A0A3L7S2E1-F1	0.18801644772467585	-0.028773063598651984	-0.09628331786522251	0.582075	Planctomycetota bacterium	Bacteria	Planctomycetota		0.639	0.159	560.0	DUF900	DUF900	True
AF-A0A3L7S963-F1	0.1980167151262216	-0.13972098300726207	0.13866489387299225	0.475275	Planctomycetota bacterium	Bacteria	Planctomycetota		0.5727	0.162	926.0	DUF900	DUF900	True
AF-A0A3L7U7T9-F1	0.18842679518580835	-0.0445451245818521	-0.10375344926934252	0.627475	Planctomycetota bacterium	Bacteria	Planctomycetota		0.6765	0.18	625.0	DUF900;Abhydrolase_6	DUF900	True
AF-A0A3L7UDZ9-F1	0.20886175086993092	-0.025651284783484572	-0.08902625040743248	0.5668	Planctomycetota bacterium	Bacteria	Planctomycetota		0.6314	0.163	627.0		No Pfam hit	True
AF-A0A3L8DCK7-F1	-0.12404521473539454	0.1906801327147674	0.11642878661949663	0.1061025	Ooceraea biroi	Eukaryota	Arthropoda	Insecta	0.1119	0.095	2887.0	DBB	Other Pfam	True
AF-A0A3L9M8D9-F1	0.11249933983380303	0.0008638714193241154	-0.05749630808577068	0.438775	Flavobacteriaceae bacterium YIM 102668	Bacteria	Bacteroidota	Flavobacteriia	0.4711	0.159	1513.0	DUF900	DUF900	True
AF-A0A3M0H244-F1	-0.17246694806917462	0.2540314698016346	0.06725358120999018	0.23600000000000002	Rhodococcus sp. SBT000017	Bacteria	Actinobacteria	Actinomycetia	0.3155	0.158	1999.0	Cutinase	Other α/β hydrolase (CL0028)	True
AF-A0A3M1M1G6-F1	0.18980302706236546	-0.0003075577862713907	-0.07920595803087227	0.535975	Planctomycetota bacterium	Bacteria	Planctomycetota		0.5993	0.149	840.0		No Pfam hit	True
AF-A0A3M1TL61-F1	0.19142065651890505	-0.12522044373973035	0.03845202541811553	0.5635	Bacteroidetes bacterium	Bacteria	Bacteroidota		0.5816	0.159	862.0	DUF900	DUF900	True
AF-A0A3M1VJK1-F1	0.1910890000746117	-0.05423675351509234	-0.09439522870311993	0.6552	Planctomycetota bacterium	Bacteria	Planctomycetota		0.7011	0.202	359.0		No Pfam hit	True
AF-A0A3M2AQ72-F1	0.21859334839179964	-0.09745799567515909	0.05886532999261189	0.5560499999999999	Nitrospirae bacterium	Bacteria	Nitrospirae		0.5653	0.207	365.0	DUF900;Abhydrolase_6	DUF900	True
AF-A0A3M2BLA3-F1	0.18932730394130956	-0.1508697182595484	0.12106815830391378	0.50285	Acidobacteria bacterium	Bacteria	Acidobacteria		0.6314	0.158	881.0	Bac_DNA_binding;DUF900	DUF900	True
AF-A0A3M2D0J2-F1	0.1865522188378088	-0.0780881741288617	0.008406549220035643	0.58585	Nitrospirae bacterium	Bacteria	Nitrospirae		0.5604	0.222	364.0	DUF900;Abhydrolase_6	DUF900	True
AF-A0A3M2F6R0-F1	-0.2368298236242173	-0.06978639657197704	-0.09535494254861113	0.38122500000000004	Bacteroidetes bacterium	Bacteria	Bacteroidota		0.403	0.161	2122.0	Abhydrolase_1	Other α/β hydrolase (CL0028)	True
AF-A0A3M2MA77-F1	-0.008757239852641305	0.08319460804757531	-0.059848410989459304	0.41145	Actinomadura harenae	Bacteria	Actinobacteria	Actinomycetia	0.4371	0.137	1706.0	Abhydrolase_8	Other α/β hydrolase (CL0028)	True
AF-A0A3M6K0N5-F1	0.17872191658742345	0.030524797036522236	-0.1823783183519753	0.7909250000000001	Nitrosopumilus sp.	Archaea	Thaumarchaeota		0.7274	0.263	203.0	DUF900;DUF726	DUF900	True
AF-A0A3M6K3X3-F1	0.1842542270893298	0.029454581423636588	-0.18279017129149155	0.78815	Candidatus Nitrosomarinus sp.	Archaea	Thaumarchaeota		0.7266	0.263	165.0	DUF900;DUF676;DUF726	DUF900	True
AF-A0A3M6KDF1-F1	0.16073175833867484	0.012721719945732088	-0.18283134752463487	0.80795	Nitrosopumilus sp.	Archaea	Thaumarchaeota		0.7424	0.26	193.0	DUF900;DUF726	DUF900	True
AF-A0A3M6KE52-F1	0.17251338129695729	0.031832980785769883	-0.18258978581298602	0.7975000000000001	Nitrosopumilus sp.	Archaea	Thaumarchaeota		0.7429	0.272	191.0	DUF900;DUF726	DUF900	True
AF-A0A3M6KE94-F1	0.18175370575658503	0.019165950677510805	-0.15479906886109143	0.7855	Candidatus Nitrosopelagicus sp.	Archaea	Thaumarchaeota		0.7272	0.279	109.0	DUF900;DUF676;Cutinase;DUF726	DUF900	True
AF-A0A3M7M201-F1	-0.059658269223454366	0.24139469698758675	0.09510651401799897	0.38165	Pyrenophora seminiperda CCB06	Eukaryota	Ascomycota	Dothideomycetes	0.3921	0.121	1984.0	Cutinase	Other α/β hydrolase (CL0028)	True
AF-A0A3M7NG54-F1	-0.25668405803422123	0.12207223973760781	0.017406955095752307	0.1998	Chaetothyriales sp. CBS 132003	Eukaryota	Ascomycota	Eurotiomycetes	0.2822	0.141	2432.0		No Pfam hit	True
AF-A0A3M9NQC5-F1	0.20506742885253068	-0.12173153135101002	0.035766240946384455	0.561625	Hanamia caeni	Bacteria	Bacteroidota	Chitinophagia	0.6232	0.164	436.0	DUF900	DUF900	True
AF-A0A3M9XFI7-F1	-0.08803816481097375	0.05512739920214847	-0.008334092519794375	0.38634999999999997	Mesorhizobium japonicum	Bacteria	Proteobacteria	Alphaproteobacteria	0.396	0.136	2162.0		No Pfam hit	True
AF-A0A3M9ZG92-F1	0.05364839902111074	0.10757095099584471	-0.08872758249754265	0.49319999999999997	Thaumarchaeota archaeon S15	Archaea	Thaumarchaeota		0.4786	0.335	572.0		No Pfam hit	True
AF-A0A3M9ZI66-F1	0.18138819215732158	0.01901028795315591	-0.15631643911744114	0.8068	Thaumarchaeota archaeon S13	Archaea	Thaumarchaeota		0.764	0.293	98.0	DUF676;DUF726	DUF726	True
AF-A0A3M9ZJB4-F1	0.17597901818507827	0.015211603894875246	-0.15690435911875264	0.8006500000000001	Thaumarchaeota archaeon S14	Archaea	Thaumarchaeota		0.7581	0.296	99.0	DUF676;DUF726	DUF726	True
AF-A0A3M9ZSM0-F1	0.18698685487640804	0.04478171235939196	-0.17154274977871428	0.77205	Nitrosopumilus sp. D6	Archaea	Thaumarchaeota		0.7094	0.274	149.0	DUF900;DUF726	DUF900	True
AF-A0A3M9ZTZ2-F1	0.17671124322094314	0.009574829323149332	-0.17156998691199907	0.78305	Nitrosopumilus sp. H13	Archaea	Thaumarchaeota		0.7192	0.263	189.0	Abhydrolase_8;DUF900;DUF676;DUF726	DUF900	True
AF-A0A3N0A5P4-F1	0.17153485135691743	0.018647059945595745	-0.17384381600552748	0.7673	Nitrosopumilus sp. H8	Archaea	Thaumarchaeota		0.7004	0.266	224.0	Abhydrolase_8;DUF900;DUF676;DUF726	DUF900	True
AF-A0A3N0A8L1-F1	0.17966009097585045	0.03595211047949116	-0.16609690571912528	0.794325	Nitrosopumilus sp. B06	Archaea	Thaumarchaeota		0.7293	0.272	174.0	DUF900;DUF726	DUF900	True
AF-A0A3N0CNQ8-F1	-0.10707305367152432	0.23999813053133304	0.0475590379963423	0.327325	Marmoricola ginsengisoli	Bacteria	Actinobacteria	Actinomycetia	0.3867	0.106	2110.0	RicinB_lectin_2;Ricin_B_lectin;Cutinase	Other α/β hydrolase (CL0028)	True
AF-A0A3N4K785-F1	-0.18263832563319907	0.11915106560493909	-0.10223331908244107	0.279775	Morchella conica CCBAS932	Eukaryota	Ascomycota	Pezizomycetes	0.3933	0.111	2149.0	NPHP3_N;WHD_GPIID;Ank_2;Ank;Ank_3	P-loop NTPase (CL0023)	True
AF-A0A3N4KB84-F1	-0.1985129684748423	0.035381526381514004	-0.12422446686140984	0.39465	Morchella conica CCBAS932	Eukaryota	Ascomycota	Pezizomycetes	0.3822	0.13	1975.0		No Pfam hit	True
AF-A0A3N5NZF5-F1	0.20785536730512	-0.13120457089449453	0.16332452472258488	0.4969	Hyphomicrobiaceae bacterium	Bacteria	Proteobacteria	Alphaproteobacteria	0.5364	0.181	1146.0	LCAT;DUF900;Lipase_2	DUF900	True
AF-A0A3N5SJZ2-F1	0.16879468020084396	-0.03669841433798494	-0.05891598108106883	0.5170999999999999	Planctomycetaceae bacterium	Bacteria	Planctomycetota	Planctomycetia	0.6287	0.176	495.0	DUF900	DUF900	True
AF-A0A3N5TEL1-F1	0.161089281498406	-0.19294744637157923	0.1342713875784032	0.535775	Deltaproteobacteria bacterium	Bacteria	Proteobacteria	Deltaproteobacteria	0.5915	0.2	720.0	DUF900	DUF900	True
AF-A0A3N5ULN4-F1	0.16748346799435934	-0.1260975186650684	0.07781729591082966	0.56975	Deltaproteobacteria bacterium	Bacteria	Proteobacteria	Deltaproteobacteria	0.6264	0.157	852.0	DUF900	DUF900	True
AF-A0A3N5VVJ6-F1	0.07883696938297466	0.06248588147691387	-0.153732298363804	0.68625	Nitrosopumilales archaeon	Archaea	Thaumarchaeota		0.6579	0.334	112.0	DUF900	DUF900	True
AF-A0A3N5YUI6-F1	0.15235402722774438	-0.191929560537777	0.124023890242134	0.532975	Desulfobacteraceae bacterium	Bacteria	Proteobacteria	Deltaproteobacteria	0.5885	0.198	869.0	DUF900;Abhydrolase_6	DUF900	True
AF-A0A3N9U7C1-F1	0.05254365109299596	0.06257287918648007	-0.10471360827496698	0.45675	Halomonas sp. YLB-10	Bacteria	Proteobacteria	Gammaproteobacteria	0.6064	0.255	335.0	DUF726	DUF726	True
AF-A0A3P1CQ71-F1	0.2205049756227281	-0.06702068550670107	0.06444305658783125	0.5711499999999999	Larkinella knui	Bacteria	Bacteroidota	Cytophagia	0.6103	0.187	542.0	DUF900	DUF900	True
AF-A0A3P1V447-F1	0.1976423935369101	-0.10779263443213066	0.14656909756218017	0.5239	Brucellaceae bacterium VT-16-1752	Bacteria	Proteobacteria	Alphaproteobacteria	0.5725	0.167	916.0	DUF900;Abhydrolase_6	DUF900	True
AF-A0A3P8L8F4-F1	-0.01859875704155819	0.25073295321380284	0.0524407327869388	0.402825	Tsukamurella paurometabola	Bacteria	Actinobacteria	Actinomycetia	0.3882	0.132	1848.0	Cutinase	Other α/β hydrolase (CL0028)	True
AF-A0A3P8NJK7-F1	-0.533411067267547	-0.2604578524813848	-0.03227584983885774	0.15539999999999998	Astatotilapia calliptera	Eukaryota	Chordata	Actinopteri	0.19	0.125	2343.0	Peptidase_S10	Other α/β hydrolase (CL0028)	True
AF-A0A3P8STY9-F1	-0.5323664303321545	-0.2649314104872955	-0.03439827413933584	0.1555	Amphiprion percula	Eukaryota	Chordata	Actinopteri	0.1902	0.136	2342.0	Peptidase_S10	Other α/β hydrolase (CL0028)	True
AF-A0A3P8UYV6-F1	-0.5281212000203602	-0.26379992975324296	-0.017316813716576725	0.15137499999999998	Cynoglossus semilaevis	Eukaryota	Chordata	Actinopteri	0.1893	0.12	2403.0	Peptidase_S10	Other α/β hydrolase (CL0028)	True
AF-A0A3P8V0B1-F1	-0.5410941266681821	-0.253769796701014	-0.033672363208721634	0.1553	Cynoglossus semilaevis	Eukaryota	Chordata	Actinopteri	0.189	0.115	2458.0	Peptidase_S10	Other α/β hydrolase (CL0028)	True
AF-A0A3P9C8N6-F1	-0.5287661719828352	-0.2645536138519019	-0.033816294737953397	0.1551	Maylandia zebra	Eukaryota	Chordata	Actinopteri	0.1897	0.125	2359.0	Peptidase_S10	Other α/β hydrolase (CL0028)	True
AF-A0A3P9IL19-F1	-0.5348076856213426	-0.26592748411884687	-0.03440139993257223	0.1995	Oryzias latipes	Eukaryota	Chordata	Actinopteri	0.2479	0.131	2504.0	Peptidase_S10	Other α/β hydrolase (CL0028)	True
AF-A0A3P9L1M7-F1	-0.5298504953552309	-0.26720997082513726	-0.029776644507806094	0.20290000000000002	Oryzias latipes	Eukaryota	Chordata	Actinopteri	0.2512	0.137	2526.0	Peptidase_S10	Other α/β hydrolase (CL0028)	True
AF-A0A3P9L1N7-F1	-0.5253006292459047	-0.26327767790941015	-0.03525426471389972	0.1993	Oryzias latipes	Eukaryota	Chordata	Actinopteri	0.25	0.137	2479.0	Peptidase_S10	Other α/β hydrolase (CL0028)	True
AF-A0A3P9MXL7-F1	-0.532004566966574	-0.2681850115836363	-0.038198763843626506	0.18824999999999997	Poecilia reticulata	Eukaryota	Chordata	Actinopteri	0.2291	0.108	2489.0	Peptidase_S10	Other α/β hydrolase (CL0028)	True
AF-A0A3P9MXT4-F1	-0.5327864933343402	-0.26436358492406403	-0.04158159749152948	0.18680000000000002	Poecilia reticulata	Eukaryota	Chordata	Actinopteri	0.2292	0.108	2529.0	Peptidase_S10	Other α/β hydrolase (CL0028)	True
AF-A0A3Q1BYY1-F1	-0.5428006389485243	-0.2630270289763713	-0.02344210489491934	0.15535000000000002	Amphiprion ocellaris	Eukaryota	Chordata	Actinopteri	0.1899	0.136	2358.0	Peptidase_S10	Other α/β hydrolase (CL0028)	True
AF-A0A3Q1LIE2-F1	-0.5016177652830661	-0.2574851135208246	-0.07077486333727961	0.19615	Bos taurus	Eukaryota	Chordata	Mammalia	0.1758	0.116	2724.0	Peptidase_S10	Other α/β hydrolase (CL0028)	True
AF-A0A3Q2E5B4-F1	-0.544302816904726	-0.253751223967555	-0.03926458365838591	0.15535000000000002	Cyprinodon variegatus	Eukaryota	Chordata	Actinopteri	0.1904	0.125	2448.0	Peptidase_S10	Other α/β hydrolase (CL0028)	True
AF-A0A3Q3C7N3-F1	-0.5292019711347768	-0.26633747016142084	-0.03285833020177368	0.1552	Haplochromis burtoni	Eukaryota	Chordata	Actinopteri	0.1899	0.125	2376.0	Peptidase_S10	Other α/β hydrolase (CL0028)	True
AF-A0A3Q3EW09-F1	-0.5204168470060017	-0.26736693295059427	-0.03973827088663002	0.19537500000000002	Labrus bergylta	Eukaryota	Chordata	Actinopteri	0.2386	0.098	2604.0	Peptidase_S10	Other α/β hydrolase (CL0028)	True
AF-A0A3Q3JA87-F1	-0.5432323225813825	-0.2533173097880771	-0.037727699191717014	0.1552	Monopterus albus	Eukaryota	Chordata	Actinopteri	0.1891	0.125	2427.0	Peptidase_S10	Other α/β hydrolase (CL0028)	True
AF-A0A3Q3LSX4-F1	-0.5288155251411745	-0.25309503222787005	-0.030358214648437767	0.178275	Labrus bergylta	Eukaryota	Chordata	Actinopteri	0.2427	0.109	2503.0	Peptidase_S10	Other α/β hydrolase (CL0028)	True
AF-A0A3Q3QRW4-F1	-0.10807383111652727	0.15884460281014567	0.09907870764404234	0.26222500000000004	Monopterus albus	Eukaryota	Chordata	Actinopteri	0.3054	0.132	2437.0	Arginase	Other Pfam	True
AF-A0A3Q3SA07-F1	-0.5339920552297042	-0.2620000872502982	-0.011723977505420603	0.210925	Mastacembelus armatus	Eukaryota	Chordata	Actinopteri	0.2549	0.133	2472.0	Peptidase_S10	Other α/β hydrolase (CL0028)	True
AF-A0A3Q4HEI6-F1	-0.525054345792859	-0.26287620395872763	-0.03297546412050067	0.17545	Neolamprologus brichardi	Eukaryota	Chordata	Actinopteri	0.1897	0.125	2402.0	Peptidase_S10	Other α/β hydrolase (CL0028)	True
AF-A0A3Q8UV28-F1	-0.1673650295709662	0.2854439163286326	0.2742782452152327	0.174	Streptomyces sp. WAC 06738	Bacteria	Actinobacteria	Actinomycetia	0.2394	0.124	2818.0	Pkinase;PK_Tyr_Ser-Thr	Other Pfam	True
AF-A0A3Q8ZEJ9-F1	-0.07795248417456918	0.06587032865469597	-0.01994325561609732	0.346475	Mesorhizobium sp. M7D.F.Ca.US.005.01.1.1	Bacteria	Proteobacteria	Alphaproteobacteria	0.371	0.152	2041.0		No Pfam hit	True
AF-A0A3Q8ZVC4-F1	-0.09430974786724472	0.06483766008459535	-0.011913469136617665	0.34595	Mesorhizobium sp. M8A.F.Ca.ET.057.01.1.1	Bacteria	Proteobacteria	Alphaproteobacteria	0.4037	0.156	2252.0		No Pfam hit	True
AF-A0A3Q9IGZ2-F1	0.2321068217869583	-0.156088218283494	0.0770093841205763	0.5927749999999999	Caulobacter sp. FWC26	Bacteria	Proteobacteria	Alphaproteobacteria	0.6398	0.149	808.0	DUF900;Abhydrolase_6	DUF900	True
AF-A0A3R7A3W3-F1	0.059509657169175355	0.014423522787369896	-0.08072706997732498	0.436325	Aphanomyces astaci	Eukaryota	Oomycota		0.4835	0.177	1545.0	DUF726;DUF900	DUF900	True
AF-A0A3R7DBK8-F1	0.06654749429772422	-0.0011478278509897753	-0.05086810209209334	0.439575	Aphanomyces astaci	Eukaryota	Oomycota		0.4724	0.172	1483.0	DUF726;DUF900	DUF900	True
AF-A0A3R7ESZ9-F1	0.08241473527309365	-0.00826118336644075	-0.06298658379272722	0.48465	Aphanomyces astaci	Eukaryota	Oomycota		0.5124	0.172	1159.0	DUF726;DUF900	DUF900	True
AF-A0A3R7FRG0-F1	0.16659942502016276	0.004496837807904866	-0.15599644522842013	0.793275	Haloarcula sp. Atlit-47R	Archaea	Euryarchaeota	Halobacteria	0.7804	0.306	85.0	DUF900;DUF726	DUF900	True
AF-A0A3R7G447-F1	0.16969989144935765	0.0037061906363366525	-0.1558080695505837	0.7948500000000001	Haloarcula sp. Atlit-120R	Archaea	Euryarchaeota	Halobacteria	0.782	0.316	76.0	DUF900;DUF726	DUF900	True
AF-A0A3R8D4F6-F1	0.06811141244269985	0.013734923382923547	-0.07953422894887803	0.405425	Aphanomyces astaci	Eukaryota	Oomycota		0.4668	0.143	1427.0	DUF726;DUF900	DUF900	True
AF-A0A3R8M489-F1	0.22415515212731493	-0.1788496202702012	0.08792050336050503	0.553725	Caulobacter sp. 602-1	Bacteria	Proteobacteria	Alphaproteobacteria	0.625	0.155	908.0	DUF900;Abhydrolase_6	DUF900	True
AF-A0A3R8TKL5-F1	0.11765939590113851	-0.018599843458949987	-0.05805710944214537	0.46835	Empedobacter falsenii	Bacteria	Bacteroidota	Flavobacteriia	0.4904	0.141	1463.0	DUF900	DUF900	True
AF-A0A3R9KK12-F1	-0.08396470674776957	0.20524392548567374	0.0721318970118808	0.3262	Amycolatopsis eburnea	Bacteria	Actinobacteria	Actinomycetia	0.3471	0.127	2125.0	Cutinase	Other α/β hydrolase (CL0028)	True
AF-A0A3S0RZV6-F1	-0.17872973952898558	0.25183727265471584	0.09918995855921137	0.1968	Mycolicibacterium sp.	Bacteria	Actinobacteria	Actinomycetia	0.2499	0.117	2597.0	Cutinase	Other α/β hydrolase (CL0028)	True
AF-A0A3S2CG42-F1	-0.09359237131063662	0.05844514472788581	-0.012372068064637589	0.33904999999999996	Mesorhizobium sp. M7D.F.Ca.US.004.03.1.1	Bacteria	Proteobacteria	Alphaproteobacteria	0.3463	0.137	2200.0		No Pfam hit	True
AF-A0A3S2M981-F1	-0.5404310379099808	-0.26656569809625724	-0.03160932293920079	0.1607	Oryzias javanicus	Eukaryota	Chordata	Actinopteri	0.2024	0.144	2586.0	Peptidase_S10	Other α/β hydrolase (CL0028)	True
AF-A0A3S4S2U5-F1	-0.06758986730279927	0.22568002126959932	0.0590824251969377	0.40925	Mycolicibacterium aurum	Bacteria	Actinobacteria	Actinomycetia	0.3836	0.124	1906.0	Cutinase	Other α/β hydrolase (CL0028)	True
AF-A0A3S8X4L2-F1	-0.16275071870148972	0.2741658401399558	0.28710736423666716	0.16535	Streptomyces sp. WAC 01438	Bacteria	Actinobacteria	Actinomycetia	0.2183	0.132	2833.0	Pkinase;PK_Tyr_Ser-Thr;Peripla_BP_6	Periplasmic binding protein (CL0144)	True
AF-A0A3T0MZ44-F1	0.20620822683417941	-0.12056183956936839	0.053197761712532605	0.6287750000000001	Parasedimentitalea marina	Bacteria	Proteobacteria	Alphaproteobacteria	0.7051	0.179	337.0	DUF900;Abhydrolase_6	DUF900	True
AF-A0A401KXG5-F1	-0.16175627955696634	0.11102830169819715	-0.1307568487069143	0.29855	Aspergillus awamori	Eukaryota	Ascomycota	Eurotiomycetes	0.4458	0.12	1973.0	NACHT;TPR_10;TPR_12	P-loop NTPase (CL0023)	True
AF-A0A401RCE1-F1	0.013072881074209779	0.07840798131781611	-0.045286922497065646	0.472775	Streptomyces albulus	Bacteria	Actinobacteria	Actinomycetia	0.4407	0.151	1732.0	Abhydrolase_8	Other α/β hydrolase (CL0028)	True
AF-A0A401S401-F1	-0.5051606226649766	-0.23283554350037708	-0.0380411107965035	0.18275	Chiloscyllium punctatum	Eukaryota	Chordata	Chondrichthyes	0.1901	0.125	2588.0	Peptidase_S10	Other α/β hydrolase (CL0028)	True
AF-A0A401YFR4-F1	-0.03237520107810839	0.11392077684696408	-0.06400800077482995	0.4339	Embleya hyalina	Bacteria	Actinobacteria	Actinomycetia	0.4453	0.147	1724.0	Abhydrolase_8	Other α/β hydrolase (CL0028)	True
AF-A0A410P609-F1	0.13812997769976967	-0.20482596511801632	0.14448309181772231	0.52045	Candidatus Velamenicoccus archaeovorus	Bacteria	Candidatus Omnitrophica		0.5814	0.133	1183.0	DUF900	DUF900	True
AF-A0A410TU66-F1	0.13912739377715824	0.039755726366442506	-0.14749915016070517	0.6864	Halorubrum sp. BOL3-1	Archaea	Euryarchaeota	Halobacteria	0.6095	0.287	291.0	DUF900;DUF726	DUF900	True
AF-A0A420BLP3-F1	0.10396836644929823	0.010706617962624789	-0.03532366903629487	0.40775	Sphingobacterium detergens	Bacteria	Bacteroidota	Sphingobacteriia	0.4168	0.165	1554.0	DUF900	DUF900	True
AF-A0A420FPH3-F1	0.11570726567037212	-0.0063272157490428145	-0.029938270792731113	0.46435	Sphingobacterium siyangense	Bacteria	Bacteroidota	Sphingobacteriia	0.487	0.132	1283.0	DUF900	DUF900	True
AF-A0A420SES3-F1	-0.1410626237088622	0.137831447531681	-0.055395559917541304	0.3296	Fusarium proliferatum	Eukaryota	Ascomycota	Sordariomycetes	0.4101	0.094	2034.0		No Pfam hit	True
AF-A0A420VXP0-F1	0.09899599994516002	0.009858558175878766	-0.037585334599788196	0.413325	Sphingobacterium puteale	Bacteria	Bacteroidota	Sphingobacteriia	0.4413	0.143	1536.0	DUF900	DUF900	True
AF-A0A420WES6-F1	-0.2095469159212308	0.2709899672349925	0.277524534945367	0.128775	Litorimonas taeanensis	Bacteria	Proteobacteria	Alphaproteobacteria	0.1604	0.157	2830.0	LppC;Peripla_BP_6	Periplasmic binding protein (CL0144)	True
AF-A0A421EJC6-F1	0.1303682899039842	0.023097680699446843	-0.1621856385782629	0.685875	Halorubrum sp. Atlit-8R	Archaea	Euryarchaeota	Halobacteria	0.6604	0.256	314.0	DUF900;DUF726	DUF900	True
AF-A0A429G351-F1	-0.010216448971866025	0.07743265022205509	-0.052271214516955156	0.45585	Actinomadura sp. WAC 06369	Bacteria	Actinobacteria	Actinomycetia	0.4584	0.182	1673.0	Abhydrolase_8	Other α/β hydrolase (CL0028)	True
AF-A0A432FF52-F1	0.18415208697827273	0.03332963694011675	-0.16493128286110256	0.7993000000000001	Thaumarchaeota archaeon	Archaea	Thaumarchaeota		0.7451	0.282	157.0	DUF900;Cutinase;DUF726	DUF900	True
AF-A0A432FS14-F1	0.1551660312873038	-0.19080950186597495	0.21178168780808548	0.43995	Gammaproteobacteria bacterium	Bacteria	Proteobacteria	Gammaproteobacteria	0.4424	0.151	1450.0	DUF900	DUF900	True
AF-A0A432GE85-F1	0.1593579341372946	-0.1875501537758771	0.20816409949179174	0.40375	Gammaproteobacteria bacterium	Bacteria	Proteobacteria	Gammaproteobacteria	0.5275	0.136	1502.0	DUF900	DUF900	True
AF-A0A433DYW4-F1	-0.16446566974041746	0.3063694085116763	0.28144631208599474	0.12915500000000002	Streptomyces sp. NP10	Bacteria	Actinobacteria	Actinomycetia	0.173	0.119	2846.0	Pkinase;PK_Tyr_Ser-Thr;Collagen;Peripla_BP_6;ANF_receptor	Periplasmic binding protein (CL0144)	True
AF-A0A436ZTF8-F1	-0.18091377190427788	0.09062847973989638	-0.08086887069909253	0.283875	Arthrobotrys flagrans	Eukaryota	Ascomycota	Orbiliomycetes	0.3871	0.105	2206.0	ZZ;ZZ_ADA2	Other Pfam	True
AF-A0A437A5W1-F1	-0.23718588272016683	0.14104642105748497	0.025922294956869114	0.1913	Arthrobotrys flagrans	Eukaryota	Ascomycota	Orbiliomycetes	0.2386	0.132	2686.0		No Pfam hit	True
AF-A0A437LTE3-F1	0.21619913426130583	-0.13576605629063143	0.08985061132439578	0.5223	Inhella crocodyli	Bacteria	Proteobacteria	Betaproteobacteria	0.5745	0.175	1013.0	DUF900	DUF900	True
AF-A0A437M8C5-F1	0.23016994686981235	-0.12694515527988756	0.05596621353139836	0.6192500000000001	Sphingomonas crocodyli	Bacteria	Proteobacteria	Alphaproteobacteria	0.6792	0.148	392.0	DUF900;Abhydrolase_6	DUF900	True
AF-A0A445BIH2-F1	-0.17182669890493907	0.16892709981438814	0.12014891080679645	0.2187	Arachis hypogaea	Eukaryota	Streptophyta	Magnoliopsida	0.2202	0.122	2763.0	Ndr	Other α/β hydrolase (CL0028)	True
AF-A0A445GBR6-F1	-0.20990263074648438	0.19123264737975923	0.17916470827533154	0.1254	Glycine soja	Eukaryota	Streptophyta	Magnoliopsida	0.1544	0.113	2810.0	GTP-bdg_N;GTP-bdg_M;MMR_HSR1	P-loop NTPase (CL0023)	True
AF-A0A448HJV1-F1	-0.08016112355335346	0.22538495438423825	0.16430148282244708	0.19605	Actinomyces howellii	Bacteria	Actinobacteria	Actinomycetia	0.2378	0.143	2728.0	FMN_red	Other Pfam	True
AF-A0A448KFM5-F1	-0.08729262993382557	0.19844427048321628	0.14283287268333103	0.24947499999999997	Actinomyces slackii	Bacteria	Actinobacteria	Actinomycetia	0.2333	0.127	2677.0	FMN_red	Other Pfam	True
AF-A0A450S873-F1	0.22324431772850536	-0.13088189961189087	0.07985012253059554	0.5881749999999999	Candidatus Kentron sp. FM	Bacteria	Proteobacteria	Gammaproteobacteria	0.5957	0.157	844.0	DUF900	DUF900	True
AF-A0A450V9H8-F1	0.2345680951047919	-0.0930607818409548	0.003536124119902738	0.5957	Candidatus Kentron sp. LFY	Bacteria	Proteobacteria	Gammaproteobacteria	0.6125	0.176	739.0	DUF900	DUF900	True
AF-A0A450WLY0-F1	0.2113170848940114	-0.14103573774960118	0.06975450552156007	0.6189	Candidatus Kentron sp. LFY	Bacteria	Proteobacteria	Gammaproteobacteria	0.6336	0.153	874.0	DUF900	DUF900	True
AF-A0A450Y7X8-F1	0.18879761545444357	-0.12954564636850346	0.05191962824207591	0.610525	Candidatus Kentron sp. SD	Bacteria	Proteobacteria	Gammaproteobacteria	0.6032	0.161	574.0	DUF900	DUF900	True
AF-A0A482TKS1-F1	0.1602632040868917	-0.008585914405069853	-0.1599947339996309	0.775175	Haloarcula hispanica	Archaea	Euryarchaeota	Halobacteria	0.7859	0.331	67.0	DUF900;DUF726	DUF900	True
AF-A0A482XHJ6-F1	-0.5135994576114083	-0.23533031536323026	-0.04363160517525742	0.16585	Laodelphax striatellus	Eukaryota	Arthropoda	Insecta	0.2554	0.146	2464.0	Peptidase_S10	Other α/β hydrolase (CL0028)	True
AF-A0A482XSK4-F1	-0.5354849490745864	-0.24784933461114736	-0.0297861852921487	0.1753	Laodelphax striatellus	Eukaryota	Arthropoda	Insecta	0.2104	0.142	2299.0	Peptidase_S10	Other α/β hydrolase (CL0028)	True
AF-A0A484D9M8-F1	-0.5343513871077209	-0.25515063260641946	-0.04211765298372567	0.155175	Perca flavescens	Eukaryota	Chordata	Actinopteri	0.1898	0.125	2564.0	Peptidase_S10	Other α/β hydrolase (CL0028)	True
AF-A0A485LKZ9-F1	0.05026720655084222	-0.011789918272549639	-0.10042553890356673	0.46152499999999996	Aphanomyces stellatus	Eukaryota	Oomycota		0.5322	0.167	1069.0	DUF900;DUF726	DUF900	True
AF-A0A495KP80-F1	0.18645629869777233	-0.14124956532204966	0.13448254644305283	0.47015	Flavobacterium sp. 102	Bacteria	Bacteroidota	Flavobacteriia	0.5811	0.132	1137.0	DUF900	DUF900	True
AF-A0A495QVQ4-F1	0.1340155110727363	0.023791828807607607	-0.15310794359151053	0.70625	Haloarcula quadrata	Archaea	Euryarchaeota	Halobacteria	0.6956	0.263	331.0	DUF900;DUF726	DUF900	True
AF-A0A495R8U6-F1	0.15920550047781393	-0.003570699376564498	-0.16452457707896223	0.76075	Haloarcula quadrata	Archaea	Euryarchaeota	Halobacteria	0.7804	0.292	92.0	DUF900;DUF726	DUF900	True
AF-A0A495V3R8-F1	0.1857953637939365	-0.17801221554101812	0.22388060007894608	0.40485	Thiocapsa rosea	Bacteria	Proteobacteria	Gammaproteobacteria	0.483	0.133	1501.0	DUF900	DUF900	True
AF-A0A495VDR5-F1	0.17360687277291095	-0.1892653211946167	0.23092087785745677	0.38325	Thiocapsa rosea	Bacteria	Proteobacteria	Gammaproteobacteria	0.4526	0.166	1518.0	DUF900	DUF900	True
AF-A0A496PW67-F1	0.1636933686216265	-0.1682611219795119	0.2170612247641367	0.44435	Verrucomicrobia bacterium	Bacteria	Verrucomicrobia		0.5231	0.17	1646.0	DUF900	DUF900	True
AF-A0A497BMA0-F1	-0.12801260608035733	0.1868397637411937	0.107282709358845	0.253575	Chloroflexi bacterium	Bacteria	Chloroflexi		0.2462	0.132	2135.0		No Pfam hit	True
AF-A0A497VBQ7-F1	0.22146540128535055	-0.10248562936619245	0.04670694434368018	0.67065	Litoreibacter meonggei	Bacteria	Proteobacteria	Alphaproteobacteria	0.6637	0.142	457.0	DUF900;Abhydrolase_6	DUF900	True
AF-A0A498C252-F1	0.20430546030947674	-0.1143694201050657	0.059832446446733356	0.556225	Alkalispirillum mobile	Bacteria	Proteobacteria	Gammaproteobacteria	0.5613	0.202	433.0	DUF900;Abhydrolase_6	DUF900	True
AF-A0A498EDQ7-F1	0.18796344215257368	0.031794884463771704	-0.17232724248460562	0.9138	Haloferax sp. Atlit-109R	Archaea	Euryarchaeota	Halobacteria	0.9136	0.703	30.0		No Pfam hit	True
AF-A0A498EH53-F1	0.1904011846252212	0.02913195703562013	-0.17242759145321981	0.9384	Haloferax sp. Atlit-105R	Archaea	Euryarchaeota	Halobacteria	0.9384	0.703	18.0		No Pfam hit	True
AF-A0A498EWB8-F1	0.12820499640181734	0.019314618951143798	-0.1488370794166855	0.6852	Halorubrum sp. Atlit-28R	Archaea	Euryarchaeota	Halobacteria	0.6367	0.269	295.0	DUF900;DUF726	DUF900	True
AF-A0A498FGW4-F1	0.1354526312719665	0.024655961802656376	-0.1564261958250772	0.7119500000000001	Halorubrum sp. Atlit-9R	Archaea	Euryarchaeota	Halobacteria	0.6379	0.275	297.0	DUF900;DUF726	DUF900	True
AF-A0A498FY21-F1	0.12531349663640312	0.043084109231791554	-0.15027409198751587	0.6756249999999999	Halorubrum sp. Atlit-26R	Archaea	Euryarchaeota	Halobacteria	0.6052	0.283	300.0	DUF900;DUF726	DUF900	True
AF-A0A498GIW2-F1	0.16247090717902485	0.0047100877542944584	-0.15868332314529215	0.79455	Haloarcula sp. Atlit-7R	Archaea	Euryarchaeota	Halobacteria	0.7818	0.302	84.0	DUF900;DUF726	DUF900	True
AF-A0A498KWM4-F1	0.1253690690432343	0.06443976203537106	-0.1271365313184813	0.73835	Halorientalis pallida	Archaea	Euryarchaeota	Halobacteria	0.6743	0.285	237.0	DUF900;DUF726	DUF900	True
AF-A0A498KX20-F1	0.15264098255196146	0.012950911902824198	-0.17908408406924242	0.7550749999999999	Halorientalis pallida	Archaea	Euryarchaeota	Halobacteria	0.7961	0.346	61.0	DUF726	DUF726	True
AF-A0A498KXF6-F1	0.11783513305385933	0.007115367254841187	-0.15771500683293357	0.713625	Halorientalis pallida	Archaea	Euryarchaeota	Halobacteria	0.7397	0.247	121.0		No Pfam hit	True
AF-A0A498L3X7-F1	0.13950428733858447	0.03776438269304	-0.18116865741160926	0.8041	Halorientalis pallida	Archaea	Euryarchaeota	Halobacteria	0.8098	0.303	66.0		No Pfam hit	True
AF-A0A4C2EB61-F1	-0.16212353675464242	0.11554287456533575	0.04181974973637942	0.28047500000000003	Zygosaccharomyces mellis	Eukaryota	Ascomycota	Saccharomycetes	0.3588	0.112	1871.0	DUF676	DUF676	True
AF-A0A4C2EP15-F1	0.13868263358991115	0.02255470386110542	-0.1558379491097569	0.71055	Haloarcula mannanilytica	Archaea	Euryarchaeota	Halobacteria	0.7042	0.242	285.0	DUF900;DUF726	DUF900	True
AF-A0A4D4M9Y5-F1	-0.17384555672762989	0.2530988565479999	0.2981305839955319	0.18280000000000002	Streptomyces avermitilis	Bacteria	Actinobacteria	Actinomycetia	0.251	0.127	2799.0	Pkinase;PK_Tyr_Ser-Thr;Peripla_BP_6;Peripla_BP_5;ANF_receptor	Periplasmic binding protein (CL0144)	True
AF-A0A4D6HEL8-F1	0.15775019519584807	0.03848803475726522	-0.17812607349414183	0.768575	Halapricum salinum	Archaea	Euryarchaeota	Halobacteria	0.7917	0.352	69.0	DUF900;DUF726	DUF900	True
AF-A0A4D7BF30-F1	0.13951153179078496	-0.10123891928457845	0.12636853790161887	0.48482499999999995	Phreatobacter stygius	Bacteria	Proteobacteria	Alphaproteobacteria	0.5972	0.169	1278.0	DUF900;Abhydrolase_6	DUF900	True
AF-A0A4D7E2K8-F1	0.19208935655104156	-0.10928884883305524	0.15276949683937707	0.526575	Agrobacterium larrymoorei	Bacteria	Proteobacteria	Alphaproteobacteria	0.6219	0.147	1101.0	DUF900;Abhydrolase_6	DUF900	True
AF-A0A4D7YE52-F1	0.20162999836870193	-0.10516960748871776	0.1579587998929346	0.532675	Agrobacterium tumefaciens	Bacteria	Proteobacteria	Alphaproteobacteria	0.6354	0.152	1203.0	DUF900;Abhydrolase_6	DUF900	True
AF-A0A4P5THA6-F1	0.15916425013814484	-0.19847017105829737	0.17642633728622686	0.536875	Methylocystaceae bacterium	Bacteria	Proteobacteria	Alphaproteobacteria	0.6015	0.139	1098.0	DUF900	DUF900	True
AF-A0A4P5WUK3-F1	0.1998145511410591	-0.03240708274645427	-0.088254429158079	0.575125	Planctomycetia bacterium	Bacteria	Planctomycetota	Planctomycetia	0.6229	0.198	424.0		No Pfam hit	True
AF-A0A4P5X481-F1	0.1794241352745324	-0.168233522311643	0.2428315791063862	0.3912	Phycisphaerae bacterium	Bacteria	Planctomycetota	Phycisphaerae	0.4719	0.188	1592.0	DUF900	DUF900	True
AF-A0A4P5YED4-F1	0.18302640971595457	0.033562655445714185	-0.1817664324539516	0.7827	Nitrosopumilaceae archaeon	Archaea	Thaumarchaeota		0.7371	0.274	197.0	DUF900;DUF726	DUF900	True
AF-A0A4P6MCQ5-F1	0.22037012818075533	-0.11280398770313094	0.043371872335439585	0.5587	Thalassococcus sp. S3	Bacteria	Proteobacteria	Alphaproteobacteria	0.5886	0.158	778.0	DUF900	DUF900	True
AF-A0A4P7FD59-F1	0.17278854801131893	-0.09035011006196406	0.10787364370106564	0.53395	Beijerinckiaceae bacterium	Bacteria	Proteobacteria	Alphaproteobacteria	0.6335	0.165	1023.0	DUF900;Abhydrolase_6	DUF900	True
AF-A0A4P7HCS9-F1	-0.16099073466651592	0.2335883689662121	0.06543137736242728	0.2569	Nocardia sp. CS682	Bacteria	Actinobacteria	Actinomycetia	0.3487	0.14	2291.0	Cutinase	Other α/β hydrolase (CL0028)	True
AF-A0A4P7JMT3-F1	0.19955727896494627	-0.1204030613999928	0.03740245257999763	0.5972500000000001	Boseongicola sp. CCM32	Bacteria	Proteobacteria	Alphaproteobacteria	0.6123	0.16	600.0	DUF900;DUF676	DUF900	True
AF-A0A4P7NQ52-F1	-0.09715221095830275	0.25737115879473965	0.027852145093018556	0.2759	Pyricularia oryzae	Eukaryota	Ascomycota	Sordariomycetes	0.3694	0.137	2109.0	Cutinase	Other α/β hydrolase (CL0028)	True
AF-A0A4P8Q092-F1	-0.1555609622423743	0.26685578421600564	0.07327429748904062	0.2437	Rhodococcus sp. SGAir0479	Bacteria	Actinobacteria	Actinomycetia	0.3146	0.179	2087.0	Cutinase	Other α/β hydrolase (CL0028)	True
AF-A0A4P8QFC5-F1	0.18365131143435037	-0.12311528054487243	0.14209394015323368	0.53515	Brevundimonas sp. SGAir0440	Bacteria	Proteobacteria	Alphaproteobacteria	0.6328	0.155	1366.0	DUF900;Abhydrolase_6	DUF900	True
AF-A0A4P9TI00-F1	0.13812465636033633	0.04496740995489219	-0.16365272257279326	0.6908000000000001	Natrinema pallidum	Archaea	Euryarchaeota	Halobacteria	0.6908	0.241	252.0		No Pfam hit	True
AF-A0A4Q1EUW7-F1	0.12623821590282608	0.02292888498139108	-0.06272749576193755	0.47959999999999997	Chryseobacterium sp. CH21	Bacteria	Bacteroidota	Flavobacteriia	0.4992	0.154	1313.0	DUF900	DUF900	True
AF-A0A4Q1KZP4-F1	0.1973880485364254	-0.14469868384327905	0.09851156300236379	0.567225	Flavobacterium piscinae	Bacteria	Bacteroidota	Flavobacteriia	0.5919	0.139	865.0	DUF900	DUF900	True
AF-A0A4Q1UHE7-F1	-0.09241165773753061	0.054455691787377976	-0.005501106046033435	0.340125	Mesorhizobium erdmanii	Bacteria	Proteobacteria	Alphaproteobacteria	0.3422	0.148	2228.0		No Pfam hit	True
AF-A0A4Q2E3Q2-F1	0.21182181849653434	-0.09352353907281397	0.05820525882512213	0.5761499999999999	Enterobacter cloacae	Bacteria	Proteobacteria	Gammaproteobacteria	0.6049	0.145	777.0	DUF900	DUF900	True
AF-A0A4Q2SW88-F1	0.20298930836310766	-0.10773882241804875	0.14949137063046983	0.507325	Ciceribacter ferrooxidans	Bacteria	Proteobacteria	Alphaproteobacteria	0.5807	0.175	976.0	DUF900;Abhydrolase_6	DUF900	True
AF-A0A4Q2T039-F1	0.1780760280989827	-0.1295254746664282	0.1343042107836477	0.540675	Ciceribacter ferrooxidans	Bacteria	Proteobacteria	Alphaproteobacteria	0.6104	0.144	1394.0	DUF900;Abhydrolase_6	DUF900	True
AF-A0A4Q2UYD1-F1	-0.16721194202916678	0.13696910498713424	-0.13044244778573205	0.345	Fusarium oxysporum f. sp. narcissi	Eukaryota	Ascomycota	Sordariomycetes	0.4577	0.127	1844.0	Abhydrolase_6;NPHP3_N;NACHT	Other α/β hydrolase (CL0028)	True
AF-A0A4Q2V917-F1	-0.15262683864376075	0.15160565383980712	-0.08749171524346838	0.22055	Fusarium oxysporum f. sp. narcissi	Eukaryota	Ascomycota	Sordariomycetes	0.3047	0.115	2385.0		No Pfam hit	True
AF-A0A4Q2VDX0-F1	-0.16687699263189543	0.16964194391400003	-0.06908221525938582	0.21975	Fusarium oxysporum f. sp. narcissi	Eukaryota	Ascomycota	Sordariomycetes	0.3404	0.129	2536.0	NB-ARC;TPR_12;TPR_10;TPR_5;TPR_16;TPR_4;TPR_7	P-loop NTPase (CL0023)	True
AF-A0A4Q3G1H5-F1	0.20668164300938235	-0.1291928665436734	0.14797506062508586	0.52935	Hyphomicrobiales bacterium	Bacteria	Proteobacteria	Alphaproteobacteria	0.567	0.152	1106.0	DUF900	DUF900	True
AF-A0A4Q3S573-F1	0.15636122190285823	-0.13589932280520434	0.0705997730690665	0.565325	Caulobacteraceae bacterium	Bacteria	Proteobacteria	Alphaproteobacteria	0.6367	0.157	811.0	DUF900	DUF900	True
AF-A0A4Q3YA43-F1	0.2045766624522396	-0.102518123148182	0.03911990058521278	0.60805	Loktanella sp. IMCC34160	Bacteria	Proteobacteria	Alphaproteobacteria	0.6378	0.156	441.0	DUF900	DUF900	True
AF-A0A4Q4T244-F1	-0.15073181000413033	0.12856914510540926	-0.11176386893009935	0.29325	Monosporascus ibericus	Eukaryota	Ascomycota	Sordariomycetes	0.4243	0.111	2145.0	DUF676;NB-ARC;TPR_12;TPR_10;TPR_7;TPR_8;TPR_16;TPR_3	DUF676	True
AF-A0A4Q4T2Q2-F1	-0.13692726792985027	0.11708159675427021	-0.11164201701666376	0.3517	Monosporascus ibericus	Eukaryota	Ascomycota	Sordariomycetes	0.4502	0.125	1790.0	DUF676;Abhydrolase_6;NB-ARC	DUF676	True
AF-A0A4Q4TAH1-F1	-0.20235032329948607	0.1532782262555799	-0.029048154919631065	0.2238	Monosporascus ibericus	Eukaryota	Ascomycota	Sordariomycetes	0.2964	0.153	2128.0	DUF676;NB-ARC;TPR_12;TPR_10;TPR_7;TPR_8	DUF676	True
AF-A0A4Q4TZ42-F1	-0.16463275026746965	0.14097341044665834	-0.16484731286271823	0.404725	Monosporascus sp. GIB2	Eukaryota	Ascomycota	Sordariomycetes	0.4373	0.103	2061.0		No Pfam hit	True
AF-A0A4Q4U2P9-F1	-0.11966943588334927	0.1155433293485054	-0.10197131959445006	0.30862500000000004	Monosporascus sp. MC13-8B	Eukaryota	Ascomycota	Sordariomycetes	0.4345	0.111	1756.0	DDE_3;DUF676;Abhydrolase_6	DUF676	True
AF-A0A4Q4UBS8-F1	-0.2017775942524179	0.1594655426906221	-0.02416865409899426	0.20395	Monosporascus sp. MG133	Eukaryota	Ascomycota	Sordariomycetes	0.2983	0.124	2364.0	DUF676;Abhydrolase_6;NB-ARC;TPR_10;TPR_12;TPR_7;TPR_3;TPR_8;TPR_16	DUF676	True
AF-A0A4Q4WEU7-F1	-0.11669315505312089	0.15107640726751032	-0.09729157568680795	0.31955	Monosporascus sp. mg162	Eukaryota	Ascomycota	Sordariomycetes	0.4224	0.113	2262.0	NB-ARC	P-loop NTPase (CL0023)	True
AF-A0A4Q4X7X9-F1	-0.15481854150594868	0.10639600374035886	-0.13160655767798027	0.32965	Monosporascus sp. CRB-9-2	Eukaryota	Ascomycota	Sordariomycetes	0.4488	0.096	2036.0	DUF676;Abhydrolase_6;NB-ARC;TPR_12;TPR_10;TPR_7	DUF676	True
AF-A0A4Q4Z1X6-F1	-0.1816076865374956	0.1642338946957172	-0.07909297148472	0.29359999999999997	Monosporascus sp. CRB-9-2	Eukaryota	Ascomycota	Sordariomycetes	0.3666	0.131	2196.0	DUF676;NB-ARC	DUF676	True
AF-A0A4Q5KN32-F1	0.20935155547217607	-0.1049110741096937	0.03995115221713841	0.5435749999999999	Aliivibrio finisterrensis	Bacteria	Proteobacteria	Gammaproteobacteria	0.5866	0.177	425.0	DUF900	DUF900	True
AF-A0A4Q6JDQ2-F1	0.20870163179110474	-0.12001100045084925	0.07241397526563113	0.56185	Pseudoalteromonas sp. MEBiC 03485	Bacteria	Proteobacteria	Gammaproteobacteria	0.5748	0.173	389.0	DUF900	DUF900	True
AF-A0A4Q7EFY0-F1	0.22586493905278507	-0.14026002295585227	0.07103113167952517	0.599725	Leptolyngbya sp. LK	Bacteria	Cyanobacteria		0.6481	0.156	712.0	DUF900	DUF900	True
AF-A0A4Q7VZX3-F1	0.17534375673775124	-0.1701029705747196	0.2233931223571238	0.38475000000000004	Rivibacter subsaxonicus	Bacteria	Proteobacteria	Betaproteobacteria	0.461	0.173	1532.0	DUF900	DUF900	True
AF-A0A4Q7W0D5-F1	0.15099528262652087	-0.19524540295807535	0.2146542608954415	0.45315000000000005	Rivibacter subsaxonicus	Bacteria	Proteobacteria	Betaproteobacteria	0.4771	0.187	1423.0	DUF900	DUF900	True
AF-A0A4Q7W149-F1	0.18458967832274986	-0.17192174924975911	0.2124053064788381	0.48455	Rivibacter subsaxonicus	Bacteria	Proteobacteria	Betaproteobacteria	0.5695	0.166	1247.0	DUF900	DUF900	True
AF-A0A4Q7W234-F1	0.18737942537681107	-0.15707346918059725	0.22285941678695706	0.4256	Rivibacter subsaxonicus	Bacteria	Proteobacteria	Betaproteobacteria	0.54	0.138	1431.0	DUF900	DUF900	True
AF-A0A4R0Y5Z5-F1	0.2268667837442821	-0.11158534661816233	0.06117019690683437	0.5174000000000001	Roseococcus sp. SYP-B2431	Bacteria	Proteobacteria	Alphaproteobacteria	0.5701	0.152	968.0	DUF900	DUF900	True
AF-A0A4R1GMI5-F1	0.15507718567406883	-0.07010463252072645	0.10324969227607687	0.41200000000000003	Marinobacterium mangrovicola	Bacteria	Proteobacteria	Gammaproteobacteria	0.6139	0.142	986.0	Peptidase_C14;DUF4384;DUF900	DUF900	True
AF-A0A4R1RFG5-F1	0.17275119511015904	-0.1721687553895626	0.20269752984780254	0.4273	Rhizobium sp. BK251	Bacteria	Proteobacteria	Alphaproteobacteria	0.4993	0.151	1491.0	DUF900	DUF900	True
AF-A0A4R1XB79-F1	0.1973137824300204	-0.10738233269447696	0.04159545502444731	0.5342	Rhizobium sp. PP-F2F-G48	Bacteria	Proteobacteria	Alphaproteobacteria	0.5853	0.177	522.0	DUF900;Abhydrolase_6	DUF900	True
AF-A0A4R1YNQ4-F1	0.2116597257961336	-0.09839032096667352	0.04159686160387497	0.6113000000000001	Rhodovulum steppense	Bacteria	Proteobacteria	Alphaproteobacteria	0.648	0.18	551.0	DUF900	DUF900	True
AF-A0A4R2GUJ7-F1	0.1662855344939578	-0.058934906033454124	0.11042781185316507	0.543425	Camelimonas lactis	Bacteria	Proteobacteria	Alphaproteobacteria	0.6068	0.137	998.0	DUF900	DUF900	True
AF-A0A4R2PWU2-F1	0.22391940011976685	-0.08306785156597422	0.03540768001164191	0.6146250000000001	Rhodovulum marinum	Bacteria	Proteobacteria	Alphaproteobacteria	0.637	0.188	622.0	DUF900	DUF900	True
AF-A0A4R3AAK1-F1	0.19791225578415783	-0.10921062873540897	0.04600302237522158	0.52605	Neorhizobium sp. JUb45	Bacteria	Proteobacteria	Alphaproteobacteria	0.5571	0.18	481.0	DUF900;Abhydrolase_6	DUF900	True
AF-A0A4R3ACI4-F1	0.11995906005171181	0.0003293047850969301	-0.03529774320470555	0.415025	Sphingobacterium sp. JUb20	Bacteria	Bacteroidota	Sphingobacteriia	0.4131	0.158	1498.0	DUF900	DUF900	True
AF-A0A4R3AIT4-F1	0.12077170842096722	-0.0019431097031181888	-0.0380801215334628	0.42645	Sphingobacterium sp. JUb78	Bacteria	Bacteroidota	Sphingobacteriia	0.4305	0.153	1456.0	DUF900	DUF900	True
AF-A0A4R3FKU3-F1	0.17887802848245887	-0.16922982462870512	0.18550519436261756	0.45947499999999997	Rhizobium sp. BK376	Bacteria	Proteobacteria	Alphaproteobacteria	0.5528	0.179	1277.0	DUF900	DUF900	True
AF-A0A4R3H1T8-F1	0.19915034092139983	-0.12390202346377642	0.07479246791238542	0.5398000000000001	Caulobacter sp. BK020	Bacteria	Proteobacteria	Alphaproteobacteria	0.572	0.162	788.0	DUF900	DUF900	True
AF-A0A4R3JND2-F1	0.09252589007874962	0.014332663781554827	-0.03210413960338017	0.465325	Primorskyibacter sedentarius	Bacteria	Proteobacteria	Alphaproteobacteria	0.4541	0.209	1145.0	DUF900	DUF900	True
AF-A0A4R4AGB7-F1	0.19172511937776734	-0.17778155214243918	0.21570806867665662	0.4745	Marichromatium gracile	Bacteria	Proteobacteria	Gammaproteobacteria	0.5676	0.164	1436.0	DUF900	DUF900	True
AF-A0A4R4MG42-F1	-0.012897322037335207	0.0859682996886716	-0.039812034979948265	0.444875	Actinomadura sp. 7K534	Bacteria	Actinobacteria	Actinomycetia	0.4639	0.159	1649.0	Abhydrolase_8	Other α/β hydrolase (CL0028)	True
AF-A0A4R4NJW7-F1	-0.022641255743114347	0.0855605869883299	-0.03753048000473661	0.4401	Actinomadura bangladeshensis	Bacteria	Actinobacteria	Actinomycetia	0.4551	0.165	1686.0	Abhydrolase_8	Other α/β hydrolase (CL0028)	True
AF-A0A4R4NKG2-F1	-0.023666424485847666	0.07994629727927831	-0.04564465379263167	0.4555	Actinomadura bangladeshensis	Bacteria	Actinobacteria	Actinomycetia	0.4619	0.147	1611.0	Abhydrolase_8	Other α/β hydrolase (CL0028)	True
AF-A0A4R4S356-F1	-0.005000949383673881	0.09768494610043185	-0.03538360590677023	0.45855	Actinomadura sp. KC345	Bacteria	Actinobacteria	Actinomycetia	0.4727	0.172	1663.0	Abhydrolase_8	Other α/β hydrolase (CL0028)	True
AF-A0A4R4SGD3-F1	-0.18737121252158576	0.2721625856556463	0.27257031686683614	0.13609500000000002	Streptomyces hainanensis	Bacteria	Actinobacteria	Actinomycetia	0.1879	0.156	2695.0	Pkinase;PK_Tyr_Ser-Thr;Peripla_BP_6;ANF_receptor	Periplasmic binding protein (CL0144)	True
AF-A0A4R4SPZ7-F1	-0.02237235819577803	0.0791285858553273	-0.04900587173733433	0.45172500000000004	Actinomadura sp. GC306	Bacteria	Actinobacteria	Actinomycetia	0.4736	0.15	1678.0	Abhydrolase_8	Other α/β hydrolase (CL0028)	True
AF-A0A4R4TXN6-F1	-0.012377328585063725	0.10016209109440428	-0.04660851227782419	0.449925	Actinomadura sp. 7K507	Bacteria	Actinobacteria	Actinomycetia	0.4733	0.155	1612.0	Abhydrolase_8	Other α/β hydrolase (CL0028)	True
AF-A0A4R4TXP8-F1	-0.03105718299080828	0.07682940276801083	-0.0494236011960463	0.4607	Actinomadura sp. 7K507	Bacteria	Actinobacteria	Actinomycetia	0.4866	0.169	1529.0	Abhydrolase_8	Other α/β hydrolase (CL0028)	True
AF-A0A4R4VK77-F1	-0.20898781665044072	0.286440747701103	0.2381866803110647	0.117905	Nonomuraea deserti	Bacteria	Actinobacteria	Actinomycetia	0.148	0.115	2798.0	Peripla_BP_6;Peripla_BP_5;ANF_receptor	Periplasmic binding protein (CL0144)	True
AF-A0A4R4XM42-F1	-0.03294030013804606	0.07000419728523453	-0.06446232338251824	0.442925	Actinomadura sp. KC06	Bacteria	Actinobacteria	Actinomycetia	0.4518	0.171	1654.0	Abhydrolase_8	Other α/β hydrolase (CL0028)	True
AF-A0A4R4XMA3-F1	-0.003171701215083285	0.09039498959897127	-0.056334772408437525	0.4647	Actinomadura sp. KC06	Bacteria	Actinobacteria	Actinomycetia	0.4766	0.144	1610.0	Abhydrolase_8	Other α/β hydrolase (CL0028)	True
AF-A0A4R5BJI0-F1	-0.04517313500668842	0.09294676167662776	-0.044743459860089985	0.4193	Actinomadura rubrisoli	Bacteria	Actinobacteria	Actinomycetia	0.4331	0.163	1657.0	Abhydrolase_8	Other α/β hydrolase (CL0028)	True
AF-A0A4R5BL42-F1	-0.02136717528061691	0.07995137521742034	-0.06471833407039541	0.44005	Actinomadura rubrisoli	Bacteria	Actinobacteria	Actinomycetia	0.4764	0.141	1689.0	Abhydrolase_8	Other α/β hydrolase (CL0028)	True
AF-A0A4R5BTS1-F1	-0.030613087422235487	0.07458348867138095	-0.04876855802967292	0.4381	Actinomadura darangshiensis	Bacteria	Actinobacteria	Actinomycetia	0.486	0.182	1569.0	Abhydrolase_8	Other α/β hydrolase (CL0028)	True
AF-A0A4R5BWE1-F1	-0.015915912502009813	0.09530459739935554	-0.053054857360421724	0.4516	Actinomadura darangshiensis	Bacteria	Actinobacteria	Actinomycetia	0.4671	0.162	1656.0	Abhydrolase_8	Other α/β hydrolase (CL0028)	True
AF-A0A4R5DZ38-F1	-0.020222534628983373	0.08215052167175978	-0.03418896469813223	0.44945	Actinomadura sp. 6K520	Bacteria	Actinobacteria	Actinomycetia	0.464	0.14	1687.0	Abhydrolase_8	Other α/β hydrolase (CL0028)	True
AF-A0A4R5XAJ4-F1	-0.051985901876936004	0.2328970126656219	0.05574151382885757	0.40769999999999995	Mycolicibacterium obuense	Bacteria	Actinobacteria	Actinomycetia	0.3613	0.128	1992.0	Cutinase	Other α/β hydrolase (CL0028)	True
AF-A0A4R5XI01-F1	-0.22496983251817984	0.14918116156716085	0.008812981860547032	0.242175	Rickenella mellea	Eukaryota	Basidiomycota	Agaricomycetes	0.2648	0.119	2592.0	DUF676;Abhydrolase_6	DUF676	True
AF-A0A4R6ARI4-F1	0.20884448957852916	-0.12154045549678667	0.03141599652761782	0.600275	Fluviibacterium aquatile	Bacteria	Proteobacteria	Alphaproteobacteria	0.6404	0.161	545.0	DUF900	DUF900	True
AF-A0A4R6SC73-F1	-0.10849909706250979	0.1875833255416043	0.006403330318961672	0.35635	Labedaea rhizosphaerae	Bacteria	Actinobacteria	Actinomycetia	0.3853	0.131	1997.0	Cutinase;PE-PPE	Other α/β hydrolase (CL0028)	True
AF-A0A4R6UVE9-F1	0.19713199365948292	-0.10261836945785811	0.0515220426598416	0.55515	Permianibacter aggregans	Bacteria	Proteobacteria	Gammaproteobacteria	0.5979	0.156	695.0	DUF900;Abhydrolase_6	DUF900	True
AF-A0A4R7LL52-F1	0.2106805614919451	-0.10523764464433058	0.05180249910603567	0.647725	Litoreibacter halocynthiae	Bacteria	Proteobacteria	Alphaproteobacteria	0.6567	0.148	508.0	DUF900	DUF900	True
AF-A0A4R7LZQ4-F1	0.15195367949218866	0.0251758685278138	-0.20004508014614483	0.48685	Arthrobacter sp. AG258	Bacteria	Actinobacteria	Actinomycetia	0.5376	0.105	1379.0		No Pfam hit	True
AF-A0A4R8S2F9-F1	0.1369397331808655	0.017766379720624153	-0.19643705993463384	0.487025	Mycobacteroides salmoniphilum	Bacteria	Actinobacteria	Actinomycetia	0.5756	0.127	1285.0		No Pfam hit	True
AF-A0A4R8SGB4-F1	0.13524442368504325	0.025312776570795392	-0.1977588598633822	0.4669	Mycobacteroides salmoniphilum	Bacteria	Actinobacteria	Actinomycetia	0.5468	0.141	1448.0		No Pfam hit	True
AF-A0A4R8SYW0-F1	0.13568519090117653	0.04110707620384255	-0.18421015003273147	0.443675	Mycobacteroides salmoniphilum	Bacteria	Actinobacteria	Actinomycetia	0.5139	0.126	1524.0		No Pfam hit	True
AF-A0A4R8TRS9-F1	-0.11053422553512818	0.18622978651294436	0.12721239661987602	0.14087500000000003	Colletotrichum sidae	Eukaryota	Ascomycota	Sordariomycetes	0.1561	0.135	2789.0	Peptidase_C14	Other Pfam	True
AF-A0A4S0RS88-F1	-0.08470923955680483	0.059887180964196755	-0.009952442259337326	0.397775	Mesorhizobium sp. M8A.F.Ca.ET.213.01.1.1	Bacteria	Proteobacteria	Alphaproteobacteria	0.3729	0.146	2176.0		No Pfam hit	True
AF-A0A4S2MVR3-F1	-0.19859505555470272	0.10212216107804371	-0.12958875063686465	0.324175	Ascodesmis nigricans	Eukaryota	Ascomycota	Pezizomycetes	0.3774	0.094	1950.0		No Pfam hit	True
AF-A0A4S3ZXW2-F1	0.20145222600123597	-0.11767964958231743	0.15309711990651728	0.523075	Allorhizobium terrae	Bacteria	Proteobacteria	Alphaproteobacteria	0.5904	0.183	897.0	DUF900;Abhydrolase_6	DUF900	True
AF-A0A4S4KXC7-F1	-0.17121374686217317	0.11484854975275374	0.011220481790357294	0.30095	Phellinidium pouzarii	Eukaryota	Basidiomycota	Agaricomycetes	0.3415	0.121	1966.0	DUF676	DUF676	True
AF-A0A4S8JGE7-F1	-0.15166934878461052	0.21696844075156593	0.18701133372236176	0.145975	Musa balbisiana	Eukaryota	Streptophyta	Magnoliopsida	0.1717	0.133	2880.0	GTP-bdg_N;GTP-bdg_M;MMR_HSR1	P-loop NTPase (CL0023)	True
AF-A0A4S8S0S1-F1	-0.1721125226300753	0.1585118577251813	0.021259132839503602	0.19544	Aureobasidium pullulans	Eukaryota	Ascomycota	Dothideomycetes	0.2994	0.157	2265.0		No Pfam hit	True
AF-A0A4S9VWJ2-F1	-0.16774384902114062	0.1647916424188578	0.02296476237622714	0.2169875	Aureobasidium pullulans	Eukaryota	Ascomycota	Dothideomycetes	0.3186	0.148	2247.0		No Pfam hit	True
AF-A0A4S9XX02-F1	-0.16472337069553886	0.15227928598252943	0.026935351114706043	0.1982925	Aureobasidium pullulans	Eukaryota	Ascomycota	Dothideomycetes	0.3119	0.134	2151.0		No Pfam hit	True
AF-A0A4T0BKY9-F1	-0.13786804472302486	0.19873822866523405	0.1255852649575626	0.22744999999999999	Aureobasidium pullulans	Eukaryota	Ascomycota	Dothideomycetes	0.199	0.154	2676.0		No Pfam hit	True
AF-A0A4U0H412-F1	-0.16215661230547088	0.14258876585720234	0.10456424384046002	0.160275	Arthrobacter sp. CAU 1506	Bacteria	Actinobacteria	Actinomycetia	0.1505	0.125	2808.0	Glyco_tranf_2_3;Glycos_transf_2	Other Pfam	True
AF-A0A4U5V632-F1	-0.5354602603875694	-0.2613892207914443	-0.031680267911840726	0.16362500000000002	Collichthys lucidus	Eukaryota	Chordata	Actinopteri	0.2076	0.12	2553.0	Peptidase_S10	Other α/β hydrolase (CL0028)	True
AF-A0A4U7C1T6-F1	0.14773561996000456	0.04676833708581741	-0.14239954187073095	0.707375	Halorubrum sp. CGM5_25_10-8B	Archaea	Euryarchaeota	Halobacteria	0.6581	0.267	262.0	DUF900;DUF726	DUF900	True
AF-A0A4U7C745-F1	0.14814053938250168	0.04891674153294009	-0.1423498199191756	0.705275	Halorubrum sp. CGM4_25_10-8A	Archaea	Euryarchaeota	Halobacteria	0.6589	0.273	308.0	DUF900;DUF726	DUF900	True
AF-A0A4U7CCV6-F1	0.1310798183728487	0.023492370127706167	-0.15197218045286923	0.678725	Halorubrum sp. ARQ200	Archaea	Euryarchaeota	Halobacteria	0.6318	0.266	309.0	DUF900;DUF726	DUF900	True
AF-A0A4U7CKA7-F1	0.14634900953979418	0.04276430860879032	-0.1449223643489185	0.735475	Halorubrum sp. SD690R	Archaea	Euryarchaeota	Halobacteria	0.6693	0.271	250.0	DUF900;DUF726	DUF900	True
AF-A0A4U7D2X1-F1	0.12944141592457936	0.020826353597597456	-0.1469483878120225	0.681275	Halorubrum sp. ASP121	Archaea	Euryarchaeota	Halobacteria	0.6553	0.263	275.0	DUF900;DUF726	DUF900	True
AF-A0A4U7DEZ2-F1	0.12950969938438744	0.0180695593059613	-0.14389618612737895	0.70915	Halorubrum sp. SP3	Archaea	Euryarchaeota	Halobacteria	0.6518	0.281	268.0	Abhydrolase_8;DUF900;DUF726	DUF900	True
AF-A0A4U7DQR0-F1	0.13325255325767627	0.024249541231195174	-0.14782967270618852	0.70475	Halorubrum sp. ASP1	Archaea	Euryarchaeota	Halobacteria	0.6464	0.26	316.0	DUF900;DUF726	DUF900	True
AF-A0A4U7DR36-F1	0.133716232111271	0.02544487647147333	-0.1451341941787612	0.6629	Halorubrum sp. SS7	Archaea	Euryarchaeota	Halobacteria	0.6664	0.253	279.0	DUF900;DUF726	DUF900	True
AF-A0A4U7E2U8-F1	0.14483233350206365	0.04065236381496755	-0.14793199127742243	0.730625	Halorubrum sp. GN12_10-3_MGM	Archaea	Euryarchaeota	Halobacteria	0.6648	0.278	253.0	DUF900;DUF726	DUF900	True
AF-A0A4U7EPI6-F1	0.12921587120723982	0.025545047177051708	-0.1478346311753328	0.685325	Halorubrum sp. SP9	Archaea	Euryarchaeota	Halobacteria	0.6428	0.288	312.0	Abhydrolase_8;DUF900;DUF726	DUF900	True
AF-A0A4U7EQ50-F1	0.15134165556400286	0.027058222992965217	-0.14749638531298626	0.7810250000000001	Halorubrum sp. GN11GM_10-3_MGM	Archaea	Euryarchaeota	Halobacteria	0.7109	0.257	215.0	DUF726	DUF726	True
AF-A0A4U7FAI9-F1	0.13977782658798257	0.029763279177553385	-0.1458223089999177	0.74665	Halorubrum sp. SD626R	Archaea	Euryarchaeota	Halobacteria	0.6636	0.275	311.0	DUF900;DUF726	DUF900	True
AF-A0A4U8YV79-F1	0.1874664878756346	-0.12181417959172935	0.15830473672770298	0.5206999999999999	Methylocella tundrae	Bacteria	Proteobacteria	Alphaproteobacteria	0.5718	0.158	1085.0	DUF900;Abhydrolase_6	DUF900	True
AF-A0A4U9U7Q8-F1	0.10433320353179595	0.006846425889655213	-0.040613444999291703	0.40502499999999997	Sphingobacterium thalpophilum	Bacteria	Bacteroidota	Sphingobacteriia	0.4286	0.156	1680.0	DUF900	DUF900	True
AF-A0A4V1ZXR3-F1	0.10717514554691002	0.01968242120586614	-0.03686265312059563	0.45005	Sphingomonadales bacterium	Bacteria	Proteobacteria	Alphaproteobacteria	0.508	0.167	1428.0	DUF900	DUF900	True
AF-A0A4V2SAF9-F1	0.18685927538042083	-0.06871769357767116	0.023450390265112822	0.5885	Rhodovulum euryhalinum	Bacteria	Proteobacteria	Alphaproteobacteria	0.6015	0.215	448.0	DUF900	DUF900	True
AF-A0A4V2XHE7-F1	-0.04020952933431781	0.08874233381783224	-0.05883831579165122	0.431525	Actinomadura sp. 7K534	Bacteria	Actinobacteria	Actinomycetia	0.4555	0.168	1607.0	Abhydrolase_8	Other α/β hydrolase (CL0028)	True
AF-A0A4V3AQJ0-F1	0.20820714662137954	-0.14118494854037775	0.044466158090884875	0.54225	Algoriphagus aquimaris	Bacteria	Bacteroidota	Cytophagia	0.5933	0.188	737.0	DUF900	DUF900	True
AF-A0A4V6BBC2-F1	0.1762808090041831	-0.12114711646226886	0.18899049919289318	0.4844	Agrobacterium sp. LC34	Bacteria	Proteobacteria	Alphaproteobacteria	0.5649	0.137	1598.0	DUF900;Abhydrolase_6	DUF900	True
AF-A0A4V6D5K2-F1	-0.1769811476242637	-0.0006646196399512188	-0.045346381155910845	0.36785	Setaria viridis	Eukaryota	Streptophyta	Magnoliopsida	0.3911	0.129	1963.0	Abhydrolase_3	Other α/β hydrolase (CL0028)	True
AF-A0A4V6E7W8-F1	0.13393152263189748	0.03137699422985035	-0.12651821416879666	0.74475	Halorubrum sp. GN11_10-6_MGM	Archaea	Euryarchaeota	Halobacteria	0.6411	0.305	232.0	DUF900;DUF726	DUF900	True
AF-A0A4W2CME9-F1	-0.5348130420097378	-0.27194504419639565	-0.025319202379129907	0.13582	Bos indicus x Bos taurus	Eukaryota	Chordata	Mammalia	0.177	0.116	2737.0	Peptidase_S10	Other α/β hydrolase (CL0028)	True
AF-A0A4W2EFB3-F1	-0.4967848913921244	-0.24814745003993158	-0.05346844648266177	0.14395	Bos indicus x Bos taurus	Eukaryota	Chordata	Mammalia	0.1739	0.11	2706.0	Peptidase_S10	Other α/β hydrolase (CL0028)	True
AF-A0A4W2FW86-F1	-0.5339883272325066	-0.27200389727845475	-0.020722195044583117	0.13568750000000002	Bos indicus x Bos taurus	Eukaryota	Chordata	Mammalia	0.1769	0.116	2657.0	Peptidase_S10	Other α/β hydrolase (CL0028)	True
AF-A0A4W2HQP3-F1	-0.4907297374601366	-0.24875321548693616	-0.06351808838007819	0.18310749999999998	Bos indicus x Bos taurus	Eukaryota	Chordata	Mammalia	0.177	0.116	2633.0	Peptidase_S10	Other α/β hydrolase (CL0028)	True
AF-A0A4W6DJE4-F1	-0.5251966970428948	-0.26415087234830115	-0.020870645050606196	0.155175	Lates calcarifer	Eukaryota	Chordata	Actinopteri	0.1891	0.115	2447.0	Peptidase_S10	Other α/β hydrolase (CL0028)	True
AF-A0A4W6DJJ5-F1	-0.5265120445360622	-0.260974668137571	-0.030760485687274852	0.154125	Lates calcarifer	Eukaryota	Chordata	Actinopteri	0.1889	0.115	2463.0	Peptidase_S10	Other α/β hydrolase (CL0028)	True
AF-A0A4Y3RCU6-F1	-0.1904114114402647	0.25000180793791493	0.26853949671633803	0.1315925	Streptomyces gardneri	Bacteria	Actinobacteria	Actinomycetia	0.1786	0.143	2778.0	Pkinase;PK_Tyr_Ser-Thr	Other Pfam	True
AF-A0A4Y7I558-F1	-0.15956882698750996	0.1914281594101606	0.12243702789361532	0.158225	Papaver somniferum	Eukaryota	Streptophyta	Magnoliopsida	0.2005	0.131	2749.0	VDE	Other Pfam	True
AF-A0A4Y7Q957-F1	-0.070927306009868	0.19346275135489388	0.15091691280575903	0.254725	Rickenella mellea	Eukaryota	Basidiomycota	Agaricomycetes	0.24	0.125	2658.0		No Pfam hit	True
AF-A0A4Y8T1A8-F1	0.0905921982005823	0.00498805259730162	-0.11351970541903608	0.44072500000000003	Bacillus thuringiensis	Bacteria	Firmicutes	Bacilli	0.4893	0.169	1525.0		No Pfam hit	True
AF-A0A4Y9M8Z8-F1	-0.0373025151353512	0.2546416386050986	0.07851608891549594	0.31484999999999996	Blastococcus sp. TF02A_35	Bacteria	Actinobacteria	Actinomycetia	0.3603	0.108	1938.0	Cutinase	Other α/β hydrolase (CL0028)	True
AF-A0A4Y9N2E4-F1	0.15424604021009158	0.014538217073862564	-0.19185882033321128	0.482275	Mycobacterium sp. PS03-16	Bacteria	Actinobacteria	Actinomycetia	0.5502	0.115	1422.0		No Pfam hit	True
AF-A0A4Y9R2D0-F1	0.19984974331457311	-0.13978471607444048	0.06444479870303788	0.5504749999999999	Algoriphagus kandeliae	Bacteria	Bacteroidota	Cytophagia	0.6011	0.186	703.0	DUF900	DUF900	True
AF-A0A4Y9UMV8-F1	0.19686301216639604	-0.11413653640412971	0.1343522998938009	0.529325	Bradyrhizobium sp. MOS001	Bacteria	Proteobacteria	Alphaproteobacteria	0.5487	0.157	910.0	DUF900;Abhydrolase_6	DUF900	True
AF-A0A4Z0LBX4-F1	0.19197157825190922	-0.12741438649165404	0.132882532771407	0.515675	Flavobacterium humi	Bacteria	Bacteroidota	Flavobacteriia	0.6504	0.133	1325.0	DUF900	DUF900	True
AF-A0A4Z0YEW2-F1	-0.13563591166549901	0.13229585540962815	-0.09806770642774497	0.30265	Xylaria hypoxylon	Eukaryota	Ascomycota	Sordariomycetes	0.4453	0.127	1828.0	DUF676;NB-ARC;TPR_12;TPR_10;TPR_7	DUF676	True
AF-A0A4Z1BUK9-F1	0.1225966194946131	-0.024596044702340822	-0.053946393801956656	0.4659	Empedobacter tilapiae	Bacteria	Bacteroidota	Flavobacteriia	0.4992	0.164	1455.0	DUF900	DUF900	True
AF-A0A4Z1RM83-F1	-0.026688665326589187	0.07981528725409925	-0.021021783559176135	0.43065	Luteimonas yindakuii	Bacteria	Proteobacteria	Gammaproteobacteria	0.4634	0.126	1885.0	Abhydrolase_8	Other α/β hydrolase (CL0028)	True
AF-A0A4Z2CE94-F1	-0.528314240829428	-0.2633292255127977	-0.033111422501034354	0.16785	Takifugu bimaculatus	Eukaryota	Chordata	Actinopteri	0.2088	0.126	2308.0	Peptidase_S10	Other α/β hydrolase (CL0028)	True
AF-A0A4Z2IKI5-F1	-0.5317192499621288	-0.26187725347309887	-0.03392660655749133	0.155	Liparis tanakae	Eukaryota	Chordata	Actinopteri	0.1896	0.125	2394.0	Peptidase_S10	Other α/β hydrolase (CL0028)	True
AF-A0A502XTY9-F1	-0.09145603401516868	0.06275957854094727	-0.005631843538291198	0.35777499999999995	Mesorhizobium sp. B2-6-5	Bacteria	Proteobacteria	Alphaproteobacteria	0.3722	0.139	2226.0		No Pfam hit	True
AF-A0A503I4T8-F1	-0.08813466376033825	0.05817839051021357	-0.006383926342690108	0.3705	Mesorhizobium sp. B2-4-19	Bacteria	Proteobacteria	Alphaproteobacteria	0.4044	0.144	2178.0		No Pfam hit	True
AF-A0A503TL52-F1	-0.09469021118817228	0.05510439906677917	-0.01553574448052091	0.35197500000000004	Mesorhizobium sp. B2-3-12	Bacteria	Proteobacteria	Alphaproteobacteria	0.3417	0.143	2209.0		No Pfam hit	True
AF-A0A503WD49-F1	-0.09146359268009698	0.05793401022204928	-0.020987620743137588	0.3511	Mesorhizobium sp. B2-3-4	Bacteria	Proteobacteria	Alphaproteobacteria	0.3639	0.141	2175.0		No Pfam hit	True
AF-A0A504BAL2-F1	-0.09677042447538342	0.06595810292203706	-0.019295354096156098	0.3387	Mesorhizobium sp. B2-1-3A	Bacteria	Proteobacteria	Alphaproteobacteria	0.3624	0.144	2274.0		No Pfam hit	True
AF-A0A505HWA1-F1	-0.15679240652987897	0.1251305047589425	-0.1297678630703804	0.30400000000000005	Aspergillus niger	Eukaryota	Ascomycota	Eurotiomycetes	0.4522	0.114	1919.0	DUF7779;TPR_10;TPR_12	Other Pfam	True
AF-A0A507AVB3-F1	-0.15692077311428898	0.10623918117467605	-0.11056760901220707	0.29964999999999997	Thyridium curvatum	Eukaryota	Ascomycota	Sordariomycetes	0.4438	0.135	1931.0	DUF676;AAA_16;NB-ARC;TPR_12;TPR_10;TPR_8	DUF676	True
AF-A0A507B0W9-F1	-0.15153596111438986	0.13957394599771836	-0.045369590332546395	0.24719999999999998	Thyridium curvatum	Eukaryota	Ascomycota	Sordariomycetes	0.3521	0.142	2188.0	NPHP3_N	P-loop NTPase (CL0023)	True
AF-A0A507B5G0-F1	-0.16987049554693961	0.10400670050339243	-0.12348023805966965	0.35840000000000005	Thyridium curvatum	Eukaryota	Ascomycota	Sordariomycetes	0.4183	0.108	2085.0		No Pfam hit	True
AF-A0A507ESZ3-F1	-0.17908659650447542	0.06877518397413611	-0.04017101588788327	0.27325	Chytriomyces confervae	Eukaryota	Chytridiomycota	Chytridiomycetes	0.3281	0.103	2195.0	Say1_Mug180;BD-FAE;Abhydrolase_3	Other α/β hydrolase (CL0028)	True
AF-A0A507FGA1-F1	-0.1895906703628105	0.002884605572200413	-0.03403006494238433	0.341625	Chytriomyces confervae	Eukaryota	Chytridiomycota	Chytridiomycetes	0.3743	0.091	2124.0	Say1_Mug180;BD-FAE;Abhydrolase_3	Other α/β hydrolase (CL0028)	True
AF-A0A507WGG6-F1	0.23837412481092543	-0.1363409362250407	0.07653416463999767	0.617225	Moraxellaceae bacterium AER2_44_116	Bacteria	Proteobacteria	Gammaproteobacteria	0.6573	0.146	797.0	DUF900	DUF900	True
AF-A0A510PPR9-F1	0.22640701856036524	-0.1787201069639971	0.06808778186218209	0.5892249999999999	Microcystis aeruginosa 11-30S32	Bacteria	Cyanobacteria		0.6147	0.161	675.0	DUF900	DUF900	True
AF-A0A510UJ62-F1	0.21229531453213904	-0.10038825979106848	0.039575090962432134	0.596525	Aliivibrio fischeri	Bacteria	Proteobacteria	Gammaproteobacteria	0.6494	0.148	472.0	DUF900	DUF900	True
AF-A0A511MYL7-F1	0.1443226528170943	-0.000668815803340019	-0.22846682794607245	0.49707500000000004	Deinococcus cellulosilyticus NBRC 106333 = KACC 11606	Bacteria	Deinococcus-Thermus	Deinococci	0.5945	0.105	1089.0	DUF900	DUF900	True
AF-A0A511NKE8-F1	0.1110824178858132	0.014649403672642728	-0.04559014789310548	0.45630000000000004	Empedobacter brevis NBRC 14943 = ATCC 43319	Bacteria	Bacteroidota	Flavobacteriia	0.4801	0.147	1434.0	DUF900	DUF900	True
AF-A0A511QFJ9-F1	0.22597368763605713	-0.060087055789797915	-0.029128683183943814	0.6563249999999999	Vibrio sagamiensis NBRC 104589	Bacteria	Proteobacteria	Gammaproteobacteria	0.652	0.18	662.0	DUF900	DUF900	True
AF-A0A512HDR3-F1	0.2014299688730863	-0.09478546058147437	0.15313681079007072	0.517775	Ciceribacter naphthalenivorans	Bacteria	Proteobacteria	Alphaproteobacteria	0.5838	0.175	965.0	DUF900;Abhydrolase_6	DUF900	True
AF-A0A512MB88-F1	0.13615043260499107	-0.06718718318478907	0.059472585450791225	0.4621	Brevifollis gellanilyticus	Bacteria	Verrucomicrobia	Verrucomicrobiae	0.5393	0.145	1403.0	DUF900	DUF900	True
AF-A0A512N3G4-F1	0.2164604318378231	-0.10151105353261693	0.05495830515720103	0.562325	Reyranella soli	Bacteria	Proteobacteria	Alphaproteobacteria	0.5747	0.157	838.0	DUF900	DUF900	True
AF-A0A514LCL5-F1	0.17312756092436074	0.039713303153694694	-0.1868110347798805	0.8036	Candidatus Nitrosopumilus sp. SW	Archaea	Thaumarchaeota		0.7417	0.26	213.0	DUF900;DUF676;DUF726	DUF900	True
AF-A0A517M4V9-F1	0.1908445216019189	-0.002558923552364038	-0.10020338776301198	0.608125	Rosistilla ulvae	Bacteria	Planctomycetota	Planctomycetia	0.6488	0.162	710.0		No Pfam hit	True
AF-A0A517M7J0-F1	0.19733507857228774	-0.011369707865701587	-0.07868228055864013	0.5646	Rosistilla ulvae	Bacteria	Planctomycetota	Planctomycetia	0.6671	0.158	699.0		No Pfam hit	True
AF-A0A517MJ92-F1	0.17982104615421685	0.009684691334750112	-0.11274095144353508	0.5904	Roseimaritima multifibrata	Bacteria	Planctomycetota	Planctomycetia	0.6551	0.15	388.0		No Pfam hit	True
AF-A0A517NHP4-F1	0.1937077014865783	-0.009416525069333267	-0.1044450414187954	0.56485	Rubripirellula lacrimiformis	Bacteria	Planctomycetota	Planctomycetia	0.6256	0.17	502.0		No Pfam hit	True
AF-A0A517PP99-F1	0.2007974874222535	-0.056631137318727445	-0.08530178956647126	0.65	Gimesia chilikensis	Bacteria	Planctomycetota	Planctomycetia	0.7055	0.186	460.0		No Pfam hit	True
AF-A0A517PUM1-F1	0.22740771814133723	-0.12112866372324557	0.1289970609182416	0.5163500000000001	Gimesia chilikensis	Bacteria	Planctomycetota	Planctomycetia	0.6248	0.141	1046.0	DUF900	DUF900	True
AF-A0A517QCE7-F1	0.22204313509910534	-0.14427586088846164	0.13746498326443282	0.5001249999999999	Gimesia panareensis	Bacteria	Planctomycetota	Planctomycetia	0.5511	0.2	880.0	DUF900	DUF900	True
AF-A0A517QIT2-F1	0.20676868173876678	-0.004917164400050422	-0.06320767464257786	0.5674250000000001	Thalassoglobus polymorphus	Bacteria	Planctomycetota	Planctomycetia	0.631	0.179	680.0	DUF900	DUF900	True
AF-A0A517QNQ5-F1	-0.16904066883543764	0.2934281828041341	0.24453198994670713	0.1755	Thalassoglobus polymorphus	Bacteria	Planctomycetota	Planctomycetia	0.2319	0.115	2805.0	Pkinase;PK_Tyr_Ser-Thr;Peripla_BP_6;ANF_receptor	Periplasmic binding protein (CL0144)	True
AF-A0A517RG87-F1	0.19619806233014725	-0.05842070803803996	-0.07545496779775382	0.662925	Gimesia alba	Bacteria	Planctomycetota	Planctomycetia	0.7018	0.191	464.0	DUF900	DUF900	True
AF-A0A517RL46-F1	0.21311636092879607	-0.14626485966394856	0.13439407537458475	0.49377499999999996	Gimesia alba	Bacteria	Planctomycetota	Planctomycetia	0.5864	0.125	1059.0	DUF900	DUF900	True
AF-A0A517S7I7-F1	0.1952231501011291	-0.031503827512888556	-0.08568558638014082	0.600625	Caulifigura coniformis	Bacteria	Planctomycetota	Planctomycetia	0.6557	0.165	704.0		No Pfam hit	True
AF-A0A517SZQ8-F1	0.16563840804132562	-0.0069625255038560895	-0.1111445780124753	0.5569000000000001	Planctomycetes bacterium SV_7m_r	Bacteria	Planctomycetota		0.6377	0.144	494.0		No Pfam hit	True
AF-A0A517TQX6-F1	0.18178497086899978	-0.01572238107218753	-0.1077267816328896	0.544725	Planctomycetes bacterium MalM25	Bacteria	Planctomycetota		0.5823	0.177	921.0		No Pfam hit	True
AF-A0A517TW13-F1	0.17945321484855214	-0.027007633325010216	-0.09038550681704391	0.591675	Lacipirellula limnantheis	Bacteria	Planctomycetota	Planctomycetia	0.6355	0.147	536.0		No Pfam hit	True
AF-A0A517V7G6-F1	0.2123911670122771	-0.04408925482652958	-0.06224113484317509	0.649875	Gimesia algae	Bacteria	Planctomycetota	Planctomycetia	0.7027	0.185	471.0		No Pfam hit	True
AF-A0A517VJD7-F1	0.22241230892730376	-0.13169690636355225	0.11916283404532771	0.5172	Gimesia algae	Bacteria	Planctomycetota	Planctomycetia	0.5928	0.195	827.0	DUF900	DUF900	True
AF-A0A517VWX8-F1	0.21368551586662315	-0.0429883284932664	-0.08043326273970834	0.65925	Gimesia aquarii	Bacteria	Planctomycetota	Planctomycetia	0.6962	0.195	443.0	DUF900	DUF900	True
AF-A0A517WDM9-F1	0.19885549416786372	-0.05385462289395097	-0.0972795560696688	0.6541	Gimesia chilikensis	Bacteria	Planctomycetota	Planctomycetia	0.7087	0.178	461.0		No Pfam hit	True
AF-A0A517WIE8-F1	0.22777397007245753	-0.12662775586168662	0.12580048350987982	0.50255	Gimesia chilikensis	Bacteria	Planctomycetota	Planctomycetia	0.5894	0.174	892.0	DUF900	DUF900	True
AF-A0A517X0Y6-F1	0.2069438718380883	-0.047509076962878274	-0.08048616416331758	0.64705	Gimesia aquarii	Bacteria	Planctomycetota	Planctomycetia	0.6982	0.187	566.0	DUF900	DUF900	True
AF-A0A517YNM9-F1	0.1824499054002281	-0.0456222432549986	-0.08128780957708057	0.5863499999999999	Anatilimnocola aggregata	Bacteria	Planctomycetota	Planctomycetia	0.6383	0.174	658.0		No Pfam hit	True
AF-A0A517Z7H5-F1	0.1688806238540351	-0.04271908740436453	-0.07736699709178636	0.556	Maioricimonas rarisocia	Bacteria	Planctomycetota	Planctomycetia	0.6682	0.196	549.0		No Pfam hit	True
AF-A0A517ZU55-F1	0.20937612761200722	0.0005678783951472813	-0.08354420590732317	0.5748	Symmachiella dynata	Bacteria	Planctomycetota	Planctomycetia	0.6304	0.159	651.0		No Pfam hit	True
AF-A0A518A727-F1	0.2072641565299782	-0.046903061998154354	-0.07746702628408696	0.6496999999999999	Gimesia panareensis	Bacteria	Planctomycetota	Planctomycetia	0.7029	0.195	485.0	DUF900	DUF900	True
AF-A0A518AVA3-F1	0.1796900137606285	-0.045240887541056804	-0.09966960286314626	0.58595	Aeoliella mucimassa	Bacteria	Planctomycetota	Planctomycetia	0.5628	0.172	624.0		No Pfam hit	True
AF-A0A518BTW5-F1	0.16273316578759503	-0.17844479207941402	0.21392966807766833	0.48325	Mucisphaera calidilacus	Bacteria	Planctomycetota	Phycisphaerae	0.5767	0.152	1506.0	DUF900	DUF900	True
AF-A0A518CB32-F1	0.18399018562988712	-0.016246009663695927	-0.0977801364631545	0.581425	Bremerella volcania	Bacteria	Planctomycetota	Planctomycetia	0.651	0.138	649.0		No Pfam hit	True
AF-A0A518CH16-F1	0.16875005555663816	-0.02049615991142927	-0.0788789968233482	0.5361499999999999	Polystyrenella longa	Bacteria	Planctomycetota	Planctomycetia	0.6949	0.144	488.0	DUF900	DUF900	True
AF-A0A518DER4-F1	0.1824722117331944	-0.01785898979953758	-0.12357942741141055	0.60885	Pirellulimonas nuda	Bacteria	Planctomycetota	Planctomycetia	0.6544	0.156	532.0		No Pfam hit	True
AF-A0A518E069-F1	0.1840525321806965	-0.026662536875477972	-0.1104505203174777	0.55665	Lignipirellula cremea	Bacteria	Planctomycetota	Planctomycetia	0.6322	0.15	571.0		No Pfam hit	True
AF-A0A518FIM9-F1	0.20563393479265557	-0.051369498621524956	-0.07806573921059755	0.650175	Gimesia panareensis	Bacteria	Planctomycetota	Planctomycetia	0.7115	0.195	415.0	DUF900	DUF900	True
AF-A0A518FUZ8-F1	0.22450832747564206	-0.13552346615809233	0.1298436715428204	0.4996	Gimesia panareensis	Bacteria	Planctomycetota	Planctomycetia	0.5614	0.167	1128.0	DUF900	DUF900	True
AF-A0A518G0K1-F1	0.18965929195225728	-0.016918008655579263	-0.0716626040628992	0.5738749999999999	Aureliella helgolandensis	Bacteria	Planctomycetota	Planctomycetia	0.6351	0.181	795.0		No Pfam hit	True
AF-A0A518HEU7-F1	0.18087902995536814	-0.026893255993585236	-0.09012052510768628	0.5123	Tautonia plasticadhaerens	Bacteria	Planctomycetota	Planctomycetia	0.5433	0.156	946.0		No Pfam hit	True
AF-A0A518HFF4-F1	0.17346546303012633	-0.03054051309003246	-0.08624394315864796	0.53305	Tautonia plasticadhaerens	Bacteria	Planctomycetota	Planctomycetia	0.5949	0.202	711.0		No Pfam hit	True
AF-A0A518HVU4-F1	0.1841758290808014	0.0007834854682864519	-0.09665953602101808	0.6174	Stieleria neptunia	Bacteria	Planctomycetota	Planctomycetia	0.6869	0.16	407.0		No Pfam hit	True
AF-A0A518ID43-F1	0.2075089544159908	-0.056156914762616576	-0.08860288442348163	0.646925	Gimesia fumaroli	Bacteria	Planctomycetota	Planctomycetia	0.7012	0.178	500.0	DUF900	DUF900	True
AF-A0A518IHY6-F1	0.20978749373587177	-0.13753633759830383	0.13297714705993763	0.49405	Gimesia fumaroli	Bacteria	Planctomycetota	Planctomycetia	0.5837	0.173	801.0	DUF900	DUF900	True
AF-A0A518IVL9-F1	0.16346269868490712	-0.03859128242121641	-0.08576121364632822	0.551975	Rosistilla oblonga	Bacteria	Planctomycetota	Planctomycetia	0.6375	0.175	742.0	DUF900	DUF900	True
AF-A0A518IXQ6-F1	0.19632937018473973	-0.00504433574104727	-0.0921137969579706	0.5837	Rosistilla oblonga	Bacteria	Planctomycetota	Planctomycetia	0.627	0.162	616.0		No Pfam hit	True
AF-A0A518JWZ2-F1	0.2119150154991991	0.00411379319032326	-0.10113466961783249	0.609175	Rosistilla carotiformis	Bacteria	Planctomycetota	Planctomycetia	0.6169	0.164	744.0		No Pfam hit	True
AF-A0A518K091-F1	0.16430632753510616	-0.05811530407266616	-0.08519118210958972	0.541775	Rosistilla carotiformis	Bacteria	Planctomycetota	Planctomycetia	0.6134	0.146	825.0		No Pfam hit	True
AF-A0A518K2U4-F1	0.17297603942344209	-0.023673603481429304	-0.12352656221114475	0.6046	Botrimarina mediterranea	Bacteria	Planctomycetota	Planctomycetia	0.646	0.167	752.0		No Pfam hit	True
AF-A0A519HPP1-F1	0.23525168353766057	-0.18084969848636445	0.10227040066500273	0.573225	Brevundimonas sp.	Bacteria	Proteobacteria	Alphaproteobacteria	0.6663	0.16	830.0	DUF900;Abhydrolase_6	DUF900	True
AF-A0A519JI43-F1	0.22217716409330596	-0.1816963946602764	0.08905596938669606	0.5946	Brevundimonas sp.	Bacteria	Proteobacteria	Alphaproteobacteria	0.641	0.152	747.0	DUF900;Abhydrolase_6	DUF900	True
AF-A0A519SWF3-F1	0.13650644911369736	0.0027434850068445353	-0.13178052643542024	0.619875	Flavobacterium sp.	Bacteria	Bacteroidota	Flavobacteriia	0.6309	0.174	761.0	DUF900	DUF900	True
AF-A0A520IRE1-F1	0.1613897441320812	0.012841118435689204	-0.13644925146627862	0.6768000000000001	Pedobacter sp.	Bacteria	Bacteroidota	Sphingobacteriia	0.6638	0.174	353.0	DUF900	DUF900	True
AF-A0A520R2F8-F1	0.18747140409976445	-0.04043969473387206	-0.09337221889452903	0.542925	Phycisphaeraceae bacterium	Bacteria	Planctomycetota	Phycisphaerae	0.5788	0.174	779.0	DUF900	DUF900	True
AF-A0A520RRL9-F1	0.05556589499478155	0.07301158811497911	-0.10024342190865433	0.48205	Halieaceae bacterium	Bacteria	Proteobacteria	Gammaproteobacteria	0.6151	0.127	1103.0		No Pfam hit	True
AF-A0A521C6R4-F1	0.19333057155810796	-0.1336238160495214	0.1528228694202318	0.46135	Gracilimonas mengyeensis	Bacteria	Balneolaeota	Balneolia	0.6096	0.148	1235.0	DUF900	DUF900	True
AF-A0A521PW35-F1	0.23756596932435367	-0.1530471518690586	0.09139473947765304	0.6033499999999999	Phenylobacterium sp.	Bacteria	Proteobacteria	Alphaproteobacteria	0.6529	0.145	663.0	DUF900;Abhydrolase_6	DUF900	True
AF-A0A521T9K2-F1	0.19579863416480653	0.03539710752058	-0.1651134243502008	0.7868	Nitrosarchaeum sp.	Archaea	Thaumarchaeota		0.7334	0.268	218.0	DUF900;DUF726	DUF900	True
AF-A0A521UTA8-F1	-0.056444388034852064	0.12156330209005234	0.05845477040200894	0.342075	Xanthomonadaceae bacterium	Bacteria	Proteobacteria	Gammaproteobacteria	0.3795	0.135	2297.0		No Pfam hit	True
AF-A0A521WGU1-F1	0.20794125934873695	-0.10475208593329695	0.03247423782595168	0.555375	Gammaproteobacteria bacterium	Bacteria	Proteobacteria	Gammaproteobacteria	0.6098	0.197	514.0	DUF900;Abhydrolase_6	DUF900	True
AF-A0A522GWU1-F1	0.15615752612807035	-0.07651818979724122	0.11981446276710654	0.476875	Beijerinckiaceae bacterium	Bacteria	Proteobacteria	Alphaproteobacteria	0.5593	0.134	1466.0	DUF900	DUF900	True
AF-A0A522RCE9-F1	0.18099944954492037	-0.10998894661952785	0.1494656411893508	0.5139	Rhizobiaceae bacterium	Bacteria	Proteobacteria	Alphaproteobacteria	0.574	0.157	1034.0	DUF900	DUF900	True
AF-A0A522S9N2-F1	-0.1713685146968819	0.3121300587565691	0.3183008490197019	0.1585	Rhizobiaceae bacterium	Bacteria	Proteobacteria	Alphaproteobacteria	0.1807	0.125	2855.0	Peripla_BP_6;ANF_receptor	Periplasmic binding protein (CL0144)	True
AF-A0A522XLP4-F1	0.1883199988674524	0.050257485095270615	-0.16555399204765364	0.7652	Candidatus Nitrosotenuis sp.	Archaea	Thaumarchaeota		0.7024	0.246	168.0	DUF900;DUF726	DUF900	True
AF-A0A522YW28-F1	0.18937311297502207	0.05120356945051219	-0.17634758932108724	0.7693	Candidatus Nitrosotenuis sp.	Archaea	Thaumarchaeota		0.7132	0.252	173.0	DUF900;DUF726	DUF900	True
AF-A0A523I6A4-F1	0.14329661441090996	-0.20010950253296458	0.12964131026389056	0.497925	Chloroflexi bacterium	Bacteria	Chloroflexi		0.5356	0.2	992.0	DUF900;Abhydrolase_6	DUF900	True
AF-A0A523JM69-F1	0.18507347892535206	-0.10516170783650061	0.1589336483070707	0.44777500000000003	Gammaproteobacteria bacterium	Bacteria	Proteobacteria	Gammaproteobacteria	0.5599	0.183	856.0	TPR_12;TPR_10;DUF900;Abhydrolase_6	DUF900	True
AF-A0A523JNV7-F1	0.21274553568389437	-0.08567512922536903	0.027179706035608094	0.6238	Gammaproteobacteria bacterium	Bacteria	Proteobacteria	Gammaproteobacteria	0.6522	0.153	629.0	DUF900;Abhydrolase_6	DUF900	True
AF-A0A523L5X8-F1	0.20236696847428035	-0.1042856139983783	0.06612424984947697	0.5833999999999999	Gammaproteobacteria bacterium	Bacteria	Proteobacteria	Gammaproteobacteria	0.6237	0.16	847.0	DUF900	DUF900	True
AF-A0A523MAH9-F1	0.21801365361649272	-0.09882011938307673	0.016033023151015627	0.6398999999999999	Gammaproteobacteria bacterium	Bacteria	Proteobacteria	Gammaproteobacteria	0.682	0.155	362.0	DUF900;Abhydrolase_6	DUF900	True
AF-A0A523MPZ4-F1	0.17697649682993097	-0.13097338889550428	0.05943529543873306	0.5690500000000001	Gammaproteobacteria bacterium	Bacteria	Proteobacteria	Gammaproteobacteria	0.6138	0.158	753.0	DUF900	DUF900	True
AF-A0A523NFX8-F1	0.20920105265154332	-0.15297670963535553	0.19875044021380087	0.499975	Planctomycetota bacterium	Bacteria	Planctomycetota		0.5743	0.182	1295.0	DUF900	DUF900	True
AF-A0A523QPI2-F1	-0.11100523927124613	0.22474407280471106	0.10206911044583604	0.26255	Dehalococcoidia bacterium	Bacteria	Chloroflexi	Dehalococcoidia	0.2684	0.155	2232.0		No Pfam hit	True
AF-A0A523TA11-F1	-0.11563393666334204	0.19803957285352627	0.10880979020141761	0.269775	Dehalococcoidia bacterium	Bacteria	Chloroflexi	Dehalococcoidia	0.2576	0.175	1946.0		No Pfam hit	True
AF-A0A523XYN1-F1	-0.13172788085732245	0.20164272527094387	0.0878669952176664	0.267725	Candidatus Nealsonbacteria bacterium	Bacteria	Candidatus Nealsonbacteria		0.2579	0.141	2190.0		No Pfam hit	True
AF-A0A523Y7I2-F1	-0.14234045926036207	0.1918709922093336	0.08116636290281061	0.27185000000000004	Dehalococcoidia bacterium	Bacteria	Chloroflexi	Dehalococcoidia	0.2754	0.14	2136.0		No Pfam hit	True
AF-A0A524HBJ8-F1	-0.12083249550324122	0.18164994721376188	0.08445670376164766	0.24564999999999998	Dehalococcoidia bacterium	Bacteria	Chloroflexi	Dehalococcoidia	0.2634	0.119	2134.0		No Pfam hit	True
AF-A0A525CT95-F1	0.16699892423754908	-0.20156959643644687	0.19890784601587674	0.471775	Desulfobulbaceae bacterium	Bacteria	Proteobacteria	Deltaproteobacteria	0.5574	0.152	1479.0	DUF900	DUF900	True
AF-A0A534NU58-F1	0.20541756377606632	-0.14882816906490962	0.079898088065211	0.602175	Deltaproteobacteria bacterium	Bacteria	Proteobacteria	Deltaproteobacteria	0.645	0.188	639.0	DUF900	DUF900	True
AF-A0A534TCP2-F1	0.18288289670490912	-0.17264734146416968	0.06722636215801597	0.6123999999999999	Deltaproteobacteria bacterium	Bacteria	Proteobacteria	Deltaproteobacteria	0.6519	0.161	793.0	DUF900	DUF900	True
AF-A0A536X4Y0-F1	0.20345619766042466	-0.13978152487907747	0.11461315281527913	0.514875	Betaproteobacteria bacterium	Bacteria	Proteobacteria	Betaproteobacteria	0.5623	0.143	981.0	DUF900;Abhydrolase_6	DUF900	True
AF-A0A536Y0G4-F1	-0.1384313824706022	0.2932061191379425	0.24059195308098363	0.21125	Betaproteobacteria bacterium	Bacteria	Proteobacteria	Betaproteobacteria	0.1935	0.087	2836.0	Peripla_BP_6	Periplasmic binding protein (CL0144)	True
AF-A0A537NBT0-F1	0.20702054189494445	-0.07702676109040306	0.016408370173342336	0.6267	Alphaproteobacteria bacterium	Bacteria	Proteobacteria	Alphaproteobacteria	0.6829	0.183	361.0	DUF900	DUF900	True
AF-A0A537QAG4-F1	0.20527927074649152	-0.06822330838921305	0.010279952884156458	0.62515	Alphaproteobacteria bacterium	Bacteria	Proteobacteria	Alphaproteobacteria	0.6668	0.183	358.0	DUF900	DUF900	True
AF-A0A537TKZ5-F1	-0.1773006010195874	0.28619042301492964	0.29364643896315784	0.18159999999999998	Alphaproteobacteria bacterium	Bacteria	Proteobacteria	Alphaproteobacteria	0.2261	0.132	2831.0	Peripla_BP_6	Periplasmic binding protein (CL0144)	True
AF-A0A537X5U4-F1	-0.12903480615821258	0.23446033964710844	0.1588006017820956	0.133575	Actinomycetia bacterium	Bacteria	Actinobacteria	Actinomycetia	0.1266	0.147	2819.0	Peripla_BP_6	Periplasmic binding protein (CL0144)	True
AF-A0A538MTH3-F1	0.1692029253453335	0.018645096002321327	-0.24500881398066215	0.5161250000000001	Actinomycetia bacterium	Bacteria	Actinobacteria	Actinomycetia	0.5905	0.117	1117.0		No Pfam hit	True
AF-A0A538NH54-F1	0.19711774765197795	-0.12915938159899212	0.023383235508260953	0.533625	Verrucomicrobia bacterium	Bacteria	Verrucomicrobia		0.5465	0.187	557.0	DUF900;Abhydrolase_6	DUF900	True
AF-A0A540VCH7-F1	-0.17187325157296834	0.29574009835073606	0.2766984103867205	0.218125	Litorilinea aerophila	Bacteria	Chloroflexi	Caldilineae	0.1664	0.132	2878.0	Peripla_BP_6;ANF_receptor	Periplasmic binding protein (CL0144)	True
AF-A0A543BZQ8-F1	-0.03761723245984023	0.09833140485071334	-0.01957095209729894	0.4115	Actinoallomurus bryophytorum	Bacteria	Actinobacteria	Actinomycetia	0.4294	0.114	1817.0	Abhydrolase_8	Other α/β hydrolase (CL0028)	True
AF-A0A543IC44-F1	-0.015465200579445943	0.095822758584513	-0.04520183468073935	0.44825000000000004	Actinomadura hallensis	Bacteria	Actinobacteria	Actinomycetia	0.4613	0.157	1664.0	Abhydrolase_8	Other α/β hydrolase (CL0028)	True
AF-A0A543IC75-F1	-0.023074348766596205	0.07421860711005905	-0.054611876671241746	0.44530000000000003	Actinomadura hallensis	Bacteria	Actinobacteria	Actinomycetia	0.4717	0.17	1493.0	Abhydrolase_8	Other α/β hydrolase (CL0028)	True
AF-A0A544QP56-F1	0.15047920968455186	0.021068922891290323	-0.16917584146953343	0.7094	Halonotius roseus	Archaea	Euryarchaeota	Halobacteria	0.7241	0.242	302.0	DUF900;DUF726	DUF900	True
AF-A0A545AJ01-F1	-0.16908555616794385	0.2851104422913868	0.24297565995473702	0.11707999999999999	Cryptosporangium phraense	Bacteria	Actinobacteria	Actinomycetia	0.1612	0.094	2848.0	HSP70;Peripla_BP_6	Periplasmic binding protein (CL0144)	True
AF-A0A545SNA1-F1	0.17039912342058142	-0.1329267881250261	0.15378520877526125	0.45177500000000004	Aliiroseovarius halocynthiae	Bacteria	Proteobacteria	Alphaproteobacteria	0.5471	0.151	1207.0	Pentapeptide;DUF900	DUF900	True
AF-A0A546XI12-F1	0.19846844488561774	-0.11083343053678639	0.15408426131525943	0.5194000000000001	Agrobacterium rhizogenes	Bacteria	Proteobacteria	Alphaproteobacteria	0.6123	0.144	1189.0	DUF900;Abhydrolase_6	DUF900	True
AF-A0A546Y6P4-F1	0.19737751968510137	-0.10968264782273951	0.14067449966187728	0.50215	Agrobacterium tumefaciens	Bacteria	Proteobacteria	Alphaproteobacteria	0.6094	0.141	1299.0	DUF900;Abhydrolase_6	DUF900	True
AF-A0A547LE70-F1	-0.08636420346867255	0.05661954046289844	-0.024736360153524695	0.361375	Mesorhizobium sp. WSM4315	Bacteria	Proteobacteria	Alphaproteobacteria	0.3741	0.149	2201.0		No Pfam hit	True
AF-A0A549SZ59-F1	0.1927020506690963	-0.0789171459097023	0.13253318293134259	0.512275	Rhizobium straminoryzae	Bacteria	Proteobacteria	Alphaproteobacteria	0.6243	0.136	877.0	DUF900;Abhydrolase_6	DUF900	True
AF-A0A551Y1Y1-F1	0.2306645869535835	-0.15128478419667252	0.06526219802518309	0.606275	Microcystis aeruginosa Ma_QC_C_20070703_M131	Bacteria	Cyanobacteria		0.6284	0.17	664.0	DUF900	DUF900	True
AF-A0A552E1R1-F1	0.21866332035588246	-0.18269149755130104	0.06448223672062399	0.602675	Microcystis aeruginosa Ma_QC_B_20070730_S2	Bacteria	Cyanobacteria		0.6602	0.141	850.0	DUF900	DUF900	True
AF-A0A552H524-F1	0.2289869865991231	-0.1562172647495037	0.061568643431365276	0.601675	Microcystis viridis Mv_BB_P_19951000_S68D	Bacteria	Cyanobacteria		0.6377	0.141	945.0	DUF900	DUF900	True
AF-A0A552LN88-F1	0.23638573378049157	-0.1638097520905798	0.0655416855648092	0.5898	Microcystis wesenbergii Mw_MB_S_20031200_S109D	Bacteria	Cyanobacteria		0.6165	0.153	794.0	DUF900	DUF900	True
AF-A0A553PR48-F1	-0.5277086026340884	-0.22635672062684054	-0.042710107547431916	0.131355	Tigriopus californicus	Eukaryota	Arthropoda	Hexanauplia	0.1951	0.087	2570.0	Peptidase_S10	Other α/β hydrolase (CL0028)	True
AF-A0A558G7K0-F1	0.19095815049437237	0.02784587894994068	-0.17457160483073186	0.9337	Haloferax volcanii	Archaea	Euryarchaeota	Halobacteria	0.9336	0.703	22.0		No Pfam hit	True
AF-A0A559QUV8-F1	0.03443687189613145	0.0591214275047219	-0.11150766478339662	0.488925	Alteromonadaceae bacterium 2753L.S.0a.02	Bacteria	Proteobacteria	Gammaproteobacteria	0.6332	0.152	873.0		No Pfam hit	True
AF-A0A559QW50-F1	0.21323738690339603	-0.09784179268885171	0.06958452089992828	0.543425	Alteromonadaceae bacterium 2753L.S.0a.02	Bacteria	Proteobacteria	Gammaproteobacteria	0.5625	0.185	363.0	DUF900	DUF900	True
AF-A0A559RMR7-F1	0.12270029187831304	0.0013880262991539192	-0.05912185981901621	0.464775	Dokdonia sp. Hel1_53	Bacteria	Bacteroidota	Flavobacteriia	0.5096	0.19	1240.0	DUF900	DUF900	True
AF-A0A560LBH4-F1	0.19036139198297533	-0.10594420479365708	0.15890591007452182	0.49535	Rhizobium sp. ERR 942	Bacteria	Proteobacteria	Alphaproteobacteria	0.568	0.165	894.0	DUF900;Abhydrolase_6	DUF900	True
AF-A0A562L794-F1	0.1640374065650683	-0.18729254986266453	0.21183163807025998	0.4823	Luteimonas cucumeris	Bacteria	Proteobacteria	Gammaproteobacteria	0.5647	0.125	1474.0	DUF900	DUF900	True
AF-A0A562MT24-F1	0.10725513212751636	-0.00847240554759805	-0.03251257633354415	0.46055	Sphingobacterium siyangense	Bacteria	Bacteroidota	Sphingobacteriia	0.491	0.135	1383.0	DUF900	DUF900	True
AF-A0A562UH57-F1	0.11042069981544121	0.0022546141797374426	-0.008542253925012578	0.36565000000000003	Mucilaginibacter frigoritolerans	Bacteria	Bacteroidota	Sphingobacteriia	0.4157	0.148	1596.0		No Pfam hit	True
AF-A0A5A7WQL0-F1	-0.0689900283078474	0.21481220500086978	0.04887585621351368	0.38615	Mycolicibacterium sp. P9-64	Bacteria	Actinobacteria	Actinomycetia	0.4029	0.159	1850.0	Cutinase	Other α/β hydrolase (CL0028)	True
AF-A0A5A7YUS0-F1	-0.07904728159314889	0.23464165564903208	0.03594572263528971	0.387125	Mycolicibacterium sp. P9-22	Bacteria	Actinobacteria	Actinomycetia	0.36	0.159	1860.0	Cutinase	Other α/β hydrolase (CL0028)	True
AF-A0A5A7ZGQ7-F1	-0.05643585811000583	0.22973013698505357	0.06191984280752377	0.386075	Mycolicibacterium sp. P9-22	Bacteria	Actinobacteria	Actinomycetia	0.3728	0.128	1920.0	Cutinase	Other α/β hydrolase (CL0028)	True
AF-A0A5A8DBJ5-F1	-0.5397966292053211	-0.23030658998218648	-0.07052856663278978	0.17815	Cafeteria roenbergensis	Eukaryota		Bigyra	0.2095	0.107	2539.0	Peptidase_S10	Other α/β hydrolase (CL0028)	True
AF-A0A5A8DYZ9-F1	-0.5363056815938184	-0.22552784646722634	-0.060277440649168526	0.17609999999999998	Cafeteria roenbergensis	Eukaryota		Bigyra	0.2086	0.114	2515.0	Peptidase_S10	Other α/β hydrolase (CL0028)	True
AF-A0A5A8E9G5-F1	-0.5345702682757253	-0.22881513193124767	-0.05984431791462728	0.17535	Cafeteria roenbergensis	Eukaryota		Bigyra	0.2087	0.114	2495.0	Peptidase_S10	Other α/β hydrolase (CL0028)	True
AF-A0A5B0IBP8-F1	-0.03126899389604374	0.0926079193693332	-0.0078139221368572	0.3288	Pseudonocardia sp. EV170527-09	Bacteria	Actinobacteria	Actinomycetia	0.4037	0.152	1807.0	Abhydrolase_8	Other α/β hydrolase (CL0028)	True
AF-A0A5B0WHY0-F1	0.19425469265251685	-0.11400304094376565	0.15811653236621956	0.494125	Rhizobium tropici	Bacteria	Proteobacteria	Alphaproteobacteria	0.5575	0.159	948.0	DUF900;Abhydrolase_6	DUF900	True
AF-A0A5B6TT52-F1	-0.09242154823047949	0.04164680653269614	-0.011078270227091718	0.391	Mesorhizobium sp. SARCC-RB16n	Bacteria	Proteobacteria	Alphaproteobacteria	0.3793	0.126	2198.0		No Pfam hit	True
AF-A0A5B7SP49-F1	0.08483099856614043	0.007871027280054135	-0.06073974909209506	0.49092500000000006	Aggregatimonas sangjinii	Bacteria	Bacteroidota	Flavobacteriia	0.5253	0.195	1426.0	DUF900	DUF900	True
AF-A0A5B8L5M6-F1	0.17958425521039806	-0.1277514971719219	0.15481333841831033	0.4365	Nitratireductor sp. SY7	Bacteria	Proteobacteria	Alphaproteobacteria	0.5491	0.171	1302.0	Pentapeptide;DUF900	DUF900	True
AF-A0A5B8N313-F1	0.20633285594806858	-0.09418324322695884	0.027426913555145052	0.581025	Noviherbaspirillum sp. UKPF54	Bacteria	Proteobacteria	Betaproteobacteria	0.5966	0.167	562.0	DUF900	DUF900	True
AF-A0A5B9MFP4-F1	0.1866195177522492	-0.0037367382362008027	-0.10116960439794537	0.56115	Stieleria maiorica	Bacteria	Planctomycetota	Planctomycetia	0.6292	0.185	772.0		No Pfam hit	True
AF-A0A5B9PAE4-F1	0.13171803434598725	-0.006613429888090848	-0.03898034271097802	0.46259999999999996	Mariniblastus fucicola	Bacteria	Planctomycetota	Planctomycetia	0.5513	0.145	1521.0		No Pfam hit	True
AF-A0A5B9PB13-F1	0.19157842741545936	-0.16050021803350034	0.1962128910937234	0.5299	Mariniblastus fucicola	Bacteria	Planctomycetota	Planctomycetia	0.6087	0.155	917.0	DUF900	DUF900	True
AF-A0A5B9QAJ8-F1	0.17220606134585445	-0.028512524862372532	-0.06506260495973563	0.5899749999999999	Bythopirellula goksoeyrii	Bacteria	Planctomycetota	Planctomycetia	0.6215	0.156	726.0	DUF900	DUF900	True
AF-A0A5B9R1W9-F1	0.19497705090926715	0.007375683213981142	-0.11215447227111629	0.591075	Roseimaritima ulvae	Bacteria	Planctomycetota	Planctomycetia	0.6301	0.16	453.0		No Pfam hit	True
AF-A0A5C3NDT7-F1	-0.22873941531652253	0.14287149834001825	0.0022581938729990462	0.2518	Heliocybe sulcata	Eukaryota	Basidiomycota	Agaricomycetes	0.2846	0.158	2305.0	DUF676;Abhydrolase_6	DUF676	True
AF-A0A5C4JCJ2-F1	-0.033019683070517274	0.08636512370613743	-0.049241384274619576	0.431875	Actinomadura soli	Bacteria	Actinobacteria	Actinomycetia	0.4625	0.152	1621.0	Abhydrolase_8	Other α/β hydrolase (CL0028)	True
AF-A0A5C4JDM0-F1	-0.019116319025361053	0.08574409444918077	-0.060798075957411615	0.43674999999999997	Actinomadura soli	Bacteria	Actinobacteria	Actinomycetia	0.461	0.15	1640.0	Abhydrolase_8	Other α/β hydrolase (CL0028)	True
AF-A0A5C5CQV5-F1	0.2041570815451818	-0.10421612066738148	0.14167543737377744	0.532975	Brucella pecoris	Bacteria	Proteobacteria	Alphaproteobacteria	0.6107	0.153	1210.0	DUF900;Abhydrolase_6	DUF900	True
AF-A0A5C5R8T9-F1	-0.029721241351572527	0.2512075695767721	0.05406497756408705	0.39597499999999997	Tsukamurella asaccharolytica	Bacteria	Actinobacteria	Actinomycetia	0.3522	0.125	1900.0	Cutinase	Other α/β hydrolase (CL0028)	True
AF-A0A5C5RUQ7-F1	-0.02011080059537141	0.24571538892456418	0.05329778586402107	0.416425	Tsukamurella sputi	Bacteria	Actinobacteria	Actinomycetia	0.3685	0.14	1956.0	Cutinase	Other α/β hydrolase (CL0028)	True
AF-A0A5C5S357-F1	-0.023388408667549307	0.24030715178214523	0.05214831299736641	0.398325	Tsukamurella conjunctivitidis	Bacteria	Actinobacteria	Actinomycetia	0.3781	0.139	1935.0	Cutinase	Other α/β hydrolase (CL0028)	True
AF-A0A5C5SL07-F1	0.23033557510620212	-0.15825278444131183	0.09104628253769508	0.57205	Reyranella sp. CPCC 100927	Bacteria	Proteobacteria	Alphaproteobacteria	0.634	0.123	923.0	DUF900	DUF900	True
AF-A0A5C5U3Y3-F1	-0.02928810091724621	0.08592355023395944	-0.05128200600083954	0.41252500000000003	Luteimonas marina	Bacteria	Proteobacteria	Gammaproteobacteria	0.4719	0.135	1862.0	Abhydrolase_8	Other α/β hydrolase (CL0028)	True
AF-A0A5C5UXB0-F1	0.17762546435513282	-0.012190503847789637	-0.0882727626477931	0.57145	Blastopirellula retiformator	Bacteria	Planctomycetota	Planctomycetia	0.6574	0.152	666.0		No Pfam hit	True
AF-A0A5C5V1N1-F1	0.1553672591478671	-0.08481464657298604	0.14181252650114817	0.41435	Blastopirellula retiformator	Bacteria	Planctomycetota	Planctomycetia	0.5871	0.179	939.0	DUF900	DUF900	True
AF-A0A5C5VHY6-F1	0.17542970887861012	-0.01843788538104284	-0.08736868916887153	0.57555	Posidoniimonas corsicana	Bacteria	Planctomycetota	Planctomycetia	0.6285	0.167	845.0		No Pfam hit	True
AF-A0A5C5W8A2-F1	0.16898093362502525	-0.01943733045885867	-0.10980089104787014	0.582775	Botrimarina hoheduenensis	Bacteria	Planctomycetota	Planctomycetia	0.6629	0.173	678.0		No Pfam hit	True
AF-A0A5C5WWN7-F1	0.20366896568702253	-0.01996238352951319	-0.1035635344586674	0.5897	Rubripirellula amarantea	Bacteria	Planctomycetota	Planctomycetia	0.6313	0.126	535.0		No Pfam hit	True
AF-A0A5C5X439-F1	0.19364826835952778	-0.02258203009663321	-0.08413857902211137	0.5827	Thalassoglobus neptunius	Bacteria	Planctomycetota	Planctomycetia	0.6503	0.173	623.0	DUF900	DUF900	True
AF-A0A5C5XKI8-F1	0.1854281757289908	-0.047187679297823776	-0.08538170124566706	0.60275	Rubinisphaera italica	Bacteria	Planctomycetota	Planctomycetia	0.6822	0.16	349.0		No Pfam hit	True
AF-A0A5C5Y0G7-F1	0.1684839978796113	0.009361279109103227	-0.12563617112698183	0.6057	Crateriforma conspicua	Bacteria	Planctomycetota	Planctomycetia	0.6634	0.16	482.0		No Pfam hit	True
AF-A0A5C5YE44-F1	0.2018281578631989	-0.028656182847133456	-0.07980089117039212	0.5782499999999999	Rhodopirellula solitaria	Bacteria	Planctomycetota	Planctomycetia	0.6189	0.173	798.0	DUF900	DUF900	True
AF-A0A5C5YJ93-F1	0.16717485381229744	-0.00300936255347904	-0.1102566350172041	0.5509	Rhodopirellula solitaria	Bacteria	Planctomycetota	Planctomycetia	0.6548	0.133	539.0		No Pfam hit	True
AF-A0A5C5YTZ2-F1	0.16724647466265824	-0.030397567891047517	-0.0884305626068337	0.5608	Posidoniimonas polymericola	Bacteria	Planctomycetota	Planctomycetia	0.6198	0.172	738.0		No Pfam hit	True
AF-A0A5C5YY41-F1	0.19383677489938025	-0.021923854551397937	-0.08732742115512984	0.60555	Planctomycetes bacterium CA13	Bacteria	Planctomycetota		0.6698	0.181	513.0	DUF900	DUF900	True
AF-A0A5C5ZZE5-F1	0.1807431812489508	-0.029294884930219162	-0.10662381559114564	0.561275	Botrimarina colliarenosi	Bacteria	Planctomycetota	Planctomycetia	0.5977	0.176	905.0		No Pfam hit	True
AF-A0A5C6A0V2-F1	0.1908594922291728	0.0038495309904172663	-0.11783522805924275	0.609375	Rhodopirellula pilleata	Bacteria	Planctomycetota	Planctomycetia	0.6602	0.146	537.0		No Pfam hit	True
AF-A0A5C6AR44-F1	0.22370797994050415	-0.04354761242207494	-0.07380388295829005	0.611325	Rhodopirellula pilleata	Bacteria	Planctomycetota	Planctomycetia	0.6247	0.173	681.0	DUF900	DUF900	True
AF-A0A5C6AU49-F1	0.18241427513149516	-0.012444137865774963	-0.11759697585140652	0.64995	Stieleria varia	Bacteria	Planctomycetota	Planctomycetia	0.6705	0.165	345.0		No Pfam hit	True
AF-A0A5C6BCT2-F1	-0.16614949774875015	0.28255688928778333	0.24894306661493112	0.17352499999999998	Symmachiella macrocystis	Bacteria	Planctomycetota	Planctomycetia	0.241	0.126	2787.0	Pkinase;PK_Tyr_Ser-Thr;Peripla_BP_6	Periplasmic binding protein (CL0144)	True
AF-A0A5C6BG92-F1	0.1852538297495067	-0.010059083130821406	-0.111348828312374	0.5607	Planctomycetes bacterium Poly21	Bacteria	Planctomycetota		0.6506	0.129	628.0		No Pfam hit	True
AF-A0A5C6BT84-F1	0.20035721850291127	-0.018877722780228767	-0.0905660017336589	0.5764750000000001	Symmachiella macrocystis	Bacteria	Planctomycetota	Planctomycetia	0.6483	0.164	501.0		No Pfam hit	True
AF-A0A5C6C5U7-F1	0.18258405041132428	-0.04901109409061543	-0.08314654859879367	0.56015	Planctomycetes bacterium Poly21	Bacteria	Planctomycetota		0.6246	0.187	785.0		No Pfam hit	True
AF-A0A5C6CH24-F1	0.18846581498046772	-0.014173885877147194	-0.08874411547376125	0.614975	Novipirellula galeiformis	Bacteria	Planctomycetota	Planctomycetia	0.6619	0.134	445.0	DUF900	DUF900	True
AF-A0A5C6CI88-F1	0.20876799806032553	-0.04555307176144978	-0.08774851456835447	0.62805	Novipirellula galeiformis	Bacteria	Planctomycetota	Planctomycetia	0.6804	0.161	354.0		No Pfam hit	True
AF-A0A5C6CWQ2-F1	0.14945658749307672	-0.02617466430573453	-0.07319728698128504	0.5619000000000001	Bythopirellula polymerisocia	Bacteria	Planctomycetota	Planctomycetia	0.6381	0.155	815.0		No Pfam hit	True
AF-A0A5C6DBS6-F1	0.19665234126724807	-0.02319154439752747	-0.08309253523169818	0.56805	Novipirellula aureliae	Bacteria	Planctomycetota	Planctomycetia	0.6495	0.152	718.0	DUF900	DUF900	True
AF-A0A5C6DQU9-F1	0.19963910967029463	-0.010361101376144367	-0.09163683024195016	0.60055	Novipirellula artificiosorum	Bacteria	Planctomycetota	Planctomycetia	0.6632	0.163	385.0	DUF900	DUF900	True
AF-A0A5C6FK69-F1	0.16781502228883013	0.013141100358313899	-0.11974751633590373	0.5614	Crateriforma conspicua	Bacteria	Planctomycetota	Planctomycetia	0.6069	0.152	515.0		No Pfam hit	True
AF-A0A5C6FMU1-F1	0.20312485553121667	-0.025944630183267228	-0.10412768737535752	0.611525	Rubripirellula tenax	Bacteria	Planctomycetota	Planctomycetia	0.6579	0.161	378.0		No Pfam hit	True
AF-A0A5C7FB40-F1	0.09375506390972409	0.01507923619559444	-0.005047958860913719	0.43995	Chryseobacterium sp. legu1	Bacteria	Bacteroidota	Flavobacteriia	0.4948	0.164	1504.0		No Pfam hit	True
AF-A0A5C7Z4E3-F1	0.24630603257099073	-0.11984646202181512	0.08375421735895663	0.59875	Cyclobacteriaceae bacterium	Bacteria	Bacteroidota	Cytophagia	0.6027	0.179	809.0	DUF900	DUF900	True
AF-A0A5C8NJ05-F1	-0.04868242060213385	0.23390555765597612	0.027849592703454176	0.400775	Aeromicrobium terrae	Bacteria	Actinobacteria	Actinomycetia	0.3937	0.138	1959.0	Cutinase	Other α/β hydrolase (CL0028)	True
AF-A0A5C8PNU3-F1	0.2263268551480575	-0.1586956855719668	0.09025386754126441	0.5590250000000001	Vineibacter terrae	Bacteria	Proteobacteria	Alphaproteobacteria	0.6335	0.123	870.0	DUF900	DUF900	True
AF-A0A5D0N1U3-F1	-0.019117581749864263	0.08290699720396873	-0.053494651788112337	0.4576	Actinomadura chibensis	Bacteria	Actinobacteria	Actinomycetia	0.4603	0.155	1620.0	Abhydrolase_8	Other α/β hydrolase (CL0028)	True
AF-A0A5D0N202-F1	-0.032470514253057824	0.08058376991260295	-0.04416314991315074	0.3966	Actinomadura chibensis	Bacteria	Actinobacteria	Actinomycetia	0.4212	0.159	1682.0	Abhydrolase_8	Other α/β hydrolase (CL0028)	True
AF-A0A5D0TRF1-F1	-0.02897064747097896	0.07094760176311327	-0.04113482062611914	0.4266	Actinomadura syzygii	Bacteria	Actinobacteria	Actinomycetia	0.441	0.165	1698.0	Abhydrolase_8	Other α/β hydrolase (CL0028)	True
AF-A0A5D0TSK7-F1	-0.03455873854746486	0.08407877646234668	-0.056310280698211104	0.44515	Actinomadura syzygii	Bacteria	Actinobacteria	Actinomycetia	0.4583	0.177	1665.0	Abhydrolase_8	Other α/β hydrolase (CL0028)	True
AF-A0A5D0VFP8-F1	0.16791098309397307	-0.1792831994850487	0.20158095744391205	0.458975	Marinobacter sp. BW6	Bacteria	Proteobacteria	Gammaproteobacteria	0.5472	0.152	1652.0	DUF900	DUF900	True
AF-A0A5D3FE49-F1	-0.030694995430477105	0.09025834511752238	-0.05270859833587044	0.4438	Actinomadura decatromicini	Bacteria	Actinobacteria	Actinomycetia	0.4511	0.174	1677.0	Abhydrolase_8	Other α/β hydrolase (CL0028)	True
AF-A0A5D3K5A8-F1	0.19435597855000022	-0.12856140517548734	0.14238056563857798	0.5222249999999999	Bradyrhizobium rifense	Bacteria	Proteobacteria	Alphaproteobacteria	0.5557	0.18	950.0	DUF900;Abhydrolase_6	DUF900	True
AF-A0A5D3KN19-F1	0.13473814088003766	-0.0883294929672878	0.14290886951331883	0.39625	Bradyrhizobium rifense	Bacteria	Proteobacteria	Alphaproteobacteria	0.5277	0.208	866.0	DUF900;Abhydrolase_6	DUF900	True
AF-A0A5D4XEV1-F1	-0.02900389119498702	0.08795015897291136	-0.03676704214183957	0.428425	Luteimonas viscosa	Bacteria	Proteobacteria	Gammaproteobacteria	0.4753	0.124	1761.0	Abhydrolase_8	Other α/β hydrolase (CL0028)	True
AF-A0A5F1SC82-F1	0.18978995557231992	-0.11602831151726645	0.1651383919485516	0.5022	Rhizobium sp. SEMIA 4088	Bacteria	Proteobacteria	Alphaproteobacteria	0.5747	0.165	1118.0	DUF900;Abhydrolase_6	DUF900	True
AF-A0A5F4WI29-F1	-0.19453597901790903	0.09773262814863333	-0.08785668723889455	0.26985	Callithrix jacchus	Eukaryota	Chordata	Mammalia	0.379	0.114	2205.0		No Pfam hit	True
AF-A0A5J4DVH6-F1	0.16585135140579552	0.005000320942405774	-0.16890850070124988	0.7895	archaeon MnTg01	Archaea			0.722	0.242	151.0	DUF900;DUF676;Cutinase;DUF726	DUF900	True
AF-A0A5J4YA07-F1	-0.21333975499810412	0.17835673400999208	0.1619686384260435	0.11631	Trebouxia sp. A1-2	Eukaryota	Chlorophyta	Trebouxiophyceae	0.1361	0.129	2811.0	GTP-bdg_N;GTP-bdg_M;MMR_HSR1;HflX_C	P-loop NTPase (CL0023)	True
AF-A0A5J5L401-F1	0.13450159834081338	0.016677819450112596	-0.15381664395702635	0.718025	Haloarcula sp. CBA1129	Archaea	Euryarchaeota	Halobacteria	0.7076	0.265	315.0	DUF726;DUF900	DUF900	True
AF-A0A5J5LDV1-F1	0.1607704248441544	-0.010839232923881153	-0.1560196008723934	0.799475	Haloarcula sp. CBA1129	Archaea	Euryarchaeota	Halobacteria	0.7855	0.319	77.0	DUF900;DUF726	DUF900	True
AF-A0A5J5LE24-F1	0.1329066370718859	0.039029632553569046	-0.1505749721325733	0.72265	Haloarcula hispanica	Archaea	Euryarchaeota	Halobacteria	0.7194	0.253	322.0	DUF726;DUF900	DUF900	True
AF-A0A5J5LPB7-F1	0.15693777799919673	-0.01031630597006401	-0.16367101838365763	0.779975	Haloarcula hispanica	Archaea	Euryarchaeota	Halobacteria	0.7902	0.328	79.0	DUF900;DUF726	DUF900	True
AF-A0A5J5LSW8-F1	0.23334437980367626	-0.158479119696948	0.06159390775612052	0.59045	Microcystis aeruginosa EAWAG127a	Bacteria	Cyanobacteria		0.6333	0.128	890.0	DUF900	DUF900	True
AF-A0A5J5VRM6-F1	-0.17979486613640297	0.19640766674689716	0.1730695528894273	0.154625	Gossypium barbadense	Eukaryota	Streptophyta	Magnoliopsida	0.1542	0.095	2781.0	GTP-bdg_N;GTP-bdg_M	Other Pfam	True
AF-A0A5J6MGX2-F1	0.24612196760608757	-0.13971568224167125	0.09743276305821519	0.5905	Hypericibacter terrae	Bacteria	Proteobacteria	Alphaproteobacteria	0.6421	0.151	789.0	DUF900;Abhydrolase_6	DUF900	True
AF-A0A5J6MUL3-F1	0.26438507920767396	-0.13739237314556738	0.10528595039506286	0.6009749999999999	Hypericibacter adhaerens	Bacteria	Proteobacteria	Alphaproteobacteria	0.6482	0.139	928.0	DUF900	DUF900	True
AF-A0A5J6U0E4-F1	-0.006808234538617781	0.087535960124671	-0.05085939333398335	0.433925	Actinomadura sp. WMMB 499	Bacteria	Actinobacteria	Actinomycetia	0.4279	0.174	1672.0	Abhydrolase_8	Other α/β hydrolase (CL0028)	True
AF-A0A5K7XCT5-F1	0.18385024225447988	-0.029895282825154162	-0.08593612104906194	0.584475	Lacipirellula parvula	Bacteria	Planctomycetota	Planctomycetia	0.6404	0.132	524.0		No Pfam hit	True
AF-A0A5M4FDI1-F1	-0.0252681598533809	0.2779122602137235	0.040369349699991286	0.35945000000000005	Aeromicrobium ginsengisoli	Bacteria	Actinobacteria	Actinomycetia	0.3542	0.132	1945.0	Cutinase	Other α/β hydrolase (CL0028)	True
AF-A0A5M6CGN8-F1	0.11621214900939611	0.0026047215159827265	-0.03598009020199352	0.438075	Flavobacterium baculatum	Bacteria	Bacteroidota	Flavobacteriia	0.4668	0.141	1314.0	DUF900	DUF900	True
AF-A0A5M6CP54-F1	0.1615563126564602	-0.10936318104414286	0.1437859713632426	0.443275	Taibaiella lutea	Bacteria	Bacteroidota	Chitinophagia	0.5678	0.179	1236.0	DUF900;DUF676	DUF900	True
AF-A0A5M6CUQ3-F1	0.19885879269261453	-0.12758595079967036	0.1332104622812118	0.46692500000000003	Adhaeribacter rhizoryzae	Bacteria	Bacteroidota	Cytophagia	0.5664	0.131	1152.0	TSP_3;DUF900	DUF900	True
AF-A0A5M6CZR4-F1	0.18782179514598257	-0.030120705740930804	-0.09516290247781864	0.568675	Roseiconus nitratireducens	Bacteria	Planctomycetota	Planctomycetia	0.6471	0.177	399.0	DUF900	DUF900	True
AF-A0A5M7C812-F1	-0.11904705612774445	0.17261825999751507	0.013825694263713623	0.332375	Saccharopolyspora hirsuta	Bacteria	Actinobacteria	Actinomycetia	0.3409	0.128	2210.0	Cutinase;PE-PPE	Other α/β hydrolase (CL0028)	True
AF-A0A5M8FRC8-F1	0.15539699160615023	-0.1603046967433757	0.1405027907087644	0.5367	Thiohalocapsa marina	Bacteria	Proteobacteria	Gammaproteobacteria	0.5462	0.211	1242.0	DUF900	DUF900	True
AF-A0A5N0DMQ9-F1	-0.16476665396763487	0.2289843667443045	0.07653880340800481	0.245075	Nocardia colli	Bacteria	Actinobacteria	Actinomycetia	0.3305	0.154	2466.0	Cutinase	Other α/β hydrolase (CL0028)	True
AF-A0A5N1KY53-F1	0.13564932940520597	0.022881391112566065	-0.1474501784755252	0.72	Haloarcula sp. CBA1130	Archaea	Euryarchaeota	Halobacteria	0.7114	0.247	286.0	DUF726;DUF900	DUF900	True
AF-A0A5N1L6D8-F1	0.16026977960390587	-0.013589107568125078	-0.1523193783441946	0.791625	Haloarcula sp. CBA1130	Archaea	Euryarchaeota	Halobacteria	0.7792	0.332	87.0	DUF900;DUF726	DUF900	True
AF-A0A5N1LGX1-F1	0.1318180816670021	0.03469385676824694	-0.16355670026174637	0.71975	Haloarcula sp. CBA1131	Archaea	Euryarchaeota	Halobacteria	0.7045	0.258	334.0	DUF726;DUF900	DUF900	True
AF-A0A5N5E6V8-F1	-0.17370143740261956	0.2618733540906777	0.08357449081639085	0.23507499999999998	Rhodococcus erythropolis	Bacteria	Actinobacteria	Actinomycetia	0.2809	0.14	2373.0	Cutinase	Other α/β hydrolase (CL0028)	True
AF-A0A5N5M763-F1	-0.1506561077849136	0.14591884416976705	-0.05560038746188886	0.30667500000000003	Coniochaeta sp. 2T2.1	Eukaryota	Ascomycota	Sordariomycetes	0.442	0.109	2091.0	DUF676;ZZ;ZZ_ADA2	DUF676	True
AF-A0A5N6AEJ3-F1	-0.1696951970743972	0.2808559823613667	0.27144653480993364	0.155135	Streptomyces mimosae	Bacteria	Actinobacteria	Actinomycetia	0.2112	0.113	2847.0	Pkinase;Peripla_BP_6;ANF_receptor	Periplasmic binding protein (CL0144)	True
AF-A0A5N6WLC1-F1	-0.1622076081980834	0.10594258981415156	-0.10724495738619895	0.3056	Aspergillus sergii	Eukaryota	Ascomycota	Eurotiomycetes	0.4388	0.116	1972.0	NACHT;TPR_12;TPR_10;TPR_7	P-loop NTPase (CL0023)	True
AF-A0A5N6XWW1-F1	-0.17251758300353587	0.09273282265746549	-0.12653977748485243	0.309775	Aspergillus arachidicola	Eukaryota	Ascomycota	Eurotiomycetes	0.4568	0.123	1930.0	NACHT;DUF7779;TPR_12;TPR_10;TPR_7	P-loop NTPase (CL0023)	True
AF-A0A5N6YAU5-F1	-0.16060509591844105	0.11549714094405882	-0.09467370251642727	0.33915	Aspergillus arachidicola	Eukaryota	Ascomycota	Eurotiomycetes	0.4088	0.122	2012.0	DUF676;H_lectin	DUF676	True
AF-A0A5N8XAN0-F1	-0.1814405830521484	0.25327235983356583	0.2862172020195765	0.16335	Streptomyces spongiae	Bacteria	Actinobacteria	Actinomycetia	0.2194	0.133	2726.0	Pkinase;PK_Tyr_Ser-Thr;Peripla_BP_6	Periplasmic binding protein (CL0144)	True
AF-A0A5P5ZP49-F1	0.13126049441963608	0.004428966337585652	-0.05946769774480842	0.4888	Chryseobacterium sp.	Bacteria	Bacteroidota	Flavobacteriia	0.5092	0.191	1215.0	DUF900	DUF900	True
AF-A0A5P9F4F4-F1	0.218921521901026	-0.09375173115313758	0.031242465075455732	0.667925	Sulfitobacter sp. THAF37	Bacteria	Proteobacteria	Alphaproteobacteria	0.666	0.202	342.0	DUF900;Abhydrolase_6	DUF900	True
AF-A0A5Q0GCN8-F1	0.15568645706090503	0.022245473677399943	-0.0659204436285315	0.5902000000000001	Anabaena sp. YBS01	Bacteria	Cyanobacteria		0.6631	0.117	397.0	DUF900	DUF900	True
AF-A0A5Q0UT33-F1	0.17787171705813784	-0.06507119280681782	-0.0874739341470756	0.5042	Halomicrobium sp. LC1Hm	Archaea	Euryarchaeota	Halobacteria	0.3728	0.323	987.0		No Pfam hit	True
AF-A0A5Q2MLA0-F1	-0.04160249567827442	0.27938345960471767	0.016993939824513287	0.43595	Aeromicrobium yanjiei	Bacteria	Actinobacteria	Actinomycetia	0.4112	0.141	1890.0	Cutinase	Other α/β hydrolase (CL0028)	True
AF-A0A5Q2RJW9-F1	-0.109551752728236	0.11743337956324507	0.0021690531565641165	0.26075000000000004	Actinomarinicola tropica	Bacteria	Actinobacteria	Acidimicrobiia	0.4235	0.129	2020.0	Peptidase_M23;Abhydrolase_8	Other α/β hydrolase (CL0028)	True
AF-A0A5Q3L9V2-F1	0.20941725696559538	0.020347948906512175	-0.09682721171375704	0.61545	Planctomycetales bacterium 10988	Bacteria	Planctomycetota	Planctomycetia	0.6296	0.156	813.0		No Pfam hit	True
AF-A0A5Q4BTQ2-F1	-0.1674004981253979	0.15623130819419803	-0.1058583654176473	0.28142500000000004	Colletotrichum shisoi	Eukaryota	Ascomycota	Sordariomycetes	0.4033	0.125	2090.0	DUF676;Abhydrolase_6;NPHP3_N;NACHT;WHD_GPIID	DUF676	True
AF-A0A5Q4GQS9-F1	0.18037862553747155	-0.02756035406943321	-0.10540549644984507	0.5512250000000001	Planctomycetaceae bacterium	Bacteria	Planctomycetota	Planctomycetia	0.6279	0.167	659.0		No Pfam hit	True
AF-A0A5Q5BT53-F1	-0.17184650698428794	0.25095921199989946	0.08980528376274668	0.22752499999999998	Mycobacterium sp. MCS	Bacteria	Actinobacteria	Actinomycetia	0.2407	0.133	2598.0	Cutinase	Other α/β hydrolase (CL0028)	True
AF-A0A5R8QIT7-F1	0.14325658163535449	-0.10959675389768943	0.11534180366894116	0.511075	Methylocystis sp. B8	Bacteria	Proteobacteria	Alphaproteobacteria	0.588	0.128	1328.0	DUF900	DUF900	True
AF-A0A5S4H0D3-F1	-0.01605572127350882	0.09072390555556896	-0.02950466427337737	0.4562	Actinomadura geliboluensis	Bacteria	Actinobacteria	Actinomycetia	0.4749	0.151	1693.0	Abhydrolase_8	Other α/β hydrolase (CL0028)	True
AF-A0A5S4H0Q4-F1	-0.04240846790853812	0.0958185385462501	-0.04444351973398125	0.3986	Actinomadura geliboluensis	Bacteria	Actinobacteria	Actinomycetia	0.418	0.161	1699.0	Abhydrolase_8	Other α/β hydrolase (CL0028)	True
AF-A0A5S9F3C5-F1	0.1428361134597738	-0.019087559018860736	-0.04122582670273115	0.511175	Candidatus Uabimicrobium amorphum	Bacteria	Planctomycetota	Candidatus Uabimicrobiia	0.5772	0.177	632.0		No Pfam hit	True
AF-A0A5S9RAH6-F1	-0.051693719801607176	0.2386175136756525	0.048502718183420716	0.42215	Mycolicibacterium vanbaalenii	Bacteria	Actinobacteria	Actinomycetia	0.3915	0.154	1798.0	Cutinase	Other α/β hydrolase (CL0028)	True
AF-A0A640VKA1-F1	0.11390497961948548	0.030920204405405383	-0.04001951612120934	0.5086999999999999	Roseobacter cerasinus	Bacteria	Proteobacteria	Alphaproteobacteria	0.5155	0.153	1196.0		No Pfam hit	True
AF-A0A640VY80-F1	0.22924651547332725	-0.10674962887635583	0.04175774286274251	0.636375	Roseobacter cerasinus	Bacteria	Proteobacteria	Alphaproteobacteria	0.6192	0.158	374.0	DUF900;Abhydrolase_6	DUF900	True
AF-A0A641ALH1-F1	-0.042072516311835347	0.2340449692883228	0.017379070836710524	0.388125	Aeromicrobium fastidiosum	Bacteria	Actinobacteria	Actinomycetia	0.3271	0.157	2057.0	Cutinase	Other α/β hydrolase (CL0028)	True
AF-A0A651I595-F1	0.15266037854871056	-0.10540973351811313	0.08014221070564956	0.5637	Phycisphaerales bacterium	Bacteria	Planctomycetota	Phycisphaerae	0.5699	0.179	1293.0	DUF900	DUF900	True
AF-A0A652YI02-F1	-0.17116047232095163	0.2596652464096342	0.0743210984534871	0.23004999999999998	Nocardia globerula	Bacteria	Actinobacteria	Actinomycetia	0.2968	0.135	2168.0	Cutinase	Other α/β hydrolase (CL0028)	True
AF-A0A653CXE2-F1	-0.529204338728522	-0.25625978318721965	-0.03210561441685663	0.167075	Callosobruchus maculatus	Eukaryota	Arthropoda	Insecta	0.2091	0.121	2396.0	Peptidase_S10	Other α/β hydrolase (CL0028)	True
AF-A0A653D8N9-F1	-0.521280064961818	-0.23986260319615776	-0.0210341375473755	0.155125	Callosobruchus maculatus	Eukaryota	Arthropoda	Insecta	0.2095	0.121	2360.0	Peptidase_S10	Other α/β hydrolase (CL0028)	True
AF-A0A653DWI2-F1	-0.5306299669125347	-0.23049299649452737	-0.0470034694853915	0.1413125	Callosobruchus maculatus	Eukaryota	Arthropoda	Insecta	0.192	0.109	2465.0	Peptidase_S10	Other α/β hydrolase (CL0028)	True
AF-A0A653E2R9-F1	0.17985585452296415	-0.17782258292390107	0.20769822140530816	0.49067500000000003	Pseudomonas marincola	Bacteria	Proteobacteria	Gammaproteobacteria	0.5344	0.17	1587.0	DUF900	DUF900	True
AF-A0A653LVC5-F1	-0.05370417585209227	0.26345540180068183	0.048244250613323034	0.36214999999999997	Aeromicrobium sp. 9AM	Bacteria	Actinobacteria	Actinomycetia	0.324	0.177	2015.0	Cutinase	Other α/β hydrolase (CL0028)	True
AF-A0A653V217-F1	0.18849047293129703	-0.16755271064933724	0.1986192985232511	0.475425	Pseudomonas sp. 8BK	Bacteria	Proteobacteria	Gammaproteobacteria	0.5465	0.182	1550.0	DUF900	DUF900	True
AF-A0A654BXP1-F1	0.19232082232189665	-0.16969299776527014	0.1939138838745001	0.468775	Pseudomonas sp. 9AZ	Bacteria	Proteobacteria	Gammaproteobacteria	0.5592	0.188	1467.0	DUF900	DUF900	True
AF-A0A654DM30-F1	0.11348156630149171	-0.005904717222320374	-0.03904688617547797	0.46799999999999997	Sphingobacterium multivorum	Bacteria	Bacteroidota	Sphingobacteriia	0.4905	0.139	1227.0	DUF900	DUF900	True
AF-A0A654LUD5-F1	0.1414587868675637	0.02680473607936895	-0.19086413144656456	0.641125	Candidatus Nitrosocosmicus oleophilus	Archaea	Thaumarchaeota	Nitrososphaeria	0.6959	0.243	261.0	DUF900	DUF900	True
AF-A0A654M5S1-F1	0.13726585389092255	0.036550490645608294	-0.19273805978886419	0.705675	Candidatus Nitrosocosmicus oleophilus	Archaea	Thaumarchaeota	Nitrososphaeria	0.7802	0.276	72.0	DUF900	DUF900	True
AF-A0A660SDA1-F1	0.195138994617232	-0.15013512265686627	0.20291563674313104	0.5104	Spirochaetes bacterium	Bacteria	Spirochaetes		0.5797	0.14	956.0	DUF900	DUF900	True
AF-A0A660SY15-F1	0.1978092103725844	-0.14452138581302057	0.1922232059787061	0.5130250000000001	Spirochaetes bacterium	Bacteria	Spirochaetes		0.5894	0.148	884.0	DUF900	DUF900	True
AF-A0A660W9T0-F1	0.07795097240049635	-0.00868033585412717	-0.07131099595043937	0.57875	Planctomycetota bacterium	Bacteria	Planctomycetota		0.5537	0.144	836.0		No Pfam hit	True
AF-A0A661W944-F1	-0.13260381443652203	0.20260935940534672	0.10071965666613068	0.243975	Chloroflexi bacterium	Bacteria	Chloroflexi		0.2468	0.132	2118.0		No Pfam hit	True
AF-A0A661Z3A0-F1	0.09025482806485909	0.03368437332618802	-0.10042201439854653	0.50205	Bacteroidetes bacterium	Bacteria	Bacteroidota		0.5579	0.148	686.0	DUF1232;DUF726	DUF726	True
AF-A0A668A5E1-F1	-0.5258428156138562	-0.2597185359649926	-0.04704314034767307	0.196	Myripristis murdjan	Eukaryota	Chordata	Actinopteri	0.2327	0.107	2547.0	Peptidase_S10	Other α/β hydrolase (CL0028)	True
AF-A0A668TDE7-F1	-0.5230252819060414	-0.26349426749013816	-0.03325324804070522	0.19225	Oreochromis aureus	Eukaryota	Chordata	Actinopteri	0.1892	0.12	2384.0	Peptidase_S10	Other α/β hydrolase (CL0028)	True
AF-A0A669F4P3-F1	-0.5358579525555236	-0.2581881247508098	-0.03733094910651579	0.154825	Oreochromis niloticus	Eukaryota	Chordata	Actinopteri	0.1894	0.12	2395.0	Peptidase_S10	Other α/β hydrolase (CL0028)	True
AF-A0A671UP79-F1	-0.5276320214938632	-0.26577502483187104	-0.011257515057271118	0.16945	Sparus aurata	Eukaryota	Chordata	Actinopteri	0.2077	0.126	2374.0	Peptidase_S10	Other α/β hydrolase (CL0028)	True
AF-A0A671UUI7-F1	-0.5300533805928276	-0.258579172184782	-0.029952477441662136	0.158725	Sparus aurata	Eukaryota	Chordata	Actinopteri	0.2079	0.126	2331.0	Peptidase_S10	Other α/β hydrolase (CL0028)	True
AF-A0A672ZE50-F1	-0.5406930289413439	-0.2504323758150464	-0.03849639935190869	0.16004999999999997	Sphaeramia orbicularis	Eukaryota	Chordata	Actinopteri	0.1905	0.12	2407.0	Peptidase_S10	Other α/β hydrolase (CL0028)	True
AF-A0A672ZE81-F1	-0.5306326982601559	-0.2578166974002271	-0.032782828893618964	0.155825	Sphaeramia orbicularis	Eukaryota	Chordata	Actinopteri	0.2429	0.098	2525.0	Peptidase_S10	Other α/β hydrolase (CL0028)	True
AF-A0A673HEX5-F1	-0.5138960013775085	-0.27474085422192124	-0.036470396555831945	0.20729999999999998	Sinocyclocheilus rhinocerous	Eukaryota	Chordata	Actinopteri	0.2518	0.084	2704.0	Peptidase_S10	Other α/β hydrolase (CL0028)	True
AF-A0A673V6I7-F1	-0.5551441561321989	-0.2553400600054075	-0.03702227396649693	0.147	Suricata suricatta	Eukaryota	Chordata	Mammalia	0.1861	0.13	2508.0	Peptidase_S10	Other α/β hydrolase (CL0028)	True
AF-A0A6A0QWL2-F1	0.20357882802385058	-0.10576452266263907	0.028640915703903386	0.64615	Armatimonadetes bacterium	Bacteria	Armatimonadetes		0.6731	0.193	386.0	DUF900;Abhydrolase_6	DUF900	True
AF-A0A6A4IKZ8-F1	-0.5417903291692433	-0.26038590234230236	-0.03402705949240299	0.1578	Apolygus lucorum	Eukaryota	Arthropoda	Insecta	0.1902	0.131	2313.0	Peptidase_S10	Other α/β hydrolase (CL0028)	True
AF-A0A6A4K3Z8-F1	-0.5240898235872077	-0.25157324385028856	-0.0487874495794442	0.23024999999999998	Apolygus lucorum	Eukaryota	Arthropoda	Insecta	0.1982	0.105	2356.0	Peptidase_S10	Other α/β hydrolase (CL0028)	True
AF-A0A6A4RCW8-F1	0.2064265362867584	-0.16534041144030817	0.1933107047370873	0.495425	Zongyanglinia marina	Bacteria	Proteobacteria	Alphaproteobacteria	0.5614	0.141	1245.0	DUF900	DUF900	True
AF-A0A6A5FH51-F1	-0.5318618663756858	-0.25882160163501555	-0.038526551552451674	0.15515	Perca fluviatilis	Eukaryota	Chordata	Actinopteri	0.1897	0.125	2400.0	Peptidase_S10	Other α/β hydrolase (CL0028)	True
AF-A0A6A5T8Z5-F1	-0.1742029664213478	0.08542510760189655	-0.13508202661015195	0.33845000000000003	Byssothecium circinans	Eukaryota	Ascomycota	Dothideomycetes	0.4554	0.111	1988.0	NB-ARC	P-loop NTPase (CL0023)	True
AF-A0A6A5TE77-F1	-0.17909276294632478	0.14308386129074893	-0.13379808552197836	0.31065	Byssothecium circinans	Eukaryota	Ascomycota	Dothideomycetes	0.4783	0.128	2294.0	DUF676;NPHP3_N;Ank_2;Ank_5;Ank	DUF676	True
AF-A0A6A5TTF1-F1	-0.5170104719879496	-0.2225904602793713	-0.023313964295369884	0.224275	Byssothecium circinans	Eukaryota	Ascomycota	Dothideomycetes	0.1852	0.162	2566.0	Peptidase_S10	Other α/β hydrolase (CL0028)	True
AF-A0A6A6DZ25-F1	-0.14293929090163096	0.10914108517065767	-0.13400268628717385	0.4333	Zopfia rhizophila CBS 207.26	Eukaryota	Ascomycota	Dothideomycetes	0.4529	0.144	1881.0	DUF676	DUF676	True
AF-A0A6A6H6R2-F1	-0.1924529097186281	0.10264377784697924	0.02395593734989395	0.301425	Viridothelium virens	Eukaryota	Ascomycota	Dothideomycetes	0.2753	0.106	2366.0		No Pfam hit	True
AF-A0A6A6J879-F1	-0.1672411543380871	0.06994190362923686	-0.16246307176336605	0.398075	Westerdykella ornata	Eukaryota	Ascomycota	Dothideomycetes	0.4523	0.122	2165.0		No Pfam hit	True
AF-A0A6A6SE44-F1	-0.5250897356049481	-0.2317542159027574	-0.04244104607698653	0.15395	Massarina eburnea CBS 473.64	Eukaryota	Ascomycota	Dothideomycetes	0.189	0.141	2656.0	Peptidase_S10	Other α/β hydrolase (CL0028)	True
AF-A0A6A6TGC1-F1	-0.19716447465320322	0.10909870386994126	0.023128726909267965	0.25112500000000004	Lophiostoma macrostomum CBS 122681	Eukaryota	Ascomycota	Dothideomycetes	0.2754	0.109	2419.0		No Pfam hit	True
AF-A0A6A6TIA2-F1	-0.07324032306606836	0.2442925426018253	0.08938363814947356	0.355825	Lophiostoma macrostomum CBS 122681	Eukaryota	Ascomycota	Dothideomycetes	0.4082	0.143	2006.0	Cutinase	Other α/β hydrolase (CL0028)	True
AF-A0A6A7LEE0-F1	0.004217851252267627	-0.018396862319315775	-0.07574035213517867	0.58855	Nitrososphaeraceae archaeon	Archaea	Thaumarchaeota	Nitrososphaeria	0.3371	0.343	1050.0		No Pfam hit	True
AF-A0A6A7LH89-F1	0.1531751126483067	0.02053003103579734	-0.15802300034025343	0.744725	Nitrososphaeraceae archaeon	Archaea	Thaumarchaeota	Nitrososphaeria	0.8195	0.285	57.0	DUF900;DUF676;DUF726	DUF900	True
AF-A0A6A7LJP9-F1	0.15003755811872804	0.025124173308747423	-0.16487054676387522	0.730075	Nitrososphaeraceae archaeon	Archaea	Thaumarchaeota	Nitrososphaeria	0.8166	0.28	68.0	DUF900	DUF900	True
AF-A0A6A7M6Y7-F1	0.23154563744792714	-0.12076934402014798	0.06935622906662392	0.57765	Rhodospirillales bacterium	Bacteria	Proteobacteria	Alphaproteobacteria	0.6263	0.129	1004.0	DUF900	DUF900	True
AF-A0A6A7RZ24-F1	0.18602250724310054	-0.1631794002745945	0.21657503413866724	0.4748	Candidatus Accumulibacter phosphatis	Bacteria	Proteobacteria	Betaproteobacteria	0.5822	0.15	1490.0	DUF900	DUF900	True
AF-A0A6A7ZPI6-F1	0.1678346019561889	-0.1641103580964795	0.1898631430857666	0.504	Sinorhizobium meliloti	Bacteria	Proteobacteria	Alphaproteobacteria	0.5959	0.142	1308.0	DUF900	DUF900	True
AF-A0A6A9S878-F1	0.13177114269572018	0.03814142991650089	-0.15476191712060816	0.702375	Haloarcula sp. CBA1122	Archaea	Euryarchaeota	Halobacteria	0.6892	0.235	333.0	DUF726;DUF900	DUF900	True
AF-A0A6B0GHB1-F1	0.17383237533261717	0.03350693694969493	-0.14879636572640553	0.7919	Halomarina oriensis	Archaea	Euryarchaeota	Halobacteria	0.7941	0.362	51.0		No Pfam hit	True
AF-A0A6B0GHS1-F1	0.18171535464712585	0.048100866455910316	-0.1797347200245718	0.9015500000000001	Halomarina oriensis	Archaea	Euryarchaeota	Halobacteria	0.9218	0.5	44.0		No Pfam hit	True
AF-A0A6B0T947-F1	0.14386733623025386	0.012147574381693548	-0.19048091404621684	0.7656499999999999	Halovenus carboxidivorans	Archaea	Euryarchaeota	Halobacteria	0.8118	0.321	54.0	DUF726	DUF726	True
AF-A0A6B0YMN0-F1	0.19370850181247393	0.006753022316002388	-0.14953679774785333	0.77315	Cenarchaeum sp. SB0665_bin_23	Archaea	Thaumarchaeota		0.726	0.238	240.0	Abhydrolase_8;DUF900	DUF900	True
AF-A0A6B1A2I3-F1	0.19781940987759117	0.007498165454687422	-0.14421703354720458	0.7777499999999999	Cenarchaeum sp. SB0666_bin_15	Archaea	Thaumarchaeota		0.732	0.239	225.0	Abhydrolase_8;DUF900	DUF900	True
AF-A0A6B1BBW2-F1	0.20329876195750607	0.021173545897859088	-0.141402043791836	0.77205	Cenarchaeum sp. SB0663_bin_5	Archaea	Thaumarchaeota		0.7064	0.229	245.0	DUF900	DUF900	True
AF-A0A6B1D0G6-F1	0.20842779484182014	0.020071974120109737	-0.13789108938078298	0.7704	Cenarchaeum sp. SB0661_bin_35	Archaea	Thaumarchaeota		0.71	0.241	257.0	Abhydrolase_8;DUF900	DUF900	True
AF-A0A6B1FGM4-F1	0.19653664836905194	0.021076027816122146	-0.16094374793009023	0.780975	Cenarchaeum sp. SB0675_bin_21	Archaea	Thaumarchaeota		0.7195	0.232	230.0	DUF900	DUF900	True
AF-A0A6B1II15-F1	0.19665837553019822	0.02196511877587835	-0.14412131410593096	0.771775	Cenarchaeum sp. SB0669_bin_11	Archaea	Thaumarchaeota		0.7062	0.229	231.0	DUF900	DUF900	True
AF-A0A6B1IKK2-F1	0.1373679176017953	0.034565057706056515	-0.14324526089017187	0.711775	Halorubrum terrestre	Archaea	Euryarchaeota	Halobacteria	0.6659	0.282	270.0	DUF900;DUF726	DUF900	True
AF-A0A6B1IMM7-F1	0.13336949997353814	0.02163421393594201	-0.1491909695475657	0.7474999999999999	Halorubrum terrestre	Archaea	Euryarchaeota	Halobacteria	0.658	0.284	282.0	DUF900;DUF726	DUF900	True
AF-A0A6B3L1B3-F1	-0.00825932818762182	0.09374975598048926	-0.08269387146242169	0.3675	Sulfuriroseicoccus oceanibius	Bacteria	Verrucomicrobia	Verrucomicrobiae	0.5566	0.153	1418.0		No Pfam hit	True
AF-A0A6B9Y1Z2-F1	-0.17652065527961391	0.18795374510778468	0.12200255488438277	0.11218	haloarchaeon 3A1-DGR	Archaea	Euryarchaeota	Halobacteria	0.1309	0.152	2856.0	DctP	Other Pfam	True
AF-A0A6C0UX32-F1	0.18547197314758967	0.038673058153723086	-0.17364272077807516	0.9353	Haloferax alexandrinus	Archaea	Euryarchaeota	Halobacteria	0.9353	0.703	26.0		No Pfam hit	True
AF-A0A6G0IB94-F1	-0.5374532417408072	-0.248570240660509	-0.04485541994822669	0.19605	Larimichthys crocea	Eukaryota	Chordata	Actinopteri	0.1897	0.12	2413.0	Peptidase_S10	Other α/β hydrolase (CL0028)	True
AF-A0A6G0XYQ1-F1	0.05489850248348779	-0.012602778209532836	-0.10482147439818959	0.45555	Aphanomyces euteiches	Eukaryota	Oomycota		0.4742	0.167	1386.0	DUF900;DUF726	DUF900	True
AF-A0A6G1M8L7-F1	-0.22735896252089083	0.1410936743442993	0.035856255357787324	0.197875	Orbilia oligospora	Eukaryota	Ascomycota	Orbiliomycetes	0.24	0.131	2746.0		No Pfam hit	True
AF-A0A6G1PNM7-F1	-0.5259767630517959	-0.26528471541366955	-0.023313879695276346	0.1553	Channa argus	Eukaryota	Chordata	Actinopteri	0.1893	0.115	2460.0	Peptidase_S10	Other α/β hydrolase (CL0028)	True
AF-A0A6G2J725-F1	0.20904011809065767	0.01696776920636409	-0.14388902099965326	0.7775249999999999	Cenarchaeum sp. SB0667_bin_13	Archaea	Thaumarchaeota		0.7118	0.242	247.0	Abhydrolase_8;DUF900	DUF900	True
AF-A0A6G2JMG5-F1	-0.16907571906399868	0.2840517804767298	0.25459488078099396	0.236375	Gemmatimonadetes bacterium	Bacteria	Gemmatimonadetes		0.2857	0.098	2747.0	Peripla_BP_6;Peripla_BP_5;ANF_receptor	Periplasmic binding protein (CL0144)	True
AF-A0A6G2K886-F1	0.19745817489992426	0.005848946592553158	-0.14888175948821353	0.777725	Cenarchaeum sp. SB0662_bin_33	Archaea	Thaumarchaeota		0.7198	0.242	238.0	Abhydrolase_8;DUF900	DUF900	True
AF-A0A6G2KCY1-F1	0.211973692982308	0.017617393277172443	-0.13325709509255784	0.773725	Cenarchaeum sp. SB0678_bin_8	Archaea	Thaumarchaeota		0.7112	0.241	241.0	Abhydrolase_8;DUF900	DUF900	True
AF-A0A6G2KEU7-F1	0.2102241479645479	0.015185124954118914	-0.14101421766498784	0.773125	Cenarchaeum sp. SB0677_bin_16	Archaea	Thaumarchaeota		0.7268	0.238	234.0	Abhydrolase_8;DUF900	DUF900	True
AF-A0A6G2KTU3-F1	0.2046730714757631	0.01980858996622073	-0.14563245557654228	0.7772	Cenarchaeum sp. SB0673_bin_9	Archaea	Thaumarchaeota		0.7155	0.242	227.0	Abhydrolase_8;DUF900	DUF900	True
AF-A0A6G2KXP3-F1	0.20672107072884355	0.017418488977027562	-0.13882368022493616	0.76405	Cenarchaeum sp. SB0672_bin_9	Archaea	Thaumarchaeota		0.712	0.241	248.0	DUF900	DUF900	True
AF-A0A6G3ZKK6-F1	0.1871647384238284	0.038716971780504206	-0.1662646534645797	0.90555	Halorussus sp. MSC15.2	Archaea	Euryarchaeota	Halobacteria	0.9092	0.542	42.0		No Pfam hit	True
AF-A0A6G4QTQ2-F1	0.05959746764916218	0.031401220330474655	0.04285798937783256	0.379675	Caulobacter sp. 602-2	Bacteria	Proteobacteria	Alphaproteobacteria	0.4256	0.153	1751.0		No Pfam hit	True
AF-A0A6G7BRN5-F1	0.09882006535501632	-0.0007974802476502268	-0.035999983803751634	0.40095	Sphingobacterium sp. DR205	Bacteria	Bacteroidota	Sphingobacteriia	0.4017	0.154	1614.0	DUF900	DUF900	True
AF-A0A6G9Y9T5-F1	-0.1459757384882054	0.24111897931474363	0.05888503016988238	0.20092500000000002	Nocardia arthritidis	Bacteria	Actinobacteria	Actinomycetia	0.2681	0.126	2361.0	Cutinase	Other α/β hydrolase (CL0028)	True
AF-A0A6H1N364-F1	-0.1453147199844824	0.2388492868963945	0.17076507287880077	0.11714750000000002	Streptomyces sp. S1D4-11	Bacteria	Actinobacteria	Actinomycetia	0.1623	0.146	2803.0	Pkinase;PK_Tyr_Ser-Thr;Peripla_BP_6;ANF_receptor	Periplasmic binding protein (CL0144)	True
AF-A0A6H5G8Z1-F1	-0.5473893632136511	-0.262920020997793	-0.04061176882715261	0.15794999999999998	Nesidiocoris tenuis	Eukaryota	Arthropoda	Insecta	0.191	0.12	2370.0	Peptidase_S10	Other α/β hydrolase (CL0028)	True
AF-A0A6H5GC82-F1	-0.5475424010057952	-0.2605267500618641	-0.044079339192791334	0.15805000000000002	Nesidiocoris tenuis	Eukaryota	Arthropoda	Insecta	0.1913	0.12	2399.0	Peptidase_S10	Other α/β hydrolase (CL0028)	True
AF-A0A6H9YYU0-F1	-0.09300868745537419	0.0992600640130073	-0.06429664011893557	0.40995000000000004	Actinomadura rudentiformis	Bacteria	Actinobacteria	Actinomycetia	0.4212	0.121	1834.0	DUF676;PGAP1	DUF676	True
AF-A0A6H9Z0J5-F1	-0.02198313939166086	0.07409169784105092	-0.07180238958781222	0.439925	Actinomadura rudentiformis	Bacteria	Actinobacteria	Actinomycetia	0.4532	0.157	1613.0	Abhydrolase_8	Other α/β hydrolase (CL0028)	True
AF-A0A6I0DNX1-F1	0.20458321594540987	-0.1068175890266002	0.13882221043702614	0.5392	Brucella anthropi	Bacteria	Proteobacteria	Alphaproteobacteria	0.6246	0.167	1126.0	DUF900;Abhydrolase_6	DUF900	True
AF-A0A6I0EG12-F1	0.19370138288752833	-0.1370066008619877	0.15627988868583803	0.5288249999999999	Hyphomicrobium sp.	Bacteria	Proteobacteria	Alphaproteobacteria	0.5631	0.201	930.0	DUF900;Lipase_2;LCAT	DUF900	True
AF-A0A6I1E9A9-F1	0.18822845619847647	-0.1748052912348947	0.18799489249090512	0.47605	Amylibacter sp. SFDW26	Bacteria	Proteobacteria	Alphaproteobacteria	0.5372	0.221	1136.0	DUF900	DUF900	True
AF-A0A6I1J744-F1	0.13523426837135716	-0.1077765616794015	0.137333138876441	0.48	Xanthobacteraceae bacterium	Bacteria	Proteobacteria	Alphaproteobacteria	0.5373	0.182	1556.0	DUF900;Abhydrolase_6	DUF900	True
AF-A0A6I2A472-F1	-0.10521947114989334	0.22023866588964186	0.12074410901608122	0.26265	Dehalococcoidia bacterium	Bacteria	Chloroflexi	Dehalococcoidia	0.2683	0.149	2224.0		No Pfam hit	True
AF-A0A6I2F691-F1	0.13011184749264537	0.05642793902941042	-0.09171598693928076	0.6363	Agromyces agglutinans	Bacteria	Actinobacteria	Actinomycetia	0.6116	0.168	920.0	Abhydrolase_6	Other α/β hydrolase (CL0028)	True
AF-A0A6I2YK35-F1	-0.22301629788718896	0.18040306789243218	0.16437388923413168	0.120745	Actinomycetia bacterium	Bacteria	Actinobacteria	Actinomycetia	0.1841	0.131	2796.0	GTP-bdg_N;GTP-bdg_M;MMR_HSR1	P-loop NTPase (CL0023)	True
AF-A0A6I3KLF9-F1	0.19946785833100497	-0.09924195189266531	0.08323350252358123	0.527775	Hyphomicrobium album	Bacteria	Proteobacteria	Alphaproteobacteria	0.576	0.169	1160.0	DUF900	DUF900	True
AF-A0A6I3SHK5-F1	-0.13960519060335905	0.20376605572971968	0.12605558572862283	0.116775	Heliobacterium mobile	Bacteria	Firmicutes	Clostridia	0.1556	0.125	2814.0	Resolvase;Recombinase;Zn_ribbon_recom	Other Pfam	True
AF-A0A6I4M2B7-F1	-0.02974845495890195	0.07850311887008644	-0.05393183266979695	0.44537499999999997	Actinomadura physcomitrii	Bacteria	Actinobacteria	Actinomycetia	0.4687	0.164	1679.0	Abhydrolase_8	Other α/β hydrolase (CL0028)	True
AF-A0A6I5NPT5-F1	0.2397491282543247	-0.11864170892007557	0.05469245664335654	0.632475	Leptolyngbya sp. SIOISBB	Bacteria	Cyanobacteria		0.665	0.159	516.0	DUF900	DUF900	True
AF-A0A6I6AJ07-F1	0.22319920785864544	-0.12836902126818323	0.1250674706181743	0.5203249999999999	Gimesia benthica	Bacteria	Planctomycetota	Planctomycetia	0.5936	0.183	913.0	DUF900	DUF900	True
AF-A0A6I6AJ42-F1	0.2076017213899959	-0.04927917609345203	-0.08890405508912531	0.6468750000000001	Gimesia benthica	Bacteria	Planctomycetota	Planctomycetia	0.7069	0.178	439.0		No Pfam hit	True
AF-A0A6I7HLC2-F1	0.1736586266094247	-0.12897512323500224	0.14511849712049923	0.531575	Ciceribacter lividus	Bacteria	Proteobacteria	Alphaproteobacteria	0.5535	0.165	1376.0	DUF900;Abhydrolase_6	DUF900	True
AF-A0A6I7Q789-F1	0.17702639430990988	-0.17805135318599571	0.20748209016960883	0.45747499999999997	Chromatiaceae bacterium	Bacteria	Proteobacteria	Gammaproteobacteria	0.4946	0.152	1449.0	DUF900	DUF900	True
AF-A0A6I8Q081-F1	-0.5147589554011831	-0.2302592293242369	-0.03131941712545562	0.176625	Xenopus tropicalis	Eukaryota	Chordata	Amphibia	0.1892	0.105	2513.0	Peptidase_S10	Other α/β hydrolase (CL0028)	True
AF-A0A6I8QGJ7-F1	-0.5271630108470811	-0.2549466090580067	-0.029892555818548803	0.158825	Xenopus tropicalis	Eukaryota	Chordata	Amphibia	0.1894	0.096	2622.0	Peptidase_S10	Other α/β hydrolase (CL0028)	True
AF-A0A6I8SFI2-F1	-0.5341974471099296	-0.26374785298629827	-0.028854751269740585	0.15395	Xenopus tropicalis	Eukaryota	Chordata	Amphibia	0.2345	0.083	2694.0	Peptidase_S10	Other α/β hydrolase (CL0028)	True
AF-A0A6I9NHN0-F1	-0.5395679330907711	-0.2580710569313543	-0.036181532651846204	0.1744	Notothenia coriiceps	Eukaryota	Chordata	Actinopteri	0.2191	0.122	2383.0	Peptidase_S10	Other α/β hydrolase (CL0028)	True
AF-A0A6J1T7X7-F1	-0.5361144687980004	-0.2515431863255818	-0.04652904620016801	0.211675	Frankliniella occidentalis	Eukaryota	Arthropoda	Insecta	0.2558	0.121	2457.0	Peptidase_S10	Other α/β hydrolase (CL0028)	True
AF-A0A6J2R7P3-F1	-0.5405645734574434	-0.25955378270409335	-0.025486427929089395	0.15585	Cottoperca gobio	Eukaryota	Chordata	Actinopteri	0.1896	0.109	2565.0	Peptidase_S10	Other α/β hydrolase (CL0028)	True
AF-A0A6J2X177-F1	-0.5548037257627245	-0.2360834755129233	-0.05468582783506611	0.15735	Sitophilus oryzae	Eukaryota	Arthropoda	Insecta	0.1899	0.118	2500.0	Peptidase_S10	Other α/β hydrolase (CL0028)	True
AF-A0A6J2X1A1-F1	-0.5650428243157147	-0.24522278836713618	-0.07694612769305782	0.15755000000000002	Sitophilus oryzae	Eukaryota	Arthropoda	Insecta	0.1921	0.131	2600.0	Peptidase_S10	Other α/β hydrolase (CL0028)	True
AF-A0A6J2X1A5-F1	-0.5293004237957774	-0.24554555820602464	-0.037867140286539244	0.18555	Sitophilus oryzae	Eukaryota	Arthropoda	Insecta	0.1915	0.122	2498.0	Peptidase_S10	Other α/β hydrolase (CL0028)	True
AF-A0A6J2X1B0-F1	-0.5488551366403993	-0.23959998116982936	-0.05355278365269563	0.218775	Sitophilus oryzae	Eukaryota	Arthropoda	Insecta	0.265	0.111	2654.0	Peptidase_S10	Other α/β hydrolase (CL0028)	True
AF-A0A6J2X1H1-F1	-0.5460680478595198	-0.2540407160361103	-0.058250363692683584	0.20595000000000002	Sitophilus oryzae	Eukaryota	Arthropoda	Insecta	0.2531	0.115	2693.0	Peptidase_S10	Other α/β hydrolase (CL0028)	True
AF-A0A6J2X1H4-F1	-0.5343848498214483	-0.23964148385499626	-0.05728910759914561	0.201075	Sitophilus oryzae	Eukaryota	Arthropoda	Insecta	0.2799	0.085	2470.0	Peptidase_S10	Other α/β hydrolase (CL0028)	True
AF-A0A6J2X1W6-F1	-0.5473794778473501	-0.24529068146436775	-0.0615111548516894	0.178975	Sitophilus oryzae	Eukaryota	Arthropoda	Insecta	0.24	0.153	2523.0	Peptidase_S10	Other α/β hydrolase (CL0028)	True
AF-A0A6J2X210-F1	-0.5466445084204989	-0.25577106981587544	-0.052887084342241035	0.155475	Sitophilus oryzae	Eukaryota	Arthropoda	Insecta	0.2006	0.117	2607.0	Peptidase_S10	Other α/β hydrolase (CL0028)	True
AF-A0A6J2Y1Q8-F1	-0.5432510239426289	-0.24183436936137045	-0.06441636966332093	0.16044999999999998	Sitophilus oryzae	Eukaryota	Arthropoda	Insecta	0.1935	0.125	2519.0	Peptidase_S10	Other α/β hydrolase (CL0028)	True
AF-A0A6J4K6F1-F1	0.19401786463637793	-0.11514376266828445	0.048790126998665945	0.54365	uncultured Cytophagales bacterium	Bacteria	Bacteroidota	Sphingobacteriia	0.6108	0.176	612.0	DUF900	DUF900	True
AF-A0A6J5EXH2-F1	-0.18258537878908812	0.28183935643750246	0.2613922534536484	0.207025	Burkholderia puraquae	Bacteria	Proteobacteria	Betaproteobacteria	0.2497	0.104	2532.0	Peripla_BP_6;Peripla_BP_5;ANF_receptor	Periplasmic binding protein (CL0144)	True
AF-A0A6J6RXL0-F1	-0.02482124025803601	0.2562307490101998	0.04364528840358215	0.445525	freshwater metagenome	Metagenome (unassigned)			0.4264	0.123	1996.0	Cutinase;PE-PPE	Other α/β hydrolase (CL0028)	True
AF-A0A6J7AU97-F1	-0.21906357875320187	0.17709801997961142	0.16533463042501756	0.117845	freshwater metagenome	Metagenome (unassigned)			0.1729	0.145	2784.0	GTP-bdg_N;GTP-bdg_M;MMR_HSR1	P-loop NTPase (CL0023)	True
AF-A0A6J8D930-F1	-0.14591765554302852	0.16896087165495335	0.12875415183535582	0.189975	Mytilus coruscus	Eukaryota	Mollusca	Bivalvia	0.2219	0.137	2757.0	CARD;Peptidase_C14	Other Pfam	True
AF-A0A6L3VJP7-F1	-0.04290231074973162	0.08051249252940888	-0.05494030513480056	0.388675	Actinomadura montaniterrae	Bacteria	Actinobacteria	Actinomycetia	0.458	0.153	1704.0	Abhydrolase_8	Other α/β hydrolase (CL0028)	True
AF-A0A6L3VPW0-F1	-0.011158727308132124	0.08221260944850378	-0.04292699669751575	0.46335	Actinomadura montaniterrae	Bacteria	Actinobacteria	Actinomycetia	0.4837	0.17	1574.0	Abhydrolase_8	Other α/β hydrolase (CL0028)	True
AF-A0A6L3YHZ3-F1	0.19504245949958093	-0.10706742083047811	0.14232085372593048	0.5142500000000001	Brucella tritici	Bacteria	Proteobacteria	Alphaproteobacteria	0.5693	0.168	1244.0	DUF900;Abhydrolase_6	DUF900	True
AF-A0A6L6VIK1-F1	0.19893930472619895	-0.10080355433633342	0.15534359866519087	0.5522	Agrobacterium vitis	Bacteria	Proteobacteria	Alphaproteobacteria	0.6428	0.167	1218.0	DUF900;Abhydrolase_6	DUF900	True
AF-A0A6L6WFG4-F1	0.21064584273317438	-0.1664618951188921	0.1897225548213508	0.49150000000000005	Zongyanglinia huanghaiensis	Bacteria	Proteobacteria	Alphaproteobacteria	0.5554	0.133	1228.0	DUF900	DUF900	True
AF-A0A6L7GNQ6-F1	-0.14667387710218321	0.23832630311411035	0.05525858949386991	0.23315	Gordonia mangrovi	Bacteria	Actinobacteria	Actinomycetia	0.327	0.092	2290.0	Cutinase	Other α/β hydrolase (CL0028)	True
AF-A0A6L7NAJ2-F1	-0.03808942309544833	0.25331504221244155	0.011639029624711115	0.40602499999999997	Acidimicrobiia bacterium	Bacteria	Actinobacteria	Acidimicrobiia	0.4406	0.124	1842.0	Cutinase	Other α/β hydrolase (CL0028)	True
AF-A0A6L8BBG4-F1	-0.16931704165289937	0.3024979448499029	0.26809196983880146	0.155275	Proteobacteria bacterium	Bacteria	Proteobacteria		0.1885	0.126	2788.0	Peripla_BP_6;ANF_receptor	Periplasmic binding protein (CL0144)	True
AF-A0A6L8BEC4-F1	0.0953679587924898	-0.00784927068969829	-0.06281577115288017	0.44472500000000004	Proteobacteria bacterium	Bacteria	Proteobacteria		0.5075	0.157	1125.0	DUF900	DUF900	True
AF-A0A6L8BG93-F1	0.2248015079405058	-0.13270436523911064	0.07109294810031438	0.613475	Proteobacteria bacterium	Bacteria	Proteobacteria		0.6721	0.154	690.0	DUF900	DUF900	True
AF-A0A6L8DF06-F1	-0.15461616493514269	0.29679673752904384	0.2591743580816289	0.22235	Gemmatimonadetes bacterium	Bacteria	Gemmatimonadetes		0.2691	0.099	2723.0	Peripla_BP_6;Peripla_BP_5;ANF_receptor	Periplasmic binding protein (CL0144)	True
AF-A0A6L9QU90-F1	-0.024222980258562468	0.07421373433318006	-0.04887911008426692	0.463075	Actinomadura bangladeshensis	Bacteria	Actinobacteria	Actinomycetia	0.4722	0.147	1553.0	Abhydrolase_8	Other α/β hydrolase (CL0028)	True
AF-A0A6L9QWX1-F1	-0.016351294721789943	0.09190557292257955	-0.044153647409734334	0.44067500000000004	Actinomadura bangladeshensis	Bacteria	Actinobacteria	Actinomycetia	0.4573	0.148	1669.0	Abhydrolase_8	Other α/β hydrolase (CL0028)	True
AF-A0A6L9TZT9-F1	0.19267682353612184	-0.11289320401425258	0.15444944542010763	0.48357500000000003	Rhizobium lusitanum	Bacteria	Proteobacteria	Alphaproteobacteria	0.5768	0.165	1010.0	DUF900;Abhydrolase_6	DUF900	True
AF-A0A6M0JUV5-F1	0.18858193720585714	-0.16817204334068078	0.21452169925828257	0.468375	Thiorhodococcus minor	Bacteria	Proteobacteria	Gammaproteobacteria	0.468	0.12	1589.0	DUF900	DUF900	True
AF-A0A6M0K3Q6-F1	0.1810065240925755	-0.11540177039757461	0.25746359626671855	0.42212500000000003	Thiorhodococcus minor	Bacteria	Proteobacteria	Gammaproteobacteria	0.5109	0.176	1367.0	DUF900	DUF900	True
AF-A0A6M0K5W7-F1	0.16178784368158447	-0.19742142957637746	0.22539775346084828	0.4652	Thiorhodococcus minor	Bacteria	Proteobacteria	Gammaproteobacteria	0.5414	0.16	1567.0	DUF900	DUF900	True
AF-A0A6M1M8R1-F1	0.22254933555331916	-0.13181128156102656	0.0636542140922617	0.5770500000000001	Methylobacterium sp. DB0501	Bacteria	Proteobacteria	Alphaproteobacteria	0.6451	0.142	756.0	DUF900	DUF900	True
AF-A0A6M1NSV6-F1	0.11969314205183992	-0.009019938181783942	-0.035294190422470145	0.47292500000000004	Sphingobacterium sp. SGL-16	Bacteria	Bacteroidota	Sphingobacteriia	0.5101	0.153	1485.0	DUF900	DUF900	True
AF-A0A6M1T602-F1	0.19636547359036757	-0.10209935263091482	0.12726510251417203	0.4535	Aliifodinibius halophilus	Bacteria	Balneolaeota	Balneolia	0.5778	0.142	1194.0	DUF900	DUF900	True
AF-A0A6M2DN21-F1	-0.5573206243572327	-0.25594763058136266	-0.056143507366104906	0.15925	Xenopsylla cheopis	Eukaryota	Arthropoda	Insecta	0.2084	0.142	2345.0	Peptidase_S10	Other α/β hydrolase (CL0028)	True
AF-A0A6M7TDX4-F1	-0.09311576869182497	0.06157751280676831	-0.026835954119854767	0.338125	Mesorhizobium jarvisii	Bacteria	Proteobacteria	Alphaproteobacteria	0.3477	0.156	2138.0		No Pfam hit	True
AF-A0A6M7U112-F1	-0.0975188130171537	0.05740883892487527	-0.019608111815220677	0.38835	Mesorhizobium loti	Bacteria	Proteobacteria	Alphaproteobacteria	0.3695	0.129	2227.0		No Pfam hit	True
AF-A0A6M7UFU9-F1	-0.08397577528111644	0.06814902547393639	-0.012553733335478413	0.3414	Mesorhizobium erdmanii	Bacteria	Proteobacteria	Alphaproteobacteria	0.3564	0.163	2177.0		No Pfam hit	True
AF-A0A6M7VDA7-F1	-0.07728763180194091	0.05949124019288971	-0.028311179459630038	0.364575	Mesorhizobium sp. NZP2077	Bacteria	Proteobacteria	Alphaproteobacteria	0.3687	0.156	2208.0		No Pfam hit	True
AF-A0A6M7W064-F1	-0.09364174237080733	0.05133697296485471	-0.02490314224348792	0.37575	Mesorhizobium sp. NZP2298	Bacteria	Proteobacteria	Alphaproteobacteria	0.3595	0.151	2254.0		No Pfam hit	True
AF-A0A6M7WNX3-F1	-0.07413430280109609	0.06830315007336056	-0.025140234869800798	0.346325	Mesorhizobium loti R88b	Bacteria	Proteobacteria	Alphaproteobacteria	0.3595	0.145	2084.0		No Pfam hit	True
AF-A0A6N3YS92-F1	0.20255848930763712	-0.11006620140594921	0.032846631484329265	0.6091	Aliivibrio fischeri	Bacteria	Proteobacteria	Gammaproteobacteria	0.6485	0.148	586.0	DUF900	DUF900	True
AF-A0A6N4V6E1-F1	-0.06148281591901884	0.19711591725640262	0.07123407160181165	0.433	Mycolicibacterium poriferae	Bacteria	Actinobacteria	Actinomycetia	0.4099	0.14	1816.0	Cutinase	Other α/β hydrolase (CL0028)	True
AF-A0A6N6RWT4-F1	0.20045084078487155	-0.10722672727229407	0.03886888017152126	0.572425	Aliivibrio finisterrensis	Bacteria	Proteobacteria	Gammaproteobacteria	0.6174	0.163	604.0	DUF900	DUF900	True
AF-A0A6N6SXU5-F1	0.19496560277358638	-0.13314670502804388	0.15152553758488188	0.5285	Hyphomicrobiaceae bacterium	Bacteria	Proteobacteria	Alphaproteobacteria	0.5551	0.192	858.0	DUF900;Lipase_2	DUF900	True
AF-A0A6N7CP93-F1	-0.17429041399676298	0.24446232683767957	0.04587310168666651	0.298525	Rhodococcus sp. T7	Bacteria	Actinobacteria	Actinomycetia	0.2414	0.136	2317.0	Cutinase	Other α/β hydrolase (CL0028)	True
AF-A0A6N7HKP3-F1	-0.12746364290848933	0.16740502260569587	0.01055253750671307	0.332725	Actinophytocola sp.	Bacteria	Actinobacteria	Actinomycetia	0.3698	0.131	1891.0	Cutinase;PE-PPE	Other α/β hydrolase (CL0028)	True
AF-A0A6N7YGL2-F1	-0.04861441582682999	0.23923797703464775	0.05689089438971087	0.360625	Conexibacter sp. W3-3-2	Bacteria	Actinobacteria	Thermoleophilia	0.3408	0.13	1949.0	Cutinase	Other α/β hydrolase (CL0028)	True
AF-A0A6N8DLP2-F1	0.1803390760609276	-0.09182973144792632	0.12833940128108037	0.5388000000000001	Rhodoblastus acidophilus	Bacteria	Proteobacteria	Alphaproteobacteria	0.6165	0.133	1208.0	DUF900;Abhydrolase_6	DUF900	True
AF-A0A6N8DSA9-F1	0.14366433481784974	-0.11351096392097007	0.0813527522667762	0.420775	Rhodoblastus acidophilus	Bacteria	Proteobacteria	Alphaproteobacteria	0.5639	0.155	1123.0	DctP;DUF900	DUF900	True
AF-A0A6N9AUG8-F1	-0.16588745932338428	0.2884531439410555	0.26295229590127195	0.217325	Gemmatimonadetes bacterium	Bacteria	Gemmatimonadetes		0.2652	0.116	2722.0	Peripla_BP_6;Peripla_BP_5;ANF_receptor	Periplasmic binding protein (CL0144)	True
AF-A0A6P0PPY6-F1	-0.1485755255285631	0.14260152138239512	-0.15054159962112995	0.446925	Moorena sp. SIO4E2	Bacteria	Cyanobacteria		0.4099	0.096	2014.0	PGAP1	Other α/β hydrolase (CL0028)	True
AF-A0A6P0YY38-F1	-0.27988056302095415	0.1095236008511143	-0.04275250628236561	0.26180000000000003	Merismopedia sp. SIO2A8	Bacteria	Cyanobacteria		0.2275	0.131	2590.0		No Pfam hit	True
AF-A0A6P1BZT6-F1	0.2027327057980404	-0.09488925881433415	0.15241134000471387	0.4929	Rhizobium tropici	Bacteria	Proteobacteria	Alphaproteobacteria	0.5694	0.157	984.0	DUF900;Abhydrolase_6	DUF900	True
AF-A0A6P1DW37-F1	0.17124646855386877	-0.18510732923063813	0.21194172962440425	0.48682499999999995	Thiorhodococcus mannitoliphagus	Bacteria	Proteobacteria	Gammaproteobacteria	0.5862	0.136	1206.0	DUF900	DUF900	True
AF-A0A6P1DWK5-F1	0.1900094057133389	-0.17666647068764782	0.2021195790475554	0.46299999999999997	Thiorhodococcus mannitoliphagus	Bacteria	Proteobacteria	Gammaproteobacteria	0.5438	0.132	1417.0	DUF900	DUF900	True
AF-A0A6P2CGH8-F1	-0.03506682605862648	0.11078469449108988	-0.017612578437671864	0.3503	Rhodococcus rhodnii	Bacteria	Actinobacteria	Actinomycetia	0.4191	0.144	1854.0	Abhydrolase_8	Other α/β hydrolase (CL0028)	True
AF-A0A6P6XL82-F1	-0.032928162929773845	0.08396264093650506	0.0298455854021519	0.31520000000000004	Dermatophagoides pteronyssinus	Eukaryota	Arthropoda	Arachnida	0.3634	0.137	1772.0	Lipase	Other α/β hydrolase (CL0028)	True
AF-A0A6P6XTI5-F1	-0.010153162553821437	0.07039254051408661	0.059320358935114795	0.32235	Dermatophagoides pteronyssinus	Eukaryota	Arthropoda	Arachnida	0.3739	0.155	1615.0	Lipase	Other α/β hydrolase (CL0028)	True
AF-A0A6P7G3Z3-F1	-0.554969085979351	-0.23986527703453206	-0.050126883303993286	0.15050000000000002	Diabrotica virgifera virgifera	Eukaryota	Arthropoda	Insecta	0.2281	0.094	2703.0	Peptidase_S10	Other α/β hydrolase (CL0028)	True
AF-A0A6P7GA47-F1	-0.5371155719670482	-0.24884886361463918	-0.03724230956914714	0.20035	Diabrotica virgifera virgifera	Eukaryota	Arthropoda	Insecta	0.2292	0.111	2734.0	Peptidase_S10	Other α/β hydrolase (CL0028)	True
AF-A0A6P7GIW6-F1	-0.5459566497247096	-0.24000852391580363	-0.03150042407852448	0.180375	Diabrotica virgifera virgifera	Eukaryota	Arthropoda	Insecta	0.1862	0.141	2649.0	Peptidase_S10	Other α/β hydrolase (CL0028)	True
AF-A0A6P7GY03-F1	-0.5432985681453983	-0.24434792182037032	-0.04336023481331351	0.175975	Diabrotica virgifera virgifera	Eukaryota	Arthropoda	Insecta	0.2347	0.108	2691.0	Peptidase_S10	Other α/β hydrolase (CL0028)	True
AF-A0A6P7JVC6-F1	-0.5357795094769167	-0.2626376960568384	-0.05463208129116918	0.17315	Parambassis ranga	Eukaryota	Chordata	Actinopteri	0.1893	0.125	2426.0	Peptidase_S10	Other α/β hydrolase (CL0028)	True
AF-A0A6P8APM3-F1	-0.08248084516049752	0.2558098809508852	0.030372578705033362	0.29147500000000004	Pyricularia grisea	Eukaryota	Ascomycota	Sordariomycetes	0.2927	0.12	2240.0	Cutinase	Other α/β hydrolase (CL0028)	True
AF-A0A6P8V316-F1	-0.5358884280902277	-0.2498219425128323	-0.03858381672585333	0.15525	Gymnodraco acuticeps	Eukaryota	Chordata	Actinopteri	0.1897	0.125	2393.0	Peptidase_S10	Other α/β hydrolase (CL0028)	True
AF-A0A6P8YKG9-F1	-0.5405856179383582	-0.2546827886727174	-0.0216228778519658	0.172125	Thrips palmi	Eukaryota	Arthropoda	Insecta	0.2273	0.108	2692.0	Peptidase_S10	Other α/β hydrolase (CL0028)	True
AF-A0A6S6QTB6-F1	0.17726777032057434	-0.05460722945864261	0.07852713901342523	0.511475	Terrihabitans soli	Bacteria	Proteobacteria	Alphaproteobacteria	0.5769	0.149	1052.0	DUF900	DUF900	True
AF-A0A6S6ZDR3-F1	0.16308035889742334	-0.1837023895578774	0.2193796830037219	0.45675	Achromobacter animicus	Bacteria	Proteobacteria	Betaproteobacteria	0.5593	0.118	1371.0	DUF900	DUF900	True
AF-A0A6V7QT30-F1	-0.21492625479218444	0.17683225889935328	0.1589278298765659	0.1127425	Ananas comosus var. bracteatus	Eukaryota	Streptophyta	Magnoliopsida	0.1389	0.119	2885.0	GTP-bdg_N;GTP-bdg_M;MMR_HSR1;HflX_C	P-loop NTPase (CL0023)	True
AF-A0A6V7QUM6-F1	-0.21974617688474593	0.17803233752953496	0.16148227893030268	0.1188775	Ananas comosus var. bracteatus	Eukaryota	Streptophyta	Magnoliopsida	0.1442	0.103	2870.0	GTP-bdg_N;GTP-bdg_M;MMR_HSR1;HflX_C	P-loop NTPase (CL0023)	True
AF-A0A6V8KGK4-F1	-0.07690710366867012	0.24556409059472406	0.0665061350679668	0.30569999999999997	Phytohabitans houttuyneae	Bacteria	Actinobacteria	Actinomycetia	0.3464	0.144	2126.0	Cutinase;FG-GAP_3	Other α/β hydrolase (CL0028)	True
AF-A0A7C1U5M2-F1	0.1785304899708084	-0.19444195073477413	0.2155832036414234	0.436425	Thiotrichales bacterium	Bacteria	Proteobacteria	Gammaproteobacteria	0.5161	0.144	1533.0	DUF900	DUF900	True
AF-A0A7C2D3M4-F1	0.18243375551802388	0.01409670705129946	-0.13746426054186853	0.6082000000000001	Bryobacterales bacterium	Bacteria	Acidobacteria	Acidobacteriia	0.5957	0.15	668.0		No Pfam hit	True
AF-A0A7C2HTC3-F1	0.20815306653675128	-0.08727066057610887	0.03618418310481503	0.64295	Rhodobacteraceae bacterium	Bacteria	Proteobacteria	Alphaproteobacteria	0.6703	0.184	372.0	DUF900	DUF900	True
AF-A0A7C2QZV2-F1	0.19973817394700719	-0.12015568666711887	0.1615810958371364	0.508175	Hyphomicrobiales bacterium	Bacteria	Proteobacteria	Alphaproteobacteria	0.524	0.155	1064.0	DUF900;Lipase_2;LCAT	DUF900	True
AF-A0A7C2T2S4-F1	0.1641012969273723	-0.15103067415119678	0.17717747870760128	0.4281	Alphaproteobacteria bacterium	Bacteria	Proteobacteria	Alphaproteobacteria	0.5692	0.146	1091.0	DUF900;OmpA	DUF900	True
AF-A0A7C2XPU6-F1	0.1724030205108425	0.025432525572940352	-0.16282024976351472	0.78	Nitrosopumilus sp.	Archaea	Thaumarchaeota		0.7272	0.245	180.0	DUF900;DUF676;DUF726	DUF900	True
AF-A0A7C3DSK9-F1	0.1753051453789657	0.00035711577131489837	-0.13796890517741972	0.6083500000000001	Bryobacterales bacterium	Bacteria	Acidobacteria	Acidobacteriia	0.5868	0.149	644.0		No Pfam hit	True
AF-A0A7C3FLV3-F1	-0.09537469669300634	0.18236305781831333	0.09340812101714968	0.3312	Dehalococcoidia bacterium	Bacteria	Chloroflexi	Dehalococcoidia	0.3336	0.119	2119.0		No Pfam hit	True
AF-A0A7C3G0U2-F1	0.17480471869023648	-0.18039099468886596	0.1779596240623556	0.46857499999999996	Hellea balneolensis	Bacteria	Proteobacteria	Alphaproteobacteria	0.5596	0.159	977.0	DUF900	DUF900	True
AF-A0A7C3HR87-F1	0.2045805485774944	-0.069022388545632	0.036899288084671564	0.5684	Bryobacterales bacterium	Bacteria	Acidobacteria	Acidobacteriia	0.5606	0.221	450.0	DUF900	DUF900	True
AF-A0A7C3JR69-F1	0.16649441827653225	-0.027131831162830383	-0.02877698447472169	0.6446	Deltaproteobacteria bacterium	Bacteria	Proteobacteria	Deltaproteobacteria	0.6448	0.222	336.0	DUF900	DUF900	True
AF-A0A7C3PBY5-F1	0.17607751606969202	-0.1792336071777064	0.21693484620284167	0.44020000000000004	Phycisphaerales bacterium	Bacteria	Planctomycetota	Phycisphaerae	0.5179	0.202	1148.0	DUF900	DUF900	True
AF-A0A7C4G6S6-F1	0.16858286320803928	-0.020248424386587173	-0.11387707789179864	0.6388499999999999	Phycisphaerae bacterium	Bacteria	Planctomycetota	Phycisphaerae	0.6132	0.212	506.0		No Pfam hit	True
AF-A0A7C4GDA7-F1	-0.11623178664822166	0.21157248258031716	0.0647775399064055	0.29864999999999997	candidate division WOR-3 bacterium	Bacteria	candidate division WOR-3		0.279	0.133	2160.0		No Pfam hit	True
AF-A0A7C4Z3T3-F1	-0.18267831312237984	0.30132537456778735	0.252950975727908	0.2301	Anaerolineae bacterium	Bacteria	Chloroflexi	Anaerolineae	0.2602	0.105	2711.0	Peripla_BP_6;Peripla_BP_5;ANF_receptor	Periplasmic binding protein (CL0144)	True
AF-A0A7C5C0U9-F1	0.21942706288944797	-0.012467416378439298	-0.09593228732364838	0.593625	Planctomycetota bacterium	Bacteria	Planctomycetota		0.6348	0.192	587.0		No Pfam hit	True
AF-A0A7C5ELL8-F1	-0.0015465647741702959	0.08669208427740215	-0.021829648410878224	0.450875	Planctomycetota bacterium	Bacteria	Planctomycetota		0.4358	0.247	1424.0	DUF900	DUF900	True
AF-A0A7C7QGX7-F1	0.11967179843495138	-0.06500930494225207	0.09343472314714588	0.52325	Chromatiales bacterium	Bacteria	Proteobacteria	Gammaproteobacteria	0.4651	0.131	1631.0	DUF900	DUF900	True
AF-A0A7C7V3M5-F1	0.18903597880325845	-0.036797967404506034	-0.09675278656025418	0.559475	Planctomycetaceae bacterium	Bacteria	Planctomycetota	Planctomycetia	0.5967	0.182	723.0		No Pfam hit	True
AF-A0A7C7X6C2-F1	0.22369555355565304	-0.025126474354675816	-0.08864376171831463	0.58195	Planctomycetaceae bacterium	Bacteria	Planctomycetota	Planctomycetia	0.6022	0.155	886.0		No Pfam hit	True
AF-A0A7C7XHU1-F1	0.19007082711264892	0.0451334895737102	-0.17145956364619983	0.800675	Candidatus Nitrosopelagicus sp.	Archaea	Thaumarchaeota		0.749	0.267	144.0	DUF900;DUF676;Cutinase;DUF726	DUF900	True
AF-A0A7C8IMA8-F1	-0.16372171737825225	0.10088554006837111	-0.14454192098391036	0.35335	Xylaria multiplex	Eukaryota	Ascomycota	Sordariomycetes	0.4031	0.109	2537.0		No Pfam hit	True
AF-A0A7C8JCQ8-F1	-0.238372550124748	0.14202009939944768	0.029728557848540678	0.181325	Orbilia oligospora	Eukaryota	Ascomycota	Orbiliomycetes	0.2145	0.168	2546.0		No Pfam hit	True
AF-A0A7C8MEQ3-F1	-0.1403508117729402	0.12210813718923993	-0.11640997123506064	0.37210000000000004	Xylaria multiplex	Eukaryota	Ascomycota	Sordariomycetes	0.4407	0.12	2144.0	NB-ARC	P-loop NTPase (CL0023)	True
AF-A0A7C8N211-F1	-0.18543149595349098	0.07943195628266503	-0.08071424795810636	0.27595000000000003	Orbilia oligospora	Eukaryota	Ascomycota	Orbiliomycetes	0.3899	0.107	2078.0	ZZ;ZZ_ADA2	Other Pfam	True
AF-A0A7C8RJU7-F1	-0.1790271926129936	0.07713126377270359	-0.09885446111730245	0.299925	Orbilia oligospora	Eukaryota	Ascomycota	Orbiliomycetes	0.4236	0.134	1970.0	ZZ;ZZ_ADA2	Other Pfam	True
AF-A0A7C8U0G5-F1	-0.15689249667190552	0.1071294905349698	-0.0848217797018725	0.2904	Orbilia oligospora	Eukaryota	Ascomycota	Orbiliomycetes	0.4013	0.114	1887.0	ZZ;ZZ_ADA2	Other Pfam	True
AF-A0A7C8U6I1-F1	-0.16230045316557726	0.0964420638770023	-0.074887756213125	0.26995	Orbilia oligospora	Eukaryota	Ascomycota	Orbiliomycetes	0.379	0.118	2092.0	ZZ;ZZ_ADA2	Other Pfam	True
AF-A0A7C8V8B3-F1	-0.24050828741855626	0.1407050854609803	0.028729834277866118	0.18112499999999998	Orbilia oligospora	Eukaryota	Ascomycota	Orbiliomycetes	0.2148	0.168	2549.0		No Pfam hit	True
AF-A0A7C9BMW2-F1	0.21166695139178698	-0.11545753097005201	0.12225870447392273	0.5675	Burkholderia sp. BE17	Bacteria	Proteobacteria	Betaproteobacteria	0.6039	0.148	1332.0	DUF900	DUF900	True
AF-A0A7D3VX64-F1	-0.013493534201924371	0.09426772608233296	-0.05856926243316714	0.4562	Actinomadura verrucosospora	Bacteria	Actinobacteria	Actinomycetia	0.4739	0.17	1600.0	Abhydrolase_8	Other α/β hydrolase (CL0028)	True
AF-A0A7D3VXC7-F1	-0.047342232080112435	0.0800361231722418	-0.02335372084017737	0.398	Actinomadura verrucosospora	Bacteria	Actinobacteria	Actinomycetia	0.4383	0.152	1697.0	Abhydrolase_8	Other α/β hydrolase (CL0028)	True
AF-A0A7D3Y2G5-F1	0.11659400549162341	0.0055209768702698175	-0.15529464339454246	0.6964250000000001	Halorubrum salinarum	Archaea	Euryarchaeota	Halobacteria	0.6374	0.262	293.0	DUF900;DUF726	DUF900	True
AF-A0A7D5GQB1-F1	0.11876911786136708	0.03295798168889771	-0.16006288066160543	0.688525	Natrinema halophilum	Archaea	Euryarchaeota	Halobacteria	0.6916	0.247	251.0		No Pfam hit	True
AF-A0A7D5M1Y7-F1	0.18606273984847962	0.04542936457929736	-0.1780826844067431	0.8065	Nitrosopumilus cobalaminigenes	Archaea	Thaumarchaeota		0.7469	0.288	128.0	DUF900;DUF726	DUF900	True
AF-A0A7D5R6H4-F1	0.1623749952646493	0.01859221007179453	-0.1917255157579214	0.797225	Nitrosopumilus ureiphilus	Archaea	Thaumarchaeota		0.7393	0.272	100.0	DUF900;DUF726	DUF900	True
AF-A0A7D5RAF2-F1	0.17999521872005936	0.029384088452714528	-0.17231611122226012	0.79175	Nitrosopumilus oxyclinae	Archaea	Thaumarchaeota		0.723	0.273	127.0	DUF900;DUF726	DUF900	True
AF-A0A7D5REW5-F1	0.18159071255316306	0.03438681063246199	-0.1688435230398091	0.7854	Candidatus Nitrosotenuis sp. DW1	Archaea	Thaumarchaeota		0.7271	0.262	126.0	DUF900;DUF676;Cutinase;DUF726	DUF900	True
AF-A0A7D5RI65-F1	0.18538441184128793	0.04258462487536219	-0.17978645244945973	0.802975	Nitrosarchaeum sp. AC2	Archaea	Thaumarchaeota		0.7376	0.266	190.0	DUF900;DUF726;LCAT	DUF900	True
AF-A0A7D7V958-F1	0.1876702424775149	0.03713025656599616	-0.1784758922628613	0.7925	Nitrosopumilus sp.	Archaea	Thaumarchaeota		0.7267	0.293	118.0	DUF900;DUF726	DUF900	True
AF-A0A7F5RHS0-F1	-0.5569578880150312	-0.24766771526316567	-0.057032984034869456	0.20755	Agrilus planipennis	Eukaryota	Arthropoda	Insecta	0.2491	0.084	2667.0	Peptidase_S10	Other α/β hydrolase (CL0028)	True
AF-A0A7F5RI57-F1	-0.5494369956546371	-0.24878155726388584	-0.046563127249629584	0.21899999999999997	Agrilus planipennis	Eukaryota	Arthropoda	Insecta	0.2092	0.084	2409.0	Peptidase_S10	Other α/β hydrolase (CL0028)	True
AF-A0A7F5RIZ9-F1	-0.5418073065854746	-0.24308861793248976	-0.03507049256675946	0.17470000000000002	Agrilus planipennis	Eukaryota	Arthropoda	Insecta	0.2091	0.065	2438.0	Peptidase_S10	Other α/β hydrolase (CL0028)	True
AF-A0A7F5RK37-F1	-0.5579604194006204	-0.2515268916223937	-0.06107587368804123	0.1727	Agrilus planipennis	Eukaryota	Arthropoda	Insecta	0.2099	0.091	2441.0	Peptidase_S10	Other α/β hydrolase (CL0028)	True
AF-A0A7G3ZDM6-F1	-0.17437267210874938	0.09923152809175745	0.037173553687962296	0.26055	Torulaspora globosa	Eukaryota	Ascomycota	Saccharomycetes	0.3465	0.125	1926.0	DUF676	DUF676	True
AF-A0A7G5E2A2-F1	0.10232339894541395	-0.005342811810653187	-0.030151224949916934	0.4323	Sphingobacterium multivorum	Bacteria	Bacteroidota	Sphingobacteriia	0.4522	0.135	1555.0	DUF900	DUF900	True
AF-A0A7G5Z5F9-F1	0.11176787787308769	0.018836852335741935	-0.05601982036353223	0.44605	Sphingomonas alpina	Bacteria	Proteobacteria	Alphaproteobacteria	0.4959	0.17	1341.0	DUF900	DUF900	True
AF-A0A7G6SP57-F1	-0.08273029041960954	0.06239730985532678	-0.014735368909557347	0.397575	Mesorhizobium huakuii	Bacteria	Proteobacteria	Alphaproteobacteria	0.3587	0.132	2194.0		No Pfam hit	True
AF-A0A7G6TZF5-F1	0.196020546967662	-0.09143117814219562	0.05506734487982388	0.56265	Tardiphaga robiniae	Bacteria	Proteobacteria	Alphaproteobacteria	0.5924	0.155	684.0	DUF900;Abhydrolase_6	DUF900	True
AF-A0A7G8P6I2-F1	-0.16711293928678464	0.24618977084218968	0.09144684009370185	0.221625	Mycolicibacterium fluoranthenivorans	Bacteria	Actinobacteria	Actinomycetia	0.2499	0.119	2542.0	Cutinase	Other α/β hydrolase (CL0028)	True
AF-A0A7G8WJ34-F1	0.13253184070309493	-0.008576598006340133	-0.2178361004515524	0.453375	Nakamurella sp. PAMC28650	Bacteria	Actinobacteria	Actinomycetia	0.5266	0.101	1566.0		No Pfam hit	True
AF-A0A7H0LHL6-F1	0.11144373188056984	0.03032164972630413	-0.04213404224772727	0.44555	Sphingomonas alpina	Bacteria	Proteobacteria	Alphaproteobacteria	0.5046	0.158	1284.0	DUF900	DUF900	True
AF-A0A7H8M716-F1	-0.012498667257829011	0.0913972438471411	-0.04814707417613114	0.46335	Actinomadura sp. NAK00032	Bacteria	Actinobacteria	Actinomycetia	0.4767	0.155	1690.0	Abhydrolase_8	Other α/β hydrolase (CL0028)	True
AF-A0A7H8TLF1-F1	-0.18287719070296185	0.26223934761335604	0.27881231452393895	0.171925	Streptomyces chartreusis	Bacteria	Actinobacteria	Actinomycetia	0.2008	0.13	2777.0	Pkinase;PK_Tyr_Ser-Thr;Peripla_BP_6	Periplasmic binding protein (CL0144)	True
AF-A0A7H9B4K1-F1	-0.17500201847361058	0.09763476009349688	0.0386853612793711	0.2772	Zygotorulaspora mrakii	Eukaryota	Ascomycota	Saccharomycetes	0.3605	0.085	2067.0	DUF676;Palm_thioest	DUF676	True
AF-A0A7H9DR04-F1	0.12364675194849477	-0.022202709935419538	-0.060569385874938896	0.45504999999999995	Empedobacter falsenii	Bacteria	Bacteroidota	Flavobacteriia	0.4727	0.151	1425.0	DUF900	DUF900	True
AF-A0A7H9HRY1-F1	-0.15206961055492801	0.11374731228225199	0.03768603475158564	0.26917500000000005	Torulaspora sp. CBS 2947	Eukaryota	Ascomycota	Saccharomycetes	0.3393	0.127	1870.0	DUF676	DUF676	True
AF-A0A7I0K766-F1	-0.08752454135390642	0.059440111443772835	-0.007275840236810976	0.38692499999999996	Mesorhizobium sp. M8A.F.Ca.ET.167.01.1.1	Bacteria	Proteobacteria	Alphaproteobacteria	0.3623	0.163	2137.0		No Pfam hit	True
AF-A0A7I7M6H8-F1	-0.06135717085957654	0.23826657819186248	0.05101256569262908	0.41859999999999997	Mycolicibacterium psychrotolerans	Bacteria	Actinobacteria	Actinomycetia	0.3653	0.12	1955.0	Cutinase	Other α/β hydrolase (CL0028)	True
AF-A0A7I8N2T9-F1	0.18416378045965567	-0.1557890763431681	0.1518060852881647	0.513575	Olavius algarvensis associated proteobacterium Delta 3	Bacteria	Proteobacteria	Deltaproteobacteria	0.5584	0.21	883.0	DUF900;Abhydrolase_1;Abhydrolase_6	DUF900	True
AF-A0A7I9V171-F1	-0.045026023906766834	0.22401364814329175	0.05790802499821393	0.476725	Gordonia crocea	Bacteria	Actinobacteria	Actinomycetia	0.4255	0.126	1764.0	Cutinase	Other α/β hydrolase (CL0028)	True
AF-A0A7I9V5V2-F1	-0.07191655844499176	0.22082493604744896	0.03971996165043993	0.46499999999999997	Gordonia spumicola	Bacteria	Actinobacteria	Actinomycetia	0.4265	0.147	1718.0	Cutinase	Other α/β hydrolase (CL0028)	True
AF-A0A7I9VPT8-F1	-0.19997478089418605	0.26913271291543756	0.283784810130407	0.12059	Anaeromyxobacter diazotrophicus	Bacteria	Proteobacteria	Deltaproteobacteria	0.1412	0.187	2844.0	DUF4388;Peripla_BP_6;Peripla_BP_5;ANF_receptor	Periplasmic binding protein (CL0144)	True
AF-A0A7I9WGF3-F1	-0.07525784954745787	0.22669863564412465	0.05472345425710131	0.386675	Mycolicibacterium murale	Bacteria	Actinobacteria	Actinomycetia	0.3509	0.134	2070.0	Cutinase	Other α/β hydrolase (CL0028)	True
AF-A0A7I9XFH8-F1	-0.08211856350840772	0.24535546294459945	0.051474856996426455	0.366025	Mycolicibacter senuensis	Bacteria	Actinobacteria	Actinomycetia	0.3649	0.133	2132.0	Cutinase	Other α/β hydrolase (CL0028)	True
AF-A0A7I9ZGR9-F1	-0.054014073984604664	0.2247259954680887	0.046151446041938986	0.43155	Mycolicibacterium hippocampi	Bacteria	Actinobacteria	Actinomycetia	0.4037	0.154	1745.0	Cutinase	Other α/β hydrolase (CL0028)	True
AF-A0A7J4VQ93-F1	0.1610191291427087	-0.19443886372527097	0.2032867229592596	0.50255	Neorhizobium sp. P12A	Bacteria	Proteobacteria	Alphaproteobacteria	0.5867	0.151	1381.0	DUF900	DUF900	True
AF-A0A7J5EL12-F1	0.20114950747123403	-0.13586981731442735	0.09508844954970297	0.5451250000000001	Bacteroidetes bacterium	Bacteria	Bacteroidota		0.5411	0.182	810.0	DUF900;Abhydrolase_6	DUF900	True
AF-A0A7J6AZJ4-F1	-0.5353577138639496	-0.2697145088304673	-0.023787855485885037	0.15105	Ameiurus melas	Eukaryota	Chordata	Actinopteri	0.1902	0.102	2533.0	Peptidase_S10	Other α/β hydrolase (CL0028)	True
AF-A0A7J6TZA5-F1	-0.1280269679729215	0.2050639167952769	0.10828906509274358	0.1419925	Perkinsus olseni	Eukaryota	Perkinsozoa		0.1982	0.13	2804.0		No Pfam hit	True
AF-A0A7J8MM59-F1	-0.19767615556914572	0.2001629227775225	0.15372137841571282	0.14029999999999998	Gossypium lobatum	Eukaryota	Streptophyta	Magnoliopsida	0.1493	0.112	2863.0	GTP-bdg_N;GTP-bdg_M	Other Pfam	True
AF-A0A7J9QBH3-F1	0.17734857957888142	0.03171702199416845	-0.18297849231794935	0.798975	Nitrosopumilaceae archaeon	Archaea	Thaumarchaeota		0.7506	0.261	154.0	DUF900;DUF726	DUF900	True
AF-A0A7J9QGH3-F1	0.16962775544413802	0.024511063184730512	-0.18437912606097281	0.796025	Nitrosopumilaceae archaeon	Archaea	Thaumarchaeota		0.7342	0.256	159.0	DUF900;DUF726	DUF900	True
AF-A0A7J9R018-F1	0.18650323729517346	0.0379080530981714	-0.16711227834888945	0.799025	Nitrosopumilaceae archaeon	Archaea	Thaumarchaeota		0.7149	0.281	185.0	DUF900;DUF726	DUF900	True
AF-A0A7J9R3Z3-F1	0.19016553017757734	0.04140264467180323	-0.17962941181613273	0.808775	Nitrosopumilaceae archaeon	Archaea	Thaumarchaeota		0.7562	0.274	155.0	DUF900;DUF726	DUF900	True
AF-A0A7J9R9B0-F1	0.19016950938234428	0.03962111902638222	-0.1745193563008075	0.8098500000000001	Nitrosopumilaceae archaeon	Archaea	Thaumarchaeota		0.7499	0.276	147.0	DUF900;DUF726	DUF900	True
AF-A0A7K0C4H7-F1	-0.03523519863313337	0.07525932667169653	-0.0495380840348602	0.4286	Actinomadura macrotermitis	Bacteria	Actinobacteria	Actinomycetia	0.4417	0.161	1701.0	Abhydrolase_8	Other α/β hydrolase (CL0028)	True
AF-A0A7K0C618-F1	-0.016589962063966374	0.07534523556860508	-0.04806403559838222	0.43305000000000005	Actinomadura macrotermitis	Bacteria	Actinobacteria	Actinomycetia	0.4941	0.152	1676.0	Abhydrolase_8	Other α/β hydrolase (CL0028)	True
AF-A0A7K0CZQ0-F1	-0.1439499296963806	0.22604871531005666	0.06921257839195061	0.240675	Nocardia macrotermitis	Bacteria	Actinobacteria	Actinomycetia	0.3221	0.099	2301.0	Cutinase	Other α/β hydrolase (CL0028)	True
AF-A0A7K0DT17-F1	-0.16441466753346776	0.23853971669851845	0.061793685767146264	0.207625	Nocardia aurantia	Bacteria	Actinobacteria	Actinomycetia	0.3218	0.102	2378.0	Cutinase	Other α/β hydrolase (CL0028)	True
AF-A0A7K1A396-F1	-0.028003810911790217	0.2529143700432444	0.04393186865187329	0.43720000000000003	Actinomycetia bacterium	Bacteria	Actinobacteria	Actinomycetia	0.3999	0.12	2172.0	Cutinase;PE-PPE	Other α/β hydrolase (CL0028)	True
AF-A0A7K1JRP8-F1	0.13938847424207307	0.01605621127660728	-0.1972374506914845	0.494625	Mycobacteroides sp. CBMA 271	Bacteria	Actinobacteria	Actinomycetia	0.5647	0.12	1397.0		No Pfam hit	True
AF-A0A7K1KE12-F1	-0.07858132470169536	0.2575633232374897	0.04059348296374145	0.43574999999999997	Mycolicibacterium sp. CBMA 247	Bacteria	Actinobacteria	Actinomycetia	0.3989	0.148	1727.0	Cutinase	Other α/β hydrolase (CL0028)	True
AF-A0A7K1KV07-F1	-0.03374473868035024	0.08969940349116233	-0.04638431751078386	0.41974999999999996	Actinomadura litoris	Bacteria	Actinobacteria	Actinomycetia	0.4463	0.175	1709.0	Abhydrolase_8	Other α/β hydrolase (CL0028)	True
AF-A0A7K1KVB0-F1	-0.017132280322814126	0.08465506954828465	-0.044857606090974986	0.41764999999999997	Actinomadura litoris	Bacteria	Actinobacteria	Actinomycetia	0.4576	0.182	1641.0	Abhydrolase_8	Other α/β hydrolase (CL0028)	True
AF-A0A7K1RGZ9-F1	0.19205111280446965	-0.11597450433563364	0.15383776721546816	0.528925	Agrobacterium vitis	Bacteria	Proteobacteria	Alphaproteobacteria	0.5856	0.177	1044.0	DUF900;Abhydrolase_6	DUF900	True
AF-A0A7K1TT00-F1	-0.03427630597137858	0.10774941094040429	-0.0892542756990096	0.38425	Microbacterium sp. MAH-37	Bacteria	Actinobacteria	Actinomycetia	0.4313	0.143	1707.0	Abhydrolase_8	Other α/β hydrolase (CL0028)	True
AF-A0A7K1V2W6-F1	-0.1617019805219576	0.2361112883494994	0.06775632353927659	0.2573	Nocardia terrae	Bacteria	Actinobacteria	Actinomycetia	0.3442	0.125	2362.0	Cutinase	Other α/β hydrolase (CL0028)	True
AF-A0A7K2X569-F1	-0.1903640128896673	0.28612653758429596	0.27188328342568757	0.164575	Streptomyces sp. SID2131	Bacteria	Actinobacteria	Actinomycetia	0.2167	0.182	2608.0	Pkinase;PK_Tyr_Ser-Thr;Peripla_BP_6	Periplasmic binding protein (CL0144)	True
AF-A0A7K2YPG1-F1	-0.02880931224651535	0.10649781612994608	-0.04565245073278696	0.444825	Streptomyces sp. SID3343	Bacteria	Actinobacteria	Actinomycetia	0.4631	0.165	1642.0	Abhydrolase_8	Other α/β hydrolase (CL0028)	True
AF-A0A7K3LFA5-F1	0.17985030532378174	-0.049021485224286405	-0.18122692632540305	0.46657499999999996	Mycolicibacter kumamotonensis	Bacteria	Actinobacteria	Actinomycetia	0.5446	0.11	1275.0		No Pfam hit	True
AF-A0A7K3WL75-F1	-0.02869611148727429	0.1089192646189523	-0.060686236327930354	0.36400000000000005	Goekera deserti	Bacteria	Actinobacteria	Actinomycetia	0.451	0.179	1637.0	Abhydrolase_8	Other α/β hydrolase (CL0028)	True
AF-A0A7K4DSR9-F1	0.19068565803154985	0.0300366264982125	-0.16718025273545695	0.806225	Nitrosopumilus sp.	Archaea	Thaumarchaeota		0.7344	0.25	214.0	DUF900;DUF676;DUF726	DUF900	True
AF-A0A7K4EXI0-F1	0.18347760036146932	0.03655743598098284	-0.16929174163783373	0.7866	Nitrosopumilus sp.	Archaea	Thaumarchaeota		0.7289	0.278	170.0	DUF900;DUF726	DUF900	True
AF-A0A7K4FZD1-F1	0.18416310806628755	0.02601646226506778	-0.1725979838738489	0.79285	Nitrosarchaeum sp.	Archaea	Thaumarchaeota		0.7234	0.28	186.0	DUF900;DUF726	DUF900	True
AF-A0A7K4MLA7-F1	0.19045223647327197	0.03365045501187754	-0.17528209769455555	0.80735	Marine Group I thaumarchaeote	Archaea	Thaumarchaeota		0.7516	0.27	122.0	DUF900;DUF676;DUF726	DUF900	True
AF-A0A7K4MYY1-F1	0.1885972433306861	0.04312303644127919	-0.17480993788858215	0.7901	Marine Group I thaumarchaeote	Archaea	Thaumarchaeota		0.733	0.287	161.0	DUF900;Cutinase;DUF726	DUF900	True
AF-A0A7K4N5H5-F1	0.18558216273560296	0.03652985502952774	-0.18402276281673124	0.796025	Marine Group I thaumarchaeote	Archaea	Thaumarchaeota		0.7268	0.268	146.0	DUF900;DUF726	DUF900	True
AF-A0A7K4NE59-F1	0.18288156797786057	0.03147684367151207	-0.1643160392387164	0.80965	Marine Group I thaumarchaeote	Archaea	Thaumarchaeota		0.7622	0.262	139.0	DUF900;Cutinase;DUF726	DUF900	True
AF-A0A7K4NGF9-F1	0.18032000787900807	0.035164376865761904	-0.1691738140806678	0.79985	Marine Group I thaumarchaeote	Archaea	Thaumarchaeota		0.7473	0.282	137.0	DUF900;Cutinase;DUF726	DUF900	True
AF-A0A7K4NJE5-F1	0.1900119635626415	0.04047328936493117	-0.17898017991407264	0.7820750000000001	Marine Group I thaumarchaeote	Archaea	Thaumarchaeota		0.7235	0.271	207.0	DUF900;DUF726	DUF900	True
AF-A0A7K4NNL9-F1	0.18495094355270822	0.03800561694562576	-0.14823294303636725	0.801575	Marine Group I thaumarchaeote	Archaea	Thaumarchaeota		0.7403	0.292	103.0	DUF900;DUF726;Cutinase	DUF900	True
AF-A0A7K4NUK8-F1	0.1918830033157773	0.03172378772741075	-0.1721451457555628	0.78605	Marine Group I thaumarchaeote	Archaea	Thaumarchaeota		0.7292	0.276	129.0	DUF900;DUF676;Cutinase;DUF726	DUF900	True
AF-A0A7K4P4Y1-F1	0.1868415365114825	0.03836366927219991	-0.17551291622657217	0.79605	Marine Group I thaumarchaeote	Archaea	Thaumarchaeota		0.728	0.272	222.0	DUF900;DUF726	DUF900	True
AF-A0A7L5BH99-F1	0.192957999516573	-0.10676606810602153	0.14558799274645293	0.5359	Rhizobium oryzihabitans	Bacteria	Proteobacteria	Alphaproteobacteria	0.5755	0.169	1087.0	DUF900;Abhydrolase_6	DUF900	True
AF-A0A7L6CJY1-F1	0.2212382045872455	-0.0869859330659455	0.07031006051259378	0.5747	Enterobacter sp. RHBSTW-00994	Bacteria	Proteobacteria	Gammaproteobacteria	0.6021	0.174	776.0	DUF900	DUF900	True
AF-A0A7M2XWK7-F1	-0.1605017874339823	0.2548381530943973	0.07051846359209034	0.26034999999999997	Rhodococcus pyridinivorans	Bacteria	Actinobacteria	Actinomycetia	0.3286	0.145	2010.0	Cutinase	Other α/β hydrolase (CL0028)	True
AF-A0A7M3NH35-F1	-0.17688985365222692	0.2637311425826876	0.2766515060445581	0.164425	Streptomyces sp. uw30	Bacteria	Actinobacteria	Actinomycetia	0.2166	0.157	2802.0	Pkinase;PK_Tyr_Ser-Thr;Peripla_BP_6	Periplasmic binding protein (CL0144)	True
AF-A0A7M4DWF3-F1	-0.5287179996373722	-0.2621229135489192	-0.04005963317108061	0.15925	Crocodylus porosus	Eukaryota	Chordata		0.1882	0.096	2641.0	Peptidase_S10	Other α/β hydrolase (CL0028)	True
AF-A0A7N8WSG1-F1	-0.5228305229947651	-0.2540167963314803	-0.02079759299909187	0.19465	Mastacembelus armatus	Eukaryota	Chordata	Actinopteri	0.1892	0.115	2417.0	Peptidase_S10	Other α/β hydrolase (CL0028)	True
AF-A0A7N8YKN6-F1	-0.530538330651113	-0.2526264480310889	-0.033469387857421096	0.20032499999999998	Mastacembelus armatus	Eukaryota	Chordata	Actinopteri	0.2539	0.126	2648.0	Peptidase_S10	Other α/β hydrolase (CL0028)	True
AF-A0A7R6WIU0-F1	-0.09309833551471906	0.045017149483420005	-0.022108368222614794	0.365425	Mesorhizobium sp. 113-1-2	Bacteria	Proteobacteria	Alphaproteobacteria	0.3779	0.157	2253.0		No Pfam hit	True
AF-A0A7R6WY55-F1	-0.09096465686960224	0.06036996256766985	-0.025436754626414065	0.345675	Mesorhizobium sp. 113-3-3	Bacteria	Proteobacteria	Alphaproteobacteria	0.365	0.153	2276.0		No Pfam hit	True
AF-A0A7R7CQS7-F1	0.18504011265221562	-0.02250152063647799	0.23263247898045736	0.458975	Mesorhizobium sp. L-8-10	Bacteria	Proteobacteria	Alphaproteobacteria	0.5911	0.185	958.0	Peripla_BP_4;Peripla_BP_1;DUF900;DUF676	DUF900	True
AF-A0A7R7DPM0-F1	-0.060285027671874616	0.12480167915995913	-0.07664234928930137	0.42195000000000005	Actinocatenispora thailandica	Bacteria	Actinobacteria	Actinomycetia	0.4509	0.137	1750.0	Abhydrolase_8	Other α/β hydrolase (CL0028)	True
AF-A0A7R7X0C4-F1	-0.1600994628088102	0.1331808306792157	-0.13065032117066766	0.290825	Aspergillus luchuensis	Eukaryota	Ascomycota	Eurotiomycetes	0.4362	0.123	1874.0	NACHT;TPR_10;TPR_12;TPR_7	P-loop NTPase (CL0023)	True
AF-A0A7R7ZKZ0-F1	-0.16786406707120857	0.1396972340022145	-0.14323718225472334	0.29564999999999997	Aspergillus chevalieri	Eukaryota	Ascomycota	Eurotiomycetes	0.4708	0.136	1757.0	NACHT;TPR_12;TPR_10	P-loop NTPase (CL0023)	True
AF-A0A7R9EWD1-F1	-0.5500311809710472	-0.2477534447570967	-0.04770047349638878	0.16215000000000002	Timema bartmani	Eukaryota	Arthropoda	Insecta	0.2101	0.148	2372.0	Peptidase_S10	Other α/β hydrolase (CL0028)	True
AF-A0A7R9FG20-F1	-0.5144728204780658	-0.24569724998783618	-0.030395463419326463	0.1557	Timema tahoe	Eukaryota	Arthropoda	Insecta	0.2096	0.123	2377.0	Peptidase_S10	Other α/β hydrolase (CL0028)	True
AF-A0A7R9HPE5-F1	-0.5474604239366962	-0.24724324951441654	-0.05243563848434017	0.185925	Timema monikensis	Eukaryota	Arthropoda	Insecta	0.2257	0.087	2587.0	Peptidase_S10	Other α/β hydrolase (CL0028)	True
AF-A0A7R9IS59-F1	-0.5495985075814336	-0.2529758105381901	-0.043278593466149304	0.16205	Timema tahoe	Eukaryota	Arthropoda	Insecta	0.2101	0.148	2446.0	Peptidase_S10	Other α/β hydrolase (CL0028)	True
AF-A0A7R9JRX3-F1	-0.5079451531974365	-0.2300682620815196	-0.03584381595855858	0.152695	Timema genevievae	Eukaryota	Arthropoda	Insecta	0.2099	0.123	2332.0	Peptidase_S10	Other α/β hydrolase (CL0028)	True
AF-A0A7R9JYC7-F1	-0.5100237391479266	-0.22812005968548177	-0.0036164710512248785	0.1671	Timema genevievae	Eukaryota	Arthropoda	Insecta	0.1982	0.137	2514.0	Peptidase_S10	Other α/β hydrolase (CL0028)	True
AF-A0A7R9YR08-F1	-0.19060500762484708	0.14368947505326388	0.04935992229315046	0.2355	Chlamydomonas euryale	Eukaryota	Chlorophyta	Chlorophyceae	0.267	0.152	2267.0	DUF676	DUF676	True
AF-A0A7S0Q2I3-F1	0.1683066298390435	-0.039282515965482295	-0.04750352253866224	0.5443250000000001	Coccolithus braarudii	Eukaryota	Haptophyta		0.5719	0.195	764.0	DUF900;Abhydrolase_6	DUF900	True
AF-A0A7S1M5V9-F1	-0.46847618449542516	-0.2089627067317639	-0.033803066741245544	0.1616	Neobodo designis	Eukaryota	Euglenozoa	Kinetoplastea	0.2085	0.171	2075.0	Peptidase_S10	Other α/β hydrolase (CL0028)	True
AF-A0A7S2RTL1-F1	0.12642702093791497	-0.05257311014043076	0.01485682050188881	0.39095	Eucampia antarctica	Eukaryota	Bacillariophyta	Mediophyceae	0.4766	0.14	1578.0	DUF900	DUF900	True
AF-A0A7S2WCY9-F1	0.09478908754624372	-0.04072978142822183	0.019452770424285334	0.391575	Eucampia antarctica	Eukaryota	Bacillariophyta	Mediophyceae	0.487	0.161	1684.0	DUF900	DUF900	True
AF-A0A7S2YIH5-F1	-0.12251381923024864	0.19571791888606593	0.11204711509366785	0.199725	Amphiprora paludosa	Eukaryota	Bacillariophyta	Bacillariophyceae	0.2227	0.117	2613.0	GT_PLOD	Other Pfam	True
AF-A0A7S3C2N5-F1	-0.21538451275176676	0.17442387636996123	0.1604341978910109	0.137175	Prasinoderma singulare	Eukaryota	Prasinodermophyta	Prasinodermophyceae	0.1625	0.143	2812.0	GTP-bdg_N;GTP-bdg_M;MMR_HSR1;HflX_C	P-loop NTPase (CL0023)	True
AF-A0A7S6S3K2-F1	0.12696405923896795	0.023679271652037433	-0.07333220622988947	0.588425	Phycisphaeraceae bacterium	Bacteria	Planctomycetota	Phycisphaerae	0.6104	0.193	589.0	DUF900;Abhydrolase_6	DUF900	True
AF-A0A7S6SCE7-F1	0.20665435737043805	-0.15227007502737647	0.09995982711560412	0.5334	Ignavibacteria bacterium	Bacteria	Ignavibacteriae	Ignavibacteria	0.5788	0.176	832.0	DUF900;Abhydrolase_6	DUF900	True
AF-A0A7S8EQL0-F1	-0.09250950416194396	0.0454923043550289	0.014660417468009048	0.328125	Mesorhizobium sp. INR15	Bacteria	Proteobacteria	Alphaproteobacteria	0.3574	0.143	2152.0		No Pfam hit	True
AF-A0A7S8FCW7-F1	0.00982230173805447	0.10417701600761929	-0.04667327594117759	0.406225	Candidatus Nitrospira kreftii	Bacteria	Nitrospirae	Nitrospira	0.3945	0.119	1759.0	DUF900	DUF900	True
AF-A0A7T0E0C8-F1	0.18778757761803114	-0.07242700110307948	0.06319879875735442	0.550325	Enterobacter mori	Bacteria	Proteobacteria	Gammaproteobacteria	0.5564	0.183	614.0	DUF900	DUF900	True
AF-A0A7T0NZD5-F1	0.24273733502110312	-0.13467536780153136	0.0401763545356876	0.6145	Methylomonas sp. LL1	Bacteria	Proteobacteria	Gammaproteobacteria	0.6592	0.148	626.0	DUF900	DUF900	True
AF-A0A7T4QNW0-F1	0.11066147088446471	0.016243622996946608	-0.046752473476624534	0.429075	Sphingobacterium sp. UDSM-2020	Bacteria	Bacteroidota	Sphingobacteriia	0.456	0.152	1374.0	DUF900	DUF900	True
AF-A0A7T6XFN1-F1	-0.14349197123229948	0.12533902820552575	-0.1419814786581714	0.39825	Penicillium digitatum	Eukaryota	Ascomycota	Eurotiomycetes	0.4008	0.15	1937.0		No Pfam hit	True
AF-A0A7U4LGV4-F1	0.09967634018725316	0.019835288048383436	-0.004092411764776092	0.4366	Sphingomonas hengshuiensis	Bacteria	Proteobacteria	Alphaproteobacteria	0.5079	0.169	1396.0		No Pfam hit	True
AF-A0A7U4XX67-F1	0.1866423700909664	-0.16826922303727318	0.18346393443278805	0.511675	Hyphomonadaceae bacterium UKL13-1	Bacteria	Proteobacteria	Alphaproteobacteria	0.5956	0.163	918.0	DUF900	DUF900	True
AF-A0A7U5MKJ2-F1	-0.0638711671531737	0.24423394311319033	0.06550772982373279	0.3629	Mycobacterium intracellulare subsp. chimaera	Bacteria	Actinobacteria	Actinomycetia	0.3651	0.125	1910.0	Cutinase	Other α/β hydrolase (CL0028)	True
AF-A0A7V0ITK8-F1	-0.15025182017891367	0.19324974645939716	0.10279754830778512	0.14582499999999998	Actinomycetia bacterium	Bacteria	Actinobacteria	Actinomycetia	0.1664	0.193	2771.0	SBP_bac_8;SBP_bac_1	Other Pfam	True
AF-A0A7V2H831-F1	0.13532949166977248	-0.09733884347652964	0.16452286593257567	0.4334	Phycisphaerae bacterium	Bacteria	Planctomycetota	Phycisphaerae	0.4504	0.204	1312.0	DUF900	DUF900	True
AF-A0A7V2P4X3-F1	-0.12774693627928535	0.17667238777523453	0.1083370576846426	0.333175	Dehalococcoidia bacterium	Bacteria	Chloroflexi	Dehalococcoidia	0.329	0.148	2223.0		No Pfam hit	True
AF-A0A7V2RFV9-F1	-0.09909912384127914	0.19609502397462883	0.0844054814762702	0.341475	Dehalococcoidia bacterium	Bacteria	Chloroflexi	Dehalococcoidia	0.3283	0.133	2096.0		No Pfam hit	True
AF-A0A7V3X2G3-F1	-0.14589650777170454	0.15498231539098525	0.1597481699922267	0.22297499999999998	Planctomycetota bacterium	Bacteria	Planctomycetota		0.2829	0.107	2740.0	CbiK;CbiX	Other Pfam	True
AF-A0A7V4HVB0-F1	0.1889326908779786	-0.011083595129685991	-0.11245492016710532	0.59095	Planctomycetota bacterium	Bacteria	Planctomycetota		0.6367	0.164	670.0		No Pfam hit	True
AF-A0A7V5UK39-F1	0.2123877843477513	0.007956736965462676	-0.10515368048708655	0.633625	Planctomycetaceae bacterium	Bacteria	Planctomycetota	Planctomycetia	0.6642	0.171	458.0		No Pfam hit	True
AF-A0A7V6P9T7-F1	0.20619226401538532	-0.10841180096825642	0.14783385495596216	0.5352250000000001	Brucella intermedia	Bacteria	Proteobacteria	Alphaproteobacteria	0.6133	0.157	1127.0	DUF900;Abhydrolase_6	DUF900	True
AF-A0A7V8B2S7-F1	0.19213569582253964	-0.11238718656444442	0.14025799972291556	0.5310999999999999	Brucella tritici	Bacteria	Proteobacteria	Alphaproteobacteria	0.5796	0.168	934.0	DUF900;Abhydrolase_6	DUF900	True
AF-A0A7V8RVK0-F1	0.1303304853782905	0.04667593312275878	-0.1936794607177278	0.44747499999999996	Mycobacteroides immunogenum	Bacteria	Actinobacteria	Actinomycetia	0.4857	0.12	1538.0		No Pfam hit	True
AF-A0A7V8XT97-F1	0.15084476686406023	-0.030056552631408176	-0.2037129720007754	0.47985	Acidobacteria bacterium	Bacteria	Acidobacteria		0.5713	0.103	1213.0		No Pfam hit	True
AF-A0A7V9A9A1-F1	0.19101060348000187	-0.02038297174520075	-0.10607240642024997	0.59295	Bremerella alba	Bacteria	Planctomycetota	Planctomycetia	0.6365	0.151	705.0		No Pfam hit	True
AF-A0A7V9FXD5-F1	0.14869134134008197	0.03870478388228965	-0.20935897750651855	0.48919999999999997	Pseudonocardiales bacterium	Bacteria	Actinobacteria	Actinomycetia	0.5512	0.111	1478.0		No Pfam hit	True
AF-A0A7V9N041-F1	-0.19803817711393087	0.29278186741776663	0.3134952707640087	0.183675	Alphaproteobacteria bacterium	Bacteria	Proteobacteria	Alphaproteobacteria	0.2067	0.146	2791.0	LppC;Peripla_BP_6;ANF_receptor	Periplasmic binding protein (CL0144)	True
AF-A0A7V9QN83-F1	0.16496764071816272	0.031180596652700274	-0.14521942277990213	0.6056499999999999	Gemmatimonadaceae bacterium	Bacteria	Gemmatimonadetes	Gemmatimonadetes	0.6184	0.173	817.0	DUF900	DUF900	True
AF-A0A7V9VBB2-F1	-0.21527416882867415	0.17871897208082674	0.17563168889555533	0.11158499999999999	Chloroflexia bacterium	Bacteria	Chloroflexi	Chloroflexia	0.1385	0.172	2859.0	GTP-bdg_N;GTP-bdg_M;FeoB_N;MMR_HSR1	P-loop NTPase (CL0023)	True
AF-A0A7W0MWL7-F1	-0.11545747576518633	0.11851504758852327	0.012817362162019636	0.259075	Actinomycetia bacterium	Bacteria	Actinobacteria	Actinomycetia	0.3305	0.123	2300.0	VWA;VWA_4	Other Pfam	True
AF-A0A7W1E915-F1	0.16341676333526053	0.029002255611421	-0.1292025392826246	0.6029	Gemmatimonadaceae bacterium	Bacteria	Gemmatimonadetes	Gemmatimonadetes	0.6245	0.161	837.0	DUF900	DUF900	True
AF-A0A7W1SDW3-F1	0.14791148862547795	-0.026753222236495927	-0.2140082165442619	0.507525	Acidobacteria bacterium	Bacteria	Acidobacteria		0.6159	0.106	997.0		No Pfam hit	True
AF-A0A7W1U0F2-F1	0.15337052292852682	-0.1742460139792906	0.13544773516682312	0.507725	Parachlamydiaceae bacterium	Bacteria	Chlamydiae	Chlamydiia	0.5604	0.168	848.0	DUF900	DUF900	True
AF-A0A7W2FYJ8-F1	0.12865272815796913	-0.010688533656488457	-0.028495831776703222	0.46955	Flavobacterium sp. xlx-221	Bacteria	Bacteroidota	Flavobacteriia	0.5021	0.155	1410.0	DUF900	DUF900	True
AF-A0A7W2X665-F1	0.18898750087889588	-0.06960332954759788	0.06357093421590902	0.535075	Enterobacter sp. RHBSTW-00901	Bacteria	Proteobacteria	Gammaproteobacteria	0.5569	0.183	630.0	DUF900	DUF900	True
AF-A0A7W3LPE0-F1	-0.015969780896163577	0.0743660710243042	-0.037133174583726905	0.42525	Actinomadura namibiensis	Bacteria	Actinobacteria	Actinomycetia	0.4353	0.154	1700.0	Abhydrolase_8	Other α/β hydrolase (CL0028)	True
AF-A0A7W3LPI2-F1	-0.03512091334949841	0.07074177118047192	-0.057690627609196875	0.43689999999999996	Actinomadura namibiensis	Bacteria	Actinobacteria	Actinomycetia	0.4673	0.184	1535.0	Abhydrolase_8	Other α/β hydrolase (CL0028)	True
AF-A0A7W3R9K5-F1	-0.021362069770393136	0.08595638246856835	-0.06289977226038254	0.45599999999999996	Thermomonospora cellulosilytica	Bacteria	Actinobacteria	Actinomycetia	0.4605	0.16	1702.0	Abhydrolase_8	Other α/β hydrolase (CL0028)	True
AF-A0A7W3T0L3-F1	-0.1924225155065732	0.28171385851154	0.2770975398838882	0.1492525	Streptomyces calidiresistens	Bacteria	Actinobacteria	Actinomycetia	0.1966	0.135	2760.0	Pkinase;PK_Tyr_Ser-Thr;Peripla_BP_6;ANF_receptor	Periplasmic binding protein (CL0144)	True
AF-A0A7W4H3Q3-F1	0.19635852941467566	-0.17029711161495206	0.2254925547694312	0.4788	Pseudomonas guryensis	Bacteria	Proteobacteria	Gammaproteobacteria	0.5442	0.195	1579.0	DUF900	DUF900	True
AF-A0A7W5D881-F1	0.17159343857106316	-0.1852489669838244	0.20068536663796682	0.48314999999999997	Variovorax sp. Sphag1AA	Bacteria	Proteobacteria	Betaproteobacteria	0.5883	0.141	1343.0	DUF900	DUF900	True
AF-A0A7W5E1J2-F1	0.18326398414258308	0.0006576051280782088	-0.11951880940488656	0.5938	Rhodopirellula rubra	Bacteria	Planctomycetota	Planctomycetia	0.6613	0.156	398.0		No Pfam hit	True
AF-A0A7W5H9K0-F1	0.17716011834053735	-0.04106854912580228	-0.09890135773234372	0.5761499999999999	Rhodopirellula rubra	Bacteria	Planctomycetota	Planctomycetia	0.6688	0.181	548.0		No Pfam hit	True
AF-A0A7W5LM64-F1	0.15751175911216939	-0.11068935873780517	0.17254335573090118	0.4757	Rhizobium sp. BK313	Bacteria	Proteobacteria	Alphaproteobacteria	0.521	0.161	1471.0	DUF900;Abhydrolase_6	DUF900	True
AF-A0A7W5SLH7-F1	0.1973441621260344	-0.11617686711112586	0.16279643291575818	0.489675	Rhizobium sp. BK602	Bacteria	Proteobacteria	Alphaproteobacteria	0.5501	0.162	1071.0	DUF900;Abhydrolase_6	DUF900	True
AF-A0A7W5UFX7-F1	0.1894347726384307	-0.11634568252108042	0.15474975754145565	0.49529999999999996	Rhizobium sp. BK612	Bacteria	Proteobacteria	Alphaproteobacteria	0.565	0.165	1048.0	DUF900;Abhydrolase_6	DUF900	True
AF-A0A7W6DAV9-F1	0.20027928990119906	-0.12702884975261874	0.1575927615491285	0.51245	Rhizobium azooxidifex	Bacteria	Proteobacteria	Alphaproteobacteria	0.5778	0.177	1317.0	DUF900;Abhydrolase_6	DUF900	True
AF-A0A7W6G2L1-F1	0.19145894202632652	-0.11270885668143239	0.15230184087891246	0.5245500000000001	Rhizobium skierniewicense	Bacteria	Proteobacteria	Alphaproteobacteria	0.6294	0.154	1157.0	DUF900;Abhydrolase_6	DUF900	True
AF-A0A7W6HRB9-F1	0.20293601962113925	-0.09608055955177157	0.16178057032222345	0.5123249999999999	Rhizobium taibaishanense	Bacteria	Proteobacteria	Alphaproteobacteria	0.584	0.17	936.0	DUF900;Abhydrolase_6	DUF900	True
AF-A0A7W6JE27-F1	0.22729314535035727	-0.1484788523662263	0.09951553729497929	0.56055	Brevundimonas lenta	Bacteria	Proteobacteria	Alphaproteobacteria	0.6303	0.158	765.0	DUF900;Abhydrolase_6;LCAT	DUF900	True
AF-A0A7W6JWI7-F1	0.0985160541132893	0.02178624935650155	-0.028956738322172108	0.433875	Sphingomonas kyeonggiensis	Bacteria	Proteobacteria	Alphaproteobacteria	0.4068	0.2	1660.0	DUF900	DUF900	True
AF-A0A7W6K453-F1	0.17583408814059606	-0.09027027967625498	0.04595825718425397	0.547525	Rhizobium borbori	Bacteria	Proteobacteria	Alphaproteobacteria	0.5975	0.172	637.0	DUF900;Abhydrolase_6	DUF900	True
AF-A0A7W6LCL2-F1	0.13184702763004102	-0.06524498648855591	-0.014274797961129636	0.5979	Rhizobium rhizoryzae	Bacteria	Proteobacteria	Alphaproteobacteria	0.6035	0.157	525.0	DUF900	DUF900	True
AF-A0A7W6RWU1-F1	0.2227159316876791	-0.15426828112623087	0.09970286817745383	0.56455	Roseospira goensis	Bacteria	Proteobacteria	Alphaproteobacteria	0.6218	0.134	909.0	DUF900	DUF900	True
AF-A0A7W7EJ59-F1	0.19898706190665055	-0.10398106181648524	0.15529021396835216	0.5108	Rhizobium leucaenae	Bacteria	Proteobacteria	Alphaproteobacteria	0.5718	0.17	938.0	DUF900;Abhydrolase_6	DUF900	True
AF-A0A7W7IB96-F1	-0.019854065983985186	0.10141463494535134	-0.06532446398485238	0.449475	Actinomadura catellatispora	Bacteria	Actinobacteria	Actinomycetia	0.4666	0.185	1624.0	Abhydrolase_8	Other α/β hydrolase (CL0028)	True
AF-A0A7W7IBF3-F1	-0.020380881110251724	0.08793238175465938	-0.04530187756484578	0.44892499999999996	Actinomadura catellatispora	Bacteria	Actinobacteria	Actinomycetia	0.4735	0.157	1639.0	Abhydrolase_8	Other α/β hydrolase (CL0028)	True
AF-A0A7W7JYR8-F1	0.12135144519401964	0.002625383999423834	-0.03289876936383592	0.46895	Sphingomonas kyeonggiensis	Bacteria	Proteobacteria	Alphaproteobacteria	0.4789	0.169	1503.0	DUF900	DUF900	True
AF-A0A7W7Q9E0-F1	-0.12220315464282097	0.18149937729546323	0.012961386845385052	0.348975	Actinophytocola algeriensis	Bacteria	Actinobacteria	Actinomycetia	0.3556	0.158	1892.0	Cutinase;PE-PPE	Other α/β hydrolase (CL0028)	True
AF-A0A7W7S6Y6-F1	0.136812825470149	0.03372429817463871	-0.22434382026728145	0.45640000000000003	Kitasatospora gansuensis	Bacteria	Actinobacteria	Actinomycetia	0.5147	0.124	1576.0		No Pfam hit	True
AF-A0A7W8CCQ6-F1	-0.08602785650867796	0.2523553082723696	0.039174689326591856	0.37495	Mycobacterium sp. AZCC_0083	Bacteria	Actinobacteria	Actinomycetia	0.4333	0.128	1776.0	Cutinase	Other α/β hydrolase (CL0028)	True
AF-A0A7W8CMH7-F1	-0.0618559668789001	0.22074094115303913	0.06418793665748133	0.434525	Mycobacterium sp. AZCC_0083	Bacteria	Actinobacteria	Actinomycetia	0.4339	0.141	1737.0	Cutinase	Other α/β hydrolase (CL0028)	True
AF-A0A7W8X7V6-F1	0.1567307120646928	-0.10345832638447053	0.13249167307350918	0.452625	Rhizobium giardinii	Bacteria	Proteobacteria	Alphaproteobacteria	0.5506	0.155	1180.0	Pentapeptide;DUF900	DUF900	True
AF-A0A7W9BIA7-F1	0.22353883315177211	-0.099458016694126	0.03119233138868453	0.6715	Loktanella ponticola	Bacteria	Proteobacteria	Alphaproteobacteria	0.6902	0.155	343.0	DUF900;Abhydrolase_6	DUF900	True
AF-A0A7W9D2B7-F1	0.20022201569874257	-0.10882029703563777	0.1618645081678835	0.506775	Rhizobium paranaense	Bacteria	Proteobacteria	Alphaproteobacteria	0.5817	0.179	1073.0	DUF900;Abhydrolase_6	DUF900	True
AF-A0A7W9EN18-F1	0.1727863086936282	-0.10215335362767781	0.15555329967919218	0.4972	Brucella daejeonensis	Bacteria	Proteobacteria	Alphaproteobacteria	0.5858	0.143	1363.0	DUF900;Abhydrolase_6	DUF900	True
AF-A0A7W9JBU9-F1	-0.11536424312704327	0.17995096240440855	-0.009497301057952427	0.36035	Kribbella italica	Bacteria	Actinobacteria	Actinomycetia	0.3472	0.126	1974.0	Cutinase;PE-PPE	Other α/β hydrolase (CL0028)	True
AF-A0A7W9V074-F1	-0.16532492518649222	0.2841303305349172	0.2621940593189481	0.14338	Streptomyces zagrosensis	Bacteria	Actinobacteria	Actinomycetia	0.2064	0.142	2751.0	Pkinase;PK_Tyr_Ser-Thr;Peripla_BP_6	Periplasmic binding protein (CL0144)	True
AF-A0A7X0CI87-F1	0.10827588385504415	0.015199676857556936	-0.026309066844356393	0.447725	Mucilaginibacter sp. X5P1	Bacteria	Bacteroidota	Sphingobacteriia	0.5163	0.153	1760.0		No Pfam hit	True
AF-A0A7X0FZD8-F1	-0.030186830750606373	0.09542016536944808	-0.05940591423791172	0.43472500000000003	Actinomadura coerulea	Bacteria	Actinobacteria	Actinomycetia	0.466	0.163	1633.0	Abhydrolase_8	Other α/β hydrolase (CL0028)	True
AF-A0A7X0G185-F1	-0.015336213286500243	0.07916119461455953	-0.05548053505489297	0.44384999999999997	Actinomadura coerulea	Bacteria	Actinobacteria	Actinomycetia	0.4502	0.163	1648.0	Abhydrolase_8	Other α/β hydrolase (CL0028)	True
AF-A0A7X0ISV3-F1	0.1917715862732654	-0.09795335737832475	0.14183103059436736	0.50175	Rhizobium lusitanum	Bacteria	Proteobacteria	Alphaproteobacteria	0.5819	0.157	903.0	DUF900;Abhydrolase_6	DUF900	True
AF-A0A7X1IS11-F1	0.20206922052526077	-0.1194974912262244	0.15074647438946698	0.534575	Ochrobactrum sp. CM-21-5	Bacteria	Proteobacteria	Alphaproteobacteria	0.6398	0.163	1043.0	DUF900;Abhydrolase_6	DUF900	True
AF-A0A7X1ZDP2-F1	0.23987520911693183	-0.13524966736288146	0.07375071579916534	0.601225	Roseospira navarrensis	Bacteria	Proteobacteria	Alphaproteobacteria	0.6442	0.153	656.0	DUF900	DUF900	True
AF-A0A7X3LX47-F1	0.2005447171212495	-0.10040332796080192	0.04513898522624712	0.567725	Stappia sediminis	Bacteria	Proteobacteria	Alphaproteobacteria	0.5794	0.204	352.0	DUF900;Abhydrolase_6	DUF900	True
AF-A0A7X4B0A9-F1	-0.16380117906601652	0.27890404895282517	0.2485161006940368	0.22717500000000002	Gemmatimonadetes bacterium	Bacteria	Gemmatimonadetes		0.2734	0.114	2713.0	Peripla_BP_6;Peripla_BP_5;ANF_receptor	Periplasmic binding protein (CL0144)	True
AF-A0A7X6H1C5-F1	0.23833473583190987	-0.08184539326443292	0.03927246526000002	0.6568	Roseibacterium persicicum	Bacteria	Proteobacteria	Alphaproteobacteria	0.6711	0.164	476.0	DUF900	DUF900	True
AF-A0A7X7FK24-F1	0.1416212515663147	-0.15133273111338402	0.2659859332826696	0.40659999999999996	Planctomycetota bacterium	Bacteria	Planctomycetota		0.4837	0.175	1559.0	DUF900	DUF900	True
AF-A0A7X7IP77-F1	0.20538126792783756	-0.029391238174839417	-0.09075993876376234	0.578975	Pirellulaceae bacterium	Bacteria	Planctomycetota	Planctomycetia	0.5695	0.186	767.0		No Pfam hit	True
AF-A0A7X7MC43-F1	0.1675726571469675	-0.15114050663480533	0.2619631061944932	0.44437499999999996	Lentisphaerae bacterium	Bacteria	Lentisphaerae		0.5193	0.199	1537.0	DUF900	DUF900	True
AF-A0A7X7PEJ7-F1	0.14887364989883195	0.012649994449713015	-0.18756188227052412	0.5058499999999999	Rhodococcus sp.	Bacteria	Actinobacteria	Actinomycetia	0.5605	0.139	1259.0		No Pfam hit	True
AF-A0A7X7QH16-F1	0.19290172366452027	-0.01121826334133626	-0.13393254500327337	0.67145	Pirellulaceae bacterium	Bacteria	Planctomycetota	Planctomycetia	0.7056	0.167	469.0	DUF900	DUF900	True
AF-A0A7X8SYM9-F1	0.19351252007387443	-0.10631729758396923	0.15173484690097327	0.513975	Rhizobium sp. P38BS-XIX	Bacteria	Proteobacteria	Alphaproteobacteria	0.5825	0.161	835.0	DUF900;Abhydrolase_6	DUF900	True
AF-A0A7Y0C3D3-F1	0.21614400767245384	-0.10997641629249677	0.028627522513172174	0.6033250000000001	Polaromonas sp.	Bacteria	Proteobacteria	Betaproteobacteria	0.6426	0.165	510.0	DUF900	DUF900	True
AF-A0A7Y0CS68-F1	-0.022787130722988387	0.08655162331852909	-0.04679639222668527	0.414925	Phycicoccus sp.	Bacteria	Actinobacteria	Actinomycetia	0.4205	0.188	1738.0	Abhydrolase_8	Other α/β hydrolase (CL0028)	True
AF-A0A7Y0PG21-F1	-0.0240639374122633	0.07201090182676322	-0.03564052738418414	0.4571	Actinoplanes sp. TBRC 11911	Bacteria	Actinobacteria	Actinomycetia	0.475	0.178	1561.0	Abhydrolase_8	Other α/β hydrolase (CL0028)	True
AF-A0A7Y1BG74-F1	0.2011177845604374	-0.1577695004712706	0.2218012039038053	0.485375	Pseudomonas sp. WS 5011	Bacteria	Proteobacteria	Gammaproteobacteria	0.5358	0.182	1616.0	DUF900	DUF900	True
AF-A0A7Y2AK92-F1	0.1792653782184094	-0.014702553854071362	-0.09354518350918559	0.60145	Pirellulaceae bacterium	Bacteria	Planctomycetota	Planctomycetia	0.6637	0.169	585.0		No Pfam hit	True
AF-A0A7Y2EF20-F1	-0.21502912353673548	0.30135098686756984	0.3098996306751132	0.12334999999999999	Hyphomicrobiales bacterium	Bacteria	Proteobacteria	Alphaproteobacteria	0.1405	0.139	2853.0	LppC;Peripla_BP_6;ANF_receptor	Periplasmic binding protein (CL0144)	True
AF-A0A7Y2VN05-F1	0.13221618901098084	-0.19351487337150852	0.12647487829979567	0.507425	Xanthomonadales bacterium	Bacteria	Proteobacteria	Gammaproteobacteria	0.5726	0.187	1066.0	DUF900;Abhydrolase_6	DUF900	True
AF-A0A7Y3DNA9-F1	0.13211659339351559	-0.18689838327077304	0.14400903459657424	0.510025	Desulfobacterales bacterium	Bacteria	Proteobacteria	Deltaproteobacteria	0.5568	0.194	994.0	DUF900;Abhydrolase_6	DUF900	True
AF-A0A7Y3DZ03-F1	0.15797539373242803	-0.1663680628870918	0.13488322675288514	0.491575	Xanthomonadales bacterium	Bacteria	Proteobacteria	Gammaproteobacteria	0.5671	0.2	1005.0	DUF900;Abhydrolase_6	DUF900	True
AF-A0A7Y3EV13-F1	0.1741381770493955	-0.17908076132988543	0.10838251358267455	0.532375	Desulfobacterales bacterium	Bacteria	Proteobacteria	Deltaproteobacteria	0.5894	0.199	899.0	DUF900	DUF900	True
AF-A0A7Y3LQ16-F1	-0.1890182199441795	0.2639071567356503	0.2815061080699467	0.162275	Streptomyces sp. S3(2020)	Bacteria	Actinobacteria	Actinomycetia	0.2208	0.144	2569.0	Pkinase;PK_Tyr_Ser-Thr;Peripla_BP_6	Periplasmic binding protein (CL0144)	True
AF-A0A7Y3UK62-F1	0.136627081277119	-0.005848494763490003	-0.0918585407112294	0.59195	Planctomycetota bacterium	Bacteria	Planctomycetota		0.603	0.169	820.0	DUF900	DUF900	True
AF-A0A7Y4KXQ5-F1	-0.05719563092289185	0.0777266880550484	0.0009163149533696027	0.34672499999999995	Kribbella sandramycini	Bacteria	Actinobacteria	Actinomycetia	0.4342	0.19	1692.0	WXG100_2;Abhydrolase_8	Other α/β hydrolase (CL0028)	True
AF-A0A7Y5IWM7-F1	0.19794555629281246	-0.1650281523334784	0.21839737395043882	0.50015	Candidatus Omnitrophica bacterium	Bacteria	Candidatus Omnitrophica		0.5795	0.194	1252.0	DUF900	DUF900	True
AF-A0A7Y5LW95-F1	0.09117247521541476	0.029384532802210615	-0.081276047974576	0.5629500000000001	Candidatus Brocadiae bacterium	Bacteria	Planctomycetota	Candidatus Brocadiia	0.5426	0.187	790.0		No Pfam hit	True
AF-A0A7Y6AIR7-F1	-0.015542990097468734	0.08747667446952	-0.033531788050614714	0.44542499999999996	Streptomycetaceae bacterium	Bacteria	Actinobacteria	Actinomycetia	0.4517	0.16	1608.0	Abhydrolase_8	Other α/β hydrolase (CL0028)	True
AF-A0A7Y6GCT2-F1	-0.173652273688544	0.26891706050895986	0.27813267136356123	0.161375	Streptomyces sp. CAI-85	Bacteria	Actinobacteria	Actinomycetia	0.2078	0.132	2775.0	Pkinase;PK_Tyr_Ser-Thr;Peripla_BP_6	Periplasmic binding protein (CL0144)	True
AF-A0A7Y6UR89-F1	0.18208251226409186	-0.15357343085551978	0.17612086976243396	0.509375	Ensifer sp. HO-A22	Bacteria	Proteobacteria	Alphaproteobacteria	0.5963	0.146	1035.0	DUF900	DUF900	True
AF-A0A7Y7DDE7-F1	0.1981541061645122	-0.12843575631922047	0.056232978484749944	0.55535	Cyclobacteriaceae bacterium	Bacteria	Bacteroidota	Cytophagia	0.6106	0.176	578.0	DUF900	DUF900	True
AF-A0A7Y7LVZ2-F1	0.18577284877510258	-0.1381161624492628	0.10496972249455487	0.5376	Variovorax sp. SG517	Bacteria	Proteobacteria	Betaproteobacteria	0.604	0.147	1107.0	DUF900	DUF900	True
AF-A0A7Y7NEF1-F1	0.23562600644992737	-0.06427877359095133	0.05942386676652157	0.5378	Desulfuromonadales bacterium	Bacteria	Proteobacteria	Deltaproteobacteria	0.5478	0.175	531.0	DUF900	DUF900	True
AF-A0A7Y8SYK5-F1	-0.19536955738316428	0.29754128154569737	0.30351178383617755	0.142625	Alphaproteobacteria bacterium	Bacteria	Proteobacteria	Alphaproteobacteria	0.1586	0.152	2793.0	LppC;Peripla_BP_6	Periplasmic binding protein (CL0144)	True
AF-A0A7Y9BPU5-F1	-0.16695268900118804	0.31655475967562846	0.3110046945743611	0.12208250000000001	Streptomyces sp. BR123	Bacteria	Actinobacteria	Actinomycetia	0.1687	0.102	2750.0	Pkinase;PK_Tyr_Ser-Thr;Peripla_BP_6	Periplasmic binding protein (CL0144)	True
AF-A0A7Y9EMV2-F1	-0.02307447626141341	0.06545905100736596	-0.05365759470926007	0.45565	Actinomadura luteofluorescens	Bacteria	Actinobacteria	Actinomycetia	0.472	0.181	1662.0	Abhydrolase_8	Other α/β hydrolase (CL0028)	True
AF-A0A7Y9GG47-F1	-0.04432941252595459	0.08944215428343537	-0.0621508809782863	0.4057	Actinomadura citrea	Bacteria	Actinobacteria	Actinomycetia	0.4382	0.157	1683.0	Abhydrolase_8	Other α/β hydrolase (CL0028)	True
AF-A0A7Y9GGD2-F1	-0.0133768009366173	0.07084495162950473	-0.055679177808506966	0.45289999999999997	Actinomadura citrea	Bacteria	Actinobacteria	Actinomycetia	0.4721	0.176	1528.0	Abhydrolase_8	Other α/β hydrolase (CL0028)	True
AF-A0A7Y9HYH8-F1	0.18911526938898768	-0.1374160286037382	0.12172356995474612	0.47955000000000003	Mucilaginibacter sp. E4BP6	Bacteria	Bacteroidota	Sphingobacteriia	0.6242	0.112	1214.0	DUF900	DUF900	True
AF-A0A7Y9JJ16-F1	-0.023225913178041697	0.09290283481171697	-0.060033680807760566	0.4527	Actinomadura luteofluorescens	Bacteria	Actinobacteria	Actinomycetia	0.484	0.153	1626.0	Abhydrolase_8	Other α/β hydrolase (CL0028)	True
AF-A0A7Z0TNS7-F1	0.1944588550163995	-0.12337036988732604	0.11771397119923253	0.53	Bradyrhizobium barranii subsp. barranii	Bacteria	Proteobacteria	Alphaproteobacteria	0.5631	0.163	915.0	DUF900;Abhydrolase_6	DUF900	True
AF-A0A7Z0WHK2-F1	-0.10324352886474071	0.175061389044291	0.010978554537850247	0.34550000000000003	Actinophytocola xinjiangensis	Bacteria	Actinobacteria	Actinomycetia	0.3563	0.148	1852.0	Cutinase;PE-PPE	Other α/β hydrolase (CL0028)	True
AF-A0A7Z7FPT6-F1	0.20297979925941048	-0.10400471902365245	0.1504073491443383	0.519425	Agrobacterium fabrum	Bacteria	Proteobacteria	Alphaproteobacteria	0.6046	0.132	1352.0	DUF900;Abhydrolase_6	DUF900	True
AF-A0A7Z9HVD4-F1	0.18778286685053053	-0.09105267747033224	0.0020278622210190473	0.5746249999999999	Candidatus Hydrogenedentes bacterium	Bacteria	Candidatus Hydrogenedentes		0.5935	0.168	490.0	DUF900	DUF900	True
AF-A0A7Z9PRH7-F1	-0.03840146062838373	0.12746530269851877	-0.030849994507314037	0.296875	Phycisphaerales bacterium	Bacteria	Planctomycetota	Phycisphaerae	0.3529	0.122	2307.0		No Pfam hit	True
AF-A0A804HN35-F1	-0.18997721678066642	0.20478124636148548	0.1846653373133892	0.13335	Musa acuminata subsp. malaccensis	Eukaryota	Streptophyta	Magnoliopsida	0.1726	0.125	2786.0	GTP-bdg_N;GTP-bdg_M;MMR_HSR1	P-loop NTPase (CL0023)	True
AF-A0A804HN36-F1	-0.19801205587539564	0.19106463576126348	0.18022111537880256	0.12174000000000001	Musa acuminata subsp. malaccensis	Eukaryota	Streptophyta	Magnoliopsida	0.1548	0.116	2785.0	GTP-bdg_N;GTP-bdg_M;MMR_HSR1	P-loop NTPase (CL0023)	True
AF-A0A810L836-F1	-0.049055616763623563	0.11075631264781582	-0.06788603104832862	0.4161	Actinocatenispora sera	Bacteria	Actinobacteria	Actinomycetia	0.4332	0.136	1703.0	Abhydrolase_8	Other α/β hydrolase (CL0028)	True
AF-A0A812F5V9-F1	0.18903346788180114	0.04456141522708252	-0.1925743602670648	0.782	Candidatus Nitrosotenuis uzonensis	Archaea	Thaumarchaeota		0.7446	0.275	97.0	DUF900;DUF676;DUF726	DUF900	True
AF-A0A812FVZ4-F1	0.21969800981089813	-0.06562515962150571	-0.01597096522226428	0.63	Vibrio sp. B1FIG11	Bacteria	Proteobacteria	Gammaproteobacteria	0.6026	0.187	613.0	DUF900;DUF676	DUF900	True
AF-A0A812WVN6-F1	-0.09414350417275265	0.08588606155614155	0.07183335916970991	0.312875	Symbiodinium sp. CCMP2456	Eukaryota		Dinophyceae	0.3795	0.101	2397.0	DUF3089	Other α/β hydrolase (CL0028)	True
AF-A0A813CFR8-F1	-0.16421019833261627	0.17151972237013044	0.13149564282698878	0.116635	Symbiodinium necroappetens	Eukaryota		Dinophyceae	0.1866	0.155	2807.0		No Pfam hit	True
AF-A0A813H475-F1	-0.14304673760961165	0.16181662032739766	0.16313911143826698	0.18575	Polarella glacialis	Eukaryota		Dinophyceae	0.1701	0.172	2837.0		No Pfam hit	True
AF-A0A813PAV3-F1	-0.5477524705907129	-0.2540218507159818	-0.037995275065682385	0.15535	Adineta ricciae	Eukaryota	Rotifera	Eurotatoria	0.1889	0.12	2524.0	Peptidase_S10	Other α/β hydrolase (CL0028)	True
AF-A0A813PQ37-F1	-0.5439528230778643	-0.264908424805787	-0.029865353577143844	0.1472	Rotaria sordida	Eukaryota	Rotifera	Eurotatoria	0.187	0.126	2690.0	Peptidase_S10	Other α/β hydrolase (CL0028)	True
AF-A0A813SSG9-F1	-0.5661453277022372	-0.25481527972001855	-0.05632336535175376	0.15292499999999998	Adineta ricciae	Eukaryota	Rotifera	Eurotatoria	0.1913	0.12	2601.0	Peptidase_S10	Other α/β hydrolase (CL0028)	True
AF-A0A813SSW8-F1	-0.5574717577477056	-0.2521775266607577	-0.05427898911741586	0.15385	Adineta ricciae	Eukaryota	Rotifera	Eurotatoria	0.1873	0.135	2627.0	Peptidase_S10	Other α/β hydrolase (CL0028)	True
AF-A0A813SVX6-F1	-0.5468137596387569	-0.26405431862472944	-0.03473551938922521	0.14707499999999998	Rotaria sordida	Eukaryota	Rotifera	Eurotatoria	0.1873	0.109	2630.0	Peptidase_S10	Other α/β hydrolase (CL0028)	True
AF-A0A813VC27-F1	-0.53827628926335	-0.2600308561748101	-0.03829647654157784	0.1913	Didymodactylos carnosus	Eukaryota	Rotifera	Eurotatoria	0.2271	0.093	2755.0	Peptidase_S10	Other α/β hydrolase (CL0028)	True
AF-A0A813YG31-F1	-0.5254347317386378	-0.23959558886290835	-0.04629547545882139	0.207475	Didymodactylos carnosus	Eukaryota	Rotifera	Eurotatoria	0.1795	0.116	2697.0	Peptidase_S10	Other α/β hydrolase (CL0028)	True
AF-A0A814SSC4-F1	-0.543805024956497	-0.23945659102447855	-0.045094718835137354	0.1632	Rotaria sordida	Eukaryota	Rotifera	Eurotatoria	0.1984	0.123	2684.0	Peptidase_S10	Other α/β hydrolase (CL0028)	True
AF-A0A814XDP8-F1	-0.5584538411774483	-0.2478570883171528	-0.03764036474589469	0.14745	Rotaria sordida	Eukaryota	Rotifera	Eurotatoria	0.1777	0.137	2671.0	Peptidase_S10	Other α/β hydrolase (CL0028)	True
AF-A0A814YS67-F1	-0.5431414224614418	-0.25951875801596025	-0.021173531010918487	0.172675	Adineta steineri	Eukaryota	Rotifera	Eurotatoria	0.1895	0.097	2668.0	Peptidase_S10	Other α/β hydrolase (CL0028)	True
AF-A0A815A9N7-F1	-0.546488326577536	-0.2488624546620763	-0.04691239995509467	0.14892499999999997	Didymodactylos carnosus	Eukaryota	Rotifera	Eurotatoria	0.1763	0.126	2720.0	Peptidase_S10	Other α/β hydrolase (CL0028)	True
AF-A0A815LRH4-F1	-0.14222044440782733	0.11887521120559537	0.07616248069097832	0.1781275	Didymodactylos carnosus	Eukaryota	Rotifera	Eurotatoria	0.2698	0.226	2186.0	Lipase_3	Other α/β hydrolase (CL0028)	True
AF-A0A815QPH7-F1	-0.5176819999180005	-0.23151258467492675	-0.04848055308586321	0.21135	Rotaria sordida	Eukaryota	Rotifera	Eurotatoria	0.1877	0.113	2615.0	Peptidase_S10	Other α/β hydrolase (CL0028)	True
AF-A0A815SBU1-F1	-0.54398619284626	-0.2287968060469633	-0.051667431604776624	0.16405	Rotaria sp. Silwood1	Eukaryota	Rotifera	Eurotatoria	0.1944	0.098	2637.0	Peptidase_S10	Other α/β hydrolase (CL0028)	True
AF-A0A815SCP0-F1	-0.5437544058360689	-0.25118773065867817	-0.024891663048050797	0.14650000000000002	Rotaria magnacalcarata	Eukaryota	Rotifera	Eurotatoria	0.1764	0.131	2603.0	Peptidase_S10	Other α/β hydrolase (CL0028)	True
AF-A0A816EBW6-F1	-0.5478773045629779	-0.2558421086090772	-0.036351373217680547	0.153825	Adineta ricciae	Eukaryota	Rotifera	Eurotatoria	0.1885	0.116	2628.0	Peptidase_S10	Other α/β hydrolase (CL0028)	True
AF-A0A816T1V0-F1	-0.5435675181563462	-0.2503241617687042	-0.032269780244229156	0.147775	Rotaria magnacalcarata	Eukaryota	Rotifera	Eurotatoria	0.1765	0.136	2631.0	Peptidase_S10	Other α/β hydrolase (CL0028)	True
AF-A0A816WJK2-F1	-0.5488270449303053	-0.25788422226724383	-0.04680449648427706	0.14752500000000002	Rotaria magnacalcarata	Eukaryota	Rotifera	Eurotatoria	0.1782	0.136	2653.0	Peptidase_S10	Other α/β hydrolase (CL0028)	True
AF-A0A816XPU2-F1	-0.5325169327622784	-0.25060468707454975	-0.02333111964610653	0.20497500000000002	Rotaria magnacalcarata	Eukaryota	Rotifera	Eurotatoria	0.1867	0.113	2674.0	Peptidase_S10	Other α/β hydrolase (CL0028)	True
AF-A0A816Y9V4-F1	-0.5227305418360796	-0.24255264768103516	-0.02251264165701777	0.18817499999999998	Rotaria magnacalcarata	Eukaryota	Rotifera	Eurotatoria	0.2445	0.105	2725.0	CDP-OH_P_transf;Peptidase_S10	Other α/β hydrolase (CL0028)	True
AF-A0A817ALK5-F1	-0.5558541264226763	-0.24833865445850906	-0.04376661315845207	0.147625	Rotaria magnacalcarata	Eukaryota	Rotifera	Eurotatoria	0.1782	0.131	2669.0	Peptidase_S10	Other α/β hydrolase (CL0028)	True
AF-A0A817DM93-F1	-0.5495381967945164	-0.2494503207641203	-0.0259735304215831	0.147	Rotaria sp. Silwood2	Eukaryota	Rotifera	Eurotatoria	0.177	0.139	2670.0	Peptidase_S10	Other α/β hydrolase (CL0028)	True
AF-A0A817NG86-F1	-0.5557631394609891	-0.28546403642673096	-0.025688689248461714	0.1506	Rotaria sp. Silwood2	Eukaryota	Rotifera	Eurotatoria	0.1781	0.142	2620.0	Peptidase_S10	Other α/β hydrolase (CL0028)	True
AF-A0A817RND1-F1	-0.5463743134677954	-0.27997790352135954	-0.013127496474736494	0.15045	Rotaria sp. Silwood2	Eukaryota	Rotifera	Eurotatoria	0.1779	0.142	2685.0	Peptidase_S10	Other α/β hydrolase (CL0028)	True
AF-A0A817T6Q0-F1	-0.5625930886306043	-0.24110803974733583	-0.0549548231524299	0.1471	Rotaria socialis	Eukaryota	Rotifera	Eurotatoria	0.1877	0.09	2602.0	Peptidase_S10	Other α/β hydrolase (CL0028)	True
AF-A0A817UEB1-F1	-0.5584025238310136	-0.24336409657941432	-0.05022873472365424	0.14655	Rotaria socialis	Eukaryota	Rotifera	Eurotatoria	0.1782	0.136	2652.0	Peptidase_S10	Other α/β hydrolase (CL0028)	True
AF-A0A817WX46-F1	-0.5366684071463296	-0.25928315865063495	-0.032737839346905155	0.191825	Rotaria socialis	Eukaryota	Rotifera	Eurotatoria	0.1854	0.109	2646.0	Peptidase_S10	Other α/β hydrolase (CL0028)	True
AF-A0A818FT10-F1	-0.5451271119308873	-0.2604264704163014	-0.022604886142717683	0.14884999999999998	Adineta steineri	Eukaryota	Rotifera	Eurotatoria	0.2039	0.09	2582.0	Peptidase_S10	Other α/β hydrolase (CL0028)	True
AF-A0A818FZ38-F1	-0.5495278442401962	-0.25903427892365105	-0.046336782442525495	0.15405	Adineta steineri	Eukaryota	Rotifera	Eurotatoria	0.1855	0.126	2665.0	Peptidase_S10	Other α/β hydrolase (CL0028)	True
AF-A0A818GJH8-F1	-0.5476682618235722	-0.2611132501253863	-0.04260123943919598	0.194525	Adineta steineri	Eukaryota	Rotifera	Eurotatoria	0.1855	0.126	2702.0	Peptidase_S10	Other α/β hydrolase (CL0028)	True
AF-A0A819BMY6-F1	-0.5376262608637447	-0.2681325389001706	-0.025726456817737834	0.173425	Rotaria sp. Silwood1	Eukaryota	Rotifera	Eurotatoria	0.1922	0.102	2599.0	Peptidase_S10	Other α/β hydrolase (CL0028)	True
AF-A0A819C1J0-F1	-0.5356176919477312	-0.2632136087104134	-0.021435172631695688	0.17495	Rotaria sp. Silwood1	Eukaryota	Rotifera	Eurotatoria	0.1924	0.102	2561.0	Peptidase_S10	Other α/β hydrolase (CL0028)	True
AF-A0A819PAZ9-F1	-0.5461527786434089	-0.2590789788096319	-0.033974756117521716	0.14752500000000002	Rotaria sordida	Eukaryota	Rotifera	Eurotatoria	0.1876	0.106	2647.0	Peptidase_S10	Other α/β hydrolase (CL0028)	True
AF-A0A819TC43-F1	-0.5455499542976059	-0.25778350659395466	-0.036295541616748334	0.168525	Rotaria sordida	Eukaryota	Rotifera	Eurotatoria	0.1869	0.126	2521.0	Peptidase_S10	Other α/β hydrolase (CL0028)	True
AF-A0A819UUQ1-F1	-0.5398961542554297	-0.2506491448533145	-0.03666612571514968	0.19542500000000002	Rotaria sordida	Eukaryota	Rotifera	Eurotatoria	0.2431	0.108	2733.0	Peptidase_S10	Other α/β hydrolase (CL0028)	True
AF-A0A819YUD1-F1	-0.5122065568137193	-0.23091968393412457	-0.02060033495789236	0.2092	Rotaria sp. Silwood2	Eukaryota	Rotifera	Eurotatoria	0.2373	0.094	2741.0	Peptidase_S10	Other α/β hydrolase (CL0028)	True
AF-A0A820CTZ5-F1	-0.5630971089638382	-0.27580228881222363	-0.04365150079788479	0.1503	Rotaria sp. Silwood2	Eukaryota	Rotifera	Eurotatoria	0.1777	0.153	2594.0	Peptidase_S10	Other α/β hydrolase (CL0028)	True
AF-A0A820GTH2-F1	-0.5390591756987092	-0.2598955227003021	-0.032240043937572724	0.192775	Rotaria sp. Silwood2	Eukaryota	Rotifera	Eurotatoria	0.1919	0.116	2522.0	Peptidase_S10	Other α/β hydrolase (CL0028)	True
AF-A0A820MGN9-F1	-0.5650638190868535	-0.27558828236293287	-0.033397371566050285	0.15039999999999998	Rotaria sp. Silwood2	Eukaryota	Rotifera	Eurotatoria	0.178	0.142	2698.0	Peptidase_S10	Other α/β hydrolase (CL0028)	True
AF-A0A820NUQ7-F1	-0.5329169694718435	-0.25018073914997147	-0.030338180846225436	0.21215	Rotaria magnacalcarata	Eukaryota	Rotifera	Eurotatoria	0.2471	0.105	2683.0	Peptidase_S10	Other α/β hydrolase (CL0028)	True
AF-A0A820XJ70-F1	-0.5431028991790214	-0.2576284100279775	-0.02912240693326325	0.1799	Rotaria socialis	Eukaryota	Rotifera	Eurotatoria	0.1855	0.106	2580.0	Peptidase_S10	Other α/β hydrolase (CL0028)	True
AF-A0A820Y6X5-F1	-0.5566823578371732	-0.2536359519684107	-0.04161289511266174	0.149675	Rotaria socialis	Eukaryota	Rotifera	Eurotatoria	0.1768	0.131	2623.0	Peptidase_S10	Other α/β hydrolase (CL0028)	True
AF-A0A821GXL0-F1	-0.5325791177754511	-0.2659241827705182	-0.01952825594003473	0.2028	Rotaria sp. Silwood1	Eukaryota	Rotifera	Eurotatoria	0.1924	0.087	2629.0	Peptidase_S10	Other α/β hydrolase (CL0028)	True
AF-A0A821L0C0-F1	-0.5435482914806176	-0.26127058943782594	-0.032807986849029754	0.1542	Rotaria sp. Silwood1	Eukaryota	Rotifera	Eurotatoria	0.1926	0.097	2666.0	Peptidase_S10	Other α/β hydrolase (CL0028)	True
AF-A0A822CIU1-F1	-0.5166114869517218	-0.2417245306094571	-0.0417038800930139	0.208175	Rotaria sp. Silwood1	Eukaryota	Rotifera	Eurotatoria	0.1934	0.117	2638.0	Peptidase_S10	Other α/β hydrolase (CL0028)	True
AF-A0A822V3K0-F1	0.19580810557725908	-0.0950306995982822	0.1566713302121189	0.511975	Agrobacterium tumefaciens str. B6	Bacteria	Proteobacteria	Alphaproteobacteria	0.5755	0.169	1156.0	DUF900;Abhydrolase_6	DUF900	True
AF-A0A829HUF1-F1	0.15846204826738455	-0.021176981005048015	-0.20814233410903193	0.44472500000000004	Mycobacteroides abscessus subsp. bolletii CRM-0020	Bacteria	Actinobacteria	Actinomycetia	0.468	0.108	1675.0		No Pfam hit	True
AF-A0A829MGA4-F1	0.15277916305672282	-0.005799178244724064	-0.20435615881785152	0.4486	Mycobacteroides abscessus MAB_091912_2446	Bacteria	Actinobacteria	Actinomycetia	0.4691	0.104	1644.0		No Pfam hit	True
AF-A0A829PVD5-F1	0.15216184893545895	0.0035690201308345103	-0.20350348678116215	0.39925	Mycobacteroides abscessus MAB_030201_1075	Bacteria	Actinobacteria	Actinomycetia	0.4694	0.103	1602.0		No Pfam hit	True
AF-A0A829PYX9-F1	0.15575862691919315	-0.003239772449997554	-0.21210173901900278	0.49924999999999997	Mycobacteroides abscessus 21	Bacteria	Actinobacteria	Actinomycetia	0.4756	0.096	1603.0		No Pfam hit	True
AF-A0A829QJJ6-F1	0.15649687287656247	0.0025070831657491924	-0.20840170292098611	0.403925	Mycobacteroides abscessus 1948	Bacteria	Actinobacteria	Actinomycetia	0.4662	0.103	1653.0		No Pfam hit	True
AF-A0A830EFI2-F1	0.17187522057827373	0.00014307623577820955	-0.14924038802016865	0.8001499999999999	Haloarcula sebkhae	Archaea	Euryarchaeota	Halobacteria	0.7828	0.332	70.0	DUF900;DUF726	DUF900	True
AF-A0A830EM12-F1	0.13360152764517616	0.02227215033397773	-0.15589585593419716	0.7251000000000001	Haloarcula sebkhae	Archaea	Euryarchaeota	Halobacteria	0.7155	0.273	280.0	DUF900;DUF726	DUF900	True
AF-A0A830FVE2-F1	0.17480097874939193	-0.006011517205783402	-0.14958281951158117	0.7949999999999999	Haloarcula salaria	Archaea	Euryarchaeota	Halobacteria	0.7819	0.326	73.0	DUF900;DUF726	DUF900	True
AF-A0A832FMN5-F1	0.17382477826297732	-0.06689948969795761	0.03369305556790119	0.5326000000000001	Planctomycetales bacterium	Bacteria	Planctomycetota	Planctomycetia	0.5635	0.192	732.0	DUF900;Abhydrolase_6	DUF900	True
AF-A0A832M7G1-F1	0.07270142435708106	0.04501596351200061	-0.06603681787877295	0.5684750000000001	Phycisphaerae bacterium	Bacteria	Planctomycetota	Phycisphaerae	0.5765	0.171	888.0		No Pfam hit	True
AF-A0A832RSQ7-F1	0.17828546565739326	0.04063779700306017	-0.18507213604939332	0.78355	Candidatus Nitrosotenuis sp.	Archaea	Thaumarchaeota		0.7439	0.262	145.0	DUF900;DUF726	DUF900	True
AF-A0A832SNB6-F1	0.17613299840869892	0.02724279260968595	-0.181654872448199	0.8006	Nitrosopumilus sp.	Archaea	Thaumarchaeota		0.7374	0.267	150.0	DUF900;DUF726	DUF900	True
AF-A0A832VRI6-F1	0.18191790507205646	0.04359113336179034	-0.18437639758508542	0.778375	Candidatus Nitrosotenuis sp.	Archaea	Thaumarchaeota		0.7361	0.254	209.0	DUF900;DUF726	DUF900	True
AF-A0A832YBJ8-F1	0.18209216035727363	0.02930035889534336	-0.168704808554218	0.7948500000000001	Candidatus Nitrosopelagicus sp.	Archaea	Thaumarchaeota		0.7232	0.261	140.0	DUF900;DUF676;Cutinase;DUF726	DUF900	True
AF-A0A833D4T7-F1	0.18622281752012004	-0.11872519156590668	0.15269954915424405	0.530475	Hyphomicrobiaceae bacterium	Bacteria	Proteobacteria	Alphaproteobacteria	0.5856	0.144	1065.0	DUF900;Abhydrolase_6	DUF900	True
AF-A0A833G320-F1	0.2006549365790872	-0.1257079535368087	0.15859113778968503	0.518625	Bauldia sp.	Bacteria	Proteobacteria	Alphaproteobacteria	0.5761	0.184	999.0	DUF900;Abhydrolase_6	DUF900	True
AF-A0A834IXD8-F1	-0.5507063146867862	-0.24443922654520492	-0.05431523184424653	0.1568	Rhynchophorus ferrugineus	Eukaryota	Arthropoda	Insecta	0.1893	0.125	2583.0	Peptidase_S10	Other α/β hydrolase (CL0028)	True
AF-A0A834J0N6-F1	-0.5452815564620597	-0.23544879745352779	-0.06454073732941214	0.20555	Rhynchophorus ferrugineus	Eukaryota	Arthropoda	Insecta	0.2454	0.106	2701.0	Peptidase_S10	Other α/β hydrolase (CL0028)	True
AF-A0A834J3V3-F1	-0.5413430113634459	-0.23515354934415947	-0.03681404624914557	0.181225	Rhynchophorus ferrugineus	Eukaryota	Arthropoda	Insecta	0.1935	0.136	2568.0	Peptidase_S10	Other α/β hydrolase (CL0028)	True
AF-A0A834M1U5-F1	-0.5334560103918657	-0.2382277882829702	-0.05235829867797298	0.15985	Rhynchophorus ferrugineus	Eukaryota	Arthropoda	Insecta	0.1911	0.126	2398.0	Peptidase_S10	Other α/β hydrolase (CL0028)	True
AF-A0A834MM07-F1	-0.5537820414286346	-0.2275418373391756	-0.06619383943563563	0.1605	Rhynchophorus ferrugineus	Eukaryota	Arthropoda	Insecta	0.1934	0.108	2497.0	Peptidase_S10	Other α/β hydrolase (CL0028)	True
AF-A0A834RC97-F1	-0.03863127674127546	0.09649253635494298	0.04772270263933591	0.25125	Sarcoptes scabiei	Eukaryota	Arthropoda	Arachnida	0.3784	0.163	1685.0	Lipase;LCM;Beta-prop_TYW4	Other α/β hydrolase (CL0028)	True
AF-A0A835SJB9-F1	0.1755335197144711	0.03231458155127416	-0.17587650062073376	0.799975	Nitrosopumilales archaeon	Archaea	Thaumarchaeota		0.7465	0.245	119.0	DUF900;DUF676;Cutinase;DUF726	DUF900	True
AF-A0A835WXQ3-F1	0.18330655299860663	0.04246741306621333	-0.16932547824828695	0.7913749999999999	Nitrosopumilales archaeon	Archaea	Thaumarchaeota		0.7372	0.27	106.0	DUF900;DUF676;Cutinase;DUF726	DUF900	True
AF-A0A835X6I0-F1	0.18160956746799756	0.026897589544364192	-0.18123771580215817	0.8048500000000001	Nitrosopumilales archaeon	Archaea	Thaumarchaeota		0.7517	0.253	194.0	DUF900;DUF676;DUF726	DUF900	True
AF-A0A835X6S7-F1	0.10025657302835658	0.12365696110326908	-0.1153998664132264	0.60385	Nitrosopumilales archaeon	Archaea	Thaumarchaeota		0.411	0.293	743.0	DUF900	DUF900	True
AF-A0A835X8W0-F1	0.16532807741432848	0.026523843204271334	-0.1697960140173672	0.7683	Nitrosopumilales archaeon	Archaea	Thaumarchaeota		0.7136	0.249	158.0	DUF900;DUF676;DUF726	DUF900	True
AF-A0A836BMH8-F1	0.17268575982483902	0.00927554390482305	-0.16934860489089298	0.79935	Nitrosopumilales archaeon	Archaea	Thaumarchaeota		0.7468	0.241	131.0	DUF900;DUF676;DUF726	DUF900	True
AF-A0A836RJR7-F1	0.19372823219834884	-0.011692621592661124	-0.08631166348913369	0.591125	Planctomycetaceae bacterium	Bacteria	Planctomycetota	Planctomycetia	0.6792	0.199	581.0		No Pfam hit	True
AF-A0A836V8R3-F1	0.18633784108832835	0.03499032999994443	-0.16738788054668896	0.7837	Candidatus Nitrosopelagicus sp.	Archaea	Thaumarchaeota		0.7177	0.272	176.0	DUF900;DUF726;Cutinase	DUF900	True
AF-A0A837D936-F1	-0.11600176118442167	0.17678354838965554	0.007478959006785599	0.32345	Saccharomonospora viridis	Bacteria	Actinobacteria	Actinomycetia	0.3316	0.126	2289.0	PE-PPE;Cutinase	Other α/β hydrolase (CL0028)	True
AF-A0A837ZYM1-F1	0.14994195381482647	0.014137622755310005	-0.20149205777799833	0.483975	Mycobacteroides sp. LB1	Bacteria	Actinobacteria	Actinomycetia	0.5746	0.123	1297.0		No Pfam hit	True
AF-A0A838AIQ6-F1	0.18408001930777748	0.04209682867193651	-0.1767730215432992	0.78755	Nitrosarchaeum sp.	Archaea	Thaumarchaeota		0.727	0.273	221.0	DUF900;DUF726	DUF900	True
AF-A0A838E9R4-F1	0.13328270174784188	-0.018232606058197886	-0.22085089236559347	0.460075	Euzebyales bacterium	Bacteria	Actinobacteria	Nitriliruptoria	0.5546	0.11	1432.0		No Pfam hit	True
AF-A0A838GUY6-F1	0.16495025113518105	-0.02648948837196081	-0.2019670200118268	0.544375	Euzebyales bacterium	Bacteria	Actinobacteria	Nitriliruptoria	0.6252	0.118	1080.0		No Pfam hit	True
AF-A0A838HWS1-F1	0.13774900799845688	0.0008661734967104751	-0.18541695716585627	0.46975	Euzebyaceae bacterium	Bacteria	Actinobacteria	Nitriliruptoria	0.5468	0.1	1289.0		No Pfam hit	True
AF-A0A838K355-F1	0.15130456287641947	-0.004214734154253588	-0.2124934821234338	0.538375	Euzebyaceae bacterium	Bacteria	Actinobacteria	Nitriliruptoria	0.6183	0.106	1119.0		No Pfam hit	True
AF-A0A838PUN4-F1	0.14936408428876569	0.009387195395561319	-0.21409897956443935	0.495675	Euzebyaceae bacterium	Bacteria	Actinobacteria	Nitriliruptoria	0.5847	0.117	985.0		No Pfam hit	True
AF-A0A838QXU4-F1	0.1907308110438885	-0.02886196423215805	-0.09658143349361148	0.640275	Pirellulales bacterium	Bacteria	Planctomycetota	Planctomycetia	0.6709	0.177	400.0		No Pfam hit	True
AF-A0A838TZW7-F1	0.11097527811025572	0.015034425368265046	-0.20601083171569384	0.69725	Nitrosopumilus sp.	Archaea	Thaumarchaeota		0.7512	0.279	93.0	DUF900;DUF726	DUF900	True
AF-A0A838W7R1-F1	0.14538395182808533	0.0012101092286861117	-0.15317146645069726	0.683625	Nitrosopumilus sp.	Archaea	Thaumarchaeota		0.7543	0.284	91.0	DUF900	DUF900	True
AF-A0A838YJC3-F1	0.1757918498255616	0.03331882685075269	-0.18618773563893531	0.7937500000000001	Nitrosopumilus sp.	Archaea	Thaumarchaeota		0.7288	0.259	153.0	DUF900;DUF726	DUF900	True
AF-A0A839LJA4-F1	0.2308007083165311	-0.13790217519062364	0.09644226250344674	0.47675	Mitsuaria sp. WAJ17	Bacteria	Proteobacteria	Betaproteobacteria	0.5402	0.147	1078.0	DUF900	DUF900	True
AF-A0A839NIV7-F1	0.11977573930098505	0.01669954049963998	-0.04259611374810673	0.42425	Sphingobacterium sp. JUb56	Bacteria	Bacteroidota	Sphingobacteriia	0.4524	0.156	1251.0	DUF900	DUF900	True
AF-A0A839Q4N1-F1	-0.0784724724234538	0.23727418786548704	0.04772850365261191	0.379825	Mycolicibacterium iranicum	Bacteria	Actinobacteria	Actinomycetia	0.3314	0.131	1934.0	Cutinase	Other α/β hydrolase (CL0028)	True
AF-A0A840AT44-F1	0.17930511787724498	-0.15951266216042612	0.21075074666613547	0.432775	Kaistia hirudinis	Bacteria	Proteobacteria	Alphaproteobacteria	0.473	0.221	1526.0	DUF900	DUF900	True
AF-A0A840BRC5-F1	0.18362109184012337	-0.0650333032425254	0.10028931724313232	0.536725	Chelatococcus caeni	Bacteria	Proteobacteria	Alphaproteobacteria	0.5668	0.135	1169.0	DUF900;Abhydrolase_6	DUF900	True
AF-A0A840FEY4-F1	0.1872788598863599	-0.1450611022945276	0.127242916354408	0.5056	Variovorax guangxiensis	Bacteria	Proteobacteria	Betaproteobacteria	0.5656	0.154	1421.0	DUF900	DUF900	True
AF-A0A840S8I9-F1	-0.12411414115305858	0.025018421244636276	-0.07373096692776507	0.33930000000000005	Inhella inkyongensis	Bacteria	Proteobacteria	Betaproteobacteria	0.4393	0.128	1630.0		No Pfam hit	True
AF-A0A841BSP7-F1	-0.06676513142842047	0.11330048541919599	-0.0707940865055211	0.42355	Allocatelliglobosispora scoriae	Bacteria	Actinobacteria	Actinomycetia	0.4433	0.111	1861.0	DUF676;PGAP1	DUF676	True
AF-A0A841KAQ2-F1	0.17851507814938086	-0.07866996062783708	0.08443152758690474	0.55945	Chelatococcus composti	Bacteria	Proteobacteria	Alphaproteobacteria	0.5993	0.136	953.0	DUF900	DUF900	True
AF-A0A841MUR3-F1	0.2146813745130085	-0.12843528546459398	0.03783333755204614	0.5846750000000001	Algoriphagus iocasae	Bacteria	Bacteroidota	Cytophagia	0.627	0.182	379.0	DUF900	DUF900	True
AF-A0A841P908-F1	-0.08533718975818139	0.06723122920033459	-0.01917908197072763	0.38575	Mesorhizobium sangaii	Bacteria	Proteobacteria	Alphaproteobacteria	0.36	0.128	2321.0		No Pfam hit	True
AF-A0A842N555-F1	0.18128174994044466	0.02988659698668535	-0.16421662858373948	0.80325	Candidatus Nitrosopelagicus sp.	Archaea	Thaumarchaeota		0.7399	0.28	101.0	DUF900;Cutinase;DUF726	DUF900	True
AF-A0A842N6W6-F1	0.16275876392177493	0.1816752030409178	-0.1115236452928334	0.6192500000000001	Candidatus Nitrosopelagicus sp.	Archaea	Thaumarchaeota		0.4173	0.306	1057.0		No Pfam hit	True
AF-A0A842NTQ9-F1	0.17469677063252675	0.020900164484898693	-0.18753902389712962	0.79425	Nitrosopumilus sp.	Archaea	Thaumarchaeota		0.7318	0.274	206.0	DUF900;DUF676;DUF726	DUF900	True
AF-A0A842NU99-F1	0.1747676527591081	0.024534122760638113	-0.1598242110714259	0.78535	Thaumarchaeota archaeon	Archaea	Thaumarchaeota		0.7255	0.283	142.0	DUF900;DUF676;Cutinase;DUF726	DUF900	True
AF-A0A842P7L1-F1	0.17862753505608522	0.02113513914910187	-0.17616547819307454	0.8096	Nitrosopumilus sp.	Archaea	Thaumarchaeota		0.7555	0.278	114.0	DUF900;DUF726	DUF900	True
AF-A0A842PMT6-F1	0.1853602630463347	0.025873765434073697	-0.1671495906593862	0.93	Haloferax sp. AS1	Archaea	Euryarchaeota	Halobacteria	0.9302	0.703	25.0		No Pfam hit	True
AF-A0A842Q411-F1	0.14556794147386096	0.012664780441521839	-0.1785802684833761	0.7922750000000001	Nitrososphaeraceae archaeon	Archaea	Thaumarchaeota	Nitrososphaeria	0.7764	0.315	65.0	DUF900;DUF726	DUF900	True
AF-A0A842Q6H6-F1	0.03902881114881064	0.028137123313349766	-0.04259668269609611	0.5317000000000001	Nitrososphaeraceae archaeon	Archaea	Thaumarchaeota	Nitrososphaeria	0.4796	0.236	898.0	DUF900	DUF900	True
AF-A0A842Q7N0-F1	0.10857748900618042	-0.05562183532450362	-0.1292243722897723	0.5636	Nitrososphaeraceae archaeon	Archaea	Thaumarchaeota	Nitrososphaeria	0.4846	0.324	341.0	DUF900;DUF726	DUF900	True
AF-A0A843BE77-F1	0.20870113053690548	0.03190794899542304	-0.14634913283203924	0.78145	Thaumarchaeota archaeon	Archaea	Thaumarchaeota		0.7172	0.237	301.0		No Pfam hit	True
AF-A0A843BN56-F1	0.17896255894367827	0.029126675269439264	-0.18669859610281048	0.794025	Nitrosopumilus sp.	Archaea	Thaumarchaeota		0.7385	0.272	138.0	DUF900;DUF726	DUF900	True
AF-A0A843CQI4-F1	0.18554252335254967	0.031857707310773906	-0.19069947181046548	0.804125	Candidatus Nitrosotenuis sp.	Archaea	Thaumarchaeota		0.7431	0.266	134.0	DUF900;DUF726	DUF900	True
AF-A0A844AHI1-F1	0.17012337878064948	-0.16909778406192427	0.1877841687323584	0.48435	Sinorhizobium fredii	Bacteria	Proteobacteria	Alphaproteobacteria	0.5961	0.142	1097.0	DUF900	DUF900	True
AF-A0A844B427-F1	0.2156891659389438	-0.0881824170850861	0.03517301769534644	0.6282	Rhodovulum strictum	Bacteria	Proteobacteria	Alphaproteobacteria	0.647	0.19	669.0	DUF900	DUF900	True
AF-A0A844P1Q0-F1	0.2126979449654486	-0.10619273569577917	0.038839579894547005	0.560675	Aliivibrio fischeri	Bacteria	Proteobacteria	Gammaproteobacteria	0.5578	0.157	419.0	DUF900	DUF900	True
AF-A0A845TZX0-F1	0.22938854169126108	-0.10156689406449794	0.00979351441876161	0.5782750000000001	Acidipila sp.	Bacteria	Acidobacteria	Acidobacteriia	0.5813	0.181	411.0	DUF900	DUF900	True
AF-A0A845V2P0-F1	0.19404548141387312	-0.15516806725060342	0.21018857327189386	0.52755	Wenzhouxiangella limi	Bacteria	Proteobacteria	Gammaproteobacteria	0.5999	0.181	1350.0	DUF900	DUF900	True
AF-A0A846GQ61-F1	-0.16783075840026382	0.130463083067519	-0.1368608540387866	0.386975	Moorena sp. SIO1G6	Bacteria	Cyanobacteria		0.3315	0.119	2221.0	PGAP1	Other α/β hydrolase (CL0028)	True
AF-A0A846HLV3-F1	0.1539266698571777	-0.1691408711952914	0.14694461040390094	0.507	Halochromatium sp.	Bacteria	Proteobacteria	Gammaproteobacteria	0.5491	0.175	1132.0	DUF900	DUF900	True
AF-A0A846HMM9-F1	0.18335318259665262	-0.17918441431926638	0.2097621279799228	0.46085	Halochromatium sp.	Bacteria	Proteobacteria	Gammaproteobacteria	0.56	0.161	1356.0	DUF900	DUF900	True
AF-A0A846MY43-F1	-0.20247461743179457	0.2887488940661679	0.3049660521943041	0.15565	Rhizomicrobium palustre	Bacteria	Proteobacteria	Alphaproteobacteria	0.1764	0.105	2864.0	LppC;Peripla_BP_6;ANF_receptor	Periplasmic binding protein (CL0144)	True
AF-A0A846N5A7-F1	0.18297695832262184	0.0432191405155358	-0.17673911238573173	0.79175	Nitrosopumilaceae archaeon	Archaea	Thaumarchaeota		0.7326	0.262	184.0	DUF900;DUF726	DUF900	True
AF-A0A846PXN8-F1	0.18026885351075167	0.0387041731167915	-0.16762114750601953	0.7916	Nitrososphaeria archaeon	Archaea	Thaumarchaeota	Nitrososphaeria	0.7324	0.262	216.0	DUF900;DUF726	DUF900	True
AF-A0A846WJA4-F1	-0.1469640877474218	0.24965072159562113	0.046090270961691555	0.233675	Gordonia polyisoprenivorans	Bacteria	Actinobacteria	Actinomycetia	0.2625	0.124	2475.0	Cutinase	Other α/β hydrolase (CL0028)	True
AF-A0A846X4N3-F1	-0.02181395076926262	0.248358922899625	0.04529809021577764	0.40065	Tsukamurella spumae	Bacteria	Actinobacteria	Actinomycetia	0.3713	0.131	1908.0	Cutinase	Other α/β hydrolase (CL0028)	True
AF-A0A846Z193-F1	-0.03212901888681024	0.08129264894963457	-0.06154349700769083	0.41269999999999996	Actinomadura latina	Bacteria	Actinobacteria	Actinomycetia	0.4455	0.169	1634.0	Abhydrolase_8	Other α/β hydrolase (CL0028)	True
AF-A0A846Z2F9-F1	-0.021779267821392303	0.0889029693164815	-0.04003642575525079	0.43872500000000003	Actinomadura latina	Bacteria	Actinobacteria	Actinomycetia	0.4565	0.151	1746.0	Abhydrolase_8	Other α/β hydrolase (CL0028)	True
AF-A0A847BPE6-F1	-0.15851957254285462	0.28990398584453236	0.275104329953319	0.13640000000000002	Fastidiosipila sp.	Bacteria	Firmicutes	Clostridia	0.1689	0.087	2841.0	Peripla_BP_6;Peripla_BP_5;ANF_receptor	Periplasmic binding protein (CL0144)	True
AF-A0A847FBF2-F1	-0.13416619918524075	0.18277787215437108	0.08896231693040561	0.27149999999999996	Dehalococcoidales bacterium	Bacteria	Chloroflexi	Dehalococcoidia	0.2644	0.189	1922.0		No Pfam hit	True
AF-A0A847TIE2-F1	0.15348656759583904	-0.018432269697628505	-0.1678715596958325	0.7603	Haloarcula rubripromontorii	Archaea	Euryarchaeota	Halobacteria	0.78	0.323	88.0	DUF900;DUF726	DUF900	True
AF-A0A847UBC2-F1	0.13512471909925416	0.020002860668342184	-0.14823120078992125	0.731825	Haloarcula argentinensis	Archaea	Euryarchaeota	Halobacteria	0.7163	0.257	317.0	DUF900;DUF726	DUF900	True
AF-A0A847UIV1-F1	0.17785494897739595	0.0028659664578754994	-0.1503189177062625	0.795225	Haloarcula argentinensis	Archaea	Euryarchaeota	Halobacteria	0.7827	0.336	64.0	DUF900;DUF726	DUF900	True
AF-A0A847ZYG7-F1	-0.10932018442698926	0.04374962531971234	-0.05859642849569105	0.32372500000000004	Phyllobacteriaceae bacterium	Bacteria	Proteobacteria	Alphaproteobacteria	0.4175	0.16	1481.0		No Pfam hit	True
AF-A0A848IS54-F1	0.20280800140178554	-0.1275372280379482	0.07235510348146999	0.5415	Flammeovirgaceae bacterium KN852	Bacteria	Bacteroidota	Cytophagia	0.5564	0.192	665.0	DUF900	DUF900	True
AF-A0A848KN47-F1	-0.15358511413317516	0.24722519131630455	0.07019285355906994	0.198375	Antrihabitans stalactiti	Bacteria	Actinobacteria	Actinomycetia	0.2915	0.126	2404.0	Cutinase	Other α/β hydrolase (CL0028)	True
AF-A0A848KQ60-F1	-0.06872809936418339	0.22664630181708773	0.022996210297753495	0.410825	Gordonia asplenii	Bacteria	Actinobacteria	Actinomycetia	0.3839	0.135	1799.0	Cutinase	Other α/β hydrolase (CL0028)	True
AF-A0A849EF80-F1	-0.19062645179183912	0.25774092528714515	0.275509762036768	0.15605	Anderseniella sp.	Bacteria	Proteobacteria	Alphaproteobacteria	0.1655	0.148	2875.0	LppC;Peripla_BP_6;ANF_receptor	Periplasmic binding protein (CL0144)	True
AF-A0A849KBH3-F1	0.2060309940595014	-0.1187583748880766	0.1610767158212834	0.52325	[Ochrobactrum] soli	Bacteria	Proteobacteria	Alphaproteobacteria	0.5742	0.186	1042.0	DUF900;Abhydrolase_6	DUF900	True
AF-A0A849TYW7-F1	0.24136627905302094	-0.12066311291354789	0.059011719135962155	0.633775	Methylococcaceae bacterium	Bacteria	Proteobacteria	Gammaproteobacteria	0.6323	0.179	509.0	DUF900	DUF900	True
AF-A0A850DH91-F1	-0.1546394006079252	0.2447401509981643	0.0685065566546511	0.223325	Mycobacteriaceae bacterium	Bacteria	Actinobacteria	Actinomycetia	0.3836	0.134	2287.0	Cutinase	Other α/β hydrolase (CL0028)	True
AF-A0A850J6N6-F1	-0.04026856966457495	0.08357629991072256	-0.05504046758363578	0.417725	Actinomadura sp. BRA 177	Bacteria	Actinobacteria	Actinomycetia	0.443	0.141	1666.0	Abhydrolase_8	Other α/β hydrolase (CL0028)	True
AF-A0A850JDG8-F1	-0.02293129166923963	0.06864432825452058	-0.04079861276170532	0.43895	Actinomadura sp. BRA 177	Bacteria	Actinobacteria	Actinomycetia	0.4509	0.161	1734.0	Abhydrolase_8	Other α/β hydrolase (CL0028)	True
AF-A0A850Q499-F1	0.2159513049725366	-0.10417854574529556	0.03713018920475018	0.612125	Donghicola mangrovi	Bacteria	Proteobacteria	Alphaproteobacteria	0.6233	0.182	422.0	DUF900	DUF900	True
AF-A0A850RHC8-F1	0.15560085872691304	-0.1744798240643174	0.12302254207373492	0.495875	Allochromatium humboldtianum	Bacteria	Proteobacteria	Gammaproteobacteria	0.5079	0.217	1217.0	DUF900	DUF900	True
AF-A0A852W642-F1	-0.05354172452928834	0.10417302516801459	-0.001488893250455509	0.31525000000000003	Pseudonocardia antarctica	Bacteria	Actinobacteria	Actinomycetia	0.3881	0.158	2030.0	Abhydrolase_8	Other α/β hydrolase (CL0028)	True
AF-A0A853AQ80-F1	-0.1063022326386453	0.17964424617314678	0.0117177495732169	0.329175	Saccharopolyspora hordei	Bacteria	Actinobacteria	Actinomycetia	0.348	0.115	2261.0	Cutinase;Abhydrolase_8;PE-PPE	Other α/β hydrolase (CL0028)	True
AF-A0A857D0Y7-F1	0.23940471219866089	-0.1671895970421051	0.07196922721968611	0.584125	Microcystis aeruginosa FD4	Bacteria	Cyanobacteria		0.602	0.164	823.0	DUF900	DUF900	True
AF-A0A857MAL3-F1	-0.08518214754728948	0.23463096676312284	0.038855805183296434	0.320625	Gordonia amarae	Bacteria	Actinobacteria	Actinomycetia	0.3913	0.099	1789.0	Cutinase	Other α/β hydrolase (CL0028)	True
AF-A0A858CK74-F1	0.20250859732474483	-0.1201762726516712	0.036813859718355886	0.6143000000000001	Rhodobacteraceae bacterium SC52	Bacteria	Proteobacteria	Alphaproteobacteria	0.6437	0.167	554.0	DUF900	DUF900	True
AF-A0A859QDD9-F1	0.18053518234148822	-0.16088861344191088	0.17543946006622532	0.48317499999999997	Ensifer mexicanus	Bacteria	Proteobacteria	Alphaproteobacteria	0.6046	0.148	1392.0	DUF900	DUF900	True
AF-A0A871BD94-F1	0.17441990350740305	0.028433355949512577	-0.17215181886049682	0.9193	Haloferax gibbonsii	Archaea	Euryarchaeota	Halobacteria	0.9194	0.724	14.0		No Pfam hit	True
AF-A0A895AJU1-F1	0.1794878882709158	0.027578320587464095	-0.1902995056352681	0.9108	Halobacterium sp. GSL-19	Archaea	Euryarchaeota	Halobacteria	0.9106	0.669	32.0	DUF900	DUF900	True
AF-A0A8B2HRE8-F1	0.1904404482199233	0.047910515031940756	-0.16904232919780185	0.806925	Nitrosopumilus sp. K4	Archaea	Thaumarchaeota		0.7496	0.255	172.0	DUF900;Cutinase;DUF726	DUF900	True
AF-A0A8B5X948-F1	-0.1723186748639031	0.32310143935804825	0.30930347114880347	0.16870000000000002	Sphaerobacteraceae bacterium	Bacteria	Chloroflexi	Thermomicrobia	0.2461	0.134	2754.0	Peripla_BP_5;Peripla_BP_6;ANF_receptor	Periplasmic binding protein (CL0144)	True
AF-A0A8B6HFP6-F1	-0.13625384514069583	0.19353769155255413	0.12029159093121876	0.144725	Mytilus galloprovincialis	Eukaryota	Mollusca	Bivalvia	0.1857	0.109	2860.0	Peptidase_C14;PRDM2_PR;SET	Other Pfam	True
AF-A0RXE4-F1	0.15303313324390755	0.05440761203732875	-0.15330885453080925	0.6917	Cenarchaeum symbiosum A	Archaea	Thaumarchaeota		0.6205	0.324	233.0		No Pfam hit	True
AF-A1THA8-F1	-0.06976659558827311	0.22590329447643304	0.04167777066222667	0.40607499999999996	Mycolicibacterium vanbaalenii PYR-1	Bacteria	Actinobacteria	Actinomycetia	0.3717	0.127	1876.0	Cutinase	Other α/β hydrolase (CL0028)	True
AF-A1UQK3-F1	-0.17344559591983408	0.251649754435605	0.09246464145764838	0.223425	Mycobacterium sp. KMS	Bacteria	Actinobacteria	Actinomycetia	0.2683	0.125	2469.0	Cutinase	Other α/β hydrolase (CL0028)	True
AF-A2QHQ0-F1	-0.18048363710771828	0.13336289108255703	-0.11204558698486848	0.25945	Aspergillus niger CBS 513.88	Eukaryota	Ascomycota	Eurotiomycetes	0.3961	0.1	2555.0	DUF7779;TPR_10;TPR_12	Other Pfam	True
AF-A3HTD6-F1	0.20700732493709478	-0.1386758287418123	0.036482350044955356	0.5660000000000001	Algoriphagus machipongonensis	Bacteria	Bacteroidota	Cytophagia	0.6162	0.173	451.0	DUF900	DUF900	True
AF-A3IWN6-F1	0.2376521470291516	-0.15560135792028915	0.04758454844568681	0.5965	Crocosphaera chwakensis CCY0110	Bacteria	Cyanobacteria		0.6474	0.129	941.0	DUF900	DUF900	True
AF-A3JN70-F1	0.21491065763354258	-0.09108022273602563	0.050739988148574604	0.59	Rhodobacteraceae bacterium HTCC2150	Bacteria	Proteobacteria	Alphaproteobacteria	0.6246	0.171	553.0	DUF900	DUF900	True
AF-A3TTQ3-F1	0.10952130662164401	0.020506818664432998	-0.055226424889094454	0.527275	Pseudooceanicola batsensis HTCC2597	Bacteria	Proteobacteria	Alphaproteobacteria	0.5199	0.188	1032.0	DUF900	DUF900	True
AF-A3ZR67-F1	0.1478647923622777	-0.07448545924410262	0.13648992977341573	0.4103	Blastopirellula marina DSM 3645	Bacteria	Planctomycetota	Planctomycetia	0.5338	0.179	927.0	DUF900	DUF900	True
AF-A3ZTX3-F1	0.18961372245961342	-0.023364261222965192	-0.08837197965299638	0.60595	Blastopirellula marina DSM 3645	Bacteria	Planctomycetota	Planctomycetia	0.6482	0.168	654.0		No Pfam hit	True
AF-A4A484-F1	0.1764535738914885	-0.17573856061732532	0.18331845390729817	0.46075	Congregibacter litoralis KT71	Bacteria	Proteobacteria	Gammaproteobacteria	0.5523	0.152	1520.0	DUF900	DUF900	True
AF-A4T482-F1	-0.059399328461575196	0.21533609836527504	0.05495972808012019	0.38875	Mycolicibacterium gilvum PYR-GCK	Bacteria	Actinobacteria	Actinomycetia	0.3015	0.168	1993.0	Cutinase	Other α/β hydrolase (CL0028)	True
AF-A5CUI5-F1	-0.052186332994566716	0.24917446107609217	0.03979205860895736	0.3629	Clavibacter michiganensis subsp. michiganensis NCPPB 382	Bacteria	Actinobacteria	Actinomycetia	0.2909	0.123	2055.0	Cutinase	Other α/β hydrolase (CL0028)	True
AF-A6WW02-F1	0.2063104791364729	-0.0915531438776966	0.13924305502456094	0.532525	Brucella anthropi ATCC 49188	Bacteria	Proteobacteria	Alphaproteobacteria	0.6103	0.155	1058.0	DUF900;Abhydrolase_6	DUF900	True
AF-A7N0J4-F1	0.21452737469332855	-0.0738746969896161	-0.01678569906552978	0.65855	Vibrio campbellii CAIM 519 = NBRC 15631 = ATCC 25920	Bacteria	Proteobacteria	Gammaproteobacteria	0.6631	0.175	540.0	DUF900	DUF900	True
AF-A8DSV5-F1	-0.5329187261525026	-0.26213345358138046	-0.035656082310803444	0.15589999999999998	Haplochromis burtoni	Eukaryota	Chordata	Actinopteri	0.1898	0.125	2392.0	Peptidase_S10	Other α/β hydrolase (CL0028)	True
AF-A8TAZ0-F1	0.2357915340818688	-0.03663791871447883	-0.013343155899389884	0.6533	Vibrio sp. AND4	Bacteria	Proteobacteria	Gammaproteobacteria	0.6518	0.189	528.0	DUF900	DUF900	True
AF-A8WH57-F1	-0.5345212377157608	-0.26258287339094166	-0.03534167605443549	0.15525	Xenopus laevis	Eukaryota	Chordata	Amphibia	0.1901	0.087	2473.0	Peptidase_S10	Other α/β hydrolase (CL0028)	True
AF-A9A2E7-F1	0.1841726619826573	0.03169702304041245	-0.18371990847353428	0.80735	Nitrosopumilus maritimus SCM1	Archaea	Thaumarchaeota		0.7278	0.271	183.0	DUF900;DUF726	DUF900	True
AF-A9B888-F1	-0.21397552371665007	0.29635175100316186	0.2656671476830996	0.228275	Herpetosiphon aurantiacus DSM 785	Bacteria	Chloroflexi	Chloroflexia	0.2702	0.14	2770.0	Peripla_BP_6;Peripla_BP_5	Periplasmic binding protein (CL0144)	True
AF-A9CXD0-F1	0.1784025495378444	-0.12452737489457005	0.1502080010291522	0.500575	Hoeflea phototrophica DFL-43	Bacteria	Proteobacteria	Alphaproteobacteria	0.557	0.147	1264.0	DUF900;Abhydrolase_6	DUF900	True
AF-B0BYR5-F1	0.21301336791345013	-0.1071626302902172	0.033000515806868	0.5528	Acaryochloris marina MBIC11017	Bacteria	Cyanobacteria		0.5595	0.192	768.0	DUF900	DUF900	True
AF-B0PFD9-F1	-0.18880150703171414	0.2880502081897041	0.2815612133505831	0.1439	Anaerotruncus colihominis DSM 17241	Bacteria	Firmicutes	Clostridia	0.1569	0.123	2865.0	Peripla_BP_6;Peripla_BP_5;ANF_receptor	Periplasmic binding protein (CL0144)	True
AF-B1MHA4-F1	0.1527531515539503	0.005621115827512391	-0.21278842544513438	0.4815	Mycobacteroides abscessus ATCC 19977	Bacteria	Actinobacteria	Actinomycetia	0.467	0.099	1643.0		No Pfam hit	True
AF-B1WT43-F1	0.23750842625321258	-0.16152449356403759	0.06796045059211743	0.5565249999999999	Crocosphaera subtropica ATCC 51142	Bacteria	Cyanobacteria		0.6166	0.13	1076.0	DUF900	DUF900	True
AF-B2IC33-F1	0.17375434153387623	-0.0901298122029503	0.11204642410164349	0.535	Beijerinckia indica subsp. indica ATCC 9039	Bacteria	Proteobacteria	Alphaproteobacteria	0.6128	0.142	1185.0	DUF900;Abhydrolase_6	DUF900	True
AF-B3T9R0-F1	0.15078336804369827	0.02153678492440138	-0.13156954371652368	0.7280500000000001	uncultured marine crenarchaeote HF4000_APKG7F19	Archaea	Thaumarchaeota		0.6363	0.286	254.0	DUF900;DUF676;DUF726;Cutinase	DUF900	True
AF-B3V596-F1	0.17562525405230756	0.026371637314519705	-0.16894206070307252	0.78875	uncultured marine crenarchaeote KM3-47-D6	Archaea	Thaumarchaeota		0.7138	0.272	199.0	DUF900;DUF726	DUF900	True
AF-B4F3A2-F1	-0.15792303624211637	0.24825783881055122	0.07252895811011113	0.233975	Prescottella equi	Bacteria	Actinobacteria	Actinomycetia	0.3285	0.19	2019.0	Cutinase	Other α/β hydrolase (CL0028)	True
AF-B5ESR2-F1	0.20779576148740464	-0.10836114964871635	0.03632202939753145	0.598775	Aliivibrio fischeri MJ11	Bacteria	Proteobacteria	Gammaproteobacteria	0.648	0.148	558.0	DUF900	DUF900	True
AF-B6B0C0-F1	0.22150957699860707	-0.07810394258278232	0.04097342858006437	0.6387	Rhodobacteraceae bacterium HTCC2083	Bacteria	Proteobacteria	Alphaproteobacteria	0.6583	0.169	408.0	DUF900	DUF900	True
AF-B6BDP1-F1	0.18557548392363335	-0.11649811534743064	0.13620122261547823	0.486575	Rhodobacterales bacterium Y4I	Bacteria	Proteobacteria	Alphaproteobacteria	0.5934	0.158	842.0	Pentapeptide;Pentapeptide_3;DUF900	DUF900	True
AF-B6HSJ7-F1	-0.14270062232950886	0.15532116685233746	-0.16784638962096018	0.38055	Penicillium rubens Wisconsin 54-1255	Eukaryota	Ascomycota	Eurotiomycetes	0.3914	0.128	1947.0		No Pfam hit	True
AF-B8ELL6-F1	0.18643061344445647	-0.11800009357513389	0.17051265561566564	0.47775	Methylocella silvestris BL2	Bacteria	Proteobacteria	Alphaproteobacteria	0.5359	0.156	1327.0	DUF900;Abhydrolase_6	DUF900	True
AF-B8KIQ9-F1	0.17480637741523003	-0.1829765915139382	0.17540884807400767	0.46165	gamma proteobacterium NOR5-3	Bacteria	Proteobacteria	Gammaproteobacteria	0.5402	0.168	1269.0	DUF900	DUF900	True
AF-B8KXS0-F1	0.16589216765600642	-0.19662908730736034	0.19963111690009508	0.480475	Luminiphilus syltensis NOR5-1B	Bacteria	Proteobacteria	Gammaproteobacteria	0.5554	0.15	1472.0	DUF900	DUF900	True
AF-B9J8G5-F1	0.15640407032341783	-0.10204483048514362	0.16044838865990083	0.46795	Agrobacterium radiobacter K84	Bacteria	Proteobacteria	Alphaproteobacteria	0.5308	0.166	1458.0	DUF900;Abhydrolase_6	DUF900	True
AF-B9LWQ7-F1	0.12897307725838994	0.043847923606078774	-0.16382132994633863	0.6759000000000001	Halorubrum lacusprofundi ATCC 49239	Archaea	Euryarchaeota	Halobacteria	0.6936	0.259	321.0	DUF900;DUF726	DUF900	True
AF-C1MNW6-F1	-0.13296453217363263	0.24423651460629375	0.12512770709096085	0.19167499999999998	Micromonas pusilla CCMP1545	Eukaryota	Chlorophyta	Mamiellophyceae	0.1988	0.163	2696.0	Glyco_transf_7N;Glyco_transf_7C	Other Pfam	True
AF-C2FYE9-F1	0.1256104679482492	0.01123468936557839	-0.04648126454606698	0.47385	Sphingobacterium spiritivorum ATCC 33300	Bacteria	Bacteroidota	Sphingobacteriia	0.5097	0.169	1331.0	DUF900	DUF900	True
AF-C3KL46-F1	0.1579333529585391	-0.15640476587620633	0.20212046519592847	0.474025	Sinorhizobium fredii NGR234	Bacteria	Proteobacteria	Alphaproteobacteria	0.5959	0.139	1280.0	DUF900	DUF900	True
AF-C3YSQ9-F1	-0.5364344424492021	-0.249067730516953	-0.03359958176671036	0.13189	Branchiostoma floridae	Eukaryota	Chordata	Leptocardii	0.1755	0.094	2634.0	Peptidase_S10	Other α/β hydrolase (CL0028)	True
AF-C4WIH9-F1	0.20313115743677154	-0.10094435693476116	0.14396523088418928	0.53745	Brucella intermedia LMG 3301	Bacteria	Proteobacteria	Alphaproteobacteria	0.6254	0.156	954.0	DUF900;Abhydrolase_6	DUF900	True
AF-C5DDR1-F1	-0.15324088675987763	0.12116499924735201	0.03179779308005971	0.298575	Lachancea thermotolerans CBS 6340	Eukaryota	Ascomycota	Saccharomycetes	0.3559	0.152	1863.0	DUF676	DUF676	True
AF-C5DXJ4-F1	-0.1638638265545111	0.12439978909646263	0.03669822671597854	0.2867	Zygosaccharomyces rouxii CBS 732	Eukaryota	Ascomycota	Saccharomycetes	0.3606	0.139	1856.0	DUF676	DUF676	True
AF-C6BZ67-F1	0.22184793695420063	-0.07846185284942168	-0.00991165768234139	0.6144000000000001	Maridesulfovibrio salexigens DSM 2638	Bacteria	Proteobacteria	Deltaproteobacteria	0.6382	0.166	736.0	DUF900	DUF900	True
AF-C7MZN2-F1	-0.11721609145801892	0.1730920930287925	-0.0004879404164177379	0.322675	Saccharomonospora viridis DSM 43017	Bacteria	Actinobacteria	Actinomycetia	0.344	0.121	2255.0	PE-PPE;Cutinase	Other α/β hydrolase (CL0028)	True
AF-C7PYU9-F1	-0.10368458682537285	0.20937212492083018	0.15599419731449102	0.20029999999999998	Catenulispora acidiphila DSM 44928	Bacteria	Actinobacteria	Actinomycetia	0.2193	0.101	2745.0	FMN_red	Other Pfam	True
AF-C7QHH5-F1	0.13170886107112892	0.07470279245639587	-0.2606937372502001	0.56785	Catenulispora acidiphila DSM 44928	Bacteria	Actinobacteria	Actinomycetia	0.63	0.14	771.0		No Pfam hit	True
AF-C8S4W9-F1	0.2002394731212481	-0.09921685039131674	0.05172239497833422	0.5904499999999999	Rhodobacter sp. SW2	Bacteria	Proteobacteria	Alphaproteobacteria	0.6172	0.17	552.0	DUF900	DUF900	True
AF-D0LFD8-F1	-0.18054819129917643	0.24467289475148635	0.08308227102277754	0.195875	Gordonia bronchialis DSM 43247	Bacteria	Actinobacteria	Actinomycetia	0.2499	0.154	2309.0	Cutinase	Other α/β hydrolase (CL0028)	True
AF-D2QXN3-F1	0.20644539896924494	-0.03407192740192711	-0.0819358103147747	0.533725	Pirellula staleyi DSM 6068	Bacteria	Planctomycetota	Planctomycetia	0.6037	0.163	943.0		No Pfam hit	True
AF-D3RST6-F1	0.1814314155886096	-0.17931574166711595	0.19794457349339284	0.4568	Allochromatium vinosum DSM 180	Bacteria	Proteobacteria	Gammaproteobacteria	0.5408	0.14	1473.0	DUF900	DUF900	True
AF-D5EPC2-F1	0.15993201453777148	-0.18664555391792859	0.19152679969041325	0.44165	Coraliomargarita akajimensis DSM 45221	Bacteria	Verrucomicrobia	Opitutae	0.5165	0.136	1582.0	DUF900	DUF900	True
AF-D5UXM3-F1	-0.03340829304443048	0.24703660583898124	0.03942432243253717	0.39949999999999997	Tsukamurella paurometabola DSM 20162	Bacteria	Actinobacteria	Actinomycetia	0.3816	0.101	1957.0	Cutinase	Other α/β hydrolase (CL0028)	True
AF-D5VKS8-F1	0.22730831868171897	-0.16679382491202763	0.08771919382665423	0.56335	Caulobacter segnis ATCC 21756	Bacteria	Proteobacteria	Alphaproteobacteria	0.588	0.206	724.0	DUF900;Abhydrolase_6	DUF900	True
AF-D7CH41-F1	-0.15718953970796185	0.3024597592279026	0.28024175935674067	0.147295	Streptomyces bingchenggensis BCW-1	Bacteria	Actinobacteria	Actinomycetia	0.1948	0.151	2801.0	Pkinase;PK_Tyr_Ser-Thr;Peripla_BP_6;ANF_receptor	Periplasmic binding protein (CL0144)	True
AF-D7EHX7-F1	-0.5486575510728199	-0.24059222346507758	-0.05430400961579356	0.20095000000000002	Tribolium castaneum	Eukaryota	Arthropoda	Insecta	0.2503	0.091	2735.0	Peptidase_S10	Other α/β hydrolase (CL0028)	True
AF-D7VPL8-F1	0.1250232093833646	-0.001055803342611426	-0.04189826686045801	0.4714	Sphingobacterium spiritivorum ATCC 33861	Bacteria	Bacteroidota	Sphingobacteriia	0.5069	0.149	1304.0	DUF900	DUF900	True
AF-D8R6P5-F1	-0.5485253729660241	-0.21538055319774635	-0.059557489925768904	0.160725	Selaginella moellendorffii	Eukaryota	Streptophyta	Lycopodiopsida	0.1843	0.058	2573.0	Peptidase_S10	Other α/β hydrolase (CL0028)	True
AF-D8RBI1-F1	0.1512164541512408	-0.07004432392056842	0.13700982224562125	0.41915	Selaginella moellendorffii	Eukaryota	Streptophyta	Lycopodiopsida	0.5829	0.168	1092.0	DUF900	DUF900	True
AF-D8RY54-F1	0.15025959282080611	-0.08694587750469236	0.1790463551174373	0.3937	Selaginella moellendorffii	Eukaryota	Streptophyta	Lycopodiopsida	0.5152	0.145	1560.0	DUF900	DUF900	True
AF-D8S491-F1	-0.5508214062321435	-0.21170319404473195	-0.0599690090542603	0.16085	Selaginella moellendorffii	Eukaryota	Streptophyta	Lycopodiopsida	0.1846	0.05	2678.0	Peptidase_S10	Other α/β hydrolase (CL0028)	True
AF-D8SGB0-F1	-0.5222058522288264	-0.21347241128985528	-0.047645516652590245	0.19135000000000002	Selaginella moellendorffii	Eukaryota	Streptophyta	Lycopodiopsida	0.2328	0.095	2719.0	Peptidase_S10	Other α/β hydrolase (CL0028)	True
AF-D9I5P0-F1	-0.16162765403859886	0.24314016978824204	0.06772204629615525	0.24125	Prescottella equi	Bacteria	Actinobacteria	Actinomycetia	0.3283	0.186	2011.0	Cutinase	Other α/β hydrolase (CL0028)	True
AF-E0RZX4-F1	-0.16321612118385434	0.19177703060903345	0.12665349872957182	0.11199500000000001	Butyrivibrio proteoclasticus B316	Bacteria	Firmicutes	Clostridia	0.1336	0.132	2820.0	Phosphonate-bd	Other Pfam	True
AF-E0TGN9-F1	0.18408205467324457	-0.123687156402908	0.11574638077464787	0.42812500000000003	Parvularcula bermudensis HTCC2503	Bacteria	Proteobacteria	Alphaproteobacteria	0.5558	0.126	1143.0	DUF900;Abhydrolase_6	DUF900	True
AF-E0VE50-F1	-0.5502072436805437	-0.23001457114454837	-0.08400673387035111	0.1459	Pediculus humanus corporis	Eukaryota	Arthropoda	Insecta	0.183	0.098	2484.0	Peptidase_S10	Other α/β hydrolase (CL0028)	True
AF-E3RZI3-F1	-0.15553340649213057	0.1285047106698719	-0.13539244856773436	0.32747499999999996	Pyrenophora teres f. teres 0-1	Eukaryota	Ascomycota	Dothideomycetes	0.4395	0.135	2035.0	PGAP1;DUF676;NPHP3_N	DUF676	True
AF-E4YQD4-F1	-0.0772179244646523	0.08740347628864098	0.05860537193518673	0.3226	Oikopleura dioica	Eukaryota	Chordata	Appendicularia	0.378	0.221	1547.0	Lipase	Other α/β hydrolase (CL0028)	True
AF-E6TNK1-F1	-0.07235079733047661	0.22855990517711552	0.050809611364326164	0.39592499999999997	Mycolicibacterium gilvum Spyr1	Bacteria	Actinobacteria	Actinomycetia	0.3705	0.137	1883.0	Cutinase	Other α/β hydrolase (CL0028)	True
AF-E7QRC8-F1	0.18223248189944913	0.03848645930838658	-0.1753322025195355	0.87335	Haladaptatus paucihalophilus DX253	Archaea	Euryarchaeota	Halobacteria	0.8858	0.439	46.0	DUF900	DUF900	True
AF-E7QRC9-F1	0.17747687658217118	0.037738112698898235	-0.1729497752795293	0.8906000000000001	Haladaptatus paucihalophilus DX253	Archaea	Euryarchaeota	Halobacteria	0.8841	0.588	37.0		No Pfam hit	True
AF-E7QUV3-F1	0.1682997164595191	0.03671555716724779	-0.16838582304051708	0.764	Haladaptatus paucihalophilus DX253	Archaea	Euryarchaeota	Halobacteria	0.7776	0.343	86.0	DUF726	DUF726	True
AF-F0NZ59-F1	0.11997238591785876	-0.010074908304187133	-0.054909687253862804	0.49160000000000004	Weeksella virosa DSM 16922	Bacteria	Bacteroidota	Flavobacteriia	0.5064	0.136	1412.0	DUF900	DUF900	True
AF-F0SFZ4-F1	0.1971395141721652	-0.048988032841888025	-0.08426483033171217	0.580325	Rubinisphaera brasiliensis DSM 5305	Bacteria	Planctomycetota	Planctomycetia	0.639	0.16	465.0		No Pfam hit	True
AF-F1MX68-F1	-0.5591780762787132	-0.30233270372113547	-0.030355511912813684	0.1635	Bos taurus	Eukaryota	Chordata	Mammalia	0.1768	0.116	2675.0	Peptidase_S10	Other α/β hydrolase (CL0028)	True
AF-F2B0W4-F1	0.16053439096226693	-0.002208878609882166	-0.1036149722335593	0.5324249999999999	Rhodopirellula baltica WH47	Bacteria	Planctomycetota	Planctomycetia	0.6489	0.156	393.0		No Pfam hit	True
AF-F2D3N4-F1	-0.27693937071010677	0.0513896239887064	-0.009365232175261804	0.220975	Hordeum vulgare subsp. vulgare	Eukaryota	Streptophyta	Magnoliopsida	0.233	0.121	2616.0	DUF1350	Other α/β hydrolase (CL0028)	True
AF-F3KJK7-F1	0.079513768584256	0.09213966772195835	-0.1109711369384413	0.549175	Candidatus Nitrosarchaeum limnium SFB1	Archaea	Thaumarchaeota		0.4354	0.277	843.0	DUF900	DUF900	True
AF-F4Q878-F1	-0.11480462782928413	0.18466216237805194	0.05243527244507756	0.1674	Cavenderia fasciculata SH3	Eukaryota	Evosea	Eumycetozoa	0.2354	0.095	2363.0	BP74_N;DDHD	Other Pfam	True
AF-F4XMS6-F1	-0.16719697807706843	0.1378637961607335	-0.13394805359824136	0.39890000000000003	Moorena producens 3L	Bacteria	Cyanobacteria		0.3092	0.109	2248.0	PGAP1	Other α/β hydrolase (CL0028)	True
AF-F7XDW1-F1	0.16294243171473968	-0.1742032946212921	0.2179451001289965	0.46482500000000004	Sinorhizobium meliloti SM11	Bacteria	Proteobacteria	Alphaproteobacteria	0.521	0.135	1454.0	DUF900	DUF900	True
AF-F7YEK5-F1	-0.08468594445244294	0.04388855452345804	-0.00612541968339965	0.34104999999999996	Mesorhizobium opportunistum WSM2075	Bacteria	Proteobacteria	Alphaproteobacteria	0.3574	0.139	2083.0		No Pfam hit	True
AF-F8UH34-F1	0.15773339147047918	-0.18697256258782122	0.2275877267022197	0.397125	uncultured microorganism	Metagenome (unassigned)			0.5575	0.148	1465.0	DUF900	DUF900	True
AF-F9CX96-F1	0.159287745781325	0.03427010797085402	-0.1383007885127159	0.7086	Nitrosarchaeum koreense MY1	Archaea	Thaumarchaeota		0.6337	0.281	263.0	DUF900;DUF726	DUF900	True
AF-F9F0T5-F1	-0.1366086708371022	0.15322930665406026	-0.11949568812258735	0.32689999999999997	Fusarium oxysporum f. sp. conglutinans Fo5176	Eukaryota	Ascomycota	Sordariomycetes	0.4797	0.13	1705.0	NB-ARC;TPR_10;TPR_12;TPR_7	P-loop NTPase (CL0023)	True
AF-F9U955-F1	0.1693088808619984	-0.18883029919833513	0.20613103540120528	0.47375	Thiocapsa marina 5811	Bacteria	Proteobacteria	Gammaproteobacteria	0.5712	0.139	1438.0	DUF900	DUF900	True
AF-F9VZD5-F1	-0.17597582859964675	0.23834762707926552	0.08855876509284234	0.27585	Gordonia alkanivorans NBRC 16433	Bacteria	Actinobacteria	Actinomycetia	0.2312	0.172	2318.0	Cutinase	Other α/β hydrolase (CL0028)	True
AF-G0HXH4-F1	0.16744316873044385	-0.008559567260827943	-0.16839568952676479	0.795075	Haloarcula hispanica ATCC 33960	Archaea	Euryarchaeota	Halobacteria	0.7841	0.326	75.0	DUF900;DUF726	DUF900	True
AF-G0I0G7-F1	0.13128093011058373	0.03878422970814611	-0.15940036069776375	0.70825	Haloarcula hispanica ATCC 33960	Archaea	Euryarchaeota	Halobacteria	0.6977	0.255	326.0	DUF726;DUF900	DUF900	True
AF-G0S0K6-F1	-0.18391184904515376	0.09061958928090863	-0.10471746277571041	0.3862	Thermochaetoides thermophila DSM 1495	Eukaryota	Ascomycota	Sordariomycetes	0.4476	0.121	2076.0	NPHP3_N	P-loop NTPase (CL0023)	True
AF-G3NZP4-F1	-0.527397461380591	-0.2578794394429398	-0.03101336477889626	0.197525	Gasterosteus aculeatus	Eukaryota	Chordata	Actinopteri	0.2286	0.105	2527.0	Peptidase_S10	Other α/β hydrolase (CL0028)	True
AF-G3NZR7-F1	-0.5317600849646635	-0.25721264027291724	-0.04581174959245623	0.1551	Gasterosteus aculeatus	Eukaryota	Chordata	Actinopteri	0.229	0.111	2672.0	Peptidase_S10	Other α/β hydrolase (CL0028)	True
AF-G3NZS5-F1	-0.5292308161121617	-0.2607580343396173	-0.03604524049045129	0.186525	Gasterosteus aculeatus	Eukaryota	Chordata	Actinopteri	0.2328	0.111	2507.0	Peptidase_S10	Other α/β hydrolase (CL0028)	True
AF-G3NZS7-F1	-0.523905531177523	-0.26777799681002384	-0.02504733184095795	0.1941	Gasterosteus aculeatus	Eukaryota	Chordata	Actinopteri	0.2382	0.113	2462.0	Peptidase_S10	Other α/β hydrolase (CL0028)	True
AF-G4NFB6-F1	-0.09090737388069696	0.2649008231929213	0.027289582854476063	0.265025	Pyricularia oryzae 70-15	Eukaryota	Ascomycota	Sordariomycetes	0.2878	0.147	2234.0	Cutinase	Other α/β hydrolase (CL0028)	True
AF-G4T7X2-F1	-0.1911305011794019	0.10150679388663526	-0.13496765926025775	0.315975	Serendipita indica DSM 11827	Eukaryota	Basidiomycota	Agaricomycetes	0.4645	0.131	1845.0	DUF676;TPR_10;TPR_12	DUF676	True
AF-G7GUG9-F1	-0.07263161729965191	0.24206788229905055	0.03471195189735184	0.409575	Gordonia amarae NBRC 15530	Bacteria	Actinobacteria	Actinomycetia	0.3855	0.109	1851.0	Cutinase	Other α/β hydrolase (CL0028)	True
AF-G7H420-F1	-0.04387320165164609	0.21938728820513667	0.05536339510105615	0.448025	Gordonia araii NBRC 100433	Bacteria	Actinobacteria	Actinomycetia	0.4151	0.116	1771.0	Cutinase	Other α/β hydrolase (CL0028)	True
AF-G8JQP7-F1	-0.14890324284842202	0.10605061468059981	0.04722502988294228	0.286875	Eremothecium cymbalariae DBVPG#7215	Eukaryota	Ascomycota	Saccharomycetes	0.3556	0.116	1843.0	DUF676;Palm_thioest	DUF676	True
AF-G8JYV1-F1	-0.17638959134407511	0.2717106881035981	0.08076722893304085	0.19625	Rhodococcus fascians D188	Bacteria	Actinobacteria	Actinomycetia	0.1948	0.147	2425.0	Cutinase	Other α/β hydrolase (CL0028)	True
AF-G8ZRJ4-F1	-0.17562382291492218	0.13258277718207573	0.04210001752402471	0.2734	Torulaspora delbrueckii CBS 1146	Eukaryota	Ascomycota	Saccharomycetes	0.3657	0.135	1939.0	DUF676	DUF676	True
AF-G9A4C6-F1	0.17176373624526467	-0.168785065914158	0.19367172047455417	0.5099	Sinorhizobium fredii HH103	Bacteria	Proteobacteria	Alphaproteobacteria	0.6103	0.151	1075.0	DUF900	DUF900	True
AF-H0A830-F1	0.23839725686961163	-0.11763011286663147	0.12515975329733278	0.519325	Acetobacteraceae bacterium AT-5844	Bacteria	Proteobacteria	Alphaproteobacteria	0.5796	0.2	982.0	DUF900;Abhydrolase_6	DUF900	True
AF-H0F3R3-F1	0.16759587883225371	-0.18669730807058782	0.2309233072450888	0.45859999999999995	Achromobacter arsenitoxydans SY8	Bacteria	Proteobacteria	Betaproteobacteria	0.5479	0.119	1488.0	DUF900	DUF900	True
AF-H0JUB3-F1	-0.16144505932602649	0.2558842657088538	0.06883536809760174	0.2652	Rhodococcus pyridinivorans AK37	Bacteria	Actinobacteria	Actinomycetia	0.3528	0.132	2063.0	Cutinase	Other α/β hydrolase (CL0028)	True
AF-H1UVU9-F1	-0.09026600563824604	0.08504183397856042	-0.05597425976670655	0.3382	Colletotrichum higginsianum IMI 349063	Eukaryota	Ascomycota	Sordariomycetes	0.3013	0.106	2636.0	FSH1;Abhydrolase_2	Other α/β hydrolase (CL0028)	True
AF-H1VJI9-F1	-0.1661250366040412	0.13905820932995577	-0.10356930291154216	0.27335	Colletotrichum higginsianum IMI 349063	Eukaryota	Ascomycota	Sordariomycetes	0.3914	0.122	2292.0	Abhydrolase_6;NPHP3_N;NACHT;WHD_GPIID	Other α/β hydrolase (CL0028)	True
AF-H2LTG8-F1	-0.5263810006058381	-0.2644334766599324	-0.03297777013637	0.20377499999999998	Oryzias latipes	Eukaryota	Chordata	Actinopteri	0.2569	0.133	2511.0	Peptidase_S10	Other α/β hydrolase (CL0028)	True
AF-H2LTG9-F1	-0.5261048180627094	-0.2701769739406649	-0.024067557736836723	0.202825	Oryzias latipes	Eukaryota	Chordata	Actinopteri	0.2501	0.137	2487.0	Peptidase_S10	Other α/β hydrolase (CL0028)	True
AF-H2PKQ5-F1	-0.2526043525710622	0.1983683760050364	0.07211598313114205	0.0961225	Pongo abelii	Eukaryota	Chordata	Mammalia	0.405	0.116	2216.0		No Pfam hit	True
AF-H2Y8N8-F1	-0.018899104935624522	0.1143399400452912	0.06658499967784237	0.27955	Ciona savignyi	Eukaryota	Chordata	Ascidiacea	0.4203	0.07	2146.0	IP_trans;DDHD;PITM1-3;LNS2_PITM1-3	Other Pfam	True
AF-H5XN51-F1	-0.11541329885127156	0.18851394171455296	8.019902042698765e-05	0.33999999999999997	Saccharomonospora cyanea NA-134	Bacteria	Actinobacteria	Actinomycetia	0.3532	0.134	2099.0	Cutinase;PE-PPE	Other α/β hydrolase (CL0028)	True
AF-H6MTJ7-F1	-0.1483571633786228	0.24667191955432258	0.051461183750739735	0.23347500000000002	Gordonia polyisoprenivorans VH2	Bacteria	Actinobacteria	Actinomycetia	0.2768	0.133	2416.0	Cutinase	Other α/β hydrolase (CL0028)	True
AF-H8GFA3-F1	-0.11238679222299908	0.1855840039134492	0.014521717936032037	0.324925	Saccharomonospora azurea NA-128	Bacteria	Actinobacteria	Actinomycetia	0.3668	0.126	2164.0	PE-PPE;Cutinase	Other α/β hydrolase (CL0028)	True
AF-H8YW71-F1	0.17082634801739094	-0.1828617187685882	0.2058962407296769	0.4727	Thiorhodovibrio sp. 970	Bacteria	Proteobacteria	Gammaproteobacteria	0.5788	0.13	1330.0	DUF900	DUF900	True
AF-H8YYM7-F1	0.18260337508838487	-0.1732327018887185	0.20428230830875252	0.48095	Thiorhodovibrio sp. 970	Bacteria	Proteobacteria	Gammaproteobacteria	0.5768	0.137	1416.0	DUF900	DUF900	True
AF-H9GCB0-F1	-0.5271831770778521	-0.25928743060631615	-0.035971551272934554	0.19572499999999998	Anolis carolinensis	Eukaryota	Chordata	Lepidosauria	0.2455	0.115	2554.0	Peptidase_S10	Other α/β hydrolase (CL0028)	True
AF-I0V4G3-F1	-0.10940106293957716	0.17700678983092596	-0.003525557764243842	0.365875	Saccharomonospora xinjiangensis XJ-54	Bacteria	Actinobacteria	Actinomycetia	0.368	0.141	1924.0	Cutinase;PE-PPE	Other α/β hydrolase (CL0028)	True
AF-I1D6E6-F1	-0.1307355056595285	0.17782729319392496	0.030102402417056497	0.2898	Saccharomonospora glauca K62	Bacteria	Actinobacteria	Actinomycetia	0.3497	0.124	2202.0	PE-PPE;Cutinase	Other α/β hydrolase (CL0028)	True
AF-I2ADP0-F1	-0.06566571196433475	0.24613101727950049	0.04383575702792932	0.398775	Mycobacterium sp. MOTT36Y	Bacteria	Actinobacteria	Actinomycetia	0.4263	0.129	1720.0	Cutinase	Other α/β hydrolase (CL0028)	True
AF-I3D2F8-F1	0.1839859076775525	0.044620239289668635	-0.1691980766057861	0.811175	Candidatus Nitrosopumilus salaria BD31	Archaea	Thaumarchaeota		0.7522	0.272	163.0	DUF900;DUF726	DUF900	True
AF-I3R2Q4-F1	0.18364011511680578	0.03085015352303501	-0.1873869396061828	0.9147	Haloferax mediterranei ATCC 33500	Archaea	Euryarchaeota	Halobacteria	0.9145	0.751	15.0	DUF900	DUF900	True
AF-I3X8T7-F1	0.1708948508585188	-0.16609890603556618	0.19949840475915334	0.41685	Sinorhizobium fredii USDA 257	Bacteria	Proteobacteria	Alphaproteobacteria	0.4599	0.192	1407.0	DUF900	DUF900	True
AF-I3Y6H9-F1	0.13022762784978326	-0.1882771974058345	0.18736664188863725	0.40542500000000004	Thiocystis violascens DSM 198	Bacteria	Proteobacteria	Gammaproteobacteria	0.4509	0.212	1499.0	DUF900	DUF900	True
AF-I3YFC2-F1	0.16824273547088212	0.022730254948749917	-0.08058399850107888	0.633375	Thiocystis violascens DSM 198	Bacteria	Proteobacteria	Gammaproteobacteria	0.6083	0.222	410.0	DUF900	DUF900	True
AF-I4BRC3-F1	-0.06237356774340914	0.23992732676323286	0.05598944640460903	0.3181	Mycolicibacterium chubuense NBB4	Bacteria	Actinobacteria	Actinomycetia	0.2953	0.178	2056.0	Cutinase	Other α/β hydrolase (CL0028)	True
AF-I4G754-F1	0.2330390162088818	-0.14935446832138358	0.06370871850456127	0.604375	Microcystis aeruginosa PCC 9443	Bacteria	Cyanobacteria		0.6573	0.138	829.0	DUF900	DUF900	True
AF-I7MLQ0-F1	0.02028648240026746	0.017912662382365042	-0.09379531486115218	0.4104	Tetrahymena thermophila SB210	Eukaryota	Ciliophora	Oligohymenophorea	0.5901	0.167	583.0	DUF726	DUF726	True
AF-J3A527-F1	0.18289039953036793	0.03858971595208375	-0.17088072024478115	0.8913	Halogranum salarium B-1	Archaea	Euryarchaeota	Halobacteria	0.8973	0.623	35.0		No Pfam hit	True
AF-J3AAI0-F1	0.24155317958679767	-0.15174260907759549	0.0911668265761065	0.598125	Caulobacter sp. AP07	Bacteria	Proteobacteria	Alphaproteobacteria	0.6811	0.176	689.0	DUF900;Abhydrolase_6	DUF900	True
AF-J3JX36-F1	-0.5463235781673625	-0.2511063148763222	-0.04243786343356752	0.221175	Dendroctonus ponderosae	Eukaryota	Arthropoda	Insecta	0.2656	0.132	2577.0	Peptidase_S10	Other α/β hydrolase (CL0028)	True
AF-J4UGL2-F1	-0.14969171286864627	0.13141850804519753	-0.10833376925331287	0.302825	Beauveria bassiana ARSEF 2860	Eukaryota	Ascomycota	Sordariomycetes	0.4445	0.129	1980.0	NPHP3_N;NACHT;DUF7104	P-loop NTPase (CL0023)	True
AF-J4VR73-F1	-0.17062691572369196	0.14032228300439742	-0.12796977841974483	0.3099	Beauveria bassiana ARSEF 2860	Eukaryota	Ascomycota	Sordariomycetes	0.4088	0.141	2185.0	NPHP3_N;NACHT	P-loop NTPase (CL0023)	True
AF-J7Q9A0-F1	-0.09606218973375116	0.031181611715350933	-0.04468233062665774	0.307725	Methylocystis sp. SC2	Bacteria	Proteobacteria	Alphaproteobacteria	0.4194	0.142	1647.0		No Pfam hit	True
AF-J7QJB4-F1	0.15025612296248117	-0.09715032060563222	0.11119144668356837	0.511825	Methylocystis sp. SC2	Bacteria	Proteobacteria	Alphaproteobacteria	0.5821	0.134	1094.0	DUF900	DUF900	True
AF-K0B968-F1	0.19251327144530958	0.05100543049161909	-0.17729979680026506	0.7956500000000001	Candidatus Nitrosopumilus koreensis AR1	Archaea	Thaumarchaeota		0.7397	0.272	117.0	DUF900;DUF676;DUF726	DUF900	True
AF-K0BD28-F1	0.18210461055922897	0.0283084034426583	-0.17576079130590339	0.8045	Candidatus Nitrosopumilus sediminis	Archaea	Thaumarchaeota		0.7468	0.269	136.0	DUF900;DUF726	DUF900	True
AF-K0PS81-F1	0.2079366192857368	-0.10179602368144759	0.030750761401498607	0.578825	Rhizobium mesoamericanum STM3625	Bacteria	Proteobacteria	Alphaproteobacteria	0.5933	0.157	688.0	DUF900;Abhydrolase_6	DUF900	True
AF-K0UR71-F1	-0.06270551111420354	0.24385976044171015	0.04678972009173518	0.40105	Mycolicibacterium vaccae ATCC 25954	Bacteria	Actinobacteria	Actinomycetia	0.3811	0.131	1831.0	Cutinase	Other α/β hydrolase (CL0028)	True
AF-K0USV1-F1	-0.13374874088226535	0.11921449763394638	0.04430917508012208	0.292475	Mycolicibacterium vaccae ATCC 25954	Bacteria	Actinobacteria	Actinomycetia	0.3508	0.147	2235.0	PE-PPE	Other α/β hydrolase (CL0028)	True
AF-K0UXP9-F1	-0.06311103127950157	0.23614160111393256	0.04286217596053108	0.45782500000000004	Mycolicibacterium vaccae ATCC 25954	Bacteria	Actinobacteria	Actinomycetia	0.4241	0.149	1758.0	Cutinase	Other α/β hydrolase (CL0028)	True
AF-K0VAQ7-F1	-0.07461433507859627	0.24521403065849218	0.04451464999140658	0.43732499999999996	Mycolicibacterium fortuitum subsp. fortuitum DSM 46621 = ATCC 6841 = JCM 6387	Bacteria	Actinobacteria	Actinomycetia	0.404	0.153	1786.0	Cutinase	Other α/β hydrolase (CL0028)	True
AF-K4QW30-F1	-0.17506219574510828	0.26074277474250057	0.27631945432053107	0.1543	Streptomyces davaonensis JCM 4913	Bacteria	Actinobacteria	Actinomycetia	0.1784	0.106	2861.0	Pkinase;PK_Tyr_Ser-Thr;Peripla_BP_6	Periplasmic binding protein (CL0144)	True
AF-K5D3T4-F1	0.1617864190994697	-0.0004230716712617428	-0.11310509294903011	0.5385	Rhodopirellula baltica SH28	Bacteria	Planctomycetota	Planctomycetia	0.6509	0.159	505.0		No Pfam hit	True
AF-K5XEU9-F1	-0.14305683668907881	0.11860143530066594	0.02252436049742157	0.315	Agaricus bisporus var. burnettii JB137-S8	Eukaryota	Basidiomycota	Agaricomycetes	0.3503	0.135	1818.0	DUF676;Lipase_3	DUF676	True
AF-K6UXL1-F1	-0.161020402930967	0.25451779564069	0.07153164741361862	0.23922500000000002	Gordonia rhizosphera NBRC 16068	Bacteria	Actinobacteria	Actinomycetia	0.3055	0.119	2101.0	Cutinase	Other α/β hydrolase (CL0028)	True
AF-K6VW99-F1	-0.1478743575472583	0.22628223774228637	0.044450584250226306	0.2217	Gordonia namibiensis NBRC 108229	Bacteria	Actinobacteria	Actinomycetia	0.2727	0.124	2410.0	Cutinase	Other α/β hydrolase (CL0028)	True
AF-K9D970-F1	0.15647053180840198	-0.012596004282367224	-0.21202249381104424	0.48435	Sphingobium yanoikuyae ATCC 51230	Bacteria	Proteobacteria	Alphaproteobacteria	0.5759	0.081	1509.0		No Pfam hit	True
AF-K9FRI7-F1	-0.14279158526335806	0.1261323170774225	-0.1563426579635944	0.38782500000000003	Penicillium digitatum Pd1	Eukaryota	Ascomycota	Eurotiomycetes	0.4021	0.145	1985.0		No Pfam hit	True
AF-K9FWJ7-F1	-0.1398118891993991	0.12197963787161403	-0.14524226715349858	0.351	Penicillium digitatum PHI26	Eukaryota	Ascomycota	Eurotiomycetes	0.3687	0.131	2123.0		No Pfam hit	True
AF-K9GRC5-F1	0.22295430328594815	-0.1572576542279371	0.09201577364994755	0.561925	Caenispirillum salinarum AK4	Bacteria	Proteobacteria	Alphaproteobacteria	0.5856	0.174	864.0	DUF900	DUF900	True
AF-L0IC65-F1	0.15747510034890375	0.0216710676934536	-0.15569945176633665	0.7603500000000001	Halovivax ruber XH-70	Archaea	Euryarchaeota	Halobacteria	0.7729	0.334	71.0	DUF900	DUF900	True
AF-L0J9N1-F1	-0.17411488302864286	0.24538934637817528	0.0928196391524005	0.17732499999999998	Mycobacterium sp. JS623	Bacteria	Actinobacteria	Actinomycetia	0.2048	0.107	2687.0	Cutinase	Other α/β hydrolase (CL0028)	True
AF-L5NX43-F1	0.18894196781176023	0.031243176919413727	-0.1713912666453567	0.9194	Haloferax sp. BAB-2207	Archaea	Euryarchaeota	Halobacteria	0.9193	0.703	29.0		No Pfam hit	True
AF-L7CAY2-F1	0.17037332268001737	-0.00782948157822741	-0.10005560073727177	0.5486	Rhodopirellula baltica SWK14	Bacteria	Planctomycetota	Planctomycetia	0.6242	0.157	580.0		No Pfam hit	True
AF-L7JB82-F1	-0.09033809624920017	0.2645232767130468	0.04648937814149895	0.279725	Pyricularia oryzae P131	Eukaryota	Ascomycota	Sordariomycetes	0.3714	0.127	2108.0	Cutinase	Other α/β hydrolase (CL0028)	True
AF-L7LCB6-F1	-0.05863620597960885	0.23403789721129456	0.051335330516209934	0.3996	Gordonia hirsuta DSM 44140 = NBRC 16056	Bacteria	Actinobacteria	Actinomycetia	0.3722	0.12	1824.0	Cutinase	Other α/β hydrolase (CL0028)	True
AF-L8DNV6-F1	-0.16788207546705827	0.25808532767261555	0.08984385100392155	0.177375	Rhodococcus sp. AW25M09	Bacteria	Actinobacteria	Actinomycetia	0.2113	0.14	2315.0	Cutinase	Other α/β hydrolase (CL0028)	True
AF-L8DV43-F1	-0.15776824309383844	0.240402850312481	0.07061757203894332	0.215975	Rhodococcus sp. AW25M09	Bacteria	Actinobacteria	Actinomycetia	0.2708	0.136	2167.0	Cutinase	Other α/β hydrolase (CL0028)	True
AF-L9WEY7-F1	0.09994915066201589	0.033910499512579594	-0.18186104415636306	0.6973	Natronorubrum tibetense GA33	Archaea	Euryarchaeota	Halobacteria	0.7115	0.25	229.0		No Pfam hit	True
AF-L9YW73-F1	0.11333518744682218	0.03230883415865247	-0.16856840717842506	0.6699999999999999	Natrinema gari JCM 14663	Archaea	Euryarchaeota	Halobacteria	0.6737	0.237	243.0		No Pfam hit	True
AF-M0A7N1-F1	0.13730012552471782	0.05206906209794302	-0.14814276842664342	0.6283500000000001	Natrialba hulunbeirensis JCM 10989	Archaea	Euryarchaeota	Halobacteria	0.6608	0.278	260.0		No Pfam hit	True
AF-M0B4A0-F1	0.13377200812321888	0.058879911616321265	-0.14726446597295156	0.59885	Natrialba chahannaoensis JCM 10990	Archaea	Euryarchaeota	Halobacteria	0.6423	0.277	290.0		No Pfam hit	True
AF-M0B9C6-F1	0.1536991053475458	0.031252650071825476	-0.1588093173452858	0.8000499999999999	Halovivax asiaticus JCM 14624	Archaea	Euryarchaeota	Halobacteria	0.7843	0.325	58.0	DUF900	DUF900	True
AF-M0DKL4-F1	0.1407490993818077	0.043384340256914025	-0.14350994790795418	0.6993	Halorubrum terrestre JCM 10247	Archaea	Euryarchaeota	Halobacteria	0.6567	0.278	284.0	DUF900;DUF726	DUF900	True
AF-M0DND4-F1	0.1300038514948618	0.013417276325994883	-0.16656575601615628	0.73105	Halorubrum tebenquichense DSM 14210	Archaea	Euryarchaeota	Halobacteria	0.7182	0.271	226.0	DUF900;DUF726	DUF900	True
AF-M0EE64-F1	0.15418933704160462	0.02971123595749551	-0.1426741111781777	0.75185	Halorubrum californiense DSM 19288	Archaea	Euryarchaeota	Halobacteria	0.6733	0.28	239.0	DUF726	DUF726	True
AF-M0EH49-F1	0.151545229576123	0.03634602968591953	-0.13788564150838475	0.7370000000000001	Halorubrum coriense DSM 10284	Archaea	Euryarchaeota	Halobacteria	0.6694	0.256	269.0	DUF726	DUF726	True
AF-M0EWG0-F1	0.140121724398602	0.04575734491948208	-0.1364630507832755	0.6992	Halorubrum distributum JCM 10118	Archaea	Euryarchaeota	Halobacteria	0.6284	0.285	289.0	DUF900;DUF726	DUF900	True
AF-M0F048-F1	0.13432521052558244	0.03024612489519067	-0.1409986398190809	0.7099	Halorubrum distributum JCM 9100	Archaea	Euryarchaeota	Halobacteria	0.6534	0.273	299.0	DUF900;DUF726	DUF900	True
AF-M0FJT4-F1	0.18564660407546035	0.03512439538510519	-0.1685339374156308	0.9356	Haloferax sp. ATCC BAA-646	Archaea	Euryarchaeota	Halobacteria	0.9354	0.7	16.0		No Pfam hit	True
AF-M0FRY2-F1	0.18233146284856921	0.042686114480469405	-0.16763917639175624	0.9334	Haloferax sp. ATCC BAA-644	Archaea	Euryarchaeota	Halobacteria	0.9333	0.7	23.0		No Pfam hit	True
AF-M0FS72-F1	0.12854593022296176	0.01610029115885505	-0.16290390943427518	0.728075	Halorubrum hochstenium ATCC 700873	Archaea	Euryarchaeota	Halobacteria	0.7056	0.265	256.0	DUF900;DUF726	DUF900	True
AF-M0G1X4-F1	0.18904749674348154	0.03371174602146136	-0.16458693004780447	0.9343	Haloferax sp. ATCC BAA-645	Archaea	Euryarchaeota	Halobacteria	0.9341	0.7	19.0		No Pfam hit	True
AF-M0GJN3-F1	0.18369475094554263	0.026037696803174457	-0.1816741926028541	0.9116	Haloferax lucentense DSM 14919	Archaea	Euryarchaeota	Halobacteria	0.9113	0.703	31.0		No Pfam hit	True
AF-M0GNP6-F1	0.1847037383371037	0.035013570091481684	-0.17791564075855643	0.9283	Haloferax prahovense DSM 18310	Archaea	Euryarchaeota	Halobacteria	0.9283	0.72	6.0		No Pfam hit	True
AF-M0HFN7-F1	0.19044006180443462	0.031173643933368793	-0.17415365535136254	0.9307	Haloferax gibbonsii ATCC 33959	Archaea	Euryarchaeota	Halobacteria	0.9305	0.724	12.0		No Pfam hit	True
AF-M0HUC4-F1	0.19969228583315676	0.011997100079829157	-0.1660882186957094	0.9309000000000001	Haloferax elongans ATCC BAA-1513	Archaea	Euryarchaeota	Halobacteria	0.9026	0.937	3.0	DUF900	DUF900	True
AF-M0I679-F1	0.19094792403223476	0.029459447543199853	-0.17925204138403647	0.9193	Haloferax alexandrinus JCM 10717	Archaea	Euryarchaeota	Halobacteria	0.9194	0.703	27.0		No Pfam hit	True
AF-M0I6U3-F1	0.19001219818102041	0.01624725369466021	-0.1760043046169818	0.9154	Haloferax mucosum ATCC BAA-1512	Archaea	Euryarchaeota	Halobacteria	0.9153	0.755	4.0		No Pfam hit	True
AF-M0JB42-F1	0.1407233396393402	0.028976219208308212	-0.13839024949427517	0.72595	Haloarcula vallismortis ATCC 29715	Archaea	Euryarchaeota	Halobacteria	0.7213	0.258	292.0	DUF726;DUF900	DUF900	True
AF-M0JQ37-F1	0.13117342850851915	0.024011942162330564	-0.16016836714332602	0.712175	Haloarcula californiae ATCC 33799	Archaea	Euryarchaeota	Halobacteria	0.7009	0.232	328.0	DUF900;DUF726	DUF900	True
AF-M0JSW2-F1	0.13609423181177077	0.025560282109777746	-0.1578070554630336	0.7108749999999999	Haloarcula sinaiiensis ATCC 33800	Archaea	Euryarchaeota	Halobacteria	0.6983	0.256	329.0	DUF900;DUF726	DUF900	True
AF-M0K7H4-F1	0.1594760200038635	-0.011797117347020358	-0.16922689686611125	0.794125	Haloarcula amylolytica JCM 13557	Archaea	Euryarchaeota	Halobacteria	0.7841	0.331	74.0	DUF900;DUF726	DUF900	True
AF-M0KAD2-F1	0.13743988582295694	0.021283316035745722	-0.1573325194341444	0.73015	Haloarcula amylolytica JCM 13557	Archaea	Euryarchaeota	Halobacteria	0.7123	0.262	305.0	DUF726;DUF900	DUF900	True
AF-M0L5V9-F1	0.12438890258870444	0.024570693992346022	-0.15324076340097392	0.7139249999999999	Haloarcula japonica DSM 6131	Archaea	Euryarchaeota	Halobacteria	0.6898	0.232	325.0	DUF726;DUF900	DUF900	True
AF-M0NQ21-F1	0.1565813668266057	0.06009953976029412	-0.1415102055343361	0.72445	Halorubrum lipolyticum DSM 21995	Archaea	Euryarchaeota	Halobacteria	0.6606	0.268	288.0	DUF900;DUF726	DUF900	True
AF-M0P5T9-F1	0.13305234659111587	0.04146478347823136	-0.14094406770207585	0.69465	Halorubrum litoreum JCM 13561	Archaea	Euryarchaeota	Halobacteria	0.6526	0.276	294.0	DUF900;DUF726	DUF900	True
AF-M0P7Z2-F1	0.11224678620897066	0.02955620888251665	-0.1769462535066576	0.6229750000000001	Halorubrum kocurii JCM 14978	Archaea	Euryarchaeota	Halobacteria	0.6788	0.253	318.0	DUF900;DUF726	DUF900	True
AF-M0PLF1-F1	0.10845511178116035	0.026141199590544704	-0.17795216745619882	0.6341749999999999	Halorubrum aidingense JCM 13560	Archaea	Euryarchaeota	Halobacteria	0.7128	0.237	249.0	DUF900;DUF726	DUF900	True
AF-M0PQK1-F1	0.13550548763364617	0.03306821466071424	-0.1455499555996485	0.70065	Halorubrum arcis JCM 13916	Archaea	Euryarchaeota	Halobacteria	0.6483	0.277	304.0	DUF900;DUF726	DUF900	True
AF-M2AMP5-F1	0.15861559792182933	-0.009716336043440257	-0.09693576138599569	0.5304	Rhodopirellula europaea 6C	Bacteria	Planctomycetota	Planctomycetia	0.6509	0.157	426.0		No Pfam hit	True
AF-M2ZCQ6-F1	-0.16213767731062764	0.2537446497302001	0.06791312068590093	0.262825	Rhodococcus ruber BKS 20-38	Bacteria	Actinobacteria	Actinomycetia	0.3398	0.125	2073.0	Cutinase;PE-PPE	Other α/β hydrolase (CL0028)	True
AF-M3UZQ9-F1	-0.052384932859462524	0.23064542875349597	0.03838748182972393	0.450475	Gordonia malaquae NBRC 108250	Bacteria	Actinobacteria	Actinomycetia	0.4134	0.125	1775.0	Cutinase	Other α/β hydrolase (CL0028)	True
AF-M4AHH5-F1	-0.523114784944435	-0.27087605844750606	-0.02022916713950556	0.15002500000000002	Xiphophorus maculatus	Eukaryota	Chordata	Actinopteri	0.1898	0.12	2346.0	Peptidase_S10	Other α/β hydrolase (CL0028)	True
AF-M5JQD7-F1	0.20898455374483896	-0.11447822805156331	0.16162456914496337	0.5433	Brucella intermedia M86	Bacteria	Proteobacteria	Alphaproteobacteria	0.6326	0.158	1068.0	DUF900;Abhydrolase_6	DUF900	True
AF-M5RS80-F1	0.2222135902193389	-0.030495768817642564	-0.08180896505363125	0.6335500000000001	Rhodopirellula maiorica SM1	Bacteria	Planctomycetota	Planctomycetia	0.6485	0.164	438.0		No Pfam hit	True
AF-M5S417-F1	0.1734410881323377	-0.01119585206396744	-0.10680645990663655	0.565275	Rhodopirellula europaea SH398	Bacteria	Planctomycetota	Planctomycetia	0.6515	0.151	447.0		No Pfam hit	True
AF-M5T9M5-F1	0.18416223603358867	-0.0018230041961404186	-0.12112777277033164	0.5976	Rhodopirellula sp. SWK7	Bacteria	Planctomycetota	Planctomycetia	0.6556	0.145	446.0		No Pfam hit	True
AF-M5TDK4-F1	0.18546564948433594	-0.039580862160396454	-0.10541045468521318	0.5882000000000001	Rhodopirellula sp. SWK7	Bacteria	Planctomycetota	Planctomycetia	0.6593	0.168	618.0		No Pfam hit	True
AF-M5U5I5-F1	0.17247449097049722	0.007686411859024808	-0.11771412736322018	0.5377000000000001	Rhodopirellula sallentina SM41	Bacteria	Planctomycetota	Planctomycetia	0.6558	0.151	390.0		No Pfam hit	True
AF-M5U6U6-F1	0.1777653818215119	-0.05484285030009292	-0.09803516886157158	0.5896	Rhodopirellula sallentina SM41	Bacteria	Planctomycetota	Planctomycetia	0.6435	0.179	729.0		No Pfam hit	True
AF-M7T190-F1	-0.12285202842740624	0.16496558381912219	0.1214509173161791	0.16327750000000002	Eutypa lata UCREL1	Eukaryota	Ascomycota	Sordariomycetes	0.2132	0.109	2835.0	Flavodoxin_1;Radical_SAM;Wyosine_form	Other Pfam	True
AF-N1RJY5-F1	-0.15612949048010855	0.1437622875994422	-0.09393340983873558	0.290775	Fusarium odoratissimum	Eukaryota	Ascomycota	Sordariomycetes	0.4293	0.109	2264.0	PGAP1;NPHP3_N;WHD_GPIID;WD40	Other α/β hydrolase (CL0028)	True
AF-N4U4Q7-F1	-0.17029127562594798	0.14317826810948847	-0.021674101765041587	0.35145	Fusarium oxysporum f. sp. cubense race 1	Eukaryota	Ascomycota	Sordariomycetes	0.3672	0.123	2072.0		No Pfam hit	True
AF-N4UMA7-F1	-0.16653134861705354	0.16808933057778322	-0.05804574312247817	0.23767500000000003	Fusarium oxysporum f. sp. cubense race 1	Eukaryota	Ascomycota	Sordariomycetes	0.3663	0.13	2535.0	NB-ARC;TPR_12;TPR_10;TPR_5;TPR_4	P-loop NTPase (CL0023)	True
AF-N4V6U3-F1	-0.10822018853951745	0.17475163521092948	0.13173898477955656	0.153975	Colletotrichum orbiculare MAFF 240422	Eukaryota	Ascomycota	Sordariomycetes	0.236	0.125	2591.0	Peptidase_C14	Other Pfam	True
AF-N6SSG5-F1	-0.5560383620752619	-0.2389032816432097	-0.049792700931736454	0.16065000000000002	Dendroctonus ponderosae	Eukaryota	Arthropoda	Insecta	0.1937	0.075	2545.0	Peptidase_S10	Other α/β hydrolase (CL0028)	True
AF-N6T7D9-F1	-0.5464381599176166	-0.246168088264855	-0.047220950555516485	0.22092499999999998	Dendroctonus ponderosae	Eukaryota	Arthropoda	Insecta	0.2609	0.133	2625.0	Peptidase_S10	Other α/β hydrolase (CL0028)	True
AF-N6UXI4-F1	0.19163787576235883	-0.10583640463940935	0.14727209884726675	0.49860000000000004	Rhizobium freirei PRF 81	Bacteria	Proteobacteria	Alphaproteobacteria	0.5635	0.153	893.0	DUF900;Abhydrolase_6	DUF900	True
AF-P29978-F1	0.1349287885157489	-0.015783078070795112	-0.06817955776311843	0.590275	Nostoc sp. PCC 7120 = FACHB-418	Bacteria	Cyanobacteria		0.5878	0.116	570.0	DUF900	DUF900	True
AF-Q0A6M0-F1	0.21172381640669644	-0.10145108906693918	0.054597414902894964	0.590875	Alkalilimnicola ehrlichii MLHE-1	Bacteria	Proteobacteria	Gammaproteobacteria	0.5691	0.194	344.0	DUF900;Abhydrolase_6	DUF900	True
AF-Q0C453-F1	-0.21313145156312224	0.27333684777860073	0.2865669676675848	0.154525	Hyphomonas neptunium ATCC 15444	Bacteria	Proteobacteria	Alphaproteobacteria	0.1855	0.11	2826.0	Peripla_BP_6	Periplasmic binding protein (CL0144)	True
AF-Q0U4U8-F1	-0.060017887779307624	0.21150755081007921	0.07521560811407833	0.39775	Parastagonospora nodorum SN15	Eukaryota	Ascomycota	Dothideomycetes	0.379	0.106	2097.0	Cutinase	Other α/β hydrolase (CL0028)	True
AF-Q1K0C2-F1	0.21061188223398017	-0.12194065879752389	0.12198724144090851	0.54125	Desulfuromonas acetoxidans DSM 684	Bacteria	Proteobacteria	Deltaproteobacteria	0.5609	0.177	839.0	DUF900;Lipase_2	DUF900	True
AF-Q21I07-F1	0.20521858181106345	-0.1094585537108527	0.05344021144962366	0.63195	Saccharophagus degradans 2-40	Bacteria	Proteobacteria	Gammaproteobacteria	0.6694	0.15	751.0	DUF900	DUF900	True
AF-Q28DC5-F1	-0.5358749722617819	-0.2593252267702964	-0.03981637707343862	0.1549	Xenopus tropicalis	Eukaryota	Chordata	Amphibia	0.1899	0.098	2528.0	Peptidase_S10	Other α/β hydrolase (CL0028)	True
AF-Q3M658-F1	0.14997731797045652	0.0018385620732340295	-0.06056084633647407	0.539275	Trichormus variabilis ATCC 29413	Bacteria	Cyanobacteria		0.6422	0.116	483.0	DUF900	DUF900	True
AF-Q5E187-F1	0.20830218459478966	-0.10808430817314847	0.034050805463924735	0.6158250000000001	Aliivibrio fischeri ES114	Bacteria	Proteobacteria	Gammaproteobacteria	0.6614	0.156	546.0	DUF900	DUF900	True
AF-Q5V658-F1	0.13419221528730502	0.024307675555029756	-0.15709582705091524	0.712075	Haloarcula marismortui ATCC 43049	Archaea	Euryarchaeota	Halobacteria	0.6997	0.252	323.0	DUF900;DUF726	DUF900	True
AF-Q6CJQ9-F1	-0.16086406111319645	0.12233058943646316	0.022762894689857115	0.2807	Kluyveromyces lactis NRRL Y-1140	Eukaryota	Ascomycota	Saccharomycetes	0.35	0.098	1869.0	DUF676;Palm_thioest	DUF676	True
AF-Q6W231-F1	0.12441419538515208	-0.14225872183575397	0.1378146041555215	0.525	Sinorhizobium fredii NGR234	Bacteria	Proteobacteria	Alphaproteobacteria	0.5588	0.162	1257.0	DUF900	DUF900	True
AF-Q6XN97-F1	-0.17156201932936502	0.2593424632867038	0.07151964051626093	0.21200000000000002	Rhodococcus erythropolis	Bacteria	Actinobacteria	Actinomycetia	0.2943	0.144	2357.0	Cutinase	Other α/β hydrolase (CL0028)	True
AF-Q7D1J3-F1	0.20283963405037445	-0.09317883454012524	0.15424063832799942	0.4933	Agrobacterium fabrum str. C58	Bacteria	Proteobacteria	Alphaproteobacteria	0.5705	0.163	1037.0	DUF900;Abhydrolase_6	DUF900	True
AF-Q7UW75-F1	0.15348860083666457	0.0015692138474981097	-0.11270445361772605	0.5269999999999999	Rhodopirellula baltica SH 1	Bacteria	Planctomycetota	Planctomycetia	0.6221	0.159	496.0		No Pfam hit	True
AF-Q92YA4-F1	0.16234144009000817	-0.17531324301936058	0.20468537341894263	0.48030000000000006	Sinorhizobium meliloti 1021	Bacteria	Proteobacteria	Alphaproteobacteria	0.5807	0.138	1130.0	DUF900	DUF900	True
AF-Q98I05-F1	-0.0931698987906478	0.060530225056298397	-0.01258242609199341	0.346075	Mesorhizobium japonicum MAFF 303099	Bacteria	Proteobacteria	Alphaproteobacteria	0.395	0.142	2180.0		No Pfam hit	True
AF-R7N2Q0-F1	-0.16349461501383752	0.2236226818582376	0.18460687565126271	0.17932499999999998	Firmicutes bacterium CAG:95	Bacteria	Firmicutes		0.1977	0.134	2765.0	ABC_sub_bind	Periplasmic binding protein (CL0144)	True
AF-R7WNA4-F1	-0.040619647376241914	0.11493340597574463	-0.01068447041158773	0.313875	Rhodococcus rhodnii LMG 5362	Bacteria	Actinobacteria	Actinomycetia	0.43	0.136	1827.0	Abhydrolase_8	Other α/β hydrolase (CL0028)	True
AF-R9XBY4-F1	-0.1384590821961193	0.11909706726964259	0.030230038344604446	0.29105000000000003	[Ashbya] aceris (nom. inval.)	Eukaryota	Ascomycota	Saccharomycetes	0.3584	0.162	1886.0	DUF676;Palm_thioest	DUF676	True
AF-S0DUC4-F1	-0.1810573546232938	0.0695185878870403	-0.07729750149098728	0.28745	Fusarium fujikuroi IMI 58289	Eukaryota	Ascomycota	Sordariomycetes	0.4399	0.111	1822.0	DEAD;Helicase_C	P-loop NTPase (CL0023)	True
AF-S2EV40-F1	0.1906191325787102	0.03490597126238496	-0.16397913624272642	0.795075	Candidatus Nitrosarchaeum limnium BG20	Archaea	Thaumarchaeota		0.727	0.26	188.0	DUF900;DUF726	DUF900	True
AF-S3IFQ8-F1	0.20715915460775194	-0.10633212201508468	0.019868978383676707	0.5864499999999999	Rhizobium grahamii CCGE 502	Bacteria	Proteobacteria	Alphaproteobacteria	0.6138	0.167	405.0	DUF900;Abhydrolase_6	DUF900	True
AF-S8A7V4-F1	-0.14665598883538572	0.1073095730184903	-0.0765788938564871	0.306925	Dactylellina haptotyla CBS 200.50	Eukaryota	Ascomycota	Orbiliomycetes	0.4626	0.107	2000.0	ZZ;ZZ_ADA2	Other Pfam	True
AF-S9Q626-F1	0.2103880153084707	-0.11912774836182394	0.04823320501927875	0.6601999999999999	Litoreibacter arenae DSM 19593	Bacteria	Proteobacteria	Alphaproteobacteria	0.6867	0.144	409.0	DUF900;Abhydrolase_6	DUF900	True
AF-T0LMH7-F1	-0.15393716554641357	0.15950785923974367	-0.10236619356875958	0.316225	Colletotrichum gloeosporioides Cg-14	Eukaryota	Ascomycota	Sordariomycetes	0.3797	0.134	1853.0	DUF676;Ank_2	DUF676	True
AF-T0QI06-F1	0.032780169199687195	0.0027673764702056784	-0.1204533063499288	0.43220000000000003	Saprolegnia diclina VS20	Eukaryota	Oomycota		0.4801	0.155	1516.0	DUF726;DUF900	DUF900	True
AF-U1QZC6-F1	0.14751967182958994	0.04949275068390484	-0.16151577000731507	0.61425	halophilic archaeon J07HB67	Archaea	Euryarchaeota	Halobacteria	0.7407	0.247	228.0	DUF900;DUF726	DUF900	True
AF-U3C100-F1	0.22540387947543045	-0.06664411075904371	-0.028345294509374556	0.6699499999999999	Vibrio azureus NBRC 104587	Bacteria	Proteobacteria	Gammaproteobacteria	0.6421	0.168	620.0	DUF900	DUF900	True
AF-U4V773-F1	0.18636989791824002	-0.12634434890168317	0.0517875960477266	0.48262499999999997	Rhodobacteraceae bacterium HIMB11	Bacteria	Proteobacteria	Alphaproteobacteria	0.3896	0.198	1542.0	DUF900	DUF900	True
AF-V2Z3U5-F1	-0.16774382391986306	0.2113113005849893	0.18181971808000982	0.1898	Catonella morbi ATCC 51271	Bacteria	Firmicutes	Clostridia	0.1517	0.114	2730.0	ABC_sub_bind	Periplasmic binding protein (CL0144)	True
AF-V4J118-F1	0.1889163031319962	-0.11668193792704008	0.26395296757017417	0.42665	Thiohalocapsa sp. PB-PSB1	Bacteria	Proteobacteria	Gammaproteobacteria	0.5101	0.175	1459.0	DUF900	DUF900	True
AF-V4JJA4-F1	0.1807589622741018	-0.17190560252108913	0.22678210416418507	0.42335	Thiohalocapsa sp. PB-PSB1	Bacteria	Proteobacteria	Gammaproteobacteria	0.4475	0.148	1429.0	DUF900	DUF900	True
AF-V4JQG3-F1	0.20308938135107185	-0.1671927686892706	0.19626401903464086	0.464825	Thiohalocapsa sp. PB-PSB1	Bacteria	Proteobacteria	Gammaproteobacteria	0.5395	0.134	1414.0	DUF900	DUF900	True
AF-V4KZJ6-F1	0.22556256521233162	-0.1303339712470005	0.06406237034850698	0.63245	Thiohalocapsa sp. PB-PSB1	Bacteria	Proteobacteria	Gammaproteobacteria	0.6571	0.142	716.0	DUF900;Abhydrolase_6	DUF900	True
AF-V4L9Q9-F1	0.16992468218199566	-0.13090219885839258	0.25693368758080043	0.43727499999999997	Thiohalocapsa sp. PB-PSB1	Bacteria	Proteobacteria	Gammaproteobacteria	0.5096	0.179	1384.0	DUF900	DUF900	True
AF-V4RN74-F1	0.18808984258908693	-0.11333173516710175	0.15894722989585802	0.51145	Lutibaculum baratangense AMV1	Bacteria	Proteobacteria	Alphaproteobacteria	0.5772	0.178	1082.0	DUF900;Abhydrolase_6	DUF900	True
AF-V4YI03-F1	0.13817029373252035	-0.0029540634230775364	-0.16416608426397017	0.6571750000000001	uncultured archaeon A07HR60	Archaea			0.7378	0.243	246.0	DUF900;DUF726	DUF900	True
AF-V5TQ60-F1	0.15944227789009233	-0.013140250327867795	-0.16392009041098174	0.79365	Haloarcula hispanica N601	Archaea	Euryarchaeota	Halobacteria	0.7826	0.327	89.0	DUF900;DUF726	DUF900	True
AF-V5TSK0-F1	0.1348443003076782	0.041884155788040243	-0.16104347332476063	0.7138	Haloarcula hispanica N601	Archaea	Euryarchaeota	Halobacteria	0.6975	0.248	330.0	DUF726;DUF900	DUF900	True
AF-V6ASY8-F1	0.18680295255203538	0.044709861920788234	-0.18855784179622767	0.763425	Candidatus Nitrosotenuis uzonensis	Archaea	Thaumarchaeota		0.7301	0.276	181.0	DUF900;DUF676;DUF726	DUF900	True
AF-V8P5W4-F1	-0.5449058169376226	-0.2823678035794569	-0.03249879569797225	0.16155	Ophiophagus hannah	Eukaryota	Chordata	Lepidosauria	0.1895	0.144	2557.0	Peptidase_S10	Other α/β hydrolase (CL0028)	True
AF-W0E1R8-F1	0.19290957281195603	-0.17897424024270855	0.23752779635665802	0.41964999999999997	Marichromatium purpuratum 984	Bacteria	Proteobacteria	Gammaproteobacteria	0.5525	0.166	1497.0	DUF900	DUF900	True
AF-W0T7G6-F1	-0.1618601151336426	0.12189747536155043	0.032827774137972505	0.29674999999999996	Kluyveromyces marxianus DMKU3-1042	Eukaryota	Ascomycota	Saccharomycetes	0.3794	0.123	2018.0	DUF676;Palm_thioest	DUF676	True
AF-W3XC70-F1	-0.17558962268376319	0.07945180257778012	-0.1270217045653584	0.4055	Pestalotiopsis fici W106-1	Eukaryota	Ascomycota	Sordariomycetes	0.4354	0.124	1962.0		No Pfam hit	True
AF-W3XE62-F1	-0.16624560997588034	0.1462033466015925	-0.10598880177414319	0.25945	Pestalotiopsis fici W106-1	Eukaryota	Ascomycota	Sordariomycetes	0.4144	0.112	2131.0	NPHP3_N;NACHT;WHD_GPIID;DUF7104;Ank_2;Ank;Ank_4	P-loop NTPase (CL0023)	True
AF-W4H6V0-F1	0.029387850418559396	-0.0033465869608068624	-0.11999234115618199	0.468225	Aphanomyces astaci	Eukaryota	Oomycota		0.5413	0.182	1053.0	DUF900;DUF726	DUF900	True
AF-W4LMZ9-F1	0.197658282192011	-0.08924075815436756	-0.08762350567480857	0.59045	Candidatus Entotheonella gemina	Bacteria	Candidatus Tectomicrobia		0.4588	0.233	885.0	DUF900	DUF900	True
AF-W5XYG6-F1	-0.14407326888264066	0.2587008879678607	0.08218203277088271	0.22294999999999998	Corynebacterium vitaeruminis DSM 20294	Bacteria	Actinobacteria	Actinomycetia	0.2782	0.11	2430.0	Cutinase	Other α/β hydrolase (CL0028)	True
AF-W6M6I7-F1	0.220412766980644	-0.08145707411786263	0.05528718100550562	0.5283	Candidatus Competibacter denitrificans Run_A_D11	Bacteria	Proteobacteria	Gammaproteobacteria	0.5305	0.173	653.0	DUF900	DUF900	True
AF-W6PTC2-F1	-0.1370175720134017	0.12412731874645855	-0.14032047737807937	0.35085	Penicillium roqueforti FM164	Eukaryota	Ascomycota	Eurotiomycetes	0.3744	0.152	1880.0		No Pfam hit	True
AF-W7I5A2-F1	-0.17445125941720072	0.09487553656391277	-0.08603651330776316	0.301825	Drechslerella stenobrocha 248	Eukaryota	Ascomycota	Orbiliomycetes	0.4624	0.119	1821.0	ZZ	Other Pfam	True
AF-W7ICM0-F1	-0.1281906406694862	0.17341511600661408	0.004779673812698224	0.37070000000000003	Actinokineospora spheciospongiae	Bacteria	Actinobacteria	Actinomycetia	0.3777	0.141	2173.0	Cutinase;PE-PPE	Other α/β hydrolase (CL0028)	True
AF-W7MFV5-F1	-0.15313109744442746	0.13048185681293162	-0.11010219850589209	0.304775	Fusarium verticillioides 7600	Eukaryota	Ascomycota	Sordariomycetes	0.4507	0.125	1829.0	Abhydrolase_6;DUF676;NB-ARC;TPR_12;TPR_10;TPR_7;TPR_8	DUF676	True
AF-W7MUJ6-F1	-0.1841343285650223	0.08644953679264784	-0.09259723830393707	0.273375	Fusarium verticillioides 7600	Eukaryota	Ascomycota	Sordariomycetes	0.385	0.111	2316.0	DUF676;NPHP3_N;NACHT	DUF676	True
AF-W7N252-F1	-0.16574762459135425	0.12843483657454788	-0.1596005273050061	0.38235	Fusarium verticillioides 7600	Eukaryota	Ascomycota	Sordariomycetes	0.4298	0.138	2203.0		No Pfam hit	True
AF-W8RSB6-F1	0.21150088180072268	-0.07852773125497546	0.04698995495441073	0.6167499999999999	Roseibacterium elongatum DSM 19469	Bacteria	Proteobacteria	Alphaproteobacteria	0.6358	0.152	645.0	DUF900	DUF900	True
AF-W9Q0S7-F1	-0.14588842109392	0.14987998579528558	-0.1252842275354974	0.30835	Fusarium oxysporum f. sp. pisi HDV247	Eukaryota	Ascomycota	Sordariomycetes	0.459	0.129	1719.0	NB-ARC;TPR_10;TPR_12	P-loop NTPase (CL0023)	True
AF-W9V258-F1	0.15404541858582887	-0.010684405188167729	-0.044905830395089365	0.52675	Nitrincola nitratireducens	Bacteria	Proteobacteria	Gammaproteobacteria	0.6202	0.15	972.0	DUF900	DUF900	True
AF-X0BHB9-F1	-0.14952864096062343	0.14311786866447015	-0.11671792932959209	0.3117	Fusarium oxysporum f. sp. raphani 54005	Eukaryota	Ascomycota	Sordariomycetes	0.4392	0.132	1979.0	DUF676;NB-ARC;TPR_12;TPR_10;TPR_8;TPR_7	DUF676	True
AF-X0H230-F1	-0.14706917408366293	0.13549007649375885	-0.11662677153492909	0.31405	Fusarium oxysporum f. sp. conglutinans race 2 54008	Eukaryota	Ascomycota	Sordariomycetes	0.4556	0.143	1762.0	NB-ARC;TPR_10;TPR_12;TPR_7	P-loop NTPase (CL0023)	True
AF-X0K9Y6-F1	-0.15398258423651512	0.1482009067837856	-0.10227971010631197	0.25705	Fusarium odoratissimum NRRL 54006	Eukaryota	Ascomycota	Sordariomycetes	0.3665	0.112	2258.0	PGAP1;NPHP3_N;WHD_GPIID	Other α/β hydrolase (CL0028)	True
AF-X0KGM1-F1	-0.13045928543936927	0.11978209672534665	-0.14134119358551797	0.462725	Fusarium oxysporum f. sp. vasinfectum 25433	Eukaryota	Ascomycota	Sordariomycetes	0.4472	0.136	1841.0	DUF676	DUF676	True
AF-X0KXF4-F1	-0.17409524032343202	0.17575609406772802	-0.11628264884824403	0.2979	Fusarium oxysporum f. sp. vasinfectum 25433	Eukaryota	Ascomycota	Sordariomycetes	0.3937	0.096	2077.0	DUF676;NB-ARC;NACHT	DUF676	True
AF-X0L604-F1	-0.18032640421309237	0.1706425181828032	-0.11602322469999593	0.303575	Fusarium oxysporum f. sp. vasinfectum 25433	Eukaryota	Ascomycota	Sordariomycetes	0.3933	0.103	2129.0	NB-ARC;NACHT	P-loop NTPase (CL0023)	True
AF-X0LHS7-F1	-0.15932180323401926	0.1079506228012768	-0.16767108839971367	0.41485000000000005	Fusarium oxysporum f. sp. vasinfectum 25433	Eukaryota	Ascomycota	Sordariomycetes	0.5065	0.136	1811.0		No Pfam hit	True
AF-X1CDR2-F1	0.16714699113466935	-0.06349355700191103	0.08311755627544387	0.599025	marine sediment metagenome	Metagenome (unassigned)			0.5384	0.174	895.0	DUF900	DUF900	True
AF-X1KGG2-F1	-0.1476492453157121	0.21730945789994494	0.10516138672021308	0.2874	marine sediment metagenome	Metagenome (unassigned)			0.2561	0.171	2114.0		No Pfam hit	True
AF-X6PE35-F1	-0.045146103835239745	0.16568099989184476	0.09766776854484739	0.240625	Reticulomyxa filosa	Eukaryota	Foraminifera		0.3006	0.151	2268.0	DUF900	DUF900	True
AF-X8DIZ8-F1	0.15087296485215074	0.027095163390527772	-0.2216020850161547	0.48205000000000003	Mycobacteroides abscessus subsp. bolletii 1513	Bacteria	Actinobacteria	Actinomycetia	0.4661	0.101	1651.0		No Pfam hit	True
hydrolase_2090_AF3	0.1969250365620292	0.02636823156107847	-0.17613506345831315	1.0	Haloferax larsenii s5a-1	Archaea	Halobacteriota	Halobacteria				DUF900	DUF900	True
AF-M0GTD3-F1					Haloferax larsenii JCM 13917	Archaea	Euryarchaeota	Halobacteria	0.9161	0.982	2.0	DUF900;DUF726	DUF900	False
AF-A0A847TSW2-F1					Haloferax alexandrinus	Archaea	Euryarchaeota	Halobacteria	0.9177	0.703	21.0		No Pfam hit	False
AF-A0A895AFD3-F1					Halobacterium sp. BOL4-2	Archaea	Euryarchaeota	Halobacteria	0.9095	0.669	34.0	DUF900	DUF900	False
AF-A0A0P9AVW8-F1					Nitrosopumilus sp. PRT-SC01	Archaea	Thaumarchaeota		0.7518	0.27	130.0	DUF900;DUF676;DUF726	DUF900	False
AF-A0A2G4J032-F1					Thaumarchaeota archaeon	Archaea	Thaumarchaeota		0.7439	0.261	178.0	DUF900;DUF726	DUF900	False
AF-A0A7K4ME88-F1					Marine Group I thaumarchaeote	Archaea	Thaumarchaeota		0.747	0.278	192.0	DUF900;Cutinase;DUF726	DUF900	False
AF-A0A447G3J9-F1					Nitrosopumilaceae archaeon	Archaea	Thaumarchaeota		0.7239	0.264	195.0	Abhydrolase_8;DUF726	DUF726	False
AF-A0A7K4N955-F1					Marine Group I thaumarchaeote	Archaea	Thaumarchaeota		0.7176	0.265	208.0	DUF900;DUF676;DUF726;Cutinase	DUF900	False
AF-U1QFF2-F1					Halorubrum sp. J07HR59	Archaea	Euryarchaeota	Halobacteria	0.7501	0.243	217.0	DUF900;DUF726	DUF900	False
AF-A0A7K4MBH5-F1					Marine Group I thaumarchaeote	Archaea	Thaumarchaeota		0.7373	0.276	223.0	DUF900;DUF676;Cutinase;DUF726	DUF900	False
AF-A0A256KGK5-F1					Halorubrum distributum	Archaea	Euryarchaeota	Halobacteria	0.6493	0.276	259.0	DUF900;DUF726	DUF900	False
AF-A0A2R6MNI7-F1					Halobacteriales archaeon SW_8_68_21	Archaea	Euryarchaeota	Halobacteria	0.6406	0.277	303.0	DUF900;DUF726	DUF900	False
AF-A0A857ZXC1-F1					Akkermansia muciniphila	Bacteria	Verrucomicrobia	Verrucomicrobiae	0.6923	0.209	320.0	DUF900	DUF900	False
AF-A0A5P9GDV6-F1					Ruegeria sp. THAF33	Bacteria	Proteobacteria	Alphaproteobacteria	0.7	0.183	346.0	DUF900;Abhydrolase_6	DUF900	False
AF-A0A7X6FWE6-F1					Rhodobacteraceae bacterium R_SAG9	Bacteria	Proteobacteria	Alphaproteobacteria	0.66	0.189	356.0	DUF900;Abhydrolase_6	DUF900	False
AF-A0A2E2EVZ7-F1					Nioella sp.	Bacteria	Proteobacteria	Alphaproteobacteria	0.6546	0.193	357.0	DUF900	DUF900	False
AF-A0A356ADQ9-F1					Planctomycetaceae bacterium	Bacteria	Planctomycetota	Planctomycetia	0.6739	0.159	367.0		No Pfam hit	False
AF-A0A2D8TKU2-F1					Dinoroseobacter sp.	Bacteria	Proteobacteria	Alphaproteobacteria	0.6659	0.189	376.0	DUF900	DUF900	False
AF-B8K747-F1					Vibrio sp. 16	Bacteria	Proteobacteria	Gammaproteobacteria	0.6279	0.188	380.0	DUF900	DUF900	False
AF-A0A2A4LPG0-F1					Flavobacteriaceae bacterium	Bacteria	Bacteroidota	Flavobacteriia	0.6099	0.197	403.0	DUF900	DUF900	False
AF-A0A7X7IVD5-F1					Lentisphaerae bacterium	Bacteria	Lentisphaerae		0.6778	0.196	418.0	DUF900;Abhydrolase_6	DUF900	False
AF-A0A517XCA8-F1					Gimesia maris	Bacteria	Planctomycetota	Planctomycetia	0.698	0.182	429.0		No Pfam hit	False
AF-A0A3L7V9K4-F1					Planctomycetota bacterium	Bacteria	Planctomycetota		0.6572	0.196	431.0	DUF900	DUF900	False
AF-A0A2E7KLF0-F1					Gimesia sp.	Bacteria	Planctomycetota	Planctomycetia	0.6274	0.209	463.0		No Pfam hit	False
AF-A0A812FW97-F1					Vibrio sp. B1FIG11	Bacteria	Proteobacteria	Gammaproteobacteria	0.6547	0.181	467.0	DUF900;DUF676	DUF900	False
AF-A0A561NJ17-F1					Caulobacter rhizosphaerae	Bacteria	Proteobacteria	Alphaproteobacteria	0.6312	0.186	470.0	DUF900;Abhydrolase_6	DUF900	False
AF-A0A2D7ED06-F1					Rhodopirellula sp.	Bacteria	Planctomycetota	Planctomycetia	0.6519	0.174	475.0	DUF900	DUF900	False
AF-A6C7E1-F1					Gimesia maris DSM 8797	Bacteria	Planctomycetota	Planctomycetia	0.7023	0.189	478.0		No Pfam hit	False
AF-A0A350KKU7-F1					Planctomycetaceae bacterium	Bacteria	Planctomycetota	Planctomycetia	0.7011	0.185	486.0		No Pfam hit	False
AF-A0A344KJP7-F1					Vibrio campbellii	Bacteria	Proteobacteria	Gammaproteobacteria	0.6489	0.181	489.0	DUF900	DUF900	False
AF-A0A518KXI8-F1					Planctomycetes bacterium TBK1r	Bacteria	Planctomycetota		0.6543	0.155	503.0		No Pfam hit	False
AF-A0A560L554-F1					Synechococcus sp. Ace-Pa	Bacteria	Cyanobacteria		0.6464	0.127	504.0	DUF900	DUF900	False
AF-A0A7W5QF48-F1					Rhizobium sp. BK381	Bacteria	Proteobacteria	Alphaproteobacteria	0.59	0.174	511.0	DUF900;Abhydrolase_6	DUF900	False
AF-A0A5A8BFS4-F1					Gimesia chilikensis	Bacteria	Planctomycetota	Planctomycetia	0.6911	0.181	521.0		No Pfam hit	False
AF-A0A7X5FKY4-F1					Vibrio sp. LB10LO1	Bacteria	Proteobacteria	Gammaproteobacteria	0.6445	0.184	527.0	DUF900;DUF676	DUF900	False
AF-A0A1E5AS05-F1					Aliivibrio fischeri	Bacteria	Proteobacteria	Gammaproteobacteria	0.607	0.162	534.0	DUF900	DUF900	False
AF-A0A2G2KQQ8-F1					Blastopirellula sp.	Bacteria	Planctomycetota	Planctomycetia	0.6502	0.204	555.0		No Pfam hit	False
AF-A0A7W7UKM7-F1					Aeromonas fluvialis	Bacteria	Proteobacteria	Gammaproteobacteria	0.6232	0.216	569.0	DUF900	DUF900	False
AF-A0A259Q9C5-F1					Thiomonas sp. 13-66-29	Bacteria	Proteobacteria	Betaproteobacteria	0.5923	0.186	576.0	DUF900	DUF900	False
AF-A0A2E3GVX8-F1					Planctomyces sp.	Bacteria	Planctomycetota	Planctomycetia	0.6243	0.171	579.0		No Pfam hit	False
AF-A0A259P2T1-F1					Thiomonas sp. 15-66-11	Bacteria	Proteobacteria	Betaproteobacteria	0.5973	0.189	594.0	DUF900	DUF900	False
AF-A0A2U4FXE6-F1					Vibrio campbellii	Bacteria	Proteobacteria	Gammaproteobacteria	0.6365	0.18	607.0	DUF900	DUF900	False
AF-A0A0A6T963-F1					Vibrio caribbeanicus	Bacteria	Proteobacteria	Gammaproteobacteria	0.5908	0.197	611.0	DUF900	DUF900	False
AF-A0A850E5E6-F1					Tardiphaga robiniae	Bacteria	Proteobacteria	Alphaproteobacteria	0.6173	0.166	617.0	DUF900;Abhydrolase_6	DUF900	False
AF-A0A2N1YXY9-F1					Gammaproteobacteria bacterium HGW-Gammaproteobacteria-13	Bacteria	Proteobacteria	Gammaproteobacteria	0.5485	0.185	647.0	DUF900	DUF900	False
AF-A0A853NEC9-F1					Aliivibrio fischeri	Bacteria	Proteobacteria	Gammaproteobacteria	0.6257	0.135	674.0	DUF900	DUF900	False
AF-A0A0N7HZT9-F1					Brevundimonas sp. DS20	Bacteria	Proteobacteria	Alphaproteobacteria	0.6279	0.169	677.0	DUF900;Abhydrolase_6	DUF900	False
AF-A0A5P9KUT5-F1					Brevundimonas sp. Bb-A	Bacteria	Proteobacteria	Alphaproteobacteria	0.6558	0.157	685.0	DUF900;Abhydrolase_6	DUF900	False
AF-A0A2K1DDY7-F1					Vibrio agarivorans	Bacteria	Proteobacteria	Gammaproteobacteria	0.6438	0.18	687.0	DUF900	DUF900	False
AF-A0A370R8Z7-F1					Tardiphaga sp. CF115	Bacteria	Proteobacteria	Alphaproteobacteria	0.5922	0.151	692.0	DUF900;Abhydrolase_6	DUF900	False
AF-A0A420AD38-F1					Tardiphaga sp. YR296	Bacteria	Proteobacteria	Alphaproteobacteria	0.5903	0.158	696.0	DUF900;Abhydrolase_6	DUF900	False
AF-A0A1F8IP31-F1					Caulobacterales bacterium RIFOXYB1_FULL_67_16	Bacteria	Proteobacteria	Alphaproteobacteria	0.644	0.156	697.0	DUF900;Abhydrolase_6	DUF900	False
AF-A0A844P7Y4-F1					Aliivibrio fischeri	Bacteria	Proteobacteria	Gammaproteobacteria	0.6065	0.138	707.0	DUF900	DUF900	False
AF-A0A1I4LGW2-F1					Bradyrhizobium sp. NFR13	Bacteria	Proteobacteria	Alphaproteobacteria	0.6248	0.16	709.0	DUF900;Abhydrolase_6	DUF900	False
AF-A0A543VA05-F1					Methylotuvimicrobium kenyense	Bacteria	Proteobacteria	Gammaproteobacteria	0.5734	0.196	733.0	DUF900	DUF900	False
AF-A0A4R8HT06-F1					Algoriphagus sp. ARW1R1	Bacteria	Bacteroidota	Cytophagia	0.587	0.182	735.0	DUF900	DUF900	False
AF-A0A2E5K7T8-F1					Planctomycetaceae bacterium	Bacteria	Planctomycetota	Planctomycetia	0.6303	0.138	750.0		No Pfam hit	False
AF-U1A8J4-F1					Pseudogulbenkiania ferrooxidans EGD-HP2	Bacteria	Proteobacteria	Betaproteobacteria	0.5504	0.154	757.0	DUF900	DUF900	False
AF-A0A6S5K165-F1					Enterobacter cloacae	Bacteria	Proteobacteria	Gammaproteobacteria	0.6302	0.163	758.0	DUF900	DUF900	False
AF-A0A5F0JSR6-F1					Enterobacter sp. A11	Bacteria	Proteobacteria	Gammaproteobacteria	0.5882	0.146	775.0	DUF900	DUF900	False
AF-A0A552GYA5-F1					Microcystis aeruginosa Ma_QC_C_20070823_S13	Bacteria	Cyanobacteria		0.6015	0.161	782.0	DUF900	DUF900	False
AF-A0A3E0LEG7-F1					Microcystis aeruginosa TA09	Bacteria	Cyanobacteria		0.6679	0.139	783.0	DUF900	DUF900	False
AF-A0A7T9EP24-F1					Rhodospirillales bacterium	Bacteria	Proteobacteria	Alphaproteobacteria	0.6477	0.128	784.0	DUF900	DUF900	False
AF-A0A5A8BHV4-F1					Gimesia chilikensis	Bacteria	Planctomycetota	Planctomycetia	0.5963	0.184	802.0	DUF900	DUF900	False
AF-A0A8A7VDK6-F1					Rhizobacter sp. AJA081-3	Bacteria	Proteobacteria	Betaproteobacteria	0.6042	0.203	816.0	OmpA;DUF900	DUF900	False
AF-A0A1W9JPX4-F1					Proteobacteria bacterium ST_bin14	Bacteria	Proteobacteria		0.6374	0.126	819.0	DUF900;Abhydrolase_6	DUF900	False
AF-A0A4T2APV7-F1					Marinifilum sp. JC120	Bacteria	Bacteroidota	Bacteroidia	0.6228	0.16	821.0	DUF900	DUF900	False
AF-A0A2L2BCV7-F1					Chromobacterium vaccinii	Bacteria	Proteobacteria	Betaproteobacteria	0.5993	0.156	826.0	DUF900	DUF900	False
AF-A0A523CIZ2-F1					Candidatus Scalindua sp. AMX11	Bacteria	Planctomycetota	Candidatus Brocadiia	0.5974	0.165	828.0	DUF900	DUF900	False
AF-A0A849MN25-F1					Chlorobi bacterium	Bacteria	Chlorobi		0.5434	0.182	833.0	DUF900;Abhydrolase_6	DUF900	False
AF-A0A350KG20-F1					Planctomycetaceae bacterium	Bacteria	Planctomycetota	Planctomycetia	0.5866	0.181	834.0	DUF900	DUF900	False
AF-A6C8S2-F1					Gimesia maris DSM 8797	Bacteria	Planctomycetota	Planctomycetia	0.5856	0.186	854.0	DUF900	DUF900	False
AF-A0A136MKV7-F1					Chlorobi bacterium OLB6	Bacteria	Chlorobi		0.5404	0.194	860.0	DUF900;Abhydrolase_6	DUF900	False
AF-A0A517XGY1-F1					Gimesia maris	Bacteria	Planctomycetota	Planctomycetia	0.5895	0.164	861.0	DUF900	DUF900	False
AF-A0A1A3M5K7-F1					Mycobacterium sp. 1245852.3	Bacteria	Actinobacteria	Actinomycetia	0.6011	0.122	871.0		No Pfam hit	False
AF-A0A7T8CX96-F1					Thiohalocapsa sp. PB-PSB1	Bacteria	Proteobacteria	Gammaproteobacteria	0.5853	0.21	872.0	DUF900	DUF900	False
AF-A0A7W5W6W4-F1					Rhizobium sp. BK338	Bacteria	Proteobacteria	Alphaproteobacteria	0.5788	0.165	875.0	DUF900;Abhydrolase_6	DUF900	False
AF-A0A829XVS3-F1					Rhizobium dioscoreae	Bacteria	Proteobacteria	Alphaproteobacteria	0.5697	0.157	887.0	DUF900;Abhydrolase_6	DUF900	False
AF-A0A6N6R1E5-F1					Ochrobactrum sp. Kaboul	Bacteria	Proteobacteria	Alphaproteobacteria	0.5858	0.173	891.0	DUF900;Abhydrolase_6	DUF900	False
AF-A0A329AGE1-F1					Rhizobium sp. NFR17	Bacteria	Proteobacteria	Alphaproteobacteria	0.5664	0.156	904.0	DUF900;Abhydrolase_6	DUF900	False
AF-A0A2L0W664-F1					Rhizobium sp. NXC24	Bacteria	Proteobacteria	Alphaproteobacteria	0.5756	0.166	906.0	DUF900;Abhydrolase_6	DUF900	False
AF-A0A3D2CZR4-F1					Ochrobactrum sp.	Bacteria	Proteobacteria	Alphaproteobacteria	0.5871	0.189	912.0	DUF900;Abhydrolase_6	DUF900	False
AF-A0A1N6SRH9-F1					Rhizobium sp. RU35A	Bacteria	Proteobacteria	Alphaproteobacteria	0.6252	0.15	929.0	DUF900;Abhydrolase_6	DUF900	False
AF-A0A850II45-F1					Bradyrhizobium barranii subsp. barranii	Bacteria	Proteobacteria	Alphaproteobacteria	0.5834	0.168	933.0	DUF900;Abhydrolase_6	DUF900	False
AF-A0A1V3YSN3-F1					Ochrobactrum sp. P6BS-III	Bacteria	Proteobacteria	Alphaproteobacteria	0.5769	0.164	935.0	DUF900;Abhydrolase_6	DUF900	False
AF-A0A3M3K2R3-F1					Serratia plymuthica	Bacteria	Proteobacteria	Gammaproteobacteria	0.5916	0.157	940.0	DUF900	DUF900	False
AF-A0A248W2U9-F1					Rhizobium sp. 11515TR	Bacteria	Proteobacteria	Alphaproteobacteria	0.5597	0.156	955.0	DUF900;Abhydrolase_6	DUF900	False
AF-A0A1E7V2X7-F1					Duganella sp. HH105	Bacteria	Proteobacteria	Betaproteobacteria	0.5686	0.179	957.0	OmpA;DUF900	DUF900	False
AF-A0A7U2KIM5-F1					Pseudosulfitobacter pseudonitzschiae	Bacteria	Proteobacteria	Alphaproteobacteria	0.485	0.219	959.0	DUF900	DUF900	False
AF-A0A2W4DGA2-F1					Rhizobium tumorigenes	Bacteria	Proteobacteria	Alphaproteobacteria	0.6321	0.164	961.0	DUF900;Abhydrolase_6	DUF900	False
AF-A0A2V4WHN2-F1					Ensifer adhaerens	Bacteria	Proteobacteria	Alphaproteobacteria	0.6139	0.151	962.0	DUF900	DUF900	False
AF-A0A7W5R5N0-F1					Rhizobium sp. BK386	Bacteria	Proteobacteria	Alphaproteobacteria	0.574	0.165	963.0	DUF900;Abhydrolase_6	DUF900	False
AF-A0A8A7TMX9-F1					Ochrobactrum sp. EEELCW01	Bacteria	Proteobacteria	Alphaproteobacteria	0.5797	0.173	969.0	DUF900;Abhydrolase_6	DUF900	False
AF-A0A4T3FI94-F1					Rhizobium sp. P44RR-XXIV	Bacteria	Proteobacteria	Alphaproteobacteria	0.5762	0.165	971.0	DUF900;Abhydrolase_6	DUF900	False
AF-A0A397L606-F1					Brucella haematophila	Bacteria	Proteobacteria	Alphaproteobacteria	0.5794	0.168	975.0	DUF900;Abhydrolase_6	DUF900	False
AF-A0A7Z8LM24-F1					Agrobacterium vitis	Bacteria	Proteobacteria	Alphaproteobacteria	0.5898	0.183	995.0	DUF900;Abhydrolase_6	DUF900	False
AF-A0A160UML0-F1					Bradyrhizobium sp. G22	Bacteria	Proteobacteria	Alphaproteobacteria	0.5869	0.17	1002.0	DUF900;Abhydrolase_6	DUF900	False
AF-A0A7W3JX06-F1					Ochrobactrum sp. RH2CCR150	Bacteria	Proteobacteria	Alphaproteobacteria	0.5787	0.176	1007.0	DUF900;Abhydrolase_6	DUF900	False
AF-A0A8B3ITX0-F1					Brucella anthropi	Bacteria	Proteobacteria	Alphaproteobacteria	0.628	0.161	1008.0	DUF900;Abhydrolase_6	DUF900	False
AF-A0A4R2UB31-F1					Mycobacterium sp. YR708	Bacteria	Actinobacteria	Actinomycetia	0.5677	0.127	1012.0	Abhydrolase_8	Other α/β hydrolase (CL0028)	False
AF-A0A6N6RCJ4-F1					Brucella intermedia	Bacteria	Proteobacteria	Alphaproteobacteria	0.6268	0.152	1014.0	DUF900;Abhydrolase_6	DUF900	False
AF-A0A2M9RYM0-F1					Ochrobactrum sp. 715/2009	Bacteria	Proteobacteria	Alphaproteobacteria	0.6253	0.158	1015.0	DUF900;Abhydrolase_6	DUF900	False
AF-A0A855GD34-F1					Ochrobactrum sp. 30A/1000/2015	Bacteria	Proteobacteria	Alphaproteobacteria	0.626	0.172	1016.0	DUF900;Abhydrolase_6	DUF900	False
AF-A0A4R6HFH3-F1					Mycobacterium sp. BK086	Bacteria	Actinobacteria	Actinomycetia	0.5662	0.127	1019.0	Abhydrolase_8	Other α/β hydrolase (CL0028)	False
AF-A0A350ZNA4-F1					Hyphomonas sp.	Bacteria	Proteobacteria	Alphaproteobacteria	0.6098	0.155	1021.0	DctP;DUF900	DUF900	False
AF-A0A1Y5GBF7-F1					Rhodobacterales bacterium 59_46_T64	Bacteria	Proteobacteria	Alphaproteobacteria	0.5894	0.16	1022.0	DUF900;DUF726	DUF900	False
AF-A0A5N7NVK0-F1					Brucella intermedia	Bacteria	Proteobacteria	Alphaproteobacteria	0.6364	0.167	1026.0	DUF900;Abhydrolase_6	DUF900	False
AF-A0A547C295-F1					Agrobacterium rhizogenes	Bacteria	Proteobacteria	Alphaproteobacteria	0.5595	0.166	1028.0	DUF900;Abhydrolase_6	DUF900	False
AF-A0A545ZIB1-F1					Rhizobium sp. rho-1.1	Bacteria	Proteobacteria	Alphaproteobacteria	0.6328	0.151	1036.0	DUF900;Abhydrolase_6	DUF900	False
AF-A0A7U2KRU6-F1					Pseudosulfitobacter pseudonitzschiae	Bacteria	Proteobacteria	Alphaproteobacteria	0.5092	0.196	1040.0	DUF900	DUF900	False
AF-A0A1M2YJF7-F1					Rhizobium sp. 63-7	Bacteria	Proteobacteria	Alphaproteobacteria	0.5804	0.161	1047.0	DUF900;Abhydrolase_6	DUF900	False
AF-A0A2T3D7Z2-F1					Ensifer sp. NM-2	Bacteria	Proteobacteria	Alphaproteobacteria	0.6136	0.136	1061.0	DUF900	DUF900	False
AF-A0A7Z8LV14-F1					Ochrobactrum sp. J50	Bacteria	Proteobacteria	Alphaproteobacteria	0.5817	0.168	1063.0	DUF900;Abhydrolase_6	DUF900	False
AF-A0A2U1SDZ0-F1					Methylocystis sp. MitZ-2018	Bacteria	Proteobacteria	Alphaproteobacteria	0.6024	0.13	1070.0	DUF900	DUF900	False
AF-A0A4Z1Q9E4-F1					Agrobacterium larrymoorei	Bacteria	Proteobacteria	Alphaproteobacteria	0.631	0.145	1081.0	DUF900;Abhydrolase_6	DUF900	False
AF-A0A350ZVQ5-F1					Hyphomonas sp.	Bacteria	Proteobacteria	Alphaproteobacteria	0.5853	0.209	1083.0	DUF900	DUF900	False
AF-A0A011T6K5-F1					Brucella anthropi	Bacteria	Proteobacteria	Alphaproteobacteria	0.6206	0.16	1084.0	DUF900;Abhydrolase_6	DUF900	False
AF-A0A1A3DU67-F1					Mycobacterium sp. 1482292.6	Bacteria	Actinobacteria	Actinomycetia	0.5248	0.116	1086.0		No Pfam hit	False
AF-A0A7W5XIL4-F1					Mycolicibacterium sp. BK598	Bacteria	Actinobacteria	Actinomycetia	0.5251	0.129	1088.0	Abhydrolase_8	Other α/β hydrolase (CL0028)	False
AF-M8AEX1-F1					Agrobacterium tumefaciens str. Cherry 2E-2-2	Bacteria	Proteobacteria	Alphaproteobacteria	0.5779	0.166	1096.0	DUF900;Abhydrolase_6	DUF900	False
AF-A0A421ACW6-F1					Leifsonia sp. M321 24_2	Bacteria	Actinobacteria	Actinomycetia	0.5383	0.13	1104.0	GTP_EFTU;GTP_EFTU_D2;GTP_EFTU_D3;DUF900	DUF900	False
AF-A0A353UV23-F1					Rhodobacteraceae bacterium	Bacteria	Proteobacteria	Alphaproteobacteria	0.5562	0.181	1105.0	DUF900	DUF900	False
AF-A0A317LH96-F1					Ochrobactrum sp. POC9	Bacteria	Proteobacteria	Alphaproteobacteria	0.5812	0.172	1109.0	DUF900;Abhydrolase_6	DUF900	False
AF-H0H957-F1					Agrobacterium tumefaciens 5A	Bacteria	Proteobacteria	Alphaproteobacteria	0.5677	0.158	1110.0	DUF900;Abhydrolase_6	DUF900	False
AF-A0A0X6ZYD6-F1					Agrobacterium sp. D14	Bacteria	Proteobacteria	Alphaproteobacteria	0.5715	0.168	1111.0	DUF900;Abhydrolase_6	DUF900	False
AF-A0A6A9UFQ0-F1					Agrobacterium vitis	Bacteria	Proteobacteria	Alphaproteobacteria	0.6549	0.161	1114.0	DUF900;Abhydrolase_6	DUF900	False
AF-A0A7G3F852-F1					Alcanivorax sp.	Bacteria	Proteobacteria	Gammaproteobacteria	0.4942	0.155	1116.0	DUF726	DUF726	False
AF-A0A4Y6T3B2-F1					Rhizobium sp. NIBRBAC000502774	Bacteria	Proteobacteria	Alphaproteobacteria	0.5613	0.162	1121.0	DUF900;Abhydrolase_6	DUF900	False
AF-A0A2E7KH65-F1					Gimesia sp.	Bacteria	Planctomycetota	Planctomycetia	0.5914	0.152	1129.0	DUF900	DUF900	False
AF-A0A7S9XP91-F1					Sinorhizobium meliloti	Bacteria	Proteobacteria	Alphaproteobacteria	0.5942	0.135	1131.0	DUF900	DUF900	False
AF-A0A6L3DYL6-F1					Agrobacterium rhizogenes	Bacteria	Proteobacteria	Alphaproteobacteria	0.5826	0.176	1133.0	DUF900;Abhydrolase_6	DUF900	False
AF-A0A2S4EIS9-F1					Agrobacterium rosae	Bacteria	Proteobacteria	Alphaproteobacteria	0.6277	0.156	1134.0	DUF900;Abhydrolase_6	DUF900	False
AF-A0A7L8APQ4-F1					Ochrobactrum sp. MT180101	Bacteria	Proteobacteria	Alphaproteobacteria	0.6198	0.159	1140.0	DUF900;Abhydrolase_6	DUF900	False
AF-A0A560UAP5-F1					Rhizobium sp. SJZ105	Bacteria	Proteobacteria	Alphaproteobacteria	0.5621	0.163	1142.0	DUF900;Abhydrolase_6	DUF900	False
AF-A0A0M2XK01-F1					Corynebacterium xerosis	Bacteria	Actinobacteria	Actinomycetia	0.4482	0.174	1144.0	DUF726	DUF726	False
AF-A0A1S7Q3K2-F1					Agrobacterium genomosp. 13 str. CFBP 6927	Bacteria	Proteobacteria	Alphaproteobacteria	0.5667	0.16	1149.0	DUF900;Abhydrolase_6	DUF900	False
AF-A0A249PZ09-F1					Sinorhizobium fredii CCBAU 83666	Bacteria	Proteobacteria	Alphaproteobacteria	0.6104	0.144	1150.0	DUF900	DUF900	False
AF-A0A8B6S821-F1					Sinorhizobium meliloti	Bacteria	Proteobacteria	Alphaproteobacteria	0.5995	0.138	1151.0	DUF900	DUF900	False
AF-F0L5J2-F1					Agrobacterium fabacearum	Bacteria	Proteobacteria	Alphaproteobacteria	0.6092	0.147	1162.0	DUF900;Abhydrolase_6	DUF900	False
AF-A0A4D7WHD6-F1					Agrobacterium tumefaciens	Bacteria	Proteobacteria	Alphaproteobacteria	0.5713	0.17	1164.0	DUF900;Abhydrolase_6	DUF900	False
AF-A0A2U8G870-F1					Sinorhizobium fredii CCBAU 45436	Bacteria	Proteobacteria	Alphaproteobacteria	0.5964	0.154	1166.0	DUF900	DUF900	False
AF-A0A839DJX2-F1					Agrobacterium sp. RC10-4-1	Bacteria	Proteobacteria	Alphaproteobacteria	0.5701	0.188	1170.0	DUF900;Abhydrolase_6	DUF900	False
AF-A0A7W6QRZ8-F1					Rhodoblastus acidophilus	Bacteria	Proteobacteria	Alphaproteobacteria	0.6074	0.135	1173.0	DUF900	DUF900	False
AF-A0A7Y5PN99-F1					Candidatus Omnitrophica bacterium	Bacteria	Candidatus Omnitrophica		0.5736	0.193	1174.0	DUF900	DUF900	False
AF-A0A4Z0SQ66-F1					Rhizobium sp. SEMIA 439	Bacteria	Proteobacteria	Alphaproteobacteria	0.5712	0.168	1176.0	DUF900;Abhydrolase_6	DUF900	False
AF-A0A1S7QS27-F1					Agrobacterium genomosp. 5 str. CFBP 6626	Bacteria	Proteobacteria	Alphaproteobacteria	0.6232	0.149	1177.0	DUF900;Abhydrolase_6	DUF900	False
AF-A0A7W5RK98-F1					Rhizobium sp. BK393	Bacteria	Proteobacteria	Alphaproteobacteria	0.4806	0.157	1179.0	Pentapeptide;DUF900	DUF900	False
AF-A0A285XFV5-F1					Ensifer adhaerens	Bacteria	Proteobacteria	Alphaproteobacteria	0.6074	0.145	1184.0	DUF900;Abhydrolase_6	DUF900	False
AF-A0A2S8U2Q3-F1					Ochrobactrum sp. MYb71	Bacteria	Proteobacteria	Alphaproteobacteria	0.5724	0.167	1186.0	DUF900;Abhydrolase_6	DUF900	False
AF-A0A7T4I739-F1					Brucella anthropi	Bacteria	Proteobacteria	Alphaproteobacteria	0.614	0.159	1187.0	DUF900;Abhydrolase_6	DUF900	False
AF-A0A0Q5EQE6-F1					Rhizobium sp. Leaf311	Bacteria	Proteobacteria	Alphaproteobacteria	0.6209	0.144	1190.0	DUF900;Abhydrolase_6	DUF900	False
AF-A0A2Z3G1S1-F1					Sinorhizobium fredii CCBAU 25509	Bacteria	Proteobacteria	Alphaproteobacteria	0.5933	0.144	1192.0	DUF900	DUF900	False
AF-A0A0K2DFU5-F1					Chelatococcus sp. CO-6	Bacteria	Proteobacteria	Alphaproteobacteria	0.5929	0.13	1195.0	DUF900;Abhydrolase_6	DUF900	False
AF-A0A6B8LZ07-F1					Methylocystis rosea	Bacteria	Proteobacteria	Alphaproteobacteria	0.5891	0.155	1200.0	DUF900	DUF900	False
AF-A0A2V4YM88-F1					Ensifer sp. AP48	Bacteria	Proteobacteria	Alphaproteobacteria	0.5895	0.144	1201.0	DUF900	DUF900	False
AF-A0A1B9T2N7-F1					Agrobacterium tumefaciens	Bacteria	Proteobacteria	Alphaproteobacteria	0.5749	0.169	1202.0	DUF900;Abhydrolase_6	DUF900	False
AF-A0A0Q4WGD8-F1					Rhizobium sp. Leaf262	Bacteria	Proteobacteria	Alphaproteobacteria	0.6142	0.14	1205.0	DUF900;Abhydrolase_6	DUF900	False
AF-A0A546WTN7-F1					Agrobacterium rhizogenes	Bacteria	Proteobacteria	Alphaproteobacteria	0.5795	0.164	1211.0	DUF900;Abhydrolase_6	DUF900	False
AF-A0A7T9NVR1-F1					Sphingobacterium multivorum	Bacteria	Bacteroidota	Sphingobacteriia	0.4867	0.132	1216.0	DUF900	DUF900	False
AF-A0A840M201-F1					Agrobacterium vitis	Bacteria	Proteobacteria	Alphaproteobacteria	0.6154	0.176	1221.0	DUF900;Abhydrolase_6	DUF900	False
AF-A0A7G6S792-F1					Rhizobium lusitanum	Bacteria	Proteobacteria	Alphaproteobacteria	0.566	0.166	1223.0	DUF900;Abhydrolase_6	DUF900	False
AF-A0A1B9TI54-F1					Agrobacterium rubi	Bacteria	Proteobacteria	Alphaproteobacteria	0.6374	0.144	1226.0	DUF900;Abhydrolase_6	DUF900	False
AF-A0A7T8HW79-F1					Thiohalocapsa sp. PB-PSB1	Bacteria	Proteobacteria	Gammaproteobacteria	0.5217	0.17	1230.0	DUF900	DUF900	False
AF-A0A1S7NPE7-F1					Agrobacterium deltaense RV3	Bacteria	Proteobacteria	Alphaproteobacteria	0.5635	0.173	1232.0	DUF900;Abhydrolase_6	DUF900	False
AF-A0A0E0UMA9-F1					Sinorhizobium meliloti BL225C	Bacteria	Proteobacteria	Alphaproteobacteria	0.5862	0.133	1233.0	DUF900	DUF900	False
AF-A0A844A0T7-F1					Sinorhizobium meliloti	Bacteria	Proteobacteria	Alphaproteobacteria	0.587	0.14	1234.0	DUF900	DUF900	False
AF-A0A0K6H707-F1					Chelatococcus sambhunathii	Bacteria	Proteobacteria	Alphaproteobacteria	0.5724	0.142	1237.0	DUF900;Abhydrolase_6	DUF900	False
AF-A0A7T9LWU4-F1					Sphingobacterium spiritivorum	Bacteria	Bacteroidota	Sphingobacteriia	0.4945	0.155	1238.0	DUF900	DUF900	False
AF-A0A846LH15-F1					Agrobacterium sp. NCIB 9042	Bacteria	Proteobacteria	Alphaproteobacteria	0.5656	0.152	1239.0	DUF900	DUF900	False
AF-A0A2V5CNC1-F1					Rhizobium sp. UGM030330-04	Bacteria	Proteobacteria	Alphaproteobacteria	0.617	0.149	1253.0	DUF900;Abhydrolase_6	DUF900	False
AF-A0A7Y8T3I1-F1					Rhizobium sp. RM	Bacteria	Proteobacteria	Alphaproteobacteria	0.6106	0.148	1254.0	DUF900;Abhydrolase_6	DUF900	False
AF-A0A807W6Q8-F1					Sinorhizobium meliloti	Bacteria	Proteobacteria	Alphaproteobacteria	0.5936	0.138	1256.0	DUF900	DUF900	False
AF-A0A7W3PZS5-F1					Ochrobactrum sp. RH1CCR134	Bacteria	Proteobacteria	Alphaproteobacteria	0.5937	0.152	1258.0	DUF900;Abhydrolase_6	DUF900	False
AF-A0A4Y6ISD0-F1					Mycobacteroides chelonae	Bacteria	Actinobacteria	Actinomycetia	0.5964	0.123	1260.0		No Pfam hit	False
AF-A0A7U4TZS4-F1					Mycobacterium sp. QIA-37	Bacteria	Actinobacteria	Actinomycetia	0.5661	0.129	1261.0		No Pfam hit	False
AF-A0A1G5ZMU9-F1					Sinorhizobium sp. NFACC03	Bacteria	Proteobacteria	Alphaproteobacteria	0.5838	0.143	1263.0	DUF900	DUF900	False
AF-A0A0Q8FFJ5-F1					Rhizobium sp. Root651	Bacteria	Proteobacteria	Alphaproteobacteria	0.6075	0.141	1265.0	DUF900;Abhydrolase_6	DUF900	False
AF-A0A0D8KB11-F1					Rhizobium nepotum 39/7	Bacteria	Proteobacteria	Alphaproteobacteria	0.6223	0.148	1266.0	DUF900;Abhydrolase_6	DUF900	False
AF-F7U4J0-F1					Agrobacterium tumefaciens F2	Bacteria	Proteobacteria	Alphaproteobacteria	0.6224	0.13	1267.0	DUF900;Abhydrolase_6	DUF900	False
AF-A0A1W2DHL9-F1					Chryseobacterium sp. YR221	Bacteria	Bacteroidota	Flavobacteriia	0.5108	0.152	1270.0	DUF900	DUF900	False
AF-A0A846TLD1-F1					Brucella anthropi ATCC 49188	Bacteria	Proteobacteria	Alphaproteobacteria	0.6049	0.154	1274.0	DUF900;Abhydrolase_6	DUF900	False
AF-A0A543QV25-F1					Agrobacterium tumefaciens	Bacteria	Proteobacteria	Alphaproteobacteria	0.6252	0.149	1276.0	DUF900;Abhydrolase_6	DUF900	False
AF-A0A7T9P280-F1					Sphingobacterium spiritivorum	Bacteria	Bacteroidota	Sphingobacteriia	0.5031	0.169	1281.0	DUF900	DUF900	False
AF-A0A2R2IMI5-F1					Bacillus cereus	Bacteria	Firmicutes	Bacilli	0.5801	0.164	1287.0		No Pfam hit	False
AF-A0A285Y4P4-F1					Rhizobium sp. AN5	Bacteria	Proteobacteria	Alphaproteobacteria	0.6173	0.147	1290.0	DUF900;Abhydrolase_6	DUF900	False
AF-A0A846L5R9-F1					Agrobacterium sp. NCIB 9042	Bacteria	Proteobacteria	Alphaproteobacteria	0.6233	0.146	1291.0	DUF900;Abhydrolase_6	DUF900	False
AF-A0A4D7Y6R5-F1					Agrobacterium tumefaciens	Bacteria	Proteobacteria	Alphaproteobacteria	0.611	0.145	1292.0	DUF900;Abhydrolase_6	DUF900	False
AF-A0A7X5YNN2-F1					Sphingobacterium kitahiroshimense	Bacteria	Bacteroidota	Sphingobacteriia	0.461	0.154	1294.0	DUF900	DUF900	False
AF-A0A3L6VTY9-F1					Aphanomyces astaci	Eukaryota	Oomycota		0.4954	0.16	1305.0	DUF726;DUF900	DUF900	False
AF-A0A7U2K6J5-F1					Sulfitobacter mediterraneus	Bacteria	Proteobacteria	Alphaproteobacteria	0.5844	0.16	1309.0	Pentapeptide;DUF900	DUF900	False
AF-A0A1P8E4T1-F1					Sphingobacterium sp. B29	Bacteria	Bacteroidota	Sphingobacteriia	0.4901	0.132	1315.0	DUF900	DUF900	False
AF-A0A7W2GMD5-F1					Hyphomicrobiales bacterium	Bacteria	Proteobacteria	Alphaproteobacteria	0.5712	0.168	1320.0	DUF900;Abhydrolase_6	DUF900	False
AF-A0A7Z8KAE8-F1					Rhizobium sp. AU243	Bacteria	Proteobacteria	Alphaproteobacteria	0.6105	0.146	1322.0	DUF900;Abhydrolase_6	DUF900	False
AF-A0A1S7SM76-F1					Agrobacterium fabacearum CFBP 5771	Bacteria	Proteobacteria	Alphaproteobacteria	0.606	0.147	1324.0	DUF900;Abhydrolase_6	DUF900	False
AF-A0A024J4D2-F1					Agrobacterium tumefaciens	Bacteria	Proteobacteria	Alphaproteobacteria	0.5339	0.139	1326.0	DUF900	DUF900	False
AF-A0A357X5D9-F1					Agrobacterium sp.	Bacteria	Proteobacteria	Alphaproteobacteria	0.6099	0.144	1336.0	DUF900;Abhydrolase_6	DUF900	False
AF-A0A178H7J1-F1					Agrobacterium rhizogenes	Bacteria	Proteobacteria	Alphaproteobacteria	0.6085	0.143	1344.0	DUF900;Abhydrolase_6	DUF900	False
AF-A0A5M8UK61-F1					Agrobacterium sp. ICMP 7243	Bacteria	Proteobacteria	Alphaproteobacteria	0.5621	0.165	1351.0	DUF900;Abhydrolase_6	DUF900	False
AF-A0A7I0RCN2-F1					Agrobacterium sp. CGMCC 11546	Bacteria	Proteobacteria	Alphaproteobacteria	0.6143	0.143	1353.0	DUF900;Abhydrolase_6	DUF900	False
AF-A0A4Z1QFK4-F1					Agrobacterium tumefaciens	Bacteria	Proteobacteria	Alphaproteobacteria	0.6299	0.142	1354.0	DUF900;Abhydrolase_6	DUF900	False
AF-A0A1S7Q6Q9-F1					Agrobacterium tumefaciens str. CFBP 5621	Bacteria	Proteobacteria	Alphaproteobacteria	0.6073	0.15	1355.0	DUF900;Abhydrolase_6	DUF900	False
AF-A0A7H1JPA3-F1					Empedobacter stercoris	Bacteria	Bacteroidota	Flavobacteriia	0.5057	0.142	1361.0	DUF900	DUF900	False
AF-A0A328ZU67-F1					Nitrosospira multiformis	Bacteria	Proteobacteria	Betaproteobacteria	0.5428	0.125	1362.0	DUF900;Abhydrolase_6	DUF900	False
AF-A0A2S5TUN9-F1					Kaistia algarum	Bacteria	Proteobacteria	Alphaproteobacteria	0.5697	0.164	1364.0	DUF900	DUF900	False
AF-A0A7W5PWR4-F1					Rhizobium sp. BK312	Bacteria	Proteobacteria	Alphaproteobacteria	0.5269	0.157	1365.0	DUF900;Abhydrolase_6	DUF900	False
AF-A0A0Q8B8B1-F1					Rhizobium sp. Root564	Bacteria	Proteobacteria	Alphaproteobacteria	0.5815	0.135	1368.0	DUF900;Abhydrolase_6	DUF900	False
AF-A0A0L6K392-F1					Agrobacterium sp. SUL3	Bacteria	Proteobacteria	Alphaproteobacteria	0.6069	0.141	1373.0	DUF900;Abhydrolase_6	DUF900	False
AF-A0A7T9NIZ8-F1					Sphingobacterium spiritivorum	Bacteria	Bacteroidota	Sphingobacteriia	0.4703	0.165	1375.0	DUF900	DUF900	False
AF-A0A546Z2P8-F1					Agrobacterium tumefaciens	Bacteria	Proteobacteria	Alphaproteobacteria	0.57	0.16	1380.0	DUF900;Abhydrolase_6	DUF900	False
AF-A0A1G5J1H7-F1					Rhizobium sp. NFACC06-2	Bacteria	Proteobacteria	Alphaproteobacteria	0.612	0.146	1389.0	DUF900;Abhydrolase_6	DUF900	False
AF-A0A7T9BLX7-F1					Candidatus Melainabacteria bacterium	Bacteria	Candidatus Melainabacteria		0.4719	0.194	1391.0	DUF900	DUF900	False
AF-A0A1M9FT92-F1					Mycobacteroides abscessus subsp. abscessus	Bacteria	Actinobacteria	Actinomycetia	0.5617	0.098	1395.0		No Pfam hit	False
AF-A0A0E3XRT1-F1					Mycobacteroides chelonae	Bacteria	Actinobacteria	Actinomycetia	0.581	0.13	1398.0		No Pfam hit	False
AF-A0A7T8CXQ5-F1					Thiohalocapsa sp. PB-PSB1	Bacteria	Proteobacteria	Gammaproteobacteria	0.4605	0.153	1399.0	DUF900	DUF900	False
AF-A0A4S5J807-F1					Ensifer sp. MPMI2T	Bacteria	Proteobacteria	Alphaproteobacteria	0.557	0.128	1400.0	DUF900	DUF900	False
AF-A0A176XPC1-F1					Achromobacter xylosoxidans	Bacteria	Proteobacteria	Betaproteobacteria	0.4734	0.128	1404.0	DUF900	DUF900	False
AF-A0A811GZH0-F1					Achromobacter mucicolens	Bacteria	Proteobacteria	Betaproteobacteria	0.4956	0.118	1405.0	DUF900	DUF900	False
AF-A0A024IRR4-F1					Agrobacterium tumefaciens	Bacteria	Proteobacteria	Alphaproteobacteria	0.612	0.146	1406.0	DUF900;Abhydrolase_6	DUF900	False
AF-A0A083ZP30-F1					Agrobacterium tumefaciens	Bacteria	Proteobacteria	Alphaproteobacteria	0.6183	0.145	1415.0	DUF900;Abhydrolase_6	DUF900	False
AF-A0A2A3HVL8-F1					Streptomyces sp. TLI_235	Bacteria	Actinobacteria	Actinomycetia	0.5676	0.143	1430.0		No Pfam hit	False
AF-A0A7Y5IBY6-F1					Pseudanabaena biceps	Bacteria	Cyanobacteria		0.6012	0.167	1439.0	DUF900;OmpA	DUF900	False
AF-A0A2T5YBR0-F1					Sphingobacterium faecium NBRC 15299	Bacteria	Bacteroidota	Sphingobacteriia	0.4663	0.155	1440.0	DUF900	DUF900	False
AF-A0A420FR19-F1					Agrobacterium deltaense	Bacteria	Proteobacteria	Alphaproteobacteria	0.6066	0.146	1443.0	DUF900;Abhydrolase_6	DUF900	False
AF-A0A7W3WB17-F1					Rhizobium sp. G21	Bacteria	Proteobacteria	Alphaproteobacteria	0.5929	0.179	1446.0	DUF900	DUF900	False
AF-A0A8B4DSJ2-F1					Mycobacteroides abscessus subsp. massiliense	Bacteria	Actinobacteria	Actinomycetia	0.5501	0.1	1447.0		No Pfam hit	False
AF-A0A5P2GBG3-F1					Empedobacter brevis	Bacteria	Bacteroidota	Flavobacteriia	0.479	0.154	1462.0	DUF900	DUF900	False
AF-A0A809GQ23-F1					[Mycobacterium] chelonae subsp. gwanakae	Bacteria	Actinobacteria	Actinomycetia	0.5415	0.142	1469.0		No Pfam hit	False
AF-A0A7C1QKF1-F1					Halopseudomonas sabulinigri	Bacteria	Proteobacteria	Gammaproteobacteria	0.5423	0.161	1470.0	DUF900	DUF900	False
AF-A0A3D1D6C2-F1					Flavobacteriaceae bacterium	Bacteria	Bacteroidota	Flavobacteriia	0.4736	0.143	1476.0	DUF900	DUF900	False
AF-A0A348Y0A2-F1					Flavobacteriaceae bacterium	Bacteria	Bacteroidota	Flavobacteriia	0.4719	0.138	1484.0	DUF900	DUF900	False
AF-A0A329LAU2-F1					Mycolicibacter senuensis	Bacteria	Actinobacteria	Actinomycetia	0.481	0.119	1486.0		No Pfam hit	False
AF-A0A7T8CYI3-F1					Thiohalocapsa sp. PB-PSB1	Bacteria	Proteobacteria	Gammaproteobacteria	0.5274	0.141	1489.0	DUF900	DUF900	False
AF-A0A5C7QIA3-F1					Bacteroidia bacterium	Bacteria	Bacteroidota	Bacteroidia	0.451	0.183	1492.0	DUF900	DUF900	False
AF-A0A7Y4K7G3-F1					Achromobacter deleyi	Bacteria	Proteobacteria	Betaproteobacteria	0.5473	0.107	1496.0	DUF900	DUF900	False
AF-A0A2E8PHU7-F1					Rhodobacteraceae bacterium	Bacteria	Proteobacteria	Alphaproteobacteria	0.5336	0.17	1515.0		No Pfam hit	False
AF-A0A2E9DKQ8-F1					Oceanospirillaceae bacterium	Bacteria	Proteobacteria	Gammaproteobacteria	0.5158	0.143	1517.0	DUF726	DUF726	False
AF-A0A2R7SV41-F1					Pseudomonas sp. HMWF010	Bacteria	Proteobacteria	Gammaproteobacteria	0.5935	0.157	1523.0	DUF900	DUF900	False
AF-A0A854PV54-F1					Achromobacter sp. KAs 3-5	Bacteria	Proteobacteria	Betaproteobacteria	0.4568	0.126	1527.0	DUF900	DUF900	False
AF-A0A1I7DJ07-F1					Pseudomonas marincola	Bacteria	Proteobacteria	Gammaproteobacteria	0.5594	0.171	1530.0	DUF900	DUF900	False
AF-A0A8B5V3N1-F1					Achromobacter sp. SLBN-14	Bacteria	Proteobacteria	Betaproteobacteria	0.4569	0.126	1531.0	DUF900	DUF900	False
AF-A0A3E0NGJ7-F1					Proteobacteria bacterium	Bacteria	Proteobacteria		0.4661	0.158	1543.0	DUF900	DUF900	False
AF-A0A1N5VGC1-F1					Mycobacteroides abscessus subsp. bolletii	Bacteria	Actinobacteria	Actinomycetia	0.5434	0.104	1548.0		No Pfam hit	False
AF-A0A1S7MFQ3-F1					Agrobacterium fabacearum S56	Bacteria	Proteobacteria	Alphaproteobacteria	0.5515	0.132	1552.0	DUF900;Abhydrolase_6	DUF900	False
AF-A0A1G3DNV3-F1					Pseudomonadales bacterium RIFCSPHIGHO2_02_FULL_60_43	Bacteria	Proteobacteria	Gammaproteobacteria	0.5341	0.182	1557.0	DUF900	DUF900	False
AF-A0A2E8IMG2-F1					Pseudomonadaceae bacterium	Bacteria	Proteobacteria	Gammaproteobacteria	0.5188	0.165	1564.0	DUF900	DUF900	False
AF-A0A1W9K0E8-F1					Proteobacteria bacterium ST_bin14	Bacteria	Proteobacteria		0.487	0.169	1565.0	DUF900	DUF900	False
AF-A0A2H6L8F9-F1					Microcystis aeruginosa NIES-87	Bacteria	Cyanobacteria		0.4432	0.155	1568.0		No Pfam hit	False
AF-A0A1E5X355-F1					Pseudomonas sp. J237	Bacteria	Proteobacteria	Gammaproteobacteria	0.5617	0.162	1575.0	DUF900	DUF900	False
AF-A0A6I4PR56-F1					Actinomadura sp. J1-007	Bacteria	Actinobacteria	Actinomycetia	0.4686	0.136	1585.0	Abhydrolase_8	Other α/β hydrolase (CL0028)	False
AF-A0A5P2GDK4-F1					Empedobacter brevis	Bacteria	Bacteroidota	Flavobacteriia	0.4766	0.148	1586.0	DUF900	DUF900	False
AF-A0A1D8C026-F1					Actinoalloteichus hymeniacidonis	Bacteria	Actinobacteria	Actinomycetia	0.4564	0.172	1594.0	Abhydrolase_8	Other α/β hydrolase (CL0028)	False
AF-A0A2V2SRD4-F1					Candidatus Rokubacteria bacterium	Bacteria	Candidatus Rokubacteria		0.4889	0.13	1595.0		No Pfam hit	False
AF-A0A4Q6D298-F1					Moraxellaceae bacterium	Bacteria	Proteobacteria	Gammaproteobacteria	0.4031	0.181	1606.0	DUF900	DUF900	False
AF-A0A0Q8BSX5-F1					Achromobacter sp. Root565	Bacteria	Proteobacteria	Betaproteobacteria	0.4955	0.118	1609.0	DUF900	DUF900	False
AF-A0A1G4SDT5-F1					Pseudomonas peli	Bacteria	Proteobacteria	Gammaproteobacteria	0.5449	0.178	1617.0	DUF900	DUF900	False
AF-A0A7T8CW98-F1					Thiohalocapsa sp. PB-PSB1	Bacteria	Proteobacteria	Gammaproteobacteria	0.4689	0.148	1619.0	DUF900;Abhydrolase_6	DUF900	False
AF-A0A1Q9SX46-F1					Actinomadura sp. CNU-125	Bacteria	Actinobacteria	Actinomycetia	0.4415	0.179	1625.0	Abhydrolase_8	Other α/β hydrolase (CL0028)	False
AF-A0A8B4F787-F1					Mycobacteroides abscessus subsp. abscessus	Bacteria	Actinobacteria	Actinomycetia	0.472	0.101	1628.0		No Pfam hit	False
AF-A0A166WAL8-F1					Leptolyngbya valderiana BDU 20041	Bacteria	Cyanobacteria		0.5226	0.125	1629.0	DUF900	DUF900	False
AF-A0A6I4PUL1-F1					Actinomadura sp. J1-007	Bacteria	Actinobacteria	Actinomycetia	0.4859	0.153	1632.0	Abhydrolase_8	Other α/β hydrolase (CL0028)	False
AF-A0A418LD35-F1					Mycobacteroides abscessus	Bacteria	Actinobacteria	Actinomycetia	0.4755	0.101	1635.0		No Pfam hit	False
AF-A0A8B3D4Z5-F1					Mycobacteroides abscessus	Bacteria	Actinobacteria	Actinomycetia	0.4683	0.103	1645.0		No Pfam hit	False
AF-A0A1U0ZFC5-F1					Mycobacteroides abscessus subsp. massiliense	Bacteria	Actinobacteria	Actinomycetia	0.4538	0.103	1650.0		No Pfam hit	False
AF-R4UZ76-F1					Mycobacteroides abscessus subsp. bolletii 50594	Bacteria	Actinobacteria	Actinomycetia	0.4664	0.103	1655.0		No Pfam hit	False
AF-A0A8B0IDN6-F1					Flavobacteriaceae bacterium	Bacteria	Bacteroidota	Flavobacteriia	0.4145	0.175	1658.0	DUF900	DUF900	False
AF-A0A8B4EHW5-F1					Mycobacteroides abscessus subsp. bolletii	Bacteria	Actinobacteria	Actinomycetia	0.4802	0.11	1661.0		No Pfam hit	False
AF-A0A1X2DLM6-F1					Mycolicibacter terrae	Bacteria	Actinobacteria	Actinomycetia	0.4615	0.109	1667.0		No Pfam hit	False
AF-A0A8B4DS73-F1					Mycobacteroides abscessus subsp. abscessus	Bacteria	Actinobacteria	Actinomycetia	0.4536	0.1	1691.0		No Pfam hit	False
AF-A0A1M3AY90-F1					Microbacterium sp. 70-38	Bacteria	Actinobacteria	Actinomycetia	0.417	0.174	1695.0	Abhydrolase_8	Other α/β hydrolase (CL0028)	False
AF-A0A316B1M9-F1					Rathayibacter iranicus NCPPB 2253 = VKM Ac-1602	Bacteria	Actinobacteria	Actinomycetia	0.3973	0.143	1726.0	Abhydrolase_8	Other α/β hydrolase (CL0028)	False
AF-A0A433CDQ1-F1					Gordonia sp.	Bacteria	Actinobacteria	Actinomycetia	0.4315	0.132	1731.0	Cutinase	Other α/β hydrolase (CL0028)	False
AF-A0A4R7MP73-F1					Streptomyces sp. 846.5	Bacteria	Actinobacteria	Actinomycetia	0.471	0.136	1735.0	Abhydrolase_8	Other α/β hydrolase (CL0028)	False
AF-A0A1A0WQH7-F1					Mycobacterium sp. 852013-50091_SCH5140682	Bacteria	Actinobacteria	Actinomycetia	0.3978	0.152	1744.0	Cutinase	Other α/β hydrolase (CL0028)	False
AF-A0A1X2BGJ8-F1					Mycolicibacterium peregrinum	Bacteria	Actinobacteria	Actinomycetia	0.4073	0.149	1748.0	Cutinase	Other α/β hydrolase (CL0028)	False
AF-A0A7I7N1Y1-F1					Mycolicibacterium boenickei	Bacteria	Actinobacteria	Actinomycetia	0.4049	0.156	1752.0	Cutinase	Other α/β hydrolase (CL0028)	False
AF-A0A7T5WJP3-F1					Mycobacteroides chelonae	Bacteria	Actinobacteria	Actinomycetia	0.4074	0.166	1753.0	Abhydrolase_8	Other α/β hydrolase (CL0028)	False
AF-A0A809GTW8-F1					[Mycobacterium] chelonae subsp. gwanakae	Bacteria	Actinobacteria	Actinomycetia	0.3946	0.167	1755.0	Abhydrolase_8	Other α/β hydrolase (CL0028)	False
AF-A0A4R1X9Q0-F1					Promicromonospora sp. CF082	Bacteria	Actinobacteria	Actinomycetia	0.3961	0.165	1767.0	Abhydrolase_8	Other α/β hydrolase (CL0028)	False
AF-A0A2S8KLA3-F1					Mycobacterium sp. ITM-2016-00316	Bacteria	Actinobacteria	Actinomycetia	0.4423	0.13	1773.0	Cutinase	Other α/β hydrolase (CL0028)	False
AF-A0A2N0K334-F1					Kitasatospora sp. OK780	Bacteria	Actinobacteria	Actinomycetia	0.3987	0.141	1784.0		No Pfam hit	False
AF-A0A2E1GBE0-F1					Gordonia sp.	Bacteria	Actinobacteria	Actinomycetia	0.418	0.129	1803.0	Cutinase	Other α/β hydrolase (CL0028)	False
AF-A0A4R6HHK0-F1					Mycobacterium sp. BK086	Bacteria	Actinobacteria	Actinomycetia	0.4006	0.12	1805.0	Cutinase	Other α/β hydrolase (CL0028)	False
AF-A0A1C3YT88-F1					Gordonia sp. v-85	Bacteria	Actinobacteria	Actinomycetia	0.3871	0.112	1806.0	Cutinase	Other α/β hydrolase (CL0028)	False
AF-A0A5P8ZX79-F1					Mycobacterium sp. THAF192	Bacteria	Actinobacteria	Actinomycetia	0.3978	0.136	1823.0	Cutinase	Other α/β hydrolase (CL0028)	False
AF-A0A1E7YG93-F1					Mycolicibacterium sp. (ex Dasyatis americana)	Bacteria	Actinobacteria	Actinomycetia	0.3098	0.166	1832.0	Cutinase	Other α/β hydrolase (CL0028)	False
AF-A0A1Q4U5Q8-F1					Mycobacterium sp. ST-F2	Bacteria	Actinobacteria	Actinomycetia	0.3477	0.13	1846.0	Cutinase	Other α/β hydrolase (CL0028)	False
AF-A0A542NNP7-F1					Arthrobacter sp. SLBN-53	Bacteria	Actinobacteria	Actinomycetia	0.365	0.145	1849.0	Cutinase	Other α/β hydrolase (CL0028)	False
AF-A0A0Q9JC35-F1					Mycobacterium sp. Soil538	Bacteria	Actinobacteria	Actinomycetia	0.405	0.141	1859.0	Cutinase	Other α/β hydrolase (CL0028)	False
AF-A0A420PTF5-F1					Fusarium oxysporum	Eukaryota	Ascomycota	Sordariomycetes	0.4518	0.135	1873.0	Abhydrolase_6;DUF676;NB-ARC;TPR_12;TPR_10;TPR_7;TPR_8	DUF676	False
AF-A0A2S8KFW9-F1					Mycobacterium sp. ITM-2016-00318	Bacteria	Actinobacteria	Actinomycetia	0.4138	0.134	1878.0	Cutinase	Other α/β hydrolase (CL0028)	False
AF-A0A420QJI1-F1					Fusarium oxysporum	Eukaryota	Ascomycota	Sordariomycetes	0.4492	0.122	1897.0	Abhydrolase_6;DUF676;NB-ARC;TPR_12;TPR_8;TPR_5;TPR_10;TPR_7;TPR_16	DUF676	False
AF-A0A3F3RPD7-F1					Aspergillus niger	Eukaryota	Ascomycota	Eurotiomycetes	0.4494	0.104	1904.0	DUF7779;TPR_10;TPR_12	Other Pfam	False
AF-A0A1A1WYS9-F1					Mycobacterium sp. ACS4331	Bacteria	Actinobacteria	Actinomycetia	0.3641	0.13	1905.0	Cutinase	Other α/β hydrolase (CL0028)	False
AF-A0A447CLY2-F1					Podospora comata	Eukaryota	Ascomycota	Sordariomycetes	0.4215	0.099	1909.0	Cutinase	Other α/β hydrolase (CL0028)	False
AF-A0A5P2UAF6-F1					Kluyveromyces lactis	Eukaryota	Ascomycota	Saccharomycetes	0.3453	0.113	1913.0	DUF676;Palm_thioest	DUF676	False
AF-A0A1B2ULT2-F1					Rhodococcus sp. p52	Bacteria	Actinobacteria	Actinomycetia	0.3358	0.163	1916.0	Cutinase	Other α/β hydrolase (CL0028)	False
AF-A0A857M3E9-F1					Gordonia amarae	Bacteria	Actinobacteria	Actinomycetia	0.4067	0.105	1923.0	Cutinase	Other α/β hydrolase (CL0028)	False
AF-A0A4Q7K8Q9-F1					Pochonia chlamydosporia 123	Eukaryota	Ascomycota	Sordariomycetes	0.4782	0.117	1925.0	DUF676;NB-ARC	DUF676	False
AF-A0A2S8KM62-F1					Mycolicibacterium austroafricanum	Bacteria	Actinobacteria	Actinomycetia	0.3683	0.122	1933.0	Cutinase	Other α/β hydrolase (CL0028)	False
AF-A0A2H2ISB3-F1					Caenorhabditis japonica	Eukaryota	Nematoda	Chromadorea	0.4308	0.136	1940.0	PGAP1	Other α/β hydrolase (CL0028)	False
AF-G0SVN3-F1					Rhodotorula toruloides ATCC 204091	Eukaryota	Basidiomycota	Microbotryomycetes	0.373	0.127	1941.0	Dioxygenase_C;DUF676	DUF676	False
AF-G7X6Z2-F1					Aspergillus luchuensis IFO 4308	Eukaryota	Ascomycota	Eurotiomycetes	0.4361	0.125	1953.0	NACHT;TPR_10;TPR_12;TPR_7	P-loop NTPase (CL0023)	False
AF-A0A857LEB5-F1					Gordonia pseudamarae	Bacteria	Actinobacteria	Actinomycetia	0.3983	0.1	1960.0	Cutinase	Other α/β hydrolase (CL0028)	False
AF-A0A2P2H5V4-F1					Aspergillus flavus AF70	Eukaryota	Ascomycota	Eurotiomycetes	0.4432	0.109	1965.0		No Pfam hit	False
AF-A0A366RFS3-F1					Fusarium verticillioides	Eukaryota	Ascomycota	Sordariomycetes	0.3949	0.129	1990.0	DEAD	P-loop NTPase (CL0023)	False
AF-A0A1S7HPY9-F1					Zygosaccharomyces parabailii	Eukaryota	Ascomycota	Saccharomycetes	0.3377	0.133	1998.0	DUF676	DUF676	False
AF-A0A420Q2D1-F1					Fusarium oxysporum	Eukaryota	Ascomycota	Sordariomycetes	0.4569	0.121	2001.0	NB-ARC;TPR_12;TPR_10;TPR_16	P-loop NTPase (CL0023)	False
AF-A0A4Q7QWR8-F1					Mycobacterium sp. BK558	Bacteria	Actinobacteria	Actinomycetia	0.3574	0.133	2003.0	Cutinase	Other α/β hydrolase (CL0028)	False
AF-A0A7I7TUE4-F1					Mycobacterium paraintracellulare	Bacteria	Actinobacteria	Actinomycetia	0.3556	0.125	2005.0	Cutinase	Other α/β hydrolase (CL0028)	False
AF-A0A7Y8P5R0-F1					Pseudonocardia pini	Bacteria	Actinobacteria	Actinomycetia	0.3525	0.155	2009.0	Abhydrolase_8	Other α/β hydrolase (CL0028)	False
AF-S4Z8E9-F1					Mycobacterium intracellulare subsp. yongonense 05-1390	Bacteria	Actinobacteria	Actinomycetia	0.357	0.124	2026.0	Cutinase	Other α/β hydrolase (CL0028)	False
AF-A0A2D6LG63-F1					Dehalococcoidales bacterium	Bacteria	Chloroflexi	Dehalococcoidia	0.2721	0.153	2027.0		No Pfam hit	False
AF-A0A419YYI2-F1					Rhodococcus pyridinivorans	Bacteria	Actinobacteria	Actinomycetia	0.3336	0.157	2031.0	Cutinase	Other α/β hydrolase (CL0028)	False
AF-A0A7T7LMF5-F1					Rhodococcus pyridinivorans	Bacteria	Actinobacteria	Actinomycetia	0.3597	0.13	2032.0	Cutinase	Other α/β hydrolase (CL0028)	False
AF-A0A329L1Q7-F1					Mycolicibacter senuensis	Bacteria	Actinobacteria	Actinomycetia	0.349	0.135	2040.0	Cutinase	Other α/β hydrolase (CL0028)	False
AF-A0A7R7BMP8-F1					Mesorhizobium sp. 131-3-5	Bacteria	Proteobacteria	Alphaproteobacteria	0.3533	0.137	2042.0		No Pfam hit	False
AF-A0A495MW15-F1					Rhodococcus pyridinivorans	Bacteria	Actinobacteria	Actinomycetia	0.3335	0.148	2046.0	Cutinase	Other α/β hydrolase (CL0028)	False
AF-A0A385LIC1-F1					Rhodococcus rhodochrous	Bacteria	Actinobacteria	Actinomycetia	0.3316	0.153	2047.0	Cutinase	Other α/β hydrolase (CL0028)	False
AF-A0A2W1W151-F1					Curtobacterium sp. MCPF17_021	Bacteria	Actinobacteria	Actinomycetia	0.3783	0.133	2051.0	Cutinase	Other α/β hydrolase (CL0028)	False
AF-A0A7Y6B9Q8-F1					Curtobacterium luteum	Bacteria	Actinobacteria	Actinomycetia	0.3712	0.108	2052.0	Cutinase	Other α/β hydrolase (CL0028)	False
AF-A0A260EDQ2-F1					Rhodococcus sp. 06-156-3	Bacteria	Actinobacteria	Actinomycetia	0.3221	0.154	2064.0	Cutinase	Other α/β hydrolase (CL0028)	False
AF-A0A059MGA3-F1					Rhodococcus aetherivorans	Bacteria	Actinobacteria	Actinomycetia	0.3126	0.182	2065.0	Cutinase	Other α/β hydrolase (CL0028)	False
AF-A0A1S7HC23-F1					Zygosaccharomyces parabailii	Eukaryota	Ascomycota	Saccharomycetes	0.3515	0.109	2066.0	DUF676;PGAP1	DUF676	False
AF-A0A2S8MC77-F1					Mycobacterium sp. ITM-2016-00317	Bacteria	Actinobacteria	Actinomycetia	0.3279	0.146	2068.0	Cutinase	Other α/β hydrolase (CL0028)	False
AF-A0A2N7SSK0-F1					Mesorhizobium intechi	Bacteria	Proteobacteria	Alphaproteobacteria	0.3815	0.141	2071.0		No Pfam hit	False
AF-A0A212M9U0-F1					Zygosaccharomyces bailii	Eukaryota	Ascomycota	Saccharomycetes	0.3586	0.118	2074.0	DUF676;PGAP1	DUF676	False
AF-D8K0U7-F1					Dehalogenimonas lykanthroporepellens BL-DC-9	Bacteria	Chloroflexi	Dehalococcoidia	0.2759	0.175	2080.0		No Pfam hit	False
AF-A0A260T8P3-F1					Rhodococcus sp. 14-2686-1-2	Bacteria	Actinobacteria	Actinomycetia	0.3145	0.147	2086.0	Cutinase	Other α/β hydrolase (CL0028)	False
AF-A0A1B2UL91-F1					Rhodococcus sp. p52	Bacteria	Actinobacteria	Actinomycetia	0.3267	0.139	2088.0	Cutinase	Other α/β hydrolase (CL0028)	False
AF-A0A7K2VA71-F1					Rhodococcus erythropolis	Bacteria	Actinobacteria	Actinomycetia	0.2916	0.146	2089.0	Cutinase	Other α/β hydrolase (CL0028)	False
AF-A0A504ALH8-F1					Mesorhizobium sp. B2-1-8	Bacteria	Proteobacteria	Alphaproteobacteria	0.3548	0.166	2098.0		No Pfam hit	False
AF-A0A7Z6RJC2-F1					Rhodococcus erythropolis	Bacteria	Actinobacteria	Actinomycetia	0.3032	0.139	2102.0	Cutinase	Other α/β hydrolase (CL0028)	False
AF-A0A2A3BUS6-F1					Mesorhizobium sp. WSM4308	Bacteria	Proteobacteria	Alphaproteobacteria	0.3403	0.156	2105.0		No Pfam hit	False
AF-A0A068D8C3-F1					Mesorhizobium huakuii 7653R	Bacteria	Proteobacteria	Alphaproteobacteria	0.3435	0.152	2106.0		No Pfam hit	False
AF-J1ZC22-F1					Rhodococcus sp. JVH1	Bacteria	Actinobacteria	Actinomycetia	0.2883	0.152	2111.0	Cutinase	Other α/β hydrolase (CL0028)	False
AF-A0A7R6Y3J3-F1					Mesorhizobium sp. 131-2-5	Bacteria	Proteobacteria	Alphaproteobacteria	0.349	0.147	2120.0		No Pfam hit	False
AF-H0K724-F1					Saccharomonospora azurea SZMC 14600	Bacteria	Actinobacteria	Actinomycetia	0.3691	0.124	2121.0	PE-PPE;Cutinase	Other α/β hydrolase (CL0028)	False
AF-L7I679-F1					Pyricularia oryzae Y34	Eukaryota	Ascomycota	Sordariomycetes	0.3177	0.133	2140.0	Cutinase	Other α/β hydrolase (CL0028)	False
AF-A0A260DVK8-F1					Rhodococcus sp. 06-156-3	Bacteria	Actinobacteria	Actinomycetia	0.3285	0.149	2141.0	Cutinase	Other α/β hydrolase (CL0028)	False
AF-A0A440GY46-F1					Mesorhizobium sp.	Bacteria	Proteobacteria	Alphaproteobacteria	0.3654	0.162	2153.0		No Pfam hit	False
AF-A0A366PGP8-F1					Fusarium verticillioides	Eukaryota	Ascomycota	Sordariomycetes	0.4393	0.136	2154.0		No Pfam hit	False
AF-A0A7U2VG95-F1					Rhodococcus ruber	Bacteria	Actinobacteria	Actinomycetia	0.3526	0.134	2155.0	Cutinase	Other α/β hydrolase (CL0028)	False
AF-A0A848AP53-F1					Nocardia globerula	Bacteria	Actinobacteria	Actinomycetia	0.2787	0.158	2156.0	Cutinase	Other α/β hydrolase (CL0028)	False
AF-A0A315S3B1-F1					Williamsia marianensis	Bacteria	Actinobacteria	Actinomycetia	0.3045	0.165	2158.0	Cutinase	Other α/β hydrolase (CL0028)	False
AF-A0A807C4N3-F1					Mesorhizobium loti NZP2037	Bacteria	Proteobacteria	Alphaproteobacteria	0.3488	0.138	2161.0		No Pfam hit	False
AF-A0A4P7CBE1-F1					Saccharomonospora xinjiangensis	Bacteria	Actinobacteria	Actinomycetia	0.3618	0.12	2163.0	Cutinase;PE-PPE	Other α/β hydrolase (CL0028)	False
AF-A0A1Q8I4Z9-F1					Rhodococcus sp. M8	Bacteria	Actinobacteria	Actinomycetia	0.32	0.151	2166.0	Cutinase	Other α/β hydrolase (CL0028)	False
AF-A0A1A5QQV3-F1					Mesorhizobium loti	Bacteria	Proteobacteria	Alphaproteobacteria	0.3566	0.163	2179.0		No Pfam hit	False
AF-A0A5F4CIV8-F1					Canis lupus familiaris	Eukaryota	Chordata	Mammalia	0.4153	0.14	2182.0		No Pfam hit	False
AF-A0A0I9XL30-F1					Fusarium fujikuroi	Eukaryota	Ascomycota	Sordariomycetes	0.4208	0.108	2183.0	NB-ARC;NACHT	P-loop NTPase (CL0023)	False
AF-A0A5M6BTY1-F1					Kwoniella shandongensis	Eukaryota	Basidiomycota	Tremellomycetes	0.3563	0.151	2189.0	Cutinase;Abhydrolase_8	Other α/β hydrolase (CL0028)	False
AF-A0A5F4W2D7-F1					Callithrix jacchus	Eukaryota	Chordata	Mammalia	0.4283	0.117	2197.0		No Pfam hit	False
AF-W3ZX68-F1					Rhodococcus rhodochrous ATCC 21198	Bacteria	Actinobacteria	Actinomycetia	0.3224	0.142	2214.0	Cutinase	Other α/β hydrolase (CL0028)	False
AF-A0A319AB88-F1					Aspergillus niger CBS 101883	Eukaryota	Ascomycota	Eurotiomycetes	0.457	0.104	2218.0	NACHT;TPR_10;TPR_12	P-loop NTPase (CL0023)	False
AF-A0A4S1ACW6-F1					bacterium M00.F.Ca.ET.156.01.1.1	Bacteria			0.3321	0.151	2225.0		No Pfam hit	False
AF-A0A2E1GDI9-F1					Gordonia sp.	Bacteria	Actinobacteria	Actinomycetia	0.3283	0.107	2230.0	Cutinase	Other α/β hydrolase (CL0028)	False
AF-A0A440G0Y8-F1					Mesorhizobium sp.	Bacteria	Proteobacteria	Alphaproteobacteria	0.3522	0.154	2237.0		No Pfam hit	False
AF-A0A395KRW6-F1					Mesorhizobium sp. AP09	Bacteria	Proteobacteria	Alphaproteobacteria	0.3655	0.144	2238.0		No Pfam hit	False
AF-A0A4R9ZDR9-F1					bacterium M00.F.Ca.ET.205.01.1.1	Bacteria			0.3423	0.14	2239.0		No Pfam hit	False
AF-A0A7Z6RQU6-F1					Rhodococcus erythropolis	Bacteria	Actinobacteria	Actinomycetia	0.2523	0.162	2242.0	Cutinase	Other α/β hydrolase (CL0028)	False
AF-A0A385HEV7-F1					Rhodococcus ruber	Bacteria	Actinobacteria	Actinomycetia	0.3096	0.148	2257.0	Cutinase;PE-PPE	Other α/β hydrolase (CL0028)	False
AF-A0A2R8MD30-F1					Callithrix jacchus	Eukaryota	Chordata	Mammalia	0.3798	0.116	2263.0		No Pfam hit	False
AF-A0A6M7VGL9-F1					Mesorhizobium sp. NZP2234	Bacteria	Proteobacteria	Alphaproteobacteria	0.3672	0.134	2275.0		No Pfam hit	False
AF-A0A2S8LZF4-F1					Mycobacterium sp. ITM-2016-00317	Bacteria	Actinobacteria	Actinomycetia	0.3252	0.134	2278.0	PE-PPE	Other α/β hydrolase (CL0028)	False
AF-A0A435E8T7-F1					Mesorhizobium sp. M7D.F.Ca.US.004.01.2.1	Bacteria	Proteobacteria	Alphaproteobacteria	0.3398	0.136	2281.0		No Pfam hit	False
AF-A0A1B4YJD0-F1					Mesorhizobium loti	Bacteria	Proteobacteria	Alphaproteobacteria	0.356	0.152	2284.0		No Pfam hit	False
AF-A0A7R6XBV2-F1					Mesorhizobium sp. 113-3-9	Bacteria	Proteobacteria	Alphaproteobacteria	0.3672	0.137	2285.0		No Pfam hit	False
AF-A0A7Z1ABK4-F1					Mycobacterium sp. 852002-51759_SCH5129042	Bacteria	Actinobacteria	Actinomycetia	0.3442	0.128	2286.0	Cutinase	Other α/β hydrolase (CL0028)	False
AF-A0A2W6SKG6-F1					Gordonia sp.	Bacteria	Actinobacteria	Actinomycetia	0.2975	0.148	2302.0	Cutinase	Other α/β hydrolase (CL0028)	False
AF-A0A4S9DLJ8-F1					Aureobasidium pullulans	Eukaryota	Ascomycota	Dothideomycetes	0.3836	0.114	2333.0		No Pfam hit	False
AF-A0A222TL68-F1					Gordonia rubripertincta	Bacteria	Actinobacteria	Actinomycetia	0.274	0.108	2339.0	Cutinase	Other α/β hydrolase (CL0028)	False
AF-A0A0S7L2J6-F1					Poeciliopsis prolifica	Eukaryota	Chordata	Actinopteri	0.1898	0.12	2341.0	Peptidase_S10	Other α/β hydrolase (CL0028)	False
AF-A0A7G5J254-F1					Aspergillus flavus NRRL3357	Eukaryota	Ascomycota	Eurotiomycetes	0.3302	0.139	2349.0	TPR_10;TPR_12;TPR_7	Other Pfam	False
AF-A0A6A4JKZ1-F1					Apolygus lucorum	Eukaryota	Arthropoda	Insecta	0.1984	0.105	2355.0	Peptidase_S10	Other α/β hydrolase (CL0028)	False
AF-A0A1Q9U5S6-F1					Rhodococcus sp. CUA-806	Bacteria	Actinobacteria	Actinomycetia	0.1918	0.157	2386.0	Cutinase	Other α/β hydrolase (CL0028)	False
AF-A0A7J7BTZ4-F1					Abscondita terminalis	Eukaryota	Arthropoda	Insecta	0.1957	0.16	2405.0	Peptidase_S10	Other α/β hydrolase (CL0028)	False
AF-A0A7J6ZQG9-F1					Abscondita terminalis	Eukaryota	Arthropoda	Insecta	0.206	0.094	2406.0	Peptidase_S10	Other α/β hydrolase (CL0028)	False
AF-A0A4R7WCA4-F1					Rhodococcus sp. LP_11_YM	Bacteria	Actinobacteria	Actinomycetia	0.3047	0.119	2412.0	Cutinase	Other α/β hydrolase (CL0028)	False
AF-A0A0F8C321-F1					Larimichthys crocea	Eukaryota	Chordata	Actinopteri	0.1898	0.12	2414.0	Peptidase_S10	Other α/β hydrolase (CL0028)	False
AF-A0A2X1TRJ7-F1					Mycobacterium xenopi	Bacteria	Actinobacteria	Actinomycetia	0.274	0.111	2423.0	Cutinase	Other α/β hydrolase (CL0028)	False
AF-A0A6A4KGK5-F1					Apolygus lucorum	Eukaryota	Arthropoda	Insecta	0.2675	0.12	2443.0	Peptidase_S10	Other α/β hydrolase (CL0028)	False
AF-A0A4R6WYV6-F1					Rhodococcus sp. LP_3_YM	Bacteria	Actinobacteria	Actinomycetia	0.2744	0.107	2459.0	Cutinase	Other α/β hydrolase (CL0028)	False
AF-T5HW99-F1					Rhodococcus erythropolis DN1	Bacteria	Actinobacteria	Actinomycetia	0.2326	0.129	2471.0	Cutinase	Other α/β hydrolase (CL0028)	False
AF-A0A6A4JUN3-F1					Apolygus lucorum	Eukaryota	Arthropoda	Insecta	0.1818	0.102	2474.0	Peptidase_S10	Other α/β hydrolase (CL0028)	False
AF-A0A260TER9-F1					Rhodococcus fascians	Bacteria	Actinobacteria	Actinomycetia	0.1927	0.139	2476.0	Cutinase	Other α/β hydrolase (CL0028)	False
AF-A0A260QIB5-F1					Rhodococcus sp. 15-649-1-2	Bacteria	Actinobacteria	Actinomycetia	0.1917	0.144	2478.0	Cutinase	Other α/β hydrolase (CL0028)	False
AF-A0A2P8YUZ9-F1					Blattella germanica	Eukaryota	Arthropoda	Insecta	0.1956	0.178	2485.0	Peptidase_S10	Other α/β hydrolase (CL0028)	False
AF-A0A6A4IS45-F1					Apolygus lucorum	Eukaryota	Arthropoda	Insecta	0.1881	0.106	2496.0	Peptidase_S10	Other α/β hydrolase (CL0028)	False
AF-A0A7J7ABJ6-F1					Lamprigera yunnana	Eukaryota	Arthropoda	Insecta	0.2532	0.111	2502.0	Peptidase_S10	Other α/β hydrolase (CL0028)	False
AF-A0A5C7WKM6-F1					Nitrosomonas sp.	Bacteria	Proteobacteria	Betaproteobacteria	0.2446	0.129	2518.0	Lipase_3	Other α/β hydrolase (CL0028)	False
AF-A0A260T928-F1					Rhodococcus sp. 14-2686-1-2	Bacteria	Actinobacteria	Actinomycetia	0.1925	0.144	2531.0	Cutinase	Other α/β hydrolase (CL0028)	False
AF-A0A287RHD9-F1					Hordeum vulgare subsp. vulgare	Eukaryota	Streptophyta	Magnoliopsida	0.2323	0.124	2538.0	DUF1350	Other α/β hydrolase (CL0028)	False
AF-A9RKK3-F1					Physcomitrium patens	Eukaryota	Streptophyta	Bryopsida	0.194	0.09	2541.0	Peptidase_S10	Other α/β hydrolase (CL0028)	False
AF-A0A260I9J1-F1					Rhodococcus sp. 05-2256-B3	Bacteria	Actinobacteria	Actinomycetia	0.1975	0.143	2551.0	Cutinase	Other α/β hydrolase (CL0028)	False
AF-A0A260DRQ5-F1					Rhodococcus sp. 06-156-3	Bacteria	Actinobacteria	Actinomycetia	0.1926	0.146	2552.0	Cutinase	Other α/β hydrolase (CL0028)	False
AF-A0A6Q2ZFL6-F1					Esox lucius	Eukaryota	Chordata	Actinopteri	0.2428	0.095	2560.0	Peptidase_S10	Other α/β hydrolase (CL0028)	False
AF-A0A259X8X4-F1					Rhodococcus sp. 06-621-2	Bacteria	Actinobacteria	Actinomycetia	0.1926	0.144	2567.0	Cutinase	Other α/β hydrolase (CL0028)	False
AF-A0A287RHS2-F1					Hordeum vulgare subsp. vulgare	Eukaryota	Streptophyta	Magnoliopsida	0.2386	0.123	2576.0	DUF1350	Other α/β hydrolase (CL0028)	False
AF-A0A1A3KGG3-F1					Mycobacterium sp. 1245852.3	Bacteria	Actinobacteria	Actinomycetia	0.2468	0.124	2579.0	Cutinase	Other α/β hydrolase (CL0028)	False
AF-A0A6A4JKI5-F1					Apolygus lucorum	Eukaryota	Arthropoda	Insecta	0.189	0.142	2584.0	Peptidase_S10	Other α/β hydrolase (CL0028)	False
AF-G3NZT4-F1					Gasterosteus aculeatus	Eukaryota	Chordata	Actinopteri	0.2325	0.111	2585.0	Peptidase_S10	Other α/β hydrolase (CL0028)	False
AF-A0A287RHC4-F1					Hordeum vulgare subsp. vulgare	Eukaryota	Streptophyta	Magnoliopsida	0.2271	0.131	2593.0	DUF1350	Other α/β hydrolase (CL0028)	False
AF-A0A812WH65-F1					Symbiodinium sp. KB8	Eukaryota		Dinophyceae	0.1985	0.122	2595.0	Peptidase_S10	Other α/β hydrolase (CL0028)	False
AF-A0A821ZG27-F1					Ranitomeya imitator	Eukaryota	Chordata	Amphibia	0.1919	0.126	2606.0	Peptidase_S10	Other α/β hydrolase (CL0028)	False
AF-A0A7J6ZM04-F1					Abscondita terminalis	Eukaryota	Arthropoda	Insecta	0.2457	0.087	2609.0	Peptidase_S10	Other α/β hydrolase (CL0028)	False
AF-A0A496NZ65-F1					Lachnospiraceae bacterium	Bacteria	Firmicutes	Clostridia	0.2083	0.107	2611.0	ABC_sub_bind	Periplasmic binding protein (CL0144)	False
AF-A0A3E2WGW6-F1					Enterocloster aldenensis	Bacteria	Firmicutes	Clostridia	0.278	0.154	2614.0	Peripla_BP_4	Periplasmic binding protein (CL0144)	False
AF-A0A7J7A9Z4-F1					Lamprigera yunnana	Eukaryota	Arthropoda	Insecta	0.2456	0.1	2624.0	Peptidase_S10	Other α/β hydrolase (CL0028)	False
AF-A0A1A2QC50-F1					Mycobacterium intracellulare	Bacteria	Actinobacteria	Actinomycetia	0.2466	0.136	2626.0	Cutinase	Other α/β hydrolase (CL0028)	False
AF-A0A260KTK1-F1					Rhodococcus sp. 05-2255-1e	Bacteria	Actinobacteria	Actinomycetia	0.1926	0.146	2632.0	Cutinase	Other α/β hydrolase (CL0028)	False
AF-A0A559TY90-F1					Streptomyces sp. CNZ289	Bacteria	Actinobacteria	Actinomycetia	0.2356	0.112	2635.0	Pkinase;PK_Tyr_Ser-Thr;Peripla_BP_6	Periplasmic binding protein (CL0144)	False
AF-A0A2A9BTB0-F1					Bacillus sp. es.034	Bacteria	Firmicutes	Bacilli	0.1683	0.111	2640.0	SBD_N;NBD_C	Other Pfam	False
AF-A0A6A4KDW7-F1					Apolygus lucorum	Eukaryota	Arthropoda	Insecta	0.2295	0.103	2650.0	Peptidase_S10	Other α/β hydrolase (CL0028)	False
AF-A0A2A8IKI5-F1					Bacillus sp. AFS006103	Bacteria	Firmicutes	Bacilli	0.1988	0.083	2659.0	SBD_N;NBD_C	Other Pfam	False
AF-A0A0Q9HWL3-F1					Bacillus sp. Root239	Bacteria	Firmicutes	Bacilli	0.1827	0.101	2660.0	SBD_N;NBD_C	Other Pfam	False
AF-A0A287RHT7-F1					Hordeum vulgare subsp. vulgare	Eukaryota	Streptophyta	Magnoliopsida	0.2327	0.133	2662.0	DUF1350	Other α/β hydrolase (CL0028)	False
AF-A0A2A8W418-F1					Priestia megaterium	Bacteria	Firmicutes	Bacilli	0.1742	0.097	2680.0	SBD_N;NBD_C	Other Pfam	False
AF-A0A6L7R390-F1					Acidobacteria bacterium	Bacteria	Acidobacteria		0.2648	0.112	2688.0	Peripla_BP_5;Peripla_BP_6;ANF_receptor	Periplasmic binding protein (CL0144)	False
AF-A0A4Q8BNZ8-F1					Streptomyces sp. CNZ288	Bacteria	Actinobacteria	Actinomycetia	0.2403	0.113	2714.0	Pkinase;PK_Tyr_Ser-Thr	Other Pfam	False
AF-A0A413WB74-F1					Enterocloster aldenensis	Bacteria	Firmicutes	Clostridia	0.278	0.146	2716.0	Peripla_BP_4	Periplasmic binding protein (CL0144)	False
AF-A0A2A8FL56-F1					Bacillus sp. AFS026049	Bacteria	Firmicutes	Bacilli	0.1802	0.083	2717.0	SBD_N;NBD_C	Other Pfam	False
AF-A0A7G6B089-F1					Herbaspirillum frisingense	Bacteria	Proteobacteria	Betaproteobacteria	0.235	0.148	2718.0	Peripla_BP_6;ANF_receptor	Periplasmic binding protein (CL0144)	False
AF-A0A2M9AMG3-F1					Streptomyces sp. CNZ306	Bacteria	Actinobacteria	Actinomycetia	0.2412	0.117	2727.0	Pkinase;PK_Tyr_Ser-Thr	Other Pfam	False
AF-A0A559VT81-F1					Streptomyces sp. CNZ287	Bacteria	Actinobacteria	Actinomycetia	0.2303	0.119	2739.0	Pkinase;PK_Tyr_Ser-Thr;Peripla_BP_6	Periplasmic binding protein (CL0144)	False
AF-A0A1V2VEC2-F1					Herbaspirillum sp. VT-16-41	Bacteria	Proteobacteria	Betaproteobacteria	0.2482	0.134	2744.0	Peripla_BP_6;ANF_receptor	Periplasmic binding protein (CL0144)	False
AF-A0A8B2PAA5-F1					Streptomyces badius	Bacteria	Actinobacteria	Actinomycetia	0.194	0.141	2752.0	Pkinase;PK_Tyr_Ser-Thr;APH;Peripla_BP_6;ANF_receptor	Periplasmic binding protein (CL0144)	False
AF-A0A7J6ZNM3-F1					Abscondita terminalis	Eukaryota	Arthropoda	Insecta	0.2281	0.1	2753.0	Peptidase_S10	Other α/β hydrolase (CL0028)	False
AF-A0A1U1CQ22-F1					Mycobacteroides abscessus subsp. massiliense	Bacteria	Actinobacteria	Actinomycetia	0.216	0.12	2756.0	Cutinase	Other α/β hydrolase (CL0028)	False
AF-A0A429HWF4-F1					Streptomyces sp. WAC 05379	Bacteria	Actinobacteria	Actinomycetia	0.2405	0.118	2758.0	Pkinase;PK_Tyr_Ser-Thr;Peripla_BP_6	Periplasmic binding protein (CL0144)	False
AF-A0A7J6ZMU6-F1					Abscondita terminalis	Eukaryota	Arthropoda	Insecta	0.2166	0.083	2761.0	Peptidase_S10	Other α/β hydrolase (CL0028)	False
AF-N9YVR9-F1					[Clostridium] clostridioforme 90A7	Bacteria	Firmicutes	Clostridia	0.2236	0.112	2768.0	Peripla_BP_6;Peripla_BP_5;ANF_receptor	Periplasmic binding protein (CL0144)	False
AF-A0A8B2XBE3-F1					Enterocloster clostridioformis	Bacteria	Firmicutes	Clostridia	0.2244	0.107	2769.0	Peripla_BP_6;Peripla_BP_5;ANF_receptor	Periplasmic binding protein (CL0144)	False
AF-A0A4U9EUF3-F1					Fusarium graminearum	Eukaryota	Ascomycota	Sordariomycetes	0.3064	0.119	2779.0	NB-ARC;TPR_12;TPR_10;TPR_4;TPR_5;TPR_8	P-loop NTPase (CL0023)	False
AF-A0A4V4JUP3-F1					Aureobasidium pullulans	Eukaryota	Ascomycota	Dothideomycetes	0.167	0.157	2780.0		No Pfam hit	False
AF-A0A4V2P0W9-F1					Frankia sp. BMG5.11	Bacteria	Actinobacteria	Actinomycetia	0.1609	0.13	2797.0	Resolvase;Recombinase;Zn_ribbon_recom	Other Pfam	False
AF-A0A2G7ARF1-F1					Streptomyces sp. 94	Bacteria	Actinobacteria	Actinomycetia	0.2336	0.125	2800.0	Peptidase_C14;Peripla_BP_6;ANF_receptor	Periplasmic binding protein (CL0144)	False
AF-A0A1Y3MB66-F1					Arthrobacter agilis	Bacteria	Actinobacteria	Actinomycetia	0.1875	0.106	2813.0	Resolvase;Recombinase	Other Pfam	False
AF-R5EZ19-F1					Clostridium bolteae CAG:59	Bacteria	Firmicutes	Clostridia	0.1899	0.129	2822.0	Peripla_BP_6;Peripla_BP_5;ANF_receptor	Periplasmic binding protein (CL0144)	False
AF-A0A1M3A8T6-F1					Alphaproteobacteria bacterium 62-8	Bacteria	Proteobacteria	Alphaproteobacteria	0.1623	0.134	2823.0	LppC;Peripla_BP_6	Periplasmic binding protein (CL0144)	False
AF-A0A497VWV0-F1					Streptomyces sp. 74	Bacteria	Actinobacteria	Actinomycetia	0.238	0.117	2834.0	Peptidase_C14;Peripla_BP_6;ANF_receptor	Periplasmic binding protein (CL0144)	False
AF-A0A1S9NNY7-F1					Streptomyces antibioticus	Bacteria	Actinobacteria	Actinomycetia	0.1508	0.114	2845.0	Pkinase;PK_Tyr_Ser-Thr;Peripla_BP_6	Periplasmic binding protein (CL0144)	False
AF-A0A447CGY4-F1					Podospora comata	Eukaryota	Ascomycota	Sordariomycetes	0.1721	0.093	2862.0	Flavodoxin_1;Radical_SAM;Wyosine_form	Other Pfam	False
AF-A0A428ZJ43-F1					Streptomyces sp. WAC 01420	Bacteria	Actinobacteria	Actinomycetia	0.1511	0.155	2872.0	Pkinase;PK_Tyr_Ser-Thr;Peripla_BP_6	Periplasmic binding protein (CL0144)	False
AF-A0A6M5GD95-F1					Enterocloster bolteae	Bacteria	Firmicutes	Clostridia	0.1423	0.107	2874.0	Peripla_BP_6;Peripla_BP_5;ANF_receptor	Periplasmic binding protein (CL0144)	False
AF-A0A2D8W4Z7-F1					Hyphomonas sp.	Bacteria	Proteobacteria	Alphaproteobacteria	0.155	0.146	2883.0	LppC;Peripla_BP_6;ANF_receptor	Periplasmic binding protein (CL0144)	False
