clade	family	n_windows_with_family	n_windows	prevalence	n_random_windows_with_family	n_random_windows	random_prevalence	p	fold_enrichment	q
Bacteria	JAHFTO010000030.1_15	2	19	0.10526315789473684	2	380	0.006561679790026247	0.006835996883256262	16.042105263157893	0.040775788625273895
Bacteria	NZ_NHSQ01000070.1_16	2	19	0.10526315789473684	2	380	0.006561679790026247	0.006835996883256262	16.042105263157893	0.040775788625273895
Bacteria	JAKBAE010000127.1_6	2	19	0.10526315789473684	1	380	0.003937007874015748	0.0025349914296094417	26.736842105263158	0.040775788625273895
Bacteria	NZ_JDTH01000011.1_82	2	19	0.10526315789473684	2	380	0.006561679790026247	0.006835996883256262	16.042105263157893	0.040775788625273895
Bacteria	JAFEGL010000003.1_128	2	19	0.10526315789473684	4	380	0.011811023622047244	0.02087737213479439	8.912280701754385	0.040775788625273895
Bacteria	JAFEGH010000007.1_336	2	19	0.10526315789473684	2	380	0.006561679790026247	0.006835996883256262	16.042105263157893	0.040775788625273895
Bacteria	NZ_JAALLS010000018.1_41	2	19	0.10526315789473684	0	380	0.0013123359580052493	0.00029015474926300753	80.21052631578947	0.040775788625273895
Bacteria	JAHFTO010000029.1_4	2	19	0.10526315789473684	2	380	0.006561679790026247	0.006835996883256262	16.042105263157893	0.040775788625273895
Bacteria	JAJXYX010000059.1_19	2	19	0.10526315789473684	2	380	0.006561679790026247	0.006835996883256262	16.042105263157893	0.040775788625273895
Bacteria	NZ_JAALLS010000007.1_105	2	19	0.10526315789473684	5	380	0.014435695538057743	0.03028158343625613	7.291866028708133	0.04994494930395491
Bacteria	NZ_NHSQ01000161.1_16	2	19	0.10526315789473684	0	380	0.0013123359580052493	0.00029015474926300753	80.21052631578947	0.040775788625273895
Bacteria	JAFGCY010000067.1_21	2	19	0.10526315789473684	0	380	0.0013123359580052493	0.00029015474926300753	80.21052631578947	0.040775788625273895
Bacteria	JAHENP010000186.1_1	2	19	0.10526315789473684	2	380	0.006561679790026247	0.006835996883256262	16.042105263157893	0.040775788625273895
Bacteria	NZ_CP100445.1_2546	2	19	0.10526315789473684	4	380	0.011811023622047244	0.02087737213479439	8.912280701754385	0.040775788625273895
Bacteria	JAFEGL010000003.1_106	2	19	0.10526315789473684	2	380	0.006561679790026247	0.006835996883256262	16.042105263157893	0.040775788625273895
Bacteria	JAHFTO010000017.1_22	1	19	0.05263157894736842	3	380	0.009186351706036745	0.16083449075926962	5.7293233082706765	0.17310152819006136
Bacteria	NZ_NHSQ01000084.1_110	1	19	0.05263157894736842	0	380	0.0013123359580052493	0.024642061236139934	40.10526315789473	0.040775788625273895
Bacteria	NZ_NHSQ01000084.1_111	1	19	0.05263157894736842	0	380	0.0013123359580052493	0.024642061236139934	40.10526315789473	0.040775788625273895
Bacteria	JAHEFU010000039.1_6	1	19	0.05263157894736842	2	380	0.006561679790026247	0.11757611460167251	8.021052631578947	0.13156093880539568
Bacteria	JAKBAE010000044.1_1	1	19	0.05263157894736842	0	380	0.0013123359580052493	0.024642061236139934	40.10526315789473	0.040775788625273895
Bacteria	NZ_NHSQ01000001.1_10	1	19	0.05263157894736842	1	380	0.003937007874015748	0.07221085599886466	13.368421052631579	0.08651678030052654
Bacteria	NZ_NHSQ01000084.1_112	1	19	0.05263157894736842	1	380	0.003937007874015748	0.07221085599886466	13.368421052631579	0.08651678030052654
Bacteria	NZ_NHSQ01000084.1_128	1	19	0.05263157894736842	0	380	0.0013123359580052493	0.024642061236139934	40.10526315789473	0.040775788625273895
Bacteria	NZ_NHSQ01000084.1_113	1	19	0.05263157894736842	1	380	0.003937007874015748	0.07221085599886466	13.368421052631579	0.08651678030052654
Bacteria	NZ_NHSQ01000084.1_127	1	19	0.05263157894736842	1	380	0.003937007874015748	0.07221085599886466	13.368421052631579	0.08651678030052654
Bacteria	JAJXYX010000055.1_37	1	19	0.05263157894736842	3	380	0.009186351706036745	0.16083449075926962	5.7293233082706765	0.17310152819006136
Bacteria	NZ_NHSQ01000084.1_117	1	19	0.05263157894736842	4	380	0.011811023622047244	0.20207863768127723	4.456140350877193	0.21079250090777996
Bacteria	NZ_CP072036.1_2238	1	19	0.05263157894736842	1	380	0.003937007874015748	0.07221085599886466	13.368421052631579	0.08651678030052654
Bacteria	NZ_NHSQ01000084.1_114	1	19	0.05263157894736842	2	380	0.006561679790026247	0.11757611460167251	8.021052631578947	0.13156093880539568
Bacteria	NZ_NHSQ01000084.1_124	1	19	0.05263157894736842	1	380	0.003937007874015748	0.07221085599886466	13.368421052631579	0.08651678030052654
Bacteria	NZ_NHSQ01000084.1_123	1	19	0.05263157894736842	1	380	0.003937007874015748	0.07221085599886466	13.368421052631579	0.08651678030052654
Bacteria	JAFGCY010000091.1_11	1	19	0.05263157894736842	2	380	0.006561679790026247	0.11757611460167251	8.021052631578947	0.13156093880539568
Bacteria	JAKBAE010000044.1_5	1	19	0.05263157894736842	1	380	0.003937007874015748	0.07221085599886466	13.368421052631579	0.08651678030052654
Bacteria	NZ_NHSQ01000084.1_121	1	19	0.05263157894736842	1	380	0.003937007874015748	0.07221085599886466	13.368421052631579	0.08651678030052654
Bacteria	NZ_NHSQ01000084.1_120	1	19	0.05263157894736842	1	380	0.003937007874015748	0.07221085599886466	13.368421052631579	0.08651678030052654
Bacteria	NZ_NHSQ01000084.1_116	1	19	0.05263157894736842	1	380	0.003937007874015748	0.07221085599886466	13.368421052631579	0.08651678030052654
Bacteria	NZ_CP100454.1_3021	1	19	0.05263157894736842	8	380	0.02230971128608924	0.34863453806763256	2.3591331269349842	0.34932218015455097
Bacteria	JAFEGL010000003.1_192	1	19	0.05263157894736842	2	380	0.006561679790026247	0.11757611460167251	8.021052631578947	0.13156093880539568
Bacteria	JAFGCY010000084.1_6	1	19	0.05263157894736842	1	380	0.003937007874015748	0.07221085599886466	13.368421052631579	0.08651678030052654
Bacteria	JAKBAE010000044.1_6	1	19	0.05263157894736842	0	380	0.0013123359580052493	0.024642061236139934	40.10526315789473	0.040775788625273895
Bacteria	NZ_AOJN01000049.1_382	1	19	0.05263157894736842	1	380	0.003937007874015748	0.07221085599886466	13.368421052631579	0.08651678030052654
Bacteria	JAHFTO010000004.1_88	1	19	0.05263157894736842	1	380	0.003937007874015748	0.07221085599886466	13.368421052631579	0.08651678030052654
Bacteria	JAFEGH010000007.1_327	1	19	0.05263157894736842	1	380	0.003937007874015748	0.07221085599886466	13.368421052631579	0.08651678030052654
Bacteria	JADJWG010000001.1_844	1	19	0.05263157894736842	6	380	0.01706036745406824	0.27887578228608983	3.08502024291498	0.28277225030206316
Bacteria	JAFEGH010000007.1_325	1	19	0.05263157894736842	1	380	0.003937007874015748	0.07221085599886466	13.368421052631579	0.08651678030052654
Bacteria	JAFEGH010000007.1_324	1	19	0.05263157894736842	1	380	0.003937007874015748	0.07221085599886466	13.368421052631579	0.08651678030052654
Bacteria	JAFEGH010000007.1_323	1	19	0.05263157894736842	1	380	0.003937007874015748	0.07221085599886466	13.368421052631579	0.08651678030052654
Bacteria	NZ_CP072036.1_73	1	19	0.05263157894736842	2	380	0.006561679790026247	0.11757611460167251	8.021052631578947	0.13156093880539568
Bacteria	JAFEGL010000021.1_20	1	19	0.05263157894736842	1	380	0.003937007874015748	0.07221085599886466	13.368421052631579	0.08651678030052654
Bacteria	JAFAQB010000223.1_6	1	19	0.05263157894736842	1	380	0.003937007874015748	0.07221085599886466	13.368421052631579	0.08651678030052654
Bacteria	NZ_CP099998.1_71	1	19	0.05263157894736842	5	380	0.014435695538057743	0.24139736370898784	3.6459330143540667	0.24674016250335176
Bacteria	NZ_QPII01000001.1_333	1	19	0.05263157894736842	2	380	0.006561679790026247	0.11757611460167251	8.021052631578947	0.13156093880539568
Bacteria	NZ_AOLK01000015.1_38	1	19	0.05263157894736842	1	380	0.003937007874015748	0.07221085599886466	13.368421052631579	0.08651678030052654
Bacteria	JAHENP010000241.1_2	1	19	0.05263157894736842	1	380	0.003937007874015748	0.07221085599886466	13.368421052631579	0.08651678030052654
Bacteria	JAFEGH010000007.1_312	1	19	0.05263157894736842	1	380	0.003937007874015748	0.07221085599886466	13.368421052631579	0.08651678030052654
Bacteria	JAFEGH010000007.1_311	1	19	0.05263157894736842	1	380	0.003937007874015748	0.07221085599886466	13.368421052631579	0.08651678030052654
Bacteria	NZ_FNFE01000001.1_933	1	19	0.05263157894736842	5	380	0.014435695538057743	0.24139736370898784	3.6459330143540667	0.24674016250335176
Bacteria	JAKBAE010000041.1_5	1	19	0.05263157894736842	1	380	0.003937007874015748	0.07221085599886466	13.368421052631579	0.08651678030052654
Bacteria	NZ_NHSQ01000137.1_18	1	19	0.05263157894736842	1	380	0.003937007874015748	0.07221085599886466	13.368421052631579	0.08651678030052654
Bacteria	JAFEGH010000007.1_306	1	19	0.05263157894736842	1	380	0.003937007874015748	0.07221085599886466	13.368421052631579	0.08651678030052654
Bacteria	NZ_MWLL01000125.1_23	1	19	0.05263157894736842	3	380	0.009186351706036745	0.16083449075926962	5.7293233082706765	0.17310152819006136
Bacteria	JAFEGH010000007.1_304	1	19	0.05263157894736842	1	380	0.003937007874015748	0.07221085599886466	13.368421052631579	0.08651678030052654
Bacteria	JAFEGL010000042.1_62	1	19	0.05263157894736842	4	380	0.011811023622047244	0.20207863768127723	4.456140350877193	0.21079250090777996
Bacteria	JAHFTO010000009.1_9	1	19	0.05263157894736842	0	380	0.0013123359580052493	0.024642061236139934	40.10526315789473	0.040775788625273895
Bacteria	NZ_LIGX01000020.1_44	1	19	0.05263157894736842	4	380	0.011811023622047244	0.20207863768127723	4.456140350877193	0.21079250090777996
Bacteria	JAKBAE010000044.1_11	1	19	0.05263157894736842	0	380	0.0013123359580052493	0.024642061236139934	40.10526315789473	0.040775788625273895
Bacteria	JAJXYX010000055.1_50	1	19	0.05263157894736842	1	380	0.003937007874015748	0.07221085599886466	13.368421052631579	0.08651678030052654
Bacteria	NZ_NHSQ01000084.1_109	1	19	0.05263157894736842	0	380	0.0013123359580052493	0.024642061236139934	40.10526315789473	0.040775788625273895
Bacteria	JAKBAE010000044.1_8	1	19	0.05263157894736842	0	380	0.0013123359580052493	0.024642061236139934	40.10526315789473	0.040775788625273895
Bacteria	NZ_NHSQ01000084.1_105	1	19	0.05263157894736842	0	380	0.0013123359580052493	0.024642061236139934	40.10526315789473	0.040775788625273895
Bacteria	NZ_NHSQ01000084.1_108	1	19	0.05263157894736842	1	380	0.003937007874015748	0.07221085599886466	13.368421052631579	0.08651678030052654
Bacteria	JADJWG010000004.1_346	1	19	0.05263157894736842	0	380	0.0013123359580052493	0.024642061236139934	40.10526315789473	0.040775788625273895
Bacteria	NZ_NHSQ01000070.1_119	1	19	0.05263157894736842	0	380	0.0013123359580052493	0.024642061236139934	40.10526315789473	0.040775788625273895
Bacteria	JAFEGL010000003.1_98	1	19	0.05263157894736842	0	380	0.0013123359580052493	0.024642061236139934	40.10526315789473	0.040775788625273895
Bacteria	NZ_MWLL01000139.1_2	1	19	0.05263157894736842	5	380	0.014435695538057743	0.24139736370898784	3.6459330143540667	0.24674016250335176
Bacteria	JAFGCY010000015.1_20	1	19	0.05263157894736842	0	380	0.0013123359580052493	0.024642061236139934	40.10526315789473	0.040775788625273895
Bacteria	JADJWG010000004.1_355	1	19	0.05263157894736842	0	380	0.0013123359580052493	0.024642061236139934	40.10526315789473	0.040775788625273895
Bacteria	JADJWG010000004.1_354	1	19	0.05263157894736842	0	380	0.0013123359580052493	0.024642061236139934	40.10526315789473	0.040775788625273895
Bacteria	JADJWG010000004.1_353	1	19	0.05263157894736842	0	380	0.0013123359580052493	0.024642061236139934	40.10526315789473	0.040775788625273895
Bacteria	NZ_JAALLS010000002.1_138	1	19	0.05263157894736842	5	380	0.014435695538057743	0.24139736370898784	3.6459330143540667	0.24674016250335176
Bacteria	JADJWG010000001.1_1385	1	19	0.05263157894736842	0	380	0.0013123359580052493	0.024642061236139934	40.10526315789473	0.040775788625273895
Bacteria	CAJWBY010000004.1_35	1	19	0.05263157894736842	0	380	0.0013123359580052493	0.024642061236139934	40.10526315789473	0.040775788625273895
Bacteria	JADJWG010000004.1_349	1	19	0.05263157894736842	0	380	0.0013123359580052493	0.024642061236139934	40.10526315789473	0.040775788625273895
Bacteria	JADJWG010000004.1_348	1	19	0.05263157894736842	0	380	0.0013123359580052493	0.024642061236139934	40.10526315789473	0.040775788625273895
Bacteria	JADJWG010000004.1_347	1	19	0.05263157894736842	0	380	0.0013123359580052493	0.024642061236139934	40.10526315789473	0.040775788625273895
Bacteria	JADJWG010000001.1_920	1	19	0.05263157894736842	1	380	0.003937007874015748	0.07221085599886466	13.368421052631579	0.08651678030052654
Bacteria	JAHFTO010000055.1_7	1	19	0.05263157894736842	0	380	0.0013123359580052493	0.024642061236139934	40.10526315789473	0.040775788625273895
Bacteria	JADJWG010000004.1_639	1	19	0.05263157894736842	3	380	0.009186351706036745	0.16083449075926962	5.7293233082706765	0.17310152819006136
Bacteria	JADJWG010000004.1_343	1	19	0.05263157894736842	0	380	0.0013123359580052493	0.024642061236139934	40.10526315789473	0.040775788625273895
Bacteria	JADJWG010000004.1_342	1	19	0.05263157894736842	0	380	0.0013123359580052493	0.024642061236139934	40.10526315789473	0.040775788625273895
Bacteria	JADJWG010000004.1_340	1	19	0.05263157894736842	0	380	0.0013123359580052493	0.024642061236139934	40.10526315789473	0.040775788625273895
Bacteria	CAJWBY010000063.1_10	1	19	0.05263157894736842	5	380	0.014435695538057743	0.24139736370898784	3.6459330143540667	0.24674016250335176
Bacteria	JADJWG010000004.1_338	1	19	0.05263157894736842	0	380	0.0013123359580052493	0.024642061236139934	40.10526315789473	0.040775788625273895
Bacteria	JADJWG010000004.1_337	1	19	0.05263157894736842	0	380	0.0013123359580052493	0.024642061236139934	40.10526315789473	0.040775788625273895
Bacteria	JADJWG010000004.1_336	1	19	0.05263157894736842	0	380	0.0013123359580052493	0.024642061236139934	40.10526315789473	0.040775788625273895
Bacteria	JADJWG010000004.1_335	1	19	0.05263157894736842	0	380	0.0013123359580052493	0.024642061236139934	40.10526315789473	0.040775788625273895
Bacteria	JADJWG010000004.1_334	1	19	0.05263157894736842	0	380	0.0013123359580052493	0.024642061236139934	40.10526315789473	0.040775788625273895
Bacteria	NZ_QPII01000004.1_27	1	19	0.05263157894736842	0	380	0.0013123359580052493	0.024642061236139934	40.10526315789473	0.040775788625273895
Bacteria	JADJWG010000004.1_332	1	19	0.05263157894736842	0	380	0.0013123359580052493	0.024642061236139934	40.10526315789473	0.040775788625273895
Bacteria	NZ_LIGX01000017.1_17	1	19	0.05263157894736842	3	380	0.009186351706036745	0.16083449075926962	5.7293233082706765	0.17310152819006136
Bacteria	CAJWBY010000103.1_7	1	19	0.05263157894736842	1	380	0.003937007874015748	0.07221085599886466	13.368421052631579	0.08651678030052654
Bacteria	NZ_QPII01000003.1_287	1	19	0.05263157894736842	0	380	0.0013123359580052493	0.024642061236139934	40.10526315789473	0.040775788625273895
Bacteria	NZ_NHSQ01000084.1_107	1	19	0.05263157894736842	0	380	0.0013123359580052493	0.024642061236139934	40.10526315789473	0.040775788625273895
Bacteria	JAJXYX010000055.1_15	1	19	0.05263157894736842	1	380	0.003937007874015748	0.07221085599886466	13.368421052631579	0.08651678030052654
Bacteria	NZ_NHSQ01000084.1_106	1	19	0.05263157894736842	0	380	0.0013123359580052493	0.024642061236139934	40.10526315789473	0.040775788625273895
Bacteria	JAFEGH010000007.1_331	1	19	0.05263157894736842	1	380	0.003937007874015748	0.07221085599886466	13.368421052631579	0.08651678030052654
Bacteria	NZ_QPII01000013.1_80	1	19	0.05263157894736842	2	380	0.006561679790026247	0.11757611460167251	8.021052631578947	0.13156093880539568
Bacteria	JAFEGL010000003.1_136	1	19	0.05263157894736842	0	380	0.0013123359580052493	0.024642061236139934	40.10526315789473	0.040775788625273895
Bacteria	JAFEGL010000003.1_134	1	19	0.05263157894736842	0	380	0.0013123359580052493	0.024642061236139934	40.10526315789473	0.040775788625273895
Bacteria	NZ_CP031310.1_2353	1	19	0.05263157894736842	4	380	0.011811023622047244	0.20207863768127723	4.456140350877193	0.21079250090777996
Bacteria	JAFEGL010000003.1_131	1	19	0.05263157894736842	1	380	0.003937007874015748	0.07221085599886466	13.368421052631579	0.08651678030052654
Bacteria	JAJXYX010000015.1_7	1	19	0.05263157894736842	1	380	0.003937007874015748	0.07221085599886466	13.368421052631579	0.08651678030052654
Bacteria	JAJXYX010000015.1_8	1	19	0.05263157894736842	1	380	0.003937007874015748	0.07221085599886466	13.368421052631579	0.08651678030052654
Bacteria	NZ_LIGX01000041.1_210	1	19	0.05263157894736842	1	380	0.003937007874015748	0.07221085599886466	13.368421052631579	0.08651678030052654
Bacteria	NZ_JAALLS010000022.1_3	1	19	0.05263157894736842	3	380	0.009186351706036745	0.16083449075926962	5.7293233082706765	0.17310152819006136
Bacteria	JAFEGL010000003.1_125	1	19	0.05263157894736842	0	380	0.0013123359580052493	0.024642061236139934	40.10526315789473	0.040775788625273895
Bacteria	JAKBAE010000082.1_10	1	19	0.05263157894736842	0	380	0.0013123359580052493	0.024642061236139934	40.10526315789473	0.040775788625273895
Bacteria	JAFEGL010000003.1_122	1	19	0.05263157894736842	0	380	0.0013123359580052493	0.024642061236139934	40.10526315789473	0.040775788625273895
Bacteria	JAFEGL010000003.1_103	1	19	0.05263157894736842	0	380	0.0013123359580052493	0.024642061236139934	40.10526315789473	0.040775788625273895
Bacteria	JAFEGL010000003.1_121	1	19	0.05263157894736842	0	380	0.0013123359580052493	0.024642061236139934	40.10526315789473	0.040775788625273895
Bacteria	JAFEGL010000003.1_120	1	19	0.05263157894736842	0	380	0.0013123359580052493	0.024642061236139934	40.10526315789473	0.040775788625273895
Bacteria	JAJXYX010000015.1_13	1	19	0.05263157894736842	1	380	0.003937007874015748	0.07221085599886466	13.368421052631579	0.08651678030052654
Bacteria	NZ_LIGX01000035.1_104	1	19	0.05263157894736842	3	380	0.009186351706036745	0.16083449075926962	5.7293233082706765	0.17310152819006136
Bacteria	JAKBAE010000097.1_5	1	19	0.05263157894736842	1	380	0.003937007874015748	0.07221085599886466	13.368421052631579	0.08651678030052654
Bacteria	JAFEGL010000003.1_113	1	19	0.05263157894736842	0	380	0.0013123359580052493	0.024642061236139934	40.10526315789473	0.040775788625273895
Bacteria	JAFEGL010000061.1_27	1	19	0.05263157894736842	5	380	0.014435695538057743	0.24139736370898784	3.6459330143540667	0.24674016250335176
Bacteria	JAKBAE010000092.1_2	1	19	0.05263157894736842	0	380	0.0013123359580052493	0.024642061236139934	40.10526315789473	0.040775788625273895
Bacteria	JAHFTO010000033.1_23	1	19	0.05263157894736842	1	380	0.003937007874015748	0.07221085599886466	13.368421052631579	0.08651678030052654
Bacteria	JAKCFM010000001.1_1688	1	19	0.05263157894736842	1	380	0.003937007874015748	0.07221085599886466	13.368421052631579	0.08651678030052654
Bacteria	JAFEGL010000003.1_108	1	19	0.05263157894736842	4	380	0.011811023622047244	0.20207863768127723	4.456140350877193	0.21079250090777996
Bacteria	JAFEGL010000003.1_107	1	19	0.05263157894736842	0	380	0.0013123359580052493	0.024642061236139934	40.10526315789473	0.040775788625273895
Bacteria	JADJWG010000004.1_530	1	19	0.05263157894736842	0	380	0.0013123359580052493	0.024642061236139934	40.10526315789473	0.040775788625273895
Bacteria	NZ_CP100445.1_484	1	19	0.05263157894736842	6	380	0.01706036745406824	0.27887578228608983	3.08502024291498	0.28277225030206316
Bacteria	JAJXYX010000102.1_12	1	19	0.05263157894736842	2	380	0.006561679790026247	0.11757611460167251	8.021052631578947	0.13156093880539568
Bacteria	JAFEGH010000007.1_332	1	19	0.05263157894736842	1	380	0.003937007874015748	0.07221085599886466	13.368421052631579	0.08651678030052654
Bacteria	NZ_CP099997.1_1549	1	19	0.05263157894736842	0	380	0.0013123359580052493	0.024642061236139934	40.10526315789473	0.040775788625273895
Bacteria	CAJWBY010000006.1_30	1	19	0.05263157894736842	0	380	0.0013123359580052493	0.024642061236139934	40.10526315789473	0.040775788625273895
Bacteria	CAJWBY010000006.1_29	1	19	0.05263157894736842	0	380	0.0013123359580052493	0.024642061236139934	40.10526315789473	0.040775788625273895
Bacteria	NZ_QPII01000005.1_248	1	19	0.05263157894736842	0	380	0.0013123359580052493	0.024642061236139934	40.10526315789473	0.040775788625273895
Bacteria	NZ_QPII01000005.1_247	1	19	0.05263157894736842	0	380	0.0013123359580052493	0.024642061236139934	40.10526315789473	0.040775788625273895
Bacteria	NZ_QPII01000005.1_246	1	19	0.05263157894736842	0	380	0.0013123359580052493	0.024642061236139934	40.10526315789473	0.040775788625273895
Bacteria	NZ_QPII01000005.1_244	1	19	0.05263157894736842	0	380	0.0013123359580052493	0.024642061236139934	40.10526315789473	0.040775788625273895
Bacteria	NZ_QPII01000005.1_243	1	19	0.05263157894736842	1	380	0.003937007874015748	0.07221085599886466	13.368421052631579	0.08651678030052654
Bacteria	NZ_QPII01000005.1_242	1	19	0.05263157894736842	0	380	0.0013123359580052493	0.024642061236139934	40.10526315789473	0.040775788625273895
Bacteria	NZ_QPII01000005.1_241	1	19	0.05263157894736842	0	380	0.0013123359580052493	0.024642061236139934	40.10526315789473	0.040775788625273895
Bacteria	NZ_QPII01000005.1_240	1	19	0.05263157894736842	0	380	0.0013123359580052493	0.024642061236139934	40.10526315789473	0.040775788625273895
Bacteria	NZ_QPII01000005.1_239	1	19	0.05263157894736842	0	380	0.0013123359580052493	0.024642061236139934	40.10526315789473	0.040775788625273895
Bacteria	NZ_QPII01000005.1_238	1	19	0.05263157894736842	0	380	0.0013123359580052493	0.024642061236139934	40.10526315789473	0.040775788625273895
Bacteria	NZ_QPII01000005.1_236	1	19	0.05263157894736842	0	380	0.0013123359580052493	0.024642061236139934	40.10526315789473	0.040775788625273895
Bacteria	NZ_QPII01000005.1_234	1	19	0.05263157894736842	0	380	0.0013123359580052493	0.024642061236139934	40.10526315789473	0.040775788625273895
Bacteria	NZ_QPII01000005.1_252	1	19	0.05263157894736842	0	380	0.0013123359580052493	0.024642061236139934	40.10526315789473	0.040775788625273895
Bacteria	NZ_QPII01000005.1_233	1	19	0.05263157894736842	0	380	0.0013123359580052493	0.024642061236139934	40.10526315789473	0.040775788625273895
Bacteria	NZ_CP101159.1_37	1	19	0.05263157894736842	0	380	0.0013123359580052493	0.024642061236139934	40.10526315789473	0.040775788625273895
Bacteria	NZ_QPII01000005.1_231	1	19	0.05263157894736842	0	380	0.0013123359580052493	0.024642061236139934	40.10526315789473	0.040775788625273895
Bacteria	NZ_QPII01000005.1_230	1	19	0.05263157894736842	0	380	0.0013123359580052493	0.024642061236139934	40.10526315789473	0.040775788625273895
Bacteria	NZ_QPII01000005.1_229	1	19	0.05263157894736842	0	380	0.0013123359580052493	0.024642061236139934	40.10526315789473	0.040775788625273895
Bacteria	NZ_QPII01000005.1_228	1	19	0.05263157894736842	0	380	0.0013123359580052493	0.024642061236139934	40.10526315789473	0.040775788625273895
Bacteria	NZ_QPII01000005.1_227	1	19	0.05263157894736842	0	380	0.0013123359580052493	0.024642061236139934	40.10526315789473	0.040775788625273895
Bacteria	NZ_QPII01000005.1_226	1	19	0.05263157894736842	0	380	0.0013123359580052493	0.024642061236139934	40.10526315789473	0.040775788625273895
Bacteria	NZ_QPII01000005.1_225	1	19	0.05263157894736842	0	380	0.0013123359580052493	0.024642061236139934	40.10526315789473	0.040775788625273895
Bacteria	NZ_QPII01000005.1_224	1	19	0.05263157894736842	0	380	0.0013123359580052493	0.024642061236139934	40.10526315789473	0.040775788625273895
Bacteria	NZ_QPII01000005.1_223	1	19	0.05263157894736842	0	380	0.0013123359580052493	0.024642061236139934	40.10526315789473	0.040775788625273895
Bacteria	NZ_QPII01000005.1_222	1	19	0.05263157894736842	0	380	0.0013123359580052493	0.024642061236139934	40.10526315789473	0.040775788625273895
Bacteria	CAJWBY010000012.1_39	1	19	0.05263157894736842	0	380	0.0013123359580052493	0.024642061236139934	40.10526315789473	0.040775788625273895
Bacteria	NZ_QPII01000005.1_251	1	19	0.05263157894736842	0	380	0.0013123359580052493	0.024642061236139934	40.10526315789473	0.040775788625273895
Bacteria	NZ_QPII01000005.1_253	1	19	0.05263157894736842	0	380	0.0013123359580052493	0.024642061236139934	40.10526315789473	0.040775788625273895
Bacteria	JAFEGH010000007.1_333	1	19	0.05263157894736842	1	380	0.003937007874015748	0.07221085599886466	13.368421052631579	0.08651678030052654
Bacteria	NZ_JAKUHT010000029.1_35	1	19	0.05263157894736842	0	380	0.0013123359580052493	0.024642061236139934	40.10526315789473	0.040775788625273895
Bacteria	NZ_JAKUHT010000013.1_65	1	19	0.05263157894736842	0	380	0.0013123359580052493	0.024642061236139934	40.10526315789473	0.040775788625273895
Bacteria	NZ_JADDKQ010000003.1_161	1	19	0.05263157894736842	0	380	0.0013123359580052493	0.024642061236139934	40.10526315789473	0.040775788625273895
Bacteria	NZ_JAKUHT010000013.1_62	1	19	0.05263157894736842	0	380	0.0013123359580052493	0.024642061236139934	40.10526315789473	0.040775788625273895
Bacteria	NZ_JAKUHT010000013.1_61	1	19	0.05263157894736842	0	380	0.0013123359580052493	0.024642061236139934	40.10526315789473	0.040775788625273895
Bacteria	NZ_JAKUHT010000013.1_60	1	19	0.05263157894736842	0	380	0.0013123359580052493	0.024642061236139934	40.10526315789473	0.040775788625273895
Bacteria	NZ_JAKUHT010000013.1_59	1	19	0.05263157894736842	0	380	0.0013123359580052493	0.024642061236139934	40.10526315789473	0.040775788625273895
Bacteria	NZ_JAKUHT010000013.1_58	1	19	0.05263157894736842	0	380	0.0013123359580052493	0.024642061236139934	40.10526315789473	0.040775788625273895
Bacteria	NZ_JAKUHT010000013.1_57	1	19	0.05263157894736842	0	380	0.0013123359580052493	0.024642061236139934	40.10526315789473	0.040775788625273895
Bacteria	NZ_JAKUHT010000013.1_55	1	19	0.05263157894736842	0	380	0.0013123359580052493	0.024642061236139934	40.10526315789473	0.040775788625273895
Bacteria	NZ_JAKUHT010000013.1_54	1	19	0.05263157894736842	0	380	0.0013123359580052493	0.024642061236139934	40.10526315789473	0.040775788625273895
Bacteria	NZ_JAKUHT010000013.1_53	1	19	0.05263157894736842	0	380	0.0013123359580052493	0.024642061236139934	40.10526315789473	0.040775788625273895
Bacteria	JAFEGL010000029.1_17	1	19	0.05263157894736842	0	380	0.0013123359580052493	0.024642061236139934	40.10526315789473	0.040775788625273895
Bacteria	JAFGCY010000036.1_38	1	19	0.05263157894736842	3	380	0.009186351706036745	0.16083449075926962	5.7293233082706765	0.17310152819006136
Bacteria	NZ_JAKUHT010000013.1_49	1	19	0.05263157894736842	0	380	0.0013123359580052493	0.024642061236139934	40.10526315789473	0.040775788625273895
Bacteria	NZ_QPII01000005.1_254	1	19	0.05263157894736842	0	380	0.0013123359580052493	0.024642061236139934	40.10526315789473	0.040775788625273895
Bacteria	NZ_JAKUHT010000013.1_172	1	19	0.05263157894736842	0	380	0.0013123359580052493	0.024642061236139934	40.10526315789473	0.040775788625273895
Bacteria	NZ_JAKUHT010000013.1_47	1	19	0.05263157894736842	0	380	0.0013123359580052493	0.024642061236139934	40.10526315789473	0.040775788625273895
Bacteria	JADKAQ010000003.1_215	1	19	0.05263157894736842	1	380	0.003937007874015748	0.07221085599886466	13.368421052631579	0.08651678030052654
Bacteria	NZ_LIGX01000014.1_55	1	19	0.05263157894736842	1	380	0.003937007874015748	0.07221085599886466	13.368421052631579	0.08651678030052654
Bacteria	NZ_JAKUHT010000013.1_43	1	19	0.05263157894736842	0	380	0.0013123359580052493	0.024642061236139934	40.10526315789473	0.040775788625273895
Bacteria	NZ_JADDKQ010000035.1_18	1	19	0.05263157894736842	0	380	0.0013123359580052493	0.024642061236139934	40.10526315789473	0.040775788625273895
Bacteria	NZ_JAKUHT010000013.1_39	1	19	0.05263157894736842	0	380	0.0013123359580052493	0.024642061236139934	40.10526315789473	0.040775788625273895
Bacteria	JAFGCY010000036.1_13	1	19	0.05263157894736842	2	380	0.006561679790026247	0.11757611460167251	8.021052631578947	0.13156093880539568
Bacteria	NZ_JAKUHT010000013.1_37	1	19	0.05263157894736842	1	380	0.003937007874015748	0.07221085599886466	13.368421052631579	0.08651678030052654
Bacteria	NZ_JAKUHT010000013.1_36	1	19	0.05263157894736842	1	380	0.003937007874015748	0.07221085599886466	13.368421052631579	0.08651678030052654
Bacteria	CAJWBY010000248.1_2	1	19	0.05263157894736842	2	380	0.006561679790026247	0.11757611460167251	8.021052631578947	0.13156093880539568
Bacteria	JADJWG010000004.1_438	1	19	0.05263157894736842	2	380	0.006561679790026247	0.11757611460167251	8.021052631578947	0.13156093880539568
Bacteria	NZ_QPII01000005.1_255	1	19	0.05263157894736842	0	380	0.0013123359580052493	0.024642061236139934	40.10526315789473	0.040775788625273895
Bacteria	NZ_QPII01000005.1_220	1	19	0.05263157894736842	0	380	0.0013123359580052493	0.024642061236139934	40.10526315789473	0.040775788625273895
Bacteria	CAJWBY010000138.1_7	1	19	0.05263157894736842	0	380	0.0013123359580052493	0.024642061236139934	40.10526315789473	0.040775788625273895
Bacteria	JADKAQ010000016.1_70	1	19	0.05263157894736842	0	380	0.0013123359580052493	0.024642061236139934	40.10526315789473	0.040775788625273895
Bacteria	NZ_MWLL01000227.1_7	1	19	0.05263157894736842	0	380	0.0013123359580052493	0.024642061236139934	40.10526315789473	0.040775788625273895
Bacteria	NZ_JAKUHT010000012.1_160	1	19	0.05263157894736842	0	380	0.0013123359580052493	0.024642061236139934	40.10526315789473	0.040775788625273895
Bacteria	NZ_JADDKQ010000010.1_216	1	19	0.05263157894736842	0	380	0.0013123359580052493	0.024642061236139934	40.10526315789473	0.040775788625273895
Bacteria	NZ_MWLL01000195.1_31	1	19	0.05263157894736842	0	380	0.0013123359580052493	0.024642061236139934	40.10526315789473	0.040775788625273895
Bacteria	NZ_CP072036.1_2137	1	19	0.05263157894736842	0	380	0.0013123359580052493	0.024642061236139934	40.10526315789473	0.040775788625273895
Bacteria	NZ_MWLL01000195.1_28	1	19	0.05263157894736842	0	380	0.0013123359580052493	0.024642061236139934	40.10526315789473	0.040775788625273895
Bacteria	NZ_MWLL01000195.1_27	1	19	0.05263157894736842	0	380	0.0013123359580052493	0.024642061236139934	40.10526315789473	0.040775788625273895
Bacteria	NZ_MWLL01000195.1_26	1	19	0.05263157894736842	0	380	0.0013123359580052493	0.024642061236139934	40.10526315789473	0.040775788625273895
Bacteria	NZ_MWLL01000195.1_25	1	19	0.05263157894736842	0	380	0.0013123359580052493	0.024642061236139934	40.10526315789473	0.040775788625273895
Bacteria	NZ_MWLL01000195.1_24	1	19	0.05263157894736842	0	380	0.0013123359580052493	0.024642061236139934	40.10526315789473	0.040775788625273895
Bacteria	NZ_MWLL01000195.1_23	1	19	0.05263157894736842	0	380	0.0013123359580052493	0.024642061236139934	40.10526315789473	0.040775788625273895
Bacteria	NZ_MWLL01000195.1_22	1	19	0.05263157894736842	0	380	0.0013123359580052493	0.024642061236139934	40.10526315789473	0.040775788625273895
Bacteria	NZ_MWLL01000195.1_21	1	19	0.05263157894736842	0	380	0.0013123359580052493	0.024642061236139934	40.10526315789473	0.040775788625273895
Bacteria	NZ_MWLL01000016.1_15	1	19	0.05263157894736842	0	380	0.0013123359580052493	0.024642061236139934	40.10526315789473	0.040775788625273895
Bacteria	NZ_MWLL01000227.1_8	1	19	0.05263157894736842	0	380	0.0013123359580052493	0.024642061236139934	40.10526315789473	0.040775788625273895
Bacteria	JADKAQ010000016.1_69	1	19	0.05263157894736842	0	380	0.0013123359580052493	0.024642061236139934	40.10526315789473	0.040775788625273895
Bacteria	NZ_MWLL01000195.1_17	1	19	0.05263157894736842	0	380	0.0013123359580052493	0.024642061236139934	40.10526315789473	0.040775788625273895
Bacteria	NZ_MWLL01000195.1_16	1	19	0.05263157894736842	0	380	0.0013123359580052493	0.024642061236139934	40.10526315789473	0.040775788625273895
Bacteria	NZ_MWLL01000195.1_15	1	19	0.05263157894736842	0	380	0.0013123359580052493	0.024642061236139934	40.10526315789473	0.040775788625273895
Bacteria	NZ_MWLL01000195.1_14	1	19	0.05263157894736842	0	380	0.0013123359580052493	0.024642061236139934	40.10526315789473	0.040775788625273895
Bacteria	NZ_MWLL01000195.1_13	1	19	0.05263157894736842	0	380	0.0013123359580052493	0.024642061236139934	40.10526315789473	0.040775788625273895
Bacteria	NZ_MWLL01000195.1_12	1	19	0.05263157894736842	0	380	0.0013123359580052493	0.024642061236139934	40.10526315789473	0.040775788625273895
Bacteria	JAFEGL010000039.1_33	1	19	0.05263157894736842	0	380	0.0013123359580052493	0.024642061236139934	40.10526315789473	0.040775788625273895
Bacteria	NZ_JAALLS010000021.1_39	1	19	0.05263157894736842	0	380	0.0013123359580052493	0.024642061236139934	40.10526315789473	0.040775788625273895
Bacteria	JAHFTO010000009.1_12	1	19	0.05263157894736842	0	380	0.0013123359580052493	0.024642061236139934	40.10526315789473	0.040775788625273895
Bacteria	JAFEGH010000007.1_338	1	19	0.05263157894736842	0	380	0.0013123359580052493	0.024642061236139934	40.10526315789473	0.040775788625273895
Bacteria	JAKBAE010000060.1_4	1	19	0.05263157894736842	1	380	0.003937007874015748	0.07221085599886466	13.368421052631579	0.08651678030052654
Bacteria	JADJWG010000004.1_329	1	19	0.05263157894736842	0	380	0.0013123359580052493	0.024642061236139934	40.10526315789473	0.040775788625273895
Bacteria	JAFEGH010000007.1_334	1	19	0.05263157894736842	1	380	0.003937007874015748	0.07221085599886466	13.368421052631579	0.08651678030052654
Bacteria	NZ_MWLL01000195.1_34	1	19	0.05263157894736842	0	380	0.0013123359580052493	0.024642061236139934	40.10526315789473	0.040775788625273895
Bacteria	JADKAQ010000016.1_37	1	19	0.05263157894736842	0	380	0.0013123359580052493	0.024642061236139934	40.10526315789473	0.040775788625273895
Bacteria	SKKJ01000272.1_4	1	19	0.05263157894736842	0	380	0.0013123359580052493	0.024642061236139934	40.10526315789473	0.040775788625273895
Bacteria	JADKAQ010000002.1_4	1	19	0.05263157894736842	0	380	0.0013123359580052493	0.024642061236139934	40.10526315789473	0.040775788625273895
Bacteria	JADKAQ010000016.1_68	1	19	0.05263157894736842	0	380	0.0013123359580052493	0.024642061236139934	40.10526315789473	0.040775788625273895
Bacteria	JADJWG010000001.1_638	1	19	0.05263157894736842	0	380	0.0013123359580052493	0.024642061236139934	40.10526315789473	0.040775788625273895
Bacteria	JAFEGL010000045.1_18	1	19	0.05263157894736842	1	380	0.003937007874015748	0.07221085599886466	13.368421052631579	0.08651678030052654
Bacteria	JADJWG010000004.1_493	1	19	0.05263157894736842	0	380	0.0013123359580052493	0.024642061236139934	40.10526315789473	0.040775788625273895
Bacteria	JADJWG010000002.1_721	1	19	0.05263157894736842	0	380	0.0013123359580052493	0.024642061236139934	40.10526315789473	0.040775788625273895
Bacteria	JADKAQ010000016.1_63	1	19	0.05263157894736842	0	380	0.0013123359580052493	0.024642061236139934	40.10526315789473	0.040775788625273895
Bacteria	JADKAQ010000016.1_62	1	19	0.05263157894736842	0	380	0.0013123359580052493	0.024642061236139934	40.10526315789473	0.040775788625273895
Bacteria	JADKAQ010000048.1_5	1	19	0.05263157894736842	0	380	0.0013123359580052493	0.024642061236139934	40.10526315789473	0.040775788625273895
Bacteria	NZ_JAKUHT010000022.1_24	1	19	0.05263157894736842	1	380	0.003937007874015748	0.07221085599886466	13.368421052631579	0.08651678030052654
Bacteria	JADKAQ010000016.1_58	1	19	0.05263157894736842	0	380	0.0013123359580052493	0.024642061236139934	40.10526315789473	0.040775788625273895
Bacteria	JADKAQ010000016.1_57	1	19	0.05263157894736842	0	380	0.0013123359580052493	0.024642061236139934	40.10526315789473	0.040775788625273895
Bacteria	JADKAQ010000016.1_56	1	19	0.05263157894736842	0	380	0.0013123359580052493	0.024642061236139934	40.10526315789473	0.040775788625273895
Bacteria	JADKAQ010000016.1_55	1	19	0.05263157894736842	0	380	0.0013123359580052493	0.024642061236139934	40.10526315789473	0.040775788625273895
Bacteria	JADKAQ010000016.1_54	1	19	0.05263157894736842	0	380	0.0013123359580052493	0.024642061236139934	40.10526315789473	0.040775788625273895
Bacteria	JADJWG010000002.1_759	1	19	0.05263157894736842	2	380	0.006561679790026247	0.11757611460167251	8.021052631578947	0.13156093880539568
Bacteria	JADKAQ010000008.1_352	1	19	0.05263157894736842	4	380	0.011811023622047244	0.20207863768127723	4.456140350877193	0.21079250090777996
Bacteria	JADKAQ010000016.1_50	1	19	0.05263157894736842	0	380	0.0013123359580052493	0.024642061236139934	40.10526315789473	0.040775788625273895
Bacteria	JADJWG010000004.1_49	1	19	0.05263157894736842	0	380	0.0013123359580052493	0.024642061236139934	40.10526315789473	0.040775788625273895
Bacteria	JADKAQ010000016.1_48	1	19	0.05263157894736842	0	380	0.0013123359580052493	0.024642061236139934	40.10526315789473	0.040775788625273895
Bacteria	JADKAQ010000016.1_47	1	19	0.05263157894736842	0	380	0.0013123359580052493	0.024642061236139934	40.10526315789473	0.040775788625273895
Bacteria	JADKAQ010000001.1_135	1	19	0.05263157894736842	2	380	0.006561679790026247	0.11757611460167251	8.021052631578947	0.13156093880539568
Bacteria	NZ_OBEJ01000004.1_108	1	19	0.05263157894736842	0	380	0.0013123359580052493	0.024642061236139934	40.10526315789473	0.040775788625273895
Bacteria	JADKAQ010000016.1_44	1	19	0.05263157894736842	0	380	0.0013123359580052493	0.024642061236139934	40.10526315789473	0.040775788625273895
Bacteria	JADKAQ010000016.1_43	1	19	0.05263157894736842	0	380	0.0013123359580052493	0.024642061236139934	40.10526315789473	0.040775788625273895
Bacteria	JADKAQ010000016.1_42	1	19	0.05263157894736842	0	380	0.0013123359580052493	0.024642061236139934	40.10526315789473	0.040775788625273895
Bacteria	JADKAQ010000016.1_41	1	19	0.05263157894736842	0	380	0.0013123359580052493	0.024642061236139934	40.10526315789473	0.040775788625273895
Bacteria	JADKAQ010000017.1_19	1	19	0.05263157894736842	0	380	0.0013123359580052493	0.024642061236139934	40.10526315789473	0.040775788625273895
Bacteria	NZ_JAKUHT010000036.1_55	1	19	0.05263157894736842	3	380	0.009186351706036745	0.16083449075926962	5.7293233082706765	0.17310152819006136
Bacteria	JADJWG010000004.1_322	1	19	0.05263157894736842	0	380	0.0013123359580052493	0.024642061236139934	40.10526315789473	0.040775788625273895
Bacteria	JADJWG010000004.1_328	1	19	0.05263157894736842	0	380	0.0013123359580052493	0.024642061236139934	40.10526315789473	0.040775788625273895
Bacteria	NZ_LIGX01000006.1_15	1	19	0.05263157894736842	0	380	0.0013123359580052493	0.024642061236139934	40.10526315789473	0.040775788625273895
Bacteria	NZ_LIGX01000006.1_11	1	19	0.05263157894736842	0	380	0.0013123359580052493	0.024642061236139934	40.10526315789473	0.040775788625273895
Bacteria	NZ_LIGX01000006.1_10	1	19	0.05263157894736842	0	380	0.0013123359580052493	0.024642061236139934	40.10526315789473	0.040775788625273895
Bacteria	NZ_LIGX01000006.1_9	1	19	0.05263157894736842	0	380	0.0013123359580052493	0.024642061236139934	40.10526315789473	0.040775788625273895
Bacteria	NZ_LIGX01000006.1_8	1	19	0.05263157894736842	0	380	0.0013123359580052493	0.024642061236139934	40.10526315789473	0.040775788625273895
Bacteria	NZ_LIGX01000006.1_7	1	19	0.05263157894736842	0	380	0.0013123359580052493	0.024642061236139934	40.10526315789473	0.040775788625273895
Bacteria	NZ_LIGX01000006.1_6	1	19	0.05263157894736842	0	380	0.0013123359580052493	0.024642061236139934	40.10526315789473	0.040775788625273895
Bacteria	NZ_LIGX01000006.1_5	1	19	0.05263157894736842	0	380	0.0013123359580052493	0.024642061236139934	40.10526315789473	0.040775788625273895
Bacteria	NZ_LIGX01000006.1_4	1	19	0.05263157894736842	0	380	0.0013123359580052493	0.024642061236139934	40.10526315789473	0.040775788625273895
Bacteria	NZ_LIGX01000038.1_103	1	19	0.05263157894736842	0	380	0.0013123359580052493	0.024642061236139934	40.10526315789473	0.040775788625273895
Bacteria	NZ_CP072036.1_804	1	19	0.05263157894736842	2	380	0.006561679790026247	0.11757611460167251	8.021052631578947	0.13156093880539568
Bacteria	RKRY01000155.1_10	1	19	0.05263157894736842	0	380	0.0013123359580052493	0.024642061236139934	40.10526315789473	0.040775788625273895
Bacteria	CAJWBY010000188.1_6	1	19	0.05263157894736842	0	380	0.0013123359580052493	0.024642061236139934	40.10526315789473	0.040775788625273895
Bacteria	CAJWBY010000188.1_5	1	19	0.05263157894736842	0	380	0.0013123359580052493	0.024642061236139934	40.10526315789473	0.040775788625273895
Bacteria	CAJWBY010000188.1_4	1	19	0.05263157894736842	0	380	0.0013123359580052493	0.024642061236139934	40.10526315789473	0.040775788625273895
Bacteria	CAJWBY010000188.1_3	1	19	0.05263157894736842	0	380	0.0013123359580052493	0.024642061236139934	40.10526315789473	0.040775788625273895
Bacteria	CAJWBY010000188.1_2	1	19	0.05263157894736842	0	380	0.0013123359580052493	0.024642061236139934	40.10526315789473	0.040775788625273895
Bacteria	CAJWBY010000120.1_3	1	19	0.05263157894736842	0	380	0.0013123359580052493	0.024642061236139934	40.10526315789473	0.040775788625273895
Bacteria	JAHEFU010000095.1_6	1	19	0.05263157894736842	0	380	0.0013123359580052493	0.024642061236139934	40.10526315789473	0.040775788625273895
Bacteria	JAHEFU010000095.1_4	1	19	0.05263157894736842	0	380	0.0013123359580052493	0.024642061236139934	40.10526315789473	0.040775788625273895
Bacteria	JAHEFU010000095.1_3	1	19	0.05263157894736842	0	380	0.0013123359580052493	0.024642061236139934	40.10526315789473	0.040775788625273895
Bacteria	JAHEFU010000095.1_1	1	19	0.05263157894736842	0	380	0.0013123359580052493	0.024642061236139934	40.10526315789473	0.040775788625273895
Bacteria	CP060262.1_2240	1	19	0.05263157894736842	0	380	0.0013123359580052493	0.024642061236139934	40.10526315789473	0.040775788625273895
Bacteria	CP060262.1_2238	1	19	0.05263157894736842	0	380	0.0013123359580052493	0.024642061236139934	40.10526315789473	0.040775788625273895
Bacteria	CAJWBY010000005.1_47	1	19	0.05263157894736842	0	380	0.0013123359580052493	0.024642061236139934	40.10526315789473	0.040775788625273895
Bacteria	JAHFTO010000009.1_59	1	19	0.05263157894736842	2	380	0.006561679790026247	0.11757611460167251	8.021052631578947	0.13156093880539568
Bacteria	CP060262.1_2917	1	19	0.05263157894736842	1	380	0.003937007874015748	0.07221085599886466	13.368421052631579	0.08651678030052654
Bacteria	CP060262.1_2234	1	19	0.05263157894736842	0	380	0.0013123359580052493	0.024642061236139934	40.10526315789473	0.040775788625273895
Bacteria	NZ_LIGX01000006.1_13	1	19	0.05263157894736842	0	380	0.0013123359580052493	0.024642061236139934	40.10526315789473	0.040775788625273895
Bacteria	JAHFTO010000030.1_2	1	19	0.05263157894736842	1	380	0.003937007874015748	0.07221085599886466	13.368421052631579	0.08651678030052654
Bacteria	JAFEGL010000003.1_45	1	19	0.05263157894736842	2	380	0.006561679790026247	0.11757611460167251	8.021052631578947	0.13156093880539568
Bacteria	JAJXYX010000049.1_8	1	19	0.05263157894736842	1	380	0.003937007874015748	0.07221085599886466	13.368421052631579	0.08651678030052654
Bacteria	CP060262.1_319	1	19	0.05263157894736842	2	380	0.006561679790026247	0.11757611460167251	8.021052631578947	0.13156093880539568
Bacteria	NZ_JAALLS010000018.1_12	1	19	0.05263157894736842	0	380	0.0013123359580052493	0.024642061236139934	40.10526315789473	0.040775788625273895
Bacteria	NZ_JAALLS010000018.1_11	1	19	0.05263157894736842	0	380	0.0013123359580052493	0.024642061236139934	40.10526315789473	0.040775788625273895
Bacteria	CP060262.1_758	1	19	0.05263157894736842	0	380	0.0013123359580052493	0.024642061236139934	40.10526315789473	0.040775788625273895
Bacteria	NZ_CP095492.1_184	1	19	0.05263157894736842	0	380	0.0013123359580052493	0.024642061236139934	40.10526315789473	0.040775788625273895
Bacteria	NZ_JAKUHT010000012.1_296	1	19	0.05263157894736842	0	380	0.0013123359580052493	0.024642061236139934	40.10526315789473	0.040775788625273895
Bacteria	PXRE01000037.1_10	1	19	0.05263157894736842	0	380	0.0013123359580052493	0.024642061236139934	40.10526315789473	0.040775788625273895
Bacteria	NZ_CP031310.1_1214	1	19	0.05263157894736842	0	380	0.0013123359580052493	0.024642061236139934	40.10526315789473	0.040775788625273895
Bacteria	JAHFTO010000030.1_25	1	19	0.05263157894736842	1	380	0.003937007874015748	0.07221085599886466	13.368421052631579	0.08651678030052654
Bacteria	JAFEGH010000003.1_89	1	19	0.05263157894736842	0	380	0.0013123359580052493	0.024642061236139934	40.10526315789473	0.040775788625273895
Bacteria	CP060262.1_3079	1	19	0.05263157894736842	5	380	0.014435695538057743	0.24139736370898784	3.6459330143540667	0.24674016250335176
Bacteria	JAHFTO010000030.1_21	1	19	0.05263157894736842	1	380	0.003937007874015748	0.07221085599886466	13.368421052631579	0.08651678030052654
Bacteria	JAKBAE010000073.1_7	1	19	0.05263157894736842	1	380	0.003937007874015748	0.07221085599886466	13.368421052631579	0.08651678030052654
Bacteria	JAKBAE010000073.1_8	1	19	0.05263157894736842	1	380	0.003937007874015748	0.07221085599886466	13.368421052631579	0.08651678030052654
Bacteria	JAHFTO010000030.1_18	1	19	0.05263157894736842	2	380	0.006561679790026247	0.11757611460167251	8.021052631578947	0.13156093880539568
Bacteria	JAHFTO010000030.1_17	1	19	0.05263157894736842	1	380	0.003937007874015748	0.07221085599886466	13.368421052631579	0.08651678030052654
Bacteria	JAHFTO010000030.1_16	1	19	0.05263157894736842	1	380	0.003937007874015748	0.07221085599886466	13.368421052631579	0.08651678030052654
Bacteria	JAHFTO010000030.1_14	1	19	0.05263157894736842	1	380	0.003937007874015748	0.07221085599886466	13.368421052631579	0.08651678030052654
Bacteria	JAFEGH010000006.1_330	1	19	0.05263157894736842	1	380	0.003937007874015748	0.07221085599886466	13.368421052631579	0.08651678030052654
Bacteria	JAFEGL010000045.1_110	1	19	0.05263157894736842	3	380	0.009186351706036745	0.16083449075926962	5.7293233082706765	0.17310152819006136
Bacteria	JAFEGH010000013.1_17	1	19	0.05263157894736842	3	380	0.009186351706036745	0.16083449075926962	5.7293233082706765	0.17310152819006136
Bacteria	JAHFTO010000030.1_9	1	19	0.05263157894736842	1	380	0.003937007874015748	0.07221085599886466	13.368421052631579	0.08651678030052654
Bacteria	JAHFTO010000030.1_8	1	19	0.05263157894736842	2	380	0.006561679790026247	0.11757611460167251	8.021052631578947	0.13156093880539568
Bacteria	JAJXYX010000080.1_4	1	19	0.05263157894736842	4	380	0.011811023622047244	0.20207863768127723	4.456140350877193	0.21079250090777996
Bacteria	JAFEGL010000003.1_139	1	19	0.05263157894736842	3	380	0.009186351706036745	0.16083449075926962	5.7293233082706765	0.17310152819006136
Bacteria	JAHFTO010000030.1_5	1	19	0.05263157894736842	1	380	0.003937007874015748	0.07221085599886466	13.368421052631579	0.08651678030052654
Bacteria	PXRX01000031.1_46	1	19	0.05263157894736842	2	380	0.006561679790026247	0.11757611460167251	8.021052631578947	0.13156093880539568
Bacteria	CP060262.1_2233	1	19	0.05263157894736842	0	380	0.0013123359580052493	0.024642061236139934	40.10526315789473	0.040775788625273895
Bacteria	CP060262.1_2231	1	19	0.05263157894736842	0	380	0.0013123359580052493	0.024642061236139934	40.10526315789473	0.040775788625273895
Bacteria	NZ_JAALLS010000018.1_16	1	19	0.05263157894736842	0	380	0.0013123359580052493	0.024642061236139934	40.10526315789473	0.040775788625273895
Bacteria	NZ_QPII01000001.1_225	1	19	0.05263157894736842	1	380	0.003937007874015748	0.07221085599886466	13.368421052631579	0.08651678030052654
Bacteria	NZ_JADDKQ010000027.1_30	1	19	0.05263157894736842	3	380	0.009186351706036745	0.16083449075926962	5.7293233082706765	0.17310152819006136
Bacteria	JAFGCY010000084.1_35	1	19	0.05263157894736842	0	380	0.0013123359580052493	0.024642061236139934	40.10526315789473	0.040775788625273895
Bacteria	JAFGCY010000084.1_34	1	19	0.05263157894736842	0	380	0.0013123359580052493	0.024642061236139934	40.10526315789473	0.040775788625273895
Bacteria	JAFGCY010000084.1_33	1	19	0.05263157894736842	0	380	0.0013123359580052493	0.024642061236139934	40.10526315789473	0.040775788625273895
Bacteria	JAFGCY010000084.1_32	1	19	0.05263157894736842	0	380	0.0013123359580052493	0.024642061236139934	40.10526315789473	0.040775788625273895
Bacteria	NZ_QPII01000001.1_280	1	19	0.05263157894736842	1	380	0.003937007874015748	0.07221085599886466	13.368421052631579	0.08651678030052654
Bacteria	JAFGCY010000084.1_30	1	19	0.05263157894736842	2	380	0.006561679790026247	0.11757611460167251	8.021052631578947	0.13156093880539568
Bacteria	JAFGCY010000084.1_29	1	19	0.05263157894736842	1	380	0.003937007874015748	0.07221085599886466	13.368421052631579	0.08651678030052654
Bacteria	JAFGCY010000084.1_28	1	19	0.05263157894736842	1	380	0.003937007874015748	0.07221085599886466	13.368421052631579	0.08651678030052654
Bacteria	JAFGCY010000084.1_27	1	19	0.05263157894736842	1	380	0.003937007874015748	0.07221085599886466	13.368421052631579	0.08651678030052654
Bacteria	JAFGCY010000084.1_26	1	19	0.05263157894736842	1	380	0.003937007874015748	0.07221085599886466	13.368421052631579	0.08651678030052654
Bacteria	JAFGCY010000084.1_25	1	19	0.05263157894736842	1	380	0.003937007874015748	0.07221085599886466	13.368421052631579	0.08651678030052654
Bacteria	JAFGCY010000084.1_23	1	19	0.05263157894736842	1	380	0.003937007874015748	0.07221085599886466	13.368421052631579	0.08651678030052654
Bacteria	JAFGCY010000084.1_22	1	19	0.05263157894736842	1	380	0.003937007874015748	0.07221085599886466	13.368421052631579	0.08651678030052654
Bacteria	NZ_MWLL01000064.1_14	1	19	0.05263157894736842	4	380	0.011811023622047244	0.20207863768127723	4.456140350877193	0.21079250090777996
Bacteria	JAFGCY010000084.1_20	1	19	0.05263157894736842	1	380	0.003937007874015748	0.07221085599886466	13.368421052631579	0.08651678030052654
Bacteria	NZ_NHSQ01000159.1_23	1	19	0.05263157894736842	6	380	0.01706036745406824	0.27887578228608983	3.08502024291498	0.28277225030206316
Bacteria	JAFGCY010000084.1_18	1	19	0.05263157894736842	1	380	0.003937007874015748	0.07221085599886466	13.368421052631579	0.08651678030052654
Bacteria	NZ_KB913019.1_31	1	19	0.05263157894736842	3	380	0.009186351706036745	0.16083449075926962	5.7293233082706765	0.17310152819006136
Bacteria	JAFGCY010000084.1_16	1	19	0.05263157894736842	1	380	0.003937007874015748	0.07221085599886466	13.368421052631579	0.08651678030052654
Bacteria	JAHEFU010000129.1_4	1	19	0.05263157894736842	1	380	0.003937007874015748	0.07221085599886466	13.368421052631579	0.08651678030052654
Bacteria	JAFGCY010000084.1_14	1	19	0.05263157894736842	0	380	0.0013123359580052493	0.024642061236139934	40.10526315789473	0.040775788625273895
Bacteria	JAFGCY010000084.1_12	1	19	0.05263157894736842	1	380	0.003937007874015748	0.07221085599886466	13.368421052631579	0.08651678030052654
Bacteria	JAFGCY010000084.1_11	1	19	0.05263157894736842	1	380	0.003937007874015748	0.07221085599886466	13.368421052631579	0.08651678030052654
Bacteria	JAHEFU010000029.1_21	1	19	0.05263157894736842	1	380	0.003937007874015748	0.07221085599886466	13.368421052631579	0.08651678030052654
Bacteria	JAFGCY010000084.1_9	1	19	0.05263157894736842	1	380	0.003937007874015748	0.07221085599886466	13.368421052631579	0.08651678030052654
Bacteria	JAHEFU010000211.1_1	1	19	0.05263157894736842	1	380	0.003937007874015748	0.07221085599886466	13.368421052631579	0.08651678030052654
Bacteria	CP060262.1_850	1	19	0.05263157894736842	4	380	0.011811023622047244	0.20207863768127723	4.456140350877193	0.21079250090777996
Bacteria	JAHEFU010000002.1_21	1	19	0.05263157894736842	4	380	0.011811023622047244	0.20207863768127723	4.456140350877193	0.21079250090777996
Bacteria	CP060262.1_2230	1	19	0.05263157894736842	0	380	0.0013123359580052493	0.024642061236139934	40.10526315789473	0.040775788625273895
Bacteria	JAFGCY010000084.1_40	1	19	0.05263157894736842	0	380	0.0013123359580052493	0.024642061236139934	40.10526315789473	0.040775788625273895
Bacteria	JAFGCY010000027.1_12	1	19	0.05263157894736842	0	380	0.0013123359580052493	0.024642061236139934	40.10526315789473	0.040775788625273895
Bacteria	NZ_FTNO01000001.1_998	1	19	0.05263157894736842	0	380	0.0013123359580052493	0.024642061236139934	40.10526315789473	0.040775788625273895
Bacteria	CP060262.1_2227	1	19	0.05263157894736842	0	380	0.0013123359580052493	0.024642061236139934	40.10526315789473	0.040775788625273895
Bacteria	CP060262.1_2226	1	19	0.05263157894736842	0	380	0.0013123359580052493	0.024642061236139934	40.10526315789473	0.040775788625273895
Bacteria	JAHEFU010000007.1_13	1	19	0.05263157894736842	2	380	0.006561679790026247	0.11757611460167251	8.021052631578947	0.13156093880539568
Bacteria	CP060262.1_2223	1	19	0.05263157894736842	0	380	0.0013123359580052493	0.024642061236139934	40.10526315789473	0.040775788625273895
Bacteria	JADJWG010000002.1_888	1	19	0.05263157894736842	1	380	0.003937007874015748	0.07221085599886466	13.368421052631579	0.08651678030052654
Bacteria	NZ_NHSQ01000087.1_48	1	19	0.05263157894736842	1	380	0.003937007874015748	0.07221085599886466	13.368421052631579	0.08651678030052654
Bacteria	JAHEFU010000137.1_2	1	19	0.05263157894736842	3	380	0.009186351706036745	0.16083449075926962	5.7293233082706765	0.17310152819006136
Bacteria	JAHEFU010000137.1_3	1	19	0.05263157894736842	0	380	0.0013123359580052493	0.024642061236139934	40.10526315789473	0.040775788625273895
Bacteria	JAFGCY010000067.1_17	1	19	0.05263157894736842	0	380	0.0013123359580052493	0.024642061236139934	40.10526315789473	0.040775788625273895
Bacteria	CP060262.1_2216	1	19	0.05263157894736842	0	380	0.0013123359580052493	0.024642061236139934	40.10526315789473	0.040775788625273895
Bacteria	JAFGCY010000067.1_15	1	19	0.05263157894736842	4	380	0.011811023622047244	0.20207863768127723	4.456140350877193	0.21079250090777996
Bacteria	JAHEFU010000233.1_6	1	19	0.05263157894736842	0	380	0.0013123359580052493	0.024642061236139934	40.10526315789473	0.040775788625273895
Bacteria	NZ_MWLL01000265.1_9	1	19	0.05263157894736842	1	380	0.003937007874015748	0.07221085599886466	13.368421052631579	0.08651678030052654
Bacteria	CP060262.1_2212	1	19	0.05263157894736842	0	380	0.0013123359580052493	0.024642061236139934	40.10526315789473	0.040775788625273895
Bacteria	JADJWG010000001.1_163	1	19	0.05263157894736842	5	380	0.014435695538057743	0.24139736370898784	3.6459330143540667	0.24674016250335176
Bacteria	JAHEFU010000233.1_2	1	19	0.05263157894736842	0	380	0.0013123359580052493	0.024642061236139934	40.10526315789473	0.040775788625273895
Bacteria	NZ_QPII01000016.1_99	1	19	0.05263157894736842	8	380	0.02230971128608924	0.34863453806763256	2.3591331269349842	0.34932218015455097
Bacteria	JAFGCY010000067.1_8	1	19	0.05263157894736842	0	380	0.0013123359580052493	0.024642061236139934	40.10526315789473	0.040775788625273895
Bacteria	JAFGCY010000067.1_7	1	19	0.05263157894736842	0	380	0.0013123359580052493	0.024642061236139934	40.10526315789473	0.040775788625273895
Bacteria	JAHEFU010000031.1_4	1	19	0.05263157894736842	0	380	0.0013123359580052493	0.024642061236139934	40.10526315789473	0.040775788625273895
Bacteria	JAFGCY010000084.1_45	1	19	0.05263157894736842	0	380	0.0013123359580052493	0.024642061236139934	40.10526315789473	0.040775788625273895
Bacteria	CP060262.1_1609	1	19	0.05263157894736842	0	380	0.0013123359580052493	0.024642061236139934	40.10526315789473	0.040775788625273895
Bacteria	JAHEFU010000082.1_3	1	19	0.05263157894736842	0	380	0.0013123359580052493	0.024642061236139934	40.10526315789473	0.040775788625273895
Bacteria	JAFGCY010000084.1_42	1	19	0.05263157894736842	0	380	0.0013123359580052493	0.024642061236139934	40.10526315789473	0.040775788625273895
Bacteria	JAFGCY010000084.1_41	1	19	0.05263157894736842	0	380	0.0013123359580052493	0.024642061236139934	40.10526315789473	0.040775788625273895
Bacteria	NZ_JAALLS010000018.1_15	1	19	0.05263157894736842	0	380	0.0013123359580052493	0.024642061236139934	40.10526315789473	0.040775788625273895
Bacteria	NZ_JAALLS010000018.1_17	1	19	0.05263157894736842	0	380	0.0013123359580052493	0.024642061236139934	40.10526315789473	0.040775788625273895
Bacteria	JADJWG010000004.1_327	1	19	0.05263157894736842	0	380	0.0013123359580052493	0.024642061236139934	40.10526315789473	0.040775788625273895
Bacteria	NZ_JAKUHT010000011.1_91	1	19	0.05263157894736842	6	380	0.01706036745406824	0.27887578228608983	3.08502024291498	0.28277225030206316
Bacteria	NZ_JADDKQ010000016.1_71	1	19	0.05263157894736842	0	380	0.0013123359580052493	0.024642061236139934	40.10526315789473	0.040775788625273895
Bacteria	NZ_NHSQ01000189.1_3	1	19	0.05263157894736842	0	380	0.0013123359580052493	0.024642061236139934	40.10526315789473	0.040775788625273895
Bacteria	NZ_JADDKQ010000016.1_69	1	19	0.05263157894736842	0	380	0.0013123359580052493	0.024642061236139934	40.10526315789473	0.040775788625273895
Bacteria	NZ_JADDKQ010000016.1_68	1	19	0.05263157894736842	0	380	0.0013123359580052493	0.024642061236139934	40.10526315789473	0.040775788625273895
Bacteria	NZ_JADDKQ010000016.1_67	1	19	0.05263157894736842	0	380	0.0013123359580052493	0.024642061236139934	40.10526315789473	0.040775788625273895
Bacteria	NZ_LIGX01000023.1_14	1	19	0.05263157894736842	1	380	0.003937007874015748	0.07221085599886466	13.368421052631579	0.08651678030052654
Bacteria	NZ_CP072036.1_2485	1	19	0.05263157894736842	0	380	0.0013123359580052493	0.024642061236139934	40.10526315789473	0.040775788625273895
Bacteria	NZ_LIGX01000017.1_81	1	19	0.05263157894736842	0	380	0.0013123359580052493	0.024642061236139934	40.10526315789473	0.040775788625273895
Bacteria	NZ_LIGX01000002.1_259	1	19	0.05263157894736842	1	380	0.003937007874015748	0.07221085599886466	13.368421052631579	0.08651678030052654
Bacteria	NZ_CP072036.1_2481	1	19	0.05263157894736842	0	380	0.0013123359580052493	0.024642061236139934	40.10526315789473	0.040775788625273895
Bacteria	NZ_CP072036.1_2480	1	19	0.05263157894736842	0	380	0.0013123359580052493	0.024642061236139934	40.10526315789473	0.040775788625273895
Bacteria	JAKBAE010000134.1_2	1	19	0.05263157894736842	3	380	0.009186351706036745	0.16083449075926962	5.7293233082706765	0.17310152819006136
Bacteria	NZ_LIGX01000009.1_9	1	19	0.05263157894736842	0	380	0.0013123359580052493	0.024642061236139934	40.10526315789473	0.040775788625273895
Bacteria	NZ_CP072036.1_2477	1	19	0.05263157894736842	0	380	0.0013123359580052493	0.024642061236139934	40.10526315789473	0.040775788625273895
Bacteria	NZ_CP072036.1_2476	1	19	0.05263157894736842	0	380	0.0013123359580052493	0.024642061236139934	40.10526315789473	0.040775788625273895
Bacteria	NZ_CP072036.1_2475	1	19	0.05263157894736842	0	380	0.0013123359580052493	0.024642061236139934	40.10526315789473	0.040775788625273895
Bacteria	NZ_CP072036.1_2473	1	19	0.05263157894736842	0	380	0.0013123359580052493	0.024642061236139934	40.10526315789473	0.040775788625273895
Bacteria	NZ_CP072036.1_2472	1	19	0.05263157894736842	0	380	0.0013123359580052493	0.024642061236139934	40.10526315789473	0.040775788625273895
Bacteria	NZ_CP072036.1_2471	1	19	0.05263157894736842	0	380	0.0013123359580052493	0.024642061236139934	40.10526315789473	0.040775788625273895
Bacteria	NZ_CP072036.1_2470	1	19	0.05263157894736842	0	380	0.0013123359580052493	0.024642061236139934	40.10526315789473	0.040775788625273895
Bacteria	NZ_LIGX01000014.1_13	1	19	0.05263157894736842	2	380	0.006561679790026247	0.11757611460167251	8.021052631578947	0.13156093880539568
Bacteria	NZ_CP072036.1_2468	1	19	0.05263157894736842	0	380	0.0013123359580052493	0.024642061236139934	40.10526315789473	0.040775788625273895
Bacteria	NZ_CP072036.1_2467	1	19	0.05263157894736842	0	380	0.0013123359580052493	0.024642061236139934	40.10526315789473	0.040775788625273895
Bacteria	NZ_CP072036.1_2465	1	19	0.05263157894736842	0	380	0.0013123359580052493	0.024642061236139934	40.10526315789473	0.040775788625273895
Bacteria	NZ_CP072036.1_2464	1	19	0.05263157894736842	0	380	0.0013123359580052493	0.024642061236139934	40.10526315789473	0.040775788625273895
Bacteria	NZ_LIGX01000020.1_50	1	19	0.05263157894736842	2	380	0.006561679790026247	0.11757611460167251	8.021052631578947	0.13156093880539568
Bacteria	NZ_CP072036.1_2462	1	19	0.05263157894736842	0	380	0.0013123359580052493	0.024642061236139934	40.10526315789473	0.040775788625273895
Bacteria	NZ_MWLL01000151.1_6	1	19	0.05263157894736842	5	380	0.014435695538057743	0.24139736370898784	3.6459330143540667	0.24674016250335176
Bacteria	NZ_JADDKQ010000016.1_74	1	19	0.05263157894736842	0	380	0.0013123359580052493	0.024642061236139934	40.10526315789473	0.040775788625273895
Bacteria	JAJXYX010000059.1_41	1	19	0.05263157894736842	0	380	0.0013123359580052493	0.024642061236139934	40.10526315789473	0.040775788625273895
Bacteria	NZ_MWLL01000103.1_36	1	19	0.05263157894736842	7	380	0.01968503937007874	0.31459545645540127	2.6736842105263157	0.3170922457923489
Bacteria	JADJWG010000004.1_326	1	19	0.05263157894736842	0	380	0.0013123359580052493	0.024642061236139934	40.10526315789473	0.040775788625273895
Bacteria	JADJWG010000004.1_325	1	19	0.05263157894736842	0	380	0.0013123359580052493	0.024642061236139934	40.10526315789473	0.040775788625273895
Bacteria	CP060262.1_1089	1	19	0.05263157894736842	1	380	0.003937007874015748	0.07221085599886466	13.368421052631579	0.08651678030052654
Bacteria	JADJWG010000004.1_323	1	19	0.05263157894736842	0	380	0.0013123359580052493	0.024642061236139934	40.10526315789473	0.040775788625273895
Bacteria	NZ_JAJFAY010000005.1_11	1	19	0.05263157894736842	2	380	0.006561679790026247	0.11757611460167251	8.021052631578947	0.13156093880539568
Bacteria	JADJWG010000004.1_321	1	19	0.05263157894736842	0	380	0.0013123359580052493	0.024642061236139934	40.10526315789473	0.040775788625273895
Bacteria	JADJWG010000004.1_320	1	19	0.05263157894736842	0	380	0.0013123359580052493	0.024642061236139934	40.10526315789473	0.040775788625273895
Bacteria	NZ_JADDKQ010000016.1_97	1	19	0.05263157894736842	0	380	0.0013123359580052493	0.024642061236139934	40.10526315789473	0.040775788625273895
Bacteria	NZ_JADDKQ010000016.1_96	1	19	0.05263157894736842	0	380	0.0013123359580052493	0.024642061236139934	40.10526315789473	0.040775788625273895
Bacteria	NZ_JADDKQ010000016.1_95	1	19	0.05263157894736842	0	380	0.0013123359580052493	0.024642061236139934	40.10526315789473	0.040775788625273895
Bacteria	NZ_JADDKQ010000016.1_94	1	19	0.05263157894736842	0	380	0.0013123359580052493	0.024642061236139934	40.10526315789473	0.040775788625273895
Bacteria	NZ_JADDKQ010000016.1_93	1	19	0.05263157894736842	0	380	0.0013123359580052493	0.024642061236139934	40.10526315789473	0.040775788625273895
Bacteria	NZ_JADDKQ010000016.1_92	1	19	0.05263157894736842	0	380	0.0013123359580052493	0.024642061236139934	40.10526315789473	0.040775788625273895
Bacteria	NZ_JADDKQ010000016.1_91	1	19	0.05263157894736842	0	380	0.0013123359580052493	0.024642061236139934	40.10526315789473	0.040775788625273895
Bacteria	NZ_MWLL01000204.1_21	1	19	0.05263157894736842	0	380	0.0013123359580052493	0.024642061236139934	40.10526315789473	0.040775788625273895
Bacteria	NZ_JADDKQ010000016.1_88	1	19	0.05263157894736842	0	380	0.0013123359580052493	0.024642061236139934	40.10526315789473	0.040775788625273895
Bacteria	NZ_JADDKQ010000016.1_87	1	19	0.05263157894736842	0	380	0.0013123359580052493	0.024642061236139934	40.10526315789473	0.040775788625273895
Bacteria	NZ_JADDKQ010000016.1_85	1	19	0.05263157894736842	1	380	0.003937007874015748	0.07221085599886466	13.368421052631579	0.08651678030052654
Bacteria	NZ_JADDKQ010000016.1_84	1	19	0.05263157894736842	0	380	0.0013123359580052493	0.024642061236139934	40.10526315789473	0.040775788625273895
Bacteria	NZ_JADDKQ010000016.1_83	1	19	0.05263157894736842	0	380	0.0013123359580052493	0.024642061236139934	40.10526315789473	0.040775788625273895
Bacteria	NZ_JAKUHT010000029.1_7	1	19	0.05263157894736842	0	380	0.0013123359580052493	0.024642061236139934	40.10526315789473	0.040775788625273895
Bacteria	NZ_JADDKQ010000016.1_81	1	19	0.05263157894736842	0	380	0.0013123359580052493	0.024642061236139934	40.10526315789473	0.040775788625273895
Bacteria	NZ_JADDKQ010000016.1_27	1	19	0.05263157894736842	1	380	0.003937007874015748	0.07221085599886466	13.368421052631579	0.08651678030052654
Bacteria	NZ_JADDKQ010000016.1_79	1	19	0.05263157894736842	0	380	0.0013123359580052493	0.024642061236139934	40.10526315789473	0.040775788625273895
Bacteria	NZ_JADDKQ010000016.1_78	1	19	0.05263157894736842	0	380	0.0013123359580052493	0.024642061236139934	40.10526315789473	0.040775788625273895
Bacteria	NZ_KZ859515.1_65	1	19	0.05263157894736842	1	380	0.003937007874015748	0.07221085599886466	13.368421052631579	0.08651678030052654
Bacteria	NZ_JADDKQ010000009.1_91	1	19	0.05263157894736842	0	380	0.0013123359580052493	0.024642061236139934	40.10526315789473	0.040775788625273895
Bacteria	NZ_LIGX01000020.1_82	1	19	0.05263157894736842	0	380	0.0013123359580052493	0.024642061236139934	40.10526315789473	0.040775788625273895
Bacteria	JAJXYX010000059.1_40	1	19	0.05263157894736842	0	380	0.0013123359580052493	0.024642061236139934	40.10526315789473	0.040775788625273895
Bacteria	NZ_JAALLS010000018.1_18	1	19	0.05263157894736842	0	380	0.0013123359580052493	0.024642061236139934	40.10526315789473	0.040775788625273895
Bacteria	JAFEGL010000003.1_69	1	19	0.05263157894736842	4	380	0.011811023622047244	0.20207863768127723	4.456140350877193	0.21079250090777996
Bacteria	JAHFTO010000011.1_4	1	19	0.05263157894736842	3	380	0.009186351706036745	0.16083449075926962	5.7293233082706765	0.17310152819006136
Bacteria	CAJWBY010000090.1_13	1	19	0.05263157894736842	0	380	0.0013123359580052493	0.024642061236139934	40.10526315789473	0.040775788625273895
Bacteria	NZ_JAALLS010000018.1_45	1	19	0.05263157894736842	0	380	0.0013123359580052493	0.024642061236139934	40.10526315789473	0.040775788625273895
Bacteria	NZ_JAALLS010000018.1_44	1	19	0.05263157894736842	0	380	0.0013123359580052493	0.024642061236139934	40.10526315789473	0.040775788625273895
Bacteria	JAJXYX010000057.1_16	1	19	0.05263157894736842	1	380	0.003937007874015748	0.07221085599886466	13.368421052631579	0.08651678030052654
Bacteria	NZ_JAALLS010000018.1_42	1	19	0.05263157894736842	0	380	0.0013123359580052493	0.024642061236139934	40.10526315789473	0.040775788625273895
Bacteria	NZ_JAALLS010000018.1_40	1	19	0.05263157894736842	0	380	0.0013123359580052493	0.024642061236139934	40.10526315789473	0.040775788625273895
Bacteria	NZ_CP072036.1_935	1	19	0.05263157894736842	4	380	0.011811023622047244	0.20207863768127723	4.456140350877193	0.21079250090777996
Bacteria	CAJWBY010000001.1_74	1	19	0.05263157894736842	1	380	0.003937007874015748	0.07221085599886466	13.368421052631579	0.08651678030052654
Bacteria	CAJWBY010000316.1_3	1	19	0.05263157894736842	2	380	0.006561679790026247	0.11757611460167251	8.021052631578947	0.13156093880539568
Bacteria	JAHEFU010000059.1_4	1	19	0.05263157894736842	0	380	0.0013123359580052493	0.024642061236139934	40.10526315789473	0.040775788625273895
Bacteria	NZ_JAALLS010000018.1_35	1	19	0.05263157894736842	0	380	0.0013123359580052493	0.024642061236139934	40.10526315789473	0.040775788625273895
Bacteria	NZ_JAALLS010000018.1_34	1	19	0.05263157894736842	0	380	0.0013123359580052493	0.024642061236139934	40.10526315789473	0.040775788625273895
Bacteria	NZ_CP095483.1_135	1	19	0.05263157894736842	4	380	0.011811023622047244	0.20207863768127723	4.456140350877193	0.21079250090777996
Bacteria	NZ_JAALLS010000018.1_32	1	19	0.05263157894736842	0	380	0.0013123359580052493	0.024642061236139934	40.10526315789473	0.040775788625273895
Bacteria	NZ_JAALLS010000018.1_31	1	19	0.05263157894736842	0	380	0.0013123359580052493	0.024642061236139934	40.10526315789473	0.040775788625273895
Bacteria	NZ_JAALLS010000018.1_30	1	19	0.05263157894736842	0	380	0.0013123359580052493	0.024642061236139934	40.10526315789473	0.040775788625273895
Bacteria	JAFGCY010000005.1_40	1	19	0.05263157894736842	0	380	0.0013123359580052493	0.024642061236139934	40.10526315789473	0.040775788625273895
Bacteria	NZ_JAALLS010000041.1_5	1	19	0.05263157894736842	0	380	0.0013123359580052493	0.024642061236139934	40.10526315789473	0.040775788625273895
Bacteria	NZ_JAALLS010000018.1_27	1	19	0.05263157894736842	0	380	0.0013123359580052493	0.024642061236139934	40.10526315789473	0.040775788625273895
Bacteria	NZ_JAALLS010000018.1_26	1	19	0.05263157894736842	0	380	0.0013123359580052493	0.024642061236139934	40.10526315789473	0.040775788625273895
Bacteria	NZ_JAALLS010000002.1_180	1	19	0.05263157894736842	0	380	0.0013123359580052493	0.024642061236139934	40.10526315789473	0.040775788625273895
Bacteria	JADKAQ010000002.1_550	1	19	0.05263157894736842	0	380	0.0013123359580052493	0.024642061236139934	40.10526315789473	0.040775788625273895
Bacteria	NZ_JAALLS010000018.1_22	1	19	0.05263157894736842	0	380	0.0013123359580052493	0.024642061236139934	40.10526315789473	0.040775788625273895
Bacteria	NZ_CVUA01000001.1_1749	1	19	0.05263157894736842	5	380	0.014435695538057743	0.24139736370898784	3.6459330143540667	0.24674016250335176
Bacteria	JAFGCY010000095.1_34	1	19	0.05263157894736842	1	380	0.003937007874015748	0.07221085599886466	13.368421052631579	0.08651678030052654
Bacteria	NZ_JAALLS010000018.1_19	1	19	0.05263157894736842	2	380	0.006561679790026247	0.11757611460167251	8.021052631578947	0.13156093880539568
Bacteria	JAHFTO010000029.1_5	1	19	0.05263157894736842	1	380	0.003937007874015748	0.07221085599886466	13.368421052631579	0.08651678030052654
Bacteria	JAJXYX010000059.1_4	1	19	0.05263157894736842	1	380	0.003937007874015748	0.07221085599886466	13.368421052631579	0.08651678030052654
Bacteria	JAJXYX010000059.1_39	1	19	0.05263157894736842	0	380	0.0013123359580052493	0.024642061236139934	40.10526315789473	0.040775788625273895
Bacteria	JAJXYX010000059.1_5	1	19	0.05263157894736842	2	380	0.006561679790026247	0.11757611460167251	8.021052631578947	0.13156093880539568
Bacteria	CAJWBY010000200.1_6	1	19	0.05263157894736842	4	380	0.011811023622047244	0.20207863768127723	4.456140350877193	0.21079250090777996
Bacteria	JAHFTO010000058.1_8	1	19	0.05263157894736842	2	380	0.006561679790026247	0.11757611460167251	8.021052631578947	0.13156093880539568
Bacteria	JAHFTO010000038.1_15	1	19	0.05263157894736842	8	380	0.02230971128608924	0.34863453806763256	2.3591331269349842	0.34932218015455097
Bacteria	JAJXYX010000059.1_34	1	19	0.05263157894736842	1	380	0.003937007874015748	0.07221085599886466	13.368421052631579	0.08651678030052654
Bacteria	JAKBAE010000016.1_27	1	19	0.05263157894736842	1	380	0.003937007874015748	0.07221085599886466	13.368421052631579	0.08651678030052654
Bacteria	JAKBAE010000016.1_28	1	19	0.05263157894736842	1	380	0.003937007874015748	0.07221085599886466	13.368421052631579	0.08651678030052654
Bacteria	JAKBAE010000031.1_3	1	19	0.05263157894736842	1	380	0.003937007874015748	0.07221085599886466	13.368421052631579	0.08651678030052654
Bacteria	JAJXYX010000059.1_30	1	19	0.05263157894736842	1	380	0.003937007874015748	0.07221085599886466	13.368421052631579	0.08651678030052654
Bacteria	JAFEGL010000068.1_63	1	19	0.05263157894736842	1	380	0.003937007874015748	0.07221085599886466	13.368421052631579	0.08651678030052654
Bacteria	JAFEGL010000068.1_64	1	19	0.05263157894736842	2	380	0.006561679790026247	0.11757611460167251	8.021052631578947	0.13156093880539568
Bacteria	CAJWBY010000020.1_2	1	19	0.05263157894736842	9	380	0.024934383202099737	0.3810679018823454	2.110803324099723	0.3810679018823454
Bacteria	JADJWG010000002.1_809	1	19	0.05263157894736842	7	380	0.01968503937007874	0.31459545645540127	2.6736842105263157	0.3170922457923489
Bacteria	JAJXYX010000059.1_25	1	19	0.05263157894736842	1	380	0.003937007874015748	0.07221085599886466	13.368421052631579	0.08651678030052654
Bacteria	JAFEGL010000021.1_31	1	19	0.05263157894736842	1	380	0.003937007874015748	0.07221085599886466	13.368421052631579	0.08651678030052654
Bacteria	JAJXYX010000041.1_3	1	19	0.05263157894736842	1	380	0.003937007874015748	0.07221085599886466	13.368421052631579	0.08651678030052654
Bacteria	JAJXYX010000059.1_22	1	19	0.05263157894736842	1	380	0.003937007874015748	0.07221085599886466	13.368421052631579	0.08651678030052654
Bacteria	JAKBAE010000071.1_10	1	19	0.05263157894736842	1	380	0.003937007874015748	0.07221085599886466	13.368421052631579	0.08651678030052654
Bacteria	NZ_JAKUHT010000011.1_223	1	19	0.05263157894736842	3	380	0.009186351706036745	0.16083449075926962	5.7293233082706765	0.17310152819006136
Bacteria	JAJXYX010000059.1_16	1	19	0.05263157894736842	0	380	0.0013123359580052493	0.024642061236139934	40.10526315789473	0.040775788625273895
Bacteria	JAJXYX010000059.1_14	1	19	0.05263157894736842	1	380	0.003937007874015748	0.07221085599886466	13.368421052631579	0.08651678030052654
Bacteria	NZ_NHSQ01000017.1_1	1	19	0.05263157894736842	1	380	0.003937007874015748	0.07221085599886466	13.368421052631579	0.08651678030052654
Bacteria	JAFEGH010000003.1_49	1	19	0.05263157894736842	7	380	0.01968503937007874	0.31459545645540127	2.6736842105263157	0.3170922457923489
Bacteria	JAFEGL010000039.1_49	1	19	0.05263157894736842	1	380	0.003937007874015748	0.07221085599886466	13.368421052631579	0.08651678030052654
Bacteria	JAJXYX010000059.1_9	1	19	0.05263157894736842	1	380	0.003937007874015748	0.07221085599886466	13.368421052631579	0.08651678030052654
Bacteria	JAJXYX010000059.1_8	1	19	0.05263157894736842	1	380	0.003937007874015748	0.07221085599886466	13.368421052631579	0.08651678030052654
Bacteria	JAJXYX010000059.1_7	1	19	0.05263157894736842	1	380	0.003937007874015748	0.07221085599886466	13.368421052631579	0.08651678030052654
Bacteria	JAFEGH010000004.1_13	1	19	0.05263157894736842	1	380	0.003937007874015748	0.07221085599886466	13.368421052631579	0.08651678030052654
Bacteria	VYCS01000001.1_6	1	19	0.05263157894736842	0	380	0.0013123359580052493	0.024642061236139934	40.10526315789473	0.040775788625273895
Halobacteria	NZ_CP101458.1_912	33	120	0.275	10	2400	0.004373177842565598	3.53592378432191e-49	62.88333333333333	7.149637891898902e-46
Halobacteria	NZ_AOLJ01000011.1_114	31	120	0.25833333333333336	26	2400	0.011037067888379841	4.0349743604163505e-33	23.4059748427673	2.71957271892062e-30
Halobacteria	NZ_JALXFV010000002.1_418	31	120	0.25833333333333336	22	2400	0.009371095376926281	2.9229726497699253e-35	27.56703703703704	2.9551253489173946e-32
Halobacteria	NZ_MWLL01000155.1_45	29	120	0.24166666666666667	21	2400	0.00895460224906289	1.0322572855212879e-32	26.98798449612403	5.2180605783101106e-30
Halobacteria	NC_017941.2_652	27	120	0.225	28	2400	0.011870054144106622	1.86527721194374e-26	18.955263157894738	5.387986460786061e-24
Halobacteria	QNGA01000004.1_65	25	120	0.20833333333333334	16	2400	0.0068721366097459395	1.8816642801508694e-29	30.315656565656564	7.609450348930117e-27
Halobacteria	NZ_RKLT01000008.1_107	25	120	0.20833333333333334	105	2400	0.04394002498958767	8.265683108238643e-11	4.7413112164297	5.571070414952845e-09
Halobacteria	UYNY01000046.1_16	25	120	0.20833333333333334	25	2400	0.01062057476051645	7.098484284702518e-25	19.616013071895427	1.5947928026298323e-22
Halobacteria	NZ_CP095482.1_2414	25	120	0.20833333333333334	19	2400	0.00812161599333611	1.0925283198390488e-27	25.651709401709404	3.681820437857594e-25
Halobacteria	JADFQH010000279.1_5	25	120	0.20833333333333334	25	2400	0.01062057476051645	7.098484284702518e-25	19.616013071895427	1.5947928026298323e-22
Halobacteria	UYNY01000027.1_6	25	120	0.20833333333333334	90	2400	0.03769262807163682	3.224001035323047e-12	5.527163904235727	2.6075720373692803e-10
Halobacteria	NZ_CP031310.1_3375	22	120	0.18333333333333332	33	2400	0.013952519783423574	2.5794071203102147e-18	13.139800995024874	4.3463009977227115e-16
Halobacteria	NZ_MWLL01000170.1_8	21	120	0.175	33	2400	0.013952519783423574	4.0654134435813355e-17	12.542537313432835	5.871618559229614e-15
Halobacteria	NZ_JANHDJ010000001.1_522	20	120	0.16666666666666666	25	2400	0.01062057476051645	3.5582153231153934e-18	15.69281045751634	5.534393371799482e-16
Halobacteria	NZ_NHSQ01000041.1_15	20	120	0.16666666666666666	23	2400	0.009787588504789672	7.52482952985963e-19	17.028368794326237	1.5215205309376172e-16
Halobacteria	NZ_RKLT01000022.1_15	19	120	0.15833333333333333	36	2400	0.015201999167013744	3.847906474328055e-14	10.415296803652968	4.322481606161848e-12
Halobacteria	NZ_JALIQP010000001.1_930	19	120	0.15833333333333333	30	2400	0.012703040399833403	1.616244435808485e-15	12.464207650273224	1.9223801465910332e-13
Halobacteria	NZ_JANHAU010000002.1_576	15	120	0.125	24	2400	0.01020408163265306	2.339284798059166e-12	12.250000000000002	1.9708474423648474e-10
Halobacteria	NZ_AOLW01000050.1_40	14	120	0.11666666666666667	31	2400	0.013119533527696793	8.149207874855694e-10	8.892592592592592	4.119424580739554e-08
Halobacteria	NZ_RKLT01000001.1_242	14	120	0.11666666666666667	19	2400	0.00812161599333611	1.625746315923243e-12	14.364957264957265	1.429243065563825e-10
Halobacteria	NZ_JALLPK010000001.1_2648	14	120	0.11666666666666667	21	2400	0.00895460224906289	5.871814681504112e-12	13.028682170542636	4.566465110000506e-10
Halobacteria	NZ_WUUT01000002.1_368	14	120	0.11666666666666667	19	2400	0.00812161599333611	1.625746315923243e-12	14.364957264957265	1.429243065563825e-10
Halobacteria	JADKAQ010000001.1_411	14	120	0.11666666666666667	27	2400	0.011453561016243232	1.436845666676746e-10	10.186060606060606	8.803945266728425e-09
Halobacteria	NZ_JAAAJC010000003.1_143	13	120	0.10833333333333334	97	2400	0.040608079966680546	0.0012337300280320937	2.6677777777777782	0.011186556577044366
Halobacteria	NZ_JANHJR010000001.1_1111	13	120	0.10833333333333334	27	2400	0.011453561016243232	1.6342563485553696e-09	9.458484848484849	7.867776992330851e-08
Halobacteria	NZ_CP096658.1_3230	13	120	0.10833333333333334	28	2400	0.011870054144106622	2.494174126586303e-09	9.126608187134503	1.1728418799901172e-07
Halobacteria	NZ_KB913019.1_31	13	120	0.10833333333333334	43	2400	0.018117451062057477	3.260229937759842e-07	5.979501915708812	8.480031686125583e-06
Halobacteria	NZ_CP084469.1_3283	13	120	0.10833333333333334	171	2400	0.07142857142857142	0.08739607244760302	1.5166666666666668	0.17742455671591695
Halobacteria	NZ_FOCX01000009.1_61	13	120	0.10833333333333334	128	2400	0.05351936693044565	0.01224106364787583	2.024189364461738	0.06549600519828042
Halobacteria	NZ_JAALLS010000004.1_159	13	120	0.10833333333333334	27	2400	0.011453561016243232	1.6342563485553696e-09	9.458484848484849	7.867776992330851e-08
Halobacteria	NZ_JAALLS010000006.1_3	12	120	0.1	17	2400	0.007288629737609329	1.1449365806099157e-10	13.72	7.234568018728905e-09
Halobacteria	NZ_CP099997.1_1197	12	120	0.1	27	2400	0.011453561016243232	1.7119891909510295e-08	8.730909090909092	5.968348524315485e-07
Halobacteria	NZ_QLVG01000083.1_7	12	120	0.1	113	2400	0.04727197001249479	0.011587363456919816	2.1154185022026435	0.06549600519828042
Halobacteria	NZ_CP035119.1_2275	12	120	0.1	19	2400	0.00812161599333611	3.8600414973909704e-10	12.312820512820513	2.2955893846248654e-08
Halobacteria	NZ_AQXI01000001.1_3012	12	120	0.1	37	2400	0.015618492294877134	4.6655236357383856e-07	6.402666666666667	1.179211098932877e-05
Halobacteria	SKKJ01000102.1_8	11	120	0.09166666666666666	22	2400	0.009371095376926281	2.2253892537749197e-08	9.781851851851851	7.626673001920148e-07
Halobacteria	NZ_QLVG01000017.1_40	11	120	0.09166666666666666	20	2400	0.0085381091211995	8.687451122652282e-09	10.736178861788616	3.6595887854172737e-07
Halobacteria	NZ_JAJCVJ010000001.1_1550	11	120	0.09166666666666666	6	2400	0.0027072053311120365	5.069180947334137e-14	33.86025641025641	5.394675723952434e-12
Halobacteria	NZ_QPII01000001.1_492	11	120	0.09166666666666666	162	2400	0.06768013327780091	0.18951297509434153	1.3544102564102565	0.32892294904786146
Halobacteria	NZ_FTNO01000001.1_1045	11	120	0.09166666666666666	31	2400	0.013119533527696793	6.192571376206834e-07	6.9870370370370365	1.391264369187802e-05
Halobacteria	QNGA01000001.1_766	11	120	0.09166666666666666	21	2400	0.00895460224906289	1.4070923115286479e-08	10.236821705426355	5.690281307821852e-07
Halobacteria	JAJNBK010000057.1_3	11	120	0.09166666666666666	31	2400	0.013119533527696793	6.192571376206834e-07	6.9870370370370365	1.391264369187802e-05
Halobacteria	JAFAQB010000431.1_25	11	120	0.09166666666666666	33	2400	0.013952519783423574	1.121326932224508e-06	6.569900497512437	2.201284521318403e-05
Halobacteria	JADJWG010000002.1_222	11	120	0.09166666666666666	31	2400	0.013119533527696793	6.192571376206834e-07	6.9870370370370365	1.391264369187802e-05
Halobacteria	NZ_JALLPK010000001.1_2452	11	120	0.09166666666666666	31	2400	0.013119533527696793	6.192571376206834e-07	6.9870370370370365	1.391264369187802e-05
Halobacteria	LKML01000038.1_19	11	120	0.09166666666666666	31	2400	0.013119533527696793	6.192571376206834e-07	6.9870370370370365	1.391264369187802e-05
Halobacteria	JADFQH010000047.1_1	11	120	0.09166666666666666	30	2400	0.012703040399833403	4.5275193203004976e-07	7.216120218579234	1.1588157045123552e-05
Halobacteria	QNGA01000001.1_501	11	120	0.09166666666666666	52	2400	0.021865889212827987	7.111010576847257e-05	4.192222222222222	0.0008821143181831382
Halobacteria	JADDOQ010000159.1_6	11	120	0.09166666666666666	32	2400	0.013536026655560184	8.376533252067652e-07	6.772051282051281	1.7108434581495752e-05
Halobacteria	s5a1_contig_1_2073	11	120	0.09166666666666666	15	2400	0.006455643481882549	4.940101974491448e-10	14.199462365591396	2.56125286985172e-08
Halobacteria	NZ_JAALLS010000001.1_96	11	120	0.09166666666666666	25	2400	0.01062057476051645	7.780934007686782e-08	8.631045751633987	2.348216203513832e-06
Halobacteria	JAATVR010000350.1_4	11	120	0.09166666666666666	32	2400	0.013536026655560184	8.376533252067652e-07	6.772051282051281	1.7108434581495752e-05
Halobacteria	NZ_QQTY01000001.1_44	11	120	0.09166666666666666	32	2400	0.013536026655560184	8.376533252067652e-07	6.772051282051281	1.7108434581495752e-05
Halobacteria	NZ_CP101156.1_2868	11	120	0.09166666666666666	31	2400	0.013119533527696793	6.192571376206834e-07	6.9870370370370365	1.391264369187802e-05
Halobacteria	JADFQH010000228.1_5	11	120	0.09166666666666666	29	2400	0.012286547271970013	3.2712288403451804e-07	7.460734463276836	8.480031686125583e-06
Halobacteria	PXRK01000068.1_3	10	120	0.08333333333333333	25	2400	0.01062057476051645	7.326107261429801e-07	7.84640522875817	1.559304092906427e-05
Halobacteria	VHBH01000004.1_99	10	120	0.08333333333333333	32	2400	0.013536026655560184	6.1901988461282745e-06	6.156410256410256	9.468490868824397e-05
Halobacteria	JAKCFM010000001.1_550	10	120	0.08333333333333333	22	2400	0.009371095376926281	2.3744596932831038e-07	8.892592592592592	6.488050675430319e-06
Halobacteria	JALDAN010000024.1_18	10	120	0.08333333333333333	24	2400	0.01020408163265306	5.119424309487981e-07	8.166666666666666	1.2323185659267498e-05
Halobacteria	LIAL01000031.1_12	10	120	0.08333333333333333	49	2400	0.020616409829237816	0.0002049846603968486	4.042087542087542	0.0023684513332710164
Halobacteria	NZ_CP084469.1_168	10	120	0.08333333333333333	26	2400	0.011037067888379841	1.0323858365619927e-06	7.550314465408805	2.087484161528349e-05
Halobacteria	NZ_CP095757.1_765	10	120	0.08333333333333333	49	2400	0.020616409829237816	0.0002049846603968486	4.042087542087542	0.0023684513332710164
Halobacteria	JAKBAE010000098.1_7	10	120	0.08333333333333333	18	2400	0.0077051228654727195	3.9611463656428116e-08	10.815315315315315	1.2514746798952759e-06
Halobacteria	NZ_LOPW02000001.1_61	10	120	0.08333333333333333	1	2400	0.0006247396917950854	9.87577934813163e-19	133.38888888888886	1.815347803811105e-16
Halobacteria	QNGA01000001.1_774	10	120	0.08333333333333333	11	2400	0.004789670970428988	4.568011585033581e-10	17.39855072463768	2.4306630065626053e-08
Halobacteria	NZ_FNIA01000002.1_178	10	120	0.08333333333333333	11	2400	0.004789670970428988	4.568011585033581e-10	17.39855072463768	2.4306630065626053e-08
Halobacteria	NZ_AOJN01000048.1_42	10	120	0.08333333333333333	24	2400	0.01020408163265306	5.119424309487981e-07	8.166666666666666	1.2323185659267498e-05
Halobacteria	NZ_CP044523.1_2527	10	120	0.08333333333333333	7	2400	0.003123698458975427	7.511543847575296e-12	26.677777777777777	5.625311725850833e-10
Halobacteria	NZ_AOLN01000018.1_529	10	120	0.08333333333333333	16	2400	0.0068721366097459395	1.371282203326588e-08	12.126262626262625	5.658637990053799e-07
Halobacteria	NC_017941.2_793	10	120	0.08333333333333333	5	2400	0.0022907122032486465	3.6721959070778424e-13	36.378787878787875	3.535800059100666e-11
Halobacteria	JALDAN010000026.1_4	10	120	0.08333333333333333	24	2400	0.01020408163265306	5.119424309487981e-07	8.166666666666666	1.2323185659267498e-05
Halobacteria	NZ_ML974127.1_826	10	120	0.08333333333333333	25	2400	0.01062057476051645	7.326107261429801e-07	7.84640522875817	1.559304092906427e-05
Halobacteria	PXRE01000007.1_7	10	120	0.08333333333333333	73	2400	0.030612244897959183	0.0039445228718821505	2.7222222222222223	0.029215477095039223
Halobacteria	NZ_JANJYH010000003.1_116	10	120	0.08333333333333333	24	2400	0.01020408163265306	5.119424309487981e-07	8.166666666666666	1.2323185659267498e-05
Halobacteria	NZ_CP095482.1_650	10	120	0.08333333333333333	25	2400	0.01062057476051645	7.326107261429801e-07	7.84640522875817	1.559304092906427e-05
Halobacteria	PXSA01000021.1_38	10	120	0.08333333333333333	27	2400	0.011453561016243232	1.4342430922938213e-06	7.275757575757575	2.68522178946121e-05
Halobacteria	NZ_JAAAJC010000001.1_542	10	120	0.08333333333333333	11	2400	0.004789670970428988	4.568011585033581e-10	17.39855072463768	2.4306630065626053e-08
Halobacteria	NZ_BBJP01000023.1_216	10	120	0.08333333333333333	25	2400	0.01062057476051645	7.326107261429801e-07	7.84640522875817	1.559304092906427e-05
Halobacteria	NZ_AOLK01000011.1_553	10	120	0.08333333333333333	54	2400	0.022698875468554768	0.00043589749395461623	3.671253822629969	0.004217151831465235
Halobacteria	NZ_ML974131.1_630	10	120	0.08333333333333333	11	2400	0.004789670970428988	4.568011585033581e-10	17.39855072463768	2.4306630065626053e-08
Halobacteria	NZ_CP085327.1_1211	10	120	0.08333333333333333	18	2400	0.0077051228654727195	3.9611463656428116e-08	10.815315315315315	1.2514746798952759e-06
Halobacteria	NZ_CP100400.1_1801	10	120	0.08333333333333333	2	2400	0.0010412328196584756	1.566641557493938e-16	80.03333333333333	2.1118328195018284e-14
Halobacteria	JALDAN010000002.1_26	10	120	0.08333333333333333	21	2400	0.00895460224906289	1.571139088633542e-07	9.306201550387597	4.41228227391253e-06
Halobacteria	NZ_LWHG01000021.1_720	10	120	0.08333333333333333	41	2400	0.017284464806330696	4.9052204115349816e-05	4.8212851405622486	0.0006398939143305634
Halobacteria	NZ_CP100454.1_1641	10	120	0.08333333333333333	45	2400	0.018950437317784258	0.00010423712897102781	4.397435897435897	0.0012773786350267773
Halobacteria	NC_012029.1_642	10	120	0.08333333333333333	33	2400	0.013952519783423574	8.039647430527117e-06	5.9726368159203975	0.00012131467988452112
Halobacteria	JAHENP010000141.1_8	9	120	0.075	24	2400	0.01020408163265306	4.529143884296331e-06	7.3500000000000005	7.21096766460408e-05
Halobacteria	NZ_NHSQ01000094.1_12	9	120	0.075	26	2400	0.011037067888379841	8.446429752487564e-06	6.7952830188679245	0.00012557853646713127
Halobacteria	NZ_CP100000.1_3659	9	120	0.075	28	2400	0.011870054144106622	1.4962801664268807e-05	6.318421052631579	0.0002130618659517713
Halobacteria	AOLX01000014.1_307	9	120	0.075	22	2400	0.009371095376926281	2.2868327747191055e-06	8.003333333333332	4.1285498843589566e-05
Halobacteria	NZ_JALLPK010000001.1_3698	9	120	0.075	32	2400	0.013536026655560184	4.13322752599955e-05	5.5407692307692304	0.0005462343828477836
Halobacteria	NZ_CP095487.1_2151	9	120	0.075	25	2400	0.01062057476051645	6.228038009661943e-06	7.061764705882353	9.468490868824397e-05
Halobacteria	JADFQH010000030.1_18	9	120	0.075	21	2400	0.00895460224906289	1.5833480785156684e-06	8.375581395348837	2.9104816497806196e-05
Halobacteria	NZ_CP099546.1_728	9	120	0.075	29	2400	0.012286547271970013	1.9578781653804567e-05	6.104237288135593	0.00027491872572217243
Halobacteria	NZ_CP095757.1_1837	9	120	0.075	24	2400	0.01020408163265306	4.529143884296331e-06	7.3500000000000005	7.21096766460408e-05
Halobacteria	PXSA01000018.1_43	9	120	0.075	21	2400	0.00895460224906289	1.5833480785156684e-06	8.375581395348837	2.9104816497806196e-05
Halobacteria	NZ_WRXM01000002.1_984	9	120	0.075	25	2400	0.01062057476051645	6.228038009661943e-06	7.061764705882353	9.468490868824397e-05
Halobacteria	NZ_AOLJ01000011.1_132	9	120	0.075	13	2400	0.005622657226155768	3.349753463563803e-08	13.338888888888889	1.1103609021845918e-06
Halobacteria	NC_017941.2_1107	9	120	0.075	53	2400	0.022282382340691378	0.0015383190714174926	3.3658878504672898	0.013600670494762353
Halobacteria	LFEZ01000001.1_40	9	120	0.075	42	2400	0.017700957934194086	0.00030540817698386	4.237058823529411	0.0030420459796126347
Halobacteria	NZ_WSZK01000024.1_3	9	120	0.075	29	2400	0.012286547271970013	1.9578781653804567e-05	6.104237288135593	0.00027491872572217243
Halobacteria	NZ_JAKUHT010000025.1_26	9	120	0.075	27	2400	0.011453561016243232	1.130909134106501e-05	6.548181818181818	0.00016451066684628382
Halobacteria	WHTU01000013.1_20	9	120	0.075	28	2400	0.011870054144106622	1.4962801664268807e-05	6.318421052631579	0.0002130618659517713
Halobacteria	NZ_WRXM01000001.1_981	9	120	0.075	26	2400	0.011037067888379841	8.446429752487564e-06	6.7952830188679245	0.00012557853646713127
Halobacteria	JAKCFJ010000001.1_1437	9	120	0.075	77	2400	0.032278217409412745	0.016098970278020645	2.323548387096774	0.06549600519828042
Halobacteria	JAHFTO010000016.1_41	9	120	0.075	24	2400	0.01020408163265306	4.529143884296331e-06	7.3500000000000005	7.21096766460408e-05
Halobacteria	NZ_CP017922.1_1824	9	120	0.075	32	2400	0.013536026655560184	4.13322752599955e-05	5.5407692307692304	0.0005462343828477836
Halobacteria	NZ_CP011070.1_1283	9	120	0.075	22	2400	0.009371095376926281	2.2868327747191055e-06	8.003333333333332	4.1285498843589566e-05
Halobacteria	UYNY01000063.1_8	9	120	0.075	19	2400	0.00812161599333611	7.145375958014793e-07	9.234615384615385	1.559304092906427e-05
Halobacteria	NZ_CP101156.1_917	8	120	0.06666666666666667	21	2400	0.00895460224906289	1.4267533236401605e-05	7.444961240310077	0.00020606394431431463
Halobacteria	AOLX01000005.1_282	8	120	0.06666666666666667	25	2400	0.01062057476051645	4.736581378276901e-05	6.277124183006536	0.0006219069835633696
Halobacteria	NZ_PEND01000004.1_39	8	120	0.06666666666666667	14	2400	0.006039150354019159	8.15495253287053e-07	11.039080459770116	1.7108434581495752e-05
Halobacteria	NZ_LWHG01000001.1_136	8	120	0.06666666666666667	10	2400	0.004373177842565598	7.275595599963389e-08	15.244444444444444	2.2289779247160564e-06
Halobacteria	NZ_CP085303.1_296	8	120	0.06666666666666667	9	2400	0.003956684714702207	3.405029981605181e-08	16.849122807017544	1.1104791327105928e-06
Halobacteria	NZ_CP101458.1_2140	8	120	0.06666666666666667	8	2400	0.003540191586838817	1.457688665680803e-08	18.83137254901961	5.779306827463889e-07
Halobacteria	NZ_CP095487.1_930	8	120	0.06666666666666667	40	2400	0.016867971678467306	0.001034303065075877	3.9522633744855966	0.009506185443561015
Halobacteria	NZ_JAAAJC010000004.1_42	8	120	0.06666666666666667	11	2400	0.004789670970428988	1.445314502323617e-07	13.918840579710144	4.116092850279371e-06
Halobacteria	DP000238.1_1234	8	120	0.06666666666666667	55	2400	0.02311536859641816	0.006960439778878828	2.8840840840840842	0.048412223479289564
Halobacteria	NZ_WUUT01000003.1_150	8	120	0.06666666666666667	4	2400	0.001874219075385256	1.061622915754807e-10	35.57037037037037	6.924521082761999e-09
Halobacteria	NZ_ML974134.1_140	8	120	0.06666666666666667	26	2400	0.011037067888379841	6.182979414106157e-05	6.040251572327044	0.0008014092548283749
Halobacteria	PXRX01000031.1_46	8	120	0.06666666666666667	18	2400	0.0077051228654727195	4.853272113440462e-06	8.652252252252252	7.66665329170048e-05
Halobacteria	JALDAN010000001.1_55	8	120	0.06666666666666667	34	2400	0.014369012911286963	0.0003669988148007054	4.639613526570049	0.003584886973560514
Halobacteria	JAKCFM010000001.1_995	8	120	0.06666666666666667	30	2400	0.012703040399833403	0.00016144628638078474	5.248087431693989	0.0019202611238938044
Halobacteria	NZ_CP085329.1_390	8	120	0.06666666666666667	12	2400	0.005206164098292378	2.7020210085240755e-07	12.805333333333333	7.284648638980908e-06
Halobacteria	JABSRD010000001.1_383	8	120	0.06666666666666667	23	2400	0.009787588504789672	2.6762466959605934e-05	6.811347517730495	0.00036563316346164323
Halobacteria	NZ_RKLT01000001.1_961	8	120	0.06666666666666667	53	2400	0.022282382340691378	0.005631048477218438	2.99190031152648	0.04080996423274438
Halobacteria	NZ_CP085328.1_257	7	120	0.058333333333333334	4	2400	0.001874219075385256	4.015512494007692e-09	31.124074074074077	1.76507962236599e-07
Halobacteria	NZ_JALLPK010000001.1_665	7	120	0.058333333333333334	13	2400	0.005622657226155768	6.0684865046655305e-06	10.374691358024691	9.438830548025926e-05
Halobacteria	NZ_JAJFAY010000003.1_359	7	120	0.058333333333333334	8	2400	0.003540191586838817	2.92272770750154e-07	16.47745098039216	7.775993979694886e-06
Halobacteria	NZ_CP100456.1_72	7	120	0.058333333333333334	120	2400	0.050187421907538526	0.39736853724449767	1.1623098201936377	0.5434294157190754
Halobacteria	CP094974.1_4662	7	120	0.058333333333333334	68	2400	0.02852977925864223	0.05684346549408392	2.0446472019464723	0.13881339037323392
Halobacteria	NZ_CP044129.1_1483	7	120	0.058333333333333334	17	2400	0.007288629737609329	3.168382491809019e-05	8.003333333333334	0.0004270979598958558
Halobacteria	JALDAN010000020.1_13	7	120	0.058333333333333334	16	2400	0.0068721366097459395	2.186461684886435e-05	8.488383838383838	0.00030075003583948103
Halobacteria	NZ_CP100454.1_571	7	120	0.058333333333333334	4	2400	0.001874219075385256	4.015512494007692e-09	31.124074074074077	1.76507962236599e-07
Halobacteria	NZ_LOPU01000038.1_2	7	120	0.058333333333333334	19	2400	0.00812161599333611	6.226853290042902e-05	7.182478632478633	0.0008019552453800477
Halobacteria	NZ_JANHDJ010000001.1_553	7	120	0.058333333333333334	25	2400	0.01062057476051645	0.0003186766903373865	5.492483660130719	0.0031432403310350998
Halobacteria	JADJWG010000004.1_191	7	120	0.058333333333333334	22	2400	0.009371095376926281	0.0001499826889297899	6.224814814814814	0.0017944674379647052
Halobacteria	NC_015948.1_2392	7	120	0.058333333333333334	4	2400	0.001874219075385256	4.015512494007692e-09	31.124074074074077	1.76507962236599e-07
Halobacteria	ML241305.1_278	7	120	0.058333333333333334	2	2400	0.0010412328196584756	7.121407332816767e-11	56.02333333333333	5.10128628905221e-09
Halobacteria	NZ_JAKUHT010000007.1_11	7	120	0.058333333333333334	6	2400	0.0027072053311120365	4.852176998411926e-08	21.5474358974359	1.5094002908906023e-06
Halobacteria	NZ_CP096659.1_2304	7	120	0.058333333333333334	21	2400	0.00895460224906289	0.00011365265308226131	6.514341085271318	0.0013843714730863395
Halobacteria	s5a1_contig_1_2055	7	120	0.058333333333333334	0	2400	0.00020824656393169514	9.8975904368568e-16	280.1166666666667	1.250807991457778e-13
Halobacteria	NZ_QPII01000032.1_5	7	120	0.058333333333333334	17	2400	0.007288629737609329	3.168382491809019e-05	8.003333333333334	0.0004270979598958558
Halobacteria	CP071596.1_3181	7	120	0.058333333333333334	12	2400	0.005206164098292378	3.6891293544079602e-06	11.204666666666668	6.015660931139431e-05
Halobacteria	CM001158.1_487	7	120	0.058333333333333334	23	2400	0.009787588504789672	0.00019520875452699632	5.959929078014184	0.0022948378003115498
Halobacteria	NZ_NHSQ01000110.1_28	7	120	0.058333333333333334	13	2400	0.005622657226155768	6.0684865046655305e-06	10.374691358024691	9.438830548025926e-05
Halobacteria	LKNH01000005.1_27	7	120	0.058333333333333334	32	2400	0.013536026655560184	0.0013089325639272912	4.30948717948718	0.011815453769022245
Halobacteria	NZ_JAJCVJ010000003.1_499	7	120	0.058333333333333334	36	2400	0.015201999167013744	0.0025073417910638275	3.837214611872146	0.020442923796496204
Halobacteria	NZ_JANHDJ010000002.1_201	7	120	0.058333333333333334	26	2400	0.011037067888379841	0.00040047410535340005	5.2852201257861635	0.003893070389541226
Halobacteria	JAKCFJ010000001.1_69	7	120	0.058333333333333334	33	2400	0.013952519783423574	0.0015537857983630582	4.180845771144279	0.013600670494762353
Halobacteria	SKKJ01000001.1_1	7	120	0.058333333333333334	33	2400	0.013952519783423574	0.0015537857983630582	4.180845771144279	0.013600670494762353
Halobacteria	NZ_RKLT01000001.1_1075	7	120	0.058333333333333334	31	2400	0.013119533527696793	0.0010954000669813548	4.446296296296296	0.010022167128671038
Halobacteria	NZ_JAALLS010000001.1_228	7	120	0.058333333333333334	20	2400	0.0085381091211995	8.482848462438456e-05	6.832113821138211	0.0010458731457957658
Halobacteria	NZ_FTNO01000001.1_969	7	120	0.058333333333333334	33	2400	0.013952519783423574	0.0015537857983630582	4.180845771144279	0.013600670494762353
Halobacteria	NZ_WSZK01000006.1_159	7	120	0.058333333333333334	25	2400	0.01062057476051645	0.0003186766903373865	5.492483660130719	0.0031432403310350998
Halobacteria	NZ_SDIC01000004.1_364	7	120	0.058333333333333334	22	2400	0.009371095376926281	0.0001499826889297899	6.224814814814814	0.0017944674379647052
Halobacteria	NZ_LIGX01000007.1_9	6	120	0.05	2	2400	0.0010412328196584756	4.204816031283292e-09	48.02	1.8089655351605993e-07
Halobacteria	NZ_BBJP01000008.1_25	6	120	0.05	194	2400	0.0810079133694294	0.9299678979364627	0.6172236503856041	0.941138683497261
Halobacteria	CAJWBY010000005.1_53	6	120	0.05	24	2400	0.01020408163265306	0.0015316346203840827	4.9	0.013600670494762353
Halobacteria	NZ_CP101156.1_2664	6	120	0.05	21	2400	0.00895460224906289	0.00078905381534769	5.583720930232558	0.007386420438115876
Halobacteria	JADKAQ010000001.1_636	6	120	0.05	31	2400	0.013119533527696793	0.005228622820934193	3.8111111111111113	0.038029767424204816
Halobacteria	NZ_BBJP01000013.1_232	6	120	0.05	36	2400	0.015201999167013744	0.010370548300826794	3.2890410958904113	0.06549600519828042
Halobacteria	CP071596.1_1194	6	120	0.05	26	2400	0.011037067888379841	0.002263690397579786	4.530188679245284	0.018992456364756546
Halobacteria	NZ_CP100002.1_27	6	120	0.05	34	2400	0.014369012911286963	0.008007719261713916	3.4797101449275365	0.05295127741107065
Halobacteria	NZ_BBJP01000054.1_6	6	120	0.05	50	2400	0.021032902957101206	0.04184547415063087	2.3772277227722776	0.10616254546119902
Halobacteria	NZ_WUYX01000038.1_216	6	120	0.05	19	2400	0.00812161599333611	0.0004760153421644412	6.156410256410257	0.004583347723126191
Halobacteria	NZ_SBIT01000001.1_14	6	120	0.05	4	2400	0.001874219075385256	1.3185431233982007e-07	26.67777777777778	3.8087059935873742e-06
Halobacteria	CP094974.1_934	6	120	0.05	33	2400	0.013952519783423574	0.00698488380624935	3.583582089552239	0.048412223479289564
Halobacteria	SKKJ01000043.1_2	6	120	0.05	33	2400	0.013952519783423574	0.00698488380624935	3.583582089552239	0.048412223479289564
Halobacteria	SZNP01000004.1_596	6	120	0.05	123	2400	0.0514369012911287	0.5864417806110709	0.9720647773279353	0.7104765011357612
Halobacteria	NZ_AOLN01000018.1_540	6	120	0.05	4	2400	0.001874219075385256	1.3185431233982007e-07	26.67777777777778	3.8087059935873742e-06
Halobacteria	NZ_JAKUHT010000036.1_55	6	120	0.05	26	2400	0.011037067888379841	0.002263690397579786	4.530188679245284	0.018992456364756546
Halobacteria	NZ_SDIC01000008.1_297	6	120	0.05	22	2400	0.009371095376926281	0.0009956802295961495	5.335555555555556	0.009192992804764448
Halobacteria	NZ_JALIQP010000007.1_18	6	120	0.05	214	2400	0.08933777592669721	0.96232394677215	0.5596736596736597	0.9671068689728068
Halobacteria	LKNH01000047.1_6	6	120	0.05	4	2400	0.001874219075385256	1.3185431233982007e-07	26.67777777777778	3.8087059935873742e-06
Halobacteria	NZ_SBIS02000007.1_185	6	120	0.05	17	2400	0.007288629737609329	0.00026954102861061587	6.86	0.0030420459796126347
Halobacteria	NZ_LWHG01000021.1_265	6	120	0.05	0	2400	0.00020824656393169514	2.9191084738449065e-13	240.1	2.9512186670572005e-11
Halobacteria	JADJWG010000004.1_746	6	120	0.05	25	2400	0.01062057476051645	0.0018706178361194438	4.707843137254902	0.016164056686468014
Halobacteria	NZ_CP095487.1_1316	6	120	0.05	3	2400	0.0014577259475218659	3.0399528731087374e-08	34.300000000000004	1.0244641182376446e-06
Halobacteria	PXRE01000039.1_30	5	120	0.041666666666666664	0	2400	0.00020824656393169514	7.316384885386454e-11	200.08333333333331	5.10128628905221e-09
Halobacteria	NZ_WUUT01000001.1_598	5	120	0.041666666666666664	16	2400	0.0068721366097459395	0.0015188341807068962	6.063131313131312	0.013588861563669665
Halobacteria	NZ_AOJN01000056.1_3	5	120	0.041666666666666664	20	2400	0.0085381091211995	0.0038429534881464604	4.880081300813008	0.028567838062618173
Halobacteria	JAKCFJ010000003.1_433	5	120	0.041666666666666664	71	2400	0.029779258642232402	0.28724939148114775	1.3991841491841492	0.42959931181574024
Halobacteria	NZ_CP100454.1_1590	5	120	0.041666666666666664	4	2400	0.001874219075385256	3.6839202118237537e-06	22.23148148148148	6.015660931139431e-05
Halobacteria	NZ_JAAOIR010000001.1_1636	5	120	0.041666666666666664	25	2400	0.01062057476051645	0.009413607486871946	3.923202614379085	0.06140101399501637
Halobacteria	NZ_NHSQ01000046.1_8	5	120	0.041666666666666664	24	2400	0.01020408163265306	0.008013398065176864	4.083333333333333	0.05295127741107065
Halobacteria	NZ_CP044129.1_2543	5	120	0.041666666666666664	4	2400	0.001874219075385256	3.6839202118237537e-06	22.23148148148148	6.015660931139431e-05
Halobacteria	NZ_CP031310.1_3153	5	120	0.041666666666666664	25	2400	0.01062057476051645	0.009413607486871946	3.923202614379085	0.06140101399501637
Halobacteria	NZ_CP095491.1_2448	5	120	0.041666666666666664	27	2400	0.011453561016243232	0.012703212582066121	3.6378787878787877	0.06549600519828042
Halobacteria	JADFQH010000108.1_7	5	120	0.041666666666666664	18	2400	0.0077051228654727195	0.0024878094043586678	5.407657657657658	0.02036579196604545
Halobacteria	NZ_WUYX01000037.1_30	5	120	0.041666666666666664	1	2400	0.0006247396917950854	1.7083706574534168e-08	66.69444444444443	5.968348524315485e-07
Halobacteria	NZ_AOJI01000002.1_23	5	120	0.041666666666666664	21	2400	0.00895460224906289	0.004689034561015433	4.653100775193798	0.034228259503152364
Halobacteria	QNGA01000012.1_77	5	120	0.041666666666666664	32	2400	0.013536026655560184	0.02412672787890291	3.078205128205128	0.06549600519828042
Halobacteria	JADJWG010000001.1_819	5	120	0.041666666666666664	24	2400	0.01020408163265306	0.008013398065176864	4.083333333333333	0.05295127741107065
Halobacteria	AOLX01000027.1_120	5	120	0.041666666666666664	20	2400	0.0085381091211995	0.0038429534881464604	4.880081300813008	0.028567838062618173
Halobacteria	NZ_FOTC01000003.1_27	5	120	0.041666666666666664	23	2400	0.009787588504789672	0.00676511922144465	4.257092198581559	0.047496774533892644
Halobacteria	OMIR01000083.1_46	5	120	0.041666666666666664	17	2400	0.007288629737609329	0.001959775001284804	5.716666666666667	0.016720105707164024
Halobacteria	JADFQH010000010.1_7	5	120	0.041666666666666664	6	2400	0.0027072053311120365	2.1394440310629763e-05	15.39102564102564	0.0002962983445759821
Halobacteria	NZ_CP095757.1_1378	5	120	0.041666666666666664	55	2400	0.02311536859641816	0.14604787108033146	1.8025525525525525	0.2709255002976424
Halobacteria	JAHRAL010000121.1_1	5	120	0.041666666666666664	23	2400	0.009787588504789672	0.00676511922144465	4.257092198581559	0.047496774533892644
Halobacteria	NZ_JDTH01000002.1_1314	5	120	0.041666666666666664	26	2400	0.011037067888379841	0.010974188351755095	3.7751572327044025	0.06549600519828042
Halobacteria	NZ_FTNO01000001.1_828	5	120	0.041666666666666664	1	2400	0.0006247396917950854	1.7083706574534168e-08	66.69444444444443	5.968348524315485e-07
Halobacteria	NZ_CP085301.1_3088	5	120	0.041666666666666664	5	2400	0.0022907122032486465	9.655994684244808e-06	18.189393939393938	0.00014148131341697827
Halobacteria	NZ_LOPU01000016.1_229	5	120	0.041666666666666664	11	2400	0.004789670970428988	0.0003042307261378714	8.69927536231884	0.0030420459796126347
Halobacteria	NZ_BBJP01000036.1_50	5	120	0.041666666666666664	24	2400	0.01020408163265306	0.008013398065176864	4.083333333333333	0.05295127741107065
Halobacteria	JAFGCY010000011.1_64	5	120	0.041666666666666664	19	2400	0.00812161599333611	0.003112371265274114	5.13034188034188	0.023482144396956187
Halobacteria	NZ_CP100454.1_2898	5	120	0.041666666666666664	18	2400	0.0077051228654727195	0.0024878094043586678	5.407657657657658	0.02036579196604545
Halobacteria	PXRX01000018.1_26	5	120	0.041666666666666664	15	2400	0.006455643481882549	0.001155688385524964	6.454301075268817	0.010526134754646293
Halobacteria	NZ_CP100445.1_3888	5	120	0.041666666666666664	17	2400	0.007288629737609329	0.001959775001284804	5.716666666666667	0.016720105707164024
Halobacteria	NZ_AOIQ01000006.1_318	5	120	0.041666666666666664	1	2400	0.0006247396917950854	1.7083706574534168e-08	66.69444444444443	5.968348524315485e-07
Halobacteria	NZ_ML974137.1_55	5	120	0.041666666666666664	18	2400	0.0077051228654727195	0.0024878094043586678	5.407657657657658	0.02036579196604545
Halobacteria	NZ_FOTC01000002.1_764	5	120	0.041666666666666664	18	2400	0.0077051228654727195	0.0024878094043586678	5.407657657657658	0.02036579196604545
Halobacteria	NC_017941.2_1139	5	120	0.041666666666666664	19	2400	0.00812161599333611	0.003112371265274114	5.13034188034188	0.023482144396956187
Halobacteria	NZ_CP101458.1_2802	5	120	0.041666666666666664	14	2400	0.006039150354019159	0.0008612527364544881	6.899425287356322	0.008025129184843202
Halobacteria	PXRX01000013.1_2	5	120	0.041666666666666664	16	2400	0.0068721366097459395	0.0015188341807068962	6.063131313131312	0.013588861563669665
Halobacteria	NZ_AOLK01000015.1_286	5	120	0.041666666666666664	73	2400	0.030612244897959183	0.3066617947651423	1.3611111111111112	0.4517481772717528
Halobacteria	NZ_JANHDP010000002.1_647	5	120	0.041666666666666664	20	2400	0.0085381091211995	0.0038429534881464604	4.880081300813008	0.028567838062618173
Halobacteria	NZ_JDTH01000001.1_577	5	120	0.041666666666666664	17	2400	0.007288629737609329	0.001959775001284804	5.716666666666667	0.016720105707164024
Halobacteria	NZ_JALXFV010000008.1_111	5	120	0.041666666666666664	24	2400	0.01020408163265306	0.008013398065176864	4.083333333333333	0.05295127741107065
Halobacteria	NZ_FOTC01000002.1_400	5	120	0.041666666666666664	1	2400	0.0006247396917950854	1.7083706574534168e-08	66.69444444444443	5.968348524315485e-07
Halobacteria	PXRE01000015.1_147	5	120	0.041666666666666664	11	2400	0.004789670970428988	0.0003042307261378714	8.69927536231884	0.0030420459796126347
Halobacteria	PXRE01000015.1_148	5	120	0.041666666666666664	10	2400	0.004373177842565598	0.0002008322689368436	9.527777777777777	0.0023472996982098135
Halobacteria	NZ_OBEJ01000001.1_826	5	120	0.041666666666666664	3	2400	0.0014577259475218659	1.0911046274921564e-06	28.583333333333332	2.1629544674403337e-05
Halobacteria	NZ_FOTC01000001.1_718	5	120	0.041666666666666664	9	2400	0.003956684714702207	0.0001266758488009292	10.530701754385964	0.001533763869913047
Halobacteria	NC_017944.1_408	5	120	0.041666666666666664	3	2400	0.0014577259475218659	1.0911046274921564e-06	28.583333333333332	2.1629544674403337e-05
Halobacteria	NZ_JAJCVI010000001.1_246	5	120	0.041666666666666664	37	2400	0.015618492294877134	0.040699136318512116	2.667777777777778	0.10338398697993907
Halobacteria	CP071596.1_2650	5	120	0.041666666666666664	6	2400	0.0027072053311120365	2.1394440310629763e-05	15.39102564102564	0.0002962983445759821
Halobacteria	NZ_CP035119.1_61	5	120	0.041666666666666664	43	2400	0.018117451062057477	0.0679541156931788	2.299808429118774	0.14952714559204416
Halobacteria	NZ_CP044523.1_1724	5	120	0.041666666666666664	41	2400	0.017284464806330696	0.057961418291005866	2.4106425702811243	0.14137272350351493
Halobacteria	NZ_JAAOIR010000001.1_178	5	120	0.041666666666666664	1	2400	0.0006247396917950854	1.7083706574534168e-08	66.69444444444443	5.968348524315485e-07
Halobacteria	AOLX01000025.1_66	5	120	0.041666666666666664	24	2400	0.01020408163265306	0.008013398065176864	4.083333333333333	0.05295127741107065
Halobacteria	LKNH01000019.1_4	5	120	0.041666666666666664	31	2400	0.013119533527696793	0.021450024585723003	3.1759259259259256	0.06549600519828042
Halobacteria	NZ_JALIQP010000001.1_255	5	120	0.041666666666666664	18	2400	0.0077051228654727195	0.0024878094043586678	5.407657657657658	0.02036579196604545
Halobacteria	NZ_CP085301.1_3346	5	120	0.041666666666666664	48	2400	0.020199916701374426	0.09684316113630606	2.0627147766323026	0.19581687181761084
Halobacteria	NZ_OBEJ01000002.1_93	5	120	0.041666666666666664	18	2400	0.0077051228654727195	0.0024878094043586678	5.407657657657658	0.02036579196604545
Halobacteria	JAKCFM010000001.1_290	5	120	0.041666666666666664	24	2400	0.01020408163265306	0.008013398065176864	4.083333333333333	0.05295127741107065
Halobacteria	NZ_FTNO01000005.1_195	5	120	0.041666666666666664	26	2400	0.011037067888379841	0.010974188351755095	3.7751572327044025	0.06549600519828042
Halobacteria	NZ_AOJI01000017.1_262	5	120	0.041666666666666664	21	2400	0.00895460224906289	0.004689034561015433	4.653100775193798	0.034228259503152364
Halobacteria	NZ_QPII01000017.1_24	5	120	0.041666666666666664	22	2400	0.009371095376926281	0.00566000857852355	4.446296296296296	0.04087334766348078
Halobacteria	NZ_CP101458.1_2207	5	120	0.041666666666666664	33	2400	0.013952519783423574	0.02701051578600919	2.9863184079601988	0.07083691688626535
Halobacteria	PXRE01000009.1_4	5	120	0.041666666666666664	38	2400	0.016034985422740525	0.044675201132183255	2.598484848484848	0.11152253912256116
Halobacteria	NZ_ML974131.1_616	5	120	0.041666666666666664	42	2400	0.017700957934194086	0.06284447403689428	2.3539215686274506	0.14952714559204416
Halobacteria	NZ_JAJCVJ010000003.1_173	5	120	0.041666666666666664	80	2400	0.033527696793002916	0.3757791572553981	1.2427536231884058	0.5214465782178328
Halobacteria	JAHENP010000251.1_8	5	120	0.041666666666666664	39	2400	0.016451478550603915	0.048876991069957444	2.532700421940928	0.12186100609550425
Halobacteria	NZ_CP099997.1_920	5	120	0.041666666666666664	2	2400	0.0010412328196584756	2.1111495786409076e-07	40.016666666666666	5.847595134262897e-06
Halobacteria	JAKCFM010000001.1_822	5	120	0.041666666666666664	50	2400	0.021032902957101206	0.1099067190902305	1.981023102310231	0.21920158662988684
Halobacteria	JADKAQ010000002.1_431	5	120	0.041666666666666664	36	2400	0.015201999167013744	0.03694715598492621	2.740867579908676	0.09420825901831123
Halobacteria	NZ_LIUF01000003.1_448	5	120	0.041666666666666664	21	2400	0.00895460224906289	0.004689034561015433	4.653100775193798	0.034228259503152364
Halobacteria	QNGA01000009.1_102	5	120	0.041666666666666664	88	2400	0.03685964181591004	0.45476475024008767	1.1304143126177024	0.599435674697169
Halobacteria	NZ_WUYX01000004.1_79	5	120	0.041666666666666664	34	2400	0.014369012911286963	0.030105954921201515	2.89975845410628	0.07885264358895008
Halobacteria	NZ_WRXM01000005.1_170	5	120	0.041666666666666664	91	2400	0.03810912119950021	0.48380426184060144	1.093351548269581	0.6264601005110011
Halobacteria	NZ_AOLG01000047.1_3	4	120	0.03333333333333333	18	2400	0.0077051228654727195	0.014291831711421447	4.326126126126126	0.06549600519828042
Halobacteria	NZ_CP031310.1_394	4	120	0.03333333333333333	6	2400	0.0027072053311120365	0.0003435759813168855	12.312820512820513	0.003372381719527876
Halobacteria	SKKJ01000069.1_4	4	120	0.03333333333333333	3	2400	0.0014577259475218659	3.240933706936004e-05	22.866666666666667	0.00043398463280957617
Halobacteria	NZ_FTNO01000002.1_252	4	120	0.03333333333333333	1	2400	0.0006247396917950854	1.1809367840685862e-06	53.35555555555555	2.2316394181183938e-05
Halobacteria	NZ_CVUA01000001.1_1846	4	120	0.03333333333333333	1	2400	0.0006247396917950854	1.1809367840685862e-06	53.35555555555555	2.2316394181183938e-05
Halobacteria	CACLIK010000008.1_36	4	120	0.03333333333333333	29	2400	0.012286547271970013	0.061313402701118534	2.712994350282486	0.14865191877897085
Halobacteria	WHTU01000006.1_5	4	120	0.03333333333333333	19	2400	0.00812161599333611	0.016990535789778306	4.104273504273504	0.06549600519828042
Halobacteria	NZ_JAALLS010000004.1_50	4	120	0.03333333333333333	20	2400	0.0085381091211995	0.019988421041499654	3.9040650406504063	0.06549600519828042
Halobacteria	NZ_CP067007.1_1199	4	120	0.03333333333333333	29	2400	0.012286547271970013	0.061313402701118534	2.712994350282486	0.14865191877897085
Halobacteria	NZ_JALIQP010000008.1_168	4	120	0.03333333333333333	14	2400	0.006039150354019159	0.006272838260066087	5.519540229885058	0.04466084141497756
Halobacteria	NZ_FNFE01000004.1_90	4	120	0.03333333333333333	105	2400	0.04394002498958767	0.777579937575394	0.758609794628752	0.8214559215138174
Halobacteria	NZ_AOLK01000021.1_19	4	120	0.03333333333333333	18	2400	0.0077051228654727195	0.014291831711421447	4.326126126126126	0.06549600519828042
Halobacteria	NZ_MWLL01000129.1_23	4	120	0.03333333333333333	24	2400	0.01020408163265306	0.03511387453693974	3.266666666666667	0.089873739637585
Halobacteria	NZ_CSTE01000002.1_1881	4	120	0.03333333333333333	18	2400	0.0077051228654727195	0.014291831711421447	4.326126126126126	0.06549600519828042
Halobacteria	NZ_CBTY010000009.1_501	4	120	0.03333333333333333	22	2400	0.009371095376926281	0.026913083248875685	3.5570370370370368	0.0706730575704242
Halobacteria	NZ_JANHAU010000002.1_233	4	120	0.03333333333333333	25	2400	0.01062057476051645	0.0397015924688911	3.138562091503268	0.10097688046804756
Halobacteria	NZ_CP096659.1_1989	4	120	0.03333333333333333	22	2400	0.009371095376926281	0.026913083248875685	3.5570370370370368	0.0706730575704242
Halobacteria	NZ_FOTC01000001.1_32	4	120	0.03333333333333333	22	2400	0.009371095376926281	0.026913083248875685	3.5570370370370368	0.0706730575704242
Halobacteria	QNGA01000012.1_21	4	120	0.03333333333333333	22	2400	0.009371095376926281	0.026913083248875685	3.5570370370370368	0.0706730575704242
Halobacteria	NZ_LWHG01000011.1_529	4	120	0.03333333333333333	29	2400	0.012286547271970013	0.061313402701118534	2.712994350282486	0.14865191877897085
Halobacteria	NZ_VSLZ01000004.1_290	4	120	0.03333333333333333	42	2400	0.017700957934194086	0.16443272791074207	1.8831372549019607	0.2876150309995852
Halobacteria	NZ_BBMP01000007.1_119	4	120	0.03333333333333333	29	2400	0.012286547271970013	0.061313402701118534	2.712994350282486	0.14865191877897085
Halobacteria	NZ_AOJG01000028.1_132	4	120	0.03333333333333333	5	2400	0.0022907122032486465	0.00018300953219302802	14.55151515151515	0.002164007450843875
Halobacteria	CAJWBY010000066.1_22	4	120	0.03333333333333333	23	2400	0.009787588504789672	0.030851860495644385	3.4056737588652477	0.08008018218510006
Halobacteria	JADKAQ010000001.1_474	4	120	0.03333333333333333	27	2400	0.011453561016243232	0.04985740154633895	2.91030303030303	0.12415229793928245
Halobacteria	WHTU01000013.1_56	4	120	0.03333333333333333	23	2400	0.009787588504789672	0.030851860495644385	3.4056737588652477	0.08008018218510006
Halobacteria	JADDOQ010000058.1_11	4	120	0.03333333333333333	17	2400	0.007288629737609329	0.01188261409948413	4.573333333333333	0.06549600519828042
Halobacteria	NZ_FTNO01000002.1_63	4	120	0.03333333333333333	23	2400	0.009787588504789672	0.030851860495644385	3.4056737588652477	0.08008018218510006
Halobacteria	NZ_CP100762.1_2956	4	120	0.03333333333333333	1	2400	0.0006247396917950854	1.1809367840685862e-06	53.35555555555555	2.2316394181183938e-05
Halobacteria	NC_012029.1_2205	4	120	0.03333333333333333	1	2400	0.0006247396917950854	1.1809367840685862e-06	53.35555555555555	2.2316394181183938e-05
Halobacteria	NZ_JALLGW010000001.1_16	4	120	0.03333333333333333	26	2400	0.011037067888379841	0.04461614897665637	3.020125786163522	0.11151279756588278
Halobacteria	NZ_JDTH01000002.1_1251	4	120	0.03333333333333333	0	2400	0.00020824656393169514	1.51532575716604e-08	160.06666666666666	5.892285924980256e-07
Halobacteria	NZ_QPII01000009.1_68	4	120	0.03333333333333333	22	2400	0.009371095376926281	0.026913083248875685	3.5570370370370368	0.0706730575704242
Halobacteria	PXRK01000035.1_53	4	120	0.03333333333333333	29	2400	0.012286547271970013	0.061313402701118534	2.712994350282486	0.14865191877897085
Halobacteria	PXRK01000039.1_23	4	120	0.03333333333333333	22	2400	0.009371095376926281	0.026913083248875685	3.5570370370370368	0.0706730575704242
Halobacteria	NZ_WUUT01000006.1_4	4	120	0.03333333333333333	8	2400	0.003540191586838817	0.0009306945039526929	9.415686274509804	0.008632404986203417
Halobacteria	NZ_CP044523.1_3437	4	120	0.03333333333333333	21	2400	0.00895460224906289	0.023293694112571962	3.7224806201550384	0.06549600519828042
Halobacteria	NZ_CP100000.1_1204	4	120	0.03333333333333333	14	2400	0.006039150354019159	0.006272838260066087	5.519540229885058	0.04466084141497756
Halobacteria	NZ_CP100400.1_580	4	120	0.03333333333333333	21	2400	0.00895460224906289	0.023293694112571962	3.7224806201550384	0.06549600519828042
Halobacteria	NZ_BBMP01000026.1_85	4	120	0.03333333333333333	20	2400	0.0085381091211995	0.019988421041499654	3.9040650406504063	0.06549600519828042
Halobacteria	CAJWBY010000063.1_10	4	120	0.03333333333333333	11	2400	0.004789670970428988	0.0027812708001683393	6.959420289855072	0.021141840443384893
Halobacteria	NZ_SDIC01000012.1_36	4	120	0.03333333333333333	16	2400	0.0068721366097459395	0.009751705172180334	4.85050505050505	0.06299663852443653
Halobacteria	NZ_CP100355.1_1040	4	120	0.03333333333333333	22	2400	0.009371095376926281	0.026913083248875685	3.5570370370370368	0.0706730575704242
Halobacteria	NZ_CP085337.1_719	4	120	0.03333333333333333	14	2400	0.006039150354019159	0.006272838260066087	5.519540229885058	0.04466084141497756
Halobacteria	QNGA01000001.1_1711	4	120	0.03333333333333333	16	2400	0.0068721366097459395	0.009751705172180334	4.85050505050505	0.06299663852443653
Halobacteria	NZ_WUYX01000050.1_9	4	120	0.03333333333333333	35	2400	0.014785506039150353	0.1031601770971618	2.254460093896714	0.20734580327083613
Halobacteria	NZ_JALLPK010000002.1_397	4	120	0.03333333333333333	10	2400	0.004373177842565598	0.002007913170063636	7.622222222222222	0.016987449497358458
Halobacteria	NZ_WRXM01000001.1_417	4	120	0.03333333333333333	45	2400	0.018950437317784258	0.19398421477993144	1.758974358974359	0.32923231879491693
Halobacteria	PXRK01000067.1_84	4	120	0.03333333333333333	31	2400	0.013119533527696793	0.07404527839205459	2.5407407407407407	0.15308747741179385
Halobacteria	NZ_CP101460.1_20	4	120	0.03333333333333333	24	2400	0.01020408163265306	0.03511387453693974	3.266666666666667	0.089873739637585
Halobacteria	NZ_JAJCVI010000004.1_383	4	120	0.03333333333333333	21	2400	0.00895460224906289	0.023293694112571962	3.7224806201550384	0.06549600519828042
Halobacteria	JADFQH010000072.1_5	4	120	0.03333333333333333	12	2400	0.005206164098292378	0.0037374944762895864	6.402666666666667	0.02809373171396856
Halobacteria	NZ_MU078723.1_324	4	120	0.03333333333333333	58	2400	0.02436484798000833	0.33547426241143774	1.368091168091168	0.48108436779852987
Halobacteria	NZ_FNYR01000057.1_7	4	120	0.03333333333333333	21	2400	0.00895460224906289	0.023293694112571962	3.7224806201550384	0.06549600519828042
Halobacteria	NZ_QPII01000012.1_99	4	120	0.03333333333333333	14	2400	0.006039150354019159	0.006272838260066087	5.519540229885058	0.04466084141497756
Halobacteria	NZ_CP095491.1_1757	4	120	0.03333333333333333	17	2400	0.007288629737609329	0.01188261409948413	4.573333333333333	0.06549600519828042
Halobacteria	NZ_JALJCL010000007.1_39	4	120	0.03333333333333333	55	2400	0.02311536859641816	0.30164740267112783	1.4420420420420421	0.44814919044894963
Halobacteria	NZ_CP100445.1_2115	4	120	0.03333333333333333	44	2400	0.018533944189920867	0.18394881537611688	1.798501872659176	0.31953995248325456
Halobacteria	NZ_CP095482.1_2409	4	120	0.03333333333333333	10	2400	0.004373177842565598	0.002007913170063636	7.622222222222222	0.016987449497358458
Halobacteria	JAKCFJ010000002.1_244	4	120	0.03333333333333333	15	2400	0.006455643481882549	0.007886466042915158	5.163440860215053	0.05295127741107065
Halobacteria	NZ_CP100355.1_1908	4	120	0.03333333333333333	25	2400	0.01062057476051645	0.0397015924688911	3.138562091503268	0.10097688046804756
Halobacteria	CP071596.1_1195	4	120	0.03333333333333333	23	2400	0.009787588504789672	0.030851860495644385	3.4056737588652477	0.08008018218510006
Halobacteria	NC_012029.1_957	4	120	0.03333333333333333	20	2400	0.0085381091211995	0.019988421041499654	3.9040650406504063	0.06549600519828042
Halobacteria	NZ_PEND01000001.1_545	4	120	0.03333333333333333	48	2400	0.020199916701374426	0.22505552454994177	1.650171821305842	0.36551186396785723
Halobacteria	AOLX01000014.1_167	4	120	0.03333333333333333	22	2400	0.009371095376926281	0.026913083248875685	3.5570370370370368	0.0706730575704242
Halobacteria	NZ_PEND01000008.1_3	4	120	0.03333333333333333	23	2400	0.009787588504789672	0.030851860495644385	3.4056737588652477	0.08008018218510006
Halobacteria	JAHENP010000247.1_7	4	120	0.03333333333333333	34	2400	0.014369012911286963	0.09544262994391181	2.3198067632850243	0.19317817592251219
Halobacteria	NZ_CP095487.1_3277	4	120	0.03333333333333333	2	2400	0.0010412328196584756	8.767562805898395e-06	32.013333333333335	0.00012940154739800406
Halobacteria	NZ_CP044523.1_2631	4	120	0.03333333333333333	18	2400	0.0077051228654727195	0.014291831711421447	4.326126126126126	0.06549600519828042
Halobacteria	NZ_AQXI01000001.1_1400	4	120	0.03333333333333333	7	2400	0.003123698458975427	0.0005861163370304468	10.671111111111111	0.005616716746329684
Halobacteria	LKNH01000075.1_2	4	120	0.03333333333333333	21	2400	0.00895460224906289	0.023293694112571962	3.7224806201550384	0.06549600519828042
Halobacteria	JAKBAE010000025.1_19	4	120	0.03333333333333333	16	2400	0.0068721366097459395	0.009751705172180334	4.85050505050505	0.06299663852443653
Halobacteria	JALDAN010000024.1_5	3	120	0.025	33	2400	0.013952519783423574	0.23540063217783982	1.7917910447761194	0.3762208172833332
Halobacteria	NZ_CP095482.1_462	3	120	0.025	45	2400	0.018950437317784258	0.3977623814363163	1.3192307692307692	0.5434294157190754
Halobacteria	CP071596.1_3107	3	120	0.025	20	2400	0.0085381091211995	0.08408562431147217	2.928048780487805	0.17087550990733338
Halobacteria	NZ_RKLT01000001.1_606	3	120	0.025	36	2400	0.015201999167013744	0.2755097653455256	1.6445205479452056	0.41561470389518373
Halobacteria	NZ_CP100445.1_460	3	120	0.025	9	2400	0.003956684714702207	0.012337496325073794	6.318421052631579	0.06549600519828042
Halobacteria	JADJWG010000001.1_1288	3	120	0.025	10	2400	0.004373177842565598	0.01607328360276559	5.716666666666667	0.06549600519828042
Halobacteria	NZ_JAJCVI010000003.1_516	3	120	0.025	30	2400	0.012703040399833403	0.19651753666927352	1.968032786885246	0.32923231879491693
Halobacteria	NZ_AOII01000091.1_90	3	120	0.025	8	2400	0.003540191586838817	0.009159452103400948	7.061764705882354	0.06013120828921012
Halobacteria	NZ_JALXFV010000002.1_318	3	120	0.025	2	2400	0.0010412328196584756	0.0002894190522214235	24.01	0.0030420459796126347
Halobacteria	SKKJ01000373.1_7	3	120	0.025	26	2400	0.011037067888379841	0.1476741531744671	2.265094339622642	0.2721942914482885
Halobacteria	NZ_BBMP01000004.1_89	3	120	0.025	18	2400	0.0077051228654727195	0.0662633413378055	3.2445945945945946	0.14952714559204416
Halobacteria	NZ_JAALLS010000002.1_140	3	120	0.025	37	2400	0.015618492294877134	0.28905081310445796	1.6006666666666667	0.431336342507169
Halobacteria	CP046181.1_1238	3	120	0.025	7	2400	0.003123698458975427	0.006522132439844912	8.003333333333334	0.046111020256525914
Halobacteria	PXRX01000023.1_5	3	120	0.025	30	2400	0.012703040399833403	0.19651753666927352	1.968032786885246	0.32923231879491693
Halobacteria	NZ_CP095482.1_464	3	120	0.025	21	2400	0.00895460224906289	0.09368890365807588	2.791860465116279	0.18981860039742426
Halobacteria	NZ_BBMP01000022.1_917	3	120	0.025	36	2400	0.015201999167013744	0.2755097653455256	1.6445205479452056	0.41561470389518373
Halobacteria	NZ_CP100400.1_1272	3	120	0.025	16	2400	0.0068721366097459395	0.050427759829871924	3.6378787878787877	0.12465150412714063
Halobacteria	NZ_JANHDJ010000005.1_171	3	120	0.025	8	2400	0.003540191586838817	0.009159452103400948	7.061764705882354	0.06013120828921012
Halobacteria	NZ_CP100000.1_3254	3	120	0.025	2	2400	0.0010412328196584756	0.0002894190522214235	24.01	0.0030420459796126347
Halobacteria	JAFEGL010000042.1_57	3	120	0.025	16	2400	0.0068721366097459395	0.050427759829871924	3.6378787878787877	0.12465150412714063
Halobacteria	NZ_CP100756.1_2330	3	120	0.025	0	2400	0.00020824656393169514	2.4903508631509494e-06	120.05	4.161561525034066e-05
Halobacteria	NZ_CP100445.1_3242	3	120	0.025	0	2400	0.00020824656393169514	2.4903508631509494e-06	120.05	4.161561525034066e-05
Halobacteria	NZ_CP100000.1_3803	3	120	0.025	33	2400	0.013952519783423574	0.23540063217783982	1.7917910447761194	0.3762208172833332
Halobacteria	NZ_CVUA01000001.1_2165	3	120	0.025	56	2400	0.02353186172428155	0.5385292589365668	1.0623893805309734	0.6723036650657761
Halobacteria	NZ_JAAAJC010000002.1_233	3	120	0.025	36	2400	0.015201999167013744	0.2755097653455256	1.6445205479452056	0.41561470389518373
Halobacteria	JAKBAE010000069.1_6	3	120	0.025	15	2400	0.006455643481882549	0.04330145386029434	3.8725806451612903	0.10836081646722172
Halobacteria	NZ_CVUA01000001.1_1655	3	120	0.025	7	2400	0.003123698458975427	0.006522132439844912	8.003333333333334	0.046111020256525914
Halobacteria	NZ_JAAAJC010000012.1_8	3	120	0.025	37	2400	0.015618492294877134	0.28905081310445796	1.6006666666666667	0.431336342507169
Halobacteria	NZ_SBIS02000007.1_350	3	120	0.025	3	2400	0.0014577259475218659	0.0007658448660498555	17.150000000000002	0.00720250381001306
Halobacteria	NZ_CVUA01000001.1_1040	3	120	0.025	25	2400	0.01062057476051645	0.1361642816926708	2.353921568627451	0.25282293625581304
Halobacteria	NZ_FOTC01000002.1_896	3	120	0.025	45	2400	0.018950437317784258	0.3977623814363163	1.3192307692307692	0.5434294157190754
Halobacteria	PXSA01000039.1_142	3	120	0.025	16	2400	0.0068721366097459395	0.050427759829871924	3.6378787878787877	0.12465150412714063
Halobacteria	NZ_CP085327.1_2749	3	120	0.025	108	2400	0.04518950437317784	0.91178025522371	0.5532258064516129	0.9264420482725334
Halobacteria	NZ_JANHDJ010000003.1_156	3	120	0.025	18	2400	0.0077051228654727195	0.0662633413378055	3.2445945945945946	0.14952714559204416
Halobacteria	NZ_JAKUHT010000011.1_91	3	120	0.025	47	2400	0.01978342357351104	0.42446408351935483	1.2636842105263157	0.5683883290570434
Halobacteria	NZ_MWLL01000247.1_27	3	120	0.025	20	2400	0.0085381091211995	0.08408562431147217	2.928048780487805	0.17087550990733338
Halobacteria	NZ_CP099546.1_1542	3	120	0.025	19	2400	0.00812161599333611	0.07493635882744089	3.0782051282051284	0.15398507881004622
Halobacteria	JAATVT010000134.1_12	3	120	0.025	16	2400	0.0068721366097459395	0.050427759829871924	3.6378787878787877	0.12465150412714063
Halobacteria	NZ_CP095482.1_957	3	120	0.025	13	2400	0.005622657226155768	0.03070472721595256	4.446296296296297	0.08008018218510006
Halobacteria	NZ_BBMP01000006.1_115	3	120	0.025	15	2400	0.006455643481882549	0.04330145386029434	3.8725806451612903	0.10836081646722172
Halobacteria	NZ_JAJCVI010000002.1_388	3	120	0.025	89	2400	0.03727613494377343	0.8287060822344796	0.6706703910614525	0.8628954420272825
Halobacteria	NZ_JAAAJC010000018.1_15	3	120	0.025	2	2400	0.0010412328196584756	0.0002894190522214235	24.01	0.0030420459796126347
Halobacteria	NZ_CP095757.1_2494	3	120	0.025	3	2400	0.0014577259475218659	0.0007658448660498555	17.150000000000002	0.00720250381001306
Halobacteria	NZ_CP058335.1_432	3	120	0.025	10	2400	0.004373177842565598	0.01607328360276559	5.716666666666667	0.06549600519828042
Halobacteria	NZ_JAJCVI010000008.1_47	3	120	0.025	91	2400	0.03810912119950021	0.8398358646955975	0.6560109289617486	0.8710594695631199
Halobacteria	NZ_AOIJ01000049.1_21	3	120	0.025	16	2400	0.0068721366097459395	0.050427759829871924	3.6378787878787877	0.12465150412714063
Halobacteria	NZ_CVUA01000001.1_1790	3	120	0.025	4	2400	0.001874219075385256	0.0015697789387875626	13.33888888888889	0.01362271679926374
Halobacteria	s5a1_contig_1_2089	3	120	0.025	0	2400	0.00020824656393169514	2.4903508631509494e-06	120.05	4.161561525034066e-05
Halobacteria	NZ_AQXI01000001.1_124	3	120	0.025	32	2400	0.013536026655560184	0.22227330765955428	1.846923076923077	0.3612834630929411
Halobacteria	NZ_JDTH01000002.1_447	3	120	0.025	22	2400	0.009371095376926281	0.10372286574222045	2.667777777777778	0.20765112329779184
Halobacteria	PXRE01000009.1_36	3	120	0.025	72	2400	0.030195751770095793	0.7057478476403243	0.8279310344827587	0.780930295798706
Halobacteria	NZ_CP095487.1_1533	3	120	0.025	27	2400	0.011453561016243232	0.15948968438295327	2.182727272727273	0.28260296671541923
Halobacteria	NZ_JAJCVJ010000001.1_935	3	120	0.025	14	2400	0.006039150354019159	0.036723174486648094	4.139655172413794	0.09375537728788189
Halobacteria	NZ_FNYR01000035.1_11	3	120	0.025	26	2400	0.011037067888379841	0.1476741531744671	2.265094339622642	0.2721942914482885
Halobacteria	NZ_MWLL01000125.1_23	3	120	0.025	11	2400	0.004789670970428988	0.020377368182244303	5.219565217391304	0.06549600519828042
Halobacteria	NZ_KZ859515.1_65	3	120	0.025	28	2400	0.011870054144106622	0.17158548907434634	2.106140350877193	0.2993493174360037
Halobacteria	NZ_CP085301.1_693	3	120	0.025	23	2400	0.009787588504789672	0.11416333877083593	2.554255319148936	0.21920158662988684
Halobacteria	NZ_JAJCVI010000001.1_784	3	120	0.025	19	2400	0.00812161599333611	0.07493635882744089	3.0782051282051284	0.15398507881004622
Halobacteria	NC_015948.1_811	3	120	0.025	18	2400	0.0077051228654727195	0.0662633413378055	3.2445945945945946	0.14952714559204416
Halobacteria	JAKCFM010000002.1_680	3	120	0.025	18	2400	0.0077051228654727195	0.0662633413378055	3.2445945945945946	0.14952714559204416
Halobacteria	RKRU01000058.1_6	3	120	0.025	29	2400	0.012286547271970013	0.1839363914074264	2.0347457627118644	0.31953995248325456
Halobacteria	NZ_VSLZ01000001.1_209	3	120	0.025	28	2400	0.011870054144106622	0.17158548907434634	2.106140350877193	0.2993493174360037
Halobacteria	NZ_CP095491.1_171	3	120	0.025	0	2400	0.00020824656393169514	2.4903508631509494e-06	120.05	4.161561525034066e-05
Halobacteria	NZ_NHSQ01000052.1_48	3	120	0.025	46	2400	0.019366930445647648	0.4111578073700335	1.2908602150537634	0.5520325939589693
Halobacteria	NZ_CP095483.1_135	3	120	0.025	88	2400	0.03685964181591004	0.822899956141133	0.6782485875706215	0.8587404895769185
Halobacteria	PXSA01000026.1_13	3	120	0.025	3	2400	0.0014577259475218659	0.0007658448660498555	17.150000000000002	0.00720250381001306
Halobacteria	PXRX01000038.1_139	3	120	0.025	6	2400	0.0027072053311120365	0.004401241727218163	9.234615384615386	0.03247923639574863
Halobacteria	NZ_CP012850.1_1784	3	120	0.025	19	2400	0.00812161599333611	0.07493635882744089	3.0782051282051284	0.15398507881004622
Halobacteria	NZ_QQTY01000003.1_495	3	120	0.025	23	2400	0.009787588504789672	0.11416333877083593	2.554255319148936	0.21920158662988684
Halobacteria	NZ_AQXI01000001.1_944	3	120	0.025	19	2400	0.00812161599333611	0.07493635882744089	3.0782051282051284	0.15398507881004622
Halobacteria	NZ_CP058335.1_3241	3	120	0.025	16	2400	0.0068721366097459395	0.050427759829871924	3.6378787878787877	0.12465150412714063
Halobacteria	AOLX01000027.1_51	3	120	0.025	29	2400	0.012286547271970013	0.1839363914074264	2.0347457627118644	0.31953995248325456
Halobacteria	NZ_JALLGW010000001.1_1115	3	120	0.025	23	2400	0.009787588504789672	0.11416333877083593	2.554255319148936	0.21920158662988684
Halobacteria	CP071596.1_1431	3	120	0.025	33	2400	0.013952519783423574	0.23540063217783982	1.7917910447761194	0.3762208172833332
Halobacteria	NZ_CP095487.1_2294	3	120	0.025	0	2400	0.00020824656393169514	2.4903508631509494e-06	120.05	4.161561525034066e-05
Halobacteria	NZ_CP095482.1_332	3	120	0.025	0	2400	0.00020824656393169514	2.4903508631509494e-06	120.05	4.161561525034066e-05
Halobacteria	NZ_RDFA01000002.1_243	3	120	0.025	2	2400	0.0010412328196584756	0.0002894190522214235	24.01	0.0030420459796126347
Halobacteria	NZ_JALJCL010000020.1_18	3	120	0.025	2	2400	0.0010412328196584756	0.0002894190522214235	24.01	0.0030420459796126347
Halobacteria	NZ_CP019154.1_2370	3	120	0.025	1	2400	0.0006247396917950854	6.4831431586279e-05	40.016666666666666	0.000809192312762075
Halobacteria	CAJWBY010000036.1_7	3	120	0.025	60	2400	0.02519783423573511	0.585013128847311	0.9921487603305785	0.7091705914444023
Halobacteria	NZ_ML974130.1_679	3	120	0.025	13	2400	0.005622657226155768	0.03070472721595256	4.446296296296297	0.08008018218510006
Halobacteria	NZ_JALIQP010000002.1_24	3	120	0.025	0	2400	0.00020824656393169514	2.4903508631509494e-06	120.05	4.161561525034066e-05
Halobacteria	NZ_CP067007.1_1349	3	120	0.025	48	2400	0.020199916701374426	0.4376695592177212	1.2376288659793817	0.5787638361284099
Halobacteria	NZ_FOCX01000010.1_18	3	120	0.025	0	2400	0.00020824656393169514	2.4903508631509494e-06	120.05	4.161561525034066e-05
Halobacteria	NZ_JANHAU010000001.1_197	3	120	0.025	21	2400	0.00895460224906289	0.09368890365807588	2.791860465116279	0.18981860039742426
Halobacteria	NZ_JAKUHT010000023.1_2	3	120	0.025	4	2400	0.001874219075385256	0.0015697789387875626	13.33888888888889	0.01362271679926374
Halobacteria	NZ_FOTC01000003.1_48	3	120	0.025	30	2400	0.012703040399833403	0.19651753666927352	1.968032786885246	0.32923231879491693
Halobacteria	NZ_LOPU01000018.1_153	3	120	0.025	5	2400	0.0022907122032486465	0.0027643204823238217	10.913636363636364	0.021092286850033084
Halobacteria	JAFAQB010000329.1_2	3	120	0.025	26	2400	0.011037067888379841	0.1476741531744671	2.265094339622642	0.2721942914482885
Halobacteria	NZ_CP095487.1_2514	3	120	0.025	22	2400	0.009371095376926281	0.10372286574222045	2.667777777777778	0.20765112329779184
Halobacteria	NZ_JALJCL010000001.1_349	3	120	0.025	37	2400	0.015618492294877134	0.28905081310445796	1.6006666666666667	0.431336342507169
Halobacteria	NZ_CP095757.1_847	3	120	0.025	46	2400	0.019366930445647648	0.4111578073700335	1.2908602150537634	0.5520325939589693
Halobacteria	NZ_WRXM01000002.1_996	3	120	0.025	2	2400	0.0010412328196584756	0.0002894190522214235	24.01	0.0030420459796126347
Halobacteria	NZ_CVUA01000001.1_199	3	120	0.025	44	2400	0.018533944189920867	0.3842902362843538	1.348876404494382	0.526089951094762
Halobacteria	NZ_CP096658.1_2412	3	120	0.025	3	2400	0.0014577259475218659	0.0007658448660498555	17.150000000000002	0.00720250381001306
Halobacteria	NZ_CP095757.1_2724	3	120	0.025	19	2400	0.00812161599333611	0.07493635882744089	3.0782051282051284	0.15398507881004622
Halobacteria	NZ_FOTC01000002.1_628	3	120	0.025	10	2400	0.004373177842565598	0.01607328360276559	5.716666666666667	0.06549600519828042
Halobacteria	NZ_JAAAJC010000002.1_405	3	120	0.025	62	2400	0.02603082049146189	0.6071277929394312	0.9604	0.7242551016657993
Halobacteria	NC_012029.1_712	3	120	0.025	11	2400	0.004789670970428988	0.020377368182244303	5.219565217391304	0.06549600519828042
Halobacteria	NZ_RKSM01000001.1_1505	3	120	0.025	50	2400	0.021032902957101206	0.4637353037180377	1.1886138613861388	0.604874590118441
Halobacteria	NZ_AOLK01000015.1_185	3	120	0.025	18	2400	0.0077051228654727195	0.0662633413378055	3.2445945945945946	0.14952714559204416
Halobacteria	NZ_CP100400.1_1830	3	120	0.025	1	2400	0.0006247396917950854	6.4831431586279e-05	40.016666666666666	0.000809192312762075
Halobacteria	NZ_CP100400.1_1829	3	120	0.025	1	2400	0.0006247396917950854	6.4831431586279e-05	40.016666666666666	0.000809192312762075
Halobacteria	NZ_WUYX01000069.1_231	3	120	0.025	28	2400	0.011870054144106622	0.17158548907434634	2.106140350877193	0.2993493174360037
Halobacteria	NZ_CP044523.1_2461	3	120	0.025	5	2400	0.0022907122032486465	0.0027643204823238217	10.913636363636364	0.021092286850033084
Halobacteria	NZ_LOPU01000013.1_98	3	120	0.025	5	2400	0.0022907122032486465	0.0027643204823238217	10.913636363636364	0.021092286850033084
Halobacteria	NZ_CP100445.1_3903	3	120	0.025	18	2400	0.0077051228654727195	0.0662633413378055	3.2445945945945946	0.14952714559204416
Halobacteria	NZ_CP085338.1_446	3	120	0.025	14	2400	0.006039150354019159	0.036723174486648094	4.139655172413794	0.09375537728788189
Halobacteria	NZ_JAMZIE010000001.1_53	3	120	0.025	66	2400	0.027696793002915453	0.6489933685662592	0.9026315789473685	0.7559127829729125
Halobacteria	JAHEFU010000047.1_10	3	120	0.025	18	2400	0.0077051228654727195	0.0662633413378055	3.2445945945945946	0.14952714559204416
Halobacteria	NZ_JANHAU010000006.1_205	3	120	0.025	72	2400	0.030195751770095793	0.7057478476403243	0.8279310344827587	0.780930295798706
Halobacteria	NZ_CP053941.1_2087	3	120	0.025	0	2400	0.00020824656393169514	2.4903508631509494e-06	120.05	4.161561525034066e-05
Halobacteria	NZ_QPII01000002.1_278	3	120	0.025	18	2400	0.0077051228654727195	0.0662633413378055	3.2445945945945946	0.14952714559204416
Halobacteria	NZ_LOPU01000004.1_49	3	120	0.025	1	2400	0.0006247396917950854	6.4831431586279e-05	40.016666666666666	0.000809192312762075
Halobacteria	NZ_CP044129.1_1080	3	120	0.025	34	2400	0.014369012911286963	0.2486637288575688	1.7398550724637682	0.38856109717929216
Halobacteria	NZ_CP100445.1_484	3	120	0.025	22	2400	0.009371095376926281	0.10372286574222045	2.667777777777778	0.20765112329779184
Halobacteria	NZ_AP017569.1_169	3	120	0.025	1	2400	0.0006247396917950854	6.4831431586279e-05	40.016666666666666	0.000809192312762075
Halobacteria	NZ_WSZK01000026.1_89	3	120	0.025	33	2400	0.013952519783423574	0.23540063217783982	1.7917910447761194	0.3762208172833332
Halobacteria	NZ_FNFE01000004.1_293	3	120	0.025	23	2400	0.009787588504789672	0.11416333877083593	2.554255319148936	0.21920158662988684
Halobacteria	NZ_CP100454.1_3535	3	120	0.025	22	2400	0.009371095376926281	0.10372286574222045	2.667777777777778	0.20765112329779184
Halobacteria	NZ_CP084469.1_1199	3	120	0.025	2	2400	0.0010412328196584756	0.0002894190522214235	24.01	0.0030420459796126347
Halobacteria	NZ_NHSQ01000051.1_48	3	120	0.025	19	2400	0.00812161599333611	0.07493635882744089	3.0782051282051284	0.15398507881004622
Halobacteria	NZ_JAJCVI010000001.1_57	2	120	0.016666666666666666	21	2400	0.00895460224906289	0.29176387541234455	1.8612403100775192	0.43378423241452996
Halobacteria	NZ_KB913017.1_380	2	120	0.016666666666666666	23	2400	0.009787588504789672	0.32845079596441806	1.7028368794326239	0.47134670648690796
Halobacteria	PXSA01000014.1_44	2	120	0.016666666666666666	19	2400	0.00812161599333611	0.2548554951562456	2.052136752136752	0.3951823705566937
Halobacteria	NZ_CP031310.1_2890	2	120	0.016666666666666666	16	2400	0.0068721366097459395	0.19987622258991167	2.425252525252525	0.32923231879491693
Halobacteria	NZ_JAKUHT010000021.1_46	2	120	0.016666666666666666	14	2400	0.006039150354019159	0.16413941189998146	2.759770114942529	0.28735055485866884
Halobacteria	NZ_CP099998.1_71	2	120	0.016666666666666666	80	2400	0.033527696793002916	0.9137770466381063	0.4971014492753623	0.9280046149182576
Halobacteria	NZ_FTNO01000004.1_84	2	120	0.016666666666666666	0	2400	0.00020824656393169514	0.0003046112925000877	80.03333333333333	0.0030420459796126347
Halobacteria	NZ_SBIT01000001.1_388	2	120	0.016666666666666666	7	2400	0.003123698458975427	0.05468435122657846	5.335555555555556	0.1337022468925534
Halobacteria	NZ_JANHDP010000001.1_161	2	120	0.016666666666666666	1	2400	0.0006247396917950854	0.0026534646905337954	26.677777777777774	0.020478265665111964
Halobacteria	NC_017943.1_117	2	120	0.016666666666666666	12	2400	0.005206164098292378	0.129783877609881	3.2013333333333334	0.2411976107786575
Halobacteria	NZ_JAJFAY010000001.1_1683	2	120	0.016666666666666666	32	2400	0.013536026655560184	0.4842517987629549	1.2312820512820513	0.6264601005110011
Halobacteria	PXSA01000014.1_32	2	120	0.016666666666666666	19	2400	0.00812161599333611	0.2548554951562456	2.052136752136752	0.3951823705566937
Halobacteria	NZ_CP099993.1_948	2	120	0.016666666666666666	0	2400	0.00020824656393169514	0.0003046112925000877	80.03333333333333	0.0030420459796126347
Halobacteria	NZ_SOSC01000001.1_582	2	120	0.016666666666666666	2	2400	0.0010412328196584756	0.0071349369915075615	16.006666666666668	0.048412223479289564
Halobacteria	NZ_JAJCVJ010000001.1_1703	2	120	0.016666666666666666	84	2400	0.03519366930445648	0.9269902156480784	0.47357001972386586	0.9385950005209887
Halobacteria	CP094974.1_1346	2	120	0.016666666666666666	26	2400	0.011037067888379841	0.382446680485981	1.510062893081761	0.5239208590397382
Halobacteria	NZ_FNYR01000003.1_39	2	120	0.016666666666666666	1	2400	0.0006247396917950854	0.0026534646905337954	26.677777777777774	0.020478265665111964
Halobacteria	NZ_WUUT01000002.1_311	2	120	0.016666666666666666	6	2400	0.0027072053311120365	0.04240416465509537	6.156410256410257	0.10637868602059905
Halobacteria	NZ_FOTC01000007.1_172	2	120	0.016666666666666666	9	2400	0.003956684714702207	0.08235258933110932	4.212280701754386	0.16769077102467578
Halobacteria	NZ_JAJCVI010000001.1_40	2	120	0.016666666666666666	15	2400	0.006455643481882549	0.18187300132616335	2.5817204301075267	0.3167503950745067
Halobacteria	NZ_WSZK01000001.1_43	2	120	0.016666666666666666	14	2400	0.006039150354019159	0.16413941189998146	2.759770114942529	0.28735055485866884
Halobacteria	CAJWBY010000078.1_21	2	120	0.016666666666666666	7	2400	0.003123698458975427	0.05468435122657846	5.335555555555556	0.1337022468925534
Halobacteria	NZ_CP085305.1_230	2	120	0.016666666666666666	26	2400	0.011037067888379841	0.382446680485981	1.510062893081761	0.5239208590397382
Halobacteria	NZ_CP100756.1_1027	2	120	0.016666666666666666	28	2400	0.011870054144106622	0.4174313011974718	1.404093567251462	0.5593413459385607
Halobacteria	JAKBAE010000018.1_4	2	120	0.016666666666666666	26	2400	0.011037067888379841	0.382446680485981	1.510062893081761	0.5239208590397382
Halobacteria	NZ_SDIC01000011.1_9	2	120	0.016666666666666666	23	2400	0.009787588504789672	0.32845079596441806	1.7028368794326239	0.47134670648690796
Halobacteria	NZ_CP100000.1_1971	2	120	0.016666666666666666	6	2400	0.0027072053311120365	0.04240416465509537	6.156410256410257	0.10637868602059905
Halobacteria	SZNP01000001.1_1090	2	120	0.016666666666666666	16	2400	0.0068721366097459395	0.19987622258991167	2.425252525252525	0.32923231879491693
Halobacteria	NZ_FOCX01000010.1_33	2	120	0.016666666666666666	1	2400	0.0006247396917950854	0.0026534646905337954	26.677777777777774	0.020478265665111964
Halobacteria	NZ_LOPW02000010.1_165	2	120	0.016666666666666666	25	2400	0.01062057476051645	0.3646260147446031	1.569281045751634	0.5095188678739374
Halobacteria	JAKCFJ010000001.1_1391	2	120	0.016666666666666666	8	2400	0.003540191586838817	0.06804470401769784	4.707843137254902	0.14952714559204416
Halobacteria	NZ_PEND01000003.1_29	2	120	0.016666666666666666	2	2400	0.0010412328196584756	0.0071349369915075615	16.006666666666668	0.048412223479289564
Halobacteria	NZ_WUYX01000003.1_6	2	120	0.016666666666666666	93	2400	0.03894210745522699	0.9501090481426253	0.42798573975044557	0.956733314414536
Halobacteria	NZ_CVUA01000001.1_1749	2	120	0.016666666666666666	51	2400	0.021449396084964597	0.730881941863521	0.7770226537216829	0.7945514053428666
Halobacteria	NZ_AOIQ01000016.1_65	2	120	0.016666666666666666	77	2400	0.032278217409412745	0.9024434902992381	0.5163440860215054	0.9183395759361144
Halobacteria	NZ_CP085338.1_545	2	120	0.016666666666666666	91	2400	0.03810912119950021	0.9456640258053234	0.4373406193078324	0.9527317688980388
Halobacteria	NZ_CVUA01000001.1_371	2	120	0.016666666666666666	29	2400	0.012286547271970013	0.43455439001444357	1.356497175141243	0.5787638361284099
Halobacteria	NZ_PEND01000008.1_140	2	120	0.016666666666666666	22	2400	0.009371095376926281	0.31015458061275203	1.7785185185185184	0.4517481772717528
Halobacteria	CP060262.1_1709	2	120	0.016666666666666666	26	2400	0.011037067888379841	0.382446680485981	1.510062893081761	0.5239208590397382
Halobacteria	NZ_LIGX01000018.1_57	2	120	0.016666666666666666	28	2400	0.011870054144106622	0.4174313011974718	1.404093567251462	0.5593413459385607
Halobacteria	NZ_AOJN01000049.1_382	2	120	0.016666666666666666	43	2400	0.018117451062057477	0.6417227715850978	0.9199233716475095	0.7489276908162052
Halobacteria	NZ_RKSM01000001.1_2127	2	120	0.016666666666666666	19	2400	0.00812161599333611	0.2548554951562456	2.052136752136752	0.3951823705566937
Halobacteria	JALDAN010000020.1_6	2	120	0.016666666666666666	25	2400	0.01062057476051645	0.3646260147446031	1.569281045751634	0.5095188678739374
Halobacteria	NZ_QPII01000006.1_218	2	120	0.016666666666666666	73	2400	0.030612244897959183	0.8851869265154727	0.5444444444444444	0.9048776367109636
Halobacteria	NZ_CP099546.1_1743	2	120	0.016666666666666666	35	2400	0.014785506039150353	0.5311965649272505	1.127230046948357	0.6687916900889792
Halobacteria	NZ_SDIC01000004.1_92	2	120	0.016666666666666666	2	2400	0.0010412328196584756	0.0071349369915075615	16.006666666666668	0.048412223479289564
Halobacteria	NZ_CP096659.1_2147	2	120	0.016666666666666666	3	2400	0.0014577259475218659	0.013538811069905099	11.433333333333334	0.06549600519828042
Halobacteria	NZ_RKLT01000018.1_53	2	120	0.016666666666666666	5	2400	0.0022907122032486465	0.03134766584921888	7.275757575757575	0.08043779231868094
Halobacteria	NZ_CVUA01000001.1_369	2	120	0.016666666666666666	16	2400	0.0068721366097459395	0.19987622258991167	2.425252525252525	0.32923231879491693
Halobacteria	JADFQH010000018.1_22	2	120	0.016666666666666666	17	2400	0.007288629737609329	0.2180813667615219	2.2866666666666666	0.3547550471374073
Halobacteria	JADFQH010000109.1_2	2	120	0.016666666666666666	10	2400	0.004373177842565598	0.09748555483611679	3.811111111111111	0.19613511629714242
Halobacteria	NZ_JALLGW010000002.1_387	2	120	0.016666666666666666	21	2400	0.00895460224906289	0.29176387541234455	1.8612403100775192	0.43378423241452996
Halobacteria	NZ_CP099998.1_16	2	120	0.016666666666666666	39	2400	0.016451478550603915	0.5891749430226666	1.0130801687763713	0.7129334139987026
Halobacteria	LIAL01000040.1_4	2	120	0.016666666666666666	56	2400	0.02353186172428155	0.7765768962847308	0.708259587020649	0.8208251355398462
Halobacteria	NZ_CP095757.1_783	2	120	0.016666666666666666	35	2400	0.014785506039150353	0.5311965649272505	1.127230046948357	0.6687916900889792
Halobacteria	NZ_CP031310.1_2705	2	120	0.016666666666666666	26	2400	0.011037067888379841	0.382446680485981	1.510062893081761	0.5239208590397382
Halobacteria	NZ_FOCX01000035.1_38	2	120	0.016666666666666666	0	2400	0.00020824656393169514	0.0003046112925000877	80.03333333333333	0.0030420459796126347
Halobacteria	NZ_CP100000.1_372	2	120	0.016666666666666666	3	2400	0.0014577259475218659	0.013538811069905099	11.433333333333334	0.06549600519828042
Halobacteria	NZ_SOSC01000013.1_20	2	120	0.016666666666666666	14	2400	0.006039150354019159	0.16413941189998146	2.759770114942529	0.28735055485866884
Halobacteria	CP094974.1_2504	2	120	0.016666666666666666	48	2400	0.020199916701374426	0.6998613379470333	0.825085910652921	0.780930295798706
Halobacteria	JADKAQ010000009.1_28	2	120	0.016666666666666666	26	2400	0.011037067888379841	0.382446680485981	1.510062893081761	0.5239208590397382
Halobacteria	NZ_JAJCVJ010000003.1_415	2	120	0.016666666666666666	90	2400	0.03769262807163682	0.9433038164781072	0.44217311233885814	0.9513019037001161
Halobacteria	NZ_NHSQ01000009.1_3	2	120	0.016666666666666666	14	2400	0.006039150354019159	0.16413941189998146	2.759770114942529	0.28735055485866884
Halobacteria	NZ_CP095757.1_181	2	120	0.016666666666666666	89	2400	0.03727613494377343	0.9408472341613744	0.4471135940409683	0.9497718958933096
Halobacteria	NZ_CP095757.1_1147	2	120	0.016666666666666666	20	2400	0.0085381091211995	0.2733167847713765	1.9520325203252031	0.41561470389518373
Halobacteria	NZ_JALLPK010000001.1_3475	2	120	0.016666666666666666	16	2400	0.0068721366097459395	0.19987622258991167	2.425252525252525	0.32923231879491693
Halobacteria	NZ_CVUA01000001.1_2240	2	120	0.016666666666666666	3	2400	0.0014577259475218659	0.013538811069905099	11.433333333333334	0.06549600519828042
Halobacteria	NZ_WSZK01000015.1_864	2	120	0.016666666666666666	5	2400	0.0022907122032486465	0.03134766584921888	7.275757575757575	0.08043779231868094
Halobacteria	PXRK01000054.1_4	2	120	0.016666666666666666	3	2400	0.0014577259475218659	0.013538811069905099	11.433333333333334	0.06549600519828042
Halobacteria	NZ_JANHDP010000006.1_10	2	120	0.016666666666666666	32	2400	0.013536026655560184	0.4842517987629549	1.2312820512820513	0.6264601005110011
Halobacteria	NZ_AOJH01000006.1_137	2	120	0.016666666666666666	38	2400	0.016034985422740525	0.5751868203317136	1.0393939393939393	0.7078683814429245
Halobacteria	CP060262.1_1763	2	120	0.016666666666666666	29	2400	0.012286547271970013	0.43455439001444357	1.356497175141243	0.5787638361284099
Halobacteria	NZ_LIUF01000003.1_209	2	120	0.016666666666666666	41	2400	0.017284464806330696	0.6161291911724807	0.9642570281124497	0.733694478534014
Halobacteria	NZ_FNYR01000009.1_71	2	120	0.016666666666666666	23	2400	0.009787588504789672	0.32845079596441806	1.7028368794326239	0.47134670648690796
Halobacteria	NZ_CP095757.1_420	2	120	0.016666666666666666	5	2400	0.0022907122032486465	0.03134766584921888	7.275757575757575	0.08043779231868094
Halobacteria	NZ_CP095482.1_2202	2	120	0.016666666666666666	9	2400	0.003956684714702207	0.08235258933110932	4.212280701754386	0.16769077102467578
Halobacteria	JALDAN010000013.1_29	2	120	0.016666666666666666	21	2400	0.00895460224906289	0.29176387541234455	1.8612403100775192	0.43378423241452996
Halobacteria	NZ_CP031310.1_798	2	120	0.016666666666666666	9	2400	0.003956684714702207	0.08235258933110932	4.212280701754386	0.16769077102467578
Halobacteria	PXSA01000002.1_64	2	120	0.016666666666666666	12	2400	0.005206164098292378	0.129783877609881	3.2013333333333334	0.2411976107786575
Halobacteria	NZ_CP085330.1_1	2	120	0.016666666666666666	31	2400	0.013119533527696793	0.4679781730381822	1.2703703703703704	0.6069607863266224
Halobacteria	NZ_AOLW01000022.1_20	2	120	0.016666666666666666	3	2400	0.0014577259475218659	0.013538811069905099	11.433333333333334	0.06549600519828042
Halobacteria	PXRE01000002.1_32	2	120	0.016666666666666666	3	2400	0.0014577259475218659	0.013538811069905099	11.433333333333334	0.06549600519828042
Halobacteria	NZ_CP031310.1_857	2	120	0.016666666666666666	22	2400	0.009371095376926281	0.31015458061275203	1.7785185185185184	0.4517481772717528
Halobacteria	JAKCFJ010000002.1_850	2	120	0.016666666666666666	6	2400	0.0027072053311120365	0.04240416465509537	6.156410256410257	0.10637868602059905
Halobacteria	NZ_ML974127.1_1523	2	120	0.016666666666666666	41	2400	0.017284464806330696	0.6161291911724807	0.9642570281124497	0.733694478534014
Halobacteria	NZ_CP044523.1_520	2	120	0.016666666666666666	19	2400	0.00812161599333611	0.2548554951562456	2.052136752136752	0.3951823705566937
Halobacteria	NZ_AP017569.1_45	2	120	0.016666666666666666	7	2400	0.003123698458975427	0.05468435122657846	5.335555555555556	0.1337022468925534
Halobacteria	NZ_AOII01000084.1_32	2	120	0.016666666666666666	9	2400	0.003956684714702207	0.08235258933110932	4.212280701754386	0.16769077102467578
Halobacteria	NZ_PEND01000005.1_259	2	120	0.016666666666666666	65	2400	0.027280299875052063	0.8420374829528262	0.610941475826972	0.8717868871124499
Halobacteria	NZ_LOPU01000018.1_135	2	120	0.016666666666666666	0	2400	0.00020824656393169514	0.0003046112925000877	80.03333333333333	0.0030420459796126347
Halobacteria	NZ_RKLT01000016.1_60	2	120	0.016666666666666666	31	2400	0.013119533527696793	0.4679781730381822	1.2703703703703704	0.6069607863266224
Halobacteria	NZ_JANHAU010000006.1_233	2	120	0.016666666666666666	2	2400	0.0010412328196584756	0.0071349369915075615	16.006666666666668	0.048412223479289564
Halobacteria	NZ_CP095757.1_3553	2	120	0.016666666666666666	10	2400	0.004373177842565598	0.09748555483611679	3.811111111111111	0.19613511629714242
Halobacteria	NZ_PEND01000001.1_845	2	120	0.016666666666666666	13	2400	0.005622657226155768	0.1467494544659104	2.9641975308641975	0.2712316242505218
Halobacteria	NZ_RKLT01000002.1_624	2	120	0.016666666666666666	1	2400	0.0006247396917950854	0.0026534646905337954	26.677777777777774	0.020478265665111964
Halobacteria	NZ_LIGX01000024.1_17	2	120	0.016666666666666666	1	2400	0.0006247396917950854	0.0026534646905337954	26.677777777777774	0.020478265665111964
Halobacteria	NZ_CP019067.1_2567	2	120	0.016666666666666666	26	2400	0.011037067888379841	0.382446680485981	1.510062893081761	0.5239208590397382
Halobacteria	NZ_JALLGW010000001.1_283	2	120	0.016666666666666666	47	2400	0.01978342357351104	0.6888888539704452	0.8424561403508771	0.7765334853864084
Halobacteria	NZ_JANJYH010000002.1_428	2	120	0.016666666666666666	19	2400	0.00812161599333611	0.2548554951562456	2.052136752136752	0.3951823705566937
Halobacteria	NZ_CP100355.1_2572	2	120	0.016666666666666666	0	2400	0.00020824656393169514	0.0003046112925000877	80.03333333333333	0.0030420459796126347
Halobacteria	NZ_CP085330.1_307	2	120	0.016666666666666666	7	2400	0.003123698458975427	0.05468435122657846	5.335555555555556	0.1337022468925534
Halobacteria	NZ_SOSC01000003.1_17	2	120	0.016666666666666666	24	2400	0.01020408163265306	0.346618206874836	1.6333333333333335	0.48569786160839806
Halobacteria	QNGA01000001.1_900	2	120	0.016666666666666666	23	2400	0.009787588504789672	0.32845079596441806	1.7028368794326239	0.47134670648690796
Halobacteria	NZ_JANHDP010000002.1_354	2	120	0.016666666666666666	9	2400	0.003956684714702207	0.08235258933110932	4.212280701754386	0.16769077102467578
Halobacteria	NZ_RDFA01000004.1_315	2	120	0.016666666666666666	3	2400	0.0014577259475218659	0.013538811069905099	11.433333333333334	0.06549600519828042
Halobacteria	CP060262.1_2190	2	120	0.016666666666666666	19	2400	0.00812161599333611	0.2548554951562456	2.052136752136752	0.3951823705566937
Halobacteria	NZ_JADDKQ010000001.1_92	2	120	0.016666666666666666	21	2400	0.00895460224906289	0.29176387541234455	1.8612403100775192	0.43378423241452996
Halobacteria	NC_017943.1_110	2	120	0.016666666666666666	6	2400	0.0027072053311120365	0.04240416465509537	6.156410256410257	0.10637868602059905
Halobacteria	NZ_LOPW02000022.1_60	2	120	0.016666666666666666	25	2400	0.01062057476051645	0.3646260147446031	1.569281045751634	0.5095188678739374
Halobacteria	NZ_PEND01000002.1_697	2	120	0.016666666666666666	16	2400	0.0068721366097459395	0.19987622258991167	2.425252525252525	0.32923231879491693
Halobacteria	NZ_QLVG01000056.1_3	2	120	0.016666666666666666	24	2400	0.01020408163265306	0.346618206874836	1.6333333333333335	0.48569786160839806
Halobacteria	NZ_BBMP01000010.1_36	2	120	0.016666666666666666	24	2400	0.01020408163265306	0.346618206874836	1.6333333333333335	0.48569786160839806
Halobacteria	NZ_CP085336.1_520	2	120	0.016666666666666666	10	2400	0.004373177842565598	0.09748555483611679	3.811111111111111	0.19613511629714242
Halobacteria	NC_017941.2_207	2	120	0.016666666666666666	7	2400	0.003123698458975427	0.05468435122657846	5.335555555555556	0.1337022468925534
Halobacteria	NZ_CP058335.1_3586	2	120	0.016666666666666666	31	2400	0.013119533527696793	0.4679781730381822	1.2703703703703704	0.6069607863266224
Halobacteria	JADKAQ010000001.1_354	2	120	0.016666666666666666	40	2400	0.016867971678467306	0.6028225046342128	0.9880658436213992	0.7218248624071656
Halobacteria	NZ_OBEJ01000004.1_116	2	120	0.016666666666666666	90	2400	0.03769262807163682	0.9433038164781072	0.44217311233885814	0.9513019037001161
Halobacteria	NZ_MU078805.1_1	2	120	0.016666666666666666	24	2400	0.01020408163265306	0.346618206874836	1.6333333333333335	0.48569786160839806
Halobacteria	NZ_WUUT01000001.1_868	2	120	0.016666666666666666	27	2400	0.011453561016243232	0.4000556843638812	1.455151515151515	0.5450893489108948
Halobacteria	NZ_LOPU01000018.1_142	2	120	0.016666666666666666	9	2400	0.003956684714702207	0.08235258933110932	4.212280701754386	0.16769077102467578
Halobacteria	NZ_CP100762.1_1168	2	120	0.016666666666666666	4	2400	0.001874219075385256	0.02167001533659615	8.892592592592592	0.06549600519828042
Halobacteria	NZ_CP095482.1_1654	2	120	0.016666666666666666	1	2400	0.0006247396917950854	0.0026534646905337954	26.677777777777774	0.020478265665111964
Halobacteria	NZ_BBMP01000007.1_143	2	120	0.016666666666666666	23	2400	0.009787588504789672	0.32845079596441806	1.7028368794326239	0.47134670648690796
Halobacteria	JAJXYX010000082.1_17	2	120	0.016666666666666666	50	2400	0.021032902957101206	0.7208529673081816	0.7924092409240925	0.7869237987860951
Halobacteria	NZ_JALLPK010000001.1_3014	2	120	0.016666666666666666	1	2400	0.0006247396917950854	0.0026534646905337954	26.677777777777774	0.020478265665111964
Halobacteria	JAKCFM010000001.1_1610	2	120	0.016666666666666666	13	2400	0.005622657226155768	0.1467494544659104	2.9641975308641975	0.2712316242505218
Halobacteria	PXSA01000027.1_39	2	120	0.016666666666666666	17	2400	0.007288629737609329	0.2180813667615219	2.2866666666666666	0.3547550471374073
Halobacteria	NZ_LWHG01000021.1_1033	2	120	0.016666666666666666	7	2400	0.003123698458975427	0.05468435122657846	5.335555555555556	0.1337022468925534
Halobacteria	NZ_CP095482.1_1926	2	120	0.016666666666666666	29	2400	0.012286547271970013	0.43455439001444357	1.356497175141243	0.5787638361284099
Halobacteria	NZ_JADDKQ010000010.1_125	2	120	0.016666666666666666	5	2400	0.0022907122032486465	0.03134766584921888	7.275757575757575	0.08043779231868094
Halobacteria	NZ_RKLT01000002.1_449	2	120	0.016666666666666666	4	2400	0.001874219075385256	0.02167001533659615	8.892592592592592	0.06549600519828042
Halobacteria	NZ_JALJCL010000029.1_4	2	120	0.016666666666666666	1	2400	0.0006247396917950854	0.0026534646905337954	26.677777777777774	0.020478265665111964
Halobacteria	NZ_CP085337.1_802	2	120	0.016666666666666666	17	2400	0.007288629737609329	0.2180813667615219	2.2866666666666666	0.3547550471374073
Halobacteria	QNGA01000001.1_494	2	120	0.016666666666666666	18	2400	0.0077051228654727195	0.2364265868964771	2.163063063063063	0.3762208172833332
Halobacteria	NZ_CP085327.1_1935	2	120	0.016666666666666666	5	2400	0.0022907122032486465	0.03134766584921888	7.275757575757575	0.08043779231868094
Halobacteria	NZ_CP100762.1_1267	2	120	0.016666666666666666	21	2400	0.00895460224906289	0.29176387541234455	1.8612403100775192	0.43378423241452996
Halobacteria	NZ_JAAAJC010000001.1_135	2	120	0.016666666666666666	39	2400	0.016451478550603915	0.5891749430226666	1.0130801687763713	0.7129334139987026
Halobacteria	CP071596.1_1044	2	120	0.016666666666666666	3	2400	0.0014577259475218659	0.013538811069905099	11.433333333333334	0.06549600519828042
Halobacteria	SKKJ01000319.1_4	2	120	0.016666666666666666	86	2400	0.03602665556018326	0.932863078651178	0.4626204238921002	0.9435963707016918
Halobacteria	NZ_JALLPK010000001.1_3015	2	120	0.016666666666666666	41	2400	0.017284464806330696	0.6161291911724807	0.9642570281124497	0.733694478534014
Halobacteria	NZ_JAKUHT010000001.1_53	2	120	0.016666666666666666	1	2400	0.0006247396917950854	0.0026534646905337954	26.677777777777774	0.020478265665111964
Halobacteria	NZ_CP084469.1_2495	2	120	0.016666666666666666	6	2400	0.0027072053311120365	0.04240416465509537	6.156410256410257	0.10637868602059905
Halobacteria	NZ_AP017569.1_165	2	120	0.016666666666666666	0	2400	0.00020824656393169514	0.0003046112925000877	80.03333333333333	0.0030420459796126347
Halobacteria	NZ_FTNO01000001.1_793	2	120	0.016666666666666666	0	2400	0.00020824656393169514	0.0003046112925000877	80.03333333333333	0.0030420459796126347
Halobacteria	AOLX01000014.1_223	2	120	0.016666666666666666	8	2400	0.003540191586838817	0.06804470401769784	4.707843137254902	0.14952714559204416
Halobacteria	NZ_JAJCVJ010000003.1_446	2	120	0.016666666666666666	16	2400	0.0068721366097459395	0.19987622258991167	2.425252525252525	0.32923231879491693
Halobacteria	NZ_JALLPK010000001.1_776	2	120	0.016666666666666666	5	2400	0.0022907122032486465	0.03134766584921888	7.275757575757575	0.08043779231868094
Halobacteria	NZ_CP085330.1_469	2	120	0.016666666666666666	7	2400	0.003123698458975427	0.05468435122657846	5.335555555555556	0.1337022468925534
Halobacteria	NZ_WSZK01000006.1_96	2	120	0.016666666666666666	4	2400	0.001874219075385256	0.02167001533659615	8.892592592592592	0.06549600519828042
Halobacteria	NZ_JALXFV010000002.1_303	2	120	0.016666666666666666	4	2400	0.001874219075385256	0.02167001533659615	8.892592592592592	0.06549600519828042
Halobacteria	NC_015948.1_2759	2	120	0.016666666666666666	1	2400	0.0006247396917950854	0.0026534646905337954	26.677777777777774	0.020478265665111964
Halobacteria	NZ_CP095757.1_1540	2	120	0.016666666666666666	20	2400	0.0085381091211995	0.2733167847713765	1.9520325203252031	0.41561470389518373
Halobacteria	PXRX01000031.1_61	2	120	0.016666666666666666	23	2400	0.009787588504789672	0.32845079596441806	1.7028368794326239	0.47134670648690796
Halobacteria	NC_019964.1_86	2	120	0.016666666666666666	20	2400	0.0085381091211995	0.2733167847713765	1.9520325203252031	0.41561470389518373
Halobacteria	NZ_SBIT01000008.1_15	2	120	0.016666666666666666	23	2400	0.009787588504789672	0.32845079596441806	1.7028368794326239	0.47134670648690796
Halobacteria	NZ_CP095482.1_2262	2	120	0.016666666666666666	4	2400	0.001874219075385256	0.02167001533659615	8.892592592592592	0.06549600519828042
Halobacteria	NZ_OBEJ01000001.1_888	2	120	0.016666666666666666	16	2400	0.0068721366097459395	0.19987622258991167	2.425252525252525	0.32923231879491693
Halobacteria	NZ_SDIC01000004.1_217	2	120	0.016666666666666666	5	2400	0.0022907122032486465	0.03134766584921888	7.275757575757575	0.08043779231868094
Halobacteria	NZ_JANHDJ010000001.1_468	2	120	0.016666666666666666	19	2400	0.00812161599333611	0.2548554951562456	2.052136752136752	0.3951823705566937
Halobacteria	NZ_JALJCL010000001.1_417	2	120	0.016666666666666666	4	2400	0.001874219075385256	0.02167001533659615	8.892592592592592	0.06549600519828042
Halobacteria	NZ_SOSC01000008.1_118	2	120	0.016666666666666666	9	2400	0.003956684714702207	0.08235258933110932	4.212280701754386	0.16769077102467578
Halobacteria	AOLX01000027.1_327	2	120	0.016666666666666666	22	2400	0.009371095376926281	0.31015458061275203	1.7785185185185184	0.4517481772717528
Halobacteria	NZ_JALLGW010000002.1_297	2	120	0.016666666666666666	2	2400	0.0010412328196584756	0.0071349369915075615	16.006666666666668	0.048412223479289564
Halobacteria	NZ_CP012850.1_1957	2	120	0.016666666666666666	17	2400	0.007288629737609329	0.2180813667615219	2.2866666666666666	0.3547550471374073
Halobacteria	JAKCFM010000001.1_2755	2	120	0.016666666666666666	42	2400	0.017700957934194086	0.6290955221997008	0.9415686274509804	0.7408451635921928
Halobacteria	JADJWG010000002.1_1190	2	120	0.016666666666666666	2	2400	0.0010412328196584756	0.0071349369915075615	16.006666666666668	0.048412223479289564
Halobacteria	NZ_FNIA01000005.1_74	2	120	0.016666666666666666	28	2400	0.011870054144106622	0.4174313011974718	1.404093567251462	0.5593413459385607
Halobacteria	NZ_CP100400.1_1809	2	120	0.016666666666666666	0	2400	0.00020824656393169514	0.0003046112925000877	80.03333333333333	0.0030420459796126347
Halobacteria	NZ_AQXI01000001.1_767	2	120	0.016666666666666666	0	2400	0.00020824656393169514	0.0003046112925000877	80.03333333333333	0.0030420459796126347
Halobacteria	NZ_WSZK01000006.1_124	2	120	0.016666666666666666	1	2400	0.0006247396917950854	0.0026534646905337954	26.677777777777774	0.020478265665111964
Halobacteria	NZ_SDIC01000006.1_119	2	120	0.016666666666666666	3	2400	0.0014577259475218659	0.013538811069905099	11.433333333333334	0.06549600519828042
Halobacteria	NZ_WUYX01000026.1_6	2	120	0.016666666666666666	0	2400	0.00020824656393169514	0.0003046112925000877	80.03333333333333	0.0030420459796126347
Halobacteria	JAKCFJ010000001.1_33	2	120	0.016666666666666666	9	2400	0.003956684714702207	0.08235258933110932	4.212280701754386	0.16769077102467578
Halobacteria	NZ_AOLJ01000022.1_219	2	120	0.016666666666666666	10	2400	0.004373177842565598	0.09748555483611679	3.811111111111111	0.19613511629714242
Halobacteria	NZ_LOPU01000018.1_879	2	120	0.016666666666666666	6	2400	0.0027072053311120365	0.04240416465509537	6.156410256410257	0.10637868602059905
Halobacteria	NZ_ML974127.1_865	2	120	0.016666666666666666	0	2400	0.00020824656393169514	0.0003046112925000877	80.03333333333333	0.0030420459796126347
Halobacteria	JAKCFJ010000001.1_3064	2	120	0.016666666666666666	19	2400	0.00812161599333611	0.2548554951562456	2.052136752136752	0.3951823705566937
Halobacteria	NZ_JAJFAY010000002.1_572	2	120	0.016666666666666666	18	2400	0.0077051228654727195	0.2364265868964771	2.163063063063063	0.3762208172833332
Halobacteria	NZ_JAKUHT010000012.1_142	2	120	0.016666666666666666	6	2400	0.0027072053311120365	0.04240416465509537	6.156410256410257	0.10637868602059905
Halobacteria	NZ_LWHG01000021.1_388	2	120	0.016666666666666666	19	2400	0.00812161599333611	0.2548554951562456	2.052136752136752	0.3951823705566937
Halobacteria	NZ_CP095491.1_1157	2	120	0.016666666666666666	3	2400	0.0014577259475218659	0.013538811069905099	11.433333333333334	0.06549600519828042
Halobacteria	NZ_CP100000.1_3528	2	120	0.016666666666666666	12	2400	0.005206164098292378	0.129783877609881	3.2013333333333334	0.2411976107786575
Halobacteria	NZ_JANJYH010000002.1_54	2	120	0.016666666666666666	22	2400	0.009371095376926281	0.31015458061275203	1.7785185185185184	0.4517481772717528
Halobacteria	NZ_JAAAJC010000016.1_13	2	120	0.016666666666666666	2	2400	0.0010412328196584756	0.0071349369915075615	16.006666666666668	0.048412223479289564
Halobacteria	NZ_CP085307.1_169	2	120	0.016666666666666666	3	2400	0.0014577259475218659	0.013538811069905099	11.433333333333334	0.06549600519828042
Halobacteria	NZ_AOLJ01000011.1_679	2	120	0.016666666666666666	14	2400	0.006039150354019159	0.16413941189998146	2.759770114942529	0.28735055485866884
Halobacteria	LKNH01000095.1_4	2	120	0.016666666666666666	7	2400	0.003123698458975427	0.05468435122657846	5.335555555555556	0.1337022468925534
Halobacteria	NZ_AQXI01000001.1_2671	2	120	0.016666666666666666	5	2400	0.0022907122032486465	0.03134766584921888	7.275757575757575	0.08043779231868094
Halobacteria	NZ_FOYN01000003.1_602	2	120	0.016666666666666666	0	2400	0.00020824656393169514	0.0003046112925000877	80.03333333333333	0.0030420459796126347
Halobacteria	NZ_FTNO01000001.1_366	2	120	0.016666666666666666	70	2400	0.02936276551436901	0.8704533677991938	0.567612293144208	0.8934298018730812
Halobacteria	NZ_MWLL01000242.1_49	2	120	0.016666666666666666	6	2400	0.0027072053311120365	0.04240416465509537	6.156410256410257	0.10637868602059905
Halobacteria	NZ_JAAOIR010000001.1_663	2	120	0.016666666666666666	5	2400	0.0022907122032486465	0.03134766584921888	7.275757575757575	0.08043779231868094
Halobacteria	JAKCFM010000001.1_275	2	120	0.016666666666666666	29	2400	0.012286547271970013	0.43455439001444357	1.356497175141243	0.5787638361284099
Halobacteria	NZ_CP085301.1_3456	2	120	0.016666666666666666	0	2400	0.00020824656393169514	0.0003046112925000877	80.03333333333333	0.0030420459796126347
Halobacteria	NZ_CVUA01000001.1_1763	2	120	0.016666666666666666	6	2400	0.0027072053311120365	0.04240416465509537	6.156410256410257	0.10637868602059905
Halobacteria	NZ_AOJI01000002.1_151	2	120	0.016666666666666666	0	2400	0.00020824656393169514	0.0003046112925000877	80.03333333333333	0.0030420459796126347
Halobacteria	NZ_CP085304.1_122	2	120	0.016666666666666666	23	2400	0.009787588504789672	0.32845079596441806	1.7028368794326239	0.47134670648690796
Halobacteria	NZ_JAJCVJ010000001.1_1383	2	120	0.016666666666666666	10	2400	0.004373177842565598	0.09748555483611679	3.811111111111111	0.19613511629714242
Halobacteria	NZ_JANHDP010000003.1_71	2	120	0.016666666666666666	0	2400	0.00020824656393169514	0.0003046112925000877	80.03333333333333	0.0030420459796126347
Halobacteria	NZ_CP100000.1_2165	2	120	0.016666666666666666	16	2400	0.0068721366097459395	0.19987622258991167	2.425252525252525	0.32923231879491693
Halobacteria	NZ_QQTY01000001.1_76	2	120	0.016666666666666666	45	2400	0.018950437317784258	0.6659684560642418	0.8794871794871795	0.7694789818067982
Halobacteria	NZ_LOPU01000029.1_292	2	120	0.016666666666666666	30	2400	0.012703040399833403	0.4514081973009201	1.3120218579234972	0.5953994618019963
Halobacteria	NZ_JAJCVI010000004.1_493	2	120	0.016666666666666666	27	2400	0.011453561016243232	0.4000556843638812	1.455151515151515	0.5450893489108948
Halobacteria	NZ_JALXFV010000007.1_349	2	120	0.016666666666666666	34	2400	0.014369012911286963	0.5158691309055932	1.1599033816425122	0.6516219058460824
Halobacteria	NZ_OBEJ01000001.1_101	2	120	0.016666666666666666	8	2400	0.003540191586838817	0.06804470401769784	4.707843137254902	0.14952714559204416
Halobacteria	NZ_QQTY01000001.1_534	2	120	0.016666666666666666	15	2400	0.006455643481882549	0.18187300132616335	2.5817204301075267	0.3167503950745067
Halobacteria	NZ_SOSC01000016.1_21	2	120	0.016666666666666666	12	2400	0.005206164098292378	0.129783877609881	3.2013333333333334	0.2411976107786575
Halobacteria	NC_019964.1_1791	2	120	0.016666666666666666	1	2400	0.0006247396917950854	0.0026534646905337954	26.677777777777774	0.020478265665111964
Halobacteria	NZ_FTNO01000001.1_1751	2	120	0.016666666666666666	3	2400	0.0014577259475218659	0.013538811069905099	11.433333333333334	0.06549600519828042
Halobacteria	JADFQH010000115.1_3	2	120	0.016666666666666666	22	2400	0.009371095376926281	0.31015458061275203	1.7785185185185184	0.4517481772717528
Halobacteria	NZ_AOJI01000017.1_364	2	120	0.016666666666666666	3	2400	0.0014577259475218659	0.013538811069905099	11.433333333333334	0.06549600519828042
Halobacteria	PXRX01000011.1_31	2	120	0.016666666666666666	34	2400	0.014369012911286963	0.5158691309055932	1.1599033816425122	0.6516219058460824
Halobacteria	NZ_CP100762.1_2540	2	120	0.016666666666666666	48	2400	0.020199916701374426	0.6998613379470333	0.825085910652921	0.780930295798706
Halobacteria	JAHENP010000061.1_12	2	120	0.016666666666666666	27	2400	0.011453561016243232	0.4000556843638812	1.455151515151515	0.5450893489108948
Halobacteria	NZ_JALXFV010000002.1_330	2	120	0.016666666666666666	1	2400	0.0006247396917950854	0.0026534646905337954	26.677777777777774	0.020478265665111964
Halobacteria	JALDAN010000043.1_4	2	120	0.016666666666666666	18	2400	0.0077051228654727195	0.2364265868964771	2.163063063063063	0.3762208172833332
Halobacteria	NZ_CP044129.1_2950	2	120	0.016666666666666666	4	2400	0.001874219075385256	0.02167001533659615	8.892592592592592	0.06549600519828042
Halobacteria	NZ_FNFE01000001.1_933	2	120	0.016666666666666666	22	2400	0.009371095376926281	0.31015458061275203	1.7785185185185184	0.4517481772717528
Halobacteria	NZ_WUUT01000003.1_11	2	120	0.016666666666666666	24	2400	0.01020408163265306	0.346618206874836	1.6333333333333335	0.48569786160839806
Halobacteria	NZ_AOLJ01000013.1_18	2	120	0.016666666666666666	11	2400	0.004789670970428988	0.11333066522234132	3.479710144927536	0.21920158662988684
Halobacteria	NZ_CP100454.1_1676	2	120	0.016666666666666666	25	2400	0.01062057476051645	0.3646260147446031	1.569281045751634	0.5095188678739374
Halobacteria	NZ_MWLL01000151.1_6	2	120	0.016666666666666666	19	2400	0.00812161599333611	0.2548554951562456	2.052136752136752	0.3951823705566937
Halobacteria	NZ_AOLG01000009.1_559	2	120	0.016666666666666666	26	2400	0.011037067888379841	0.382446680485981	1.510062893081761	0.5239208590397382
Halobacteria	NZ_PHNJ01000004.1_156	2	120	0.016666666666666666	27	2400	0.011453561016243232	0.4000556843638812	1.455151515151515	0.5450893489108948
Halobacteria	NZ_LOPU01000017.1_68	2	120	0.016666666666666666	13	2400	0.005622657226155768	0.1467494544659104	2.9641975308641975	0.2712316242505218
Halobacteria	NZ_CP100456.1_43	2	120	0.016666666666666666	1	2400	0.0006247396917950854	0.0026534646905337954	26.677777777777774	0.020478265665111964
Halobacteria	RKSK01000037.1_5	2	120	0.016666666666666666	18	2400	0.0077051228654727195	0.2364265868964771	2.163063063063063	0.3762208172833332
Halobacteria	JADKAQ010000003.1_107	2	120	0.016666666666666666	33	2400	0.013952519783423574	0.5002184269311347	1.1945273631840796	0.639748045069421
Halobacteria	NZ_JAJFAY010000017.1_20	2	120	0.016666666666666666	9	2400	0.003956684714702207	0.08235258933110932	4.212280701754386	0.16769077102467578
Halobacteria	NZ_AP017569.1_1626	2	120	0.016666666666666666	63	2400	0.026447313619325282	0.8291819208006973	0.6301837270341207	0.8628954420272825
Halobacteria	NZ_CP085336.1_1307	2	120	0.016666666666666666	37	2400	0.015618492294877134	0.560859369375225	1.0671111111111111	0.693542976170354
Halobacteria	JADKAQ010000023.1_113	2	120	0.016666666666666666	35	2400	0.014785506039150353	0.5311965649272505	1.127230046948357	0.6687916900889792
Halobacteria	NZ_CP100445.1_3802	2	120	0.016666666666666666	73	2400	0.030612244897959183	0.8851869265154727	0.5444444444444444	0.9048776367109636
Halobacteria	NZ_CP099546.1_3265	2	120	0.016666666666666666	63	2400	0.026447313619325282	0.8291819208006973	0.6301837270341207	0.8628954420272825
Halobacteria	NZ_CP058335.1_1249	2	120	0.016666666666666666	20	2400	0.0085381091211995	0.2733167847713765	1.9520325203252031	0.41561470389518373
Halobacteria	NZ_CP100454.1_524	2	120	0.016666666666666666	44	2400	0.018533944189920867	0.6540128938944795	0.899250936329588	0.7613207089548863
Halobacteria	NZ_CP095482.1_322	2	120	0.016666666666666666	30	2400	0.012703040399833403	0.4514081973009201	1.3120218579234972	0.5953994618019963
Halobacteria	NC_019964.1_1710	2	120	0.016666666666666666	0	2400	0.00020824656393169514	0.0003046112925000877	80.03333333333333	0.0030420459796126347
Halobacteria	CP094974.1_3167	2	120	0.016666666666666666	32	2400	0.013536026655560184	0.4842517987629549	1.2312820512820513	0.6264601005110011
Halobacteria	QNGA01000004.1_122	2	120	0.016666666666666666	3	2400	0.0014577259475218659	0.013538811069905099	11.433333333333334	0.06549600519828042
Halobacteria	NZ_JAAOIR010000001.1_124	2	120	0.016666666666666666	4	2400	0.001874219075385256	0.02167001533659615	8.892592592592592	0.06549600519828042
Halobacteria	NZ_LIGX01000018.1_34	2	120	0.016666666666666666	59	2400	0.02478134110787172	0.8006468352153178	0.6725490196078431	0.8401182671537999
Halobacteria	NC_015948.1_2390	2	120	0.016666666666666666	7	2400	0.003123698458975427	0.05468435122657846	5.335555555555556	0.1337022468925534
Halobacteria	NZ_CP044523.1_1173	2	120	0.016666666666666666	3	2400	0.0014577259475218659	0.013538811069905099	11.433333333333334	0.06549600519828042
Halobacteria	CP060262.1_417	2	120	0.016666666666666666	17	2400	0.007288629737609329	0.2180813667615219	2.2866666666666666	0.3547550471374073
Halobacteria	NZ_CP084469.1_2896	2	120	0.016666666666666666	40	2400	0.016867971678467306	0.6028225046342128	0.9880658436213992	0.7218248624071656
Halobacteria	PXRE01000008.1_62	2	120	0.016666666666666666	11	2400	0.004789670970428988	0.11333066522234132	3.479710144927536	0.21920158662988684
Halobacteria	NZ_CP100400.1_1792	2	120	0.016666666666666666	0	2400	0.00020824656393169514	0.0003046112925000877	80.03333333333333	0.0030420459796126347
Halobacteria	NZ_CP095487.1_2904	2	120	0.016666666666666666	29	2400	0.012286547271970013	0.43455439001444357	1.356497175141243	0.5787638361284099
Halobacteria	NZ_JANHDJ010000005.1_242	2	120	0.016666666666666666	13	2400	0.005622657226155768	0.1467494544659104	2.9641975308641975	0.2712316242505218
Halobacteria	NZ_JANHDP010000001.1_782	2	120	0.016666666666666666	38	2400	0.016034985422740525	0.5751868203317136	1.0393939393939393	0.7078683814429245
Halobacteria	NZ_CP100400.1_2562	2	120	0.016666666666666666	14	2400	0.006039150354019159	0.16413941189998146	2.759770114942529	0.28735055485866884
Halobacteria	NZ_CP100454.1_3021	2	120	0.016666666666666666	72	2400	0.030195751770095793	0.8804553704181095	0.5519540229885057	0.9023217227498315
Halobacteria	NZ_JALXFV010000011.1_6	2	120	0.016666666666666666	22	2400	0.009371095376926281	0.31015458061275203	1.7785185185185184	0.4517481772717528
Halobacteria	NZ_BBMP01000007.1_96	2	120	0.016666666666666666	30	2400	0.012703040399833403	0.4514081973009201	1.3120218579234972	0.5953994618019963
Halobacteria	NZ_RKLT01000002.1_645	1	120	0.008333333333333333	0	2400	0.00020824656393169514	0.024682470801725857	40.016666666666666	0.06549600519828042
Halobacteria	NZ_CP095491.1_2209	1	120	0.008333333333333333	8	2400	0.003540191586838817	0.3466071661135069	2.353921568627451	0.48569786160839806
Halobacteria	NZ_RKLT01000002.1_644	1	120	0.008333333333333333	0	2400	0.00020824656393169514	0.024682470801725857	40.016666666666666	0.06549600519828042
Halobacteria	NZ_CP099546.1_2894	1	120	0.008333333333333333	18	2400	0.0077051228654727195	0.6047335889800883	1.0815315315315315	0.7218248624071656
Halobacteria	NC_012030.1_98	1	120	0.008333333333333333	0	2400	0.00020824656393169514	0.024682470801725857	40.016666666666666	0.06549600519828042
Halobacteria	NZ_RKLT01000020.1_40	1	120	0.008333333333333333	1	2400	0.0006247396917950854	0.07224926866638336	13.338888888888887	0.14952714559204416
Halobacteria	NZ_JANHDP010000007.1_12	1	120	0.008333333333333333	5	2400	0.0022907122032486465	0.24058037425684958	3.6378787878787877	0.3762208172833332
Halobacteria	NZ_CP053941.1_2435	1	120	0.008333333333333333	3	2400	0.0014577259475218659	0.16058892618991924	5.716666666666667	0.28260296671541923
Halobacteria	NZ_AOLW01000074.1_5	1	120	0.008333333333333333	6	2400	0.0027072053311120365	0.27769310829000654	3.0782051282051284	0.41561470389518373
Halobacteria	NZ_CSTE01000001.1_445	1	120	0.008333333333333333	1	2400	0.0006247396917950854	0.07224926866638336	13.338888888888887	0.14952714559204416
Halobacteria	NZ_WRXM01000003.1_266	1	120	0.008333333333333333	9	2400	0.003956684714702207	0.3785774366091882	2.106140350877193	0.5214465782178328
Halobacteria	NC_012030.1_91	1	120	0.008333333333333333	1	2400	0.0006247396917950854	0.07224926866638336	13.338888888888887	0.14952714559204416
Halobacteria	NZ_FOTC01000001.1_336	1	120	0.008333333333333333	36	2400	0.015201999167013744	0.8409040972241394	0.5481735159817351	0.8710594695631199
Halobacteria	NC_012030.1_104	1	120	0.008333333333333333	0	2400	0.00020824656393169514	0.024682470801725857	40.016666666666666	0.06549600519828042
Halobacteria	NZ_FTNO01000003.1_340	1	120	0.008333333333333333	4	2400	0.001874219075385256	0.201577453347234	4.446296296296296	0.32923231879491693
Halobacteria	NZ_KB913017.1_2090	1	120	0.008333333333333333	6	2400	0.0027072053311120365	0.27769310829000654	3.0782051282051284	0.41561470389518373
Halobacteria	NC_015943.1_5	1	120	0.008333333333333333	5	2400	0.0022907122032486465	0.24058037425684958	3.6378787878787877	0.3762208172833332
Halobacteria	NZ_CP095489.1_100	1	120	0.008333333333333333	2	2400	0.0010412328196584756	0.1175145993604339	8.003333333333334	0.21920158662988684
Halobacteria	NC_012030.1_102	1	120	0.008333333333333333	0	2400	0.00020824656393169514	0.024682470801725857	40.016666666666666	0.06549600519828042
Halobacteria	NZ_RKSM01000001.1_2605	1	120	0.008333333333333333	0	2400	0.00020824656393169514	0.024682470801725857	40.016666666666666	0.06549600519828042
Halobacteria	NZ_LWHG01000031.1_142	1	120	0.008333333333333333	6	2400	0.0027072053311120365	0.27769310829000654	3.0782051282051284	0.41561470389518373
Halobacteria	NZ_RKLT01000015.1_64	1	120	0.008333333333333333	13	2400	0.005622657226155768	0.4916692008826852	1.4820987654320987	0.6292121039144237
Halobacteria	NZ_WRXM01000002.1_440	1	120	0.008333333333333333	1	2400	0.0006247396917950854	0.07224926866638336	13.338888888888887	0.14952714559204416
Halobacteria	NZ_RKLT01000002.1_643	1	120	0.008333333333333333	0	2400	0.00020824656393169514	0.024682470801725857	40.016666666666666	0.06549600519828042
Halobacteria	NC_012030.1_94	1	120	0.008333333333333333	0	2400	0.00020824656393169514	0.024682470801725857	40.016666666666666	0.06549600519828042
Halobacteria	NZ_JANHDP010000007.1_13	1	120	0.008333333333333333	6	2400	0.0027072053311120365	0.27769310829000654	3.0782051282051284	0.41561470389518373
Halobacteria	NC_012030.1_95	1	120	0.008333333333333333	0	2400	0.00020824656393169514	0.024682470801725857	40.016666666666666	0.06549600519828042
Halobacteria	NZ_PEND01000006.1_335	1	120	0.008333333333333333	1	2400	0.0006247396917950854	0.07224926866638336	13.338888888888887	0.14952714559204416
Halobacteria	NZ_FTNO01000001.1_1119	1	120	0.008333333333333333	0	2400	0.00020824656393169514	0.024682470801725857	40.016666666666666	0.06549600519828042
Halobacteria	NZ_CP084469.1_2750	1	120	0.008333333333333333	2	2400	0.0010412328196584756	0.1175145993604339	8.003333333333334	0.21920158662988684
Halobacteria	NZ_CP084469.1_3576	1	120	0.008333333333333333	1	2400	0.0006247396917950854	0.07224926866638336	13.338888888888887	0.14952714559204416
Halobacteria	NZ_WRXM01000002.1_456	1	120	0.008333333333333333	2	2400	0.0010412328196584756	0.1175145993604339	8.003333333333334	0.21920158662988684
Halobacteria	NZ_CP096662.1_36	1	120	0.008333333333333333	20	2400	0.0085381091211995	0.6426258870257745	0.9760162601626016	0.7489276908162052
Halobacteria	NZ_CP100000.1_2278	1	120	0.008333333333333333	2	2400	0.0010412328196584756	0.1175145993604339	8.003333333333334	0.21920158662988684
Halobacteria	NZ_JALLPK010000001.1_1615	1	120	0.008333333333333333	3	2400	0.0014577259475218659	0.16058892618991924	5.716666666666667	0.28260296671541923
Halobacteria	NZ_AOJN01000004.1_19	1	120	0.008333333333333333	4	2400	0.001874219075385256	0.201577453347234	4.446296296296296	0.32923231879491693
Halobacteria	NZ_CP019067.1_1242	1	120	0.008333333333333333	34	2400	0.014369012911286963	0.8239152076059456	0.5799516908212561	0.8587404895769185
Halobacteria	PXRX01000027.1_89	1	120	0.008333333333333333	12	2400	0.005206164098292378	0.46547223651053127	1.6006666666666667	0.604874590118441
Halobacteria	PXRE01000034.1_35	1	120	0.008333333333333333	4	2400	0.001874219075385256	0.201577453347234	4.446296296296296	0.32923231879491693
Halobacteria	NZ_CP031310.1_3404	1	120	0.008333333333333333	11	2400	0.004789670970428988	0.4379370273375208	1.739855072463768	0.5787638361284099
Halobacteria	NZ_CP100445.1_2917	1	120	0.008333333333333333	15	2400	0.006455643481882549	0.5403033905696767	1.2908602150537634	0.6723036650657761
Halobacteria	NZ_FOCX01000007.1_74	1	120	0.008333333333333333	2	2400	0.0010412328196584756	0.1175145993604339	8.003333333333334	0.21920158662988684
Halobacteria	NZ_JANHJR010000004.1_450	1	120	0.008333333333333333	23	2400	0.009787588504789672	0.6928122688610686	0.8514184397163119	0.7765334853864084
Halobacteria	NZ_FNFE01000002.1_818	1	120	0.008333333333333333	6	2400	0.0027072053311120365	0.27769310829000654	3.0782051282051284	0.41561470389518373
Halobacteria	NZ_CVUA01000001.1_635	1	120	0.008333333333333333	22	2400	0.009371095376926281	0.6769129998990706	0.8892592592592592	0.7737241864307071
Halobacteria	NZ_JAKUHT010000012.1_98	1	120	0.008333333333333333	33	2400	0.013952519783423574	0.8147580627412074	0.5972636815920398	0.8513905957946881
Halobacteria	NZ_CP031310.1_3035	1	120	0.008333333333333333	11	2400	0.004789670970428988	0.4379370273375208	1.739855072463768	0.5787638361284099
Halobacteria	NZ_PHNJ01000001.1_50	1	120	0.008333333333333333	5	2400	0.0022907122032486465	0.24058037425684958	3.6378787878787877	0.3762208172833332
Halobacteria	NZ_LOEP01000056.1_64	1	120	0.008333333333333333	10	2400	0.004373177842565598	0.40899581395308504	1.9055555555555554	0.5498600637055439
Halobacteria	NZ_FNFE01000002.1_326	1	120	0.008333333333333333	20	2400	0.0085381091211995	0.6426258870257745	0.9760162601626016	0.7489276908162052
Halobacteria	NZ_CP100762.1_1128	1	120	0.008333333333333333	7	2400	0.003123698458975427	0.3130065263885884	2.667777777777778	0.4517481772717528
Halobacteria	NZ_WRXM01000002.1_455	1	120	0.008333333333333333	1	2400	0.0006247396917950854	0.07224926866638336	13.338888888888887	0.14952714559204416
Halobacteria	NZ_SOSC01000004.1_8	1	120	0.008333333333333333	9	2400	0.003956684714702207	0.3785774366091882	2.106140350877193	0.5214465782178328
Halobacteria	NZ_CP085337.1_318	1	120	0.008333333333333333	14	2400	0.006039150354019159	0.5165924406880663	1.3798850574712644	0.6516219058460824
Halobacteria	NZ_CP096658.1_837	1	120	0.008333333333333333	9	2400	0.003956684714702207	0.3785774366091882	2.106140350877193	0.5214465782178328
Halobacteria	NZ_QPII01000020.1_37	1	120	0.008333333333333333	4	2400	0.001874219075385256	0.201577453347234	4.446296296296296	0.32923231879491693
Halobacteria	NZ_CP095491.1_2211	1	120	0.008333333333333333	4	2400	0.001874219075385256	0.201577453347234	4.446296296296296	0.32923231879491693
Halobacteria	NZ_FOTC01000009.1_20	1	120	0.008333333333333333	2	2400	0.0010412328196584756	0.1175145993604339	8.003333333333334	0.21920158662988684
Halobacteria	NZ_JALLPK010000001.1_814	1	120	0.008333333333333333	8	2400	0.003540191586838817	0.3466071661135069	2.353921568627451	0.48569786160839806
Halobacteria	NC_015944.1_256	1	120	0.008333333333333333	3	2400	0.0014577259475218659	0.16058892618991924	5.716666666666667	0.28260296671541923
Halobacteria	NZ_AOLJ01000003.1_38	1	120	0.008333333333333333	4	2400	0.001874219075385256	0.201577453347234	4.446296296296296	0.32923231879491693
Halobacteria	NZ_CP099546.1_241	1	120	0.008333333333333333	25	2400	0.01062057476051645	0.7223197678273949	0.784640522875817	0.7869237987860951
Halobacteria	NZ_KB913017.1_2963	1	120	0.008333333333333333	6	2400	0.0027072053311120365	0.27769310829000654	3.0782051282051284	0.41561470389518373
Halobacteria	NZ_CP085331.1_164	1	120	0.008333333333333333	9	2400	0.003956684714702207	0.3785774366091882	2.106140350877193	0.5214465782178328
Halobacteria	NZ_AOJI01000022.1_52	1	120	0.008333333333333333	28	2400	0.011870054144106622	0.7613907228469576	0.702046783625731	0.8098537830597309
Halobacteria	NZ_RKLT01000020.1_32	1	120	0.008333333333333333	1	2400	0.0006247396917950854	0.07224926866638336	13.338888888888887	0.14952714559204416
Halobacteria	JAKCFJ010000004.1_39	1	120	0.008333333333333333	4	2400	0.001874219075385256	0.201577453347234	4.446296296296296	0.32923231879491693
Halobacteria	NZ_AOLJ01000003.1_37	1	120	0.008333333333333333	5	2400	0.0022907122032486465	0.24058037425684958	3.6378787878787877	0.3762208172833332
Halobacteria	JAKCFJ010000003.1_660	1	120	0.008333333333333333	1	2400	0.0006247396917950854	0.07224926866638336	13.338888888888887	0.14952714559204416
Halobacteria	NZ_WUYX01000030.1_94	1	120	0.008333333333333333	0	2400	0.00020824656393169514	0.024682470801725857	40.016666666666666	0.06549600519828042
Halobacteria	JAKCFJ010000003.1_659	1	120	0.008333333333333333	1	2400	0.0006247396917950854	0.07224926866638336	13.338888888888887	0.14952714559204416
Halobacteria	NZ_PHNJ01000014.1_7	1	120	0.008333333333333333	5	2400	0.0022907122032486465	0.24058037425684958	3.6378787878787877	0.3762208172833332
Halobacteria	NZ_CP101156.1_2990	1	120	0.008333333333333333	20	2400	0.0085381091211995	0.6426258870257745	0.9760162601626016	0.7489276908162052
Halobacteria	NZ_WUYX01000030.1_93	1	120	0.008333333333333333	2	2400	0.0010412328196584756	0.1175145993604339	8.003333333333334	0.21920158662988684
Halobacteria	NZ_WUYX01000053.1_205	1	120	0.008333333333333333	4	2400	0.001874219075385256	0.201577453347234	4.446296296296296	0.32923231879491693
Halobacteria	NZ_CP096658.1_715	1	120	0.008333333333333333	3	2400	0.0014577259475218659	0.16058892618991924	5.716666666666667	0.28260296671541923
Halobacteria	NZ_CP019067.1_3146	1	120	0.008333333333333333	0	2400	0.00020824656393169514	0.024682470801725857	40.016666666666666	0.06549600519828042
Halobacteria	NC_015943.1_7	1	120	0.008333333333333333	1	2400	0.0006247396917950854	0.07224926866638336	13.338888888888887	0.14952714559204416
Halobacteria	NZ_CP100004.1_136	1	120	0.008333333333333333	2	2400	0.0010412328196584756	0.1175145993604339	8.003333333333334	0.21920158662988684
Halobacteria	PXRK01000024.1_5	1	120	0.008333333333333333	0	2400	0.00020824656393169514	0.024682470801725857	40.016666666666666	0.06549600519828042
Halobacteria	PXRK01000024.1_4	1	120	0.008333333333333333	0	2400	0.00020824656393169514	0.024682470801725857	40.016666666666666	0.06549600519828042
Halobacteria	s5a1_contig_1_3197	1	120	0.008333333333333333	0	2400	0.00020824656393169514	0.024682470801725857	40.016666666666666	0.06549600519828042
Halobacteria	NZ_WUYX01000022.1_19	1	120	0.008333333333333333	13	2400	0.005622657226155768	0.4916692008826852	1.4820987654320987	0.6292121039144237
Halobacteria	PXRK01000024.1_1	1	120	0.008333333333333333	0	2400	0.00020824656393169514	0.024682470801725857	40.016666666666666	0.06549600519828042
Halobacteria	NZ_AOJI01000017.1_182	1	120	0.008333333333333333	0	2400	0.00020824656393169514	0.024682470801725857	40.016666666666666	0.06549600519828042
Halobacteria	NZ_CP031310.1_1334	1	120	0.008333333333333333	5	2400	0.0022907122032486465	0.24058037425684958	3.6378787878787877	0.3762208172833332
Halobacteria	NZ_RDFA01000005.1_170	1	120	0.008333333333333333	1	2400	0.0006247396917950854	0.07224926866638336	13.338888888888887	0.14952714559204416
Halobacteria	NZ_PHNJ01000022.1_24	1	120	0.008333333333333333	4	2400	0.001874219075385256	0.201577453347234	4.446296296296296	0.32923231879491693
Halobacteria	NZ_JADDKQ010000022.1_54	1	120	0.008333333333333333	24	2400	0.01020408163265306	0.7079353274970466	0.8166666666666668	0.780930295798706
Halobacteria	AOLX01000025.1_197	1	120	0.008333333333333333	1	2400	0.0006247396917950854	0.07224926866638336	13.338888888888887	0.14952714559204416
Halobacteria	NZ_AOLJ01000027.1_53	1	120	0.008333333333333333	5	2400	0.0022907122032486465	0.24058037425684958	3.6378787878787877	0.3762208172833332
Halobacteria	NZ_AOJN01000018.1_198	1	120	0.008333333333333333	1	2400	0.0006247396917950854	0.07224926866638336	13.338888888888887	0.14952714559204416
Halobacteria	NZ_JAMZIE010000001.1_137	1	120	0.008333333333333333	2	2400	0.0010412328196584756	0.1175145993604339	8.003333333333334	0.21920158662988684
Halobacteria	NZ_JAJFAY010000005.1_173	1	120	0.008333333333333333	5	2400	0.0022907122032486465	0.24058037425684958	3.6378787878787877	0.3762208172833332
Halobacteria	NZ_FOYN01000001.1_200	1	120	0.008333333333333333	44	2400	0.018533944189920867	0.8940663138390625	0.449625468164794	0.9116500688767446
Halobacteria	AOLX01000025.1_193	1	120	0.008333333333333333	0	2400	0.00020824656393169514	0.024682470801725857	40.016666666666666	0.06549600519828042
Halobacteria	PXRK01000024.1_6	1	120	0.008333333333333333	0	2400	0.00020824656393169514	0.024682470801725857	40.016666666666666	0.06549600519828042
Halobacteria	NZ_JALJCL010000003.1_167	1	120	0.008333333333333333	6	2400	0.0027072053311120365	0.27769310829000654	3.0782051282051284	0.41561470389518373
Halobacteria	NZ_CVUA01000001.1_2125	1	120	0.008333333333333333	4	2400	0.001874219075385256	0.201577453347234	4.446296296296296	0.32923231879491693
Halobacteria	NZ_BBJP01000014.1_95	1	120	0.008333333333333333	6	2400	0.0027072053311120365	0.27769310829000654	3.0782051282051284	0.41561470389518373
Halobacteria	NZ_CP100762.1_3021	1	120	0.008333333333333333	5	2400	0.0022907122032486465	0.24058037425684958	3.6378787878787877	0.3762208172833332
Halobacteria	NZ_JALXFV010000002.1_455	1	120	0.008333333333333333	2	2400	0.0010412328196584756	0.1175145993604339	8.003333333333334	0.21920158662988684
Halobacteria	PXRK01000024.1_30	1	120	0.008333333333333333	0	2400	0.00020824656393169514	0.024682470801725857	40.016666666666666	0.06549600519828042
Halobacteria	NZ_JANHDJ010000004.1_121	1	120	0.008333333333333333	26	2400	0.011037067888379841	0.7360013759679471	0.7550314465408805	0.7945514053428666
Halobacteria	NZ_CP095487.1_1553	1	120	0.008333333333333333	5	2400	0.0022907122032486465	0.24058037425684958	3.6378787878787877	0.3762208172833332
Halobacteria	NZ_CVUA01000001.1_1166	1	120	0.008333333333333333	24	2400	0.01020408163265306	0.7079353274970466	0.8166666666666668	0.780930295798706
Halobacteria	JADFQH010000016.1_18	1	120	0.008333333333333333	13	2400	0.005622657226155768	0.4916692008826852	1.4820987654320987	0.6292121039144237
Halobacteria	PXRX01000016.1_2	1	120	0.008333333333333333	5	2400	0.0022907122032486465	0.24058037425684958	3.6378787878787877	0.3762208172833332
Halobacteria	PXRK01000024.1_23	1	120	0.008333333333333333	5	2400	0.0022907122032486465	0.24058037425684958	3.6378787878787877	0.3762208172833332
Halobacteria	PXRK01000024.1_22	1	120	0.008333333333333333	0	2400	0.00020824656393169514	0.024682470801725857	40.016666666666666	0.06549600519828042
Halobacteria	NZ_JALLGW010000002.1_147	1	120	0.008333333333333333	36	2400	0.015201999167013744	0.8409040972241394	0.5481735159817351	0.8710594695631199
Halobacteria	PXRK01000024.1_18	1	120	0.008333333333333333	0	2400	0.00020824656393169514	0.024682470801725857	40.016666666666666	0.06549600519828042
Halobacteria	NZ_CP031310.1_2624	1	120	0.008333333333333333	23	2400	0.009787588504789672	0.6928122688610686	0.8514184397163119	0.7765334853864084
Halobacteria	NZ_OBEJ01000004.1_4	1	120	0.008333333333333333	18	2400	0.0077051228654727195	0.6047335889800883	1.0815315315315315	0.7218248624071656
Halobacteria	NZ_LOEP01000014.1_31	1	120	0.008333333333333333	22	2400	0.009371095376926281	0.6769129998990706	0.8892592592592592	0.7737241864307071
Halobacteria	PXRK01000024.1_11	1	120	0.008333333333333333	0	2400	0.00020824656393169514	0.024682470801725857	40.016666666666666	0.06549600519828042
Halobacteria	NZ_SDIC01000010.1_16	1	120	0.008333333333333333	6	2400	0.0027072053311120365	0.27769310829000654	3.0782051282051284	0.41561470389518373
Halobacteria	NZ_BBJP01000035.1_32	1	120	0.008333333333333333	1	2400	0.0006247396917950854	0.07224926866638336	13.338888888888887	0.14952714559204416
Halobacteria	NZ_JANHJR010000003.1_772	1	120	0.008333333333333333	14	2400	0.006039150354019159	0.5165924406880663	1.3798850574712644	0.6516219058460824
Halobacteria	NZ_ML219768.1_130	1	120	0.008333333333333333	4	2400	0.001874219075385256	0.201577453347234	4.446296296296296	0.32923231879491693
Halobacteria	NZ_CP100762.1_2425	1	120	0.008333333333333333	11	2400	0.004789670970428988	0.4379370273375208	1.739855072463768	0.5787638361284099
Halobacteria	NZ_CP100454.1_3005	1	120	0.008333333333333333	9	2400	0.003956684714702207	0.3785774366091882	2.106140350877193	0.5214465782178328
Halobacteria	PXSA01000026.1_10	1	120	0.008333333333333333	0	2400	0.00020824656393169514	0.024682470801725857	40.016666666666666	0.06549600519828042
Halobacteria	PXSA01000026.1_8	1	120	0.008333333333333333	0	2400	0.00020824656393169514	0.024682470801725857	40.016666666666666	0.06549600519828042
Halobacteria	NZ_CP084469.1_2367	1	120	0.008333333333333333	11	2400	0.004789670970428988	0.4379370273375208	1.739855072463768	0.5787638361284099
Halobacteria	NZ_LWHG01000029.1_183	1	120	0.008333333333333333	5	2400	0.0022907122032486465	0.24058037425684958	3.6378787878787877	0.3762208172833332
Halobacteria	NZ_CP085302.1_141	1	120	0.008333333333333333	2	2400	0.0010412328196584756	0.1175145993604339	8.003333333333334	0.21920158662988684
Halobacteria	PXSA01000026.1_1	1	120	0.008333333333333333	0	2400	0.00020824656393169514	0.024682470801725857	40.016666666666666	0.06549600519828042
Halobacteria	NZ_AOJH01000035.1_40	1	120	0.008333333333333333	0	2400	0.00020824656393169514	0.024682470801725857	40.016666666666666	0.06549600519828042
Halobacteria	NZ_CP044130.1_67	1	120	0.008333333333333333	0	2400	0.00020824656393169514	0.024682470801725857	40.016666666666666	0.06549600519828042
Halobacteria	NZ_JAMZIE010000003.1_473	1	120	0.008333333333333333	41	2400	0.017284464806330696	0.8765933410411424	0.48212851405622487	0.8988193385320437
Halobacteria	NZ_JALLPK010000001.1_1714	1	120	0.008333333333333333	4	2400	0.001874219075385256	0.201577453347234	4.446296296296296	0.32923231879491693
Halobacteria	JAHENP010000151.1_4	1	120	0.008333333333333333	0	2400	0.00020824656393169514	0.024682470801725857	40.016666666666666	0.06549600519828042
Halobacteria	NZ_FNIA01000016.1_59	1	120	0.008333333333333333	2	2400	0.0010412328196584756	0.1175145993604339	8.003333333333334	0.21920158662988684
Halobacteria	NZ_QPII01000009.1_95	1	120	0.008333333333333333	4	2400	0.001874219075385256	0.201577453347234	4.446296296296296	0.32923231879491693
Halobacteria	NZ_FNYR01000028.1_22	1	120	0.008333333333333333	11	2400	0.004789670970428988	0.4379370273375208	1.739855072463768	0.5787638361284099
Halobacteria	NZ_JAAOIR010000002.1_162	1	120	0.008333333333333333	2	2400	0.0010412328196584756	0.1175145993604339	8.003333333333334	0.21920158662988684
Halobacteria	NZ_CP044130.1_33	1	120	0.008333333333333333	0	2400	0.00020824656393169514	0.024682470801725857	40.016666666666666	0.06549600519828042
Halobacteria	NZ_CP095487.1_488	1	120	0.008333333333333333	24	2400	0.01020408163265306	0.7079353274970466	0.8166666666666668	0.780930295798706
Halobacteria	NZ_CP044130.1_66	1	120	0.008333333333333333	0	2400	0.00020824656393169514	0.024682470801725857	40.016666666666666	0.06549600519828042
Halobacteria	NZ_RDFA01000002.1_244	1	120	0.008333333333333333	2	2400	0.0010412328196584756	0.1175145993604339	8.003333333333334	0.21920158662988684
Halobacteria	NZ_CP044130.1_65	1	120	0.008333333333333333	0	2400	0.00020824656393169514	0.024682470801725857	40.016666666666666	0.06549600519828042
Halobacteria	LKNH01000068.1_2	1	120	0.008333333333333333	5	2400	0.0022907122032486465	0.24058037425684958	3.6378787878787877	0.3762208172833332
Halobacteria	NC_019964.1_1816	1	120	0.008333333333333333	15	2400	0.006455643481882549	0.5403033905696767	1.2908602150537634	0.6723036650657761
Halobacteria	NZ_RDFA01000002.1_236	1	120	0.008333333333333333	0	2400	0.00020824656393169514	0.024682470801725857	40.016666666666666	0.06549600519828042
Halobacteria	NZ_WRXM01000005.1_100	1	120	0.008333333333333333	2	2400	0.0010412328196584756	0.1175145993604339	8.003333333333334	0.21920158662988684
Halobacteria	NZ_OBEJ01000001.1_413	1	120	0.008333333333333333	2	2400	0.0010412328196584756	0.1175145993604339	8.003333333333334	0.21920158662988684
Halobacteria	PXRX01000018.1_27	1	120	0.008333333333333333	2	2400	0.0010412328196584756	0.1175145993604339	8.003333333333334	0.21920158662988684
Halobacteria	NZ_AOIQ01000009.1_148	1	120	0.008333333333333333	14	2400	0.006039150354019159	0.5165924406880663	1.3798850574712644	0.6516219058460824
Halobacteria	NZ_CP019067.1_1918	1	120	0.008333333333333333	10	2400	0.004373177842565598	0.40899581395308504	1.9055555555555554	0.5498600637055439
Halobacteria	NZ_CP095482.1_1662	1	120	0.008333333333333333	3	2400	0.0014577259475218659	0.16058892618991924	5.716666666666667	0.28260296671541923
Halobacteria	NZ_RDFA01000002.1_222	1	120	0.008333333333333333	0	2400	0.00020824656393169514	0.024682470801725857	40.016666666666666	0.06549600519828042
Halobacteria	NZ_JAJCVJ010000003.1_373	1	120	0.008333333333333333	0	2400	0.00020824656393169514	0.024682470801725857	40.016666666666666	0.06549600519828042
Halobacteria	LKNH01000028.1_11	1	120	0.008333333333333333	16	2400	0.0068721366097459395	0.562860545942409	1.2126262626262625	0.693542976170354
Halobacteria	NZ_RDFA01000002.1_210	1	120	0.008333333333333333	0	2400	0.00020824656393169514	0.024682470801725857	40.016666666666666	0.06549600519828042
Halobacteria	NZ_RDFA01000002.1_209	1	120	0.008333333333333333	0	2400	0.00020824656393169514	0.024682470801725857	40.016666666666666	0.06549600519828042
Halobacteria	NZ_RDFA01000002.1_208	1	120	0.008333333333333333	0	2400	0.00020824656393169514	0.024682470801725857	40.016666666666666	0.06549600519828042
Halobacteria	NZ_CP044130.1_63	1	120	0.008333333333333333	0	2400	0.00020824656393169514	0.024682470801725857	40.016666666666666	0.06549600519828042
Halobacteria	NZ_CP044130.1_64	1	120	0.008333333333333333	0	2400	0.00020824656393169514	0.024682470801725857	40.016666666666666	0.06549600519828042
Halobacteria	NZ_JAJCVI010000001.1_569	1	120	0.008333333333333333	18	2400	0.0077051228654727195	0.6047335889800883	1.0815315315315315	0.7218248624071656
Halobacteria	PXRK01000024.1_36	1	120	0.008333333333333333	1	2400	0.0006247396917950854	0.07224926866638336	13.338888888888887	0.14952714559204416
Halobacteria	NZ_WUUT01000001.1_201	1	120	0.008333333333333333	24	2400	0.01020408163265306	0.7079353274970466	0.8166666666666668	0.780930295798706
Halobacteria	NZ_WRXM01000002.1_414	1	120	0.008333333333333333	0	2400	0.00020824656393169514	0.024682470801725857	40.016666666666666	0.06549600519828042
Halobacteria	NZ_OBEJ01000002.1_529	1	120	0.008333333333333333	1	2400	0.0006247396917950854	0.07224926866638336	13.338888888888887	0.14952714559204416
Halobacteria	NZ_RKLT01000002.1_606	1	120	0.008333333333333333	4	2400	0.001874219075385256	0.201577453347234	4.446296296296296	0.32923231879491693
Halobacteria	CAJWBY010000259.1_3	1	120	0.008333333333333333	23	2400	0.009787588504789672	0.6928122688610686	0.8514184397163119	0.7765334853864084
Halobacteria	SKKJ01000042.1_2	1	120	0.008333333333333333	8	2400	0.003540191586838817	0.3466071661135069	2.353921568627451	0.48569786160839806
Halobacteria	NZ_QPII01000034.1_3	1	120	0.008333333333333333	3	2400	0.0014577259475218659	0.16058892618991924	5.716666666666667	0.28260296671541923
Halobacteria	NZ_CP096658.1_497	1	120	0.008333333333333333	21	2400	0.00895460224906289	0.6601980323709394	0.9306201550387596	0.763247811008599
Halobacteria	NZ_FOCX01000010.1_32	1	120	0.008333333333333333	0	2400	0.00020824656393169514	0.024682470801725857	40.016666666666666	0.06549600519828042
Halobacteria	NZ_FOCX01000010.1_31	1	120	0.008333333333333333	0	2400	0.00020824656393169514	0.024682470801725857	40.016666666666666	0.06549600519828042
Halobacteria	NZ_FOCX01000010.1_28	1	120	0.008333333333333333	0	2400	0.00020824656393169514	0.024682470801725857	40.016666666666666	0.06549600519828042
Halobacteria	NZ_FOCX01000010.1_22	1	120	0.008333333333333333	0	2400	0.00020824656393169514	0.024682470801725857	40.016666666666666	0.06549600519828042
Halobacteria	NZ_CP100445.1_1075	1	120	0.008333333333333333	0	2400	0.00020824656393169514	0.024682470801725857	40.016666666666666	0.06549600519828042
Halobacteria	DP000238.1_1814	1	120	0.008333333333333333	20	2400	0.0085381091211995	0.6426258870257745	0.9760162601626016	0.7489276908162052
Halobacteria	JADFQH010000041.1_2	1	120	0.008333333333333333	28	2400	0.011870054144106622	0.7613907228469576	0.702046783625731	0.8098537830597309
Halobacteria	NZ_CP100762.1_1075	1	120	0.008333333333333333	28	2400	0.011870054144106622	0.7613907228469576	0.702046783625731	0.8098537830597309
Halobacteria	NZ_CP099546.1_3582	1	120	0.008333333333333333	24	2400	0.01020408163265306	0.7079353274970466	0.8166666666666668	0.780930295798706
Halobacteria	NZ_FOCX01000005.1_48	1	120	0.008333333333333333	17	2400	0.007288629737609329	0.5843196024704109	1.1433333333333333	0.7087547907589508
Halobacteria	NZ_JANHJR010000002.1_968	1	120	0.008333333333333333	18	2400	0.0077051228654727195	0.6047335889800883	1.0815315315315315	0.7218248624071656
Halobacteria	NZ_AOJN01000018.1_11	1	120	0.008333333333333333	1	2400	0.0006247396917950854	0.07224926866638336	13.338888888888887	0.14952714559204416
Halobacteria	NZ_CP099546.1_1911	1	120	0.008333333333333333	0	2400	0.00020824656393169514	0.024682470801725857	40.016666666666666	0.06549600519828042
Halobacteria	NZ_CP031310.1_81	1	120	0.008333333333333333	17	2400	0.007288629737609329	0.5843196024704109	1.1433333333333333	0.7087547907589508
Halobacteria	NZ_RKLT01000002.1_609	1	120	0.008333333333333333	0	2400	0.00020824656393169514	0.024682470801725857	40.016666666666666	0.06549600519828042
Halobacteria	NC_012030.1_118	1	120	0.008333333333333333	3	2400	0.0014577259475218659	0.16058892618991924	5.716666666666667	0.28260296671541923
Halobacteria	NZ_JANHDJ010000016.1_22	1	120	0.008333333333333333	1	2400	0.0006247396917950854	0.07224926866638336	13.338888888888887	0.14952714559204416
Halobacteria	NZ_CP095488.1_349	1	120	0.008333333333333333	2	2400	0.0010412328196584756	0.1175145993604339	8.003333333333334	0.21920158662988684
Halobacteria	NC_012030.1_121	1	120	0.008333333333333333	1	2400	0.0006247396917950854	0.07224926866638336	13.338888888888887	0.14952714559204416
Halobacteria	NZ_CP100445.1_604	1	120	0.008333333333333333	1	2400	0.0006247396917950854	0.07224926866638336	13.338888888888887	0.14952714559204416
Halobacteria	NZ_BCNB01000006.1_767	1	120	0.008333333333333333	4	2400	0.001874219075385256	0.201577453347234	4.446296296296296	0.32923231879491693
Halobacteria	NC_012028.1_339	1	120	0.008333333333333333	2	2400	0.0010412328196584756	0.1175145993604339	8.003333333333334	0.21920158662988684
Halobacteria	NZ_JAJCVI010000003.1_468	1	120	0.008333333333333333	32	2400	0.013536026655560184	0.8051288801738946	0.6156410256410256	0.8430712561945183
Halobacteria	NZ_FOCX01000009.1_84	1	120	0.008333333333333333	39	2400	0.016451478550603915	0.8633861336264208	0.5065400843881857	0.8875275862697626
Halobacteria	NC_012030.1_129	1	120	0.008333333333333333	1	2400	0.0006247396917950854	0.07224926866638336	13.338888888888887	0.14952714559204416
Halobacteria	NZ_JANHDJ010000002.1_658	1	120	0.008333333333333333	4	2400	0.001874219075385256	0.201577453347234	4.446296296296296	0.32923231879491693
Halobacteria	NZ_CP095488.1_221	1	120	0.008333333333333333	2	2400	0.0010412328196584756	0.1175145993604339	8.003333333333334	0.21920158662988684
Halobacteria	NZ_CP085331.1_177	1	120	0.008333333333333333	27	2400	0.011453561016243232	0.7490142181788442	0.7275757575757575	0.8034518563170413
Halobacteria	SZNP01000005.1_50	1	120	0.008333333333333333	12	2400	0.005206164098292378	0.46547223651053127	1.6006666666666667	0.604874590118441
Halobacteria	NZ_RKLT01000002.1_612	1	120	0.008333333333333333	1	2400	0.0006247396917950854	0.07224926866638336	13.338888888888887	0.14952714559204416
Halobacteria	NZ_JAALLS010000017.1_51	1	120	0.008333333333333333	25	2400	0.01062057476051645	0.7223197678273949	0.784640522875817	0.7869237987860951
Halobacteria	WHTU01000006.1_16	1	120	0.008333333333333333	24	2400	0.01020408163265306	0.7079353274970466	0.8166666666666668	0.780930295798706
Halobacteria	CP094974.1_169	1	120	0.008333333333333333	4	2400	0.001874219075385256	0.201577453347234	4.446296296296296	0.32923231879491693
Halobacteria	NZ_CP019067.1_3158	1	120	0.008333333333333333	0	2400	0.00020824656393169514	0.024682470801725857	40.016666666666666	0.06549600519828042
Halobacteria	NZ_CP019067.1_3157	1	120	0.008333333333333333	0	2400	0.00020824656393169514	0.024682470801725857	40.016666666666666	0.06549600519828042
Halobacteria	NZ_CP019067.1_3147	1	120	0.008333333333333333	0	2400	0.00020824656393169514	0.024682470801725857	40.016666666666666	0.06549600519828042
Halobacteria	NZ_CP044130.1_36	1	120	0.008333333333333333	0	2400	0.00020824656393169514	0.024682470801725857	40.016666666666666	0.06549600519828042
Halobacteria	NZ_JALJCL010000008.1_175	1	120	0.008333333333333333	0	2400	0.00020824656393169514	0.024682470801725857	40.016666666666666	0.06549600519828042
Halobacteria	NZ_JALJCL010000008.1_173	1	120	0.008333333333333333	0	2400	0.00020824656393169514	0.024682470801725857	40.016666666666666	0.06549600519828042
Halobacteria	NZ_AOJH01000035.1_22	1	120	0.008333333333333333	0	2400	0.00020824656393169514	0.024682470801725857	40.016666666666666	0.06549600519828042
Halobacteria	NZ_FOTC01000002.1_815	1	120	0.008333333333333333	0	2400	0.00020824656393169514	0.024682470801725857	40.016666666666666	0.06549600519828042
Halobacteria	NZ_AOJH01000035.1_24	1	120	0.008333333333333333	0	2400	0.00020824656393169514	0.024682470801725857	40.016666666666666	0.06549600519828042
Halobacteria	NZ_AOLK01000022.1_219	1	120	0.008333333333333333	2	2400	0.0010412328196584756	0.1175145993604339	8.003333333333334	0.21920158662988684
Halobacteria	NZ_AOJH01000035.1_27	1	120	0.008333333333333333	2	2400	0.0010412328196584756	0.1175145993604339	8.003333333333334	0.21920158662988684
Halobacteria	CP071596.1_2471	1	120	0.008333333333333333	11	2400	0.004789670970428988	0.4379370273375208	1.739855072463768	0.5787638361284099
Halobacteria	NZ_JALJCL010000008.1_160	1	120	0.008333333333333333	0	2400	0.00020824656393169514	0.024682470801725857	40.016666666666666	0.06549600519828042
Halobacteria	NZ_JALIQP010000004.1_228	1	120	0.008333333333333333	12	2400	0.005206164098292378	0.46547223651053127	1.6006666666666667	0.604874590118441
Halobacteria	NZ_FOCX01000035.1_35	1	120	0.008333333333333333	2	2400	0.0010412328196584756	0.1175145993604339	8.003333333333334	0.21920158662988684
Halobacteria	NZ_AOJH01000035.1_30	1	120	0.008333333333333333	0	2400	0.00020824656393169514	0.024682470801725857	40.016666666666666	0.06549600519828042
Halobacteria	NZ_BBMP01000022.1_891	1	120	0.008333333333333333	13	2400	0.005622657226155768	0.4916692008826852	1.4820987654320987	0.6292121039144237
Halobacteria	NZ_WUUT01000005.1_229	1	120	0.008333333333333333	6	2400	0.0027072053311120365	0.27769310829000654	3.0782051282051284	0.41561470389518373
Halobacteria	NZ_JAMZIE010000002.1_367	1	120	0.008333333333333333	12	2400	0.005206164098292378	0.46547223651053127	1.6006666666666667	0.604874590118441
Halobacteria	NZ_OBEJ01000001.1_1106	1	120	0.008333333333333333	18	2400	0.0077051228654727195	0.6047335889800883	1.0815315315315315	0.7218248624071656
Halobacteria	NZ_OBEJ01000002.1_236	1	120	0.008333333333333333	38	2400	0.016034985422740525	0.8562662174054672	0.5196969696969697	0.8829017295226184
Halobacteria	NZ_CP095488.1_181	1	120	0.008333333333333333	33	2400	0.013952519783423574	0.8147580627412074	0.5972636815920398	0.8513905957946881
Halobacteria	NZ_CP044130.1_37	1	120	0.008333333333333333	0	2400	0.00020824656393169514	0.024682470801725857	40.016666666666666	0.06549600519828042
Halobacteria	PXSA01000032.1_99	1	120	0.008333333333333333	1	2400	0.0006247396917950854	0.07224926866638336	13.338888888888887	0.14952714559204416
Halobacteria	NZ_JADDKQ010000005.1_81	1	120	0.008333333333333333	1	2400	0.0006247396917950854	0.07224926866638336	13.338888888888887	0.14952714559204416
Halobacteria	PXSA01000004.1_115	1	120	0.008333333333333333	3	2400	0.0014577259475218659	0.16058892618991924	5.716666666666667	0.28260296671541923
Halobacteria	NZ_FNYR01000002.1_171	1	120	0.008333333333333333	21	2400	0.00895460224906289	0.6601980323709394	0.9306201550387596	0.763247811008599
Halobacteria	PXRK01000076.1_39	1	120	0.008333333333333333	10	2400	0.004373177842565598	0.40899581395308504	1.9055555555555554	0.5498600637055439
Halobacteria	NZ_BCNB01000006.1_1363	1	120	0.008333333333333333	0	2400	0.00020824656393169514	0.024682470801725857	40.016666666666666	0.06549600519828042
Halobacteria	NZ_BCNB01000006.1_1361	1	120	0.008333333333333333	0	2400	0.00020824656393169514	0.024682470801725857	40.016666666666666	0.06549600519828042
Halobacteria	NZ_JAAAJC010000010.1_51	1	120	0.008333333333333333	3	2400	0.0014577259475218659	0.16058892618991924	5.716666666666667	0.28260296671541923
Halobacteria	NZ_FOCX01000036.1_1	1	120	0.008333333333333333	3	2400	0.0014577259475218659	0.16058892618991924	5.716666666666667	0.28260296671541923
Halobacteria	NZ_CP044130.1_38	1	120	0.008333333333333333	0	2400	0.00020824656393169514	0.024682470801725857	40.016666666666666	0.06549600519828042
Halobacteria	NZ_JALLPK010000001.1_3187	1	120	0.008333333333333333	23	2400	0.009787588504789672	0.6928122688610686	0.8514184397163119	0.7765334853864084
Halobacteria	NZ_OBEJ01000001.1_756	1	120	0.008333333333333333	9	2400	0.003956684714702207	0.3785774366091882	2.106140350877193	0.5214465782178328
Halobacteria	NZ_BBJP01000077.1_3	1	120	0.008333333333333333	0	2400	0.00020824656393169514	0.024682470801725857	40.016666666666666	0.06549600519828042
Halobacteria	NZ_CP044130.1_42	1	120	0.008333333333333333	0	2400	0.00020824656393169514	0.024682470801725857	40.016666666666666	0.06549600519828042
Halobacteria	NZ_SOSC01000019.1_13	1	120	0.008333333333333333	0	2400	0.00020824656393169514	0.024682470801725857	40.016666666666666	0.06549600519828042
Halobacteria	NZ_CP044130.1_40	1	120	0.008333333333333333	0	2400	0.00020824656393169514	0.024682470801725857	40.016666666666666	0.06549600519828042
Halobacteria	NZ_CP044130.1_39	1	120	0.008333333333333333	0	2400	0.00020824656393169514	0.024682470801725857	40.016666666666666	0.06549600519828042
Halobacteria	NZ_QPII01000008.1_120	1	120	0.008333333333333333	9	2400	0.003956684714702207	0.3785774366091882	2.106140350877193	0.5214465782178328
Halobacteria	NZ_CP100756.1_2740	1	120	0.008333333333333333	0	2400	0.00020824656393169514	0.024682470801725857	40.016666666666666	0.06549600519828042
Halobacteria	NZ_CP031310.1_3078	1	120	0.008333333333333333	4	2400	0.001874219075385256	0.201577453347234	4.446296296296296	0.32923231879491693
Halobacteria	NZ_SOSC01000016.1_36	1	120	0.008333333333333333	3	2400	0.0014577259475218659	0.16058892618991924	5.716666666666667	0.28260296671541923
Halobacteria	JAKCFM010000001.1_1544	1	120	0.008333333333333333	34	2400	0.014369012911286963	0.8239152076059456	0.5799516908212561	0.8587404895769185
Halobacteria	NZ_JADDKQ010000007.1_143	1	120	0.008333333333333333	3	2400	0.0014577259475218659	0.16058892618991924	5.716666666666667	0.28260296671541923
Halobacteria	NZ_FOTC01000005.1_139	1	120	0.008333333333333333	1	2400	0.0006247396917950854	0.07224926866638336	13.338888888888887	0.14952714559204416
Halobacteria	NZ_JAAAJC010000001.1_1282	1	120	0.008333333333333333	1	2400	0.0006247396917950854	0.07224926866638336	13.338888888888887	0.14952714559204416
Halobacteria	SZNP01000004.1_659	1	120	0.008333333333333333	39	2400	0.016451478550603915	0.8633861336264208	0.5065400843881857	0.8875275862697626
Halobacteria	JADKAQ010000003.1_250	1	120	0.008333333333333333	21	2400	0.00895460224906289	0.6601980323709394	0.9306201550387596	0.763247811008599
Halobacteria	JAFEGL010000014.1_20	1	120	0.008333333333333333	13	2400	0.005622657226155768	0.4916692008826852	1.4820987654320987	0.6292121039144237
Halobacteria	NZ_JANHDJ010000005.1_240	1	120	0.008333333333333333	0	2400	0.00020824656393169514	0.024682470801725857	40.016666666666666	0.06549600519828042
Halobacteria	NZ_FNYR01000013.1_66	1	120	0.008333333333333333	3	2400	0.0014577259475218659	0.16058892618991924	5.716666666666667	0.28260296671541923
Halobacteria	NZ_CP100000.1_1547	1	120	0.008333333333333333	7	2400	0.003123698458975427	0.3130065263885884	2.667777777777778	0.4517481772717528
Halobacteria	NZ_JAMZIE010000002.1_327	1	120	0.008333333333333333	0	2400	0.00020824656393169514	0.024682470801725857	40.016666666666666	0.06549600519828042
Halobacteria	NZ_ML974141.1_6	1	120	0.008333333333333333	22	2400	0.009371095376926281	0.6769129998990706	0.8892592592592592	0.7737241864307071
Halobacteria	NZ_SBIT01000008.1_307	1	120	0.008333333333333333	6	2400	0.0027072053311120365	0.27769310829000654	3.0782051282051284	0.41561470389518373
Halobacteria	NZ_AOJG01000030.1_144	1	120	0.008333333333333333	0	2400	0.00020824656393169514	0.024682470801725857	40.016666666666666	0.06549600519828042
Halobacteria	JAKCFJ010000001.1_634	1	120	0.008333333333333333	25	2400	0.01062057476051645	0.7223197678273949	0.784640522875817	0.7869237987860951
Halobacteria	QNGA01000011.1_100	1	120	0.008333333333333333	22	2400	0.009371095376926281	0.6769129998990706	0.8892592592592592	0.7737241864307071
Halobacteria	JAKCFJ010000003.1_667	1	120	0.008333333333333333	6	2400	0.0027072053311120365	0.27769310829000654	3.0782051282051284	0.41561470389518373
Halobacteria	JAHENP010000073.1_16	1	120	0.008333333333333333	37	2400	0.015618492294877134	0.8487784832109484	0.5335555555555556	0.876969899362564
Halobacteria	NZ_BBMP01000004.1_42	1	120	0.008333333333333333	23	2400	0.009787588504789672	0.6928122688610686	0.8514184397163119	0.7765334853864084
Halobacteria	JADFQH010000257.1_2	1	120	0.008333333333333333	3	2400	0.0014577259475218659	0.16058892618991924	5.716666666666667	0.28260296671541923
Halobacteria	NZ_AOJI01000033.1_106	1	120	0.008333333333333333	14	2400	0.006039150354019159	0.5165924406880663	1.3798850574712644	0.6516219058460824
Halobacteria	NC_015948.1_625	1	120	0.008333333333333333	3	2400	0.0014577259475218659	0.16058892618991924	5.716666666666667	0.28260296671541923
Halobacteria	NZ_JANJYH010000010.1_27	1	120	0.008333333333333333	17	2400	0.007288629737609329	0.5843196024704109	1.1433333333333333	0.7087547907589508
Halobacteria	NZ_AOII01000017.1_22	1	120	0.008333333333333333	1	2400	0.0006247396917950854	0.07224926866638336	13.338888888888887	0.14952714559204416
Halobacteria	AOLX01000026.1_182	1	120	0.008333333333333333	6	2400	0.0027072053311120365	0.27769310829000654	3.0782051282051284	0.41561470389518373
Halobacteria	NZ_AOII01000017.1_10	1	120	0.008333333333333333	0	2400	0.00020824656393169514	0.024682470801725857	40.016666666666666	0.06549600519828042
Halobacteria	JADJWG010000002.1_78	1	120	0.008333333333333333	29	2400	0.012286547271970013	0.7731617585924474	0.6782485875706215	0.8176428221097953
Halobacteria	NZ_FOCX01000010.1_144	1	120	0.008333333333333333	16	2400	0.0068721366097459395	0.562860545942409	1.2126262626262625	0.693542976170354
Halobacteria	NZ_CP099546.1_1573	1	120	0.008333333333333333	23	2400	0.009787588504789672	0.6928122688610686	0.8514184397163119	0.7765334853864084
Halobacteria	NZ_JANHDJ010000005.1_270	1	120	0.008333333333333333	0	2400	0.00020824656393169514	0.024682470801725857	40.016666666666666	0.06549600519828042
Halobacteria	NZ_MWLL01000146.1_11	1	120	0.008333333333333333	7	2400	0.003123698458975427	0.3130065263885884	2.667777777777778	0.4517481772717528
Halobacteria	NZ_SBIS02000008.1_244	1	120	0.008333333333333333	3	2400	0.0014577259475218659	0.16058892618991924	5.716666666666667	0.28260296671541923
Halobacteria	NZ_QLVG01000049.1_28	1	120	0.008333333333333333	3	2400	0.0014577259475218659	0.16058892618991924	5.716666666666667	0.28260296671541923
Halobacteria	JAHRAJ010000036.1_6	1	120	0.008333333333333333	27	2400	0.011453561016243232	0.7490142181788442	0.7275757575757575	0.8034518563170413
Halobacteria	NZ_JANHDJ010000005.1_266	1	120	0.008333333333333333	0	2400	0.00020824656393169514	0.024682470801725857	40.016666666666666	0.06549600519828042
Halobacteria	NZ_JADDKQ010000001.1_112	1	120	0.008333333333333333	55	2400	0.02311536859641816	0.939578254519851	0.36051051051051053	0.9489646506689005
Halobacteria	NZ_WSZK01000012.1_17	1	120	0.008333333333333333	27	2400	0.011453561016243232	0.7490142181788442	0.7275757575757575	0.8034518563170413
Halobacteria	JADFQH010000003.1_4	1	120	0.008333333333333333	19	2400	0.00812161599333611	0.6241529941151327	1.026068376068376	0.7354530035552438
Halobacteria	SKKJ01000250.1_4	1	120	0.008333333333333333	7	2400	0.003123698458975427	0.3130065263885884	2.667777777777778	0.4517481772717528
Halobacteria	JADFQH010000041.1_14	1	120	0.008333333333333333	7	2400	0.003123698458975427	0.3130065263885884	2.667777777777778	0.4517481772717528
Halobacteria	NZ_AOJI01000002.1_152	1	120	0.008333333333333333	0	2400	0.00020824656393169514	0.024682470801725857	40.016666666666666	0.06549600519828042
Halobacteria	NZ_JALLGW010000001.1_2739	1	120	0.008333333333333333	3	2400	0.0014577259475218659	0.16058892618991924	5.716666666666667	0.28260296671541923
Halobacteria	NZ_FNYR01000003.1_10	1	120	0.008333333333333333	1	2400	0.0006247396917950854	0.07224926866638336	13.338888888888887	0.14952714559204416
Halobacteria	NZ_FNYR01000003.1_26	1	120	0.008333333333333333	1	2400	0.0006247396917950854	0.07224926866638336	13.338888888888887	0.14952714559204416
Halobacteria	NZ_PEND01000001.1_450	1	120	0.008333333333333333	6	2400	0.0027072053311120365	0.27769310829000654	3.0782051282051284	0.41561470389518373
Halobacteria	NZ_LOPW02000010.1_851	1	120	0.008333333333333333	6	2400	0.0027072053311120365	0.27769310829000654	3.0782051282051284	0.41561470389518373
Halobacteria	NZ_LOPU01000029.1_35	1	120	0.008333333333333333	28	2400	0.011870054144106622	0.7613907228469576	0.702046783625731	0.8098537830597309
Halobacteria	NZ_FNYR01000003.1_15	1	120	0.008333333333333333	1	2400	0.0006247396917950854	0.07224926866638336	13.338888888888887	0.14952714559204416
Halobacteria	NZ_CP058335.1_3779	1	120	0.008333333333333333	21	2400	0.00895460224906289	0.6601980323709394	0.9306201550387596	0.763247811008599
Halobacteria	NZ_FNYR01000003.1_13	1	120	0.008333333333333333	1	2400	0.0006247396917950854	0.07224926866638336	13.338888888888887	0.14952714559204416
Halobacteria	NZ_CP085335.1_1724	1	120	0.008333333333333333	14	2400	0.006039150354019159	0.5165924406880663	1.3798850574712644	0.6516219058460824
Halobacteria	NZ_JALIQP010000005.1_117	1	120	0.008333333333333333	37	2400	0.015618492294877134	0.8487784832109484	0.5335555555555556	0.876969899362564
Halobacteria	PXSA01000006.1_5	1	120	0.008333333333333333	13	2400	0.005622657226155768	0.4916692008826852	1.4820987654320987	0.6292121039144237
Halobacteria	NZ_AOIQ01000016.1_28	1	120	0.008333333333333333	51	2400	0.021449396084964597	0.925869877766381	0.38851132686084144	0.9379303070358829
Halobacteria	NZ_JANHAU010000004.1_169	1	120	0.008333333333333333	18	2400	0.0077051228654727195	0.6047335889800883	1.0815315315315315	0.7218248624071656
Halobacteria	NZ_CP058335.1_3830	1	120	0.008333333333333333	0	2400	0.00020824656393169514	0.024682470801725857	40.016666666666666	0.06549600519828042
Halobacteria	NZ_PHNJ01000001.1_744	1	120	0.008333333333333333	15	2400	0.006455643481882549	0.5403033905696767	1.2908602150537634	0.6723036650657761
Halobacteria	NZ_CP058335.1_3828	1	120	0.008333333333333333	28	2400	0.011870054144106622	0.7613907228469576	0.702046783625731	0.8098537830597309
Halobacteria	NZ_CP101459.1_326	1	120	0.008333333333333333	15	2400	0.006455643481882549	0.5403033905696767	1.2908602150537634	0.6723036650657761
Halobacteria	NZ_JAJCVI010000003.1_24	1	120	0.008333333333333333	4	2400	0.001874219075385256	0.201577453347234	4.446296296296296	0.32923231879491693
Halobacteria	NZ_CP072036.1_899	1	120	0.008333333333333333	17	2400	0.007288629737609329	0.5843196024704109	1.1433333333333333	0.7087547907589508
Halobacteria	NZ_CVUA01000001.1_380	1	120	0.008333333333333333	0	2400	0.00020824656393169514	0.024682470801725857	40.016666666666666	0.06549600519828042
Halobacteria	CP071596.1_3206	1	120	0.008333333333333333	14	2400	0.006039150354019159	0.5165924406880663	1.3798850574712644	0.6516219058460824
Halobacteria	NZ_JAAOIR010000003.1_103	1	120	0.008333333333333333	0	2400	0.00020824656393169514	0.024682470801725857	40.016666666666666	0.06549600519828042
Halobacteria	NZ_WUYX01000071.1_162	1	120	0.008333333333333333	44	2400	0.018533944189920867	0.8940663138390625	0.449625468164794	0.9116500688767446
Halobacteria	NZ_PHNJ01000003.1_247	1	120	0.008333333333333333	9	2400	0.003956684714702207	0.3785774366091882	2.106140350877193	0.5214465782178328
Halobacteria	SZNP01000010.1_142	1	120	0.008333333333333333	7	2400	0.003123698458975427	0.3130065263885884	2.667777777777778	0.4517481772717528
Halobacteria	NZ_AOJI01000002.1_157	1	120	0.008333333333333333	0	2400	0.00020824656393169514	0.024682470801725857	40.016666666666666	0.06549600519828042
Halobacteria	NZ_CP044130.1_49	1	120	0.008333333333333333	0	2400	0.00020824656393169514	0.024682470801725857	40.016666666666666	0.06549600519828042
Halobacteria	NZ_FTNO01000003.1_211	1	120	0.008333333333333333	3	2400	0.0014577259475218659	0.16058892618991924	5.716666666666667	0.28260296671541923
Halobacteria	NZ_JALXFV010000007.1_22	1	120	0.008333333333333333	12	2400	0.005206164098292378	0.46547223651053127	1.6006666666666667	0.604874590118441
Halobacteria	NZ_RKLT01000022.1_32	1	120	0.008333333333333333	0	2400	0.00020824656393169514	0.024682470801725857	40.016666666666666	0.06549600519828042
Halobacteria	LKNH01000007.1_3	1	120	0.008333333333333333	2	2400	0.0010412328196584756	0.1175145993604339	8.003333333333334	0.21920158662988684
Halobacteria	NZ_AOJI01000002.1_163	1	120	0.008333333333333333	1	2400	0.0006247396917950854	0.07224926866638336	13.338888888888887	0.14952714559204416
Halobacteria	NZ_JANHJR010000003.1_619	1	120	0.008333333333333333	4	2400	0.001874219075385256	0.201577453347234	4.446296296296296	0.32923231879491693
Halobacteria	JAKCFJ010000001.1_845	1	120	0.008333333333333333	3	2400	0.0014577259475218659	0.16058892618991924	5.716666666666667	0.28260296671541923
Halobacteria	NZ_SOSC01000001.1_835	1	120	0.008333333333333333	9	2400	0.003956684714702207	0.3785774366091882	2.106140350877193	0.5214465782178328
Halobacteria	JADJWG010000002.1_809	1	120	0.008333333333333333	21	2400	0.00895460224906289	0.6601980323709394	0.9306201550387596	0.763247811008599
Halobacteria	NZ_CP095487.1_708	1	120	0.008333333333333333	3	2400	0.0014577259475218659	0.16058892618991924	5.716666666666667	0.28260296671541923
Halobacteria	QNGA01000001.1_602	1	120	0.008333333333333333	8	2400	0.003540191586838817	0.3466071661135069	2.353921568627451	0.48569786160839806
Halobacteria	NZ_CVUA01000001.1_375	1	120	0.008333333333333333	0	2400	0.00020824656393169514	0.024682470801725857	40.016666666666666	0.06549600519828042
Halobacteria	NZ_JALLGW010000001.1_713	1	120	0.008333333333333333	23	2400	0.009787588504789672	0.6928122688610686	0.8514184397163119	0.7765334853864084
Halobacteria	NZ_JAMZIE010000010.1_17	1	120	0.008333333333333333	1	2400	0.0006247396917950854	0.07224926866638336	13.338888888888887	0.14952714559204416
Halobacteria	NZ_JAMZIE010000002.1_581	1	120	0.008333333333333333	0	2400	0.00020824656393169514	0.024682470801725857	40.016666666666666	0.06549600519828042
Halobacteria	NZ_CP100762.1_2510	1	120	0.008333333333333333	6	2400	0.0027072053311120365	0.27769310829000654	3.0782051282051284	0.41561470389518373
Halobacteria	NZ_CP100445.1_3255	1	120	0.008333333333333333	0	2400	0.00020824656393169514	0.024682470801725857	40.016666666666666	0.06549600519828042
Halobacteria	NZ_CP100401.1_172	1	120	0.008333333333333333	39	2400	0.016451478550603915	0.8633861336264208	0.5065400843881857	0.8875275862697626
Halobacteria	NZ_JANHJR010000001.1_374	1	120	0.008333333333333333	2	2400	0.0010412328196584756	0.1175145993604339	8.003333333333334	0.21920158662988684
Halobacteria	NZ_CP100459.1_41	1	120	0.008333333333333333	5	2400	0.0022907122032486465	0.24058037425684958	3.6378787878787877	0.3762208172833332
Halobacteria	NZ_AOJG01000038.1_112	1	120	0.008333333333333333	1	2400	0.0006247396917950854	0.07224926866638336	13.338888888888887	0.14952714559204416
Halobacteria	NZ_AOJH01000057.1_39	1	120	0.008333333333333333	4	2400	0.001874219075385256	0.201577453347234	4.446296296296296	0.32923231879491693
Halobacteria	NZ_CP095491.1_1726	1	120	0.008333333333333333	1	2400	0.0006247396917950854	0.07224926866638336	13.338888888888887	0.14952714559204416
Halobacteria	NZ_CP099998.1_162	1	120	0.008333333333333333	1	2400	0.0006247396917950854	0.07224926866638336	13.338888888888887	0.14952714559204416
Halobacteria	NZ_CP100445.1_3256	1	120	0.008333333333333333	0	2400	0.00020824656393169514	0.024682470801725857	40.016666666666666	0.06549600519828042
Halobacteria	NZ_CP100445.1_3254	1	120	0.008333333333333333	0	2400	0.00020824656393169514	0.024682470801725857	40.016666666666666	0.06549600519828042
Halobacteria	NZ_JAAAJC010000002.1_197	1	120	0.008333333333333333	14	2400	0.006039150354019159	0.5165924406880663	1.3798850574712644	0.6516219058460824
Halobacteria	NZ_CP100445.1_3253	1	120	0.008333333333333333	0	2400	0.00020824656393169514	0.024682470801725857	40.016666666666666	0.06549600519828042
Halobacteria	NZ_AOLK01000006.1_35	1	120	0.008333333333333333	4	2400	0.001874219075385256	0.201577453347234	4.446296296296296	0.32923231879491693
Halobacteria	NZ_JANHDJ010000002.1_667	1	120	0.008333333333333333	2	2400	0.0010412328196584756	0.1175145993604339	8.003333333333334	0.21920158662988684
Halobacteria	NZ_CP100445.1_3245	1	120	0.008333333333333333	1	2400	0.0006247396917950854	0.07224926866638336	13.338888888888887	0.14952714559204416
Halobacteria	NZ_JALLGW010000001.1_1677	1	120	0.008333333333333333	0	2400	0.00020824656393169514	0.024682470801725857	40.016666666666666	0.06549600519828042
Halobacteria	NZ_JDTH01000011.1_82	1	120	0.008333333333333333	1	2400	0.0006247396917950854	0.07224926866638336	13.338888888888887	0.14952714559204416
Halobacteria	NZ_CP100445.1_3235	1	120	0.008333333333333333	0	2400	0.00020824656393169514	0.024682470801725857	40.016666666666666	0.06549600519828042
Halobacteria	NZ_CP058335.1_2123	1	120	0.008333333333333333	1	2400	0.0006247396917950854	0.07224926866638336	13.338888888888887	0.14952714559204416
Halobacteria	NZ_BBJP01000006.1_35	1	120	0.008333333333333333	0	2400	0.00020824656393169514	0.024682470801725857	40.016666666666666	0.06549600519828042
Halobacteria	QNGA01000013.1_36	1	120	0.008333333333333333	8	2400	0.003540191586838817	0.3466071661135069	2.353921568627451	0.48569786160839806
Halobacteria	NZ_CP085331.1_205	1	120	0.008333333333333333	2	2400	0.0010412328196584756	0.1175145993604339	8.003333333333334	0.21920158662988684
Halobacteria	NZ_PHNJ01000013.1_63	1	120	0.008333333333333333	23	2400	0.009787588504789672	0.6928122688610686	0.8514184397163119	0.7765334853864084
Halobacteria	NZ_LOPW02000010.1_149	1	120	0.008333333333333333	2	2400	0.0010412328196584756	0.1175145993604339	8.003333333333334	0.21920158662988684
Halobacteria	CP094974.1_1980	1	120	0.008333333333333333	10	2400	0.004373177842565598	0.40899581395308504	1.9055555555555554	0.5498600637055439
Halobacteria	NZ_WUUT01000001.1_669	1	120	0.008333333333333333	20	2400	0.0085381091211995	0.6426258870257745	0.9760162601626016	0.7489276908162052
Halobacteria	NZ_CP096659.1_3440	1	120	0.008333333333333333	19	2400	0.00812161599333611	0.6241529941151327	1.026068376068376	0.7354530035552438
Halobacteria	NZ_JAJCVJ010000001.1_1432	1	120	0.008333333333333333	13	2400	0.005622657226155768	0.4916692008826852	1.4820987654320987	0.6292121039144237
Halobacteria	NZ_AOLN01000001.1_200	1	120	0.008333333333333333	20	2400	0.0085381091211995	0.6426258870257745	0.9760162601626016	0.7489276908162052
Halobacteria	NZ_CP095487.1_2593	1	120	0.008333333333333333	17	2400	0.007288629737609329	0.5843196024704109	1.1433333333333333	0.7087547907589508
Halobacteria	NC_012029.1_1142	1	120	0.008333333333333333	10	2400	0.004373177842565598	0.40899581395308504	1.9055555555555554	0.5498600637055439
Halobacteria	NC_012028.1_168	1	120	0.008333333333333333	122	2400	0.05102040816326531	0.9981343733222326	0.16333333333333333	0.9981343733222326
Halobacteria	NZ_JAJCVI010000003.1_155	1	120	0.008333333333333333	4	2400	0.001874219075385256	0.201577453347234	4.446296296296296	0.32923231879491693
Halobacteria	CP094974.1_1343	1	120	0.008333333333333333	31	2400	0.013119533527696793	0.7950035419162489	0.6351851851851852	0.83462988668466
Halobacteria	NZ_JAKUHT010000001.1_236	1	120	0.008333333333333333	28	2400	0.011870054144106622	0.7613907228469576	0.702046783625731	0.8098537830597309
Halobacteria	NZ_CP044130.1_47	1	120	0.008333333333333333	0	2400	0.00020824656393169514	0.024682470801725857	40.016666666666666	0.06549600519828042
Halobacteria	NZ_SDIC01000002.1_685	1	120	0.008333333333333333	3	2400	0.0014577259475218659	0.16058892618991924	5.716666666666667	0.28260296671541923
Halobacteria	NZ_CP035119.1_975	1	120	0.008333333333333333	5	2400	0.0022907122032486465	0.24058037425684958	3.6378787878787877	0.3762208172833332
Halobacteria	NC_015944.1_172	1	120	0.008333333333333333	4	2400	0.001874219075385256	0.201577453347234	4.446296296296296	0.32923231879491693
Halobacteria	NZ_CP099546.1_236	1	120	0.008333333333333333	4	2400	0.001874219075385256	0.201577453347234	4.446296296296296	0.32923231879491693
Halobacteria	NZ_CP100445.1_3232	1	120	0.008333333333333333	1	2400	0.0006247396917950854	0.07224926866638336	13.338888888888887	0.14952714559204416
Halobacteria	NZ_CP035119.1_2632	1	120	0.008333333333333333	5	2400	0.0022907122032486465	0.24058037425684958	3.6378787878787877	0.3762208172833332
Halobacteria	NZ_JAMZIE010000002.1_582	1	120	0.008333333333333333	0	2400	0.00020824656393169514	0.024682470801725857	40.016666666666666	0.06549600519828042
Halobacteria	NZ_JAMZIE010000002.1_597	1	120	0.008333333333333333	0	2400	0.00020824656393169514	0.024682470801725857	40.016666666666666	0.06549600519828042
Halobacteria	NZ_AOIJ01000057.1_61	1	120	0.008333333333333333	0	2400	0.00020824656393169514	0.024682470801725857	40.016666666666666	0.06549600519828042
Halobacteria	NZ_AOIJ01000057.1_60	1	120	0.008333333333333333	0	2400	0.00020824656393169514	0.024682470801725857	40.016666666666666	0.06549600519828042
Halobacteria	NZ_CP100355.1_99	1	120	0.008333333333333333	5	2400	0.0022907122032486465	0.24058037425684958	3.6378787878787877	0.3762208172833332
Halobacteria	NZ_AOIJ01000057.1_47	1	120	0.008333333333333333	0	2400	0.00020824656393169514	0.024682470801725857	40.016666666666666	0.06549600519828042
Halobacteria	NZ_AOIJ01000057.1_33	1	120	0.008333333333333333	0	2400	0.00020824656393169514	0.024682470801725857	40.016666666666666	0.06549600519828042
Halobacteria	JAHENP010000032.1_2	1	120	0.008333333333333333	26	2400	0.011037067888379841	0.7360013759679471	0.7550314465408805	0.7945514053428666
Halobacteria	NZ_RKSM01000003.1_57	1	120	0.008333333333333333	6	2400	0.0027072053311120365	0.27769310829000654	3.0782051282051284	0.41561470389518373
Halobacteria	NZ_LWHG01000029.1_95	1	120	0.008333333333333333	3	2400	0.0014577259475218659	0.16058892618991924	5.716666666666667	0.28260296671541923
Halobacteria	JAKCFM010000002.1_591	1	120	0.008333333333333333	1	2400	0.0006247396917950854	0.07224926866638336	13.338888888888887	0.14952714559204416
Halobacteria	JADKAQ010000031.1_56	1	120	0.008333333333333333	27	2400	0.011453561016243232	0.7490142181788442	0.7275757575757575	0.8034518563170413
Halobacteria	NZ_JAMZIE010000002.1_591	1	120	0.008333333333333333	0	2400	0.00020824656393169514	0.024682470801725857	40.016666666666666	0.06549600519828042
Halobacteria	NZ_NHSQ01000191.1_7	1	120	0.008333333333333333	4	2400	0.001874219075385256	0.201577453347234	4.446296296296296	0.32923231879491693
Halobacteria	NZ_CP031310.1_1355	1	120	0.008333333333333333	7	2400	0.003123698458975427	0.3130065263885884	2.667777777777778	0.4517481772717528
Halobacteria	NZ_CP058335.1_1423	1	120	0.008333333333333333	9	2400	0.003956684714702207	0.3785774366091882	2.106140350877193	0.5214465782178328
Halobacteria	NZ_JAMZIE010000002.1_587	1	120	0.008333333333333333	0	2400	0.00020824656393169514	0.024682470801725857	40.016666666666666	0.06549600519828042
Halobacteria	NZ_JAJCVJ010000001.1_1665	1	120	0.008333333333333333	1	2400	0.0006247396917950854	0.07224926866638336	13.338888888888887	0.14952714559204416
Halobacteria	NZ_JAMZIE010000002.1_584	1	120	0.008333333333333333	0	2400	0.00020824656393169514	0.024682470801725857	40.016666666666666	0.06549600519828042
Halobacteria	NZ_JAMZIE010000002.1_583	1	120	0.008333333333333333	0	2400	0.00020824656393169514	0.024682470801725857	40.016666666666666	0.06549600519828042
Halobacteria	s5a1_contig_1_575	1	120	0.008333333333333333	10	2400	0.004373177842565598	0.40899581395308504	1.9055555555555554	0.5498600637055439
Halobacteria	LKML01000024.1_5	1	120	0.008333333333333333	0	2400	0.00020824656393169514	0.024682470801725857	40.016666666666666	0.06549600519828042
Halobacteria	LKML01000024.1_10	1	120	0.008333333333333333	0	2400	0.00020824656393169514	0.024682470801725857	40.016666666666666	0.06549600519828042
Halobacteria	LKML01000024.1_13	1	120	0.008333333333333333	0	2400	0.00020824656393169514	0.024682470801725857	40.016666666666666	0.06549600519828042
Halobacteria	NZ_CP095757.1_1566	1	120	0.008333333333333333	1	2400	0.0006247396917950854	0.07224926866638336	13.338888888888887	0.14952714559204416
Halobacteria	JAHENP010000050.1_8	1	120	0.008333333333333333	19	2400	0.00812161599333611	0.6241529941151327	1.026068376068376	0.7354530035552438
Halobacteria	NZ_SDIC01000003.1_92	1	120	0.008333333333333333	42	2400	0.017700957934194086	0.8827139222508534	0.4707843137254902	0.9032629305623612
Halobacteria	NZ_CP100445.1_3228	1	120	0.008333333333333333	0	2400	0.00020824656393169514	0.024682470801725857	40.016666666666666	0.06549600519828042
Halobacteria	SKKJ01000166.1_9	1	120	0.008333333333333333	0	2400	0.00020824656393169514	0.024682470801725857	40.016666666666666	0.06549600519828042
Halobacteria	NZ_CP058335.1_978	1	120	0.008333333333333333	0	2400	0.00020824656393169514	0.024682470801725857	40.016666666666666	0.06549600519828042
Halobacteria	NZ_JAJCVJ010000002.1_122	1	120	0.008333333333333333	45	2400	0.018950437317784258	0.899326811881431	0.43974358974358974	0.9156288084714267
Halobacteria	NZ_AOJN01000024.1_46	1	120	0.008333333333333333	7	2400	0.003123698458975427	0.3130065263885884	2.667777777777778	0.4517481772717528
Halobacteria	SKKJ01000166.1_2	1	120	0.008333333333333333	0	2400	0.00020824656393169514	0.024682470801725857	40.016666666666666	0.06549600519828042
Halobacteria	JAJRWR010000041.1_47	1	120	0.008333333333333333	0	2400	0.00020824656393169514	0.024682470801725857	40.016666666666666	0.06549600519828042
Halobacteria	LKNH01000002.1_37	1	120	0.008333333333333333	0	2400	0.00020824656393169514	0.024682470801725857	40.016666666666666	0.06549600519828042
Halobacteria	LKML01000024.1_20	1	120	0.008333333333333333	0	2400	0.00020824656393169514	0.024682470801725857	40.016666666666666	0.06549600519828042
Halobacteria	NZ_AOJI01000026.1_238	1	120	0.008333333333333333	27	2400	0.011453561016243232	0.7490142181788442	0.7275757575757575	0.8034518563170413
Halobacteria	NZ_CP044523.1_1561	1	120	0.008333333333333333	30	2400	0.012703040399833403	0.784356708681176	0.6560109289617486	0.8260256588298635
Halobacteria	JAKCFM010000001.1_2886	1	120	0.008333333333333333	26	2400	0.011037067888379841	0.7360013759679471	0.7550314465408805	0.7945514053428666
Halobacteria	NZ_JALLPK010000001.1_1230	1	120	0.008333333333333333	13	2400	0.005622657226155768	0.4916692008826852	1.4820987654320987	0.6292121039144237
Halobacteria	NZ_LOPW02000017.1_240	1	120	0.008333333333333333	6	2400	0.0027072053311120365	0.27769310829000654	3.0782051282051284	0.41561470389518373
Halobacteria	NZ_FNFE01000003.1_158	1	120	0.008333333333333333	24	2400	0.01020408163265306	0.7079353274970466	0.8166666666666668	0.780930295798706
Halobacteria	NZ_JANHAU010000004.1_162	1	120	0.008333333333333333	35	2400	0.014785506039150353	0.8326232698415834	0.5636150234741785	0.8651409309453657
Halobacteria	NZ_CP095757.1_3551	1	120	0.008333333333333333	0	2400	0.00020824656393169514	0.024682470801725857	40.016666666666666	0.06549600519828042
Halobacteria	NZ_PHNJ01000001.1_379	1	120	0.008333333333333333	7	2400	0.003123698458975427	0.3130065263885884	2.667777777777778	0.4517481772717528
Halobacteria	NZ_AQXI01000004.1_110	1	120	0.008333333333333333	0	2400	0.00020824656393169514	0.024682470801725857	40.016666666666666	0.06549600519828042
Halobacteria	NZ_AOLG01000052.1_34	1	120	0.008333333333333333	2	2400	0.0010412328196584756	0.1175145993604339	8.003333333333334	0.21920158662988684
Halobacteria	NZ_CP100756.1_2739	1	120	0.008333333333333333	0	2400	0.00020824656393169514	0.024682470801725857	40.016666666666666	0.06549600519828042
Halobacteria	NZ_CP100446.1_536	1	120	0.008333333333333333	4	2400	0.001874219075385256	0.201577453347234	4.446296296296296	0.32923231879491693
Halobacteria	NZ_JAJCVI010000002.1_299	1	120	0.008333333333333333	3	2400	0.0014577259475218659	0.16058892618991924	5.716666666666667	0.28260296671541923
Halobacteria	NZ_JAMZIE010000002.1_486	1	120	0.008333333333333333	77	2400	0.032278217409412745	0.9804987697088037	0.2581720430107527	0.9819556772418033
Halobacteria	DP000238.1_727	1	120	0.008333333333333333	23	2400	0.009787588504789672	0.6928122688610686	0.8514184397163119	0.7765334853864084
Halobacteria	NZ_CP100000.1_2813	1	120	0.008333333333333333	55	2400	0.02311536859641816	0.939578254519851	0.36051051051051053	0.9489646506689005
Halobacteria	NZ_AOJG01000027.1_6	1	120	0.008333333333333333	0	2400	0.00020824656393169514	0.024682470801725857	40.016666666666666	0.06549600519828042
Halobacteria	NZ_PHNJ01000001.1_358	1	120	0.008333333333333333	1	2400	0.0006247396917950854	0.07224926866638336	13.338888888888887	0.14952714559204416
Halobacteria	NZ_CP031310.1_2032	1	120	0.008333333333333333	24	2400	0.01020408163265306	0.7079353274970466	0.8166666666666668	0.780930295798706
Halobacteria	NZ_VSLZ01000006.1_32	1	120	0.008333333333333333	3	2400	0.0014577259475218659	0.16058892618991924	5.716666666666667	0.28260296671541923
Halobacteria	NZ_QQTY01000002.1_559	1	120	0.008333333333333333	12	2400	0.005206164098292378	0.46547223651053127	1.6006666666666667	0.604874590118441
Halobacteria	NZ_QPII01000004.1_170	1	120	0.008333333333333333	29	2400	0.012286547271970013	0.7731617585924474	0.6782485875706215	0.8176428221097953
Halobacteria	NZ_CP101458.1_477	1	120	0.008333333333333333	1	2400	0.0006247396917950854	0.07224926866638336	13.338888888888887	0.14952714559204416
Halobacteria	NZ_JAAAJC010000005.1_167	1	120	0.008333333333333333	9	2400	0.003956684714702207	0.3785774366091882	2.106140350877193	0.5214465782178328
Halobacteria	NZ_FNFE01000002.1_541	1	120	0.008333333333333333	2	2400	0.0010412328196584756	0.1175145993604339	8.003333333333334	0.21920158662988684
Halobacteria	NZ_BBJP01000023.1_115	1	120	0.008333333333333333	22	2400	0.009371095376926281	0.6769129998990706	0.8892592592592592	0.7737241864307071
Halobacteria	NZ_CP100756.1_2743	1	120	0.008333333333333333	0	2400	0.00020824656393169514	0.024682470801725857	40.016666666666666	0.06549600519828042
Halobacteria	NZ_CP100756.1_2744	1	120	0.008333333333333333	0	2400	0.00020824656393169514	0.024682470801725857	40.016666666666666	0.06549600519828042
Halobacteria	NZ_AVSQ01000012.1_13	1	120	0.008333333333333333	19	2400	0.00812161599333611	0.6241529941151327	1.026068376068376	0.7354530035552438
Halobacteria	NZ_AOLJ01000024.1_223	1	120	0.008333333333333333	24	2400	0.01020408163265306	0.7079353274970466	0.8166666666666668	0.780930295798706
Halobacteria	NZ_CP101458.1_685	1	120	0.008333333333333333	4	2400	0.001874219075385256	0.201577453347234	4.446296296296296	0.32923231879491693
Halobacteria	CP071596.1_3609	1	120	0.008333333333333333	16	2400	0.0068721366097459395	0.562860545942409	1.2126262626262625	0.693542976170354
Halobacteria	JAHFUX010000012.1_33	1	120	0.008333333333333333	22	2400	0.009371095376926281	0.6769129998990706	0.8892592592592592	0.7737241864307071
Halobacteria	NZ_CP100756.1_2760	1	120	0.008333333333333333	1	2400	0.0006247396917950854	0.07224926866638336	13.338888888888887	0.14952714559204416
Halobacteria	NZ_CP100756.1_2759	1	120	0.008333333333333333	1	2400	0.0006247396917950854	0.07224926866638336	13.338888888888887	0.14952714559204416
Halobacteria	SZNP01000010.1_172	1	120	0.008333333333333333	25	2400	0.01062057476051645	0.7223197678273949	0.784640522875817	0.7869237987860951
Halobacteria	NZ_AOIQ01000006.1_216	1	120	0.008333333333333333	25	2400	0.01062057476051645	0.7223197678273949	0.784640522875817	0.7869237987860951
Halobacteria	NZ_CP031310.1_765	1	120	0.008333333333333333	26	2400	0.011037067888379841	0.7360013759679471	0.7550314465408805	0.7945514053428666
Halobacteria	NZ_CP100756.1_2754	1	120	0.008333333333333333	1	2400	0.0006247396917950854	0.07224926866638336	13.338888888888887	0.14952714559204416
Halobacteria	NZ_CP100756.1_2753	1	120	0.008333333333333333	1	2400	0.0006247396917950854	0.07224926866638336	13.338888888888887	0.14952714559204416
Halobacteria	NZ_PHNJ01000008.1_63	1	120	0.008333333333333333	4	2400	0.001874219075385256	0.201577453347234	4.446296296296296	0.32923231879491693
Halobacteria	NZ_CP011070.1_837	1	120	0.008333333333333333	40	2400	0.016867971678467306	0.8701561556940735	0.4940329218106996	0.8934298018730812
Halobacteria	JADKAQ010000017.1_109	1	120	0.008333333333333333	23	2400	0.009787588504789672	0.6928122688610686	0.8514184397163119	0.7765334853864084
Halobacteria	NZ_PHNJ01000001.1_141	1	120	0.008333333333333333	6	2400	0.0027072053311120365	0.27769310829000654	3.0782051282051284	0.41561470389518373
Halobacteria	NZ_CP100445.1_3683	1	120	0.008333333333333333	2	2400	0.0010412328196584756	0.1175145993604339	8.003333333333334	0.21920158662988684
Halobacteria	NZ_KZ859516.1_9	1	120	0.008333333333333333	22	2400	0.009371095376926281	0.6769129998990706	0.8892592592592592	0.7737241864307071
Halobacteria	LKML01000072.1_9	1	120	0.008333333333333333	32	2400	0.013536026655560184	0.8051288801738946	0.6156410256410256	0.8430712561945183
Halobacteria	NZ_CP095487.1_1049	1	120	0.008333333333333333	14	2400	0.006039150354019159	0.5165924406880663	1.3798850574712644	0.6516219058460824
Halobacteria	NZ_CP095487.1_1210	1	120	0.008333333333333333	8	2400	0.003540191586838817	0.3466071661135069	2.353921568627451	0.48569786160839806
Halobacteria	NZ_FNYR01000048.1_13	1	120	0.008333333333333333	15	2400	0.006455643481882549	0.5403033905696767	1.2908602150537634	0.6723036650657761
Halobacteria	NZ_WSZK01000007.1_29	1	120	0.008333333333333333	110	2400	0.04602249062890462	0.9964959013309702	0.1810708898944193	0.9969889720391993
Halobacteria	NZ_VSLZ01000001.1_1023	1	120	0.008333333333333333	11	2400	0.004789670970428988	0.4379370273375208	1.739855072463768	0.5787638361284099
Halobacteria	NZ_OBEJ01000002.1_506	1	120	0.008333333333333333	36	2400	0.015201999167013744	0.8409040972241394	0.5481735159817351	0.8710594695631199
Halobacteria	NZ_AOJG01000015.1_46	1	120	0.008333333333333333	1	2400	0.0006247396917950854	0.07224926866638336	13.338888888888887	0.14952714559204416
Halobacteria	NZ_WUYX01000030.1_104	1	120	0.008333333333333333	0	2400	0.00020824656393169514	0.024682470801725857	40.016666666666666	0.06549600519828042
Halobacteria	JADKAQ010000008.1_236	1	120	0.008333333333333333	4	2400	0.001874219075385256	0.201577453347234	4.446296296296296	0.32923231879491693
Halobacteria	NZ_CP095757.1_3531	1	120	0.008333333333333333	0	2400	0.00020824656393169514	0.024682470801725857	40.016666666666666	0.06549600519828042
Halobacteria	NZ_CP095757.1_3533	1	120	0.008333333333333333	0	2400	0.00020824656393169514	0.024682470801725857	40.016666666666666	0.06549600519828042
Halobacteria	NZ_CP095757.1_3536	1	120	0.008333333333333333	0	2400	0.00020824656393169514	0.024682470801725857	40.016666666666666	0.06549600519828042
Halobacteria	NZ_WUYX01000069.1_99	1	120	0.008333333333333333	4	2400	0.001874219075385256	0.201577453347234	4.446296296296296	0.32923231879491693
Halobacteria	NZ_JAAOIR010000001.1_569	1	120	0.008333333333333333	8	2400	0.003540191586838817	0.3466071661135069	2.353921568627451	0.48569786160839806
Halobacteria	NZ_CP100762.1_2995	1	120	0.008333333333333333	23	2400	0.009787588504789672	0.6928122688610686	0.8514184397163119	0.7765334853864084
Halobacteria	NZ_CP035119.1_1576	1	120	0.008333333333333333	4	2400	0.001874219075385256	0.201577453347234	4.446296296296296	0.32923231879491693
Halobacteria	PXRE01000010.1_50	1	120	0.008333333333333333	4	2400	0.001874219075385256	0.201577453347234	4.446296296296296	0.32923231879491693
Halobacteria	NZ_CP044130.1_56	1	120	0.008333333333333333	0	2400	0.00020824656393169514	0.024682470801725857	40.016666666666666	0.06549600519828042
Halobacteria	NZ_PHNJ01000004.1_112	1	120	0.008333333333333333	3	2400	0.0014577259475218659	0.16058892618991924	5.716666666666667	0.28260296671541923
Halobacteria	NC_017941.2_2572	1	120	0.008333333333333333	3	2400	0.0014577259475218659	0.16058892618991924	5.716666666666667	0.28260296671541923
Halobacteria	SKKJ01000050.1_2	1	120	0.008333333333333333	4	2400	0.001874219075385256	0.201577453347234	4.446296296296296	0.32923231879491693
Halobacteria	NZ_JAJCVI010000007.1_50	1	120	0.008333333333333333	34	2400	0.014369012911286963	0.8239152076059456	0.5799516908212561	0.8587404895769185
Halobacteria	NZ_AOJG01000027.1_27	1	120	0.008333333333333333	0	2400	0.00020824656393169514	0.024682470801725857	40.016666666666666	0.06549600519828042
Halobacteria	PXRK01000082.1_2	1	120	0.008333333333333333	1	2400	0.0006247396917950854	0.07224926866638336	13.338888888888887	0.14952714559204416
Halobacteria	NZ_WUYX01000030.1_112	1	120	0.008333333333333333	0	2400	0.00020824656393169514	0.024682470801725857	40.016666666666666	0.06549600519828042
Halobacteria	NZ_AOJG01000027.1_24	1	120	0.008333333333333333	0	2400	0.00020824656393169514	0.024682470801725857	40.016666666666666	0.06549600519828042
Halobacteria	NZ_CP100445.1_2020	1	120	0.008333333333333333	3	2400	0.0014577259475218659	0.16058892618991924	5.716666666666667	0.28260296671541923
Halobacteria	NZ_QLVG01000031.1_61	1	120	0.008333333333333333	9	2400	0.003956684714702207	0.3785774366091882	2.106140350877193	0.5214465782178328
Halobacteria	NZ_CP095487.1_109	1	120	0.008333333333333333	7	2400	0.003123698458975427	0.3130065263885884	2.667777777777778	0.4517481772717528
Halobacteria	NZ_JALXFV010000006.1_59	1	120	0.008333333333333333	0	2400	0.00020824656393169514	0.024682470801725857	40.016666666666666	0.06549600519828042
Halobacteria	NZ_CP096659.1_3041	1	120	0.008333333333333333	8	2400	0.003540191586838817	0.3466071661135069	2.353921568627451	0.48569786160839806
Halobacteria	NZ_AOJG01000027.1_11	1	120	0.008333333333333333	0	2400	0.00020824656393169514	0.024682470801725857	40.016666666666666	0.06549600519828042
Halobacteria	NZ_PHNJ01000001.1_151	1	120	0.008333333333333333	7	2400	0.003123698458975427	0.3130065263885884	2.667777777777778	0.4517481772717528
Halobacteria	JADFQH010000006.1_14	1	120	0.008333333333333333	0	2400	0.00020824656393169514	0.024682470801725857	40.016666666666666	0.06549600519828042
Halobacteria	NZ_CP031310.1_301	1	120	0.008333333333333333	2	2400	0.0010412328196584756	0.1175145993604339	8.003333333333334	0.21920158662988684
Halobacteria	NZ_CP084470.1_375	1	120	0.008333333333333333	0	2400	0.00020824656393169514	0.024682470801725857	40.016666666666666	0.06549600519828042
Halobacteria	NZ_CP100446.1_591	1	120	0.008333333333333333	40	2400	0.016867971678467306	0.8701561556940735	0.4940329218106996	0.8934298018730812
Halobacteria	NZ_RKLT01000001.1_553	1	120	0.008333333333333333	36	2400	0.015201999167013744	0.8409040972241394	0.5481735159817351	0.8710594695631199
Halobacteria	NZ_WUYX01000013.1_51	1	120	0.008333333333333333	5	2400	0.0022907122032486465	0.24058037425684958	3.6378787878787877	0.3762208172833332
Halobacteria	NZ_PHNJ01000001.1_351	1	120	0.008333333333333333	2	2400	0.0010412328196584756	0.1175145993604339	8.003333333333334	0.21920158662988684
Halobacteria	NZ_FNFE01000005.1_157	1	120	0.008333333333333333	0	2400	0.00020824656393169514	0.024682470801725857	40.016666666666666	0.06549600519828042
Halobacteria	NZ_FNYR01000027.1_10	1	120	0.008333333333333333	0	2400	0.00020824656393169514	0.024682470801725857	40.016666666666666	0.06549600519828042
Halobacteria	SZNP01000005.1_307	1	120	0.008333333333333333	3	2400	0.0014577259475218659	0.16058892618991924	5.716666666666667	0.28260296671541923
Halobacteria	NZ_JAAOIR010000004.1_295	1	120	0.008333333333333333	14	2400	0.006039150354019159	0.5165924406880663	1.3798850574712644	0.6516219058460824
Halobacteria	NZ_JAAOIR010000003.1_320	1	120	0.008333333333333333	3	2400	0.0014577259475218659	0.16058892618991924	5.716666666666667	0.28260296671541923
Halobacteria	NZ_CP095482.1_530	1	120	0.008333333333333333	23	2400	0.009787588504789672	0.6928122688610686	0.8514184397163119	0.7765334853864084
Halobacteria	NZ_BBMP01000007.1_205	1	120	0.008333333333333333	35	2400	0.014785506039150353	0.8326232698415834	0.5636150234741785	0.8651409309453657
Halobacteria	JADJWG010000001.1_638	1	120	0.008333333333333333	25	2400	0.01062057476051645	0.7223197678273949	0.784640522875817	0.7869237987860951
Halobacteria	NZ_JAAAJC010000002.1_441	1	120	0.008333333333333333	19	2400	0.00812161599333611	0.6241529941151327	1.026068376068376	0.7354530035552438
Halobacteria	NZ_SBIT01000010.1_261	1	120	0.008333333333333333	70	2400	0.02936276551436901	0.9720209048381466	0.283806146572104	0.9749138241977839
Halobacteria	JADFQH010000019.1_6	1	120	0.008333333333333333	17	2400	0.007288629737609329	0.5843196024704109	1.1433333333333333	0.7087547907589508
Halobacteria	NZ_JAALLS010000072.1_1	1	120	0.008333333333333333	28	2400	0.011870054144106622	0.7613907228469576	0.702046783625731	0.8098537830597309
Halobacteria	CAJWBY010000301.1_2	1	120	0.008333333333333333	25	2400	0.01062057476051645	0.7223197678273949	0.784640522875817	0.7869237987860951
Halobacteria	JALDAN010000032.1_9	1	120	0.008333333333333333	8	2400	0.003540191586838817	0.3466071661135069	2.353921568627451	0.48569786160839806
Halobacteria	NZ_PHNJ01000002.1_528	1	120	0.008333333333333333	12	2400	0.005206164098292378	0.46547223651053127	1.6006666666666667	0.604874590118441
Halobacteria	NZ_WUYX01000044.1_8	1	120	0.008333333333333333	6	2400	0.0027072053311120365	0.27769310829000654	3.0782051282051284	0.41561470389518373
Halobacteria	NZ_CP096658.1_870	1	120	0.008333333333333333	19	2400	0.00812161599333611	0.6241529941151327	1.026068376068376	0.7354530035552438
Halobacteria	NZ_WUYX01000044.1_9	1	120	0.008333333333333333	0	2400	0.00020824656393169514	0.024682470801725857	40.016666666666666	0.06549600519828042
Halobacteria	CP094974.1_1594	1	120	0.008333333333333333	38	2400	0.016034985422740525	0.8562662174054672	0.5196969696969697	0.8829017295226184
Halobacteria	NZ_CP053941.1_23	1	120	0.008333333333333333	8	2400	0.003540191586838817	0.3466071661135069	2.353921568627451	0.48569786160839806
Halobacteria	NZ_KB913017.1_1882	1	120	0.008333333333333333	0	2400	0.00020824656393169514	0.024682470801725857	40.016666666666666	0.06549600519828042
Halobacteria	NZ_KB913017.1_1879	1	120	0.008333333333333333	0	2400	0.00020824656393169514	0.024682470801725857	40.016666666666666	0.06549600519828042
Halobacteria	NZ_AOII01000010.1_27	1	120	0.008333333333333333	12	2400	0.005206164098292378	0.46547223651053127	1.6006666666666667	0.604874590118441
Halobacteria	NZ_PHNJ01000002.1_580	1	120	0.008333333333333333	2	2400	0.0010412328196584756	0.1175145993604339	8.003333333333334	0.21920158662988684
Halobacteria	NZ_WUYX01000044.1_19	1	120	0.008333333333333333	1	2400	0.0006247396917950854	0.07224926866638336	13.338888888888887	0.14952714559204416
Halobacteria	NZ_CP100454.1_1446	1	120	0.008333333333333333	22	2400	0.009371095376926281	0.6769129998990706	0.8892592592592592	0.7737241864307071
Halobacteria	NZ_FNFE01000001.1_782	1	120	0.008333333333333333	23	2400	0.009787588504789672	0.6928122688610686	0.8514184397163119	0.7765334853864084
Halobacteria	NZ_SOSC01000010.1_49	1	120	0.008333333333333333	22	2400	0.009371095376926281	0.6769129998990706	0.8892592592592592	0.7737241864307071
Halobacteria	PXRX01000012.1_83	1	120	0.008333333333333333	39	2400	0.016451478550603915	0.8633861336264208	0.5065400843881857	0.8875275862697626
Halobacteria	PXRX01000038.1_105	1	120	0.008333333333333333	6	2400	0.0027072053311120365	0.27769310829000654	3.0782051282051284	0.41561470389518373
Halobacteria	LKNH01000091.1_6	1	120	0.008333333333333333	24	2400	0.01020408163265306	0.7079353274970466	0.8166666666666668	0.780930295798706
Halobacteria	NZ_CP058335.1_3816	1	120	0.008333333333333333	0	2400	0.00020824656393169514	0.024682470801725857	40.016666666666666	0.06549600519828042
Halobacteria	NZ_CP058335.1_3815	1	120	0.008333333333333333	0	2400	0.00020824656393169514	0.024682470801725857	40.016666666666666	0.06549600519828042
Halobacteria	SKKJ01000080.1_3	1	120	0.008333333333333333	0	2400	0.00020824656393169514	0.024682470801725857	40.016666666666666	0.06549600519828042
Halobacteria	NZ_CP031310.1_1826	1	120	0.008333333333333333	24	2400	0.01020408163265306	0.7079353274970466	0.8166666666666668	0.780930295798706
Halobacteria	NZ_CP058335.1_3796	1	120	0.008333333333333333	0	2400	0.00020824656393169514	0.024682470801725857	40.016666666666666	0.06549600519828042
Halobacteria	NZ_CP058335.1_3794	1	120	0.008333333333333333	8	2400	0.003540191586838817	0.3466071661135069	2.353921568627451	0.48569786160839806
Halobacteria	NZ_JAMZIE010000003.1_223	1	120	0.008333333333333333	32	2400	0.013536026655560184	0.8051288801738946	0.6156410256410256	0.8430712561945183
Halobacteria	NZ_MWLL01000003.1_6	1	120	0.008333333333333333	15	2400	0.006455643481882549	0.5403033905696767	1.2908602150537634	0.6723036650657761
Halobacteria	NZ_PHNJ01000023.1_36	1	120	0.008333333333333333	25	2400	0.01062057476051645	0.7223197678273949	0.784640522875817	0.7869237987860951
Halobacteria	NZ_CP044130.1_34	1	120	0.008333333333333333	0	2400	0.00020824656393169514	0.024682470801725857	40.016666666666666	0.06549600519828042
Halobacteria	NZ_CP100762.1_1061	1	120	0.008333333333333333	18	2400	0.0077051228654727195	0.6047335889800883	1.0815315315315315	0.7218248624071656
Halobacteria	JAKCFM010000001.1_2247	1	120	0.008333333333333333	23	2400	0.009787588504789672	0.6928122688610686	0.8514184397163119	0.7765334853864084
Halobacteria	SZNP01000009.1_214	1	120	0.008333333333333333	13	2400	0.005622657226155768	0.4916692008826852	1.4820987654320987	0.6292121039144237
Halobacteria	NZ_CP058335.1_3784	1	120	0.008333333333333333	0	2400	0.00020824656393169514	0.024682470801725857	40.016666666666666	0.06549600519828042
Halobacteria	NC_017941.2_1435	1	120	0.008333333333333333	9	2400	0.003956684714702207	0.3785774366091882	2.106140350877193	0.5214465782178328
Halobacteria	NZ_JALLGW010000001.1_1668	1	120	0.008333333333333333	20	2400	0.0085381091211995	0.6426258870257745	0.9760162601626016	0.7489276908162052
Halobacteria	NZ_SDIC01000005.1_240	1	120	0.008333333333333333	19	2400	0.00812161599333611	0.6241529941151327	1.026068376068376	0.7354530035552438
Halobacteria	NZ_PHNJ01000008.1_81	1	120	0.008333333333333333	4	2400	0.001874219075385256	0.201577453347234	4.446296296296296	0.32923231879491693
Halobacteria	NZ_CP095482.1_906	1	120	0.008333333333333333	8	2400	0.003540191586838817	0.3466071661135069	2.353921568627451	0.48569786160839806
Halobacteria	NZ_CP035119.1_733	1	120	0.008333333333333333	5	2400	0.0022907122032486465	0.24058037425684958	3.6378787878787877	0.3762208172833332
Halobacteria	NZ_JAJCVJ010000002.1_1360	1	120	0.008333333333333333	7	2400	0.003123698458975427	0.3130065263885884	2.667777777777778	0.4517481772717528
Halobacteria	NZ_CP095487.1_1363	1	120	0.008333333333333333	7	2400	0.003123698458975427	0.3130065263885884	2.667777777777778	0.4517481772717528
Halobacteria	NZ_CP044129.1_493	1	120	0.008333333333333333	19	2400	0.00812161599333611	0.6241529941151327	1.026068376068376	0.7354530035552438
Halobacteria	NZ_FNYR01000025.1_2	1	120	0.008333333333333333	20	2400	0.0085381091211995	0.6426258870257745	0.9760162601626016	0.7489276908162052
Halobacteria	NZ_AOJG01000027.1_1	1	120	0.008333333333333333	0	2400	0.00020824656393169514	0.024682470801725857	40.016666666666666	0.06549600519828042
Halobacteria	NZ_CP100445.1_2546	1	120	0.008333333333333333	43	2400	0.018117451062057477	0.8885333466198448	0.45996168582375474	0.9069229817593772
Halobacteria	NZ_CP095482.1_1903	1	120	0.008333333333333333	2	2400	0.0010412328196584756	0.1175145993604339	8.003333333333334	0.21920158662988684
Halobacteria	NZ_CP031310.1_2166	1	120	0.008333333333333333	2	2400	0.0010412328196584756	0.1175145993604339	8.003333333333334	0.21920158662988684
Halobacteria	NZ_WUUT01000001.1_1011	1	120	0.008333333333333333	19	2400	0.00812161599333611	0.6241529941151327	1.026068376068376	0.7354530035552438
Halobacteria	NZ_FOCX01000019.1_73	1	120	0.008333333333333333	5	2400	0.0022907122032486465	0.24058037425684958	3.6378787878787877	0.3762208172833332
Halobacteria	NZ_CP031310.1_2181	1	120	0.008333333333333333	4	2400	0.001874219075385256	0.201577453347234	4.446296296296296	0.32923231879491693
Halobacteria	NZ_CP095487.1_3741	1	120	0.008333333333333333	3	2400	0.0014577259475218659	0.16058892618991924	5.716666666666667	0.28260296671541923
Halobacteria	NZ_CP095483.1_134	1	120	0.008333333333333333	10	2400	0.004373177842565598	0.40899581395308504	1.9055555555555554	0.5498600637055439
Halobacteria	NZ_BBMP01000011.1_123	1	120	0.008333333333333333	16	2400	0.0068721366097459395	0.562860545942409	1.2126262626262625	0.693542976170354
Halobacteria	NZ_QPII01000004.1_18	1	120	0.008333333333333333	18	2400	0.0077051228654727195	0.6047335889800883	1.0815315315315315	0.7218248624071656
Halobacteria	NZ_LOPU01000029.1_136	1	120	0.008333333333333333	18	2400	0.0077051228654727195	0.6047335889800883	1.0815315315315315	0.7218248624071656
Halobacteria	NZ_CP101156.1_769	1	120	0.008333333333333333	19	2400	0.00812161599333611	0.6241529941151327	1.026068376068376	0.7354530035552438
Halobacteria	JAATVK010000077.1_8	1	120	0.008333333333333333	17	2400	0.007288629737609329	0.5843196024704109	1.1433333333333333	0.7087547907589508
Halobacteria	JAKCFM010000002.1_414	1	120	0.008333333333333333	38	2400	0.016034985422740525	0.8562662174054672	0.5196969696969697	0.8829017295226184
Halobacteria	NZ_AOLK01000022.1_392	1	120	0.008333333333333333	21	2400	0.00895460224906289	0.6601980323709394	0.9306201550387596	0.763247811008599
Halobacteria	NZ_NHSQ01000051.1_23	1	120	0.008333333333333333	18	2400	0.0077051228654727195	0.6047335889800883	1.0815315315315315	0.7218248624071656
Halobacteria	NZ_CP095491.1_3700	1	120	0.008333333333333333	0	2400	0.00020824656393169514	0.024682470801725857	40.016666666666666	0.06549600519828042
Halobacteria	NZ_CP085335.1_80	1	120	0.008333333333333333	13	2400	0.005622657226155768	0.4916692008826852	1.4820987654320987	0.6292121039144237
Halobacteria	NZ_FNFE01000002.1_19	1	120	0.008333333333333333	20	2400	0.0085381091211995	0.6426258870257745	0.9760162601626016	0.7489276908162052
Halobacteria	NZ_QQTY01000003.1_160	1	120	0.008333333333333333	21	2400	0.00895460224906289	0.6601980323709394	0.9306201550387596	0.763247811008599
Halobacteria	JAKCFJ010000001.1_2386	1	120	0.008333333333333333	0	2400	0.00020824656393169514	0.024682470801725857	40.016666666666666	0.06549600519828042
Halobacteria	NZ_CP095482.1_1932	1	120	0.008333333333333333	0	2400	0.00020824656393169514	0.024682470801725857	40.016666666666666	0.06549600519828042
Halobacteria	NZ_CP085302.1_433	1	120	0.008333333333333333	3	2400	0.0014577259475218659	0.16058892618991924	5.716666666666667	0.28260296671541923
Halobacteria	NZ_CP095482.1_1603	1	120	0.008333333333333333	20	2400	0.0085381091211995	0.6426258870257745	0.9760162601626016	0.7489276908162052
Halobacteria	NZ_CP095487.1_3728	1	120	0.008333333333333333	0	2400	0.00020824656393169514	0.024682470801725857	40.016666666666666	0.06549600519828042
Halobacteria	NZ_CVUA01000001.1_1769	1	120	0.008333333333333333	2	2400	0.0010412328196584756	0.1175145993604339	8.003333333333334	0.21920158662988684
Halobacteria	NZ_CP095482.1_1929	1	120	0.008333333333333333	0	2400	0.00020824656393169514	0.024682470801725857	40.016666666666666	0.06549600519828042
Halobacteria	NZ_JAJCVI010000003.1_330	1	120	0.008333333333333333	6	2400	0.0027072053311120365	0.27769310829000654	3.0782051282051284	0.41561470389518373
Halobacteria	SKKJ01000148.1_1	1	120	0.008333333333333333	5	2400	0.0022907122032486465	0.24058037425684958	3.6378787878787877	0.3762208172833332
Halobacteria	NZ_CP095487.1_619	1	120	0.008333333333333333	17	2400	0.007288629737609329	0.5843196024704109	1.1433333333333333	0.7087547907589508
Halobacteria	NZ_AOII01000107.1_11	1	120	0.008333333333333333	23	2400	0.009787588504789672	0.6928122688610686	0.8514184397163119	0.7765334853864084
Halobacteria	NZ_CP095487.1_613	1	120	0.008333333333333333	16	2400	0.0068721366097459395	0.562860545942409	1.2126262626262625	0.693542976170354
Halobacteria	NZ_CP101458.1_2842	1	120	0.008333333333333333	26	2400	0.011037067888379841	0.7360013759679471	0.7550314465408805	0.7945514053428666
Halobacteria	NZ_CP044130.1_35	1	120	0.008333333333333333	0	2400	0.00020824656393169514	0.024682470801725857	40.016666666666666	0.06549600519828042
Halobacteria	NZ_LWHG01000029.1_102	1	120	0.008333333333333333	0	2400	0.00020824656393169514	0.024682470801725857	40.016666666666666	0.06549600519828042
Halobacteria	NZ_CP099546.1_2874	1	120	0.008333333333333333	0	2400	0.00020824656393169514	0.024682470801725857	40.016666666666666	0.06549600519828042
Halobacteria	NZ_CP085327.1_1026	1	120	0.008333333333333333	0	2400	0.00020824656393169514	0.024682470801725857	40.016666666666666	0.06549600519828042
Halobacteria	NZ_CP044523.1_576	1	120	0.008333333333333333	5	2400	0.0022907122032486465	0.24058037425684958	3.6378787878787877	0.3762208172833332
Halobacteria	QNGA01000004.1_232	1	120	0.008333333333333333	10	2400	0.004373177842565598	0.40899581395308504	1.9055555555555554	0.5498600637055439
Halobacteria	NZ_ML974131.1_611	1	120	0.008333333333333333	4	2400	0.001874219075385256	0.201577453347234	4.446296296296296	0.32923231879491693
Halobacteria	NZ_ML974127.1_855	1	120	0.008333333333333333	0	2400	0.00020824656393169514	0.024682470801725857	40.016666666666666	0.06549600519828042
Halobacteria	NZ_CP099993.1_2369	1	120	0.008333333333333333	0	2400	0.00020824656393169514	0.024682470801725857	40.016666666666666	0.06549600519828042
Halobacteria	NZ_ML974127.1_834	1	120	0.008333333333333333	0	2400	0.00020824656393169514	0.024682470801725857	40.016666666666666	0.06549600519828042
Halobacteria	NZ_SBIT01000007.1_18	1	120	0.008333333333333333	0	2400	0.00020824656393169514	0.024682470801725857	40.016666666666666	0.06549600519828042
Halobacteria	NZ_ML974127.1_816	1	120	0.008333333333333333	0	2400	0.00020824656393169514	0.024682470801725857	40.016666666666666	0.06549600519828042
Halobacteria	NZ_CP085335.1_904	1	120	0.008333333333333333	0	2400	0.00020824656393169514	0.024682470801725857	40.016666666666666	0.06549600519828042
Halobacteria	NZ_CP085335.1_903	1	120	0.008333333333333333	0	2400	0.00020824656393169514	0.024682470801725857	40.016666666666666	0.06549600519828042
Halobacteria	NZ_CP085337.1_711	1	120	0.008333333333333333	1	2400	0.0006247396917950854	0.07224926866638336	13.338888888888887	0.14952714559204416
Halobacteria	NZ_CP085335.1_877	1	120	0.008333333333333333	0	2400	0.00020824656393169514	0.024682470801725857	40.016666666666666	0.06549600519828042
Halobacteria	NZ_CP085335.1_876	1	120	0.008333333333333333	0	2400	0.00020824656393169514	0.024682470801725857	40.016666666666666	0.06549600519828042
Halobacteria	NZ_JDTH01000002.1_1001	1	120	0.008333333333333333	3	2400	0.0014577259475218659	0.16058892618991924	5.716666666666667	0.28260296671541923
Halobacteria	NZ_JALLGW010000001.1_2068	1	120	0.008333333333333333	36	2400	0.015201999167013744	0.8409040972241394	0.5481735159817351	0.8710594695631199
Halobacteria	NZ_FOTC01000002.1_773	1	120	0.008333333333333333	7	2400	0.003123698458975427	0.3130065263885884	2.667777777777778	0.4517481772717528
Halobacteria	NZ_SDIC01000004.1_399	1	120	0.008333333333333333	20	2400	0.0085381091211995	0.6426258870257745	0.9760162601626016	0.7489276908162052
Halobacteria	NZ_AQXI01000001.1_80	1	120	0.008333333333333333	10	2400	0.004373177842565598	0.40899581395308504	1.9055555555555554	0.5498600637055439
Halobacteria	NZ_CP035119.1_2396	1	120	0.008333333333333333	0	2400	0.00020824656393169514	0.024682470801725857	40.016666666666666	0.06549600519828042
Halobacteria	PXRX01000043.1_73	1	120	0.008333333333333333	4	2400	0.001874219075385256	0.201577453347234	4.446296296296296	0.32923231879491693
Halobacteria	NZ_WSZK01000006.1_103	1	120	0.008333333333333333	1	2400	0.0006247396917950854	0.07224926866638336	13.338888888888887	0.14952714559204416
Halobacteria	NZ_FOYN01000002.1_874	1	120	0.008333333333333333	16	2400	0.0068721366097459395	0.562860545942409	1.2126262626262625	0.693542976170354
Halobacteria	LKML01000003.1_44	1	120	0.008333333333333333	23	2400	0.009787588504789672	0.6928122688610686	0.8514184397163119	0.7765334853864084
Halobacteria	NZ_CP096659.1_2410	1	120	0.008333333333333333	0	2400	0.00020824656393169514	0.024682470801725857	40.016666666666666	0.06549600519828042
Halobacteria	NZ_WUYX01000021.1_108	1	120	0.008333333333333333	13	2400	0.005622657226155768	0.4916692008826852	1.4820987654320987	0.6292121039144237
Halobacteria	NZ_CP096658.1_2448	1	120	0.008333333333333333	0	2400	0.00020824656393169514	0.024682470801725857	40.016666666666666	0.06549600519828042
Halobacteria	NZ_CP096658.1_2423	1	120	0.008333333333333333	1	2400	0.0006247396917950854	0.07224926866638336	13.338888888888887	0.14952714559204416
Halobacteria	NZ_CP096658.1_2419	1	120	0.008333333333333333	1	2400	0.0006247396917950854	0.07224926866638336	13.338888888888887	0.14952714559204416
Halobacteria	NZ_CP096658.1_2418	1	120	0.008333333333333333	1	2400	0.0006247396917950854	0.07224926866638336	13.338888888888887	0.14952714559204416
Halobacteria	NZ_BCNB01000006.1_3058	1	120	0.008333333333333333	7	2400	0.003123698458975427	0.3130065263885884	2.667777777777778	0.4517481772717528
Halobacteria	NZ_RKLT01000001.1_604	1	120	0.008333333333333333	2	2400	0.0010412328196584756	0.1175145993604339	8.003333333333334	0.21920158662988684
Halobacteria	NZ_QPII01000014.1_60	1	120	0.008333333333333333	7	2400	0.003123698458975427	0.3130065263885884	2.667777777777778	0.4517481772717528
Halobacteria	NZ_CP100454.1_2796	1	120	0.008333333333333333	0	2400	0.00020824656393169514	0.024682470801725857	40.016666666666666	0.06549600519828042
Halobacteria	PXRK01000011.1_3	1	120	0.008333333333333333	39	2400	0.016451478550603915	0.8633861336264208	0.5065400843881857	0.8875275862697626
Halobacteria	JADJWG010000001.1_844	1	120	0.008333333333333333	45	2400	0.018950437317784258	0.899326811881431	0.43974358974358974	0.9156288084714267
Halobacteria	NZ_CP095757.1_34	1	120	0.008333333333333333	66	2400	0.027696793002915453	0.965627890617818	0.30087719298245613	0.9699451539141718
Halobacteria	NZ_JAJFAY010000002.1_974	1	120	0.008333333333333333	1	2400	0.0006247396917950854	0.07224926866638336	13.338888888888887	0.14952714559204416
Halobacteria	NZ_AOLN01000001.1_111	1	120	0.008333333333333333	8	2400	0.003540191586838817	0.3466071661135069	2.353921568627451	0.48569786160839806
Halobacteria	NZ_CP100454.1_2765	1	120	0.008333333333333333	0	2400	0.00020824656393169514	0.024682470801725857	40.016666666666666	0.06549600519828042
Halobacteria	NZ_JALXFV010000002.1_311	1	120	0.008333333333333333	0	2400	0.00020824656393169514	0.024682470801725857	40.016666666666666	0.06549600519828042
Halobacteria	NZ_RKLT01000047.1_9	1	120	0.008333333333333333	31	2400	0.013119533527696793	0.7950035419162489	0.6351851851851852	0.83462988668466
Halobacteria	NZ_CP095487.1_1430	1	120	0.008333333333333333	15	2400	0.006455643481882549	0.5403033905696767	1.2908602150537634	0.6723036650657761
Halobacteria	NZ_CP095487.1_1458	1	120	0.008333333333333333	0	2400	0.00020824656393169514	0.024682470801725857	40.016666666666666	0.06549600519828042
Halobacteria	NZ_CP095491.1_2919	1	120	0.008333333333333333	16	2400	0.0068721366097459395	0.562860545942409	1.2126262626262625	0.693542976170354
Halobacteria	NZ_SBIT01000007.1_257	1	120	0.008333333333333333	0	2400	0.00020824656393169514	0.024682470801725857	40.016666666666666	0.06549600519828042
Halobacteria	NZ_CP085307.1_214	1	120	0.008333333333333333	51	2400	0.021449396084964597	0.925869877766381	0.38851132686084144	0.9379303070358829
Halobacteria	NZ_CP096658.1_2288	1	120	0.008333333333333333	1	2400	0.0006247396917950854	0.07224926866638336	13.338888888888887	0.14952714559204416
Halobacteria	LKNH01000075.1_11	1	120	0.008333333333333333	14	2400	0.006039150354019159	0.5165924406880663	1.3798850574712644	0.6516219058460824
Halobacteria	NZ_JDTH01000002.1_1247	1	120	0.008333333333333333	0	2400	0.00020824656393169514	0.024682470801725857	40.016666666666666	0.06549600519828042
Halobacteria	NZ_JDTH01000002.1_1233	1	120	0.008333333333333333	0	2400	0.00020824656393169514	0.024682470801725857	40.016666666666666	0.06549600519828042
Halobacteria	NZ_JDTH01000002.1_1232	1	120	0.008333333333333333	0	2400	0.00020824656393169514	0.024682470801725857	40.016666666666666	0.06549600519828042
Halobacteria	NZ_JDTH01000002.1_1230	1	120	0.008333333333333333	0	2400	0.00020824656393169514	0.024682470801725857	40.016666666666666	0.06549600519828042
Halobacteria	NZ_JDTH01000002.1_1217	1	120	0.008333333333333333	0	2400	0.00020824656393169514	0.024682470801725857	40.016666666666666	0.06549600519828042
Halobacteria	NZ_CP072036.1_1768	1	120	0.008333333333333333	19	2400	0.00812161599333611	0.6241529941151327	1.026068376068376	0.7354530035552438
Halobacteria	JADKAQ010000001.1_654	1	120	0.008333333333333333	19	2400	0.00812161599333611	0.6241529941151327	1.026068376068376	0.7354530035552438
Halobacteria	NZ_CP085301.1_3466	1	120	0.008333333333333333	0	2400	0.00020824656393169514	0.024682470801725857	40.016666666666666	0.06549600519828042
Halobacteria	NZ_CP085301.1_3465	1	120	0.008333333333333333	0	2400	0.00020824656393169514	0.024682470801725857	40.016666666666666	0.06549600519828042
Halobacteria	NZ_CP085301.1_3459	1	120	0.008333333333333333	0	2400	0.00020824656393169514	0.024682470801725857	40.016666666666666	0.06549600519828042
Halobacteria	NZ_CP085301.1_3454	1	120	0.008333333333333333	0	2400	0.00020824656393169514	0.024682470801725857	40.016666666666666	0.06549600519828042
Halobacteria	NZ_VSLZ01000003.1_346	1	120	0.008333333333333333	0	2400	0.00020824656393169514	0.024682470801725857	40.016666666666666	0.06549600519828042
Halobacteria	NZ_VSLZ01000003.1_345	1	120	0.008333333333333333	0	2400	0.00020824656393169514	0.024682470801725857	40.016666666666666	0.06549600519828042
Halobacteria	NZ_VSLZ01000003.1_308	1	120	0.008333333333333333	0	2400	0.00020824656393169514	0.024682470801725857	40.016666666666666	0.06549600519828042
Halobacteria	NZ_ML974134.1_239	1	120	0.008333333333333333	1	2400	0.0006247396917950854	0.07224926866638336	13.338888888888887	0.14952714559204416
Halobacteria	NZ_FTNO01000001.1_812	1	120	0.008333333333333333	0	2400	0.00020824656393169514	0.024682470801725857	40.016666666666666	0.06549600519828042
Halobacteria	NZ_FTNO01000001.1_810	1	120	0.008333333333333333	0	2400	0.00020824656393169514	0.024682470801725857	40.016666666666666	0.06549600519828042
Halobacteria	NZ_VSLZ01000003.1_173	1	120	0.008333333333333333	3	2400	0.0014577259475218659	0.16058892618991924	5.716666666666667	0.28260296671541923
Halobacteria	NZ_FTNO01000001.1_721	1	120	0.008333333333333333	28	2400	0.011870054144106622	0.7613907228469576	0.702046783625731	0.8098537830597309
Halobacteria	NZ_SOSC01000001.1_507	1	120	0.008333333333333333	5	2400	0.0022907122032486465	0.24058037425684958	3.6378787878787877	0.3762208172833332
Halobacteria	NZ_AOJG01000012.1_151	1	120	0.008333333333333333	30	2400	0.012703040399833403	0.784356708681176	0.6560109289617486	0.8260256588298635
Halobacteria	NZ_CP035119.1_2385	1	120	0.008333333333333333	0	2400	0.00020824656393169514	0.024682470801725857	40.016666666666666	0.06549600519828042
Halobacteria	NZ_CP035119.1_2369	1	120	0.008333333333333333	0	2400	0.00020824656393169514	0.024682470801725857	40.016666666666666	0.06549600519828042
Halobacteria	NZ_JAJCVJ010000002.1_598	1	120	0.008333333333333333	15	2400	0.006455643481882549	0.5403033905696767	1.2908602150537634	0.6723036650657761
Halobacteria	JAHENP010000195.1_7	1	120	0.008333333333333333	6	2400	0.0027072053311120365	0.27769310829000654	3.0782051282051284	0.41561470389518373
Halobacteria	NZ_CP100000.1_3647	1	120	0.008333333333333333	1	2400	0.0006247396917950854	0.07224926866638336	13.338888888888887	0.14952714559204416
Halobacteria	NZ_CP019067.1_2376	1	120	0.008333333333333333	0	2400	0.00020824656393169514	0.024682470801725857	40.016666666666666	0.06549600519828042
Halobacteria	QNGA01000001.1_974	1	120	0.008333333333333333	18	2400	0.0077051228654727195	0.6047335889800883	1.0815315315315315	0.7218248624071656
Halobacteria	NZ_CP100000.1_3639	1	120	0.008333333333333333	0	2400	0.00020824656393169514	0.024682470801725857	40.016666666666666	0.06549600519828042
Halobacteria	NZ_CP100000.1_3636	1	120	0.008333333333333333	0	2400	0.00020824656393169514	0.024682470801725857	40.016666666666666	0.06549600519828042
Halobacteria	QNGA01000004.1_163	1	120	0.008333333333333333	1	2400	0.0006247396917950854	0.07224926866638336	13.338888888888887	0.14952714559204416
Halobacteria	NZ_CP100000.1_3617	1	120	0.008333333333333333	0	2400	0.00020824656393169514	0.024682470801725857	40.016666666666666	0.06549600519828042
Halobacteria	NZ_CP100000.1_3611	1	120	0.008333333333333333	0	2400	0.00020824656393169514	0.024682470801725857	40.016666666666666	0.06549600519828042
Halobacteria	NZ_CP044523.1_2518	1	120	0.008333333333333333	0	2400	0.00020824656393169514	0.024682470801725857	40.016666666666666	0.06549600519828042
Halobacteria	NZ_JALLGW010000001.1_363	1	120	0.008333333333333333	24	2400	0.01020408163265306	0.7079353274970466	0.8166666666666668	0.780930295798706
Halobacteria	NZ_WUUT01000001.1_337	1	120	0.008333333333333333	22	2400	0.009371095376926281	0.6769129998990706	0.8892592592592592	0.7737241864307071
Halobacteria	NZ_AOJH01000074.1_3	1	120	0.008333333333333333	27	2400	0.011453561016243232	0.7490142181788442	0.7275757575757575	0.8034518563170413
Halobacteria	NC_019964.1_1217	1	120	0.008333333333333333	31	2400	0.013119533527696793	0.7950035419162489	0.6351851851851852	0.83462988668466
Halobacteria	NZ_CSTE01000002.1_1370	1	120	0.008333333333333333	4	2400	0.001874219075385256	0.201577453347234	4.446296296296296	0.32923231879491693
Halobacteria	NZ_AOIJ01000034.1_25	1	120	0.008333333333333333	6	2400	0.0027072053311120365	0.27769310829000654	3.0782051282051284	0.41561470389518373
Halobacteria	NZ_CP035119.1_1933	1	120	0.008333333333333333	1	2400	0.0006247396917950854	0.07224926866638336	13.338888888888887	0.14952714559204416
Halobacteria	NZ_JALXFV010000006.1_12	1	120	0.008333333333333333	3	2400	0.0014577259475218659	0.16058892618991924	5.716666666666667	0.28260296671541923
Halobacteria	NZ_FTNO01000001.1_791	1	120	0.008333333333333333	0	2400	0.00020824656393169514	0.024682470801725857	40.016666666666666	0.06549600519828042
Halobacteria	CAJWBY010000078.1_7	1	120	0.008333333333333333	0	2400	0.00020824656393169514	0.024682470801725857	40.016666666666666	0.06549600519828042
Halobacteria	PXRE01000005.1_17	1	120	0.008333333333333333	0	2400	0.00020824656393169514	0.024682470801725857	40.016666666666666	0.06549600519828042
Halobacteria	PXRE01000005.1_16	1	120	0.008333333333333333	0	2400	0.00020824656393169514	0.024682470801725857	40.016666666666666	0.06549600519828042
Halobacteria	NZ_CP099993.1_2264	1	120	0.008333333333333333	12	2400	0.005206164098292378	0.46547223651053127	1.6006666666666667	0.604874590118441
Halobacteria	NZ_JALXFV010000004.1_76	1	120	0.008333333333333333	23	2400	0.009787588504789672	0.6928122688610686	0.8514184397163119	0.7765334853864084
Halobacteria	JAATVR010000144.1_5	1	120	0.008333333333333333	23	2400	0.009787588504789672	0.6928122688610686	0.8514184397163119	0.7765334853864084
Halobacteria	NZ_CP096658.1_1965	1	120	0.008333333333333333	23	2400	0.009787588504789672	0.6928122688610686	0.8514184397163119	0.7765334853864084
Halobacteria	NZ_JALLPK010000001.1_3906	1	120	0.008333333333333333	0	2400	0.00020824656393169514	0.024682470801725857	40.016666666666666	0.06549600519828042
Halobacteria	JAKCFJ010000001.1_2915	1	120	0.008333333333333333	13	2400	0.005622657226155768	0.4916692008826852	1.4820987654320987	0.6292121039144237
Halobacteria	JAKCFJ010000001.1_2981	1	120	0.008333333333333333	1	2400	0.0006247396917950854	0.07224926866638336	13.338888888888887	0.14952714559204416
Halobacteria	NZ_CP099993.1_2667	1	120	0.008333333333333333	1	2400	0.0006247396917950854	0.07224926866638336	13.338888888888887	0.14952714559204416
Halobacteria	CP060262.1_850	1	120	0.008333333333333333	21	2400	0.00895460224906289	0.6601980323709394	0.9306201550387596	0.763247811008599
Halobacteria	NZ_CP100454.1_970	1	120	0.008333333333333333	31	2400	0.013119533527696793	0.7950035419162489	0.6351851851851852	0.83462988668466
Halobacteria	NZ_JANHJR010000003.1_566	1	120	0.008333333333333333	3	2400	0.0014577259475218659	0.16058892618991924	5.716666666666667	0.28260296671541923
Halobacteria	NZ_CP101458.1_1720	1	120	0.008333333333333333	1	2400	0.0006247396917950854	0.07224926866638336	13.338888888888887	0.14952714559204416
Halobacteria	JAKCFJ010000001.1_2974	1	120	0.008333333333333333	1	2400	0.0006247396917950854	0.07224926866638336	13.338888888888887	0.14952714559204416
Halobacteria	JAKCFJ010000001.1_2973	1	120	0.008333333333333333	1	2400	0.0006247396917950854	0.07224926866638336	13.338888888888887	0.14952714559204416
Halobacteria	JALDAN010000001.1_18	1	120	0.008333333333333333	27	2400	0.011453561016243232	0.7490142181788442	0.7275757575757575	0.8034518563170413
Halobacteria	NZ_SOSC01000004.1_206	1	120	0.008333333333333333	25	2400	0.01062057476051645	0.7223197678273949	0.784640522875817	0.7869237987860951
Halobacteria	CACLNC010000017.1_20	1	120	0.008333333333333333	26	2400	0.011037067888379841	0.7360013759679471	0.7550314465408805	0.7945514053428666
Halobacteria	NZ_MWLL01000086.1_34	1	120	0.008333333333333333	97	2400	0.040608079966680546	0.9930892245178864	0.20521367521367523	0.9940724811758249
Halobacteria	PXRE01000005.1_20	1	120	0.008333333333333333	0	2400	0.00020824656393169514	0.024682470801725857	40.016666666666666	0.06549600519828042
Halobacteria	JACZSC010000036.1_2	1	120	0.008333333333333333	24	2400	0.01020408163265306	0.7079353274970466	0.8166666666666668	0.780930295798706
Halobacteria	NZ_LIGX01000018.1_97	1	120	0.008333333333333333	0	2400	0.00020824656393169514	0.024682470801725857	40.016666666666666	0.06549600519828042
Halobacteria	NZ_CP099998.1_79	1	120	0.008333333333333333	1	2400	0.0006247396917950854	0.07224926866638336	13.338888888888887	0.14952714559204416
Halobacteria	NZ_CP101458.1_1111	1	120	0.008333333333333333	1	2400	0.0006247396917950854	0.07224926866638336	13.338888888888887	0.14952714559204416
Halobacteria	NZ_CVUA01000001.1_2204	1	120	0.008333333333333333	17	2400	0.007288629737609329	0.5843196024704109	1.1433333333333333	0.7087547907589508
Halobacteria	PXRE01000005.1_40	1	120	0.008333333333333333	0	2400	0.00020824656393169514	0.024682470801725857	40.016666666666666	0.06549600519828042
Halobacteria	NZ_MWLL01000203.1_5	1	120	0.008333333333333333	17	2400	0.007288629737609329	0.5843196024704109	1.1433333333333333	0.7087547907589508
Halobacteria	PXRE01000005.1_38	1	120	0.008333333333333333	0	2400	0.00020824656393169514	0.024682470801725857	40.016666666666666	0.06549600519828042
Halobacteria	PXRE01000005.1_37	1	120	0.008333333333333333	0	2400	0.00020824656393169514	0.024682470801725857	40.016666666666666	0.06549600519828042
Halobacteria	PXRE01000005.1_36	1	120	0.008333333333333333	0	2400	0.00020824656393169514	0.024682470801725857	40.016666666666666	0.06549600519828042
Halobacteria	AOLX01000014.1_64	1	120	0.008333333333333333	55	2400	0.02311536859641816	0.939578254519851	0.36051051051051053	0.9489646506689005
Halobacteria	PXRE01000005.1_34	1	120	0.008333333333333333	0	2400	0.00020824656393169514	0.024682470801725857	40.016666666666666	0.06549600519828042
Halobacteria	NZ_JAAOIR010000004.1_34	1	120	0.008333333333333333	4	2400	0.001874219075385256	0.201577453347234	4.446296296296296	0.32923231879491693
Halobacteria	NZ_JALJCL010000006.1_177	1	120	0.008333333333333333	1	2400	0.0006247396917950854	0.07224926866638336	13.338888888888887	0.14952714559204416
Halobacteria	NC_019964.1_206	1	120	0.008333333333333333	29	2400	0.012286547271970013	0.7731617585924474	0.6782485875706215	0.8176428221097953
Halobacteria	NZ_CP058335.1_1127	1	120	0.008333333333333333	7	2400	0.003123698458975427	0.3130065263885884	2.667777777777778	0.4517481772717528
Halobacteria	NZ_CP101458.1_162	1	120	0.008333333333333333	4	2400	0.001874219075385256	0.201577453347234	4.446296296296296	0.32923231879491693
Halobacteria	PXRE01000005.1_27	1	120	0.008333333333333333	0	2400	0.00020824656393169514	0.024682470801725857	40.016666666666666	0.06549600519828042
Halobacteria	PXRE01000005.1_26	1	120	0.008333333333333333	0	2400	0.00020824656393169514	0.024682470801725857	40.016666666666666	0.06549600519828042
Halobacteria	NZ_CP095487.1_3426	1	120	0.008333333333333333	11	2400	0.004789670970428988	0.4379370273375208	1.739855072463768	0.5787638361284099
Halobacteria	PXRE01000005.1_22	1	120	0.008333333333333333	0	2400	0.00020824656393169514	0.024682470801725857	40.016666666666666	0.06549600519828042
Halobacteria	NZ_JAJFAY010000006.1_158	1	120	0.008333333333333333	24	2400	0.01020408163265306	0.7079353274970466	0.8166666666666668	0.780930295798706
Halobacteria	JAKCFJ010000001.1_2966	1	120	0.008333333333333333	1	2400	0.0006247396917950854	0.07224926866638336	13.338888888888887	0.14952714559204416
Halobacteria	NZ_JALLPK010000002.1_255	1	120	0.008333333333333333	2	2400	0.0010412328196584756	0.1175145993604339	8.003333333333334	0.21920158662988684
Halobacteria	NZ_JANHDJ010000003.1_295	1	120	0.008333333333333333	0	2400	0.00020824656393169514	0.024682470801725857	40.016666666666666	0.06549600519828042
Halobacteria	NZ_JAJFAY010000005.1_294	1	120	0.008333333333333333	3	2400	0.0014577259475218659	0.16058892618991924	5.716666666666667	0.28260296671541923
Halobacteria	JAHFTO010000009.1_54	1	120	0.008333333333333333	20	2400	0.0085381091211995	0.6426258870257745	0.9760162601626016	0.7489276908162052
Halobacteria	JAKCFM010000002.1_32	1	120	0.008333333333333333	0	2400	0.00020824656393169514	0.024682470801725857	40.016666666666666	0.06549600519828042
Halobacteria	NZ_KB913017.1_771	1	120	0.008333333333333333	0	2400	0.00020824656393169514	0.024682470801725857	40.016666666666666	0.06549600519828042
Halobacteria	JAKCFM010000002.1_29	1	120	0.008333333333333333	0	2400	0.00020824656393169514	0.024682470801725857	40.016666666666666	0.06549600519828042
Halobacteria	NZ_CP100000.1_3361	1	120	0.008333333333333333	14	2400	0.006039150354019159	0.5165924406880663	1.3798850574712644	0.6516219058460824
Halobacteria	s5a1_contig_1_942	1	120	0.008333333333333333	3	2400	0.0014577259475218659	0.16058892618991924	5.716666666666667	0.28260296671541923
Halobacteria	JAKCFM010000002.1_25	1	120	0.008333333333333333	0	2400	0.00020824656393169514	0.024682470801725857	40.016666666666666	0.06549600519828042
Halobacteria	JAKCFM010000002.1_24	1	120	0.008333333333333333	0	2400	0.00020824656393169514	0.024682470801725857	40.016666666666666	0.06549600519828042
Halobacteria	JAKCFM010000002.1_23	1	120	0.008333333333333333	0	2400	0.00020824656393169514	0.024682470801725857	40.016666666666666	0.06549600519828042
Halobacteria	JAKCFM010000002.1_19	1	120	0.008333333333333333	0	2400	0.00020824656393169514	0.024682470801725857	40.016666666666666	0.06549600519828042
Halobacteria	JAKCFM010000002.1_18	1	120	0.008333333333333333	0	2400	0.00020824656393169514	0.024682470801725857	40.016666666666666	0.06549600519828042
Halobacteria	JAKCFM010000002.1_17	1	120	0.008333333333333333	1	2400	0.0006247396917950854	0.07224926866638336	13.338888888888887	0.14952714559204416
Halobacteria	JAKCFM010000002.1_16	1	120	0.008333333333333333	0	2400	0.00020824656393169514	0.024682470801725857	40.016666666666666	0.06549600519828042
Halobacteria	NZ_AOIQ01000017.1_80	1	120	0.008333333333333333	23	2400	0.009787588504789672	0.6928122688610686	0.8514184397163119	0.7765334853864084
Halobacteria	JAKCFM010000002.1_14	1	120	0.008333333333333333	0	2400	0.00020824656393169514	0.024682470801725857	40.016666666666666	0.06549600519828042
Halobacteria	NZ_FOTC01000007.1_93	1	120	0.008333333333333333	8	2400	0.003540191586838817	0.3466071661135069	2.353921568627451	0.48569786160839806
Halobacteria	NZ_JAJCVJ010000002.1_952	1	120	0.008333333333333333	1	2400	0.0006247396917950854	0.07224926866638336	13.338888888888887	0.14952714559204416
Halobacteria	JAKCFM010000002.1_10	1	120	0.008333333333333333	0	2400	0.00020824656393169514	0.024682470801725857	40.016666666666666	0.06549600519828042
Halobacteria	JAKCFM010000002.1_35	1	120	0.008333333333333333	0	2400	0.00020824656393169514	0.024682470801725857	40.016666666666666	0.06549600519828042
Halobacteria	NZ_LOPW02000003.1_7	1	120	0.008333333333333333	8	2400	0.003540191586838817	0.3466071661135069	2.353921568627451	0.48569786160839806
Halobacteria	JAKCFM010000001.1_2902	1	120	0.008333333333333333	1	2400	0.0006247396917950854	0.07224926866638336	13.338888888888887	0.14952714559204416
Halobacteria	NZ_CP044129.1_2955	1	120	0.008333333333333333	12	2400	0.005206164098292378	0.46547223651053127	1.6006666666666667	0.604874590118441
Halobacteria	NZ_JAAAJC010000005.1_117	1	120	0.008333333333333333	1	2400	0.0006247396917950854	0.07224926866638336	13.338888888888887	0.14952714559204416
Halobacteria	JAKCFJ010000001.1_2955	1	120	0.008333333333333333	0	2400	0.00020824656393169514	0.024682470801725857	40.016666666666666	0.06549600519828042
Halobacteria	JAKCFJ010000001.1_1228	1	120	0.008333333333333333	0	2400	0.00020824656393169514	0.024682470801725857	40.016666666666666	0.06549600519828042
Halobacteria	JADKAQ010000002.1_27	1	120	0.008333333333333333	12	2400	0.005206164098292378	0.46547223651053127	1.6006666666666667	0.604874590118441
Halobacteria	NZ_JANHJR010000004.1_562	1	120	0.008333333333333333	0	2400	0.00020824656393169514	0.024682470801725857	40.016666666666666	0.06549600519828042
Halobacteria	VXON01000181.1_6	1	120	0.008333333333333333	0	2400	0.00020824656393169514	0.024682470801725857	40.016666666666666	0.06549600519828042
Halobacteria	JADFQH010000144.1_7	1	120	0.008333333333333333	0	2400	0.00020824656393169514	0.024682470801725857	40.016666666666666	0.06549600519828042
Halobacteria	NZ_LOPU01000030.1_94	1	120	0.008333333333333333	5	2400	0.0022907122032486465	0.24058037425684958	3.6378787878787877	0.3762208172833332
Halobacteria	JAKCFM010000002.1_50	1	120	0.008333333333333333	0	2400	0.00020824656393169514	0.024682470801725857	40.016666666666666	0.06549600519828042
Halobacteria	JAKCFM010000002.1_48	1	120	0.008333333333333333	0	2400	0.00020824656393169514	0.024682470801725857	40.016666666666666	0.06549600519828042
Halobacteria	JAKCFM010000002.1_47	1	120	0.008333333333333333	0	2400	0.00020824656393169514	0.024682470801725857	40.016666666666666	0.06549600519828042
Halobacteria	JAKCFJ010000002.1_93	1	120	0.008333333333333333	1	2400	0.0006247396917950854	0.07224926866638336	13.338888888888887	0.14952714559204416
Halobacteria	PXRE01000024.1_157	1	120	0.008333333333333333	7	2400	0.003123698458975427	0.3130065263885884	2.667777777777778	0.4517481772717528
Halobacteria	JAKCFM010000002.1_44	1	120	0.008333333333333333	0	2400	0.00020824656393169514	0.024682470801725857	40.016666666666666	0.06549600519828042
Halobacteria	NZ_JAJCVJ010000002.1_896	1	120	0.008333333333333333	28	2400	0.011870054144106622	0.7613907228469576	0.702046783625731	0.8098537830597309
Halobacteria	NZ_AOJH01000012.1_22	1	120	0.008333333333333333	6	2400	0.0027072053311120365	0.27769310829000654	3.0782051282051284	0.41561470389518373
Halobacteria	NZ_JALLPK010000001.1_537	1	120	0.008333333333333333	6	2400	0.0027072053311120365	0.27769310829000654	3.0782051282051284	0.41561470389518373
Halobacteria	NZ_RDFA01000001.1_92	1	120	0.008333333333333333	5	2400	0.0022907122032486465	0.24058037425684958	3.6378787878787877	0.3762208172833332
Halobacteria	NZ_JAKUHT010000006.1_28	1	120	0.008333333333333333	5	2400	0.0022907122032486465	0.24058037425684958	3.6378787878787877	0.3762208172833332
Halobacteria	NZ_FTNO01000001.1_14	1	120	0.008333333333333333	2	2400	0.0010412328196584756	0.1175145993604339	8.003333333333334	0.21920158662988684
Halobacteria	NZ_FTNO01000001.1_790	1	120	0.008333333333333333	0	2400	0.00020824656393169514	0.024682470801725857	40.016666666666666	0.06549600519828042
Halobacteria	CAJWBY010000049.1_9	1	120	0.008333333333333333	8	2400	0.003540191586838817	0.3466071661135069	2.353921568627451	0.48569786160839806
Halobacteria	NZ_SDIC01000004.1_278	1	120	0.008333333333333333	0	2400	0.00020824656393169514	0.024682470801725857	40.016666666666666	0.06549600519828042
Halobacteria	NZ_JAJCVI010000001.1_495	1	120	0.008333333333333333	35	2400	0.014785506039150353	0.8326232698415834	0.5636150234741785	0.8651409309453657
Halobacteria	NZ_CP044524.1_205	1	120	0.008333333333333333	12	2400	0.005206164098292378	0.46547223651053127	1.6006666666666667	0.604874590118441
Halobacteria	NZ_AOJN01000013.1_1	1	120	0.008333333333333333	1	2400	0.0006247396917950854	0.07224926866638336	13.338888888888887	0.14952714559204416
Halobacteria	JADJWG010000004.1_261	1	120	0.008333333333333333	15	2400	0.006455643481882549	0.5403033905696767	1.2908602150537634	0.6723036650657761
Halobacteria	NZ_MWLL01000079.1_22	1	120	0.008333333333333333	50	2400	0.021032902957101206	0.9219861957859672	0.39620462046204624	0.9354019507672984
Halobacteria	NZ_AOJN01000048.1_6	1	120	0.008333333333333333	19	2400	0.00812161599333611	0.6241529941151327	1.026068376068376	0.7354530035552438
Halobacteria	NZ_CP095757.1_2972	1	120	0.008333333333333333	28	2400	0.011870054144106622	0.7613907228469576	0.702046783625731	0.8098537830597309
Halobacteria	NZ_CP095491.1_3251	1	120	0.008333333333333333	19	2400	0.00812161599333611	0.6241529941151327	1.026068376068376	0.7354530035552438
Halobacteria	JAHENP010000061.1_5	1	120	0.008333333333333333	29	2400	0.012286547271970013	0.7731617585924474	0.6782485875706215	0.8176428221097953
Halobacteria	JAKCFJ010000002.1_578	1	120	0.008333333333333333	29	2400	0.012286547271970013	0.7731617585924474	0.6782485875706215	0.8176428221097953
Halobacteria	NZ_WUUT01000002.1_158	1	120	0.008333333333333333	28	2400	0.011870054144106622	0.7613907228469576	0.702046783625731	0.8098537830597309
Halobacteria	NZ_CP099993.1_960	1	120	0.008333333333333333	0	2400	0.00020824656393169514	0.024682470801725857	40.016666666666666	0.06549600519828042
Halobacteria	NZ_CP099993.1_935	1	120	0.008333333333333333	0	2400	0.00020824656393169514	0.024682470801725857	40.016666666666666	0.06549600519828042
Halobacteria	NZ_CP099993.1_934	1	120	0.008333333333333333	0	2400	0.00020824656393169514	0.024682470801725857	40.016666666666666	0.06549600519828042
Halobacteria	NZ_LWHG01000021.1_300	1	120	0.008333333333333333	0	2400	0.00020824656393169514	0.024682470801725857	40.016666666666666	0.06549600519828042
Halobacteria	NZ_LWHG01000021.1_299	1	120	0.008333333333333333	0	2400	0.00020824656393169514	0.024682470801725857	40.016666666666666	0.06549600519828042
Halobacteria	NZ_LWHG01000021.1_298	1	120	0.008333333333333333	0	2400	0.00020824656393169514	0.024682470801725857	40.016666666666666	0.06549600519828042
Halobacteria	NZ_LWHG01000021.1_297	1	120	0.008333333333333333	0	2400	0.00020824656393169514	0.024682470801725857	40.016666666666666	0.06549600519828042
Halobacteria	NZ_LWHG01000021.1_296	1	120	0.008333333333333333	0	2400	0.00020824656393169514	0.024682470801725857	40.016666666666666	0.06549600519828042
Halobacteria	NZ_JAJFAY010000002.1_710	1	120	0.008333333333333333	29	2400	0.012286547271970013	0.7731617585924474	0.6782485875706215	0.8176428221097953
Halobacteria	NZ_SDIC01000004.1_289	1	120	0.008333333333333333	0	2400	0.00020824656393169514	0.024682470801725857	40.016666666666666	0.06549600519828042
Halobacteria	NZ_LWHG01000021.1_294	1	120	0.008333333333333333	0	2400	0.00020824656393169514	0.024682470801725857	40.016666666666666	0.06549600519828042
Halobacteria	NZ_SDIC01000004.1_305	1	120	0.008333333333333333	0	2400	0.00020824656393169514	0.024682470801725857	40.016666666666666	0.06549600519828042
Halobacteria	NZ_QPII01000001.1_100	1	120	0.008333333333333333	16	2400	0.0068721366097459395	0.562860545942409	1.2126262626262625	0.693542976170354
Halobacteria	JAKCFJ010000003.1_524	1	120	0.008333333333333333	15	2400	0.006455643481882549	0.5403033905696767	1.2908602150537634	0.6723036650657761
Halobacteria	NC_012029.1_668	1	120	0.008333333333333333	19	2400	0.00812161599333611	0.6241529941151327	1.026068376068376	0.7354530035552438
Halobacteria	JADKAQ010000013.1_102	1	120	0.008333333333333333	27	2400	0.011453561016243232	0.7490142181788442	0.7275757575757575	0.8034518563170413
Halobacteria	NZ_CP099993.1_867	1	120	0.008333333333333333	2	2400	0.0010412328196584756	0.1175145993604339	8.003333333333334	0.21920158662988684
Halobacteria	NZ_JAMZIE010000001.1_401	1	120	0.008333333333333333	26	2400	0.011037067888379841	0.7360013759679471	0.7550314465408805	0.7945514053428666
Halobacteria	NZ_OBEJ01000002.1_560	1	120	0.008333333333333333	25	2400	0.01062057476051645	0.7223197678273949	0.784640522875817	0.7869237987860951
Halobacteria	NZ_PEND01000006.1_182	1	120	0.008333333333333333	26	2400	0.011037067888379841	0.7360013759679471	0.7550314465408805	0.7945514053428666
Halobacteria	PXRK01000044.1_47	1	120	0.008333333333333333	4	2400	0.001874219075385256	0.201577453347234	4.446296296296296	0.32923231879491693
Halobacteria	NZ_PEND01000001.1_603	1	120	0.008333333333333333	1	2400	0.0006247396917950854	0.07224926866638336	13.338888888888887	0.14952714559204416
Halobacteria	NZ_JDTH01000002.1_591	1	120	0.008333333333333333	23	2400	0.009787588504789672	0.6928122688610686	0.8514184397163119	0.7765334853864084
Halobacteria	NZ_CP044523.1_2462	1	120	0.008333333333333333	5	2400	0.0022907122032486465	0.24058037425684958	3.6378787878787877	0.3762208172833332
Halobacteria	NZ_SBIS02000014.1_60	1	120	0.008333333333333333	1	2400	0.0006247396917950854	0.07224926866638336	13.338888888888887	0.14952714559204416
Halobacteria	NZ_FNFE01000001.1_309	1	120	0.008333333333333333	3	2400	0.0014577259475218659	0.16058892618991924	5.716666666666667	0.28260296671541923
Halobacteria	NZ_JALLPK010000001.1_3670	1	120	0.008333333333333333	14	2400	0.006039150354019159	0.5165924406880663	1.3798850574712644	0.6516219058460824
Halobacteria	NZ_OBEJ01000002.1_218	1	120	0.008333333333333333	5	2400	0.0022907122032486465	0.24058037425684958	3.6378787878787877	0.3762208172833332
Halobacteria	ML241305.1_518	1	120	0.008333333333333333	10	2400	0.004373177842565598	0.40899581395308504	1.9055555555555554	0.5498600637055439
Halobacteria	LKML01000109.1_1	1	120	0.008333333333333333	14	2400	0.006039150354019159	0.5165924406880663	1.3798850574712644	0.6516219058460824
Halobacteria	NC_018655.1_1255	1	120	0.008333333333333333	10	2400	0.004373177842565598	0.40899581395308504	1.9055555555555554	0.5498600637055439
Halobacteria	NZ_LWHG01000021.1_295	1	120	0.008333333333333333	0	2400	0.00020824656393169514	0.024682470801725857	40.016666666666666	0.06549600519828042
Halobacteria	NZ_LWHG01000021.1_293	1	120	0.008333333333333333	0	2400	0.00020824656393169514	0.024682470801725857	40.016666666666666	0.06549600519828042
Halobacteria	NZ_CP101156.1_2930	1	120	0.008333333333333333	5	2400	0.0022907122032486465	0.24058037425684958	3.6378787878787877	0.3762208172833332
Halobacteria	NZ_CP095482.1_399	1	120	0.008333333333333333	6	2400	0.0027072053311120365	0.27769310829000654	3.0782051282051284	0.41561470389518373
Halobacteria	NZ_AQXI01000001.1_23	1	120	0.008333333333333333	0	2400	0.00020824656393169514	0.024682470801725857	40.016666666666666	0.06549600519828042
Halobacteria	NZ_AQXI01000001.1_14	1	120	0.008333333333333333	2	2400	0.0010412328196584756	0.1175145993604339	8.003333333333334	0.21920158662988684
Halobacteria	NZ_AQXI01000001.1_12	1	120	0.008333333333333333	0	2400	0.00020824656393169514	0.024682470801725857	40.016666666666666	0.06549600519828042
Halobacteria	NZ_FOTC01000002.1_393	1	120	0.008333333333333333	0	2400	0.00020824656393169514	0.024682470801725857	40.016666666666666	0.06549600519828042
Halobacteria	SKKJ01000305.1_1	1	120	0.008333333333333333	12	2400	0.005206164098292378	0.46547223651053127	1.6006666666666667	0.604874590118441
Halobacteria	NZ_CP019067.1_3494	1	120	0.008333333333333333	76	2400	0.031861724281549354	0.9794653712550703	0.26154684095860564	0.9814068288789654
Halobacteria	JAHENP010000357.1_2	1	120	0.008333333333333333	0	2400	0.00020824656393169514	0.024682470801725857	40.016666666666666	0.06549600519828042
Halobacteria	NZ_FOTC01000002.1_368	1	120	0.008333333333333333	0	2400	0.00020824656393169514	0.024682470801725857	40.016666666666666	0.06549600519828042
Halobacteria	NZ_FOTC01000002.1_358	1	120	0.008333333333333333	0	2400	0.00020824656393169514	0.024682470801725857	40.016666666666666	0.06549600519828042
Halobacteria	NZ_FOTC01000002.1_355	1	120	0.008333333333333333	0	2400	0.00020824656393169514	0.024682470801725857	40.016666666666666	0.06549600519828042
Halobacteria	CP094974.1_4894	1	120	0.008333333333333333	2	2400	0.0010412328196584756	0.1175145993604339	8.003333333333334	0.21920158662988684
Halobacteria	NZ_AOII01000046.1_1	1	120	0.008333333333333333	0	2400	0.00020824656393169514	0.024682470801725857	40.016666666666666	0.06549600519828042
Halobacteria	NC_017941.2_769	1	120	0.008333333333333333	0	2400	0.00020824656393169514	0.024682470801725857	40.016666666666666	0.06549600519828042
Halobacteria	NZ_AOLN01000018.1_568	1	120	0.008333333333333333	1	2400	0.0006247396917950854	0.07224926866638336	13.338888888888887	0.14952714559204416
Halobacteria	NZ_AOLN01000018.1_561	1	120	0.008333333333333333	1	2400	0.0006247396917950854	0.07224926866638336	13.338888888888887	0.14952714559204416
Halobacteria	NZ_AOLN01000018.1_560	1	120	0.008333333333333333	1	2400	0.0006247396917950854	0.07224926866638336	13.338888888888887	0.14952714559204416
Halobacteria	NZ_AOLK01000012.1_182	1	120	0.008333333333333333	0	2400	0.00020824656393169514	0.024682470801725857	40.016666666666666	0.06549600519828042
Halobacteria	NZ_AOLK01000012.1_181	1	120	0.008333333333333333	0	2400	0.00020824656393169514	0.024682470801725857	40.016666666666666	0.06549600519828042
Halobacteria	JAHENP010000112.1_2	1	120	0.008333333333333333	3	2400	0.0014577259475218659	0.16058892618991924	5.716666666666667	0.28260296671541923
Halobacteria	NZ_AQXI01000001.1_27	1	120	0.008333333333333333	0	2400	0.00020824656393169514	0.024682470801725857	40.016666666666666	0.06549600519828042
Halobacteria	NZ_CP101156.1_322	1	120	0.008333333333333333	16	2400	0.0068721366097459395	0.562860545942409	1.2126262626262625	0.693542976170354
Halobacteria	NZ_LWHG01000021.1_292	1	120	0.008333333333333333	0	2400	0.00020824656393169514	0.024682470801725857	40.016666666666666	0.06549600519828042
Halobacteria	NZ_SOSC01000001.1_792	1	120	0.008333333333333333	11	2400	0.004789670970428988	0.4379370273375208	1.739855072463768	0.5787638361284099
Halobacteria	NZ_LWHG01000021.1_291	1	120	0.008333333333333333	0	2400	0.00020824656393169514	0.024682470801725857	40.016666666666666	0.06549600519828042
Halobacteria	NZ_LWHG01000021.1_290	1	120	0.008333333333333333	0	2400	0.00020824656393169514	0.024682470801725857	40.016666666666666	0.06549600519828042
Halobacteria	NZ_JANJYH010000007.1_160	1	120	0.008333333333333333	4	2400	0.001874219075385256	0.201577453347234	4.446296296296296	0.32923231879491693
Halobacteria	NZ_CP085301.1_2933	1	120	0.008333333333333333	0	2400	0.00020824656393169514	0.024682470801725857	40.016666666666666	0.06549600519828042
Halobacteria	NZ_LWHG01000021.1_287	1	120	0.008333333333333333	0	2400	0.00020824656393169514	0.024682470801725857	40.016666666666666	0.06549600519828042
Halobacteria	NZ_LWHG01000011.1_63	1	120	0.008333333333333333	3	2400	0.0014577259475218659	0.16058892618991924	5.716666666666667	0.28260296671541923
Halobacteria	NZ_AOJH01000006.1_11	1	120	0.008333333333333333	6	2400	0.0027072053311120365	0.27769310829000654	3.0782051282051284	0.41561470389518373
Halobacteria	NZ_LWHG01000021.1_280	1	120	0.008333333333333333	0	2400	0.00020824656393169514	0.024682470801725857	40.016666666666666	0.06549600519828042
Halobacteria	NZ_LWHG01000021.1_266	1	120	0.008333333333333333	0	2400	0.00020824656393169514	0.024682470801725857	40.016666666666666	0.06549600519828042
Halobacteria	NZ_KZ859507.1_8	1	120	0.008333333333333333	7	2400	0.003123698458975427	0.3130065263885884	2.667777777777778	0.4517481772717528
Halobacteria	JAKCFJ010000001.1_2274	1	120	0.008333333333333333	2	2400	0.0010412328196584756	0.1175145993604339	8.003333333333334	0.21920158662988684
Halobacteria	NZ_JADDKQ010000024.1_34	1	120	0.008333333333333333	22	2400	0.009371095376926281	0.6769129998990706	0.8892592592592592	0.7737241864307071
Halobacteria	NZ_LWHG01000021.1_261	1	120	0.008333333333333333	0	2400	0.00020824656393169514	0.024682470801725857	40.016666666666666	0.06549600519828042
Halobacteria	NZ_LWHG01000021.1_260	1	120	0.008333333333333333	0	2400	0.00020824656393169514	0.024682470801725857	40.016666666666666	0.06549600519828042
Halobacteria	NZ_CP085327.1_1218	1	120	0.008333333333333333	0	2400	0.00020824656393169514	0.024682470801725857	40.016666666666666	0.06549600519828042
Halobacteria	PXSA01000011.1_158	1	120	0.008333333333333333	7	2400	0.003123698458975427	0.3130065263885884	2.667777777777778	0.4517481772717528
Halobacteria	NZ_FOYN01000002.1_181	1	120	0.008333333333333333	17	2400	0.007288629737609329	0.5843196024704109	1.1433333333333333	0.7087547907589508
Halobacteria	NZ_LWHG01000021.1_255	1	120	0.008333333333333333	0	2400	0.00020824656393169514	0.024682470801725857	40.016666666666666	0.06549600519828042
Halobacteria	NZ_CP085327.1_1214	1	120	0.008333333333333333	19	2400	0.00812161599333611	0.6241529941151327	1.026068376068376	0.7354530035552438
Halobacteria	ML241305.1_268	1	120	0.008333333333333333	1	2400	0.0006247396917950854	0.07224926866638336	13.338888888888887	0.14952714559204416
Halobacteria	NZ_BBMP01000023.1_72	1	120	0.008333333333333333	0	2400	0.00020824656393169514	0.024682470801725857	40.016666666666666	0.06549600519828042
Halobacteria	NZ_CP100400.1_1814	1	120	0.008333333333333333	0	2400	0.00020824656393169514	0.024682470801725857	40.016666666666666	0.06549600519828042
Halobacteria	PXSA01000014.1_47	1	120	0.008333333333333333	18	2400	0.0077051228654727195	0.6047335889800883	1.0815315315315315	0.7218248624071656
Halobacteria	JAKCFJ010000001.1_1976	1	120	0.008333333333333333	1	2400	0.0006247396917950854	0.07224926866638336	13.338888888888887	0.14952714559204416
Halobacteria	NZ_PEND01000004.1_199	1	120	0.008333333333333333	22	2400	0.009371095376926281	0.6769129998990706	0.8892592592592592	0.7737241864307071
Halobacteria	NZ_CP101458.1_813	1	120	0.008333333333333333	22	2400	0.009371095376926281	0.6769129998990706	0.8892592592592592	0.7737241864307071
Halobacteria	JADKAQ010000004.1_277	1	120	0.008333333333333333	15	2400	0.006455643481882549	0.5403033905696767	1.2908602150537634	0.6723036650657761
Halobacteria	NZ_JANHJR010000001.1_334	1	120	0.008333333333333333	1	2400	0.0006247396917950854	0.07224926866638336	13.338888888888887	0.14952714559204416
Halobacteria	NZ_CP044523.1_3361	1	120	0.008333333333333333	5	2400	0.0022907122032486465	0.24058037425684958	3.6378787878787877	0.3762208172833332
Halobacteria	NZ_QQTY01000001.1_524	1	120	0.008333333333333333	9	2400	0.003956684714702207	0.3785774366091882	2.106140350877193	0.5214465782178328
Halobacteria	SKKJ01000103.1_3	1	120	0.008333333333333333	14	2400	0.006039150354019159	0.5165924406880663	1.3798850574712644	0.6516219058460824
Halobacteria	NZ_CP085335.1_733	1	120	0.008333333333333333	2	2400	0.0010412328196584756	0.1175145993604339	8.003333333333334	0.21920158662988684
Halobacteria	NZ_CP095757.1_3387	1	120	0.008333333333333333	8	2400	0.003540191586838817	0.3466071661135069	2.353921568627451	0.48569786160839806
Halobacteria	PXRK01000073.1_23	1	120	0.008333333333333333	11	2400	0.004789670970428988	0.4379370273375208	1.739855072463768	0.5787638361284099
Halobacteria	NZ_JANHJR010000002.1_84	1	120	0.008333333333333333	15	2400	0.006455643481882549	0.5403033905696767	1.2908602150537634	0.6723036650657761
Halobacteria	JAHEFU010000127.1_2	1	120	0.008333333333333333	24	2400	0.01020408163265306	0.7079353274970466	0.8166666666666668	0.780930295798706
Halobacteria	NZ_JAJCVI010000006.1_146	1	120	0.008333333333333333	15	2400	0.006455643481882549	0.5403033905696767	1.2908602150537634	0.6723036650657761
Halobacteria	QNGA01000004.1_59	1	120	0.008333333333333333	7	2400	0.003123698458975427	0.3130065263885884	2.667777777777778	0.4517481772717528
Halobacteria	NZ_CP085327.1_849	1	120	0.008333333333333333	0	2400	0.00020824656393169514	0.024682470801725857	40.016666666666666	0.06549600519828042
Halobacteria	NZ_CP085335.1_1093	1	120	0.008333333333333333	19	2400	0.00812161599333611	0.6241529941151327	1.026068376068376	0.7354530035552438
Halobacteria	NZ_QPII01000016.1_99	1	120	0.008333333333333333	33	2400	0.013952519783423574	0.8147580627412074	0.5972636815920398	0.8513905957946881
Halobacteria	NZ_CVUA01000001.1_1079	1	120	0.008333333333333333	15	2400	0.006455643481882549	0.5403033905696767	1.2908602150537634	0.6723036650657761
Halobacteria	NZ_CVUA01000001.1_954	1	120	0.008333333333333333	17	2400	0.007288629737609329	0.5843196024704109	1.1433333333333333	0.7087547907589508
Halobacteria	NZ_CP058335.1_1164	1	120	0.008333333333333333	22	2400	0.009371095376926281	0.6769129998990706	0.8892592592592592	0.7737241864307071
Halobacteria	NZ_CP085335.1_1103	1	120	0.008333333333333333	1	2400	0.0006247396917950854	0.07224926866638336	13.338888888888887	0.14952714559204416
Halobacteria	NZ_JALLPK010000001.1_2676	1	120	0.008333333333333333	0	2400	0.00020824656393169514	0.024682470801725857	40.016666666666666	0.06549600519828042
Halobacteria	NZ_CP100000.1_3960	1	120	0.008333333333333333	0	2400	0.00020824656393169514	0.024682470801725857	40.016666666666666	0.06549600519828042
Halobacteria	NZ_CP100400.1_1811	1	120	0.008333333333333333	0	2400	0.00020824656393169514	0.024682470801725857	40.016666666666666	0.06549600519828042
Halobacteria	NZ_CP100400.1_1784	1	120	0.008333333333333333	2	2400	0.0010412328196584756	0.1175145993604339	8.003333333333334	0.21920158662988684
Halobacteria	NZ_CP100400.1_1778	1	120	0.008333333333333333	0	2400	0.00020824656393169514	0.024682470801725857	40.016666666666666	0.06549600519828042
Halobacteria	NZ_JALLGW010000001.1_1034	1	120	0.008333333333333333	5	2400	0.0022907122032486465	0.24058037425684958	3.6378787878787877	0.3762208172833332
Halobacteria	NZ_NHSQ01000068.1_16	1	120	0.008333333333333333	23	2400	0.009787588504789672	0.6928122688610686	0.8514184397163119	0.7765334853864084
Halobacteria	NZ_SBIT01000007.1_217	1	120	0.008333333333333333	25	2400	0.01062057476051645	0.7223197678273949	0.784640522875817	0.7869237987860951
Halobacteria	NZ_AOLK01000015.1_187	1	120	0.008333333333333333	30	2400	0.012703040399833403	0.784356708681176	0.6560109289617486	0.8260256588298635
Halobacteria	NZ_JALLPK010000001.1_2704	1	120	0.008333333333333333	0	2400	0.00020824656393169514	0.024682470801725857	40.016666666666666	0.06549600519828042
Halobacteria	NZ_LOPU01000016.1_199	1	120	0.008333333333333333	51	2400	0.021449396084964597	0.925869877766381	0.38851132686084144	0.9379303070358829
Halobacteria	NZ_JALLPK010000001.1_2697	1	120	0.008333333333333333	0	2400	0.00020824656393169514	0.024682470801725857	40.016666666666666	0.06549600519828042
Halobacteria	NZ_CP044130.1_165	1	120	0.008333333333333333	25	2400	0.01062057476051645	0.7223197678273949	0.784640522875817	0.7869237987860951
Halobacteria	NZ_JANHDJ010000006.1_208	1	120	0.008333333333333333	24	2400	0.01020408163265306	0.7079353274970466	0.8166666666666668	0.780930295798706
Halobacteria	NZ_ML974127.1_936	1	120	0.008333333333333333	23	2400	0.009787588504789672	0.6928122688610686	0.8514184397163119	0.7765334853864084
Halobacteria	NZ_JALLPK010000001.1_2692	1	120	0.008333333333333333	0	2400	0.00020824656393169514	0.024682470801725857	40.016666666666666	0.06549600519828042
Halobacteria	NZ_JANHAU010000004.1_128	1	120	0.008333333333333333	27	2400	0.011453561016243232	0.7490142181788442	0.7275757575757575	0.8034518563170413
Halobacteria	NZ_JALJCL010000001.1_226	1	120	0.008333333333333333	12	2400	0.005206164098292378	0.46547223651053127	1.6006666666666667	0.604874590118441
Halobacteria	NZ_FNFE01000009.1_151	1	120	0.008333333333333333	25	2400	0.01062057476051645	0.7223197678273949	0.784640522875817	0.7869237987860951
Halobacteria	NZ_JALLPK010000001.1_2677	1	120	0.008333333333333333	0	2400	0.00020824656393169514	0.024682470801725857	40.016666666666666	0.06549600519828042
Halobacteria	NZ_CP031310.1_1267	1	120	0.008333333333333333	4	2400	0.001874219075385256	0.201577453347234	4.446296296296296	0.32923231879491693
Halobacteria	NZ_CP019067.1_1424	1	120	0.008333333333333333	19	2400	0.00812161599333611	0.6241529941151327	1.026068376068376	0.7354530035552438
Halobacteria	NZ_CP100454.1_986	1	120	0.008333333333333333	17	2400	0.007288629737609329	0.5843196024704109	1.1433333333333333	0.7087547907589508
Halobacteria	NZ_JALLPK010000001.1_3132	1	120	0.008333333333333333	0	2400	0.00020824656393169514	0.024682470801725857	40.016666666666666	0.06549600519828042
Halobacteria	NZ_BBMP01000023.1_92	1	120	0.008333333333333333	0	2400	0.00020824656393169514	0.024682470801725857	40.016666666666666	0.06549600519828042
Halobacteria	NZ_CP095491.1_535	1	120	0.008333333333333333	12	2400	0.005206164098292378	0.46547223651053127	1.6006666666666667	0.604874590118441
Halobacteria	NZ_JALXFV010000003.1_227	1	120	0.008333333333333333	29	2400	0.012286547271970013	0.7731617585924474	0.6782485875706215	0.8176428221097953
Halobacteria	NZ_BBMP01000023.1_89	1	120	0.008333333333333333	0	2400	0.00020824656393169514	0.024682470801725857	40.016666666666666	0.06549600519828042
Halobacteria	NZ_BBMP01000023.1_88	1	120	0.008333333333333333	0	2400	0.00020824656393169514	0.024682470801725857	40.016666666666666	0.06549600519828042
Halobacteria	NZ_CP095488.1_354	1	120	0.008333333333333333	6	2400	0.0027072053311120365	0.27769310829000654	3.0782051282051284	0.41561470389518373
Halobacteria	JADFQH010000005.1_13	1	120	0.008333333333333333	13	2400	0.005622657226155768	0.4916692008826852	1.4820987654320987	0.6292121039144237
Halobacteria	NZ_JALXFV010000007.1_280	1	120	0.008333333333333333	1	2400	0.0006247396917950854	0.07224926866638336	13.338888888888887	0.14952714559204416
Halobacteria	NZ_BBMP01000023.1_84	1	120	0.008333333333333333	0	2400	0.00020824656393169514	0.024682470801725857	40.016666666666666	0.06549600519828042
Halobacteria	NZ_BBMP01000023.1_83	1	120	0.008333333333333333	0	2400	0.00020824656393169514	0.024682470801725857	40.016666666666666	0.06549600519828042
Halobacteria	NZ_BBMP01000023.1_82	1	120	0.008333333333333333	1	2400	0.0006247396917950854	0.07224926866638336	13.338888888888887	0.14952714559204416
Halobacteria	NZ_BBMP01000023.1_81	1	120	0.008333333333333333	0	2400	0.00020824656393169514	0.024682470801725857	40.016666666666666	0.06549600519828042
Halobacteria	NZ_BBMP01000023.1_80	1	120	0.008333333333333333	0	2400	0.00020824656393169514	0.024682470801725857	40.016666666666666	0.06549600519828042
Halobacteria	NZ_BBMP01000024.1_38	1	120	0.008333333333333333	1	2400	0.0006247396917950854	0.07224926866638336	13.338888888888887	0.14952714559204416
Halobacteria	NZ_BBMP01000023.1_78	1	120	0.008333333333333333	1	2400	0.0006247396917950854	0.07224926866638336	13.338888888888887	0.14952714559204416
Halobacteria	NZ_BBMP01000023.1_77	1	120	0.008333333333333333	0	2400	0.00020824656393169514	0.024682470801725857	40.016666666666666	0.06549600519828042
Halobacteria	NZ_BBMP01000024.1_36	1	120	0.008333333333333333	1	2400	0.0006247396917950854	0.07224926866638336	13.338888888888887	0.14952714559204416
Halobacteria	NZ_BBMP01000024.1_32	1	120	0.008333333333333333	2	2400	0.0010412328196584756	0.1175145993604339	8.003333333333334	0.21920158662988684
Halobacteria	NZ_BBMP01000023.1_74	1	120	0.008333333333333333	0	2400	0.00020824656393169514	0.024682470801725857	40.016666666666666	0.06549600519828042
Halobacteria	NZ_BBMP01000023.1_93	1	120	0.008333333333333333	0	2400	0.00020824656393169514	0.024682470801725857	40.016666666666666	0.06549600519828042
Halobacteria	NZ_BBMP01000023.1_99	1	120	0.008333333333333333	2	2400	0.0010412328196584756	0.1175145993604339	8.003333333333334	0.21920158662988684
Halobacteria	NZ_JANHDP010000002.1_309	1	120	0.008333333333333333	11	2400	0.004789670970428988	0.4379370273375208	1.739855072463768	0.5787638361284099
Halobacteria	NZ_BBMP01000023.1_100	1	120	0.008333333333333333	0	2400	0.00020824656393169514	0.024682470801725857	40.016666666666666	0.06549600519828042
Halobacteria	QNGA01000004.1_45	1	120	0.008333333333333333	0	2400	0.00020824656393169514	0.024682470801725857	40.016666666666666	0.06549600519828042
Halobacteria	NZ_CP100000.1_1072	1	120	0.008333333333333333	1	2400	0.0006247396917950854	0.07224926866638336	13.338888888888887	0.14952714559204416
Halobacteria	NZ_JAJCVJ010000004.1_39	1	120	0.008333333333333333	4	2400	0.001874219075385256	0.201577453347234	4.446296296296296	0.32923231879491693
Halobacteria	QNGA01000001.1_1459	1	120	0.008333333333333333	2	2400	0.0010412328196584756	0.1175145993604339	8.003333333333334	0.21920158662988684
Halobacteria	AOLX01000015.1_398	1	120	0.008333333333333333	1	2400	0.0006247396917950854	0.07224926866638336	13.338888888888887	0.14952714559204416
Halobacteria	NZ_LOPU01000018.1_130	1	120	0.008333333333333333	0	2400	0.00020824656393169514	0.024682470801725857	40.016666666666666	0.06549600519828042
Halobacteria	JADFQH010000176.1_4	1	120	0.008333333333333333	3	2400	0.0014577259475218659	0.16058892618991924	5.716666666666667	0.28260296671541923
Halobacteria	NZ_LWHG01000003.1_39	1	120	0.008333333333333333	5	2400	0.0022907122032486465	0.24058037425684958	3.6378787878787877	0.3762208172833332
Halobacteria	NZ_BBMP01000023.1_112	1	120	0.008333333333333333	0	2400	0.00020824656393169514	0.024682470801725857	40.016666666666666	0.06549600519828042
Halobacteria	NC_019964.1_2983	1	120	0.008333333333333333	4	2400	0.001874219075385256	0.201577453347234	4.446296296296296	0.32923231879491693
Halobacteria	NZ_CP100454.1_1857	1	120	0.008333333333333333	2	2400	0.0010412328196584756	0.1175145993604339	8.003333333333334	0.21920158662988684
Halobacteria	NZ_JAAAJC010000009.1_39	1	120	0.008333333333333333	0	2400	0.00020824656393169514	0.024682470801725857	40.016666666666666	0.06549600519828042
Halobacteria	NZ_BBMP01000023.1_108	1	120	0.008333333333333333	0	2400	0.00020824656393169514	0.024682470801725857	40.016666666666666	0.06549600519828042
Halobacteria	NZ_BBMP01000023.1_107	1	120	0.008333333333333333	0	2400	0.00020824656393169514	0.024682470801725857	40.016666666666666	0.06549600519828042
Halobacteria	NZ_BBMP01000023.1_106	1	120	0.008333333333333333	0	2400	0.00020824656393169514	0.024682470801725857	40.016666666666666	0.06549600519828042
Halobacteria	NZ_BBMP01000023.1_105	1	120	0.008333333333333333	2	2400	0.0010412328196584756	0.1175145993604339	8.003333333333334	0.21920158662988684
Halobacteria	NZ_CP099994.1_166	1	120	0.008333333333333333	2	2400	0.0010412328196584756	0.1175145993604339	8.003333333333334	0.21920158662988684
Halobacteria	NZ_CVUA01000001.1_1788	1	120	0.008333333333333333	18	2400	0.0077051228654727195	0.6047335889800883	1.0815315315315315	0.7218248624071656
Halobacteria	NZ_BBMP01000023.1_102	1	120	0.008333333333333333	0	2400	0.00020824656393169514	0.024682470801725857	40.016666666666666	0.06549600519828042
Halobacteria	PXRE01000005.1_44	1	120	0.008333333333333333	3	2400	0.0014577259475218659	0.16058892618991924	5.716666666666667	0.28260296671541923
Halobacteria	JADJWG010000001.1_149	1	120	0.008333333333333333	22	2400	0.009371095376926281	0.6769129998990706	0.8892592592592592	0.7737241864307071
Halobacteria	PXRE01000005.1_46	1	120	0.008333333333333333	0	2400	0.00020824656393169514	0.024682470801725857	40.016666666666666	0.06549600519828042
Halobacteria	NZ_CP095491.1_3761	1	120	0.008333333333333333	0	2400	0.00020824656393169514	0.024682470801725857	40.016666666666666	0.06549600519828042
Halobacteria	NZ_CP095491.1_3759	1	120	0.008333333333333333	0	2400	0.00020824656393169514	0.024682470801725857	40.016666666666666	0.06549600519828042
Halobacteria	NZ_JAJCVI010000006.1_115	1	120	0.008333333333333333	0	2400	0.00020824656393169514	0.024682470801725857	40.016666666666666	0.06549600519828042
Halobacteria	NZ_LOPU01000018.1_886	1	120	0.008333333333333333	15	2400	0.006455643481882549	0.5403033905696767	1.2908602150537634	0.6723036650657761
Halobacteria	NZ_LOPU01000016.1_88	1	120	0.008333333333333333	0	2400	0.00020824656393169514	0.024682470801725857	40.016666666666666	0.06549600519828042
Halobacteria	NZ_FNFE01000004.1_420	1	120	0.008333333333333333	24	2400	0.01020408163265306	0.7079353274970466	0.8166666666666668	0.780930295798706
Halobacteria	JADJWG010000002.1_1123	1	120	0.008333333333333333	3	2400	0.0014577259475218659	0.16058892618991924	5.716666666666667	0.28260296671541923
Halobacteria	JADJWG010000004.1_243	1	120	0.008333333333333333	8	2400	0.003540191586838817	0.3466071661135069	2.353921568627451	0.48569786160839806
Halobacteria	NZ_AOII01000084.1_84	1	120	0.008333333333333333	10	2400	0.004373177842565598	0.40899581395308504	1.9055555555555554	0.5498600637055439
Halobacteria	JADKAQ010000001.1_406	1	120	0.008333333333333333	11	2400	0.004789670970428988	0.4379370273375208	1.739855072463768	0.5787638361284099
Halobacteria	NZ_FOTC01000003.1_322	1	120	0.008333333333333333	26	2400	0.011037067888379841	0.7360013759679471	0.7550314465408805	0.7945514053428666
Halobacteria	NZ_CP100762.1_1203	1	120	0.008333333333333333	3	2400	0.0014577259475218659	0.16058892618991924	5.716666666666667	0.28260296671541923
Halobacteria	NZ_CP100355.1_1996	1	120	0.008333333333333333	4	2400	0.001874219075385256	0.201577453347234	4.446296296296296	0.32923231879491693
Halobacteria	NZ_CP101156.1_508	1	120	0.008333333333333333	5	2400	0.0022907122032486465	0.24058037425684958	3.6378787878787877	0.3762208172833332
Halobacteria	NZ_JADDKQ010000005.1_30	1	120	0.008333333333333333	5	2400	0.0022907122032486465	0.24058037425684958	3.6378787878787877	0.3762208172833332
Halobacteria	NZ_CP085335.1_293	1	120	0.008333333333333333	25	2400	0.01062057476051645	0.7223197678273949	0.784640522875817	0.7869237987860951
Halobacteria	NZ_CP085302.1_87	1	120	0.008333333333333333	10	2400	0.004373177842565598	0.40899581395308504	1.9055555555555554	0.5498600637055439
Halobacteria	NZ_JALXFV010000003.1_266	1	120	0.008333333333333333	43	2400	0.018117451062057477	0.8885333466198448	0.45996168582375474	0.9069229817593772
Halobacteria	NZ_CP100762.1_1196	1	120	0.008333333333333333	57	2400	0.02394835485214494	0.9454574126403529	0.34797101449275364	0.9527317688980388
Halobacteria	CP094974.1_4727	1	120	0.008333333333333333	3	2400	0.0014577259475218659	0.16058892618991924	5.716666666666667	0.28260296671541923
Halobacteria	NZ_QQTY01000002.1_936	1	120	0.008333333333333333	1	2400	0.0006247396917950854	0.07224926866638336	13.338888888888887	0.14952714559204416
Halobacteria	NZ_CP095491.1_3772	1	120	0.008333333333333333	0	2400	0.00020824656393169514	0.024682470801725857	40.016666666666666	0.06549600519828042
Halobacteria	CP046181.1_1687	1	120	0.008333333333333333	2	2400	0.0010412328196584756	0.1175145993604339	8.003333333333334	0.21920158662988684
Halobacteria	NZ_CP096659.1_3230	1	120	0.008333333333333333	7	2400	0.003123698458975427	0.3130065263885884	2.667777777777778	0.4517481772717528
Halobacteria	NZ_KB913017.1_3340	1	120	0.008333333333333333	1	2400	0.0006247396917950854	0.07224926866638336	13.338888888888887	0.14952714559204416
Halobacteria	NZ_JADDKQ010000003.1_221	1	120	0.008333333333333333	3	2400	0.0014577259475218659	0.16058892618991924	5.716666666666667	0.28260296671541923
Halobacteria	JADKAQ010000014.1_220	1	120	0.008333333333333333	6	2400	0.0027072053311120365	0.27769310829000654	3.0782051282051284	0.41561470389518373
Halobacteria	NZ_JADDKQ010000030.1_18	1	120	0.008333333333333333	0	2400	0.00020824656393169514	0.024682470801725857	40.016666666666666	0.06549600519828042
Halobacteria	NZ_JAJCVJ010000004.1_118	1	120	0.008333333333333333	31	2400	0.013119533527696793	0.7950035419162489	0.6351851851851852	0.83462988668466
Halobacteria	NZ_CP101156.1_2632	1	120	0.008333333333333333	7	2400	0.003123698458975427	0.3130065263885884	2.667777777777778	0.4517481772717528
Halobacteria	PXRE01000026.1_7	1	120	0.008333333333333333	6	2400	0.0027072053311120365	0.27769310829000654	3.0782051282051284	0.41561470389518373
Halobacteria	NZ_CP100355.1_2551	1	120	0.008333333333333333	4	2400	0.001874219075385256	0.201577453347234	4.446296296296296	0.32923231879491693
Halobacteria	NZ_CP085336.1_1263	1	120	0.008333333333333333	16	2400	0.0068721366097459395	0.562860545942409	1.2126262626262625	0.693542976170354
Halobacteria	NZ_CP099997.1_906	1	120	0.008333333333333333	0	2400	0.00020824656393169514	0.024682470801725857	40.016666666666666	0.06549600519828042
Halobacteria	NZ_WUYX01000003.1_80	1	120	0.008333333333333333	10	2400	0.004373177842565598	0.40899581395308504	1.9055555555555554	0.5498600637055439
Halobacteria	NZ_QLVG01000001.1_152	1	120	0.008333333333333333	17	2400	0.007288629737609329	0.5843196024704109	1.1433333333333333	0.7087547907589508
Halobacteria	NZ_JDTH01000001.1_839	1	120	0.008333333333333333	25	2400	0.01062057476051645	0.7223197678273949	0.784640522875817	0.7869237987860951
Halobacteria	PXSA01000027.1_42	1	120	0.008333333333333333	25	2400	0.01062057476051645	0.7223197678273949	0.784640522875817	0.7869237987860951
Halobacteria	NC_019964.1_676	1	120	0.008333333333333333	5	2400	0.0022907122032486465	0.24058037425684958	3.6378787878787877	0.3762208172833332
Halobacteria	NZ_MWLL01000189.1_49	1	120	0.008333333333333333	24	2400	0.01020408163265306	0.7079353274970466	0.8166666666666668	0.780930295798706
Halobacteria	NZ_CP095482.1_303	1	120	0.008333333333333333	15	2400	0.006455643481882549	0.5403033905696767	1.2908602150537634	0.6723036650657761
Halobacteria	NZ_PHNJ01000010.1_52	1	120	0.008333333333333333	26	2400	0.011037067888379841	0.7360013759679471	0.7550314465408805	0.7945514053428666
Halobacteria	NZ_CP095491.1_3775	1	120	0.008333333333333333	0	2400	0.00020824656393169514	0.024682470801725857	40.016666666666666	0.06549600519828042
Halobacteria	JADKAQ010000001.1_77	1	120	0.008333333333333333	42	2400	0.017700957934194086	0.8827139222508534	0.4707843137254902	0.9032629305623612
Halobacteria	CP094974.1_2027	1	120	0.008333333333333333	0	2400	0.00020824656393169514	0.024682470801725857	40.016666666666666	0.06549600519828042
Halobacteria	NZ_KB913017.1_3342	1	120	0.008333333333333333	8	2400	0.003540191586838817	0.3466071661135069	2.353921568627451	0.48569786160839806
Halobacteria	NZ_BBJP01000006.1_21	1	120	0.008333333333333333	1	2400	0.0006247396917950854	0.07224926866638336	13.338888888888887	0.14952714559204416
Halobacteria	NZ_FOTC01000002.1_870	1	120	0.008333333333333333	4	2400	0.001874219075385256	0.201577453347234	4.446296296296296	0.32923231879491693
Halobacteria	NZ_JALIQP010000006.1_150	1	120	0.008333333333333333	70	2400	0.02936276551436901	0.9720209048381466	0.283806146572104	0.9749138241977839
Halobacteria	NZ_CP012850.1_3338	1	120	0.008333333333333333	28	2400	0.011870054144106622	0.7613907228469576	0.702046783625731	0.8098537830597309
Halobacteria	NZ_JAJCVJ010000002.1_117	1	120	0.008333333333333333	1	2400	0.0006247396917950854	0.07224926866638336	13.338888888888887	0.14952714559204416
Halobacteria	NZ_JANHDJ010000004.1_382	1	120	0.008333333333333333	11	2400	0.004789670970428988	0.4379370273375208	1.739855072463768	0.5787638361284099
Halobacteria	NZ_JDTH01000002.1_753	1	120	0.008333333333333333	25	2400	0.01062057476051645	0.7223197678273949	0.784640522875817	0.7869237987860951
Halobacteria	NZ_PEND01000007.1_233	1	120	0.008333333333333333	0	2400	0.00020824656393169514	0.024682470801725857	40.016666666666666	0.06549600519828042
Halobacteria	NZ_PEND01000007.1_232	1	120	0.008333333333333333	0	2400	0.00020824656393169514	0.024682470801725857	40.016666666666666	0.06549600519828042
Halobacteria	NZ_SDIC01000004.1_84	1	120	0.008333333333333333	0	2400	0.00020824656393169514	0.024682470801725857	40.016666666666666	0.06549600519828042
Halobacteria	NZ_PEND01000007.1_230	1	120	0.008333333333333333	23	2400	0.009787588504789672	0.6928122688610686	0.8514184397163119	0.7765334853864084
Halobacteria	NZ_CP085336.1_1071	1	120	0.008333333333333333	7	2400	0.003123698458975427	0.3130065263885884	2.667777777777778	0.4517481772717528
Halobacteria	NZ_PEND01000007.1_225	1	120	0.008333333333333333	0	2400	0.00020824656393169514	0.024682470801725857	40.016666666666666	0.06549600519828042
Halobacteria	NZ_CP100454.1_40	1	120	0.008333333333333333	0	2400	0.00020824656393169514	0.024682470801725857	40.016666666666666	0.06549600519828042
Halobacteria	NZ_SDIC01000012.1_163	1	120	0.008333333333333333	0	2400	0.00020824656393169514	0.024682470801725857	40.016666666666666	0.06549600519828042
Halobacteria	NZ_WUUT01000001.1_263	1	120	0.008333333333333333	18	2400	0.0077051228654727195	0.6047335889800883	1.0815315315315315	0.7218248624071656
Halobacteria	JAFGCY010000091.1_31	1	120	0.008333333333333333	17	2400	0.007288629737609329	0.5843196024704109	1.1433333333333333	0.7087547907589508
Halobacteria	NZ_MWLL01000189.1_36	1	120	0.008333333333333333	16	2400	0.0068721366097459395	0.562860545942409	1.2126262626262625	0.693542976170354
Halobacteria	NZ_JAMZIE010000002.1_574	1	120	0.008333333333333333	37	2400	0.015618492294877134	0.8487784832109484	0.5335555555555556	0.876969899362564
Halobacteria	NZ_PEND01000007.1_216	1	120	0.008333333333333333	7	2400	0.003123698458975427	0.3130065263885884	2.667777777777778	0.4517481772717528
Halobacteria	NZ_JALXFV010000005.1_496	1	120	0.008333333333333333	12	2400	0.005206164098292378	0.46547223651053127	1.6006666666666667	0.604874590118441
Halobacteria	NZ_PEND01000007.1_246	1	120	0.008333333333333333	1	2400	0.0006247396917950854	0.07224926866638336	13.338888888888887	0.14952714559204416
Halobacteria	NZ_CP095487.1_333	1	120	0.008333333333333333	1	2400	0.0006247396917950854	0.07224926866638336	13.338888888888887	0.14952714559204416
Halobacteria	NZ_JANHDP010000004.1_165	1	120	0.008333333333333333	1	2400	0.0006247396917950854	0.07224926866638336	13.338888888888887	0.14952714559204416
Halobacteria	NZ_WUUT01000004.1_123	1	120	0.008333333333333333	8	2400	0.003540191586838817	0.3466071661135069	2.353921568627451	0.48569786160839806
Halobacteria	JADFQH010000010.1_23	1	120	0.008333333333333333	1	2400	0.0006247396917950854	0.07224926866638336	13.338888888888887	0.14952714559204416
Halobacteria	NZ_JALLGW010000001.1_940	1	120	0.008333333333333333	17	2400	0.007288629737609329	0.5843196024704109	1.1433333333333333	0.7087547907589508
Halobacteria	NZ_KZ859519.1_5	1	120	0.008333333333333333	16	2400	0.0068721366097459395	0.562860545942409	1.2126262626262625	0.693542976170354
Halobacteria	NZ_AQXI01000001.1_598	1	120	0.008333333333333333	28	2400	0.011870054144106622	0.7613907228469576	0.702046783625731	0.8098537830597309
Halobacteria	AOLX01000022.1_89	1	120	0.008333333333333333	6	2400	0.0027072053311120365	0.27769310829000654	3.0782051282051284	0.41561470389518373
Halobacteria	NZ_CP058335.1_3244	1	120	0.008333333333333333	9	2400	0.003956684714702207	0.3785774366091882	2.106140350877193	0.5214465782178328
Halobacteria	NZ_JANHAU010000001.1_175	1	120	0.008333333333333333	14	2400	0.006039150354019159	0.5165924406880663	1.3798850574712644	0.6516219058460824
Halobacteria	NZ_CP095487.1_305	1	120	0.008333333333333333	0	2400	0.00020824656393169514	0.024682470801725857	40.016666666666666	0.06549600519828042
Halobacteria	CP094974.1_1183	1	120	0.008333333333333333	8	2400	0.003540191586838817	0.3466071661135069	2.353921568627451	0.48569786160839806
Halobacteria	NZ_JANHJR010000001.1_260	1	120	0.008333333333333333	1	2400	0.0006247396917950854	0.07224926866638336	13.338888888888887	0.14952714559204416
Halobacteria	NZ_JALXFV010000003.1_627	1	120	0.008333333333333333	13	2400	0.005622657226155768	0.4916692008826852	1.4820987654320987	0.6292121039144237
Halobacteria	NZ_JAAOIR010000003.1_200	1	120	0.008333333333333333	3	2400	0.0014577259475218659	0.16058892618991924	5.716666666666667	0.28260296671541923
Halobacteria	CP071596.1_2797	1	120	0.008333333333333333	0	2400	0.00020824656393169514	0.024682470801725857	40.016666666666666	0.06549600519828042
Halobacteria	CP071596.1_2796	1	120	0.008333333333333333	0	2400	0.00020824656393169514	0.024682470801725857	40.016666666666666	0.06549600519828042
Halobacteria	NZ_CP100762.1_2006	1	120	0.008333333333333333	21	2400	0.00895460224906289	0.6601980323709394	0.9306201550387596	0.763247811008599
Halobacteria	NZ_CP095491.1_3531	1	120	0.008333333333333333	7	2400	0.003123698458975427	0.3130065263885884	2.667777777777778	0.4517481772717528
Halobacteria	NZ_WSZK01000036.1_97	1	120	0.008333333333333333	41	2400	0.017284464806330696	0.8765933410411424	0.48212851405622487	0.8988193385320437
Halobacteria	NZ_SDIC01000012.1_142	1	120	0.008333333333333333	1	2400	0.0006247396917950854	0.07224926866638336	13.338888888888887	0.14952714559204416
Halobacteria	NZ_JADDKQ010000020.1_100	1	120	0.008333333333333333	21	2400	0.00895460224906289	0.6601980323709394	0.9306201550387596	0.763247811008599
Halobacteria	NZ_CP085336.1_978	1	120	0.008333333333333333	1	2400	0.0006247396917950854	0.07224926866638336	13.338888888888887	0.14952714559204416
Halobacteria	PXRE01000005.1_47	1	120	0.008333333333333333	0	2400	0.00020824656393169514	0.024682470801725857	40.016666666666666	0.06549600519828042
Halobacteria	NZ_WUUT01000004.1_46	1	120	0.008333333333333333	0	2400	0.00020824656393169514	0.024682470801725857	40.016666666666666	0.06549600519828042
Halobacteria	NZ_JALIQP010000001.1_214	1	120	0.008333333333333333	13	2400	0.005622657226155768	0.4916692008826852	1.4820987654320987	0.6292121039144237
Halobacteria	NZ_CP100454.1_1090	1	120	0.008333333333333333	17	2400	0.007288629737609329	0.5843196024704109	1.1433333333333333	0.7087547907589508
Halobacteria	LKNH01000054.1_6	1	120	0.008333333333333333	14	2400	0.006039150354019159	0.5165924406880663	1.3798850574712644	0.6516219058460824
Halobacteria	NZ_CP019154.1_560	1	120	0.008333333333333333	8	2400	0.003540191586838817	0.3466071661135069	2.353921568627451	0.48569786160839806
Halobacteria	NZ_JAJFAY010000002.1_406	1	120	0.008333333333333333	27	2400	0.011453561016243232	0.7490142181788442	0.7275757575757575	0.8034518563170413
Halobacteria	NZ_WSZK01000041.1_13	1	120	0.008333333333333333	18	2400	0.0077051228654727195	0.6047335889800883	1.0815315315315315	0.7218248624071656
Halobacteria	NZ_FNFE01000009.1_69	1	120	0.008333333333333333	4	2400	0.001874219075385256	0.201577453347234	4.446296296296296	0.32923231879491693
Halobacteria	NZ_CP101458.1_1140	1	120	0.008333333333333333	28	2400	0.011870054144106622	0.7613907228469576	0.702046783625731	0.8098537830597309
Halobacteria	NZ_JAKUHT010000001.1_220	1	120	0.008333333333333333	27	2400	0.011453561016243232	0.7490142181788442	0.7275757575757575	0.8034518563170413
Halobacteria	NZ_CP085340.1_211	1	120	0.008333333333333333	18	2400	0.0077051228654727195	0.6047335889800883	1.0815315315315315	0.7218248624071656
Halobacteria	NZ_CP084469.1_3402	1	120	0.008333333333333333	14	2400	0.006039150354019159	0.5165924406880663	1.3798850574712644	0.6516219058460824
Halobacteria	JAKCFM010000001.1_2279	1	120	0.008333333333333333	0	2400	0.00020824656393169514	0.024682470801725857	40.016666666666666	0.06549600519828042
Halobacteria	NC_019964.1_176	1	120	0.008333333333333333	1	2400	0.0006247396917950854	0.07224926866638336	13.338888888888887	0.14952714559204416
Halobacteria	NZ_CP031310.1_3034	1	120	0.008333333333333333	4	2400	0.001874219075385256	0.201577453347234	4.446296296296296	0.32923231879491693
Halobacteria	NZ_JALXFV010000007.1_171	1	120	0.008333333333333333	25	2400	0.01062057476051645	0.7223197678273949	0.784640522875817	0.7869237987860951
Halobacteria	NZ_CP044523.1_3023	1	120	0.008333333333333333	16	2400	0.0068721366097459395	0.562860545942409	1.2126262626262625	0.693542976170354
Halobacteria	NZ_SBIT01000009.1_143	1	120	0.008333333333333333	0	2400	0.00020824656393169514	0.024682470801725857	40.016666666666666	0.06549600519828042
Halobacteria	NZ_SBIT01000009.1_142	1	120	0.008333333333333333	0	2400	0.00020824656393169514	0.024682470801725857	40.016666666666666	0.06549600519828042
Halobacteria	NZ_CP100355.1_2109	1	120	0.008333333333333333	20	2400	0.0085381091211995	0.6426258870257745	0.9760162601626016	0.7489276908162052
Halobacteria	NZ_AP017569.1_718	1	120	0.008333333333333333	14	2400	0.006039150354019159	0.5165924406880663	1.3798850574712644	0.6516219058460824
Halobacteria	NZ_CP095757.1_3370	1	120	0.008333333333333333	25	2400	0.01062057476051645	0.7223197678273949	0.784640522875817	0.7869237987860951
Halobacteria	NZ_CP100000.1_391	1	120	0.008333333333333333	24	2400	0.01020408163265306	0.7079353274970466	0.8166666666666668	0.780930295798706
Halobacteria	NZ_JALLPK010000001.1_3667	1	120	0.008333333333333333	37	2400	0.015618492294877134	0.8487784832109484	0.5335555555555556	0.876969899362564
Halobacteria	PXSA01000027.1_34	1	120	0.008333333333333333	32	2400	0.013536026655560184	0.8051288801738946	0.6156410256410256	0.8430712561945183
Halobacteria	NZ_CP099997.1_209	1	120	0.008333333333333333	0	2400	0.00020824656393169514	0.024682470801725857	40.016666666666666	0.06549600519828042
Halobacteria	NZ_CP101156.1_2195	1	120	0.008333333333333333	1	2400	0.0006247396917950854	0.07224926866638336	13.338888888888887	0.14952714559204416
Halobacteria	NZ_JANJYH010000002.1_66	1	120	0.008333333333333333	0	2400	0.00020824656393169514	0.024682470801725857	40.016666666666666	0.06549600519828042
Halobacteria	PXRX01000030.1_41	1	120	0.008333333333333333	16	2400	0.0068721366097459395	0.562860545942409	1.2126262626262625	0.693542976170354
Halobacteria	NZ_QLVG01000033.1_48	1	120	0.008333333333333333	46	2400	0.019366930445647648	0.9043281511809322	0.4302867383512544	0.9193320873242056
Halobacteria	NZ_WUUT01000001.1_799	1	120	0.008333333333333333	0	2400	0.00020824656393169514	0.024682470801725857	40.016666666666666	0.06549600519828042
Halobacteria	NZ_WUUT01000004.1_72	1	120	0.008333333333333333	1	2400	0.0006247396917950854	0.07224926866638336	13.338888888888887	0.14952714559204416
Halobacteria	NZ_JAJCVI010000001.1_362	1	120	0.008333333333333333	0	2400	0.00020824656393169514	0.024682470801725857	40.016666666666666	0.06549600519828042
Halobacteria	PXRE01000001.1_101	1	120	0.008333333333333333	28	2400	0.011870054144106622	0.7613907228469576	0.702046783625731	0.8098537830597309
Halobacteria	NZ_CVUA01000001.1_2101	1	120	0.008333333333333333	12	2400	0.005206164098292378	0.46547223651053127	1.6006666666666667	0.604874590118441
Halobacteria	NZ_CP058335.1_532	1	120	0.008333333333333333	74	2400	0.031028738025822573	0.9772329051181875	0.2685682326621924	0.9796553962067304
Halobacteria	NZ_NHSQ01000028.1_16	1	120	0.008333333333333333	8	2400	0.003540191586838817	0.3466071661135069	2.353921568627451	0.48569786160839806
Halobacteria	NZ_WUUT01000004.1_61	1	120	0.008333333333333333	1	2400	0.0006247396917950854	0.07224926866638336	13.338888888888887	0.14952714559204416
Halobacteria	NZ_MWLL01000214.1_11	1	120	0.008333333333333333	10	2400	0.004373177842565598	0.40899581395308504	1.9055555555555554	0.5498600637055439
Halobacteria	JALDAN010000009.1_4	1	120	0.008333333333333333	26	2400	0.011037067888379841	0.7360013759679471	0.7550314465408805	0.7945514053428666
Halobacteria	NZ_FNYR01000016.1_11	1	120	0.008333333333333333	26	2400	0.011037067888379841	0.7360013759679471	0.7550314465408805	0.7945514053428666
Halobacteria	PXRK01000008.1_16	1	120	0.008333333333333333	25	2400	0.01062057476051645	0.7223197678273949	0.784640522875817	0.7869237987860951
Halobacteria	LKML01000064.1_7	1	120	0.008333333333333333	1	2400	0.0006247396917950854	0.07224926866638336	13.338888888888887	0.14952714559204416
Halobacteria	NZ_CP100355.1_2108	1	120	0.008333333333333333	29	2400	0.012286547271970013	0.7731617585924474	0.6782485875706215	0.8176428221097953
Halobacteria	NZ_ML974127.1_1400	1	120	0.008333333333333333	3	2400	0.0014577259475218659	0.16058892618991924	5.716666666666667	0.28260296671541923
Halobacteria	NZ_CP085336.1_979	1	120	0.008333333333333333	0	2400	0.00020824656393169514	0.024682470801725857	40.016666666666666	0.06549600519828042
Halobacteria	NZ_PEND01000002.1_735	1	120	0.008333333333333333	24	2400	0.01020408163265306	0.7079353274970466	0.8166666666666668	0.780930295798706
Halobacteria	NZ_CP044129.1_2412	1	120	0.008333333333333333	27	2400	0.011453561016243232	0.7490142181788442	0.7275757575757575	0.8034518563170413
Halobacteria	AOLX01000023.1_296	1	120	0.008333333333333333	2	2400	0.0010412328196584756	0.1175145993604339	8.003333333333334	0.21920158662988684
Halobacteria	NZ_JAMZIE010000009.1_25	1	120	0.008333333333333333	14	2400	0.006039150354019159	0.5165924406880663	1.3798850574712644	0.6516219058460824
Halobacteria	JADFQH010000044.1_8	1	120	0.008333333333333333	23	2400	0.009787588504789672	0.6928122688610686	0.8514184397163119	0.7765334853864084
Halobacteria	NZ_CP053941.1_726	1	120	0.008333333333333333	1	2400	0.0006247396917950854	0.07224926866638336	13.338888888888887	0.14952714559204416
Halobacteria	NZ_CP085301.1_287	1	120	0.008333333333333333	7	2400	0.003123698458975427	0.3130065263885884	2.667777777777778	0.4517481772717528
Halobacteria	NZ_JAAOIR010000004.1_186	1	120	0.008333333333333333	0	2400	0.00020824656393169514	0.024682470801725857	40.016666666666666	0.06549600519828042
Halobacteria	NZ_FOCX01000040.1_3	1	120	0.008333333333333333	2	2400	0.0010412328196584756	0.1175145993604339	8.003333333333334	0.21920158662988684
Halobacteria	NZ_FOCX01000040.1_4	1	120	0.008333333333333333	14	2400	0.006039150354019159	0.5165924406880663	1.3798850574712644	0.6516219058460824
Halobacteria	NZ_KB913020.1_7	1	120	0.008333333333333333	1	2400	0.0006247396917950854	0.07224926866638336	13.338888888888887	0.14952714559204416
Halobacteria	NZ_FNFE01000001.1_420	1	120	0.008333333333333333	1	2400	0.0006247396917950854	0.07224926866638336	13.338888888888887	0.14952714559204416
Halobacteria	NZ_JALIQP010000002.1_40	1	120	0.008333333333333333	1	2400	0.0006247396917950854	0.07224926866638336	13.338888888888887	0.14952714559204416
Halobacteria	NZ_WUYX01000008.1_27	1	120	0.008333333333333333	0	2400	0.00020824656393169514	0.024682470801725857	40.016666666666666	0.06549600519828042
Halobacteria	NZ_JANHJR010000003.1_88	1	120	0.008333333333333333	4	2400	0.001874219075385256	0.201577453347234	4.446296296296296	0.32923231879491693
Halobacteria	NZ_JALIQP010000002.1_37	1	120	0.008333333333333333	0	2400	0.00020824656393169514	0.024682470801725857	40.016666666666666	0.06549600519828042
Halobacteria	NZ_JALIQP010000002.1_36	1	120	0.008333333333333333	0	2400	0.00020824656393169514	0.024682470801725857	40.016666666666666	0.06549600519828042
Halobacteria	NZ_JALIQP010000002.1_35	1	120	0.008333333333333333	0	2400	0.00020824656393169514	0.024682470801725857	40.016666666666666	0.06549600519828042
Halobacteria	NZ_JALIQP010000002.1_34	1	120	0.008333333333333333	0	2400	0.00020824656393169514	0.024682470801725857	40.016666666666666	0.06549600519828042
Halobacteria	NZ_JALIQP010000002.1_33	1	120	0.008333333333333333	0	2400	0.00020824656393169514	0.024682470801725857	40.016666666666666	0.06549600519828042
Halobacteria	NZ_FOTC01000001.1_713	1	120	0.008333333333333333	64	2400	0.026863806747188673	0.9619078894203765	0.3102067183462532	0.9671068689728068
Halobacteria	LKNH01000122.1_2	1	120	0.008333333333333333	7	2400	0.003123698458975427	0.3130065263885884	2.667777777777778	0.4517481772717528
Halobacteria	NC_017942.1_64	1	120	0.008333333333333333	12	2400	0.005206164098292378	0.46547223651053127	1.6006666666666667	0.604874590118441
Halobacteria	NZ_MWLL01000015.1_56	1	120	0.008333333333333333	9	2400	0.003956684714702207	0.3785774366091882	2.106140350877193	0.5214465782178328
Halobacteria	NZ_SBIT01000009.1_136	1	120	0.008333333333333333	0	2400	0.00020824656393169514	0.024682470801725857	40.016666666666666	0.06549600519828042
Halobacteria	JALDAN010000014.1_14	1	120	0.008333333333333333	25	2400	0.01062057476051645	0.7223197678273949	0.784640522875817	0.7869237987860951
Halobacteria	NZ_ML974127.1_1410	1	120	0.008333333333333333	2	2400	0.0010412328196584756	0.1175145993604339	8.003333333333334	0.21920158662988684
Halobacteria	NZ_SOSC01000009.1_68	1	120	0.008333333333333333	8	2400	0.003540191586838817	0.3466071661135069	2.353921568627451	0.48569786160839806
Halobacteria	NZ_CP044523.1_1812	1	120	0.008333333333333333	3	2400	0.0014577259475218659	0.16058892618991924	5.716666666666667	0.28260296671541923
Halobacteria	NZ_CP096659.1_2947	1	120	0.008333333333333333	1	2400	0.0006247396917950854	0.07224926866638336	13.338888888888887	0.14952714559204416
Halobacteria	NZ_LWHG01000011.1_138	1	120	0.008333333333333333	2	2400	0.0010412328196584756	0.1175145993604339	8.003333333333334	0.21920158662988684
Halobacteria	NZ_CP058335.1_993	1	120	0.008333333333333333	62	2400	0.02603082049146189	0.9577889940160663	0.3201333333333333	0.9639867326533031
Halobacteria	NZ_JAJCVI010000003.1_340	1	120	0.008333333333333333	6	2400	0.0027072053311120365	0.27769310829000654	3.0782051282051284	0.41561470389518373
Halobacteria	NZ_AOLK01000019.1_125	1	120	0.008333333333333333	6	2400	0.0027072053311120365	0.27769310829000654	3.0782051282051284	0.41561470389518373
Halobacteria	NZ_JAAOIR010000004.1_215	1	120	0.008333333333333333	0	2400	0.00020824656393169514	0.024682470801725857	40.016666666666666	0.06549600519828042
Halobacteria	JADFQH010000029.1_13	1	120	0.008333333333333333	33	2400	0.013952519783423574	0.8147580627412074	0.5972636815920398	0.8513905957946881
Halobacteria	NZ_JAAOIR010000004.1_213	1	120	0.008333333333333333	5	2400	0.0022907122032486465	0.24058037425684958	3.6378787878787877	0.3762208172833332
Halobacteria	NZ_CP044129.1_2505	1	120	0.008333333333333333	0	2400	0.00020824656393169514	0.024682470801725857	40.016666666666666	0.06549600519828042
Halobacteria	NZ_RKLT01000002.1_393	1	120	0.008333333333333333	9	2400	0.003956684714702207	0.3785774366091882	2.106140350877193	0.5214465782178328
Halobacteria	NZ_CP044129.1_1962	1	120	0.008333333333333333	10	2400	0.004373177842565598	0.40899581395308504	1.9055555555555554	0.5498600637055439
Halobacteria	NZ_RDFA01000001.1_963	1	120	0.008333333333333333	5	2400	0.0022907122032486465	0.24058037425684958	3.6378787878787877	0.3762208172833332
Halobacteria	NZ_WSZK01000001.1_126	1	120	0.008333333333333333	0	2400	0.00020824656393169514	0.024682470801725857	40.016666666666666	0.06549600519828042
Halobacteria	NZ_ML974139.1_29	1	120	0.008333333333333333	1	2400	0.0006247396917950854	0.07224926866638336	13.338888888888887	0.14952714559204416
Halobacteria	SZNP01000007.1_55	1	120	0.008333333333333333	17	2400	0.007288629737609329	0.5843196024704109	1.1433333333333333	0.7087547907589508
Halobacteria	NZ_CP095491.1_436	1	120	0.008333333333333333	24	2400	0.01020408163265306	0.7079353274970466	0.8166666666666668	0.780930295798706
Halobacteria	NZ_CP100000.1_3126	1	120	0.008333333333333333	7	2400	0.003123698458975427	0.3130065263885884	2.667777777777778	0.4517481772717528
Halobacteria	NZ_CP031310.1_1075	1	120	0.008333333333333333	1	2400	0.0006247396917950854	0.07224926866638336	13.338888888888887	0.14952714559204416
Halobacteria	NZ_SBIT01000009.1_43	1	120	0.008333333333333333	22	2400	0.009371095376926281	0.6769129998990706	0.8892592592592592	0.7737241864307071
Halobacteria	NC_019964.1_926	1	120	0.008333333333333333	18	2400	0.0077051228654727195	0.6047335889800883	1.0815315315315315	0.7218248624071656
Halobacteria	NZ_CP044523.1_720	1	120	0.008333333333333333	17	2400	0.007288629737609329	0.5843196024704109	1.1433333333333333	0.7087547907589508
Halobacteria	NZ_CP084469.1_2436	1	120	0.008333333333333333	4	2400	0.001874219075385256	0.201577453347234	4.446296296296296	0.32923231879491693
Halobacteria	NZ_CP044129.1_2641	1	120	0.008333333333333333	7	2400	0.003123698458975427	0.3130065263885884	2.667777777777778	0.4517481772717528
Halobacteria	NZ_CP035120.1_17	1	120	0.008333333333333333	38	2400	0.016034985422740525	0.8562662174054672	0.5196969696969697	0.8829017295226184
Halobacteria	NZ_WUYX01000071.1_34	1	120	0.008333333333333333	26	2400	0.011037067888379841	0.7360013759679471	0.7550314465408805	0.7945514053428666
Halobacteria	NZ_RDFA01000008.1_27	1	120	0.008333333333333333	34	2400	0.014369012911286963	0.8239152076059456	0.5799516908212561	0.8587404895769185
Halobacteria	NZ_PEND01000001.1_589	1	120	0.008333333333333333	22	2400	0.009371095376926281	0.6769129998990706	0.8892592592592592	0.7737241864307071
Halobacteria	NZ_VSLZ01000001.1_808	1	120	0.008333333333333333	6	2400	0.0027072053311120365	0.27769310829000654	3.0782051282051284	0.41561470389518373
Halobacteria	NZ_CP019067.1_2690	1	120	0.008333333333333333	29	2400	0.012286547271970013	0.7731617585924474	0.6782485875706215	0.8176428221097953
Halobacteria	NC_019964.1_2171	1	120	0.008333333333333333	30	2400	0.012703040399833403	0.784356708681176	0.6560109289617486	0.8260256588298635
Halobacteria	CP071596.1_3467	1	120	0.008333333333333333	4	2400	0.001874219075385256	0.201577453347234	4.446296296296296	0.32923231879491693
Halobacteria	JADJWG010000002.1_973	1	120	0.008333333333333333	5	2400	0.0022907122032486465	0.24058037425684958	3.6378787878787877	0.3762208172833332
Halobacteria	NZ_JAALLS010000012.1_22	1	120	0.008333333333333333	4	2400	0.001874219075385256	0.201577453347234	4.446296296296296	0.32923231879491693
Halobacteria	NZ_JAJCVJ010000004.1_53	1	120	0.008333333333333333	42	2400	0.017700957934194086	0.8827139222508534	0.4707843137254902	0.9032629305623612
Halobacteria	JADDOW010000045.1_9	1	120	0.008333333333333333	10	2400	0.004373177842565598	0.40899581395308504	1.9055555555555554	0.5498600637055439
Halobacteria	NZ_JALLGW010000001.1_1812	1	120	0.008333333333333333	0	2400	0.00020824656393169514	0.024682470801725857	40.016666666666666	0.06549600519828042
Halobacteria	PXSA01000040.1_4	1	120	0.008333333333333333	8	2400	0.003540191586838817	0.3466071661135069	2.353921568627451	0.48569786160839806
Halobacteria	JACNFV010000084.1_4	1	120	0.008333333333333333	17	2400	0.007288629737609329	0.5843196024704109	1.1433333333333333	0.7087547907589508
Halobacteria	NZ_NHSQ01000077.1_34	1	120	0.008333333333333333	30	2400	0.012703040399833403	0.784356708681176	0.6560109289617486	0.8260256588298635
Halobacteria	NZ_CP100756.1_1072	1	120	0.008333333333333333	1	2400	0.0006247396917950854	0.07224926866638336	13.338888888888887	0.14952714559204416
Halobacteria	NZ_CP044129.1_1367	1	120	0.008333333333333333	26	2400	0.011037067888379841	0.7360013759679471	0.7550314465408805	0.7945514053428666
Halobacteria	NZ_SBIT01000008.1_333	1	120	0.008333333333333333	12	2400	0.005206164098292378	0.46547223651053127	1.6006666666666667	0.604874590118441
Halobacteria	NZ_CP072036.1_1525	1	120	0.008333333333333333	18	2400	0.0077051228654727195	0.6047335889800883	1.0815315315315315	0.7218248624071656
Halobacteria	NZ_AOJN01000066.1_28	1	120	0.008333333333333333	22	2400	0.009371095376926281	0.6769129998990706	0.8892592592592592	0.7737241864307071
Halobacteria	NZ_JAJCVI010000003.1_202	1	120	0.008333333333333333	17	2400	0.007288629737609329	0.5843196024704109	1.1433333333333333	0.7087547907589508
Halobacteria	NZ_JANHJR010000001.1_1268	1	120	0.008333333333333333	45	2400	0.018950437317784258	0.899326811881431	0.43974358974358974	0.9156288084714267
Halobacteria	NZ_CP019067.1_1908	1	120	0.008333333333333333	1	2400	0.0006247396917950854	0.07224926866638336	13.338888888888887	0.14952714559204416
Halobacteria	NZ_CP031310.1_2103	1	120	0.008333333333333333	0	2400	0.00020824656393169514	0.024682470801725857	40.016666666666666	0.06549600519828042
Halobacteria	RHFA01000046.1_7	1	120	0.008333333333333333	6	2400	0.0027072053311120365	0.27769310829000654	3.0782051282051284	0.41561470389518373
Halobacteria	NZ_CP031310.1_2101	1	120	0.008333333333333333	1	2400	0.0006247396917950854	0.07224926866638336	13.338888888888887	0.14952714559204416
Halobacteria	NZ_CP031310.1_2100	1	120	0.008333333333333333	0	2400	0.00020824656393169514	0.024682470801725857	40.016666666666666	0.06549600519828042
Halobacteria	NZ_WUUT01000002.1_277	1	120	0.008333333333333333	0	2400	0.00020824656393169514	0.024682470801725857	40.016666666666666	0.06549600519828042
Halobacteria	JAFEGH010000005.1_2	1	120	0.008333333333333333	0	2400	0.00020824656393169514	0.024682470801725857	40.016666666666666	0.06549600519828042
Halobacteria	NZ_CP031310.1_2090	1	120	0.008333333333333333	0	2400	0.00020824656393169514	0.024682470801725857	40.016666666666666	0.06549600519828042
Halobacteria	NZ_JAJCVI010000003.1_31	1	120	0.008333333333333333	2	2400	0.0010412328196584756	0.1175145993604339	8.003333333333334	0.21920158662988684
Halobacteria	NZ_FOCX01000016.1_36	1	120	0.008333333333333333	1	2400	0.0006247396917950854	0.07224926866638336	13.338888888888887	0.14952714559204416
Halobacteria	NZ_CP031310.1_2086	1	120	0.008333333333333333	1	2400	0.0006247396917950854	0.07224926866638336	13.338888888888887	0.14952714559204416
Halobacteria	NZ_JAAAJC010000001.1_556	1	120	0.008333333333333333	20	2400	0.0085381091211995	0.6426258870257745	0.9760162601626016	0.7489276908162052
Halobacteria	NZ_ML974128.1_146	1	120	0.008333333333333333	17	2400	0.007288629737609329	0.5843196024704109	1.1433333333333333	0.7087547907589508
Halobacteria	JALDAN010000004.1_23	1	120	0.008333333333333333	22	2400	0.009371095376926281	0.6769129998990706	0.8892592592592592	0.7737241864307071
Halobacteria	NZ_RDFA01000001.1_969	1	120	0.008333333333333333	6	2400	0.0027072053311120365	0.27769310829000654	3.0782051282051284	0.41561470389518373
Halobacteria	NZ_JALLGW010000001.1_1807	1	120	0.008333333333333333	0	2400	0.00020824656393169514	0.024682470801725857	40.016666666666666	0.06549600519828042
Halobacteria	NZ_PEND01000007.1_211	1	120	0.008333333333333333	68	2400	0.02852977925864223	0.9689873353233832	0.2920924574209246	0.9728363416205963
Halobacteria	NZ_AOLN01000011.1_241	1	120	0.008333333333333333	1	2400	0.0006247396917950854	0.07224926866638336	13.338888888888887	0.14952714559204416
Halobacteria	NC_017941.2_106	1	120	0.008333333333333333	18	2400	0.0077051228654727195	0.6047335889800883	1.0815315315315315	0.7218248624071656
Halobacteria	AOLX01000014.1_371	1	120	0.008333333333333333	4	2400	0.001874219075385256	0.201577453347234	4.446296296296296	0.32923231879491693
Halobacteria	NZ_JALJCL010000017.1_15	1	120	0.008333333333333333	2	2400	0.0010412328196584756	0.1175145993604339	8.003333333333334	0.21920158662988684
Halobacteria	NZ_AOLK01000011.1_212	1	120	0.008333333333333333	2	2400	0.0010412328196584756	0.1175145993604339	8.003333333333334	0.21920158662988684
Halobacteria	NZ_SOSC01000006.1_42	1	120	0.008333333333333333	0	2400	0.00020824656393169514	0.024682470801725857	40.016666666666666	0.06549600519828042
Halobacteria	CP094974.1_1569	1	120	0.008333333333333333	4	2400	0.001874219075385256	0.201577453347234	4.446296296296296	0.32923231879491693
Halobacteria	NZ_SOSC01000006.1_32	1	120	0.008333333333333333	0	2400	0.00020824656393169514	0.024682470801725857	40.016666666666666	0.06549600519828042
Halobacteria	NZ_FOTC01000008.1_4	1	120	0.008333333333333333	20	2400	0.0085381091211995	0.6426258870257745	0.9760162601626016	0.7489276908162052
Halobacteria	NZ_SOSC01000006.1_20	1	120	0.008333333333333333	6	2400	0.0027072053311120365	0.27769310829000654	3.0782051282051284	0.41561470389518373
Halobacteria	NZ_CP058335.1_92	1	120	0.008333333333333333	15	2400	0.006455643481882549	0.5403033905696767	1.2908602150537634	0.6723036650657761
Halobacteria	RHFB01000044.1_4	1	120	0.008333333333333333	0	2400	0.00020824656393169514	0.024682470801725857	40.016666666666666	0.06549600519828042
Halobacteria	NZ_CP100000.1_3831	1	120	0.008333333333333333	4	2400	0.001874219075385256	0.201577453347234	4.446296296296296	0.32923231879491693
Halobacteria	PXRE01000005.1_55	1	120	0.008333333333333333	0	2400	0.00020824656393169514	0.024682470801725857	40.016666666666666	0.06549600519828042
Halobacteria	NZ_JAKUHT010000001.1_36	1	120	0.008333333333333333	24	2400	0.01020408163265306	0.7079353274970466	0.8166666666666668	0.780930295798706
Halobacteria	PXRE01000005.1_53	1	120	0.008333333333333333	0	2400	0.00020824656393169514	0.024682470801725857	40.016666666666666	0.06549600519828042
Halobacteria	NZ_WUUT01000001.1_1002	1	120	0.008333333333333333	31	2400	0.013119533527696793	0.7950035419162489	0.6351851851851852	0.83462988668466
Halobacteria	PXRE01000005.1_51	1	120	0.008333333333333333	0	2400	0.00020824656393169514	0.024682470801725857	40.016666666666666	0.06549600519828042
Halobacteria	NZ_JDTH01000002.1_583	1	120	0.008333333333333333	39	2400	0.016451478550603915	0.8633861336264208	0.5065400843881857	0.8875275862697626
Halobacteria	PXRE01000005.1_48	1	120	0.008333333333333333	0	2400	0.00020824656393169514	0.024682470801725857	40.016666666666666	0.06549600519828042
Halobacteria	NZ_CP099997.1_2592	1	120	0.008333333333333333	23	2400	0.009787588504789672	0.6928122688610686	0.8514184397163119	0.7765334853864084
Halobacteria	NZ_JALLGW010000001.1_1785	1	120	0.008333333333333333	0	2400	0.00020824656393169514	0.024682470801725857	40.016666666666666	0.06549600519828042
Halobacteria	NZ_JALLGW010000001.1_1806	1	120	0.008333333333333333	0	2400	0.00020824656393169514	0.024682470801725857	40.016666666666666	0.06549600519828042
Halobacteria	NZ_JALLGW010000001.1_1786	1	120	0.008333333333333333	0	2400	0.00020824656393169514	0.024682470801725857	40.016666666666666	0.06549600519828042
Halobacteria	NZ_JALLGW010000001.1_1805	1	120	0.008333333333333333	0	2400	0.00020824656393169514	0.024682470801725857	40.016666666666666	0.06549600519828042
Halobacteria	AOLX01000017.1_80	1	120	0.008333333333333333	43	2400	0.018117451062057477	0.8885333466198448	0.45996168582375474	0.9069229817593772
Halobacteria	NZ_JALLGW010000001.1_1803	1	120	0.008333333333333333	0	2400	0.00020824656393169514	0.024682470801725857	40.016666666666666	0.06549600519828042
Halobacteria	NZ_JALLGW010000001.1_1802	1	120	0.008333333333333333	0	2400	0.00020824656393169514	0.024682470801725857	40.016666666666666	0.06549600519828042
Halobacteria	NZ_JALLGW010000001.1_1801	1	120	0.008333333333333333	0	2400	0.00020824656393169514	0.024682470801725857	40.016666666666666	0.06549600519828042
Halobacteria	NZ_JALLGW010000001.1_1800	1	120	0.008333333333333333	0	2400	0.00020824656393169514	0.024682470801725857	40.016666666666666	0.06549600519828042
Halobacteria	NZ_JALLGW010000001.1_1799	1	120	0.008333333333333333	0	2400	0.00020824656393169514	0.024682470801725857	40.016666666666666	0.06549600519828042
Halobacteria	NZ_JALLGW010000001.1_1798	1	120	0.008333333333333333	0	2400	0.00020824656393169514	0.024682470801725857	40.016666666666666	0.06549600519828042
Halobacteria	NZ_JALLGW010000001.1_1991	1	120	0.008333333333333333	0	2400	0.00020824656393169514	0.024682470801725857	40.016666666666666	0.06549600519828042
Halobacteria	NZ_JALLGW010000001.1_1796	1	120	0.008333333333333333	0	2400	0.00020824656393169514	0.024682470801725857	40.016666666666666	0.06549600519828042
Halobacteria	NZ_JALLGW010000001.1_1795	1	120	0.008333333333333333	0	2400	0.00020824656393169514	0.024682470801725857	40.016666666666666	0.06549600519828042
Halobacteria	NZ_JALLGW010000001.1_1794	1	120	0.008333333333333333	0	2400	0.00020824656393169514	0.024682470801725857	40.016666666666666	0.06549600519828042
Halobacteria	NZ_JALLGW010000001.1_1793	1	120	0.008333333333333333	0	2400	0.00020824656393169514	0.024682470801725857	40.016666666666666	0.06549600519828042
Halobacteria	NZ_JALLGW010000001.1_1792	1	120	0.008333333333333333	0	2400	0.00020824656393169514	0.024682470801725857	40.016666666666666	0.06549600519828042
Halobacteria	NZ_JALLGW010000001.1_1791	1	120	0.008333333333333333	0	2400	0.00020824656393169514	0.024682470801725857	40.016666666666666	0.06549600519828042
Halobacteria	NZ_JALLGW010000001.1_1790	1	120	0.008333333333333333	0	2400	0.00020824656393169514	0.024682470801725857	40.016666666666666	0.06549600519828042
Halobacteria	NZ_WSZK01000013.1_8	1	120	0.008333333333333333	0	2400	0.00020824656393169514	0.024682470801725857	40.016666666666666	0.06549600519828042
Halobacteria	NZ_CP096658.1_1173	1	120	0.008333333333333333	0	2400	0.00020824656393169514	0.024682470801725857	40.016666666666666	0.06549600519828042
Halobacteria	NZ_JALLGW010000001.1_1787	1	120	0.008333333333333333	0	2400	0.00020824656393169514	0.024682470801725857	40.016666666666666	0.06549600519828042
Halobacteria	NC_019964.1_862	1	120	0.008333333333333333	23	2400	0.009787588504789672	0.6928122688610686	0.8514184397163119	0.7765334853864084
Halobacteria	NZ_SOSC01000014.1_2	1	120	0.008333333333333333	7	2400	0.003123698458975427	0.3130065263885884	2.667777777777778	0.4517481772717528
Halobacteria	NZ_JAJCVJ010000001.1_695	1	120	0.008333333333333333	0	2400	0.00020824656393169514	0.024682470801725857	40.016666666666666	0.06549600519828042
Halobacteria	NZ_CP100762.1_216	1	120	0.008333333333333333	0	2400	0.00020824656393169514	0.024682470801725857	40.016666666666666	0.06549600519828042
Halobacteria	NZ_CP100454.1_3303	1	120	0.008333333333333333	1	2400	0.0006247396917950854	0.07224926866638336	13.338888888888887	0.14952714559204416
Halobacteria	CP071596.1_1796	1	120	0.008333333333333333	6	2400	0.0027072053311120365	0.27769310829000654	3.0782051282051284	0.41561470389518373
Halobacteria	NZ_CP100454.1_2547	1	120	0.008333333333333333	13	2400	0.005622657226155768	0.4916692008826852	1.4820987654320987	0.6292121039144237
Halobacteria	PXRX01000012.1_55	1	120	0.008333333333333333	0	2400	0.00020824656393169514	0.024682470801725857	40.016666666666666	0.06549600519828042
Halobacteria	NZ_RDFA01000004.1_228	1	120	0.008333333333333333	2	2400	0.0010412328196584756	0.1175145993604339	8.003333333333334	0.21920158662988684
Halobacteria	PXRX01000038.1_80	1	120	0.008333333333333333	1	2400	0.0006247396917950854	0.07224926866638336	13.338888888888887	0.14952714559204416
Halobacteria	PXRX01000013.1_41	1	120	0.008333333333333333	23	2400	0.009787588504789672	0.6928122688610686	0.8514184397163119	0.7765334853864084
Halobacteria	NZ_CP100000.1_234	1	120	0.008333333333333333	4	2400	0.001874219075385256	0.201577453347234	4.446296296296296	0.32923231879491693
Halobacteria	NZ_NHSQ01000113.1_63	1	120	0.008333333333333333	24	2400	0.01020408163265306	0.7079353274970466	0.8166666666666668	0.780930295798706
Halobacteria	PXSA01000032.1_14	1	120	0.008333333333333333	20	2400	0.0085381091211995	0.6426258870257745	0.9760162601626016	0.7489276908162052
Halobacteria	NZ_OBEJ01000001.1_531	1	120	0.008333333333333333	0	2400	0.00020824656393169514	0.024682470801725857	40.016666666666666	0.06549600519828042
Halobacteria	NZ_CP099993.1_1735	1	120	0.008333333333333333	6	2400	0.0027072053311120365	0.27769310829000654	3.0782051282051284	0.41561470389518373
Halobacteria	PXRK01000001.1_4	1	120	0.008333333333333333	10	2400	0.004373177842565598	0.40899581395308504	1.9055555555555554	0.5498600637055439
Halobacteria	NZ_FNFE01000008.1_207	1	120	0.008333333333333333	2	2400	0.0010412328196584756	0.1175145993604339	8.003333333333334	0.21920158662988684
Halobacteria	NZ_PHNJ01000003.1_349	1	120	0.008333333333333333	18	2400	0.0077051228654727195	0.6047335889800883	1.0815315315315315	0.7218248624071656
Halobacteria	NZ_OBEJ01000001.1_499	1	120	0.008333333333333333	0	2400	0.00020824656393169514	0.024682470801725857	40.016666666666666	0.06549600519828042
Halobacteria	NZ_AQXI01000004.1_223	1	120	0.008333333333333333	2	2400	0.0010412328196584756	0.1175145993604339	8.003333333333334	0.21920158662988684
Halobacteria	NZ_QQTY01000001.1_55	1	120	0.008333333333333333	1	2400	0.0006247396917950854	0.07224926866638336	13.338888888888887	0.14952714559204416
Halobacteria	NZ_QQTY01000001.1_34	1	120	0.008333333333333333	2	2400	0.0010412328196584756	0.1175145993604339	8.003333333333334	0.21920158662988684
Halobacteria	PXRX01000012.1_61	1	120	0.008333333333333333	0	2400	0.00020824656393169514	0.024682470801725857	40.016666666666666	0.06549600519828042
Halobacteria	PXRX01000012.1_65	1	120	0.008333333333333333	0	2400	0.00020824656393169514	0.024682470801725857	40.016666666666666	0.06549600519828042
Halobacteria	PXRX01000028.1_103	1	120	0.008333333333333333	13	2400	0.005622657226155768	0.4916692008826852	1.4820987654320987	0.6292121039144237
Halobacteria	CAJWBY010000113.1_4	1	120	0.008333333333333333	11	2400	0.004789670970428988	0.4379370273375208	1.739855072463768	0.5787638361284099
Halobacteria	JADFQH010000262.1_2	1	120	0.008333333333333333	17	2400	0.007288629737609329	0.5843196024704109	1.1433333333333333	0.7087547907589508
Halobacteria	NZ_JADDKQ010000007.1_1	1	120	0.008333333333333333	46	2400	0.019366930445647648	0.9043281511809322	0.4302867383512544	0.9193320873242056
Halobacteria	JAHRAL010000035.1_1	1	120	0.008333333333333333	23	2400	0.009787588504789672	0.6928122688610686	0.8514184397163119	0.7765334853864084
Halobacteria	JAHENP010000202.1_8	1	120	0.008333333333333333	24	2400	0.01020408163265306	0.7079353274970466	0.8166666666666668	0.780930295798706
Halobacteria	JALDAN010000022.1_14	1	120	0.008333333333333333	23	2400	0.009787588504789672	0.6928122688610686	0.8514184397163119	0.7765334853864084
Halobacteria	NZ_PEND01000006.1_232	1	120	0.008333333333333333	1	2400	0.0006247396917950854	0.07224926866638336	13.338888888888887	0.14952714559204416
Halobacteria	JOSY01000033.1_16	1	120	0.008333333333333333	26	2400	0.011037067888379841	0.7360013759679471	0.7550314465408805	0.7945514053428666
Halobacteria	NZ_PEND01000007.1_201	1	120	0.008333333333333333	0	2400	0.00020824656393169514	0.024682470801725857	40.016666666666666	0.06549600519828042
Halobacteria	NZ_QPII01000001.1_144	1	120	0.008333333333333333	16	2400	0.0068721366097459395	0.562860545942409	1.2126262626262625	0.693542976170354
Halobacteria	VYCS01000031.1_16	1	120	0.008333333333333333	21	2400	0.00895460224906289	0.6601980323709394	0.9306201550387596	0.763247811008599
Halobacteria	NZ_FOTC01000003.1_297	1	120	0.008333333333333333	20	2400	0.0085381091211995	0.6426258870257745	0.9760162601626016	0.7489276908162052
Halobacteria	NZ_JDTH01000002.1_1833	1	120	0.008333333333333333	2	2400	0.0010412328196584756	0.1175145993604339	8.003333333333334	0.21920158662988684
Halobacteria	NZ_QLVG01000056.1_9	1	120	0.008333333333333333	0	2400	0.00020824656393169514	0.024682470801725857	40.016666666666666	0.06549600519828042
Halobacteria	NZ_QLVG01000056.1_8	1	120	0.008333333333333333	0	2400	0.00020824656393169514	0.024682470801725857	40.016666666666666	0.06549600519828042
Halobacteria	NZ_AQXI01000001.1_885	1	120	0.008333333333333333	0	2400	0.00020824656393169514	0.024682470801725857	40.016666666666666	0.06549600519828042
Halobacteria	PXRX01000012.1_76	1	120	0.008333333333333333	0	2400	0.00020824656393169514	0.024682470801725857	40.016666666666666	0.06549600519828042
Halobacteria	PXRX01000012.1_74	1	120	0.008333333333333333	0	2400	0.00020824656393169514	0.024682470801725857	40.016666666666666	0.06549600519828042
Halobacteria	PXRX01000012.1_71	1	120	0.008333333333333333	0	2400	0.00020824656393169514	0.024682470801725857	40.016666666666666	0.06549600519828042
Halobacteria	NZ_QLVG01000046.1_18	1	120	0.008333333333333333	12	2400	0.005206164098292378	0.46547223651053127	1.6006666666666667	0.604874590118441
Halobacteria	NZ_JALXFV010000008.1_846	1	120	0.008333333333333333	21	2400	0.00895460224906289	0.6601980323709394	0.9306201550387596	0.763247811008599
Halobacteria	NZ_MWLL01000206.1_4	1	120	0.008333333333333333	15	2400	0.006455643481882549	0.5403033905696767	1.2908602150537634	0.6723036650657761
Halobacteria	NZ_JANHDP010000003.1_75	1	120	0.008333333333333333	0	2400	0.00020824656393169514	0.024682470801725857	40.016666666666666	0.06549600519828042
Halobacteria	NZ_JAJFAY010000005.1_61	1	120	0.008333333333333333	0	2400	0.00020824656393169514	0.024682470801725857	40.016666666666666	0.06549600519828042
Halobacteria	NZ_AOLJ01000015.1_13	1	120	0.008333333333333333	25	2400	0.01062057476051645	0.7223197678273949	0.784640522875817	0.7869237987860951
Halobacteria	CAJWBY010000007.1_24	1	120	0.008333333333333333	9	2400	0.003956684714702207	0.3785774366091882	2.106140350877193	0.5214465782178328
Halobacteria	NZ_CP095757.1_356	1	120	0.008333333333333333	9	2400	0.003956684714702207	0.3785774366091882	2.106140350877193	0.5214465782178328
Halobacteria	NZ_VSLZ01000001.1_825	1	120	0.008333333333333333	12	2400	0.005206164098292378	0.46547223651053127	1.6006666666666667	0.604874590118441
Halobacteria	NZ_JAAOIR010000001.1_1394	1	120	0.008333333333333333	10	2400	0.004373177842565598	0.40899581395308504	1.9055555555555554	0.5498600637055439
Halobacteria	NZ_JAAAJC010000002.1_71	1	120	0.008333333333333333	1	2400	0.0006247396917950854	0.07224926866638336	13.338888888888887	0.14952714559204416
Halobacteria	NZ_RDFA01000004.1_64	1	120	0.008333333333333333	50	2400	0.021032902957101206	0.9219861957859672	0.39620462046204624	0.9354019507672984
Halobacteria	NZ_JAJCVJ010000001.1_719	1	120	0.008333333333333333	0	2400	0.00020824656393169514	0.024682470801725857	40.016666666666666	0.06549600519828042
Halobacteria	NZ_CVUA01000001.1_1625	1	120	0.008333333333333333	23	2400	0.009787588504789672	0.6928122688610686	0.8514184397163119	0.7765334853864084
Halobacteria	JADKAQ010000009.1_24	1	120	0.008333333333333333	24	2400	0.01020408163265306	0.7079353274970466	0.8166666666666668	0.780930295798706
Halobacteria	JADKAQ010000009.1_25	1	120	0.008333333333333333	28	2400	0.011870054144106622	0.7613907228469576	0.702046783625731	0.8098537830597309
Halobacteria	CAJWBY010000042.1_18	1	120	0.008333333333333333	23	2400	0.009787588504789672	0.6928122688610686	0.8514184397163119	0.7765334853864084
Halobacteria	NZ_CP095487.1_3386	1	120	0.008333333333333333	4	2400	0.001874219075385256	0.201577453347234	4.446296296296296	0.32923231879491693
Halobacteria	NZ_OBEJ01000002.1_774	1	120	0.008333333333333333	17	2400	0.007288629737609329	0.5843196024704109	1.1433333333333333	0.7087547907589508
Halobacteria	PXRE01000018.1_3	1	120	0.008333333333333333	23	2400	0.009787588504789672	0.6928122688610686	0.8514184397163119	0.7765334853864084
Halobacteria	NZ_CP100355.1_3383	1	120	0.008333333333333333	7	2400	0.003123698458975427	0.3130065263885884	2.667777777777778	0.4517481772717528
Halobacteria	NZ_FOTC01000002.1_647	1	120	0.008333333333333333	23	2400	0.009787588504789672	0.6928122688610686	0.8514184397163119	0.7765334853864084
Halobacteria	PXRE01000024.1_94	1	120	0.008333333333333333	30	2400	0.012703040399833403	0.784356708681176	0.6560109289617486	0.8260256588298635
Halobacteria	NZ_JAJCVJ010000003.1_73	1	120	0.008333333333333333	18	2400	0.0077051228654727195	0.6047335889800883	1.0815315315315315	0.7218248624071656
Halobacteria	NZ_WSZK01000015.1_50	1	120	0.008333333333333333	2	2400	0.0010412328196584756	0.1175145993604339	8.003333333333334	0.21920158662988684
Halobacteria	NZ_JAAAJC010000002.1_87	1	120	0.008333333333333333	0	2400	0.00020824656393169514	0.024682470801725857	40.016666666666666	0.06549600519828042
Halobacteria	NZ_JAAAJC010000002.1_90	1	120	0.008333333333333333	0	2400	0.00020824656393169514	0.024682470801725857	40.016666666666666	0.06549600519828042
Halobacteria	NZ_JAAAJC010000002.1_107	1	120	0.008333333333333333	0	2400	0.00020824656393169514	0.024682470801725857	40.016666666666666	0.06549600519828042
Halobacteria	NZ_JANHDP010000003.1_63	1	120	0.008333333333333333	2	2400	0.0010412328196584756	0.1175145993604339	8.003333333333334	0.21920158662988684
Halobacteria	NZ_WRXM01000001.1_1028	1	120	0.008333333333333333	29	2400	0.012286547271970013	0.7731617585924474	0.6782485875706215	0.8176428221097953
Halobacteria	NZ_JANHDJ010000004.1_373	1	120	0.008333333333333333	9	2400	0.003956684714702207	0.3785774366091882	2.106140350877193	0.5214465782178328
Halobacteria	NZ_CP100355.1_3325	1	120	0.008333333333333333	8	2400	0.003540191586838817	0.3466071661135069	2.353921568627451	0.48569786160839806
Halobacteria	NZ_JAAOIR010000001.1_208	1	120	0.008333333333333333	1	2400	0.0006247396917950854	0.07224926866638336	13.338888888888887	0.14952714559204416
Halobacteria	NZ_JALLPK010000001.1_2911	1	120	0.008333333333333333	8	2400	0.003540191586838817	0.3466071661135069	2.353921568627451	0.48569786160839806
Halobacteria	NZ_JAAOIR010000001.1_200	1	120	0.008333333333333333	5	2400	0.0022907122032486465	0.24058037425684958	3.6378787878787877	0.3762208172833332
Halobacteria	NZ_JAAOIR010000001.1_173	1	120	0.008333333333333333	0	2400	0.00020824656393169514	0.024682470801725857	40.016666666666666	0.06549600519828042
Halobacteria	NC_019964.1_3075	1	120	0.008333333333333333	29	2400	0.012286547271970013	0.7731617585924474	0.6782485875706215	0.8176428221097953
Halobacteria	NZ_PHNJ01000002.1_441	1	120	0.008333333333333333	4	2400	0.001874219075385256	0.201577453347234	4.446296296296296	0.32923231879491693
Halobacteria	NZ_JAAAJC010000002.1_105	1	120	0.008333333333333333	0	2400	0.00020824656393169514	0.024682470801725857	40.016666666666666	0.06549600519828042
Halobacteria	NZ_WUUT01000001.1_18	1	120	0.008333333333333333	10	2400	0.004373177842565598	0.40899581395308504	1.9055555555555554	0.5498600637055439
Halobacteria	NZ_JAAAJC010000002.1_103	1	120	0.008333333333333333	0	2400	0.00020824656393169514	0.024682470801725857	40.016666666666666	0.06549600519828042
Halobacteria	NZ_CP100445.1_2953	1	120	0.008333333333333333	8	2400	0.003540191586838817	0.3466071661135069	2.353921568627451	0.48569786160839806
Halobacteria	NZ_NHSQ01000052.1_45	1	120	0.008333333333333333	63	2400	0.026447313619325282	0.9599008526107587	0.31509186351706037	0.9656316039696289
Halobacteria	JAHENP010000075.1_9	1	120	0.008333333333333333	26	2400	0.011037067888379841	0.7360013759679471	0.7550314465408805	0.7945514053428666
Halobacteria	NZ_CP035119.1_347	1	120	0.008333333333333333	3	2400	0.0014577259475218659	0.16058892618991924	5.716666666666667	0.28260296671541923
Halobacteria	NZ_JAAAJC010000002.1_95	1	120	0.008333333333333333	0	2400	0.00020824656393169514	0.024682470801725857	40.016666666666666	0.06549600519828042
Halobacteria	JAHENP010000151.1_6	1	120	0.008333333333333333	0	2400	0.00020824656393169514	0.024682470801725857	40.016666666666666	0.06549600519828042
Nitrososphaeria	NZ_JAALLS010000006.1_3	114	141	0.8085106382978723	34	2820	0.012229705778092875	4.553071276498236e-190	66.11039161270428	5.491003959456873e-187
Nitrososphaeria	NZ_CP017922.1_1594	102	141	0.723404255319149	44	2820	0.015774548032612547	8.142490505975101e-150	45.85895290461392	4.909921775102986e-147
Nitrososphaeria	NZ_CP030846.1_1193	97	141	0.6879432624113475	38	2820	0.013647642679900745	5.143946280542128e-145	50.40747904577692	2.0678664047779354e-142
Nitrososphaeria	NZ_BBMP01000022.1_275	92	141	0.6524822695035462	37	2820	0.013293158454448777	3.1014430902288176e-135	49.08406619385343	7.480680733631908e-133
Nitrososphaeria	CAJQMY010000047.1_9	90	141	0.6382978723404256	33	2820	0.011875221552640907	2.3541754899901177e-135	53.75039695141315	7.097839102320205e-133
Nitrososphaeria	RKRY01000155.1_10	89	141	0.6312056737588653	38	2820	0.013647642679900745	7.366670378462395e-128	46.2501611863314	1.4807007460709413e-125
Nitrososphaeria	NZ_CP072036.1_1276	80	141	0.5673758865248227	36	2820	0.01293867422899681	2.13097593689927e-111	43.851160983192464	3.6713671141436e-109
Nitrososphaeria	NZ_MWLL01000170.1_8	73	141	0.5177304964539007	36	2820	0.01293867422899681	1.0523707301673666e-97	40.01418439716312	1.586448875727305e-95
Nitrososphaeria	UYNY01000031.1_96	66	141	0.46808510638297873	38	2820	0.013647642679900745	4.17667249583084e-83	34.297872340425535	5.596741144413326e-81
Nitrososphaeria	JADFLH010000008.1_14	64	141	0.45390070921985815	36	2820	0.01293867422899681	5.562040997229203e-81	35.08092878655397	6.707821442658419e-79
Nitrososphaeria	NZ_MWLL01000079.1_22	61	141	0.4326241134751773	39	2820	0.014002126905352711	1.4257291146015426e-73	30.897028458568993	1.4328577601745504e-71
Nitrososphaeria	NZ_JALIQP010000001.1_930	60	141	0.425531914893617	35	2820	0.012584190003544842	1.4007886540423412e-74	33.8148037159125	1.535773742522785e-72
Nitrososphaeria	NZ_CBTY010000008.1_463	57	141	0.40425531914893614	257	2820	0.0912796880538816	2.9348744502258987e-23	4.428754389588928	1.0725632081734647e-21
Nitrososphaeria	NZ_JAALLS010000004.1_50	56	141	0.3971631205673759	38	2820	0.013647642679900745	1.100682395357274e-65	29.101225016118633	1.0210945913852865e-63
Nitrososphaeria	NZ_JAAOIR010000001.1_15	49	141	0.3475177304964539	40	2820	0.01435661113080468	3.3807677383214896e-53	24.206111548901145	2.5482536827598226e-51
Nitrososphaeria	DP000238.1_1234	47	141	0.3333333333333333	70	2820	0.0249911378943637	3.268606743408086e-39	13.338061465721038	1.7138868402391963e-37
Nitrososphaeria	JAGQHF010000020.1_2	45	141	0.3191489361702128	30	2820	0.010811768876285006	1.9332698843963352e-52	29.51866062085804	1.3714844003423413e-50
Nitrososphaeria	JABSRD010000008.1_102	45	141	0.3191489361702128	16	2820	0.005848989719957462	3.044913290933493e-64	54.56479690522244	2.6229753063327092e-62
Nitrososphaeria	JACNFV010000162.1_5	44	141	0.3120567375886525	36	2820	0.01293867422899681	1.809485583482616e-47	24.118138540755854	1.2123553409333528e-45
Nitrososphaeria	JAHRAJ010000002.1_16	42	141	0.2978723404255319	41	2820	0.014711095356256646	3.7993309552797554e-42	20.248141502178928	2.1819014914606596e-40
Nitrososphaeria	RHFA01000120.1_3	41	141	0.2907801418439716	33	2820	0.011875221552640907	2.1776189404751736e-44	24.486291944532656	1.3131042211065296e-42
Nitrososphaeria	WHSX01000054.1_4	38	141	0.2695035460992908	13	2820	0.00478553704360156	1.5573212863574587e-54	56.316259521933276	1.2520863142313968e-52
Nitrososphaeria	JOSY01000033.1_16	37	141	0.2624113475177305	41	2820	0.014711095356256646	4.7683418555788295e-35	17.837648466205245	2.2117770299338724e-33
Nitrososphaeria	NZ_LQMW01000022.1_117	35	141	0.24822695035460993	24	2820	0.008684863523573201	4.6913064204844636e-40	28.581560283687942	2.5716888832292103e-38
Nitrososphaeria	JABDOO010000027.1_1	32	141	0.22695035460992907	12	2820	0.004431052818149593	1.5242584726502376e-44	51.21815602836879	9.675030094822034e-43
Nitrososphaeria	NZ_QURE01000131.1_1	31	141	0.2198581560283688	40	2820	0.01435661113080468	2.3037778080146264e-27	15.314070571753787	9.922700130234428e-26
Nitrososphaeria	JAKUOP010000010.1_23	31	141	0.2198581560283688	30	2820	0.010811768876285006	5.134265978592184e-31	20.335077316591093	2.293305470437842e-29
Nitrososphaeria	LFLC01000043.1_32	30	141	0.2127659574468085	37	2820	0.013293158454448777	4.938389039649582e-27	16.00567375886525	2.0536886833853086e-25
Nitrososphaeria	JAGQHF010000041.1_3	29	141	0.20567375886524822	12	2820	0.004431052818149593	3.769595290758939e-39	46.416453900709215	1.894221633606367e-37
Nitrososphaeria	NZ_CP011070.1_1799	27	141	0.19148936170212766	11	2820	0.004076568592697625	1.3149656163499117e-36	46.973172987974095	6.343394133271974e-35
Nitrososphaeria	NZ_RKLT01000003.1_24	26	141	0.18439716312056736	27	2820	0.009748316199929103	2.8057496785540578e-25	18.915796260477112	1.0915271330116753e-23
Nitrososphaeria	CABXQD010000010.1_29	24	141	0.1702127659574468	34	2820	0.012229705778092875	2.4289506766561838e-20	13.917977181621954	8.615630929551052e-19
Nitrososphaeria	JAHEXS010000001.1_31	23	141	0.16312056737588654	35	2820	0.012584190003544842	7.416006478277633e-19	12.962341424433125	2.484362170223007e-17
Nitrososphaeria	JABDKK010000051.1_4	23	141	0.16312056737588654	34	2820	0.012229705778092875	4.002486612167126e-19	13.33806146572104	1.379142529792444e-17
Nitrososphaeria	NZ_MU078716.1_75	22	141	0.15602836879432624	13	2820	0.00478553704360156	1.595281016467929e-26	32.60415024954032	6.413029686201074e-25
Nitrososphaeria	NZ_CP012850.1_1040	20	141	0.14184397163120568	13	2820	0.00478553704360156	2.2016126340567393e-23	29.6401365904912	8.297327614601336e-22
Nitrososphaeria	JACZSC010000035.1_4	20	141	0.14184397163120568	130	2820	0.046260191421481744	8.676395616764411e-06	3.066221026602538	0.0001335122188159925
Nitrososphaeria	LDXL01000005.1_6	16	141	0.11347517730496454	62	2820	0.022155264090747962	1.1814183873783638e-07	5.121815602836879	2.374650958630511e-06
Nitrososphaeria	JAHEXS010000133.1_4	16	141	0.11347517730496454	28	2820	0.010102800425381071	1.7237155510981171e-12	11.232051760607192	4.949526082438879e-11
Nitrososphaeria	OMIR01000063.1_9	16	141	0.11347517730496454	28	2820	0.010102800425381071	1.7237155510981171e-12	11.232051760607192	4.949526082438879e-11
Nitrososphaeria	NZ_CP011097.1_835	16	141	0.11347517730496454	26	2820	0.009393831974477136	5.8517412853179e-13	12.079753780275658	1.8095384589983045e-11
Nitrososphaeria	JAHEXS010000001.1_27	15	141	0.10638297872340426	38	2820	0.013647642679900745	1.2890710288325642e-09	7.794970986460348	2.989653193792447e-08
Nitrososphaeria	NZ_CP067007.1_1173	15	141	0.10638297872340426	26	2820	0.009393831974477136	7.877304195162613e-12	11.32476916900843	2.1590974680377526e-10
Nitrososphaeria	JALDAN010000001.1_53	14	141	0.09929078014184398	42	2820	0.015065579581708614	3.741879114600496e-08	6.590571547768043	7.7805279520831e-07
Nitrososphaeria	JAGXTE010000054.1_47	14	141	0.09929078014184398	39	2820	0.014002126905352711	1.5241308062033996e-08	7.0911212855732115	3.3484852585189646e-07
Nitrososphaeria	DTTB01000133.1_19	13	141	0.09219858156028368	44	2820	0.015774548032612547	4.522186934701407e-07	5.844768507450793	8.521496005077963e-06
Nitrososphaeria	JACDHC010000112.1_9	13	141	0.09219858156028368	17	2820	0.00620347394540943	7.614219510037045e-12	14.862411347517728	2.1355229602569014e-10
Nitrososphaeria	NZ_CP026994.1_713	13	141	0.09219858156028368	23	2820	0.008330379298121233	2.728954766937329e-10	11.067753131130225	6.716570303931467e-09
Nitrososphaeria	VMDM01000036.1_7	13	141	0.09219858156028368	19	2820	0.0069124423963133645	2.8570307154360605e-11	13.338061465721038	7.490389223512802e-10
Nitrososphaeria	JAJETY010000014.1_40	12	141	0.0851063829787234	39	2820	0.014002126905352711	8.524347151809402e-07	6.078103959062752	1.581594256166483e-05
Nitrososphaeria	NSIR01000004.1_97	12	141	0.0851063829787234	45	2820	0.016129032258064516	3.6095341122533946e-06	5.276595744680851	5.882565053212965e-05
Nitrososphaeria	JOSY01000060.1_11	11	141	0.07801418439716312	287	2820	0.10191421481744062	0.8613044225115032	0.7654887449892076	0.9143777584056979
Nitrososphaeria	NZ_CP011070.1_967	11	141	0.07801418439716312	15	2820	0.005494505494505495	5.263665481745324e-10	14.198581560283687	1.269596114196972e-08
Nitrososphaeria	JABDKK010000050.1_8	11	141	0.07801418439716312	100	2820	0.035625664657922725	0.012497142067402945	2.1898309869094246	0.04793627630847268
Nitrososphaeria	JACDHC010000108.1_5	11	141	0.07801418439716312	29	2820	0.010457284650833037	3.457779303377318e-07	7.460271667267701	6.725938451408138e-06
Nitrososphaeria	JOSY01000048.1_19	11	141	0.07801418439716312	4	2820	0.0015951790145338532	1.0347193959334793e-15	48.90622537431048	3.372625922961557e-14
Nitrososphaeria	JABJDB010000109.1_9	11	141	0.07801418439716312	11	2820	0.004076568592697625	2.3373126773453837e-11	19.137218624730185	6.263997975285629e-10
Nitrososphaeria	JAATVP010000133.1_3	9	141	0.06382978723404255	39	2820	0.014002126905352711	0.00018427881290034061	4.5585779692970645	0.0021788259642922625
Nitrososphaeria	DP000238.1_1680	9	141	0.06382978723404255	37	2820	0.013293158454448777	0.0001255216564443565	4.801702127659574	0.0015606094605349892
Nitrososphaeria	NZ_CP024808.1_294	9	141	0.06382978723404255	8	2820	0.003013115916341723	6.695534027570405e-10	21.18397997496871	1.5832968700490017e-08
Nitrososphaeria	JAHRAL010000052.1_11	9	141	0.06382978723404255	41	2820	0.014711095356256646	0.00026437315253776534	4.338887464752627	0.0028738370735474617
Nitrososphaeria	JACNFR010000075.1_4	9	141	0.06382978723404255	44	2820	0.015774548032612547	0.00043710462632651735	4.046378197465933	0.004086419994959534
Nitrososphaeria	NZ_CP030846.1_851	9	141	0.06382978723404255	36	2820	0.01293867422899681	0.00010262370021665172	4.933255610609152	0.0012892102339716873
Nitrososphaeria	JALDAN010000002.1_26	9	141	0.06382978723404255	48	2820	0.017192484934420417	0.0008026144821158397	3.712656284272867	0.00686491535767165
Nitrososphaeria	NZ_MU078716.1_78	9	141	0.06382978723404255	3	2820	0.0012406947890818859	2.81197624032961e-13	51.44680851063829	8.924324594309235e-12
Nitrososphaeria	DP000238.1_1668	9	141	0.06382978723404255	26	2820	0.009393831974477136	8.745825278991216e-06	6.794861501405057	0.0001335122188159925
Nitrososphaeria	JAENJF010000030.1_11	9	141	0.06382978723404255	40	2820	0.01435661113080468	0.0002213277400277656	4.446020488573679	0.002542107185461765
Nitrososphaeria	UYNY01000113.1_17	9	141	0.06382978723404255	39	2820	0.014002126905352711	0.00018427881290034061	4.5585779692970645	0.0021788259642922625
Nitrososphaeria	JAATVR010000510.1_11	9	141	0.06382978723404255	38	2820	0.013647642679900745	0.00015255051414626267	4.676982591876208	0.0018583426268726543
Nitrososphaeria	JAGQHF010000155.1_5	9	141	0.06382978723404255	7	2820	0.0026586316908897554	2.2638027126772068e-10	24.00851063829787	5.687804315601482e-09
Nitrososphaeria	NZ_CP026993.1_679	9	141	0.06382978723404255	10	2820	0.0037220843672456576	4.122695161381044e-09	17.148936170212764	9.381076159670829e-08
Nitrososphaeria	NZ_MU078723.1_299	8	141	0.05673758865248227	51	2820	0.018255937610776322	0.004583933574354954	3.1078978172553877	0.030208873719519535
Nitrososphaeria	CAJWBY010000263.1_4	8	141	0.05673758865248227	23	2820	0.008330379298121233	2.74936125276031e-05	6.8109250037724465	0.0004043572769303578
Nitrososphaeria	JABJDB010000096.1_13	8	141	0.05673758865248227	31	2820	0.011166253101736972	0.00020542071965931933	5.081166272655635	0.002382090268357107
Nitrososphaeria	NZ_JANHDJ010000006.1_208	8	141	0.05673758865248227	38	2820	0.013647642679900745	0.0007651085647516281	4.157317859445519	0.0066678095090001895
Nitrososphaeria	VHBK01000003.1_59	8	141	0.05673758865248227	37	2820	0.013293158454448777	0.0006460765798245421	4.268179669030733	0.005858408686228555
Nitrososphaeria	VHBK01000024.1_12	8	141	0.05673758865248227	2	2820	0.0008862105636299185	1.0844882349252381e-12	64.022695035461	3.269732028299593e-11
Nitrososphaeria	NZ_CP017922.1_2058	8	141	0.05673758865248227	46	2820	0.016483516483516484	0.0024886154192725026	3.4420803782505907	0.018737319415298687
Nitrososphaeria	JAHFUX010000006.1_8	8	141	0.05673758865248227	38	2820	0.013647642679900745	0.0007651085647516281	4.157317859445519	0.0066678095090001895
Nitrososphaeria	UYNY01000031.1_155	7	141	0.04964539007092199	44	2820	0.015774548032612547	0.007356270749989568	3.1471830424735043	0.04503381992125593
Nitrososphaeria	CACLNC010000005.1_16	7	141	0.04964539007092199	6	2820	0.002304147465437788	4.974875436443403e-08	21.54609929078014	1.0168982671780922e-06
Nitrososphaeria	JAHRAL010000052.1_17	7	141	0.04964539007092199	37	2820	0.013293158454448777	0.002952885939790708	3.7346572104018914	0.020233979791974964
Nitrososphaeria	PAAH01000021.1_3	7	141	0.04964539007092199	18	2820	0.006557958170861397	4.58165729275668e-05	7.5702511021659955	0.0006500563170664184
Nitrososphaeria	NZ_RDFA01000003.1_60	7	141	0.04964539007092199	47	2820	0.016838000708968452	0.010281829712300367	2.9484135871593877	0.04793627630847268
Nitrososphaeria	JADJWG010000001.1_668	7	141	0.04964539007092199	135	2820	0.04803261254874158	0.5188079478025004	1.0335767187459108	0.6074586262619568
Nitrososphaeria	WVWY01000026.1_104	7	141	0.04964539007092199	18	2820	0.006557958170861397	4.58165729275668e-05	7.5702511021659955	0.0006500563170664184
Nitrososphaeria	NZ_MU078723.1_203	7	141	0.04964539007092199	28	2820	0.010102800425381071	0.0006251667970871715	4.914022645265646	0.005755352345703273
Nitrososphaeria	JAHRAL010000114.1_3	7	141	0.04964539007092199	18	2820	0.006557958170861397	4.58165729275668e-05	7.5702511021659955	0.0006500563170664184
Nitrososphaeria	WHTU01000019.1_56	7	141	0.04964539007092199	38	2820	0.013647642679900745	0.003408167724758504	3.637653127014829	0.02309129368572335
Nitrososphaeria	NZ_MU078723.1_324	7	141	0.04964539007092199	63	2820	0.02250974831619993	0.041146707693383626	2.2055062266152903	0.07839325352009582
Nitrososphaeria	DAMC01000088.1_11	7	141	0.04964539007092199	2	2820	0.0008862105636299185	7.312319408896508e-11	56.01985815602837	1.87631004407004e-09
Nitrososphaeria	CACLNC010000019.1_8	7	141	0.04964539007092199	10	2820	0.0037220843672456576	1.209867640858712e-06	13.33806146572104	2.114638224457401e-05
Nitrososphaeria	RKRU01000181.1_14	7	141	0.04964539007092199	38	2820	0.013647642679900745	0.003408167724758504	3.637653127014829	0.02309129368572335
Nitrososphaeria	PAAH01000002.1_7	7	141	0.04964539007092199	33	2820	0.011875221552640907	0.0015789747975052221	4.180586429554356	0.012694957371941986
Nitrososphaeria	NZ_CP067007.1_662	7	141	0.04964539007092199	37	2820	0.013293158454448777	0.002952885939790708	3.7346572104018914	0.020233979791974964
Nitrososphaeria	JACZTB010000009.1_59	7	141	0.04964539007092199	40	2820	0.01435661113080468	0.004477647491728228	3.458015935557307	0.029670565247385948
Nitrososphaeria	RKSK01000012.1_6	6	141	0.0425531914893617	41	2820	0.014711095356256646	0.01853065962035087	2.8925916431684184	0.04793627630847268
Nitrososphaeria	JAAUVF010000019.1_1	6	141	0.0425531914893617	27	2820	0.009748316199929103	0.002748060805778721	4.365183752417795	0.01915700191774068
Nitrososphaeria	LFEZ01000013.1_8	6	141	0.0425531914893617	41	2820	0.014711095356256646	0.01853065962035087	2.8925916431684184	0.04793627630847268
Nitrososphaeria	JACNFR010000009.1_5	6	141	0.0425531914893617	8	2820	0.003013115916341723	5.178528373102285e-06	14.122653316645806	8.11078599735241e-05
Nitrososphaeria	NZ_CP011070.1_977	6	141	0.0425531914893617	29	2820	0.010457284650833037	0.0038637405704098128	4.069239091236928	0.02581682276964147
Nitrososphaeria	JACASW010000013.1_18	6	141	0.0425531914893617	5	2820	0.0019496632399858206	4.2963301364489027e-07	21.825918762088975	8.224403404059328e-06
Nitrososphaeria	JAATVR010000280.1_5	6	141	0.0425531914893617	38	2820	0.013647642679900745	0.013312965182966065	3.117988394584139	0.04793627630847268
Nitrososphaeria	JAANXA010000013.1_61	6	141	0.0425531914893617	8	2820	0.003013115916341723	5.178528373102285e-06	14.122653316645806	8.11078599735241e-05
Nitrososphaeria	JAHEXS010000042.1_5	6	141	0.0425531914893617	34	2820	0.012229705778092875	0.00808831718009887	3.4794942954054884	0.04793627630847268
Nitrososphaeria	VMDM01000024.1_117	6	141	0.0425531914893617	22	2820	0.007975895072669267	0.0010086776119630544	5.335224586288415	0.008331953424845504
Nitrososphaeria	RKRY01000001.1_1	6	141	0.0425531914893617	47	2820	0.016838000708968452	0.032839669244733416	2.527211646136618	0.06306471514195622
Nitrososphaeria	JACZUQ010000014.1_5	6	141	0.0425531914893617	53	2820	0.018964906061680255	0.05292139734646405	2.243786040962418	0.09972375812474318
Nitrososphaeria	NZ_CP099997.1_1197	6	141	0.0425531914893617	47	2820	0.016838000708968452	0.032839669244733416	2.527211646136618	0.06306471514195622
Nitrososphaeria	NZ_CP007026.1_597	6	141	0.0425531914893617	16	2820	0.005848989719957462	0.00020005270300107856	7.275306254029657	0.002342364658439813
Nitrososphaeria	JABDKK010000192.1_11	6	141	0.0425531914893617	27	2820	0.009748316199929103	0.002748060805778721	4.365183752417795	0.01915700191774068
Nitrososphaeria	JACEMX010000015.1_16	6	141	0.0425531914893617	21	2820	0.007621410847217299	0.0007995644193814641	5.583374567046016	0.00686491535767165
Nitrososphaeria	NZ_MU078718.1_1	6	141	0.0425531914893617	33	2820	0.011875221552640907	0.007056822781859794	3.5833597967608766	0.04395309011523328
Nitrososphaeria	NZ_CP095487.1_2963	6	141	0.0425531914893617	48	2820	0.017192484934420417	0.03577014958855402	2.475104189515245	0.06858314849570135
Nitrososphaeria	NZ_QURE01000004.1_20	5	141	0.03546099290780142	46	2820	0.016483516483516484	0.08494017676090206	2.1513002364066196	0.12507674380176786
Nitrososphaeria	VYCS01000035.1_5	5	141	0.03546099290780142	37	2820	0.013293158454448777	0.04090554186100521	2.667612293144208	0.07805709412084222
Nitrososphaeria	NZ_QURE01000117.1_8	5	141	0.03546099290780142	48	2820	0.017192484934420417	0.0971725510583578	2.0625868245960373	0.1427406779249446
Nitrososphaeria	VYCS01000032.1_26	5	141	0.03546099290780142	42	2820	0.015065579581708614	0.06311317276540464	2.353775552774301	0.10704412638916101
Nitrososphaeria	PAAH01000015.1_47	5	141	0.03546099290780142	8	2820	0.003013115916341723	7.640215259186138e-05	11.768877763871506	0.0009907633981267186
Nitrososphaeria	CAJQSE010000010.1_23	5	141	0.03546099290780142	42	2820	0.015065579581708614	0.06311317276540464	2.353775552774301	0.10704412638916101
Nitrososphaeria	LDXL01000008.1_147	5	141	0.03546099290780142	51	2820	0.018255937610776322	0.11709653973089355	1.9424361357846176	0.16196633049871526
Nitrososphaeria	JAHELB010000057.1_2	5	141	0.03546099290780142	17	2820	0.00620347394540943	0.0019771992113236277	5.716312056737588	0.015791405621564867
Nitrososphaeria	NC_019964.1_2171	5	141	0.03546099290780142	43	2820	0.015420063807160581	0.06823434686823915	2.2996657699519036	0.10704412638916101
Nitrososphaeria	JACZSC010000031.1_18	5	141	0.03546099290780142	15	2820	0.005494505494505495	0.0011664714104239978	6.453900709219858	0.009569826673274431
Nitrososphaeria	JACASW010000013.1_22	5	141	0.03546099290780142	5	2820	0.0019496632399858206	9.768860706324184e-06	18.188265635074146	0.00014726557514783706
Nitrososphaeria	WHTU01000081.1_3	5	141	0.03546099290780142	46	2820	0.016483516483516484	0.08494017676090206	2.1513002364066196	0.12507674380176786
Nitrososphaeria	UYNY01000093.1_15	5	141	0.03546099290780142	39	2820	0.014002126905352711	0.049108947150259125	2.532543316276147	0.09282976530284091
Nitrososphaeria	VHBH01000001.1_45	5	141	0.03546099290780142	48	2820	0.017192484934420417	0.0971725510583578	2.0625868245960373	0.1427406779249446
Nitrososphaeria	UYNY01000031.1_59	5	141	0.03546099290780142	45	2820	0.016129032258064516	0.07914983276207778	2.1985815602836882	0.11712232921603166
Nitrososphaeria	JAKUOP010000015.1_44	5	141	0.03546099290780142	4	2820	0.0015951790145338532	3.727904044073511e-06	22.2301024428684	5.994469702870205e-05
Nitrososphaeria	JADNRU010000002.1_75	5	141	0.03546099290780142	37	2820	0.013293158454448777	0.04090554186100521	2.667612293144208	0.07805709412084222
Nitrososphaeria	NZ_CP017922.1_666	5	141	0.03546099290780142	20	2820	0.007266926621765332	0.0038746641138516632	4.879778585019893	0.02581682276964147
Nitrososphaeria	JAHELP010000012.1_36	5	141	0.03546099290780142	1	2820	0.0005317263381779511	1.730080463807043e-08	66.6903073286052	3.6604860339496383e-07
Nitrososphaeria	PFRJ01000043.1_7	5	141	0.03546099290780142	3	2820	0.0012406947890818859	1.1044082956339877e-06	28.581560283687946	1.987934932141178e-05
Nitrososphaeria	JALDAN010000024.1_5	5	141	0.03546099290780142	37	2820	0.013293158454448777	0.04090554186100521	2.667612293144208	0.07805709412084222
Nitrososphaeria	NZ_CP021324.1_923	5	141	0.03546099290780142	30	2820	0.010811768876285006	0.01909464551723496	3.279851180095338	0.04793627630847268
Nitrososphaeria	CACLNC010000015.1_16	5	141	0.03546099290780142	13	2820	0.00478553704360156	0.0006328653222270391	7.4100341476228	0.005782087716710676
Nitrososphaeria	JACZSC010000088.1_6	5	141	0.03546099290780142	6	2820	0.002304147465437788	2.1639207888327396e-05	15.390070921985817	0.00032218376189287456
Nitrososphaeria	NZ_CP011070.1_981	5	141	0.03546099290780142	1	2820	0.0005317263381779511	1.730080463807043e-08	66.6903073286052	3.6604860339496383e-07
Nitrososphaeria	JAHFUM010000012.1_38	5	141	0.03546099290780142	9	2820	0.00336760014179369	0.0001280329286012053	10.530048525569242	0.0015755888968678937
Nitrososphaeria	JABHJJ010000102.1_15	5	141	0.03546099290780142	14	2820	0.0051400212690535275	0.0008694812524009014	6.8989973098557105	0.0073844675379963875
Nitrososphaeria	JAJRWR010000031.1_38	5	141	0.03546099290780142	3	2820	0.0012406947890818859	1.1044082956339877e-06	28.581560283687946	1.987934932141178e-05
Nitrososphaeria	NZ_CP021324.1_637	5	141	0.03546099290780142	2	2820	0.0008862105636299185	2.1374312930247856e-07	40.01418439716312	4.225806785881789e-06
Nitrososphaeria	NZ_JALXFV010000003.1_266	4	141	0.028368794326241134	97	2820	0.03456221198156682	0.721589428134606	0.8208037825059101	0.7981688216530055
Nitrososphaeria	NZ_AEXL02000098.1_35	4	141	0.028368794326241134	11	2820	0.004076568592697625	0.0027971438072990026	6.958988590810977	0.01938710018162412
Nitrososphaeria	NZ_CP067007.1_736	4	141	0.028368794326241134	65	2820	0.023218716767103863	0.41458271846908856	1.2218071571652862	0.4930835882383835
Nitrososphaeria	JABJDB010000039.1_13	4	141	0.028368794326241134	12	2820	0.004431052818149593	0.0037581847530736246	6.402269503546099	0.0253205073307642
Nitrososphaeria	JACZSC010000018.1_13	4	141	0.028368794326241134	36	2820	0.01293867422899681	0.11139737362922206	2.192558049159623	0.16196633049871526
Nitrososphaeria	JAEHKV010000059.1_17	4	141	0.028368794326241134	0	2820	0.0001772421127259837	1.5270869752781347e-08	160.05673758865248	3.3484852585189646e-07
Nitrososphaeria	NZ_LQMW01000023.1_128	4	141	0.028368794326241134	8	2820	0.003013115916341723	0.0009364985163327797	9.415102211097205	0.0077890842117057405
Nitrososphaeria	JADKAQ010000004.1_57	4	141	0.028368794326241134	47	2820	0.016838000708968452	0.21477952504475917	1.6848077640910786	0.27352070454485694
Nitrososphaeria	BFAR01000101.1_7	4	141	0.028368794326241134	27	2820	0.009748316199929103	0.05002033585115232	2.9101225016118635	0.09440457752189312
Nitrososphaeria	CACLNC010000019.1_9	4	141	0.028368794326241134	60	2820	0.021446295639844026	0.3581784588255079	1.3227829552781198	0.4332630103746866
Nitrososphaeria	QOOS01000007.1_41	4	141	0.028368794326241134	23	2820	0.008330379298121233	0.03096966999557885	3.4054625018862232	0.060047302274386004
Nitrososphaeria	JADFLH010000023.1_17	4	141	0.028368794326241134	37	2820	0.013293158454448777	0.11966770394645862	2.1340898345153665	0.16474800337834372
Nitrososphaeria	JAENJF010000071.1_13	4	141	0.028368794326241134	56	2820	0.020028358738036156	0.31299938646124675	1.4164313060942697	0.38206200412172425
Nitrososphaeria	JAJETY010000001.1_48	4	141	0.028368794326241134	8	2820	0.003013115916341723	0.0009364985163327797	9.415102211097205	0.0077890842117057405
Nitrososphaeria	JOSY01000001.1_4	4	141	0.028368794326241134	39	2820	0.014002126905352711	0.1369737287367892	2.0260346530209175	0.18750319734003154
Nitrososphaeria	JAHEFU010000237.1_6	4	141	0.028368794326241134	5	2820	0.0019496632399858206	0.00018425191026663274	14.550612508059316	0.0021788259642922625
Nitrososphaeria	OMIR01000044.1_26	4	141	0.028368794326241134	43	2820	0.015420063807160581	0.17434498740421575	1.8397326159615228	0.23054830571215373
Nitrososphaeria	VYCS01000023.1_7	4	141	0.028368794326241134	43	2820	0.015420063807160581	0.17434498740421575	1.8397326159615228	0.23054830571215373
Nitrososphaeria	JALDAN010000027.1_7	4	141	0.028368794326241134	43	2820	0.015420063807160581	0.17434498740421575	1.8397326159615228	0.23054830571215373
Nitrososphaeria	NZ_JAKUHT010000025.1_26	4	141	0.028368794326241134	42	2820	0.015065579581708614	0.16468548036398864	1.8830204422194408	0.218734239338073
Nitrososphaeria	REGH01000017.1_14	4	141	0.028368794326241134	19	2820	0.0069124423963133645	0.01706543221408079	4.1040189125295505	0.04793627630847268
Nitrososphaeria	LFEZ01000001.1_40	4	141	0.028368794326241134	38	2820	0.013647642679900745	0.12819659887028323	2.0786589297227596	0.1762885954818262
Nitrososphaeria	JADDOQ010000110.1_1	4	141	0.028368794326241134	35	2820	0.012584190003544842	0.1033954692336836	2.2543202477274997	0.15132880569881363
Nitrososphaeria	QQVN01000005.1_406	4	141	0.028368794326241134	115	2820	0.04094292803970223	0.8331002096122148	0.6928863099075865	0.8938779829113266
Nitrososphaeria	JAENJF010000025.1_8	4	141	0.028368794326241134	7	2820	0.0026586316908897554	0.0005898778834674992	10.670449172576832	0.005472251749706185
Nitrososphaeria	VMDM01000024.1_19	4	141	0.028368794326241134	4	2820	0.0015951790145338532	8.58161949659973e-05	17.78408195429472	0.0010894140118841342
Nitrososphaeria	NZ_CP011097.1_1658	4	141	0.028368794326241134	28	2820	0.010102800425381071	0.05559782108780051	2.808012940151798	0.10444076671633554
Nitrososphaeria	JACENB010000147.1_15	4	141	0.028368794326241134	4	2820	0.0015951790145338532	8.58161949659973e-05	17.78408195429472	0.0010894140118841342
Nitrososphaeria	NSIR01000001.1_250	4	141	0.028368794326241134	39	2820	0.014002126905352711	0.1369737287367892	2.0260346530209175	0.18750319734003154
Nitrososphaeria	SYJQ01000022.1_57	4	141	0.028368794326241134	43	2820	0.015420063807160581	0.17434498740421575	1.8397326159615228	0.23054830571215373
Nitrososphaeria	CAJQMY010000006.1_24	4	141	0.028368794326241134	14	2820	0.0051400212690535275	0.006305463533320819	5.519197847884568	0.040883811941854344
Nitrososphaeria	JABJDB010000040.1_16	4	141	0.028368794326241134	54	2820	0.019319390287132223	0.29060778950202365	1.468410436593142	0.35945948116865695
Nitrososphaeria	NZ_MU078717.1_34	4	141	0.028368794326241134	42	2820	0.015065579581708614	0.16468548036398864	1.8830204422194408	0.218734239338073
Nitrososphaeria	NZ_CP100454.1_1650	4	141	0.028368794326241134	47	2820	0.016838000708968452	0.21477952504475917	1.6848077640910786	0.27352070454485694
Nitrososphaeria	JACNFR010000019.1_6	4	141	0.028368794326241134	29	2820	0.010457284650833037	0.061497779996620615	2.7128260608246184	0.10704412638916101
Nitrososphaeria	JADJWG010000001.1_1355	4	141	0.028368794326241134	44	2820	0.015774548032612547	0.18419612213188083	1.7983903099848595	0.24304214802084056
Nitrososphaeria	JADDOQ010000060.1_9	4	141	0.028368794326241134	10	2820	0.0037220843672456576	0.002019721515038181	7.621749408983451	0.016024895704842407
Nitrososphaeria	JAGQHE010000026.1_21	4	141	0.028368794326241134	8	2820	0.003013115916341723	0.0009364985163327797	9.415102211097205	0.0077890842117057405
Nitrososphaeria	JABSRD010000007.1_59	4	141	0.028368794326241134	13	2820	0.00478553704360156	0.004921682317919016	5.9280273180982395	0.032258417801143115
Nitrososphaeria	NZ_CP012850.1_2745	4	141	0.028368794326241134	14	2820	0.0051400212690535275	0.006305463533320819	5.519197847884568	0.040883811941854344
Nitrososphaeria	JACNFV010000055.1_9	4	141	0.028368794326241134	1	2820	0.0005317263381779511	1.1898666348289104e-06	53.35224586288416	2.1102634729465675e-05
Nitrososphaeria	NZ_QURE01000019.1_38	4	141	0.028368794326241134	57	2820	0.020382842963488124	0.3242603004849343	1.3917977181621954	0.39540740382692696
Nitrososphaeria	JAATVT010000111.1_2	4	141	0.028368794326241134	55	2820	0.01967387451258419	0.3017782987188401	1.441952590888761	0.37213152173304825
Nitrososphaeria	CACDFH010000003.1_63	3	141	0.02127659574468085	3	2820	0.0012406947890818859	0.000768512041252924	17.148936170212764	0.0066678095090001895
Nitrososphaeria	LDXL01000004.1_169	3	141	0.02127659574468085	56	2820	0.020028358738036156	0.5382214346530808	1.0623234795707024	0.6263697372850463
Nitrososphaeria	JACATG010000004.1_29	3	141	0.02127659574468085	31	2820	0.011166253101736972	0.20943967357802384	1.905437352245863	0.2672849167567161
Nitrososphaeria	JAAUVF010000153.1_3	3	141	0.02127659574468085	2	2820	0.0008862105636299185	0.0002904660640192642	24.00851063829787	0.0028738370735474617
Nitrososphaeria	JALDAN010000006.1_34	3	141	0.02127659574468085	46	2820	0.016483516483516484	0.41107145517159427	1.2907801418439715	0.4893901035902692
Nitrososphaeria	NZ_AOLN01000006.1_203	3	141	0.02127659574468085	1	2820	0.0005317263381779511	6.5074878387932e-05	40.01418439716312	0.0008530467753896304
Nitrososphaeria	ARWO01000032.1_172	3	141	0.02127659574468085	10	2820	0.0037220843672456576	0.01611516732620488	5.716312056737588	0.04793627630847268
Nitrososphaeria	PFRJ01000057.1_1	3	141	0.02127659574468085	50	2820	0.017901453385324353	0.4635624042336717	1.1885401306088055	0.5480943720645176
Nitrososphaeria	DRGT01000043.1_22	3	141	0.02127659574468085	43	2820	0.015420063807160581	0.3707283317911396	1.379799461971142	0.447994356853822
Nitrososphaeria	CACDFH010000003.1_62	3	141	0.02127659574468085	3	2820	0.0012406947890818859	0.000768512041252924	17.148936170212764	0.0066678095090001895
Nitrososphaeria	BFAR01000126.1_12	3	141	0.02127659574468085	0	2820	0.0001772421127259837	2.500050761155394e-06	120.04255319148936	4.130220846511514e-05
Nitrososphaeria	NZ_CP026993.1_762	3	141	0.02127659574468085	3	2820	0.0012406947890818859	0.000768512041252924	17.148936170212764	0.0066678095090001895
Nitrososphaeria	JACZSC010000018.1_17	3	141	0.02127659574468085	30	2820	0.010811768876285006	0.19665862856527236	1.9679107080572025	0.2575058993075713
Nitrososphaeria	JACATG010000018.1_15	3	141	0.02127659574468085	7	2820	0.0026586316908897554	0.006541484666903913	8.002836879432625	0.04196292823556446
Nitrososphaeria	NZ_MU078698.1_76	3	141	0.02127659574468085	1	2820	0.0005317263381779511	6.5074878387932e-05	40.01418439716312	0.0008530467753896304
Nitrososphaeria	WHTU01000034.1_33	3	141	0.02127659574468085	0	2820	0.0001772421127259837	2.500050761155394e-06	120.04255319148936	4.130220846511514e-05
Nitrososphaeria	JADDOW010000025.1_6	3	141	0.02127659574468085	1	2820	0.0005317263381779511	6.5074878387932e-05	40.01418439716312	0.0008530467753896304
Nitrososphaeria	JADDOW010000045.1_9	3	141	0.02127659574468085	35	2820	0.012584190003544842	0.2621393799960888	1.6907401857956248	0.32726717626840895
Nitrososphaeria	NZ_LIGX01000041.1_182	3	141	0.02127659574468085	25	2820	0.009039347749025168	0.13631526062094626	2.353775552774301	0.18702639853112765
Nitrososphaeria	JAATVK010000215.1_2	3	141	0.02127659574468085	8	2820	0.003013115916341723	0.009185504562441335	7.061326658322903	0.04793627630847268
Nitrososphaeria	RKRU01000197.1_4	3	141	0.02127659574468085	30	2820	0.010811768876285006	0.19665862856527236	1.9679107080572025	0.2575058993075713
Nitrososphaeria	REGK01000001.1_39	3	141	0.02127659574468085	8	2820	0.003013115916341723	0.009185504562441335	7.061326658322903	0.04793627630847268
Nitrososphaeria	JOSY01000033.1_57	3	141	0.02127659574468085	7	2820	0.0026586316908897554	0.006541484666903913	8.002836879432625	0.04196292823556446
Nitrososphaeria	NZ_LOPU01000017.1_68	3	141	0.02127659574468085	57	2820	0.020382842963488124	0.550092463921699	1.0438482886216467	0.6366713162087995
Nitrososphaeria	DTTB01000027.1_6	3	141	0.02127659574468085	22	2820	0.007975895072669267	0.10386479794850391	2.6676122931442077	0.1518314500919948
Nitrososphaeria	NZ_OBEJ01000004.1_116	3	141	0.02127659574468085	1	2820	0.0005317263381779511	6.5074878387932e-05	40.01418439716312	0.0008530467753896304
Nitrososphaeria	JAEHKV010000027.1_24	3	141	0.02127659574468085	47	2820	0.016838000708968452	0.4243566454386272	1.263605823068309	0.5037146795265595
Nitrososphaeria	LIAL01000090.1_6	3	141	0.02127659574468085	0	2820	0.0001772421127259837	2.500050761155394e-06	120.04255319148936	4.130220846511514e-05
Nitrososphaeria	CM001158.1_892	3	141	0.02127659574468085	26	2820	0.009393831974477136	0.14782574143967317	2.264953833801686	0.2021290750297572
Nitrososphaeria	JABFSW010000086.1_4	3	141	0.02127659574468085	0	2820	0.0001772421127259837	2.500050761155394e-06	120.04255319148936	4.130220846511514e-05
Nitrososphaeria	JACDHC010000052.1_6	3	141	0.02127659574468085	1	2820	0.0005317263381779511	6.5074878387932e-05	40.01418439716312	0.0008530467753896304
Nitrososphaeria	JAANXC010000076.1_13	3	141	0.02127659574468085	1	2820	0.0005317263381779511	6.5074878387932e-05	40.01418439716312	0.0008530467753896304
Nitrososphaeria	JADDOQ010000026.1_25	3	141	0.02127659574468085	1	2820	0.0005317263381779511	6.5074878387932e-05	40.01418439716312	0.0008530467753896304
Nitrososphaeria	JACATA010000011.1_35	3	141	0.02127659574468085	4	2820	0.0015951790145338532	0.0015750379107895005	13.33806146572104	0.012694957371941986
Nitrososphaeria	NZ_CP017922.1_2405	3	141	0.02127659574468085	4	2820	0.0015951790145338532	0.0015750379107895005	13.33806146572104	0.012694957371941986
Nitrososphaeria	JADDOQ010000026.1_27	3	141	0.02127659574468085	3	2820	0.0012406947890818859	0.000768512041252924	17.148936170212764	0.0066678095090001895
Nitrososphaeria	CAJQSE010000009.1_67	3	141	0.02127659574468085	55	2820	0.01967387451258419	0.5261768076289933	1.0814644431665708	0.6154890688657283
Nitrososphaeria	JAHCGZ010000007.1_44	2	141	0.014184397163120567	1	2820	0.0005317263381779511	0.0026567840961990675	26.67612293144208	0.018737319415298687
Nitrososphaeria	NZ_CP024808.1_702	2	141	0.014184397163120567	18	2820	0.006557958170861397	0.2364642725797241	2.1629288863331415	0.3005014886524207
Nitrososphaeria	JADDOW010000092.1_10	2	141	0.014184397163120567	4	2820	0.0015951790145338532	0.021692030537249416	8.89204097714736	0.04793627630847268
Nitrososphaeria	PFRJ01000048.1_18	2	141	0.014184397163120567	5	2820	0.0019496632399858206	0.03137718996481163	7.275306254029658	0.0604487078235828
Nitrososphaeria	NZ_CP026995.1_509	2	141	0.014184397163120567	47	2820	0.016838000708968452	0.6884666689505061	0.8424038820455393	0.7759727128544958
Nitrososphaeria	JAAUVF010000069.1_8	2	141	0.014184397163120567	0	2820	0.0001772421127259837	0.0003050175335108417	80.02836879432624	0.0028738370735474617
Nitrososphaeria	JAGXTE010000027.1_7	2	141	0.014184397163120567	71	2820	0.02534562211981567	0.8749894345541229	0.559638942617666	0.9237627132091141
Nitrososphaeria	JACZUQ010000001.1_44	2	141	0.014184397163120567	3	2820	0.0012406947890818859	0.013553597322757767	11.432624113475176	0.04793627630847268
Nitrososphaeria	JACZUQ010000043.1_3	2	141	0.014184397163120567	1	2820	0.0005317263381779511	0.0026567840961990675	26.67612293144208	0.018737319415298687
Nitrososphaeria	JACRND010000156.1_1	2	141	0.014184397163120567	0	2820	0.0001772421127259837	0.0003050175335108417	80.02836879432624	0.0028738370735474617
Nitrososphaeria	LFEZ01000001.1_35	2	141	0.014184397163120567	3	2820	0.0012406947890818859	0.013553597322757767	11.432624113475176	0.04793627630847268
Nitrososphaeria	QQVN01000003.1_719	2	141	0.014184397163120567	0	2820	0.0001772421127259837	0.0003050175335108417	80.02836879432624	0.0028738370735474617
Nitrososphaeria	NZ_CP024808.1_306	2	141	0.014184397163120567	36	2820	0.01293867422899681	0.5459497558075742	1.0962790245798115	0.6324835787741926
Nitrososphaeria	QQVN01000003.1_718	2	141	0.014184397163120567	3	2820	0.0012406947890818859	0.013553597322757767	11.432624113475176	0.04793627630847268
Nitrososphaeria	NZ_MU078716.1_45	2	141	0.014184397163120567	1	2820	0.0005317263381779511	0.0026567840961990675	26.67612293144208	0.018737319415298687
Nitrososphaeria	JAENJF010000050.1_3	2	141	0.014184397163120567	0	2820	0.0001772421127259837	0.0003050175335108417	80.02836879432624	0.0028738370735474617
Nitrososphaeria	JACNFV010000168.1_3	2	141	0.014184397163120567	3	2820	0.0012406947890818859	0.013553597322757767	11.432624113475176	0.04793627630847268
Nitrososphaeria	JAATVP010000179.1_9	2	141	0.014184397163120567	97	2820	0.03456221198156682	0.9575656098975865	0.41040189125295506	0.9671893848714316
Nitrososphaeria	PAAH01000002.1_1	2	141	0.014184397163120567	1	2820	0.0005317263381779511	0.0026567840961990675	26.67612293144208	0.018737319415298687
Nitrososphaeria	NZ_CP030846.1_823	2	141	0.014184397163120567	9	2820	0.00336760014179369	0.08240743945365381	4.212019410227697	0.12164427415068114
Nitrososphaeria	NZ_MU078716.1_65	2	141	0.014184397163120567	6	2820	0.002304147465437788	0.04244104832053232	6.156028368794326	0.08035149807623544
Nitrososphaeria	JAANXC010000086.1_10	2	141	0.014184397163120567	1	2820	0.0005317263381779511	0.0026567840961990675	26.67612293144208	0.018737319415298687
Nitrososphaeria	JACEMX010000158.1_1	2	141	0.014184397163120567	5	2820	0.0019496632399858206	0.03137718996481163	7.275306254029658	0.0604487078235828
Nitrososphaeria	JAHCGZ010000007.1_48	2	141	0.014184397163120567	3	2820	0.0012406947890818859	0.013553597322757767	11.432624113475176	0.04793627630847268
Nitrososphaeria	QQVN01000005.1_531	2	141	0.014184397163120567	34	2820	0.012229705778092875	0.5156607231951682	1.1598314318018295	0.6049482803242927
Nitrososphaeria	NZ_CP007026.1_817	2	141	0.014184397163120567	3	2820	0.0012406947890818859	0.013553597322757767	11.432624113475176	0.04793627630847268
Nitrososphaeria	VXON01000053.1_22	2	141	0.014184397163120567	7	2820	0.0026586316908897554	0.05472809095524446	5.335224586288416	0.10296735989395449
Nitrososphaeria	NC_018656.1_730	2	141	0.014184397163120567	4	2820	0.0015951790145338532	0.021692030537249416	8.89204097714736	0.04793627630847268
Nitrososphaeria	CACLNC010000019.1_10	2	141	0.014184397163120567	6	2820	0.002304147465437788	0.04244104832053232	6.156028368794326	0.08035149807623544
Nitrososphaeria	WHTU01000010.1_24	2	141	0.014184397163120567	67	2820	0.0239276852180078	0.8534600217904298	0.592802731809824	0.9084490611467417
Nitrososphaeria	JACZUQ010000043.1_1	2	141	0.014184397163120567	2	2820	0.0008862105636299185	0.007143288277434265	16.00567375886525	0.04395309011523328
Nitrososphaeria	LKNH01000067.1_5	2	141	0.014184397163120567	28	2820	0.010102800425381071	0.4173319795264939	1.404006470075899	0.49586440128960757
Nitrososphaeria	NZ_FNFE01000004.1_90	2	141	0.014184397163120567	35	2820	0.012584190003544842	0.5309697559786685	1.1271601238637499	0.6192935451743464
Nitrososphaeria	JAKAJY010000012.1_4	2	141	0.014184397163120567	0	2820	0.0001772421127259837	0.0003050175335108417	80.02836879432624	0.0028738370735474617
Nitrososphaeria	NZ_MWLL01000232.1_28	2	141	0.014184397163120567	47	2820	0.016838000708968452	0.6884666689505061	0.8424038820455393	0.7759727128544958
Nitrososphaeria	CACHDH010000006.1_23	2	141	0.014184397163120567	3	2820	0.0012406947890818859	0.013553597322757767	11.432624113475176	0.04793627630847268
Nitrososphaeria	JADFLH010000003.1_17	2	141	0.014184397163120567	43	2820	0.015420063807160581	0.6413583189083192	0.9198663079807614	0.733154628060126
Nitrososphaeria	JAFAQB010000195.1_13	2	141	0.014184397163120567	31	2820	0.011166253101736972	0.4678250621375501	1.2702915681639086	0.5509736571659037
Nitrososphaeria	JACASX010000001.1_213	2	141	0.014184397163120567	4	2820	0.0015951790145338532	0.021692030537249416	8.89204097714736	0.04793627630847268
Nitrososphaeria	NZ_CP007026.1_829	2	141	0.014184397163120567	1	2820	0.0005317263381779511	0.0026567840961990675	26.67612293144208	0.018737319415298687
Nitrososphaeria	LFEZ01000013.1_15	2	141	0.014184397163120567	3	2820	0.0012406947890818859	0.013553597322757767	11.432624113475176	0.04793627630847268
Nitrososphaeria	NZ_MU078716.1_68	2	141	0.014184397163120567	0	2820	0.0001772421127259837	0.0003050175335108417	80.02836879432624	0.0028738370735474617
Nitrososphaeria	JADDOQ010000053.1_16	2	141	0.014184397163120567	6	2820	0.002304147465437788	0.04244104832053232	6.156028368794326	0.08035149807623544
Nitrososphaeria	VXON01000027.1_4	2	141	0.014184397163120567	61	2820	0.021800779865295994	0.8148580417221666	0.650637144669319	0.8821533198536202
Nitrososphaeria	NZ_CP024808.1_958	2	141	0.014184397163120567	15	2820	0.005494505494505495	0.1819296593552325	2.581560283687943	0.240314533606145
Nitrososphaeria	NZ_MU078716.1_59	2	141	0.014184397163120567	0	2820	0.0001772421127259837	0.0003050175335108417	80.02836879432624	0.0028738370735474617
Nitrososphaeria	NZ_CBTY010000009.1_39	2	141	0.014184397163120567	2	2820	0.0008862105636299185	0.007143288277434265	16.00567375886525	0.04395309011523328
Nitrososphaeria	JAEHKV010000040.1_1	2	141	0.014184397163120567	2	2820	0.0008862105636299185	0.007143288277434265	16.00567375886525	0.04395309011523328
Nitrososphaeria	RKRY01000110.1_6	2	141	0.014184397163120567	50	2820	0.017901453385324353	0.7203938733048351	0.792360087072537	0.7981688216530055
Nitrososphaeria	JOSY01000033.1_27	2	141	0.014184397163120567	0	2820	0.0001772421127259837	0.0003050175335108417	80.02836879432624	0.0028738370735474617
Nitrososphaeria	JACEMX010000158.1_7	2	141	0.014184397163120567	0	2820	0.0001772421127259837	0.0003050175335108417	80.02836879432624	0.0028738370735474617
Nitrososphaeria	QQVN01000003.1_722	2	141	0.014184397163120567	0	2820	0.0001772421127259837	0.0003050175335108417	80.02836879432624	0.0028738370735474617
Nitrososphaeria	JAHELB010000056.1_1	2	141	0.014184397163120567	0	2820	0.0001772421127259837	0.0003050175335108417	80.02836879432624	0.0028738370735474617
Nitrososphaeria	CABXPS010000018.1_17	2	141	0.014184397163120567	0	2820	0.0001772421127259837	0.0003050175335108417	80.02836879432624	0.0028738370735474617
Nitrososphaeria	JADFLH010000021.1_11	2	141	0.014184397163120567	16	2820	0.005848989719957462	0.19992799376001436	2.4251020846765523	0.2575058993075713
Nitrososphaeria	JACZSC010000062.1_3	2	141	0.014184397163120567	10	2820	0.0037220843672456576	0.09754425355906003	3.8108747044917255	0.14293848091400535
Nitrososphaeria	NZ_CP012850.1_286	2	141	0.014184397163120567	0	2820	0.0001772421127259837	0.0003050175335108417	80.02836879432624	0.0028738370735474617
Nitrososphaeria	SCVO01000006.1_19	2	141	0.014184397163120567	0	2820	0.0001772421127259837	0.0003050175335108417	80.02836879432624	0.0028738370735474617
Nitrososphaeria	JACENB010000156.1_1	2	141	0.014184397163120567	1	2820	0.0005317263381779511	0.0026567840961990675	26.67612293144208	0.018737319415298687
Nitrososphaeria	WVWY01000026.1_111	2	141	0.014184397163120567	0	2820	0.0001772421127259837	0.0003050175335108417	80.02836879432624	0.0028738370735474617
Nitrososphaeria	NZ_CP012850.1_238	2	141	0.014184397163120567	1	2820	0.0005317263381779511	0.0026567840961990675	26.67612293144208	0.018737319415298687
Nitrososphaeria	NZ_CP067007.1_848	2	141	0.014184397163120567	27	2820	0.009748316199929103	0.3999735567678047	1.4550612508059317	0.48044632416531124
Nitrososphaeria	OMIR01000001.1_11	2	141	0.014184397163120567	18	2820	0.006557958170861397	0.2364642725797241	2.1629288863331415	0.3005014886524207
Nitrososphaeria	JAHRAL010000019.1_3	2	141	0.014184397163120567	51	2820	0.018255937610776322	0.7304118427857862	0.7769744543138469	0.8066636285711155
Nitrososphaeria	UYNY01000031.1_128	2	141	0.014184397163120567	50	2820	0.017901453385324353	0.7203938733048351	0.792360087072537	0.7981688216530055
Nitrososphaeria	UYNY01000031.1_129	2	141	0.014184397163120567	50	2820	0.017901453385324353	0.7203938733048351	0.792360087072537	0.7981688216530055
Nitrososphaeria	NZ_LIGX01000023.1_77	2	141	0.014184397163120567	1	2820	0.0005317263381779511	0.0026567840961990675	26.67612293144208	0.018737319415298687
Nitrososphaeria	JAIOPB010000048.1_15	2	141	0.014184397163120567	54	2820	0.019319390287132223	0.7586667637018151	0.734205218296571	0.8317746518403537
Nitrososphaeria	JAHRAL010000002.1_5	2	141	0.014184397163120567	9	2820	0.00336760014179369	0.08240743945365381	4.212019410227697	0.12164427415068114
Nitrososphaeria	DP000238.1_272	2	141	0.014184397163120567	2	2820	0.0008862105636299185	0.007143288277434265	16.00567375886525	0.04395309011523328
Nitrososphaeria	NC_010085.1_1056	2	141	0.014184397163120567	0	2820	0.0001772421127259837	0.0003050175335108417	80.02836879432624	0.0028738370735474617
Nitrososphaeria	JABJDB010000098.1_29	2	141	0.014184397163120567	5	2820	0.0019496632399858206	0.03137718996481163	7.275306254029658	0.0604487078235828
Nitrososphaeria	VXON01000026.1_6	2	141	0.014184397163120567	35	2820	0.012584190003544842	0.5309697559786685	1.1271601238637499	0.6192935451743464
Nitrososphaeria	DP000238.1_1056	2	141	0.014184397163120567	49	2820	0.017546969159872385	0.7100670205530875	0.8083673615588509	0.7907117514192277
Nitrososphaeria	WVWY01000007.1_5	2	141	0.014184397163120567	1	2820	0.0005317263381779511	0.0026567840961990675	26.67612293144208	0.018737319415298687
Nitrososphaeria	JADJWG010000002.1_530	2	141	0.014184397163120567	42	2820	0.015065579581708614	0.6287468731961652	0.9415102211097204	0.7201032564810781
Nitrososphaeria	JOSY01000033.1_28	2	141	0.014184397163120567	1	2820	0.0005317263381779511	0.0026567840961990675	26.67612293144208	0.018737319415298687
Nitrososphaeria	NZ_AVSQ01000018.1_11	2	141	0.014184397163120567	0	2820	0.0001772421127259837	0.0003050175335108417	80.02836879432624	0.0028738370735474617
Nitrososphaeria	VHBK01000003.1_9	2	141	0.014184397163120567	35	2820	0.012584190003544842	0.5309697559786685	1.1271601238637499	0.6192935451743464
Nitrososphaeria	JACERO010000006.1_33	2	141	0.014184397163120567	8	2820	0.003013115916341723	0.0680945088062339	4.707551105548602	0.10704412638916101
Nitrososphaeria	NZ_CBTY010000008.1_444	2	141	0.014184397163120567	1	2820	0.0005317263381779511	0.0026567840961990675	26.67612293144208	0.018737319415298687
Nitrososphaeria	NZ_CP012850.1_3589	2	141	0.014184397163120567	0	2820	0.0001772421127259837	0.0003050175335108417	80.02836879432624	0.0028738370735474617
Nitrososphaeria	WHTU01000018.1_48	2	141	0.014184397163120567	0	2820	0.0001772421127259837	0.0003050175335108417	80.02836879432624	0.0028738370735474617
Nitrososphaeria	JAJNBK010000148.1_8	2	141	0.014184397163120567	4	2820	0.0015951790145338532	0.021692030537249416	8.89204097714736	0.04793627630847268
Nitrososphaeria	JAATVK010000274.1_2	2	141	0.014184397163120567	1	2820	0.0005317263381779511	0.0026567840961990675	26.67612293144208	0.018737319415298687
Nitrososphaeria	JADDOQ010000132.1_1	2	141	0.014184397163120567	0	2820	0.0001772421127259837	0.0003050175335108417	80.02836879432624	0.0028738370735474617
Nitrososphaeria	NC_018656.1_1322	2	141	0.014184397163120567	20	2820	0.007266926621765332	0.2733350408723249	1.9519114340079569	0.340891478068277
Nitrososphaeria	NZ_CBTY010000008.1_429	2	141	0.014184397163120567	30	2820	0.010811768876285006	0.45127329470930694	1.311940472038135	0.5340879228846165
Nitrososphaeria	JAATVK010000032.1_8	2	141	0.014184397163120567	21	2820	0.007621410847217299	0.29177060222192547	1.8611248556820055	0.36015900335684964
Nitrososphaeria	LDXL01000008.1_82	2	141	0.014184397163120567	10	2820	0.0037220843672456576	0.09754425355906003	3.8108747044917255	0.14293848091400535
Nitrososphaeria	CAJQSE010000009.1_91	2	141	0.014184397163120567	11	2820	0.004076568592697625	0.11339188411103374	3.4794942954054884	0.16196633049871526
Nitrososphaeria	JAHCGZ010000001.1_106	2	141	0.014184397163120567	14	2820	0.0051400212690535275	0.16419946554950682	2.759598923942284	0.21857014950629716
Nitrososphaeria	NZ_MU078697.1_103	2	141	0.014184397163120567	53	2820	0.018964906061680255	0.749542652940021	0.747928680320806	0.8225190531807691
Nitrososphaeria	VYCS01000010.1_30	2	141	0.014184397163120567	26	2820	0.009393831974477136	0.3823812257504166	1.5099692225344572	0.45977244093220576
Nitrososphaeria	VXON01000114.1_3	2	141	0.014184397163120567	43	2820	0.015420063807160581	0.6413583189083192	0.9198663079807614	0.733154628060126
Nitrososphaeria	JAGQHE010000038.1_34	2	141	0.014184397163120567	1	2820	0.0005317263381779511	0.0026567840961990675	26.67612293144208	0.018737319415298687
Nitrososphaeria	NZ_CP026993.1_745	2	141	0.014184397163120567	2	2820	0.0008862105636299185	0.007143288277434265	16.00567375886525	0.04395309011523328
Nitrososphaeria	NZ_AEXL02000090.1_171	2	141	0.014184397163120567	2	2820	0.0008862105636299185	0.007143288277434265	16.00567375886525	0.04395309011523328
Nitrososphaeria	NZ_AEXL02000090.1_158	2	141	0.014184397163120567	6	2820	0.002304147465437788	0.04244104832053232	6.156028368794326	0.08035149807623544
Nitrososphaeria	NZ_CP035425.1_1777	2	141	0.014184397163120567	12	2820	0.004431052818149593	0.1298461960435457	3.2011347517730493	0.17835365880241014
Nitrososphaeria	JAHRAJ010000013.1_21	2	141	0.014184397163120567	42	2820	0.015065579581708614	0.6287468731961652	0.9415102211097204	0.7201032564810781
Nitrososphaeria	LFEZ01000025.1_38	2	141	0.014184397163120567	55	2820	0.01967387451258419	0.7675044671238513	0.7209762954443805	0.8399368306273728
Nitrososphaeria	JAGQHE010000101.1_4	2	141	0.014184397163120567	11	2820	0.004076568592697625	0.11339188411103374	3.4794942954054884	0.16196633049871526
Nitrososphaeria	JAHFUX010000004.1_25	2	141	0.014184397163120567	8	2820	0.003013115916341723	0.0680945088062339	4.707551105548602	0.10704412638916101
Nitrososphaeria	NZ_CP010868.1_1200	2	141	0.014184397163120567	1	2820	0.0005317263381779511	0.0026567840961990675	26.67612293144208	0.018737319415298687
Nitrososphaeria	LFLC01000025.1_218	2	141	0.014184397163120567	14	2820	0.0051400212690535275	0.16419946554950682	2.759598923942284	0.21857014950629716
Nitrososphaeria	JAGQHE010000022.1_24	2	141	0.014184397163120567	147	2820	0.05228642325416519	0.99548224342506	0.27128260608246185	0.99548224342506
Nitrososphaeria	UYNY01000031.1_104	2	141	0.014184397163120567	21	2820	0.007621410847217299	0.29177060222192547	1.8611248556820055	0.36015900335684964
Nitrososphaeria	NC_018655.1_1232	2	141	0.014184397163120567	5	2820	0.0019496632399858206	0.03137718996481163	7.275306254029658	0.0604487078235828
Nitrososphaeria	DAMC01000063.1_8	2	141	0.014184397163120567	45	2820	0.016129032258064516	0.6655739866548112	0.8794326241134752	0.7558213068791924
Nitrososphaeria	JAFAQB010000300.1_3	2	141	0.014184397163120567	1	2820	0.0005317263381779511	0.0026567840961990675	26.67612293144208	0.018737319415298687
Nitrososphaeria	JAFAQB010000403.1_16	2	141	0.014184397163120567	46	2820	0.016483516483516484	0.6771839474758438	0.8605200945626477	0.7646852440598011
Nitrososphaeria	NZ_CP010868.1_1206	2	141	0.014184397163120567	1	2820	0.0005317263381779511	0.0026567840961990675	26.67612293144208	0.018737319415298687
Nitrososphaeria	NZ_CP010868.1_1201	2	141	0.014184397163120567	2	2820	0.0008862105636299185	0.007143288277434265	16.00567375886525	0.04395309011523328
Nitrososphaeria	NZ_CP010868.1_1203	2	141	0.014184397163120567	1	2820	0.0005317263381779511	0.0026567840961990675	26.67612293144208	0.018737319415298687
Nitrososphaeria	JACENB010000018.1_1	2	141	0.014184397163120567	0	2820	0.0001772421127259837	0.0003050175335108417	80.02836879432624	0.0028738370735474617
Nitrososphaeria	JAEHKV010000027.1_35	2	141	0.014184397163120567	24	2820	0.008684863523573201	0.3465841515284137	1.6332320162107394	0.4196591232362118
Nitrososphaeria	JACNFV010000112.1_12	1	141	0.0070921985815602835	0	2820	0.0001772421127259837	0.02468360496481056	40.01418439716312	0.04793627630847268
Nitrososphaeria	JAENJF010000012.1_12	1	141	0.0070921985815602835	1	2820	0.0005317263381779511	0.07225034733066092	13.33806146572104	0.10704412638916101
Nitrososphaeria	JAHELP010000009.1_1	1	141	0.0070921985815602835	0	2820	0.0001772421127259837	0.02468360496481056	40.01418439716312	0.04793627630847268
Nitrososphaeria	JAEFCZ010000037.1_28	1	141	0.0070921985815602835	1	2820	0.0005317263381779511	0.07225034733066092	13.33806146572104	0.10704412638916101
Nitrososphaeria	JACZUQ010000039.1_10	1	141	0.0070921985815602835	1	2820	0.0005317263381779511	0.07225034733066092	13.33806146572104	0.10704412638916101
Nitrososphaeria	JADFJY010000096.1_4	1	141	0.0070921985815602835	0	2820	0.0001772421127259837	0.02468360496481056	40.01418439716312	0.04793627630847268
Nitrososphaeria	JAHEXS010000012.1_1	1	141	0.0070921985815602835	1	2820	0.0005317263381779511	0.07225034733066092	13.33806146572104	0.10704412638916101
Nitrososphaeria	JAHELP010000009.1_12	1	141	0.0070921985815602835	0	2820	0.0001772421127259837	0.02468360496481056	40.01418439716312	0.04793627630847268
Nitrososphaeria	JAGQHF010000020.1_1	1	141	0.0070921985815602835	0	2820	0.0001772421127259837	0.02468360496481056	40.01418439716312	0.04793627630847268
Nitrososphaeria	NZ_CP011070.1_952	1	141	0.0070921985815602835	1	2820	0.0005317263381779511	0.07225034733066092	13.33806146572104	0.10704412638916101
Nitrososphaeria	NZ_CP011070.1_980	1	141	0.0070921985815602835	0	2820	0.0001772421127259837	0.02468360496481056	40.01418439716312	0.04793627630847268
Nitrososphaeria	CP046181.1_1210	1	141	0.0070921985815602835	0	2820	0.0001772421127259837	0.02468360496481056	40.01418439716312	0.04793627630847268
Nitrososphaeria	NZ_CP026995.1_1608	1	141	0.0070921985815602835	0	2820	0.0001772421127259837	0.02468360496481056	40.01418439716312	0.04793627630847268
Nitrososphaeria	NZ_CP011070.1_983	1	141	0.0070921985815602835	0	2820	0.0001772421127259837	0.02468360496481056	40.01418439716312	0.04793627630847268
Nitrososphaeria	DTTB01000137.1_8	1	141	0.0070921985815602835	0	2820	0.0001772421127259837	0.02468360496481056	40.01418439716312	0.04793627630847268
Nitrososphaeria	LFLC01000025.1_38	1	141	0.0070921985815602835	2	2820	0.0008862105636299185	0.11751288489749241	8.002836879432625	0.16196633049871526
Nitrososphaeria	CABXPS010000018.1_1	1	141	0.0070921985815602835	0	2820	0.0001772421127259837	0.02468360496481056	40.01418439716312	0.04793627630847268
Nitrososphaeria	NZ_CP011070.1_984	1	141	0.0070921985815602835	0	2820	0.0001772421127259837	0.02468360496481056	40.01418439716312	0.04793627630847268
Nitrososphaeria	JABDOO010000009.1_8	1	141	0.0070921985815602835	0	2820	0.0001772421127259837	0.02468360496481056	40.01418439716312	0.04793627630847268
Nitrososphaeria	NC_018656.1_1141	1	141	0.0070921985815602835	0	2820	0.0001772421127259837	0.02468360496481056	40.01418439716312	0.04793627630847268
Nitrososphaeria	CP046181.1_2317	1	141	0.0070921985815602835	5	2820	0.0019496632399858206	0.2405576380801802	3.637653127014829	0.3006347269685983
Nitrososphaeria	VHBK01000003.1_14	1	141	0.0070921985815602835	38	2820	0.013647642679900745	0.8559463568894143	0.5196647324306899	0.9094901378049636
Nitrososphaeria	PFRJ01000094.1_19	1	141	0.0070921985815602835	1	2820	0.0005317263381779511	0.07225034733066092	13.33806146572104	0.10704412638916101
Nitrososphaeria	JABDKK010000126.1_22	1	141	0.0070921985815602835	0	2820	0.0001772421127259837	0.02468360496481056	40.01418439716312	0.04793627630847268
Nitrososphaeria	NZ_JAKUHT010000020.1_30	1	141	0.0070921985815602835	0	2820	0.0001772421127259837	0.02468360496481056	40.01418439716312	0.04793627630847268
Nitrososphaeria	JABSRD010000008.1_111	1	141	0.0070921985815602835	0	2820	0.0001772421127259837	0.02468360496481056	40.01418439716312	0.04793627630847268
Nitrososphaeria	NC_018656.1_1151	1	141	0.0070921985815602835	0	2820	0.0001772421127259837	0.02468360496481056	40.01418439716312	0.04793627630847268
Nitrososphaeria	NZ_CP026995.1_1585	1	141	0.0070921985815602835	0	2820	0.0001772421127259837	0.02468360496481056	40.01418439716312	0.04793627630847268
Nitrososphaeria	JAHEXS010000105.1_5	1	141	0.0070921985815602835	6	2820	0.002304147465437788	0.27766023331496603	3.078014184397163	0.3437969624002557
Nitrososphaeria	JABMOR010000028.1_9	1	141	0.0070921985815602835	1	2820	0.0005317263381779511	0.07225034733066092	13.33806146572104	0.10704412638916101
Nitrososphaeria	JABMOR010000028.1_10	1	141	0.0070921985815602835	1	2820	0.0005317263381779511	0.07225034733066092	13.33806146572104	0.10704412638916101
Nitrososphaeria	JABMOR010000028.1_20	1	141	0.0070921985815602835	1	2820	0.0005317263381779511	0.07225034733066092	13.33806146572104	0.10704412638916101
Nitrososphaeria	NZ_CP026995.1_1572	1	141	0.0070921985815602835	0	2820	0.0001772421127259837	0.02468360496481056	40.01418439716312	0.04793627630847268
Nitrososphaeria	JABSRD010000008.1_91	1	141	0.0070921985815602835	0	2820	0.0001772421127259837	0.02468360496481056	40.01418439716312	0.04793627630847268
Nitrososphaeria	JABMOR010000028.1_21	1	141	0.0070921985815602835	1	2820	0.0005317263381779511	0.07225034733066092	13.33806146572104	0.10704412638916101
Nitrososphaeria	REGJ01000004.1_64	1	141	0.0070921985815602835	1	2820	0.0005317263381779511	0.07225034733066092	13.33806146572104	0.10704412638916101
Nitrososphaeria	NZ_CP026995.1_1566	1	141	0.0070921985815602835	0	2820	0.0001772421127259837	0.02468360496481056	40.01418439716312	0.04793627630847268
Nitrososphaeria	JABSRD010000008.1_90	1	141	0.0070921985815602835	0	2820	0.0001772421127259837	0.02468360496481056	40.01418439716312	0.04793627630847268
Nitrososphaeria	REGJ01000004.1_65	1	141	0.0070921985815602835	1	2820	0.0005317263381779511	0.07225034733066092	13.33806146572104	0.10704412638916101
Nitrososphaeria	JACDHC010000109.1_1	1	141	0.0070921985815602835	0	2820	0.0001772421127259837	0.02468360496481056	40.01418439716312	0.04793627630847268
Nitrososphaeria	DTTB01000137.1_7	1	141	0.0070921985815602835	0	2820	0.0001772421127259837	0.02468360496481056	40.01418439716312	0.04793627630847268
Nitrososphaeria	NZ_AVSQ01000018.1_6	1	141	0.0070921985815602835	0	2820	0.0001772421127259837	0.02468360496481056	40.01418439716312	0.04793627630847268
Nitrososphaeria	NVWC01000001.1_198	1	141	0.0070921985815602835	0	2820	0.0001772421127259837	0.02468360496481056	40.01418439716312	0.04793627630847268
Nitrososphaeria	NZ_CP026995.1_1574	1	141	0.0070921985815602835	0	2820	0.0001772421127259837	0.02468360496481056	40.01418439716312	0.04793627630847268
Nitrososphaeria	NZ_CP026995.1_1586	1	141	0.0070921985815602835	0	2820	0.0001772421127259837	0.02468360496481056	40.01418439716312	0.04793627630847268
Nitrososphaeria	JABSRD010000008.1_110	1	141	0.0070921985815602835	0	2820	0.0001772421127259837	0.02468360496481056	40.01418439716312	0.04793627630847268
Nitrososphaeria	NZ_CP026995.1_1589	1	141	0.0070921985815602835	0	2820	0.0001772421127259837	0.02468360496481056	40.01418439716312	0.04793627630847268
Nitrososphaeria	JABSRD010000008.1_93	1	141	0.0070921985815602835	0	2820	0.0001772421127259837	0.02468360496481056	40.01418439716312	0.04793627630847268
Nitrososphaeria	NZ_CP026995.1_1607	1	141	0.0070921985815602835	0	2820	0.0001772421127259837	0.02468360496481056	40.01418439716312	0.04793627630847268
Nitrososphaeria	NZ_CP026995.1_1606	1	141	0.0070921985815602835	0	2820	0.0001772421127259837	0.02468360496481056	40.01418439716312	0.04793627630847268
Nitrososphaeria	NZ_CP026995.1_1605	1	141	0.0070921985815602835	0	2820	0.0001772421127259837	0.02468360496481056	40.01418439716312	0.04793627630847268
Nitrososphaeria	NZ_CP026995.1_1604	1	141	0.0070921985815602835	0	2820	0.0001772421127259837	0.02468360496481056	40.01418439716312	0.04793627630847268
Nitrososphaeria	NZ_CP026995.1_1603	1	141	0.0070921985815602835	0	2820	0.0001772421127259837	0.02468360496481056	40.01418439716312	0.04793627630847268
Nitrososphaeria	JABMOR010000011.1_1	1	141	0.0070921985815602835	0	2820	0.0001772421127259837	0.02468360496481056	40.01418439716312	0.04793627630847268
Nitrososphaeria	CAJQMY010000047.1_3	1	141	0.0070921985815602835	0	2820	0.0001772421127259837	0.02468360496481056	40.01418439716312	0.04793627630847268
Nitrososphaeria	JABSRD010000008.1_78	1	141	0.0070921985815602835	4	2820	0.0015951790145338532	0.20156349000526308	4.44602048857368	0.2575058993075713
Nitrososphaeria	NZ_CP026995.1_1602	1	141	0.0070921985815602835	0	2820	0.0001772421127259837	0.02468360496481056	40.01418439716312	0.04793627630847268
Nitrososphaeria	NZ_CP026995.1_1601	1	141	0.0070921985815602835	0	2820	0.0001772421127259837	0.02468360496481056	40.01418439716312	0.04793627630847268
Nitrososphaeria	JABMOR010000084.1_1	1	141	0.0070921985815602835	2	2820	0.0008862105636299185	0.11751288489749241	8.002836879432625	0.16196633049871526
Nitrososphaeria	JABSRD010000008.1_92	1	141	0.0070921985815602835	0	2820	0.0001772421127259837	0.02468360496481056	40.01418439716312	0.04793627630847268
Nitrososphaeria	BGOU01000001.1_18	1	141	0.0070921985815602835	1	2820	0.0005317263381779511	0.07225034733066092	13.33806146572104	0.10704412638916101
Nitrososphaeria	NZ_CP026995.1_1599	1	141	0.0070921985815602835	0	2820	0.0001772421127259837	0.02468360496481056	40.01418439716312	0.04793627630847268
Nitrososphaeria	NC_018656.1_1150	1	141	0.0070921985815602835	0	2820	0.0001772421127259837	0.02468360496481056	40.01418439716312	0.04793627630847268
Nitrososphaeria	NC_018656.1_1154	1	141	0.0070921985815602835	0	2820	0.0001772421127259837	0.02468360496481056	40.01418439716312	0.04793627630847268
Nitrososphaeria	NC_018656.1_1152	1	141	0.0070921985815602835	0	2820	0.0001772421127259837	0.02468360496481056	40.01418439716312	0.04793627630847268
Nitrososphaeria	NZ_MU078805.1_1	1	141	0.0070921985815602835	5	2820	0.0019496632399858206	0.2405576380801802	3.637653127014829	0.3006347269685983
Nitrososphaeria	JABJDB010000034.1_3	1	141	0.0070921985815602835	6	2820	0.002304147465437788	0.27766023331496603	3.078014184397163	0.3437969624002557
Nitrososphaeria	NZ_MU078695.1_114	1	141	0.0070921985815602835	2	2820	0.0008862105636299185	0.11751288489749241	8.002836879432625	0.16196633049871526
Nitrososphaeria	NZ_CP026994.1_1238	1	141	0.0070921985815602835	0	2820	0.0001772421127259837	0.02468360496481056	40.01418439716312	0.04793627630847268
Nitrososphaeria	NZ_CP026994.1_641	1	141	0.0070921985815602835	10	2820	0.0037220843672456576	0.4089135690113581	1.9054373522458627	0.4873021385649189
Nitrososphaeria	JAGXTE010000058.1_164	1	141	0.0070921985815602835	1	2820	0.0005317263381779511	0.07225034733066092	13.33806146572104	0.10704412638916101
Nitrososphaeria	JAGQHF010000087.1_5	1	141	0.0070921985815602835	1	2820	0.0005317263381779511	0.07225034733066092	13.33806146572104	0.10704412638916101
Nitrososphaeria	LFEZ01000001.1_15	1	141	0.0070921985815602835	1	2820	0.0005317263381779511	0.07225034733066092	13.33806146572104	0.10704412638916101
Nitrososphaeria	PFRJ01000029.1_12	1	141	0.0070921985815602835	1	2820	0.0005317263381779511	0.07225034733066092	13.33806146572104	0.10704412638916101
Nitrososphaeria	REGK01000001.1_45	1	141	0.0070921985815602835	0	2820	0.0001772421127259837	0.02468360496481056	40.01418439716312	0.04793627630847268
Nitrososphaeria	REGK01000001.1_31	1	141	0.0070921985815602835	5	2820	0.0019496632399858206	0.2405576380801802	3.637653127014829	0.3006347269685983
Nitrososphaeria	JABMOR010000028.1_5	1	141	0.0070921985815602835	1	2820	0.0005317263381779511	0.07225034733066092	13.33806146572104	0.10704412638916101
Nitrososphaeria	REGK01000001.1_1	1	141	0.0070921985815602835	0	2820	0.0001772421127259837	0.02468360496481056	40.01418439716312	0.04793627630847268
Nitrososphaeria	REGH01000011.1_4	1	141	0.0070921985815602835	1	2820	0.0005317263381779511	0.07225034733066092	13.33806146572104	0.10704412638916101
Nitrososphaeria	JAFAQB010000361.1_3	1	141	0.0070921985815602835	13	2820	0.00478553704360156	0.49154595382022037	1.4820068295245599	0.577219493969996
Nitrososphaeria	NZ_CP067007.1_365	1	141	0.0070921985815602835	1	2820	0.0005317263381779511	0.07225034733066092	13.33806146572104	0.10704412638916101
Nitrososphaeria	REGF01000007.1_29	1	141	0.0070921985815602835	0	2820	0.0001772421127259837	0.02468360496481056	40.01418439716312	0.04793627630847268
Nitrososphaeria	JAEHKV010000075.1_26	1	141	0.0070921985815602835	1	2820	0.0005317263381779511	0.07225034733066092	13.33806146572104	0.10704412638916101
Nitrososphaeria	JACERO010000059.1_22	1	141	0.0070921985815602835	0	2820	0.0001772421127259837	0.02468360496481056	40.01418439716312	0.04793627630847268
Nitrososphaeria	JACERO010000059.1_16	1	141	0.0070921985815602835	0	2820	0.0001772421127259837	0.02468360496481056	40.01418439716312	0.04793627630847268
Nitrososphaeria	JAIOOR010000007.1_97	1	141	0.0070921985815602835	4	2820	0.0015951790145338532	0.20156349000526308	4.44602048857368	0.2575058993075713
Nitrososphaeria	NZ_MWLL01000260.1_1	1	141	0.0070921985815602835	2	2820	0.0008862105636299185	0.11751288489749241	8.002836879432625	0.16196633049871526
Nitrososphaeria	JACERO010000059.1_3	1	141	0.0070921985815602835	0	2820	0.0001772421127259837	0.02468360496481056	40.01418439716312	0.04793627630847268
Nitrososphaeria	VYCS01000002.1_37	1	141	0.0070921985815602835	0	2820	0.0001772421127259837	0.02468360496481056	40.01418439716312	0.04793627630847268
Nitrososphaeria	JACERO010000059.1_1	1	141	0.0070921985815602835	0	2820	0.0001772421127259837	0.02468360496481056	40.01418439716312	0.04793627630847268
Nitrososphaeria	NZ_CP021324.1_820	1	141	0.0070921985815602835	2	2820	0.0008862105636299185	0.11751288489749241	8.002836879432625	0.16196633049871526
Nitrososphaeria	JACERO010000059.1_24	1	141	0.0070921985815602835	0	2820	0.0001772421127259837	0.02468360496481056	40.01418439716312	0.04793627630847268
Nitrososphaeria	NZ_LQMW01000023.1_68	1	141	0.0070921985815602835	27	2820	0.009748316199929103	0.7487372404183574	0.7275306254029659	0.8223835263611468
Nitrososphaeria	JOSY01000051.1_17	1	141	0.0070921985815602835	21	2820	0.007621410847217299	0.6599745842771875	0.9305624278410027	0.7501690373593667
Nitrososphaeria	JAAUVF010000077.1_11	1	141	0.0070921985815602835	3	2820	0.0012406947890818859	0.16058207806006342	5.716312056737588	0.21422786077481912
Nitrososphaeria	JACERO010000059.1_23	1	141	0.0070921985815602835	0	2820	0.0001772421127259837	0.02468360496481056	40.01418439716312	0.04793627630847268
Nitrososphaeria	NZ_CP021324.1_623	1	141	0.0070921985815602835	3	2820	0.0012406947890818859	0.16058207806006342	5.716312056737588	0.21422786077481912
Nitrososphaeria	JAGQHF010000208.1_3	1	141	0.0070921985815602835	0	2820	0.0001772421127259837	0.02468360496481056	40.01418439716312	0.04793627630847268
Nitrososphaeria	JABMOR010000089.1_2	1	141	0.0070921985815602835	3	2820	0.0012406947890818859	0.16058207806006342	5.716312056737588	0.21422786077481912
Nitrososphaeria	JABMOR010000028.1_7	1	141	0.0070921985815602835	1	2820	0.0005317263381779511	0.07225034733066092	13.33806146572104	0.10704412638916101
Nitrososphaeria	NC_018656.1_1153	1	141	0.0070921985815602835	0	2820	0.0001772421127259837	0.02468360496481056	40.01418439716312	0.04793627630847268
Nitrososphaeria	NZ_CP026994.1_746	1	141	0.0070921985815602835	0	2820	0.0001772421127259837	0.02468360496481056	40.01418439716312	0.04793627630847268
Nitrososphaeria	JOSY01000033.1_53	1	141	0.0070921985815602835	0	2820	0.0001772421127259837	0.02468360496481056	40.01418439716312	0.04793627630847268
Nitrososphaeria	NC_018655.1_1151	1	141	0.0070921985815602835	0	2820	0.0001772421127259837	0.02468360496481056	40.01418439716312	0.04793627630847268
Nitrososphaeria	JAEFCZ010000037.1_20	1	141	0.0070921985815602835	1	2820	0.0005317263381779511	0.07225034733066092	13.33806146572104	0.10704412638916101
Nitrososphaeria	JADFJY010000028.1_2	1	141	0.0070921985815602835	1	2820	0.0005317263381779511	0.07225034733066092	13.33806146572104	0.10704412638916101
Nitrososphaeria	NC_018655.1_1138	1	141	0.0070921985815602835	0	2820	0.0001772421127259837	0.02468360496481056	40.01418439716312	0.04793627630847268
Nitrososphaeria	NZ_CP026994.1_747	1	141	0.0070921985815602835	0	2820	0.0001772421127259837	0.02468360496481056	40.01418439716312	0.04793627630847268
Nitrososphaeria	NC_018655.1_1226	1	141	0.0070921985815602835	23	2820	0.008330379298121233	0.6925685627975848	0.8513656254715558	0.7762432032842819
Nitrososphaeria	JABMOR010000028.1_8	1	141	0.0070921985815602835	1	2820	0.0005317263381779511	0.07225034733066092	13.33806146572104	0.10704412638916101
Nitrososphaeria	JACZTB010000005.1_6	1	141	0.0070921985815602835	0	2820	0.0001772421127259837	0.02468360496481056	40.01418439716312	0.04793627630847268
Nitrososphaeria	JACZTB010000005.1_5	1	141	0.0070921985815602835	0	2820	0.0001772421127259837	0.02468360496481056	40.01418439716312	0.04793627630847268
Nitrososphaeria	JACZTB010000005.1_1	1	141	0.0070921985815602835	0	2820	0.0001772421127259837	0.02468360496481056	40.01418439716312	0.04793627630847268
Nitrososphaeria	NC_018656.1_1165	1	141	0.0070921985815602835	1	2820	0.0005317263381779511	0.07225034733066092	13.33806146572104	0.10704412638916101
Nitrososphaeria	NZ_CP026995.1_228	1	141	0.0070921985815602835	4	2820	0.0015951790145338532	0.20156349000526308	4.44602048857368	0.2575058993075713
Nitrososphaeria	JACERO010000059.1_17	1	141	0.0070921985815602835	0	2820	0.0001772421127259837	0.02468360496481056	40.01418439716312	0.04793627630847268
Nitrososphaeria	NZ_CP024808.1_1663	1	141	0.0070921985815602835	21	2820	0.007621410847217299	0.6599745842771875	0.9305624278410027	0.7501690373593667
Nitrososphaeria	NZ_CP035425.1_1753	1	141	0.0070921985815602835	1	2820	0.0005317263381779511	0.07225034733066092	13.33806146572104	0.10704412638916101
Nitrososphaeria	JAGQHE010000038.1_17	1	141	0.0070921985815602835	0	2820	0.0001772421127259837	0.02468360496481056	40.01418439716312	0.04793627630847268
Nitrososphaeria	JACERO010000059.1_26	1	141	0.0070921985815602835	0	2820	0.0001772421127259837	0.02468360496481056	40.01418439716312	0.04793627630847268
Nitrososphaeria	LDXL01000006.1_151	1	141	0.0070921985815602835	16	2820	0.005848989719957462	0.5626969515688873	1.2125510423382762	0.6493899747292614
Nitrososphaeria	NZ_CP024808.1_397	1	141	0.0070921985815602835	0	2820	0.0001772421127259837	0.02468360496481056	40.01418439716312	0.04793627630847268
Nitrososphaeria	JAGXTE010000055.1_40	1	141	0.0070921985815602835	13	2820	0.00478553704360156	0.49154595382022037	1.4820068295245599	0.577219493969996
Nitrososphaeria	NZ_CP024808.1_360	1	141	0.0070921985815602835	2	2820	0.0008862105636299185	0.11751288489749241	8.002836879432625	0.16196633049871526
Nitrososphaeria	JACERO010000059.1_25	1	141	0.0070921985815602835	0	2820	0.0001772421127259837	0.02468360496481056	40.01418439716312	0.04793627630847268
Nitrososphaeria	JAAUVF010000069.1_5	1	141	0.0070921985815602835	0	2820	0.0001772421127259837	0.02468360496481056	40.01418439716312	0.04793627630847268
Nitrososphaeria	JABGTD010000004.1_38	1	141	0.0070921985815602835	0	2820	0.0001772421127259837	0.02468360496481056	40.01418439716312	0.04793627630847268
Nitrososphaeria	JAAUVF010000069.1_1	1	141	0.0070921985815602835	0	2820	0.0001772421127259837	0.02468360496481056	40.01418439716312	0.04793627630847268
Nitrososphaeria	JABSRD010000008.1_89	1	141	0.0070921985815602835	0	2820	0.0001772421127259837	0.02468360496481056	40.01418439716312	0.04793627630847268
Nitrososphaeria	JACEMX010000155.1_4	1	141	0.0070921985815602835	10	2820	0.0037220843672456576	0.4089135690113581	1.9054373522458627	0.4873021385649189
Nitrososphaeria	JAEFCZ010000037.1_17	1	141	0.0070921985815602835	1	2820	0.0005317263381779511	0.07225034733066092	13.33806146572104	0.10704412638916101
Nitrososphaeria	JAAUVF010000069.1_3	1	141	0.0070921985815602835	0	2820	0.0001772421127259837	0.02468360496481056	40.01418439716312	0.04793627630847268
Nitrososphaeria	JAAUVF010000069.1_2	1	141	0.0070921985815602835	0	2820	0.0001772421127259837	0.02468360496481056	40.01418439716312	0.04793627630847268
Nitrososphaeria	JAEFCZ010000037.1_19	1	141	0.0070921985815602835	1	2820	0.0005317263381779511	0.07225034733066092	13.33806146572104	0.10704412638916101
Nitrososphaeria	JABSRD010000008.1_88	1	141	0.0070921985815602835	0	2820	0.0001772421127259837	0.02468360496481056	40.01418439716312	0.04793627630847268
Nitrososphaeria	WHTU01000040.1_9	1	141	0.0070921985815602835	0	2820	0.0001772421127259837	0.02468360496481056	40.01418439716312	0.04793627630847268
Nitrososphaeria	CACLNC010000019.1_22	1	141	0.0070921985815602835	0	2820	0.0001772421127259837	0.02468360496481056	40.01418439716312	0.04793627630847268
Nitrososphaeria	RHFA01000008.1_4	1	141	0.0070921985815602835	53	2820	0.018964906061680255	0.9327765776366513	0.373964340160403	0.9501085748562513
Nitrososphaeria	JADDOW010000097.1_11	1	141	0.0070921985815602835	0	2820	0.0001772421127259837	0.02468360496481056	40.01418439716312	0.04793627630847268
Nitrososphaeria	WHSX01000035.1_15	1	141	0.0070921985815602835	0	2820	0.0001772421127259837	0.02468360496481056	40.01418439716312	0.04793627630847268
Nitrososphaeria	WHSX01000035.1_16	1	141	0.0070921985815602835	0	2820	0.0001772421127259837	0.02468360496481056	40.01418439716312	0.04793627630847268
Nitrososphaeria	WHSX01000035.1_17	1	141	0.0070921985815602835	0	2820	0.0001772421127259837	0.02468360496481056	40.01418439716312	0.04793627630847268
Nitrososphaeria	WHSX01000035.1_18	1	141	0.0070921985815602835	0	2820	0.0001772421127259837	0.02468360496481056	40.01418439716312	0.04793627630847268
Nitrososphaeria	WHSX01000035.1_19	1	141	0.0070921985815602835	0	2820	0.0001772421127259837	0.02468360496481056	40.01418439716312	0.04793627630847268
Nitrososphaeria	NZ_CP085329.1_203	1	141	0.0070921985815602835	0	2820	0.0001772421127259837	0.02468360496481056	40.01418439716312	0.04793627630847268
Nitrososphaeria	WHSX01000204.1_6	1	141	0.0070921985815602835	0	2820	0.0001772421127259837	0.02468360496481056	40.01418439716312	0.04793627630847268
Nitrososphaeria	SCUP01000259.1_3	1	141	0.0070921985815602835	0	2820	0.0001772421127259837	0.02468360496481056	40.01418439716312	0.04793627630847268
Nitrososphaeria	NZ_AOIJ01000040.1_81	1	141	0.0070921985815602835	1	2820	0.0005317263381779511	0.07225034733066092	13.33806146572104	0.10704412638916101
Nitrososphaeria	NZ_BGKI01000004.1_104	1	141	0.0070921985815602835	6	2820	0.002304147465437788	0.27766023331496603	3.078014184397163	0.3437969624002557
Nitrososphaeria	PBZV01000007.1_30	1	141	0.0070921985815602835	0	2820	0.0001772421127259837	0.02468360496481056	40.01418439716312	0.04793627630847268
Nitrososphaeria	JAJNBK010000204.1_1	1	141	0.0070921985815602835	1	2820	0.0005317263381779511	0.07225034733066092	13.33806146572104	0.10704412638916101
Nitrososphaeria	UYNY01000006.1_25	1	141	0.0070921985815602835	44	2820	0.015774548032612547	0.893747924278613	0.4495975774962149	0.9299913690077717
Nitrososphaeria	NZ_CP010868.1_1202	1	141	0.0070921985815602835	0	2820	0.0001772421127259837	0.02468360496481056	40.01418439716312	0.04793627630847268
Nitrososphaeria	SCVO01000033.1_36	1	141	0.0070921985815602835	1	2820	0.0005317263381779511	0.07225034733066092	13.33806146572104	0.10704412638916101
Nitrososphaeria	NZ_CP010868.1_1205	1	141	0.0070921985815602835	0	2820	0.0001772421127259837	0.02468360496481056	40.01418439716312	0.04793627630847268
Nitrososphaeria	NZ_CP010868.1_1207	1	141	0.0070921985815602835	0	2820	0.0001772421127259837	0.02468360496481056	40.01418439716312	0.04793627630847268
Nitrososphaeria	UYNY01000031.1_90	1	141	0.0070921985815602835	0	2820	0.0001772421127259837	0.02468360496481056	40.01418439716312	0.04793627630847268
Nitrososphaeria	DP000238.1_441	1	141	0.0070921985815602835	0	2820	0.0001772421127259837	0.02468360496481056	40.01418439716312	0.04793627630847268
Nitrososphaeria	UYNY01000031.1_98	1	141	0.0070921985815602835	2	2820	0.0008862105636299185	0.11751288489749241	8.002836879432625	0.16196633049871526
Nitrososphaeria	UYNY01000031.1_100	1	141	0.0070921985815602835	0	2820	0.0001772421127259837	0.02468360496481056	40.01418439716312	0.04793627630847268
Nitrososphaeria	NZ_CP030846.1_1571	1	141	0.0070921985815602835	8	2820	0.003013115916341723	0.34655093642920287	2.353775552774301	0.4196591232362118
Nitrososphaeria	UYNY01000031.1_103	1	141	0.0070921985815602835	0	2820	0.0001772421127259837	0.02468360496481056	40.01418439716312	0.04793627630847268
Nitrososphaeria	JADNRU010000012.1_4	1	141	0.0070921985815602835	60	2820	0.021446295639844026	0.9529631954499829	0.33069573881952996	0.9641557162019121
Nitrososphaeria	JAHRAJ010000036.1_6	1	141	0.0070921985815602835	0	2820	0.0001772421127259837	0.02468360496481056	40.01418439716312	0.04793627630847268
Nitrososphaeria	UYNY01000031.1_108	1	141	0.0070921985815602835	0	2820	0.0001772421127259837	0.02468360496481056	40.01418439716312	0.04793627630847268
Nitrososphaeria	JAATVR010000297.1_1	1	141	0.0070921985815602835	46	2820	0.016483516483516484	0.904013167106604	0.43026004728132383	0.9358282227730166
Nitrososphaeria	NSIR01000003.1_19	1	141	0.0070921985815602835	55	2820	0.01967387451258419	0.9392912476471544	0.36048814772219023	0.9535229332175659
Nitrososphaeria	WHSX01000035.1_11	1	141	0.0070921985815602835	0	2820	0.0001772421127259837	0.02468360496481056	40.01418439716312	0.04793627630847268
Nitrososphaeria	WHSX01000035.1_9	1	141	0.0070921985815602835	0	2820	0.0001772421127259837	0.02468360496481056	40.01418439716312	0.04793627630847268
Nitrososphaeria	DP000238.1_373	1	141	0.0070921985815602835	1	2820	0.0005317263381779511	0.07225034733066092	13.33806146572104	0.10704412638916101
Nitrososphaeria	WHTU01000011.1_65	1	141	0.0070921985815602835	7	2820	0.0026586316908897554	0.3129624086547611	2.667612293144208	0.38206200412172425
Nitrososphaeria	JAHRAJ010000053.1_2	1	141	0.0070921985815602835	1	2820	0.0005317263381779511	0.07225034733066092	13.33806146572104	0.10704412638916101
Nitrososphaeria	JAHRAJ010000053.1_3	1	141	0.0070921985815602835	0	2820	0.0001772421127259837	0.02468360496481056	40.01418439716312	0.04793627630847268
Nitrososphaeria	JAHRAJ010000053.1_4	1	141	0.0070921985815602835	1	2820	0.0005317263381779511	0.07225034733066092	13.33806146572104	0.10704412638916101
Nitrososphaeria	JAHRAJ010000053.1_5	1	141	0.0070921985815602835	1	2820	0.0005317263381779511	0.07225034733066092	13.33806146572104	0.10704412638916101
Nitrososphaeria	JAHRAJ010000053.1_11	1	141	0.0070921985815602835	1	2820	0.0005317263381779511	0.07225034733066092	13.33806146572104	0.10704412638916101
Nitrososphaeria	JAHRAJ010000053.1_12	1	141	0.0070921985815602835	1	2820	0.0005317263381779511	0.07225034733066092	13.33806146572104	0.10704412638916101
Nitrososphaeria	JAHRAJ010000053.1_13	1	141	0.0070921985815602835	1	2820	0.0005317263381779511	0.07225034733066092	13.33806146572104	0.10704412638916101
Nitrososphaeria	JAHRAJ010000053.1_14	1	141	0.0070921985815602835	1	2820	0.0005317263381779511	0.07225034733066092	13.33806146572104	0.10704412638916101
Nitrososphaeria	SCUP01000213.1_2	1	141	0.0070921985815602835	4	2820	0.0015951790145338532	0.20156349000526308	4.44602048857368	0.2575058993075713
Nitrososphaeria	JAHRAJ010000053.1_16	1	141	0.0070921985815602835	1	2820	0.0005317263381779511	0.07225034733066092	13.33806146572104	0.10704412638916101
Nitrososphaeria	NZ_MU078697.1_125	1	141	0.0070921985815602835	1	2820	0.0005317263381779511	0.07225034733066092	13.33806146572104	0.10704412638916101
Nitrososphaeria	JAHRAJ010000053.1_18	1	141	0.0070921985815602835	1	2820	0.0005317263381779511	0.07225034733066092	13.33806146572104	0.10704412638916101
Nitrososphaeria	DRGT01000095.1_17	1	141	0.0070921985815602835	102	2820	0.036334633108826654	0.9945849631460872	0.1951911434007957	0.9954103448582418
Nitrososphaeria	VYCS01000041.1_36	1	141	0.0070921985815602835	38	2820	0.013647642679900745	0.8559463568894143	0.5196647324306899	0.9094901378049636
Nitrososphaeria	JAHRAJ010000053.1_21	1	141	0.0070921985815602835	1	2820	0.0005317263381779511	0.07225034733066092	13.33806146572104	0.10704412638916101
Nitrososphaeria	JAHRAJ010000053.1_22	1	141	0.0070921985815602835	1	2820	0.0005317263381779511	0.07225034733066092	13.33806146572104	0.10704412638916101
Nitrososphaeria	JAHRAJ010000053.1_23	1	141	0.0070921985815602835	1	2820	0.0005317263381779511	0.07225034733066092	13.33806146572104	0.10704412638916101
Nitrososphaeria	JAEHKV010000059.1_25	1	141	0.0070921985815602835	0	2820	0.0001772421127259837	0.02468360496481056	40.01418439716312	0.04793627630847268
Nitrososphaeria	JADFJY010000031.1_19	1	141	0.0070921985815602835	22	2820	0.007975895072669267	0.6766791310555011	0.889204097714736	0.7646852440598011
Nitrososphaeria	RHFD01000056.1_2	1	141	0.0070921985815602835	0	2820	0.0001772421127259837	0.02468360496481056	40.01418439716312	0.04793627630847268
Nitrososphaeria	RHFD01000056.1_26	1	141	0.0070921985815602835	0	2820	0.0001772421127259837	0.02468360496481056	40.01418439716312	0.04793627630847268
Nitrososphaeria	RHFB01000010.1_2	1	141	0.0070921985815602835	0	2820	0.0001772421127259837	0.02468360496481056	40.01418439716312	0.04793627630847268
Nitrososphaeria	JACZUQ010000043.1_4	1	141	0.0070921985815602835	1	2820	0.0005317263381779511	0.07225034733066092	13.33806146572104	0.10704412638916101
Nitrososphaeria	WHSX01000035.1_1	1	141	0.0070921985815602835	0	2820	0.0001772421127259837	0.02468360496481056	40.01418439716312	0.04793627630847268
Nitrososphaeria	WHSX01000035.1_2	1	141	0.0070921985815602835	1	2820	0.0005317263381779511	0.07225034733066092	13.33806146572104	0.10704412638916101
Nitrososphaeria	NZ_CP100454.1_3101	1	141	0.0070921985815602835	3	2820	0.0012406947890818859	0.16058207806006342	5.716312056737588	0.21422786077481912
Nitrososphaeria	CABXPS010000022.1_23	1	141	0.0070921985815602835	0	2820	0.0001772421127259837	0.02468360496481056	40.01418439716312	0.04793627630847268
Nitrososphaeria	RKRU01000145.1_8	1	141	0.0070921985815602835	1	2820	0.0005317263381779511	0.07225034733066092	13.33806146572104	0.10704412638916101
Nitrososphaeria	WHSX01000035.1_7	1	141	0.0070921985815602835	0	2820	0.0001772421127259837	0.02468360496481056	40.01418439716312	0.04793627630847268
Nitrososphaeria	UYNY01000031.1_118	1	141	0.0070921985815602835	0	2820	0.0001772421127259837	0.02468360496481056	40.01418439716312	0.04793627630847268
Nitrososphaeria	CABXPS010000010.1_27	1	141	0.0070921985815602835	42	2820	0.015065579581708614	0.882393477046579	0.4707551105548602	0.925362202885369
Nitrososphaeria	JAHCGZ010000007.1_52	1	141	0.0070921985815602835	0	2820	0.0001772421127259837	0.02468360496481056	40.01418439716312	0.04793627630847268
Nitrososphaeria	NZ_CBTY010000009.1_556	1	141	0.0070921985815602835	15	2820	0.005494505494505495	0.5401530072773202	1.2907801418439715	0.6263697372850463
Nitrososphaeria	VYCS01000011.1_5	1	141	0.0070921985815602835	0	2820	0.0001772421127259837	0.02468360496481056	40.01418439716312	0.04793627630847268
Nitrososphaeria	VYCS01000011.1_6	1	141	0.0070921985815602835	0	2820	0.0001772421127259837	0.02468360496481056	40.01418439716312	0.04793627630847268
Nitrososphaeria	DP000238.1_1161	1	141	0.0070921985815602835	23	2820	0.008330379298121233	0.6925685627975848	0.8513656254715558	0.7762432032842819
Nitrososphaeria	QOOS01000012.1_25	1	141	0.0070921985815602835	25	2820	0.009039347749025168	0.7220581960393275	0.7845918509247671	0.7981688216530055
Nitrososphaeria	NZ_KB913017.1_3342	1	141	0.0070921985815602835	27	2820	0.009748316199929103	0.7487372404183574	0.7275306254029659	0.8223835263611468
Nitrososphaeria	VYCS01000011.1_10	1	141	0.0070921985815602835	0	2820	0.0001772421127259837	0.02468360496481056	40.01418439716312	0.04793627630847268
Nitrososphaeria	VYCS01000011.1_13	1	141	0.0070921985815602835	0	2820	0.0001772421127259837	0.02468360496481056	40.01418439716312	0.04793627630847268
Nitrososphaeria	JAAUVF010000108.1_5	1	141	0.0070921985815602835	7	2820	0.0026586316908897554	0.3129624086547611	2.667612293144208	0.38206200412172425
Nitrososphaeria	JAHRAJ010000022.1_18	1	141	0.0070921985815602835	24	2820	0.008684863523573201	0.7076823835785009	0.8166160081053697	0.7887846160773309
Nitrososphaeria	RKRU01000015.1_3	1	141	0.0070921985815602835	19	2820	0.0069124423963133645	0.6239520448862459	1.0260047281323876	0.7159716138276048
Nitrososphaeria	RHFB01000061.1_5	1	141	0.0070921985815602835	27	2820	0.009748316199929103	0.7487372404183574	0.7275306254029659	0.8223835263611468
Nitrososphaeria	SCVO01000018.1_4	1	141	0.0070921985815602835	24	2820	0.008684863523573201	0.7076823835785009	0.8166160081053697	0.7887846160773309
Nitrososphaeria	VYCS01000011.1_20	1	141	0.0070921985815602835	1	2820	0.0005317263381779511	0.07225034733066092	13.33806146572104	0.10704412638916101
Nitrososphaeria	VYCS01000011.1_21	1	141	0.0070921985815602835	1	2820	0.0005317263381779511	0.07225034733066092	13.33806146572104	0.10704412638916101
Nitrososphaeria	JAHEFU010000001.1_25	1	141	0.0070921985815602835	43	2820	0.015420063807160581	0.8882137505069982	0.4599331539903807	0.9274335784514631
Nitrososphaeria	JADJWG010000004.1_415	1	141	0.0070921985815602835	24	2820	0.008684863523573201	0.7076823835785009	0.8166160081053697	0.7887846160773309
Nitrososphaeria	VYCS01000011.1_24	1	141	0.0070921985815602835	1	2820	0.0005317263381779511	0.07225034733066092	13.33806146572104	0.10704412638916101
Nitrososphaeria	QQVN01000004.1_107	1	141	0.0070921985815602835	15	2820	0.005494505494505495	0.5401530072773202	1.2907801418439715	0.6263697372850463
Nitrososphaeria	VYCS01000039.1_60	1	141	0.0070921985815602835	2	2820	0.0008862105636299185	0.11751288489749241	8.002836879432625	0.16196633049871526
Nitrososphaeria	SKKJ01000115.1_1	1	141	0.0070921985815602835	0	2820	0.0001772421127259837	0.02468360496481056	40.01418439716312	0.04793627630847268
Nitrososphaeria	VXON01000101.1_2	1	141	0.0070921985815602835	0	2820	0.0001772421127259837	0.02468360496481056	40.01418439716312	0.04793627630847268
Nitrososphaeria	VYCS01000042.1_25	1	141	0.0070921985815602835	1	2820	0.0005317263381779511	0.07225034733066092	13.33806146572104	0.10704412638916101
Nitrososphaeria	VXON01000101.1_4	1	141	0.0070921985815602835	0	2820	0.0001772421127259837	0.02468360496481056	40.01418439716312	0.04793627630847268
Nitrososphaeria	VXON01000101.1_5	1	141	0.0070921985815602835	0	2820	0.0001772421127259837	0.02468360496481056	40.01418439716312	0.04793627630847268
Nitrososphaeria	VYCS01000036.1_26	1	141	0.0070921985815602835	1	2820	0.0005317263381779511	0.07225034733066092	13.33806146572104	0.10704412638916101
Nitrososphaeria	JABSRD010000001.1_391	1	141	0.0070921985815602835	25	2820	0.009039347749025168	0.7220581960393275	0.7845918509247671	0.7981688216530055
Nitrososphaeria	JACRND010000125.1_4	1	141	0.0070921985815602835	3	2820	0.0012406947890818859	0.16058207806006342	5.716312056737588	0.21422786077481912
Nitrososphaeria	NZ_MWLL01000176.1_49	1	141	0.0070921985815602835	33	2820	0.011875221552640907	0.8144493944501268	0.5972266327934794	0.8821533198536202
Nitrososphaeria	LDXL01000001.1_53	1	141	0.0070921985815602835	32	2820	0.01152073732718894	0.8048240343362965	0.6156028368794326	0.8744304373059221
Nitrososphaeria	RKRU01000176.1_4	1	141	0.0070921985815602835	1	2820	0.0005317263381779511	0.07225034733066092	13.33806146572104	0.10704412638916101
Nitrososphaeria	RKRU01000084.1_12	1	141	0.0070921985815602835	0	2820	0.0001772421127259837	0.02468360496481056	40.01418439716312	0.04793627630847268
Nitrososphaeria	DTTB01000142.1_2	1	141	0.0070921985815602835	0	2820	0.0001772421127259837	0.02468360496481056	40.01418439716312	0.04793627630847268
Nitrososphaeria	RKRU01000084.1_11	1	141	0.0070921985815602835	0	2820	0.0001772421127259837	0.02468360496481056	40.01418439716312	0.04793627630847268
Nitrososphaeria	UYNY01000031.1_133	1	141	0.0070921985815602835	0	2820	0.0001772421127259837	0.02468360496481056	40.01418439716312	0.04793627630847268
Nitrososphaeria	CACHDH010000001.1_11	1	141	0.0070921985815602835	54	2820	0.019319390287132223	0.9361163143987243	0.3671026091482855	0.9519024242536775
Nitrososphaeria	JAHRAL010000112.1_5	1	141	0.0070921985815602835	48	2820	0.017192484934420417	0.9132930156373192	0.41251736491920743	0.9413943391953906
Nitrososphaeria	NC_010085.1_1229	1	141	0.0070921985815602835	54	2820	0.019319390287132223	0.9361163143987243	0.3671026091482855	0.9519024242536775
Nitrososphaeria	JAEHKU010000022.1_6	1	141	0.0070921985815602835	42	2820	0.015065579581708614	0.882393477046579	0.4707551105548602	0.925362202885369
Nitrososphaeria	JAEHKU010000002.1_23	1	141	0.0070921985815602835	1	2820	0.0005317263381779511	0.07225034733066092	13.33806146572104	0.10704412638916101
Nitrososphaeria	VHBH01000001.1_103	1	141	0.0070921985815602835	41	2820	0.014711095356256646	0.876272424470337	0.4820986071947364	0.9237627132091141
Nitrososphaeria	NZ_AOLJ01000011.1_679	1	141	0.0070921985815602835	85	2820	0.03030840127614321	0.9869580585222335	0.23400107834598316	0.9902424447402776
Nitrososphaeria	JAIOOR010000005.1_117	1	141	0.0070921985815602835	32	2820	0.01152073732718894	0.8048240343362965	0.6156028368794326	0.8744304373059221
Nitrososphaeria	DRGT01000018.1_5	1	141	0.0070921985815602835	41	2820	0.014711095356256646	0.876272424470337	0.4820986071947364	0.9237627132091141
Nitrososphaeria	NZ_BGKI01000007.1_261	1	141	0.0070921985815602835	49	2820	0.017546969159872385	0.9175931440327021	0.40418368077942546	0.9442127403612958
Nitrososphaeria	VXON01000115.1_7	1	141	0.0070921985815602835	50	2820	0.017901453385324353	0.921681450408558	0.3961800435362685	0.9476111075811773
Nitrososphaeria	CACLNC010000026.1_3	1	141	0.0070921985815602835	0	2820	0.0001772421127259837	0.02468360496481056	40.01418439716312	0.04793627630847268
Nitrososphaeria	CACLNC010000026.1_9	1	141	0.0070921985815602835	0	2820	0.0001772421127259837	0.02468360496481056	40.01418439716312	0.04793627630847268
Nitrososphaeria	LDXL01000001.1_209	1	141	0.0070921985815602835	21	2820	0.007621410847217299	0.6599745842771875	0.9305624278410027	0.7501690373593667
Nitrososphaeria	NZ_CP030846.1_1568	1	141	0.0070921985815602835	3	2820	0.0012406947890818859	0.16058207806006342	5.716312056737588	0.21422786077481912
Nitrososphaeria	JAKUOP010000009.1_8	1	141	0.0070921985815602835	1	2820	0.0005317263381779511	0.07225034733066092	13.33806146572104	0.10704412638916101
Nitrososphaeria	JAKUOP010000009.1_15	1	141	0.0070921985815602835	14	2820	0.0051400212690535275	0.5164555349545848	1.379799461971142	0.6052919097718459
Nitrososphaeria	NZ_CP100355.1_1076	1	141	0.0070921985815602835	44	2820	0.015774548032612547	0.893747924278613	0.4495975774962149	0.9299913690077717
Nitrososphaeria	JAGQHF010000081.1_8	1	141	0.0070921985815602835	33	2820	0.011875221552640907	0.8144493944501268	0.5972266327934794	0.8821533198536202
Nitrososphaeria	JAKUOP010000009.1_20	1	141	0.0070921985815602835	2	2820	0.0008862105636299185	0.11751288489749241	8.002836879432625	0.16196633049871526
Nitrososphaeria	UYNY01000108.1_8	1	141	0.0070921985815602835	36	2820	0.01293867422899681	0.8405872014936566	0.5481395122899058	0.897122269912699
Nitrososphaeria	DTTB01000027.1_2	1	141	0.0070921985815602835	15	2820	0.005494505494505495	0.5401530072773202	1.2907801418439715	0.6263697372850463
Nitrososphaeria	JAKUOP010000009.1_44	1	141	0.0070921985815602835	2	2820	0.0008862105636299185	0.11751288489749241	8.002836879432625	0.16196633049871526
Nitrososphaeria	RKRU01000084.1_1	1	141	0.0070921985815602835	0	2820	0.0001772421127259837	0.02468360496481056	40.01418439716312	0.04793627630847268
Nitrososphaeria	RKRU01000084.1_2	1	141	0.0070921985815602835	0	2820	0.0001772421127259837	0.02468360496481056	40.01418439716312	0.04793627630847268
Nitrososphaeria	RKRU01000084.1_3	1	141	0.0070921985815602835	0	2820	0.0001772421127259837	0.02468360496481056	40.01418439716312	0.04793627630847268
Nitrososphaeria	DAMC01000056.1_10	1	141	0.0070921985815602835	52	2820	0.018610421836228287	0.9292635470262244	0.38108747044917257	0.9501085748562513
Nitrososphaeria	NZ_QURE01000026.1_4	1	141	0.0070921985815602835	57	2820	0.020382842963488124	0.9451786192661482	0.34794942954054886	0.9578869032226679
Nitrososphaeria	JAHRAJ010000053.1_1	1	141	0.0070921985815602835	1	2820	0.0005317263381779511	0.07225034733066092	13.33806146572104	0.10704412638916101
Nitrososphaeria	JAKAJY010000018.1_1	1	141	0.0070921985815602835	0	2820	0.0001772421127259837	0.02468360496481056	40.01418439716312	0.04793627630847268
Nitrososphaeria	JABMOR010000021.1_13	1	141	0.0070921985815602835	2	2820	0.0008862105636299185	0.11751288489749241	8.002836879432625	0.16196633049871526
Nitrososphaeria	NZ_CP067007.1_1550	1	141	0.0070921985815602835	11	2820	0.004076568592697625	0.4378412318686412	1.7397471477027442	0.5186999269485081
Nitrososphaeria	JAHFUX010000042.1_2	1	141	0.0070921985815602835	4	2820	0.0015951790145338532	0.20156349000526308	4.44602048857368	0.2575058993075713
Nitrososphaeria	LDXL01000008.1_214	1	141	0.0070921985815602835	35	2820	0.012584190003544842	0.832308593926143	0.5635800619318749	0.8938238328360893
Nitrososphaeria	LDXL01000008.1_210	1	141	0.0070921985815602835	0	2820	0.0001772421127259837	0.02468360496481056	40.01418439716312	0.04793627630847268
Nitrososphaeria	VMDM01000042.1_23	1	141	0.0070921985815602835	7	2820	0.0026586316908897554	0.3129624086547611	2.667612293144208	0.38206200412172425
Nitrososphaeria	NZ_MU078694.1_539	1	141	0.0070921985815602835	15	2820	0.005494505494505495	0.5401530072773202	1.2907801418439715	0.6263697372850463
Nitrososphaeria	CP046181.1_2253	1	141	0.0070921985815602835	13	2820	0.00478553704360156	0.49154595382022037	1.4820068295245599	0.577219493969996
Nitrososphaeria	JAJETY010000012.1_30	1	141	0.0070921985815602835	5	2820	0.0019496632399858206	0.2405576380801802	3.637653127014829	0.3006347269685983
Nitrososphaeria	PFRJ01000115.1_14	1	141	0.0070921985815602835	24	2820	0.008684863523573201	0.7076823835785009	0.8166160081053697	0.7887846160773309
Nitrososphaeria	JAEMQG010000077.1_13	1	141	0.0070921985815602835	23	2820	0.008330379298121233	0.6925685627975848	0.8513656254715558	0.7762432032842819
Nitrososphaeria	NZ_LQMW01000022.1_67	1	141	0.0070921985815602835	0	2820	0.0001772421127259837	0.02468360496481056	40.01418439716312	0.04793627630847268
Nitrososphaeria	NZ_LQMW01000022.1_73	1	141	0.0070921985815602835	0	2820	0.0001772421127259837	0.02468360496481056	40.01418439716312	0.04793627630847268
Nitrososphaeria	NC_010085.1_872	1	141	0.0070921985815602835	1	2820	0.0005317263381779511	0.07225034733066092	13.33806146572104	0.10704412638916101
Nitrososphaeria	NZ_LQMW01000022.1_104	1	141	0.0070921985815602835	1	2820	0.0005317263381779511	0.07225034733066092	13.33806146572104	0.10704412638916101
Nitrososphaeria	JAEHKV010000004.1_5	1	141	0.0070921985815602835	36	2820	0.01293867422899681	0.8405872014936566	0.5481395122899058	0.897122269912699
Nitrososphaeria	JAHRAL010000125.1_10	1	141	0.0070921985815602835	0	2820	0.0001772421127259837	0.02468360496481056	40.01418439716312	0.04793627630847268
Nitrososphaeria	CACIXQ010000008.1_12	1	141	0.0070921985815602835	70	2820	0.0249911378943637	0.9718027080218894	0.2837885418238519	0.9799281487244135
Nitrososphaeria	RKRU01000208.1_5	1	141	0.0070921985815602835	10	2820	0.0037220843672456576	0.4089135690113581	1.9054373522458627	0.4873021385649189
Nitrososphaeria	AOLX01000027.1_189	1	141	0.0070921985815602835	0	2820	0.0001772421127259837	0.02468360496481056	40.01418439716312	0.04793627630847268
Nitrososphaeria	JAKCFM010000001.1_2490	1	141	0.0070921985815602835	44	2820	0.015774548032612547	0.893747924278613	0.4495975774962149	0.9299913690077717
Nitrososphaeria	SZNP01000004.1_659	1	141	0.0070921985815602835	43	2820	0.015420063807160581	0.8882137505069982	0.4599331539903807	0.9274335784514631
Nitrososphaeria	JAHRAL010000125.1_16	1	141	0.0070921985815602835	0	2820	0.0001772421127259837	0.02468360496481056	40.01418439716312	0.04793627630847268
Nitrososphaeria	CACLNC010000012.1_2	1	141	0.0070921985815602835	98	2820	0.03491669620701879	0.993337501558945	0.20311768729524426	0.9949875638538933
Nitrososphaeria	JAKBAE010000012.1_14	1	141	0.0070921985815602835	60	2820	0.021446295639844026	0.9529631954499829	0.33069573881952996	0.9641557162019121
Nitrososphaeria	NZ_CP011070.1_1283	1	141	0.0070921985815602835	56	2820	0.020028358738036156	0.9423094545887704	0.3541078265235674	0.9557823399781809
Nitrososphaeria	NZ_JAKUHT010000001.1_220	1	141	0.0070921985815602835	53	2820	0.018964906061680255	0.9327765776366513	0.373964340160403	0.9501085748562513
Nitrososphaeria	JAATVP010000109.1_14	1	141	0.0070921985815602835	61	2820	0.021800779865295994	0.9553058145509862	0.3253185723346595	0.9657156851202761
Nitrososphaeria	JAHRAL010000125.1_23	1	141	0.0070921985815602835	0	2820	0.0001772421127259837	0.02468360496481056	40.01418439716312	0.04793627630847268
Nitrososphaeria	RHFA01000084.1_2	1	141	0.0070921985815602835	43	2820	0.015420063807160581	0.8882137505069982	0.4599331539903807	0.9274335784514631
Nitrososphaeria	NZ_AVSQ01000012.1_117	1	141	0.0070921985815602835	24	2820	0.008684863523573201	0.7076823835785009	0.8166160081053697	0.7887846160773309
Nitrososphaeria	BFAR01000095.1_3	1	141	0.0070921985815602835	0	2820	0.0001772421127259837	0.02468360496481056	40.01418439716312	0.04793627630847268
Nitrososphaeria	LDXL01000008.1_195	1	141	0.0070921985815602835	2	2820	0.0008862105636299185	0.11751288489749241	8.002836879432625	0.16196633049871526
Nitrososphaeria	LFLC01000008.1_87	1	141	0.0070921985815602835	3	2820	0.0012406947890818859	0.16058207806006342	5.716312056737588	0.21422786077481912
Nitrososphaeria	LDXL01000008.1_194	1	141	0.0070921985815602835	0	2820	0.0001772421127259837	0.02468360496481056	40.01418439716312	0.04793627630847268
Nitrososphaeria	CAJQSS010000005.1_62	1	141	0.0070921985815602835	1	2820	0.0005317263381779511	0.07225034733066092	13.33806146572104	0.10704412638916101
Nitrososphaeria	CAJQSS010000005.1_78	1	141	0.0070921985815602835	0	2820	0.0001772421127259837	0.02468360496481056	40.01418439716312	0.04793627630847268
Nitrososphaeria	NZ_AEXL02000052.1_4	1	141	0.0070921985815602835	0	2820	0.0001772421127259837	0.02468360496481056	40.01418439716312	0.04793627630847268
Nitrososphaeria	JABJDB010000060.1_1	1	141	0.0070921985815602835	0	2820	0.0001772421127259837	0.02468360496481056	40.01418439716312	0.04793627630847268
Nitrososphaeria	JABJDB010000060.1_7	1	141	0.0070921985815602835	0	2820	0.0001772421127259837	0.02468360496481056	40.01418439716312	0.04793627630847268
Nitrososphaeria	JAGXTE010000041.1_15	1	141	0.0070921985815602835	24	2820	0.008684863523573201	0.7076823835785009	0.8166160081053697	0.7887846160773309
Nitrososphaeria	JADNRU010000010.1_20	1	141	0.0070921985815602835	31	2820	0.011166253101736972	0.7947030854422203	0.6351457840819543	0.8649927085228499
Nitrososphaeria	NZ_CP024808.1_1594	1	141	0.0070921985815602835	8	2820	0.003013115916341723	0.34655093642920287	2.353775552774301	0.4196591232362118
Nitrososphaeria	JAKAJY010000132.1_3	1	141	0.0070921985815602835	0	2820	0.0001772421127259837	0.02468360496481056	40.01418439716312	0.04793627630847268
Nitrososphaeria	BFAR01000126.1_2	1	141	0.0070921985815602835	0	2820	0.0001772421127259837	0.02468360496481056	40.01418439716312	0.04793627630847268
Nitrososphaeria	BFAR01000126.1_13	1	141	0.0070921985815602835	0	2820	0.0001772421127259837	0.02468360496481056	40.01418439716312	0.04793627630847268
Nitrososphaeria	RKRU01000055.1_3	1	141	0.0070921985815602835	29	2820	0.010457284650833037	0.7728718359466328	0.6782065152061546	0.8442784729634412
Nitrososphaeria	UYNY01000100.1_4	1	141	0.0070921985815602835	1	2820	0.0005317263381779511	0.07225034733066092	13.33806146572104	0.10704412638916101
Nitrososphaeria	REGH01000003.1_1	1	141	0.0070921985815602835	5	2820	0.0019496632399858206	0.2405576380801802	3.637653127014829	0.3006347269685983
Nitrososphaeria	RKSK01000112.1_2	1	141	0.0070921985815602835	0	2820	0.0001772421127259837	0.02468360496481056	40.01418439716312	0.04793627630847268
Nitrososphaeria	RHFA01000128.1_11	1	141	0.0070921985815602835	0	2820	0.0001772421127259837	0.02468360496481056	40.01418439716312	0.04793627630847268
Nitrososphaeria	RHFA01000128.1_14	1	141	0.0070921985815602835	0	2820	0.0001772421127259837	0.02468360496481056	40.01418439716312	0.04793627630847268
Nitrososphaeria	RKRU01000072.1_3	1	141	0.0070921985815602835	2	2820	0.0008862105636299185	0.11751288489749241	8.002836879432625	0.16196633049871526
Nitrososphaeria	NZ_LIGX01000018.1_54	1	141	0.0070921985815602835	1	2820	0.0005317263381779511	0.07225034733066092	13.33806146572104	0.10704412638916101
Nitrososphaeria	RHFA01000128.1_19	1	141	0.0070921985815602835	0	2820	0.0001772421127259837	0.02468360496481056	40.01418439716312	0.04793627630847268
Nitrososphaeria	NZ_MU078694.1_145	1	141	0.0070921985815602835	0	2820	0.0001772421127259837	0.02468360496481056	40.01418439716312	0.04793627630847268
Nitrososphaeria	NZ_MU078694.1_167	1	141	0.0070921985815602835	19	2820	0.0069124423963133645	0.6239520448862459	1.0260047281323876	0.7159716138276048
Nitrososphaeria	JAHFUM010000007.1_8	1	141	0.0070921985815602835	23	2820	0.008330379298121233	0.6925685627975848	0.8513656254715558	0.7762432032842819
Nitrososphaeria	NC_018655.1_1221	1	141	0.0070921985815602835	2	2820	0.0008862105636299185	0.11751288489749241	8.002836879432625	0.16196633049871526
Nitrososphaeria	NZ_MU078694.1_173	1	141	0.0070921985815602835	0	2820	0.0001772421127259837	0.02468360496481056	40.01418439716312	0.04793627630847268
Nitrososphaeria	NZ_MU078694.1_174	1	141	0.0070921985815602835	0	2820	0.0001772421127259837	0.02468360496481056	40.01418439716312	0.04793627630847268
Nitrososphaeria	LDXL01000008.1_182	1	141	0.0070921985815602835	0	2820	0.0001772421127259837	0.02468360496481056	40.01418439716312	0.04793627630847268
Nitrososphaeria	LDXL01000008.1_183	1	141	0.0070921985815602835	0	2820	0.0001772421127259837	0.02468360496481056	40.01418439716312	0.04793627630847268
Nitrososphaeria	NZ_MU078695.1_20	1	141	0.0070921985815602835	5	2820	0.0019496632399858206	0.2405576380801802	3.637653127014829	0.3006347269685983
Nitrososphaeria	CP060262.1_2190	1	141	0.0070921985815602835	43	2820	0.015420063807160581	0.8882137505069982	0.4599331539903807	0.9274335784514631
Nitrososphaeria	NZ_BGKI01000007.1_73	1	141	0.0070921985815602835	2	2820	0.0008862105636299185	0.11751288489749241	8.002836879432625	0.16196633049871526
Nitrososphaeria	JAHCGZ010000007.1_49	1	141	0.0070921985815602835	0	2820	0.0001772421127259837	0.02468360496481056	40.01418439716312	0.04793627630847268
Nitrososphaeria	NZ_CP011070.1_932	1	141	0.0070921985815602835	2	2820	0.0008862105636299185	0.11751288489749241	8.002836879432625	0.16196633049871526
Nitrososphaeria	JADDOW010000067.1_15	1	141	0.0070921985815602835	52	2820	0.018610421836228287	0.9292635470262244	0.38108747044917257	0.9501085748562513
Nitrososphaeria	JAEHKU010000022.1_21	1	141	0.0070921985815602835	9	2820	0.00336760014179369	0.37850843556346614	2.1060097051138484	0.455570033223094
Nitrososphaeria	JADDOQ010000157.1_4	1	141	0.0070921985815602835	43	2820	0.015420063807160581	0.8882137505069982	0.4599331539903807	0.9274335784514631
Nitrososphaeria	RHFA01000169.1_8	1	141	0.0070921985815602835	84	2820	0.029953917050691243	0.9862683207147307	0.23677032187670485	0.9902424447402776
Nitrososphaeria	NZ_JAALLS010000017.1_51	1	141	0.0070921985815602835	48	2820	0.017192484934420417	0.9132930156373192	0.41251736491920743	0.9413943391953906
Nitrososphaeria	CACLIK010000008.1_36	1	141	0.0070921985815602835	81	2820	0.02889046437433534	0.9839742329793407	0.2454857938476265	0.9888941041442374
Nitrososphaeria	DP000238.1_516	1	141	0.0070921985815602835	5	2820	0.0019496632399858206	0.2405576380801802	3.637653127014829	0.3006347269685983
Nitrososphaeria	JAHRAL010000099.1_5	1	141	0.0070921985815602835	49	2820	0.017546969159872385	0.9175931440327021	0.40418368077942546	0.9442127403612958
Nitrososphaeria	WHTU01000011.1_78	1	141	0.0070921985815602835	92	2820	0.032789790854306985	0.9909125309051952	0.21629288863331414	0.9933836344735373
Nitrososphaeria	JAIOOR010000013.1_150	1	141	0.0070921985815602835	35	2820	0.012584190003544842	0.832308593926143	0.5635800619318749	0.8938238328360893
Nitrososphaeria	NZ_NHSQ01000052.1_48	1	141	0.0070921985815602835	1	2820	0.0005317263381779511	0.07225034733066092	13.33806146572104	0.10704412638916101
Nitrososphaeria	DAMC01000085.1_1	1	141	0.0070921985815602835	0	2820	0.0001772421127259837	0.02468360496481056	40.01418439716312	0.04793627630847268
Nitrososphaeria	JAATVT010000241.1_2	1	141	0.0070921985815602835	1	2820	0.0005317263381779511	0.07225034733066092	13.33806146572104	0.10704412638916101
Nitrososphaeria	JACRND010000075.1_12	1	141	0.0070921985815602835	0	2820	0.0001772421127259837	0.02468360496481056	40.01418439716312	0.04793627630847268
Nitrososphaeria	DAMC01000085.1_25	1	141	0.0070921985815602835	0	2820	0.0001772421127259837	0.02468360496481056	40.01418439716312	0.04793627630847268
Nitrososphaeria	SCVO01000120.1_1	1	141	0.0070921985815602835	0	2820	0.0001772421127259837	0.02468360496481056	40.01418439716312	0.04793627630847268
Nitrososphaeria	JADFJY010000033.1_1	1	141	0.0070921985815602835	0	2820	0.0001772421127259837	0.02468360496481056	40.01418439716312	0.04793627630847268
Nitrososphaeria	JADKAQ010000019.1_40	1	141	0.0070921985815602835	0	2820	0.0001772421127259837	0.02468360496481056	40.01418439716312	0.04793627630847268
Nitrososphaeria	JADFJY010000033.1_13	1	141	0.0070921985815602835	0	2820	0.0001772421127259837	0.02468360496481056	40.01418439716312	0.04793627630847268
Nitrososphaeria	CABXPS010000046.1_2	1	141	0.0070921985815602835	3	2820	0.0012406947890818859	0.16058207806006342	5.716312056737588	0.21422786077481912
Nitrososphaeria	JAHCGZ010000007.1_20	1	141	0.0070921985815602835	1	2820	0.0005317263381779511	0.07225034733066092	13.33806146572104	0.10704412638916101
Nitrososphaeria	JAHCGZ010000007.1_26	1	141	0.0070921985815602835	1	2820	0.0005317263381779511	0.07225034733066092	13.33806146572104	0.10704412638916101
Nitrososphaeria	JAHCGZ010000007.1_27	1	141	0.0070921985815602835	1	2820	0.0005317263381779511	0.07225034733066092	13.33806146572104	0.10704412638916101
Nitrososphaeria	RKSK01000014.1_3	1	141	0.0070921985815602835	31	2820	0.011166253101736972	0.7947030854422203	0.6351457840819543	0.8649927085228499
Nitrososphaeria	CP060262.1_850	1	141	0.0070921985815602835	39	2820	0.014002126905352711	0.863065489037891	0.5065086632552294	0.9154414949689504
Nitrososphaeria	JAKUOP010000001.1_23	1	141	0.0070921985815602835	9	2820	0.00336760014179369	0.37850843556346614	2.1060097051138484	0.455570033223094
Nitrososphaeria	JALDAN010000032.1_9	1	141	0.0070921985815602835	35	2820	0.012584190003544842	0.832308593926143	0.5635800619318749	0.8938238328360893
Nitrososphaeria	JAHCGZ010000007.1_45	1	141	0.0070921985815602835	1	2820	0.0005317263381779511	0.07225034733066092	13.33806146572104	0.10704412638916101
Nitrososphaeria	JAHCGZ010000007.1_46	1	141	0.0070921985815602835	1	2820	0.0005317263381779511	0.07225034733066092	13.33806146572104	0.10704412638916101
Nitrososphaeria	JADFLH010000028.1_1	1	141	0.0070921985815602835	1	2820	0.0005317263381779511	0.07225034733066092	13.33806146572104	0.10704412638916101
Nitrososphaeria	NVWC01000007.1_50	1	141	0.0070921985815602835	2	2820	0.0008862105636299185	0.11751288489749241	8.002836879432625	0.16196633049871526
Nitrososphaeria	PFRJ01000077.1_9	1	141	0.0070921985815602835	1	2820	0.0005317263381779511	0.07225034733066092	13.33806146572104	0.10704412638916101
Nitrososphaeria	NZ_BGKI01000007.1_183	1	141	0.0070921985815602835	1	2820	0.0005317263381779511	0.07225034733066092	13.33806146572104	0.10704412638916101
Nitrososphaeria	SCUP01000001.1_1	1	141	0.0070921985815602835	0	2820	0.0001772421127259837	0.02468360496481056	40.01418439716312	0.04793627630847268
Nitrososphaeria	VMDM01000051.1_15	1	141	0.0070921985815602835	1	2820	0.0005317263381779511	0.07225034733066092	13.33806146572104	0.10704412638916101
Nitrososphaeria	RHFB01000021.1_5	1	141	0.0070921985815602835	31	2820	0.011166253101736972	0.7947030854422203	0.6351457840819543	0.8649927085228499
Nitrososphaeria	JOSY01000026.1_1	1	141	0.0070921985815602835	12	2820	0.004431052818149593	0.46536273060343436	1.6005673758865246	0.548609436077949
Nitrososphaeria	JACZSC010000114.1_4	1	141	0.0070921985815602835	0	2820	0.0001772421127259837	0.02468360496481056	40.01418439716312	0.04793627630847268
Nitrososphaeria	LFEY01000002.1_39	1	141	0.0070921985815602835	0	2820	0.0001772421127259837	0.02468360496481056	40.01418439716312	0.04793627630847268
Nitrososphaeria	JABMOR010000033.1_39	1	141	0.0070921985815602835	22	2820	0.007975895072669267	0.6766791310555011	0.889204097714736	0.7646852440598011
Nitrososphaeria	NZ_MU078694.1_497	1	141	0.0070921985815602835	27	2820	0.009748316199929103	0.7487372404183574	0.7275306254029659	0.8223835263611468
Nitrososphaeria	LFEY01000002.1_42	1	141	0.0070921985815602835	23	2820	0.008330379298121233	0.6925685627975848	0.8513656254715558	0.7762432032842819
Nitrososphaeria	RHFD01000071.1_7	1	141	0.0070921985815602835	8	2820	0.003013115916341723	0.34655093642920287	2.353775552774301	0.4196591232362118
Nitrososphaeria	NZ_MU078694.1_491	1	141	0.0070921985815602835	31	2820	0.011166253101736972	0.7947030854422203	0.6351457840819543	0.8649927085228499
Nitrososphaeria	JACZTB010000009.1_8	1	141	0.0070921985815602835	22	2820	0.007975895072669267	0.6766791310555011	0.889204097714736	0.7646852440598011
Nitrososphaeria	RHFD01000071.1_4	1	141	0.0070921985815602835	18	2820	0.006557958170861397	0.6045446542052628	1.0814644431665708	0.6963522951017641
Nitrososphaeria	NZ_CP067007.1_719	1	141	0.0070921985815602835	20	2820	0.007266926621765332	0.6424134215362758	0.9759557170039784	0.7336653280044968
Nitrososphaeria	RHFD01000095.1_3	1	141	0.0070921985815602835	36	2820	0.01293867422899681	0.8405872014936566	0.5481395122899058	0.897122269912699
Nitrososphaeria	REGF01000030.1_18	1	141	0.0070921985815602835	23	2820	0.008330379298121233	0.6925685627975848	0.8513656254715558	0.7762432032842819
Nitrososphaeria	NZ_CP067007.1_722	1	141	0.0070921985815602835	19	2820	0.0069124423963133645	0.6239520448862459	1.0260047281323876	0.7159716138276048
Nitrososphaeria	JACZTB010000006.1_19	1	141	0.0070921985815602835	1	2820	0.0005317263381779511	0.07225034733066092	13.33806146572104	0.10704412638916101
Nitrososphaeria	JABMOR010000056.1_8	1	141	0.0070921985815602835	3	2820	0.0012406947890818859	0.16058207806006342	5.716312056737588	0.21422786077481912
Nitrososphaeria	PBZV01000023.1_3	1	141	0.0070921985815602835	1	2820	0.0005317263381779511	0.07225034733066092	13.33806146572104	0.10704412638916101
Nitrososphaeria	JACNFV010000197.1_6	1	141	0.0070921985815602835	6	2820	0.002304147465437788	0.27766023331496603	3.078014184397163	0.3437969624002557
Nitrososphaeria	JAAUVF010000073.1_2	1	141	0.0070921985815602835	0	2820	0.0001772421127259837	0.02468360496481056	40.01418439716312	0.04793627630847268
Nitrososphaeria	DRGT01000093.1_17	1	141	0.0070921985815602835	0	2820	0.0001772421127259837	0.02468360496481056	40.01418439716312	0.04793627630847268
Nitrososphaeria	DRGT01000093.1_18	1	141	0.0070921985815602835	22	2820	0.007975895072669267	0.6766791310555011	0.889204097714736	0.7646852440598011
Nitrososphaeria	DRGT01000093.1_23	1	141	0.0070921985815602835	0	2820	0.0001772421127259837	0.02468360496481056	40.01418439716312	0.04793627630847268
Nitrososphaeria	DRGT01000093.1_24	1	141	0.0070921985815602835	0	2820	0.0001772421127259837	0.02468360496481056	40.01418439716312	0.04793627630847268
Nitrososphaeria	DRGT01000093.1_25	1	141	0.0070921985815602835	0	2820	0.0001772421127259837	0.02468360496481056	40.01418439716312	0.04793627630847268
Nitrososphaeria	DRGT01000093.1_26	1	141	0.0070921985815602835	0	2820	0.0001772421127259837	0.02468360496481056	40.01418439716312	0.04793627630847268
Nitrososphaeria	NZ_BGKI01000007.1_182	1	141	0.0070921985815602835	7	2820	0.0026586316908897554	0.3129624086547611	2.667612293144208	0.38206200412172425
Nitrososphaeria	NVWC01000001.1_197	1	141	0.0070921985815602835	0	2820	0.0001772421127259837	0.02468360496481056	40.01418439716312	0.04793627630847268
Nitrososphaeria	CACLNC010000018.1_2	1	141	0.0070921985815602835	36	2820	0.01293867422899681	0.8405872014936566	0.5481395122899058	0.897122269912699
Nitrososphaeria	NVWC01000001.1_195	1	141	0.0070921985815602835	0	2820	0.0001772421127259837	0.02468360496481056	40.01418439716312	0.04793627630847268
Nitrososphaeria	JAFAQB010000083.1_10	1	141	0.0070921985815602835	0	2820	0.0001772421127259837	0.02468360496481056	40.01418439716312	0.04793627630847268
Nitrososphaeria	NZ_QURE01000100.1_1	1	141	0.0070921985815602835	0	2820	0.0001772421127259837	0.02468360496481056	40.01418439716312	0.04793627630847268
Nitrososphaeria	NZ_QURE01000100.1_3	1	141	0.0070921985815602835	0	2820	0.0001772421127259837	0.02468360496481056	40.01418439716312	0.04793627630847268
Nitrososphaeria	NZ_QURE01000100.1_4	1	141	0.0070921985815602835	0	2820	0.0001772421127259837	0.02468360496481056	40.01418439716312	0.04793627630847268
Nitrososphaeria	NZ_QURE01000100.1_6	1	141	0.0070921985815602835	0	2820	0.0001772421127259837	0.02468360496481056	40.01418439716312	0.04793627630847268
Nitrososphaeria	JAFAQB010000083.1_1	1	141	0.0070921985815602835	0	2820	0.0001772421127259837	0.02468360496481056	40.01418439716312	0.04793627630847268
Nitrososphaeria	JAFAQB010000083.1_2	1	141	0.0070921985815602835	0	2820	0.0001772421127259837	0.02468360496481056	40.01418439716312	0.04793627630847268
Nitrososphaeria	JAFAQB010000083.1_3	1	141	0.0070921985815602835	0	2820	0.0001772421127259837	0.02468360496481056	40.01418439716312	0.04793627630847268
Nitrososphaeria	JAFAQB010000115.1_6	1	141	0.0070921985815602835	0	2820	0.0001772421127259837	0.02468360496481056	40.01418439716312	0.04793627630847268
Nitrososphaeria	JAFAQB010000083.1_5	1	141	0.0070921985815602835	0	2820	0.0001772421127259837	0.02468360496481056	40.01418439716312	0.04793627630847268
Nitrososphaeria	JAFAQB010000083.1_6	1	141	0.0070921985815602835	0	2820	0.0001772421127259837	0.02468360496481056	40.01418439716312	0.04793627630847268
Nitrososphaeria	JAFAQB010000083.1_7	1	141	0.0070921985815602835	0	2820	0.0001772421127259837	0.02468360496481056	40.01418439716312	0.04793627630847268
Nitrososphaeria	JAFAQB010000083.1_9	1	141	0.0070921985815602835	0	2820	0.0001772421127259837	0.02468360496481056	40.01418439716312	0.04793627630847268
Nitrososphaeria	JAFAQB010000083.1_11	1	141	0.0070921985815602835	0	2820	0.0001772421127259837	0.02468360496481056	40.01418439716312	0.04793627630847268
Nitrososphaeria	NZ_CP017922.1_600	1	141	0.0070921985815602835	1	2820	0.0005317263381779511	0.07225034733066092	13.33806146572104	0.10704412638916101
Nitrososphaeria	JAATVS010000270.1_3	1	141	0.0070921985815602835	1	2820	0.0005317263381779511	0.07225034733066092	13.33806146572104	0.10704412638916101
Nitrososphaeria	JAFAQB010000083.1_14	1	141	0.0070921985815602835	0	2820	0.0001772421127259837	0.02468360496481056	40.01418439716312	0.04793627630847268
Nitrososphaeria	JAFAQB010000083.1_15	1	141	0.0070921985815602835	0	2820	0.0001772421127259837	0.02468360496481056	40.01418439716312	0.04793627630847268
Nitrososphaeria	JAFAQB010000217.1_32	1	141	0.0070921985815602835	1	2820	0.0005317263381779511	0.07225034733066092	13.33806146572104	0.10704412638916101
Nitrososphaeria	JAGQHF010000052.1_20	1	141	0.0070921985815602835	51	2820	0.018255937610776322	0.9255682981353035	0.38848722715692346	0.9483732944360034
Nitrososphaeria	WHSX01000111.1_8	1	141	0.0070921985815602835	1	2820	0.0005317263381779511	0.07225034733066092	13.33806146572104	0.10704412638916101
Nitrososphaeria	JACZSC010000116.1_2	1	141	0.0070921985815602835	0	2820	0.0001772421127259837	0.02468360496481056	40.01418439716312	0.04793627630847268
Nitrososphaeria	JAJNBK010000116.1_4	1	141	0.0070921985815602835	0	2820	0.0001772421127259837	0.02468360496481056	40.01418439716312	0.04793627630847268
Nitrososphaeria	JADKAQ010000025.1_78	1	141	0.0070921985815602835	2	2820	0.0008862105636299185	0.11751288489749241	8.002836879432625	0.16196633049871526
Nitrososphaeria	JADDOW010000025.1_1	1	141	0.0070921985815602835	0	2820	0.0001772421127259837	0.02468360496481056	40.01418439716312	0.04793627630847268
Nitrososphaeria	JADDOQ010000236.1_2	1	141	0.0070921985815602835	0	2820	0.0001772421127259837	0.02468360496481056	40.01418439716312	0.04793627630847268
Nitrososphaeria	NZ_JANHDJ010000003.1_295	1	141	0.0070921985815602835	0	2820	0.0001772421127259837	0.02468360496481056	40.01418439716312	0.04793627630847268
Nitrososphaeria	JADDOQ010000051.1_2	1	141	0.0070921985815602835	0	2820	0.0001772421127259837	0.02468360496481056	40.01418439716312	0.04793627630847268
Nitrososphaeria	NZ_CP017922.1_571	1	141	0.0070921985815602835	1	2820	0.0005317263381779511	0.07225034733066092	13.33806146572104	0.10704412638916101
Nitrososphaeria	NZ_CP017922.1_632	1	141	0.0070921985815602835	0	2820	0.0001772421127259837	0.02468360496481056	40.01418439716312	0.04793627630847268
Nitrososphaeria	NZ_CP017922.1_631	1	141	0.0070921985815602835	0	2820	0.0001772421127259837	0.02468360496481056	40.01418439716312	0.04793627630847268
Nitrososphaeria	NZ_CP017922.1_602	1	141	0.0070921985815602835	1	2820	0.0005317263381779511	0.07225034733066092	13.33806146572104	0.10704412638916101
Nitrososphaeria	NZ_CP012850.1_1151	1	141	0.0070921985815602835	2	2820	0.0008862105636299185	0.11751288489749241	8.002836879432625	0.16196633049871526
Nitrososphaeria	NZ_CP017922.1_604	1	141	0.0070921985815602835	1	2820	0.0005317263381779511	0.07225034733066092	13.33806146572104	0.10704412638916101
Nitrososphaeria	NZ_CP017922.1_605	1	141	0.0070921985815602835	1	2820	0.0005317263381779511	0.07225034733066092	13.33806146572104	0.10704412638916101
Nitrososphaeria	NZ_CP017922.1_606	1	141	0.0070921985815602835	1	2820	0.0005317263381779511	0.07225034733066092	13.33806146572104	0.10704412638916101
Nitrososphaeria	NZ_CP017922.1_607	1	141	0.0070921985815602835	0	2820	0.0001772421127259837	0.02468360496481056	40.01418439716312	0.04793627630847268
Nitrososphaeria	NZ_CP017922.1_608	1	141	0.0070921985815602835	0	2820	0.0001772421127259837	0.02468360496481056	40.01418439716312	0.04793627630847268
Nitrososphaeria	NZ_CP017922.1_609	1	141	0.0070921985815602835	0	2820	0.0001772421127259837	0.02468360496481056	40.01418439716312	0.04793627630847268
Nitrososphaeria	NZ_CP017922.1_610	1	141	0.0070921985815602835	0	2820	0.0001772421127259837	0.02468360496481056	40.01418439716312	0.04793627630847268
Nitrososphaeria	NZ_CP017922.1_611	1	141	0.0070921985815602835	0	2820	0.0001772421127259837	0.02468360496481056	40.01418439716312	0.04793627630847268
Nitrososphaeria	NZ_CP017922.1_613	1	141	0.0070921985815602835	0	2820	0.0001772421127259837	0.02468360496481056	40.01418439716312	0.04793627630847268
Nitrososphaeria	JAJNBK010000007.1_2	1	141	0.0070921985815602835	3	2820	0.0012406947890818859	0.16058207806006342	5.716312056737588	0.21422786077481912
Nitrososphaeria	JAJNBK010000301.1_2	1	141	0.0070921985815602835	1	2820	0.0005317263381779511	0.07225034733066092	13.33806146572104	0.10704412638916101
Nitrososphaeria	NZ_CP017922.1_618	1	141	0.0070921985815602835	0	2820	0.0001772421127259837	0.02468360496481056	40.01418439716312	0.04793627630847268
Nitrososphaeria	NZ_CP012850.1_150	1	141	0.0070921985815602835	0	2820	0.0001772421127259837	0.02468360496481056	40.01418439716312	0.04793627630847268
Nitrososphaeria	NZ_CP017922.1_620	1	141	0.0070921985815602835	0	2820	0.0001772421127259837	0.02468360496481056	40.01418439716312	0.04793627630847268
Nitrososphaeria	NZ_ML974131.1_616	1	141	0.0070921985815602835	36	2820	0.01293867422899681	0.8405872014936566	0.5481395122899058	0.897122269912699
Nitrososphaeria	NZ_FTNO01000005.1_195	1	141	0.0070921985815602835	1	2820	0.0005317263381779511	0.07225034733066092	13.33806146572104	0.10704412638916101
Nitrososphaeria	JAATVR010000362.1_9	1	141	0.0070921985815602835	4	2820	0.0015951790145338532	0.20156349000526308	4.44602048857368	0.2575058993075713
Nitrososphaeria	BGOU01000003.1_75	1	141	0.0070921985815602835	8	2820	0.003013115916341723	0.34655093642920287	2.353775552774301	0.4196591232362118
Nitrososphaeria	NZ_CP017922.1_625	1	141	0.0070921985815602835	0	2820	0.0001772421127259837	0.02468360496481056	40.01418439716312	0.04793627630847268
Nitrososphaeria	JAFAQB010000141.1_7	1	141	0.0070921985815602835	3	2820	0.0012406947890818859	0.16058207806006342	5.716312056737588	0.21422786077481912
Nitrososphaeria	WHSX01000088.1_7	1	141	0.0070921985815602835	1	2820	0.0005317263381779511	0.07225034733066092	13.33806146572104	0.10704412638916101
Nitrososphaeria	NZ_CP017922.1_628	1	141	0.0070921985815602835	0	2820	0.0001772421127259837	0.02468360496481056	40.01418439716312	0.04793627630847268
Nitrososphaeria	NZ_CP017922.1_2282	1	141	0.0070921985815602835	0	2820	0.0001772421127259837	0.02468360496481056	40.01418439716312	0.04793627630847268
Nitrososphaeria	JADJWG010000004.1_15	1	141	0.0070921985815602835	0	2820	0.0001772421127259837	0.02468360496481056	40.01418439716312	0.04793627630847268
Nitrososphaeria	JADDOQ010000233.1_2	1	141	0.0070921985815602835	0	2820	0.0001772421127259837	0.02468360496481056	40.01418439716312	0.04793627630847268
Nitrososphaeria	JAFAQB010000302.1_1	1	141	0.0070921985815602835	5	2820	0.0019496632399858206	0.2405576380801802	3.637653127014829	0.3006347269685983
Nitrososphaeria	BGOU01000010.1_49	1	141	0.0070921985815602835	1	2820	0.0005317263381779511	0.07225034733066092	13.33806146572104	0.10704412638916101
Nitrososphaeria	BGOU01000010.1_52	1	141	0.0070921985815602835	0	2820	0.0001772421127259837	0.02468360496481056	40.01418439716312	0.04793627630847268
Nitrososphaeria	JACDHC010000052.1_1	1	141	0.0070921985815602835	0	2820	0.0001772421127259837	0.02468360496481056	40.01418439716312	0.04793627630847268
Nitrososphaeria	JAATVR010000362.1_2	1	141	0.0070921985815602835	4	2820	0.0015951790145338532	0.20156349000526308	4.44602048857368	0.2575058993075713
Nitrososphaeria	JACDHC010000052.1_4	1	141	0.0070921985815602835	0	2820	0.0001772421127259837	0.02468360496481056	40.01418439716312	0.04793627630847268
Nitrososphaeria	JADDOQ010000026.1_1	1	141	0.0070921985815602835	1	2820	0.0005317263381779511	0.07225034733066092	13.33806146572104	0.10704412638916101
Nitrososphaeria	JADDOQ010000026.1_2	1	141	0.0070921985815602835	1	2820	0.0005317263381779511	0.07225034733066092	13.33806146572104	0.10704412638916101
Nitrososphaeria	JADDOQ010000026.1_3	1	141	0.0070921985815602835	1	2820	0.0005317263381779511	0.07225034733066092	13.33806146572104	0.10704412638916101
Nitrososphaeria	JAATVR010000580.1_9	1	141	0.0070921985815602835	4	2820	0.0015951790145338532	0.20156349000526308	4.44602048857368	0.2575058993075713
Nitrososphaeria	WHSX01000006.1_24	1	141	0.0070921985815602835	2	2820	0.0008862105636299185	0.11751288489749241	8.002836879432625	0.16196633049871526
Nitrososphaeria	JADDOQ010000026.1_6	1	141	0.0070921985815602835	1	2820	0.0005317263381779511	0.07225034733066092	13.33806146572104	0.10704412638916101
Nitrososphaeria	JADDOQ010000026.1_7	1	141	0.0070921985815602835	1	2820	0.0005317263381779511	0.07225034733066092	13.33806146572104	0.10704412638916101
Nitrososphaeria	JADDOQ010000026.1_8	1	141	0.0070921985815602835	1	2820	0.0005317263381779511	0.07225034733066092	13.33806146572104	0.10704412638916101
Nitrososphaeria	JAANXA010000050.1_14	1	141	0.0070921985815602835	53	2820	0.018964906061680255	0.9327765776366513	0.373964340160403	0.9501085748562513
Nitrososphaeria	JADDOQ010000026.1_10	1	141	0.0070921985815602835	1	2820	0.0005317263381779511	0.07225034733066092	13.33806146572104	0.10704412638916101
Nitrososphaeria	JADDOQ010000026.1_11	1	141	0.0070921985815602835	1	2820	0.0005317263381779511	0.07225034733066092	13.33806146572104	0.10704412638916101
Nitrososphaeria	JACDHC010000060.1_5	1	141	0.0070921985815602835	2	2820	0.0008862105636299185	0.11751288489749241	8.002836879432625	0.16196633049871526
Nitrososphaeria	JADDOQ010000026.1_14	1	141	0.0070921985815602835	1	2820	0.0005317263381779511	0.07225034733066092	13.33806146572104	0.10704412638916101
Nitrososphaeria	JACDHC010000114.1_6	1	141	0.0070921985815602835	1	2820	0.0005317263381779511	0.07225034733066092	13.33806146572104	0.10704412638916101
Nitrososphaeria	NZ_CBTY010000009.1_293	1	141	0.0070921985815602835	5	2820	0.0019496632399858206	0.2405576380801802	3.637653127014829	0.3006347269685983
Nitrososphaeria	JADDOQ010000026.1_17	1	141	0.0070921985815602835	1	2820	0.0005317263381779511	0.07225034733066092	13.33806146572104	0.10704412638916101
Nitrososphaeria	JADDOQ010000026.1_18	1	141	0.0070921985815602835	1	2820	0.0005317263381779511	0.07225034733066092	13.33806146572104	0.10704412638916101
Nitrososphaeria	JADDOQ010000026.1_19	1	141	0.0070921985815602835	1	2820	0.0005317263381779511	0.07225034733066092	13.33806146572104	0.10704412638916101
Nitrososphaeria	JADDOQ010000026.1_20	1	141	0.0070921985815602835	1	2820	0.0005317263381779511	0.07225034733066092	13.33806146572104	0.10704412638916101
Nitrososphaeria	WHSX01000226.1_3	1	141	0.0070921985815602835	3	2820	0.0012406947890818859	0.16058207806006342	5.716312056737588	0.21422786077481912
Nitrososphaeria	OMIR01000011.1_5	1	141	0.0070921985815602835	2	2820	0.0008862105636299185	0.11751288489749241	8.002836879432625	0.16196633049871526
Nitrososphaeria	JACZTB010000046.1_4	1	141	0.0070921985815602835	0	2820	0.0001772421127259837	0.02468360496481056	40.01418439716312	0.04793627630847268
Nitrososphaeria	BGOU01000010.1_48	1	141	0.0070921985815602835	0	2820	0.0001772421127259837	0.02468360496481056	40.01418439716312	0.04793627630847268
Nitrososphaeria	JADDOW010000025.1_9	1	141	0.0070921985815602835	0	2820	0.0001772421127259837	0.02468360496481056	40.01418439716312	0.04793627630847268
Nitrososphaeria	JAHFUM010000003.1_77	1	141	0.0070921985815602835	10	2820	0.0037220843672456576	0.4089135690113581	1.9054373522458627	0.4873021385649189
Nitrososphaeria	JADDOW010000025.1_11	1	141	0.0070921985815602835	0	2820	0.0001772421127259837	0.02468360496481056	40.01418439716312	0.04793627630847268
Nitrososphaeria	JADDOW010000025.1_12	1	141	0.0070921985815602835	0	2820	0.0001772421127259837	0.02468360496481056	40.01418439716312	0.04793627630847268
Nitrososphaeria	JADDOW010000025.1_13	1	141	0.0070921985815602835	0	2820	0.0001772421127259837	0.02468360496481056	40.01418439716312	0.04793627630847268
Nitrososphaeria	JADDOW010000025.1_15	1	141	0.0070921985815602835	0	2820	0.0001772421127259837	0.02468360496481056	40.01418439716312	0.04793627630847268
Nitrososphaeria	JADDOW010000025.1_20	1	141	0.0070921985815602835	2	2820	0.0008862105636299185	0.11751288489749241	8.002836879432625	0.16196633049871526
Nitrososphaeria	PXRK01000006.1_19	1	141	0.0070921985815602835	37	2820	0.013293158454448777	0.8484598657173552	0.5335224586288416	0.9039245565858043
Nitrososphaeria	JAKBAE010000123.1_4	1	141	0.0070921985815602835	44	2820	0.015774548032612547	0.893747924278613	0.4495975774962149	0.9299913690077717
Nitrososphaeria	JADJWG010000002.1_644	1	141	0.0070921985815602835	53	2820	0.018964906061680255	0.9327765776366513	0.373964340160403	0.9501085748562513
Nitrososphaeria	JAJNBK010000040.1_2	1	141	0.0070921985815602835	0	2820	0.0001772421127259837	0.02468360496481056	40.01418439716312	0.04793627630847268
Nitrososphaeria	JAATVT010000096.1_3	1	141	0.0070921985815602835	0	2820	0.0001772421127259837	0.02468360496481056	40.01418439716312	0.04793627630847268
Nitrososphaeria	JAFAQB010000189.1_26	1	141	0.0070921985815602835	1	2820	0.0005317263381779511	0.07225034733066092	13.33806146572104	0.10704412638916101
Nitrososphaeria	JAATVK010000220.1_4	1	141	0.0070921985815602835	0	2820	0.0001772421127259837	0.02468360496481056	40.01418439716312	0.04793627630847268
Nitrososphaeria	JAATVT010000096.1_6	1	141	0.0070921985815602835	0	2820	0.0001772421127259837	0.02468360496481056	40.01418439716312	0.04793627630847268
Nitrososphaeria	JAATVT010000096.1_9	1	141	0.0070921985815602835	0	2820	0.0001772421127259837	0.02468360496481056	40.01418439716312	0.04793627630847268
Nitrososphaeria	JADDOQ010000012.1_3	1	141	0.0070921985815602835	1	2820	0.0005317263381779511	0.07225034733066092	13.33806146572104	0.10704412638916101
Nitrososphaeria	NZ_CP072036.1_807	1	141	0.0070921985815602835	45	2820	0.016129032258064516	0.8990099662670471	0.4397163120567376	0.9314484702045178
Nitrososphaeria	NZ_CP017922.1_1240	1	141	0.0070921985815602835	1	2820	0.0005317263381779511	0.07225034733066092	13.33806146572104	0.10704412638916101
Nitrososphaeria	SYJQ01000011.1_1	1	141	0.0070921985815602835	0	2820	0.0001772421127259837	0.02468360496481056	40.01418439716312	0.04793627630847268
Nitrososphaeria	SYJQ01000011.1_2	1	141	0.0070921985815602835	0	2820	0.0001772421127259837	0.02468360496481056	40.01418439716312	0.04793627630847268
Nitrososphaeria	NZ_CP026994.1_365	1	141	0.0070921985815602835	1	2820	0.0005317263381779511	0.07225034733066092	13.33806146572104	0.10704412638916101
Nitrososphaeria	BGOU01000010.1_21	1	141	0.0070921985815602835	0	2820	0.0001772421127259837	0.02468360496481056	40.01418439716312	0.04793627630847268
Nitrososphaeria	BGOU01000010.1_22	1	141	0.0070921985815602835	0	2820	0.0001772421127259837	0.02468360496481056	40.01418439716312	0.04793627630847268
Nitrososphaeria	BGOU01000010.1_43	1	141	0.0070921985815602835	0	2820	0.0001772421127259837	0.02468360496481056	40.01418439716312	0.04793627630847268
Nitrososphaeria	NC_018655.1_1242	1	141	0.0070921985815602835	3	2820	0.0012406947890818859	0.16058207806006342	5.716312056737588	0.21422786077481912
Nitrososphaeria	BGOU01000010.1_46	1	141	0.0070921985815602835	0	2820	0.0001772421127259837	0.02468360496481056	40.01418439716312	0.04793627630847268
Nitrososphaeria	NZ_CP017922.1_601	1	141	0.0070921985815602835	1	2820	0.0005317263381779511	0.07225034733066092	13.33806146572104	0.10704412638916101
Nitrososphaeria	NZ_CP017922.1_599	1	141	0.0070921985815602835	1	2820	0.0005317263381779511	0.07225034733066092	13.33806146572104	0.10704412638916101
Nitrososphaeria	JADNRU010000001.1_23	1	141	0.0070921985815602835	5	2820	0.0019496632399858206	0.2405576380801802	3.637653127014829	0.3006347269685983
Nitrososphaeria	JAATVS010000148.1_13	1	141	0.0070921985815602835	0	2820	0.0001772421127259837	0.02468360496481056	40.01418439716312	0.04793627630847268
Nitrososphaeria	JAATVS010000148.1_1	1	141	0.0070921985815602835	0	2820	0.0001772421127259837	0.02468360496481056	40.01418439716312	0.04793627630847268
Nitrososphaeria	JAATVS010000148.1_2	1	141	0.0070921985815602835	0	2820	0.0001772421127259837	0.02468360496481056	40.01418439716312	0.04793627630847268
Nitrososphaeria	JAATVS010000148.1_3	1	141	0.0070921985815602835	0	2820	0.0001772421127259837	0.02468360496481056	40.01418439716312	0.04793627630847268
Nitrososphaeria	JAATVR010000178.1_5	1	141	0.0070921985815602835	0	2820	0.0001772421127259837	0.02468360496481056	40.01418439716312	0.04793627630847268
Nitrososphaeria	JAATVS010000148.1_5	1	141	0.0070921985815602835	0	2820	0.0001772421127259837	0.02468360496481056	40.01418439716312	0.04793627630847268
Nitrososphaeria	JAATVS010000464.1_5	1	141	0.0070921985815602835	1	2820	0.0005317263381779511	0.07225034733066092	13.33806146572104	0.10704412638916101
Nitrososphaeria	JAATVS010000148.1_7	1	141	0.0070921985815602835	0	2820	0.0001772421127259837	0.02468360496481056	40.01418439716312	0.04793627630847268
Nitrososphaeria	JAATVS010000689.1_6	1	141	0.0070921985815602835	1	2820	0.0005317263381779511	0.07225034733066092	13.33806146572104	0.10704412638916101
Nitrososphaeria	WHTU01000012.1_22	1	141	0.0070921985815602835	0	2820	0.0001772421127259837	0.02468360496481056	40.01418439716312	0.04793627630847268
Nitrososphaeria	NZ_CP012850.1_1609	1	141	0.0070921985815602835	1	2820	0.0005317263381779511	0.07225034733066092	13.33806146572104	0.10704412638916101
Nitrososphaeria	JAATVS010000148.1_11	1	141	0.0070921985815602835	0	2820	0.0001772421127259837	0.02468360496481056	40.01418439716312	0.04793627630847268
Nitrososphaeria	JAATVS010000148.1_12	1	141	0.0070921985815602835	0	2820	0.0001772421127259837	0.02468360496481056	40.01418439716312	0.04793627630847268
Nitrososphaeria	JAATVS010000148.1_14	1	141	0.0070921985815602835	0	2820	0.0001772421127259837	0.02468360496481056	40.01418439716312	0.04793627630847268
Nitrososphaeria	JACDHC010000051.1_2	1	141	0.0070921985815602835	2	2820	0.0008862105636299185	0.11751288489749241	8.002836879432625	0.16196633049871526
Nitrososphaeria	JAATVS010000148.1_15	1	141	0.0070921985815602835	0	2820	0.0001772421127259837	0.02468360496481056	40.01418439716312	0.04793627630847268
Nitrososphaeria	JAFAQB010000435.1_3	1	141	0.0070921985815602835	1	2820	0.0005317263381779511	0.07225034733066092	13.33806146572104	0.10704412638916101
Nitrososphaeria	JAATVS010000148.1_18	1	141	0.0070921985815602835	0	2820	0.0001772421127259837	0.02468360496481056	40.01418439716312	0.04793627630847268
Nitrososphaeria	JAATVS010000148.1_19	1	141	0.0070921985815602835	0	2820	0.0001772421127259837	0.02468360496481056	40.01418439716312	0.04793627630847268
Nitrososphaeria	JAATVR010000393.1_6	1	141	0.0070921985815602835	0	2820	0.0001772421127259837	0.02468360496481056	40.01418439716312	0.04793627630847268
Nitrososphaeria	JAATVR010000490.1_2	1	141	0.0070921985815602835	0	2820	0.0001772421127259837	0.02468360496481056	40.01418439716312	0.04793627630847268
Nitrososphaeria	JAATVR010000490.1_3	1	141	0.0070921985815602835	0	2820	0.0001772421127259837	0.02468360496481056	40.01418439716312	0.04793627630847268
Nitrososphaeria	JAATVR010000490.1_4	1	141	0.0070921985815602835	0	2820	0.0001772421127259837	0.02468360496481056	40.01418439716312	0.04793627630847268
Nitrososphaeria	WHSX01000134.1_9	1	141	0.0070921985815602835	1	2820	0.0005317263381779511	0.07225034733066092	13.33806146572104	0.10704412638916101
Nitrososphaeria	JAATVR010000490.1_6	1	141	0.0070921985815602835	0	2820	0.0001772421127259837	0.02468360496481056	40.01418439716312	0.04793627630847268
Nitrososphaeria	WHTU01000060.1_25	1	141	0.0070921985815602835	0	2820	0.0001772421127259837	0.02468360496481056	40.01418439716312	0.04793627630847268
Nitrososphaeria	JAATVR010000490.1_8	1	141	0.0070921985815602835	0	2820	0.0001772421127259837	0.02468360496481056	40.01418439716312	0.04793627630847268
Nitrososphaeria	JAATVR010000089.1_5	1	141	0.0070921985815602835	0	2820	0.0001772421127259837	0.02468360496481056	40.01418439716312	0.04793627630847268
Nitrososphaeria	JAATVP010000001.1_12	1	141	0.0070921985815602835	0	2820	0.0001772421127259837	0.02468360496481056	40.01418439716312	0.04793627630847268
Nitrososphaeria	JAATVP010000001.1_11	1	141	0.0070921985815602835	0	2820	0.0001772421127259837	0.02468360496481056	40.01418439716312	0.04793627630847268
Nitrososphaeria	JAATVS010000692.1_8	1	141	0.0070921985815602835	2	2820	0.0008862105636299185	0.11751288489749241	8.002836879432625	0.16196633049871526
Nitrososphaeria	JAATVR010000315.1_12	1	141	0.0070921985815602835	0	2820	0.0001772421127259837	0.02468360496481056	40.01418439716312	0.04793627630847268
Nitrososphaeria	WHTU01000040.1_13	1	141	0.0070921985815602835	0	2820	0.0001772421127259837	0.02468360496481056	40.01418439716312	0.04793627630847268
Nitrososphaeria	JAATVR010000318.1_12	1	141	0.0070921985815602835	1	2820	0.0005317263381779511	0.07225034733066092	13.33806146572104	0.10704412638916101
Nitrososphaeria	WHTU01000040.1_15	1	141	0.0070921985815602835	0	2820	0.0001772421127259837	0.02468360496481056	40.01418439716312	0.04793627630847268
Nitrososphaeria	WHTU01000040.1_16	1	141	0.0070921985815602835	0	2820	0.0001772421127259837	0.02468360496481056	40.01418439716312	0.04793627630847268
Nitrososphaeria	JAATVP010000192.1_20	1	141	0.0070921985815602835	0	2820	0.0001772421127259837	0.02468360496481056	40.01418439716312	0.04793627630847268
Nitrososphaeria	WHTU01000040.1_18	1	141	0.0070921985815602835	0	2820	0.0001772421127259837	0.02468360496481056	40.01418439716312	0.04793627630847268
Nitrososphaeria	NZ_BBJP01000011.1_14	1	141	0.0070921985815602835	0	2820	0.0001772421127259837	0.02468360496481056	40.01418439716312	0.04793627630847268
Nitrososphaeria	WHTU01000040.1_20	1	141	0.0070921985815602835	0	2820	0.0001772421127259837	0.02468360496481056	40.01418439716312	0.04793627630847268
Nitrososphaeria	JAATVP010000269.1_14	1	141	0.0070921985815602835	0	2820	0.0001772421127259837	0.02468360496481056	40.01418439716312	0.04793627630847268
Nitrososphaeria	WHTU01000040.1_22	1	141	0.0070921985815602835	1	2820	0.0005317263381779511	0.07225034733066092	13.33806146572104	0.10704412638916101
Nitrososphaeria	WHTU01000040.1_23	1	141	0.0070921985815602835	0	2820	0.0001772421127259837	0.02468360496481056	40.01418439716312	0.04793627630847268
Nitrososphaeria	WHTU01000040.1_24	1	141	0.0070921985815602835	0	2820	0.0001772421127259837	0.02468360496481056	40.01418439716312	0.04793627630847268
Nitrososphaeria	WHTU01000040.1_25	1	141	0.0070921985815602835	0	2820	0.0001772421127259837	0.02468360496481056	40.01418439716312	0.04793627630847268
Nitrososphaeria	NZ_CP017922.1_1965	1	141	0.0070921985815602835	2	2820	0.0008862105636299185	0.11751288489749241	8.002836879432625	0.16196633049871526
Nitrososphaeria	WHTU01000040.1_28	1	141	0.0070921985815602835	0	2820	0.0001772421127259837	0.02468360496481056	40.01418439716312	0.04793627630847268
Nitrososphaeria	WHTU01000040.1_29	1	141	0.0070921985815602835	0	2820	0.0001772421127259837	0.02468360496481056	40.01418439716312	0.04793627630847268
Nitrososphaeria	JAATVR010000315.1_9	1	141	0.0070921985815602835	2	2820	0.0008862105636299185	0.11751288489749241	8.002836879432625	0.16196633049871526
Nitrososphaeria	JAATVS010000222.1_4	1	141	0.0070921985815602835	7	2820	0.0026586316908897554	0.3129624086547611	2.667612293144208	0.38206200412172425
Nitrososphaeria	WHTU01000040.1_38	1	141	0.0070921985815602835	0	2820	0.0001772421127259837	0.02468360496481056	40.01418439716312	0.04793627630847268
Nitrososphaeria	WHTU01000040.1_39	1	141	0.0070921985815602835	0	2820	0.0001772421127259837	0.02468360496481056	40.01418439716312	0.04793627630847268
Nitrososphaeria	WHTU01000040.1_40	1	141	0.0070921985815602835	0	2820	0.0001772421127259837	0.02468360496481056	40.01418439716312	0.04793627630847268
Nitrososphaeria	WHTU01000040.1_41	1	141	0.0070921985815602835	0	2820	0.0001772421127259837	0.02468360496481056	40.01418439716312	0.04793627630847268
Nitrososphaeria	JAATVR010000362.1_3	1	141	0.0070921985815602835	0	2820	0.0001772421127259837	0.02468360496481056	40.01418439716312	0.04793627630847268
Nitrososphaeria	JAATVP010000001.1_7	1	141	0.0070921985815602835	0	2820	0.0001772421127259837	0.02468360496481056	40.01418439716312	0.04793627630847268
Nitrososphaeria	JAATVR010000490.1_10	1	141	0.0070921985815602835	0	2820	0.0001772421127259837	0.02468360496481056	40.01418439716312	0.04793627630847268
Nitrososphaeria	JAATVR010000490.1_13	1	141	0.0070921985815602835	0	2820	0.0001772421127259837	0.02468360496481056	40.01418439716312	0.04793627630847268
Nitrososphaeria	JAATVK010000265.1_1	1	141	0.0070921985815602835	0	2820	0.0001772421127259837	0.02468360496481056	40.01418439716312	0.04793627630847268
Nitrososphaeria	NZ_CP012850.1_275	1	141	0.0070921985815602835	0	2820	0.0001772421127259837	0.02468360496481056	40.01418439716312	0.04793627630847268
Nitrososphaeria	NZ_CP012850.1_277	1	141	0.0070921985815602835	0	2820	0.0001772421127259837	0.02468360496481056	40.01418439716312	0.04793627630847268
Nitrososphaeria	NZ_CP017922.1_2829	1	141	0.0070921985815602835	4	2820	0.0015951790145338532	0.20156349000526308	4.44602048857368	0.2575058993075713
Nitrososphaeria	NZ_CP012850.1_280	1	141	0.0070921985815602835	0	2820	0.0001772421127259837	0.02468360496481056	40.01418439716312	0.04793627630847268
Nitrososphaeria	QNGA01000006.1_150	1	141	0.0070921985815602835	3	2820	0.0012406947890818859	0.16058207806006342	5.716312056737588	0.21422786077481912
Nitrososphaeria	NZ_CP012850.1_282	1	141	0.0070921985815602835	0	2820	0.0001772421127259837	0.02468360496481056	40.01418439716312	0.04793627630847268
Nitrososphaeria	NZ_CP012850.1_283	1	141	0.0070921985815602835	0	2820	0.0001772421127259837	0.02468360496481056	40.01418439716312	0.04793627630847268
Nitrososphaeria	NZ_CP012850.1_284	1	141	0.0070921985815602835	0	2820	0.0001772421127259837	0.02468360496481056	40.01418439716312	0.04793627630847268
Nitrososphaeria	NZ_CP012850.1_285	1	141	0.0070921985815602835	0	2820	0.0001772421127259837	0.02468360496481056	40.01418439716312	0.04793627630847268
Nitrososphaeria	NZ_CP012850.1_345	1	141	0.0070921985815602835	0	2820	0.0001772421127259837	0.02468360496481056	40.01418439716312	0.04793627630847268
Nitrososphaeria	NZ_CP012850.1_288	1	141	0.0070921985815602835	0	2820	0.0001772421127259837	0.02468360496481056	40.01418439716312	0.04793627630847268
Nitrososphaeria	NZ_CP012850.1_290	1	141	0.0070921985815602835	0	2820	0.0001772421127259837	0.02468360496481056	40.01418439716312	0.04793627630847268
Nitrososphaeria	NZ_CP012850.1_293	1	141	0.0070921985815602835	0	2820	0.0001772421127259837	0.02468360496481056	40.01418439716312	0.04793627630847268
Nitrososphaeria	NZ_CP012850.1_294	1	141	0.0070921985815602835	0	2820	0.0001772421127259837	0.02468360496481056	40.01418439716312	0.04793627630847268
Nitrososphaeria	JAATVK010000182.1_7	1	141	0.0070921985815602835	0	2820	0.0001772421127259837	0.02468360496481056	40.01418439716312	0.04793627630847268
Nitrososphaeria	WHSX01000053.1_7	1	141	0.0070921985815602835	1	2820	0.0005317263381779511	0.07225034733066092	13.33806146572104	0.10704412638916101
Nitrososphaeria	NZ_CP012850.1_297	1	141	0.0070921985815602835	0	2820	0.0001772421127259837	0.02468360496481056	40.01418439716312	0.04793627630847268
Nitrososphaeria	NZ_CP012850.1_298	1	141	0.0070921985815602835	0	2820	0.0001772421127259837	0.02468360496481056	40.01418439716312	0.04793627630847268
Nitrososphaeria	NZ_CP012850.1_233	1	141	0.0070921985815602835	0	2820	0.0001772421127259837	0.02468360496481056	40.01418439716312	0.04793627630847268
Nitrososphaeria	JAFAQB010000077.1_9	1	141	0.0070921985815602835	0	2820	0.0001772421127259837	0.02468360496481056	40.01418439716312	0.04793627630847268
Nitrososphaeria	JADDOW010000070.1_2	1	141	0.0070921985815602835	9	2820	0.00336760014179369	0.37850843556346614	2.1060097051138484	0.455570033223094
Nitrososphaeria	NZ_CP017922.1_593	1	141	0.0070921985815602835	1	2820	0.0005317263381779511	0.07225034733066092	13.33806146572104	0.10704412638916101
Nitrososphaeria	JAATVR010000777.1_12	1	141	0.0070921985815602835	4	2820	0.0015951790145338532	0.20156349000526308	4.44602048857368	0.2575058993075713
Nitrososphaeria	NZ_CP017922.1_595	1	141	0.0070921985815602835	1	2820	0.0005317263381779511	0.07225034733066092	13.33806146572104	0.10704412638916101
Nitrososphaeria	JAKCFM010000001.1_2839	1	141	0.0070921985815602835	2	2820	0.0008862105636299185	0.11751288489749241	8.002836879432625	0.16196633049871526
Nitrososphaeria	JADDOW010000045.1_7	1	141	0.0070921985815602835	33	2820	0.011875221552640907	0.8144493944501268	0.5972266327934794	0.8821533198536202
Nitrososphaeria	NZ_QURE01000033.1_2	1	141	0.0070921985815602835	2	2820	0.0008862105636299185	0.11751288489749241	8.002836879432625	0.16196633049871526
Nitrososphaeria	WHTU01000063.1_6	1	141	0.0070921985815602835	4	2820	0.0015951790145338532	0.20156349000526308	4.44602048857368	0.2575058993075713
Nitrososphaeria	JAATVK010000265.1_2	1	141	0.0070921985815602835	0	2820	0.0001772421127259837	0.02468360496481056	40.01418439716312	0.04793627630847268
Nitrososphaeria	NZ_CP012850.1_273	1	141	0.0070921985815602835	0	2820	0.0001772421127259837	0.02468360496481056	40.01418439716312	0.04793627630847268
Nitrososphaeria	JAATVK010000265.1_4	1	141	0.0070921985815602835	0	2820	0.0001772421127259837	0.02468360496481056	40.01418439716312	0.04793627630847268
Nitrososphaeria	JAATVK010000265.1_5	1	141	0.0070921985815602835	0	2820	0.0001772421127259837	0.02468360496481056	40.01418439716312	0.04793627630847268
Nitrososphaeria	JAKUOP010000007.1_45	1	141	0.0070921985815602835	40	2820	0.01435661113080468	0.8698351658610124	0.4940022765081866	0.9210019403234249
Nitrososphaeria	NZ_CP012850.1_250	1	141	0.0070921985815602835	0	2820	0.0001772421127259837	0.02468360496481056	40.01418439716312	0.04793627630847268
Nitrososphaeria	JAATVR010000790.1_5	1	141	0.0070921985815602835	0	2820	0.0001772421127259837	0.02468360496481056	40.01418439716312	0.04793627630847268
Nitrososphaeria	NZ_CP012850.1_252	1	141	0.0070921985815602835	0	2820	0.0001772421127259837	0.02468360496481056	40.01418439716312	0.04793627630847268
Nitrososphaeria	NZ_CP012850.1_253	1	141	0.0070921985815602835	0	2820	0.0001772421127259837	0.02468360496481056	40.01418439716312	0.04793627630847268
Nitrososphaeria	NZ_CP012850.1_254	1	141	0.0070921985815602835	0	2820	0.0001772421127259837	0.02468360496481056	40.01418439716312	0.04793627630847268
Nitrososphaeria	NZ_CP012850.1_728	1	141	0.0070921985815602835	2	2820	0.0008862105636299185	0.11751288489749241	8.002836879432625	0.16196633049871526
Nitrososphaeria	NZ_CP012850.1_714	1	141	0.0070921985815602835	1	2820	0.0005317263381779511	0.07225034733066092	13.33806146572104	0.10704412638916101
Nitrososphaeria	NZ_CP010868.1_1059	1	141	0.0070921985815602835	12	2820	0.004431052818149593	0.46536273060343436	1.6005673758865246	0.548609436077949
Nitrososphaeria	NZ_CP012850.1_258	1	141	0.0070921985815602835	0	2820	0.0001772421127259837	0.02468360496481056	40.01418439716312	0.04793627630847268
Nitrososphaeria	NZ_CP012850.1_259	1	141	0.0070921985815602835	0	2820	0.0001772421127259837	0.02468360496481056	40.01418439716312	0.04793627630847268
Nitrososphaeria	NZ_CP012850.1_121	1	141	0.0070921985815602835	0	2820	0.0001772421127259837	0.02468360496481056	40.01418439716312	0.04793627630847268
Nitrososphaeria	NZ_CP012850.1_261	1	141	0.0070921985815602835	0	2820	0.0001772421127259837	0.02468360496481056	40.01418439716312	0.04793627630847268
Nitrososphaeria	NZ_CP012850.1_262	1	141	0.0070921985815602835	0	2820	0.0001772421127259837	0.02468360496481056	40.01418439716312	0.04793627630847268
Nitrososphaeria	NZ_CP012850.1_263	1	141	0.0070921985815602835	0	2820	0.0001772421127259837	0.02468360496481056	40.01418439716312	0.04793627630847268
Nitrososphaeria	NZ_CP012850.1_264	1	141	0.0070921985815602835	0	2820	0.0001772421127259837	0.02468360496481056	40.01418439716312	0.04793627630847268
Nitrososphaeria	NZ_CP012850.1_266	1	141	0.0070921985815602835	0	2820	0.0001772421127259837	0.02468360496481056	40.01418439716312	0.04793627630847268
Nitrososphaeria	NZ_CP012850.1_267	1	141	0.0070921985815602835	0	2820	0.0001772421127259837	0.02468360496481056	40.01418439716312	0.04793627630847268
Nitrososphaeria	NZ_QURE01000054.1_15	1	141	0.0070921985815602835	0	2820	0.0001772421127259837	0.02468360496481056	40.01418439716312	0.04793627630847268
Nitrososphaeria	NZ_CP012850.1_269	1	141	0.0070921985815602835	1	2820	0.0005317263381779511	0.07225034733066092	13.33806146572104	0.10704412638916101
Nitrososphaeria	NZ_CP012850.1_270	1	141	0.0070921985815602835	0	2820	0.0001772421127259837	0.02468360496481056	40.01418439716312	0.04793627630847268
Nitrososphaeria	NZ_CP012850.1_271	1	141	0.0070921985815602835	0	2820	0.0001772421127259837	0.02468360496481056	40.01418439716312	0.04793627630847268
Nitrososphaeria	WHTU01000004.1_105	1	141	0.0070921985815602835	0	2820	0.0001772421127259837	0.02468360496481056	40.01418439716312	0.04793627630847268
Nitrososphaeria	CACDFH010000007.1_25	1	141	0.0070921985815602835	35	2820	0.012584190003544842	0.832308593926143	0.5635800619318749	0.8938238328360893
Nitrososphaeria	CABXPS010000019.1_1	1	141	0.0070921985815602835	1	2820	0.0005317263381779511	0.07225034733066092	13.33806146572104	0.10704412638916101
Nitrososphaeria	JAANXC010000074.1_5	1	141	0.0070921985815602835	0	2820	0.0001772421127259837	0.02468360496481056	40.01418439716312	0.04793627630847268
Nitrososphaeria	NZ_CP011097.1_832	1	141	0.0070921985815602835	0	2820	0.0001772421127259837	0.02468360496481056	40.01418439716312	0.04793627630847268
Nitrososphaeria	RHFA01000172.1_3	1	141	0.0070921985815602835	53	2820	0.018964906061680255	0.9327765776366513	0.373964340160403	0.9501085748562513
Nitrososphaeria	VYCS01000041.1_53	1	141	0.0070921985815602835	51	2820	0.018255937610776322	0.9255682981353035	0.38848722715692346	0.9483732944360034
Nitrososphaeria	JACRND010000189.1_11	1	141	0.0070921985815602835	41	2820	0.014711095356256646	0.876272424470337	0.4820986071947364	0.9237627132091141
Nitrososphaeria	JAATVT010000057.1_11	1	141	0.0070921985815602835	48	2820	0.017192484934420417	0.9132930156373192	0.41251736491920743	0.9413943391953906
Nitrososphaeria	PAAH01000032.1_11	1	141	0.0070921985815602835	45	2820	0.016129032258064516	0.8990099662670471	0.4397163120567376	0.9314484702045178
Nitrososphaeria	NZ_CP030846.1_1140	1	141	0.0070921985815602835	0	2820	0.0001772421127259837	0.02468360496481056	40.01418439716312	0.04793627630847268
Nitrososphaeria	JADKAQ010000044.1_4	1	141	0.0070921985815602835	0	2820	0.0001772421127259837	0.02468360496481056	40.01418439716312	0.04793627630847268
Nitrososphaeria	JAKBAE010000091.1_3	1	141	0.0070921985815602835	45	2820	0.016129032258064516	0.8990099662670471	0.4397163120567376	0.9314484702045178
Nitrososphaeria	OMIR01000017.1_21	1	141	0.0070921985815602835	0	2820	0.0001772421127259837	0.02468360496481056	40.01418439716312	0.04793627630847268
Nitrososphaeria	JACATA010000010.1_1	1	141	0.0070921985815602835	1	2820	0.0005317263381779511	0.07225034733066092	13.33806146572104	0.10704412638916101
Nitrososphaeria	JADKAQ010000023.1_59	1	141	0.0070921985815602835	45	2820	0.016129032258064516	0.8990099662670471	0.4397163120567376	0.9314484702045178
Nitrososphaeria	JACATA010000010.1_21	1	141	0.0070921985815602835	1	2820	0.0005317263381779511	0.07225034733066092	13.33806146572104	0.10704412638916101
Nitrososphaeria	JAJRWR010000006.1_49	1	141	0.0070921985815602835	0	2820	0.0001772421127259837	0.02468360496481056	40.01418439716312	0.04793627630847268
Nitrososphaeria	LDXL01000008.1_3	1	141	0.0070921985815602835	10	2820	0.0037220843672456576	0.4089135690113581	1.9054373522458627	0.4873021385649189
Nitrososphaeria	NZ_CBTY010000008.1_419	1	141	0.0070921985815602835	12	2820	0.004431052818149593	0.46536273060343436	1.6005673758865246	0.548609436077949
Nitrososphaeria	JACRND010000090.1_1	1	141	0.0070921985815602835	0	2820	0.0001772421127259837	0.02468360496481056	40.01418439716312	0.04793627630847268
Nitrososphaeria	JAHELP010000088.1_2	1	141	0.0070921985815602835	4	2820	0.0015951790145338532	0.20156349000526308	4.44602048857368	0.2575058993075713
Nitrososphaeria	JAGQHF010000029.1_39	1	141	0.0070921985815602835	2	2820	0.0008862105636299185	0.11751288489749241	8.002836879432625	0.16196633049871526
Nitrososphaeria	NZ_MWLL01000160.1_83	1	141	0.0070921985815602835	4	2820	0.0015951790145338532	0.20156349000526308	4.44602048857368	0.2575058993075713
Nitrososphaeria	WHSX01000059.1_4	1	141	0.0070921985815602835	4	2820	0.0015951790145338532	0.20156349000526308	4.44602048857368	0.2575058993075713
Nitrososphaeria	WHSX01000059.1_3	1	141	0.0070921985815602835	3	2820	0.0012406947890818859	0.16058207806006342	5.716312056737588	0.21422786077481912
Nitrososphaeria	NZ_JAJCVI010000003.1_517	1	141	0.0070921985815602835	3	2820	0.0012406947890818859	0.16058207806006342	5.716312056737588	0.21422786077481912
Nitrososphaeria	NZ_MWLL01000160.1_87	1	141	0.0070921985815602835	4	2820	0.0015951790145338532	0.20156349000526308	4.44602048857368	0.2575058993075713
Nitrososphaeria	SCVO01000002.1_13	1	141	0.0070921985815602835	4	2820	0.0015951790145338532	0.20156349000526308	4.44602048857368	0.2575058993075713
Nitrososphaeria	NC_010085.1_1797	1	141	0.0070921985815602835	7	2820	0.0026586316908897554	0.3129624086547611	2.667612293144208	0.38206200412172425
Nitrososphaeria	JABSRD010000001.1_695	1	141	0.0070921985815602835	16	2820	0.005848989719957462	0.5626969515688873	1.2125510423382762	0.6493899747292614
Nitrososphaeria	NZ_JALJCL010000007.1_39	1	141	0.0070921985815602835	76	2820	0.027118043247075504	0.979275645920592	0.26153061697492236	0.9866386207019499
Nitrososphaeria	DP000238.1_1298	1	141	0.0070921985815602835	1	2820	0.0005317263381779511	0.07225034733066092	13.33806146572104	0.10704412638916101
Nitrososphaeria	DP000238.1_1297	1	141	0.0070921985815602835	1	2820	0.0005317263381779511	0.07225034733066092	13.33806146572104	0.10704412638916101
Nitrososphaeria	JAATVT010000110.1_7	1	141	0.0070921985815602835	45	2820	0.016129032258064516	0.8990099662670471	0.4397163120567376	0.9314484702045178
Nitrososphaeria	DP000238.1_1257	1	141	0.0070921985815602835	1	2820	0.0005317263381779511	0.07225034733066092	13.33806146572104	0.10704412638916101
Nitrososphaeria	DP000238.1_1258	1	141	0.0070921985815602835	1	2820	0.0005317263381779511	0.07225034733066092	13.33806146572104	0.10704412638916101
Nitrososphaeria	DP000238.1_1260	1	141	0.0070921985815602835	35	2820	0.012584190003544842	0.832308593926143	0.5635800619318749	0.8938238328360893
Nitrososphaeria	LFEZ01000017.1_41	1	141	0.0070921985815602835	51	2820	0.018255937610776322	0.9255682981353035	0.38848722715692346	0.9483732944360034
Nitrososphaeria	VMDM01000022.1_27	1	141	0.0070921985815602835	35	2820	0.012584190003544842	0.832308593926143	0.5635800619318749	0.8938238328360893
Nitrososphaeria	JAKUOP010000013.1_63	1	141	0.0070921985815602835	42	2820	0.015065579581708614	0.882393477046579	0.4707551105548602	0.925362202885369
Nitrososphaeria	DP000238.1_1264	1	141	0.0070921985815602835	1	2820	0.0005317263381779511	0.07225034733066092	13.33806146572104	0.10704412638916101
Nitrososphaeria	WVWY01000040.1_3	1	141	0.0070921985815602835	35	2820	0.012584190003544842	0.832308593926143	0.5635800619318749	0.8938238328360893
Nitrososphaeria	JAATVK010000108.1_3	1	141	0.0070921985815602835	81	2820	0.02889046437433534	0.9839742329793407	0.2454857938476265	0.9888941041442374
Nitrososphaeria	JOSY01000001.1_18	1	141	0.0070921985815602835	26	2820	0.009393831974477136	0.735731792276763	0.7549846112672286	0.8117955548817714
Nitrososphaeria	JAEHKV010000051.1_7	1	141	0.0070921985815602835	36	2820	0.01293867422899681	0.8405872014936566	0.5481395122899058	0.897122269912699
Nitrososphaeria	JAJNBK010000015.1_10	1	141	0.0070921985815602835	47	2820	0.016838000708968452	0.9087701727731209	0.42120194102276964	0.9391403842025569
Nitrososphaeria	JAFAQB010000045.1_2	1	141	0.0070921985815602835	40	2820	0.01435661113080468	0.8698351658610124	0.4940022765081866	0.9210019403234249
Nitrososphaeria	JAHRAL010000100.1_2	1	141	0.0070921985815602835	51	2820	0.018255937610776322	0.9255682981353035	0.38848722715692346	0.9483732944360034
Nitrososphaeria	VHBK01000008.1_20	1	141	0.0070921985815602835	55	2820	0.01967387451258419	0.9392912476471544	0.36048814772219023	0.9535229332175659
Nitrososphaeria	DP000238.1_1286	1	141	0.0070921985815602835	1	2820	0.0005317263381779511	0.07225034733066092	13.33806146572104	0.10704412638916101
Nitrososphaeria	DP000238.1_1287	1	141	0.0070921985815602835	1	2820	0.0005317263381779511	0.07225034733066092	13.33806146572104	0.10704412638916101
Nitrososphaeria	DP000238.1_1288	1	141	0.0070921985815602835	1	2820	0.0005317263381779511	0.07225034733066092	13.33806146572104	0.10704412638916101
Nitrososphaeria	NZ_MU078723.1_547	1	141	0.0070921985815602835	22	2820	0.007975895072669267	0.6766791310555011	0.889204097714736	0.7646852440598011
Nitrososphaeria	WHTU01000040.1_6	1	141	0.0070921985815602835	2	2820	0.0008862105636299185	0.11751288489749241	8.002836879432625	0.16196633049871526
Nitrososphaeria	JAHRAL010000056.1_43	1	141	0.0070921985815602835	10	2820	0.0037220843672456576	0.4089135690113581	1.9054373522458627	0.4873021385649189
Nitrososphaeria	DAMC01000065.1_42	1	141	0.0070921985815602835	42	2820	0.015065579581708614	0.882393477046579	0.4707551105548602	0.925362202885369
Nitrososphaeria	RKSK01000141.1_4	1	141	0.0070921985815602835	42	2820	0.015065579581708614	0.882393477046579	0.4707551105548602	0.925362202885369
Nitrososphaeria	NZ_CP044523.1_3437	1	141	0.0070921985815602835	47	2820	0.016838000708968452	0.9087701727731209	0.42120194102276964	0.9391403842025569
Nitrososphaeria	UYNY01000069.1_122	1	141	0.0070921985815602835	78	2820	0.02782701169797944	0.9813000449378515	0.2548674165424403	0.9878529667738305
Nitrososphaeria	JAIOPB010000036.1_18	1	141	0.0070921985815602835	0	2820	0.0001772421127259837	0.02468360496481056	40.01418439716312	0.04793627630847268
Nitrososphaeria	RHFD01000020.1_6	1	141	0.0070921985815602835	25	2820	0.009039347749025168	0.7220581960393275	0.7845918509247671	0.7981688216530055
Nitrososphaeria	JABSRD010000004.1_87	1	141	0.0070921985815602835	28	2820	0.010102800425381071	0.7611069670867324	0.7020032350379495	0.833692100187647
Nitrososphaeria	LFLC01000043.1_2	1	141	0.0070921985815602835	0	2820	0.0001772421127259837	0.02468360496481056	40.01418439716312	0.04793627630847268
Nitrososphaeria	VMDM01000024.1_90	1	141	0.0070921985815602835	10	2820	0.0037220843672456576	0.4089135690113581	1.9054373522458627	0.4873021385649189
Nitrososphaeria	JABSRD010000007.1_183	1	141	0.0070921985815602835	2	2820	0.0008862105636299185	0.11751288489749241	8.002836879432625	0.16196633049871526
Nitrososphaeria	NZ_AEXL02000060.1_19	1	141	0.0070921985815602835	10	2820	0.0037220843672456576	0.4089135690113581	1.9054373522458627	0.4873021385649189
Nitrososphaeria	JAAUVF010000034.1_3	1	141	0.0070921985815602835	5	2820	0.0019496632399858206	0.2405576380801802	3.637653127014829	0.3006347269685983
Nitrososphaeria	NZ_CBTY010000008.1_432	1	141	0.0070921985815602835	4	2820	0.0015951790145338532	0.20156349000526308	4.44602048857368	0.2575058993075713
Nitrososphaeria	NZ_CP011097.1_1690	1	141	0.0070921985815602835	4	2820	0.0015951790145338532	0.20156349000526308	4.44602048857368	0.2575058993075713
Nitrososphaeria	NZ_CP030846.1_1169	1	141	0.0070921985815602835	27	2820	0.009748316199929103	0.7487372404183574	0.7275306254029659	0.8223835263611468
Nitrososphaeria	NZ_CBTY010000008.1_436	1	141	0.0070921985815602835	2	2820	0.0008862105636299185	0.11751288489749241	8.002836879432625	0.16196633049871526
Nitrososphaeria	JAGXTE010000017.1_15	1	141	0.0070921985815602835	4	2820	0.0015951790145338532	0.20156349000526308	4.44602048857368	0.2575058993075713
Nitrososphaeria	NZ_CP011097.1_530	1	141	0.0070921985815602835	2	2820	0.0008862105636299185	0.11751288489749241	8.002836879432625	0.16196633049871526
Nitrososphaeria	JAKUOP010000002.1_42	1	141	0.0070921985815602835	37	2820	0.013293158454448777	0.8484598657173552	0.5335224586288416	0.9039245565858043
Nitrososphaeria	NZ_CP011070.1_1546	1	141	0.0070921985815602835	2	2820	0.0008862105636299185	0.11751288489749241	8.002836879432625	0.16196633049871526
Nitrososphaeria	LDXL01000006.1_130	1	141	0.0070921985815602835	5	2820	0.0019496632399858206	0.2405576380801802	3.637653127014829	0.3006347269685983
Nitrososphaeria	NZ_BGKI01000001.1_286	1	141	0.0070921985815602835	1	2820	0.0005317263381779511	0.07225034733066092	13.33806146572104	0.10704412638916101
Nitrososphaeria	LFLC01000025.1_24	1	141	0.0070921985815602835	5	2820	0.0019496632399858206	0.2405576380801802	3.637653127014829	0.3006347269685983
Nitrososphaeria	LFLC01000038.1_5	1	141	0.0070921985815602835	0	2820	0.0001772421127259837	0.02468360496481056	40.01418439716312	0.04793627630847268
Nitrososphaeria	LFEY01000027.1_1	1	141	0.0070921985815602835	0	2820	0.0001772421127259837	0.02468360496481056	40.01418439716312	0.04793627630847268
Nitrososphaeria	JAANXA010000013.1_45	1	141	0.0070921985815602835	5	2820	0.0019496632399858206	0.2405576380801802	3.637653127014829	0.3006347269685983
Nitrososphaeria	NZ_CP026995.1_802	1	141	0.0070921985815602835	3	2820	0.0012406947890818859	0.16058207806006342	5.716312056737588	0.21422786077481912
Nitrososphaeria	NC_018656.1_441	1	141	0.0070921985815602835	35	2820	0.012584190003544842	0.832308593926143	0.5635800619318749	0.8938238328360893
Nitrososphaeria	NVWC01000001.1_186	1	141	0.0070921985815602835	0	2820	0.0001772421127259837	0.02468360496481056	40.01418439716312	0.04793627630847268
Nitrososphaeria	NZ_CBTY010000011.1_249	1	141	0.0070921985815602835	25	2820	0.009039347749025168	0.7220581960393275	0.7845918509247671	0.7981688216530055
Nitrososphaeria	NVWC01000001.1_190	1	141	0.0070921985815602835	0	2820	0.0001772421127259837	0.02468360496481056	40.01418439716312	0.04793627630847268
Nitrososphaeria	VMDM01000042.1_4	1	141	0.0070921985815602835	19	2820	0.0069124423963133645	0.6239520448862459	1.0260047281323876	0.7159716138276048
Nitrososphaeria	NZ_WUYX01000003.1_6	1	141	0.0070921985815602835	18	2820	0.006557958170861397	0.6045446542052628	1.0814644431665708	0.6963522951017641
Nitrososphaeria	LFLC01000043.1_3	1	141	0.0070921985815602835	0	2820	0.0001772421127259837	0.02468360496481056	40.01418439716312	0.04793627630847268
Nitrososphaeria	LFLC01000043.1_1	1	141	0.0070921985815602835	0	2820	0.0001772421127259837	0.02468360496481056	40.01418439716312	0.04793627630847268
Nitrososphaeria	JAHFUM010000012.1_25	1	141	0.0070921985815602835	0	2820	0.0001772421127259837	0.02468360496481056	40.01418439716312	0.04793627630847268
Nitrososphaeria	NZ_CP026995.1_534	1	141	0.0070921985815602835	3	2820	0.0012406947890818859	0.16058207806006342	5.716312056737588	0.21422786077481912
Nitrososphaeria	NC_018655.1_469	1	141	0.0070921985815602835	0	2820	0.0001772421127259837	0.02468360496481056	40.01418439716312	0.04793627630847268
Nitrososphaeria	JAATVR010000294.1_12	1	141	0.0070921985815602835	2	2820	0.0008862105636299185	0.11751288489749241	8.002836879432625	0.16196633049871526
Nitrososphaeria	JAHFUM010000012.1_28	1	141	0.0070921985815602835	1	2820	0.0005317263381779511	0.07225034733066092	13.33806146572104	0.10704412638916101
Nitrososphaeria	JAHELB010000030.1_4	1	141	0.0070921985815602835	3	2820	0.0012406947890818859	0.16058207806006342	5.716312056737588	0.21422786077481912
Nitrososphaeria	JAHFUM010000012.1_30	1	141	0.0070921985815602835	0	2820	0.0001772421127259837	0.02468360496481056	40.01418439716312	0.04793627630847268
Nitrososphaeria	JAHFUM010000012.1_42	1	141	0.0070921985815602835	0	2820	0.0001772421127259837	0.02468360496481056	40.01418439716312	0.04793627630847268
Nitrososphaeria	JAHFUM010000012.1_44	1	141	0.0070921985815602835	1	2820	0.0005317263381779511	0.07225034733066092	13.33806146572104	0.10704412638916101
Nitrososphaeria	JAHFUM010000012.1_45	1	141	0.0070921985815602835	0	2820	0.0001772421127259837	0.02468360496481056	40.01418439716312	0.04793627630847268
Nitrososphaeria	CAJQMY010000053.1_59	1	141	0.0070921985815602835	41	2820	0.014711095356256646	0.876272424470337	0.4820986071947364	0.9237627132091141
Nitrososphaeria	JAHFUM010000012.1_47	1	141	0.0070921985815602835	0	2820	0.0001772421127259837	0.02468360496481056	40.01418439716312	0.04793627630847268
Nitrososphaeria	JAHFUM010000012.1_48	1	141	0.0070921985815602835	0	2820	0.0001772421127259837	0.02468360496481056	40.01418439716312	0.04793627630847268
Nitrososphaeria	NZ_PHNJ01000007.1_9	1	141	0.0070921985815602835	8	2820	0.003013115916341723	0.34655093642920287	2.353775552774301	0.4196591232362118
Nitrososphaeria	NZ_NHSQ01000070.1_28	1	141	0.0070921985815602835	3	2820	0.0012406947890818859	0.16058207806006342	5.716312056737588	0.21422786077481912
Nitrososphaeria	JAHFUM010000012.1_52	1	141	0.0070921985815602835	0	2820	0.0001772421127259837	0.02468360496481056	40.01418439716312	0.04793627630847268
Nitrososphaeria	JABFSW010000086.1_1	1	141	0.0070921985815602835	0	2820	0.0001772421127259837	0.02468360496481056	40.01418439716312	0.04793627630847268
Nitrososphaeria	VHBK01000024.1_1	1	141	0.0070921985815602835	0	2820	0.0001772421127259837	0.02468360496481056	40.01418439716312	0.04793627630847268
Nitrososphaeria	JAEHKV010000027.1_27	1	141	0.0070921985815602835	15	2820	0.005494505494505495	0.5401530072773202	1.2907801418439715	0.6263697372850463
Nitrososphaeria	QQVN01000003.1_737	1	141	0.0070921985815602835	0	2820	0.0001772421127259837	0.02468360496481056	40.01418439716312	0.04793627630847268
Nitrososphaeria	NZ_CP030846.1_1436	1	141	0.0070921985815602835	66	2820	0.02357320099255583	0.9653904168834482	0.3008585293019783	0.9742768558673126
Nitrososphaeria	JABDOO010000067.1_9	1	141	0.0070921985815602835	0	2820	0.0001772421127259837	0.02468360496481056	40.01418439716312	0.04793627630847268
Nitrososphaeria	JABDOO010000067.1_10	1	141	0.0070921985815602835	0	2820	0.0001772421127259837	0.02468360496481056	40.01418439716312	0.04793627630847268
Nitrososphaeria	NZ_AEXL02000090.1_187	1	141	0.0070921985815602835	1	2820	0.0005317263381779511	0.07225034733066092	13.33806146572104	0.10704412638916101
Nitrososphaeria	NZ_BGKI01000007.1_103	1	141	0.0070921985815602835	4	2820	0.0015951790145338532	0.20156349000526308	4.44602048857368	0.2575058993075713
Nitrososphaeria	JAHELB010000008.1_40	1	141	0.0070921985815602835	3	2820	0.0012406947890818859	0.16058207806006342	5.716312056737588	0.21422786077481912
Nitrososphaeria	NZ_CP026993.1_733	1	141	0.0070921985815602835	1	2820	0.0005317263381779511	0.07225034733066092	13.33806146572104	0.10704412638916101
Nitrososphaeria	DP000238.1_1256	1	141	0.0070921985815602835	1	2820	0.0005317263381779511	0.07225034733066092	13.33806146572104	0.10704412638916101
Nitrososphaeria	DP000238.1_1255	1	141	0.0070921985815602835	1	2820	0.0005317263381779511	0.07225034733066092	13.33806146572104	0.10704412638916101
Nitrososphaeria	DP000238.1_1110	1	141	0.0070921985815602835	3	2820	0.0012406947890818859	0.16058207806006342	5.716312056737588	0.21422786077481912
Nitrososphaeria	JAEMQG010000051.1_1	1	141	0.0070921985815602835	0	2820	0.0001772421127259837	0.02468360496481056	40.01418439716312	0.04793627630847268
Nitrososphaeria	JAJRWR010000006.1_1	1	141	0.0070921985815602835	0	2820	0.0001772421127259837	0.02468360496481056	40.01418439716312	0.04793627630847268
Nitrososphaeria	JAJRWR010000006.1_2	1	141	0.0070921985815602835	0	2820	0.0001772421127259837	0.02468360496481056	40.01418439716312	0.04793627630847268
Nitrososphaeria	JAJRWR010000006.1_4	1	141	0.0070921985815602835	0	2820	0.0001772421127259837	0.02468360496481056	40.01418439716312	0.04793627630847268
Nitrososphaeria	JAJRWR010000006.1_5	1	141	0.0070921985815602835	0	2820	0.0001772421127259837	0.02468360496481056	40.01418439716312	0.04793627630847268
Nitrososphaeria	JAJRWR010000006.1_27	1	141	0.0070921985815602835	1	2820	0.0005317263381779511	0.07225034733066092	13.33806146572104	0.10704412638916101
Nitrososphaeria	JADNRU010000019.1_25	1	141	0.0070921985815602835	42	2820	0.015065579581708614	0.882393477046579	0.4707551105548602	0.925362202885369
Nitrososphaeria	VHBK01000002.1_96	1	141	0.0070921985815602835	0	2820	0.0001772421127259837	0.02468360496481056	40.01418439716312	0.04793627630847268
Nitrososphaeria	CP046181.1_1937	1	141	0.0070921985815602835	0	2820	0.0001772421127259837	0.02468360496481056	40.01418439716312	0.04793627630847268
Nitrososphaeria	CP046181.1_1938	1	141	0.0070921985815602835	5	2820	0.0019496632399858206	0.2405576380801802	3.637653127014829	0.3006347269685983
Nitrososphaeria	JAHELB010000006.1_13	1	141	0.0070921985815602835	4	2820	0.0015951790145338532	0.20156349000526308	4.44602048857368	0.2575058993075713
Nitrososphaeria	CP046181.1_1940	1	141	0.0070921985815602835	0	2820	0.0001772421127259837	0.02468360496481056	40.01418439716312	0.04793627630847268
Nitrososphaeria	CP046181.1_1941	1	141	0.0070921985815602835	0	2820	0.0001772421127259837	0.02468360496481056	40.01418439716312	0.04793627630847268
Nitrososphaeria	CP046181.1_1957	1	141	0.0070921985815602835	1	2820	0.0005317263381779511	0.07225034733066092	13.33806146572104	0.10704412638916101
Nitrososphaeria	CP046181.1_1958	1	141	0.0070921985815602835	1	2820	0.0005317263381779511	0.07225034733066092	13.33806146572104	0.10704412638916101
Nitrososphaeria	CP046181.1_1959	1	141	0.0070921985815602835	1	2820	0.0005317263381779511	0.07225034733066092	13.33806146572104	0.10704412638916101
Nitrososphaeria	CP046181.1_1963	1	141	0.0070921985815602835	1	2820	0.0005317263381779511	0.07225034733066092	13.33806146572104	0.10704412638916101
Nitrososphaeria	CP046181.1_1968	1	141	0.0070921985815602835	1	2820	0.0005317263381779511	0.07225034733066092	13.33806146572104	0.10704412638916101
Nitrososphaeria	JACEMX010000114.1_2	1	141	0.0070921985815602835	1	2820	0.0005317263381779511	0.07225034733066092	13.33806146572104	0.10704412638916101
Nitrososphaeria	CP046181.1_1971	1	141	0.0070921985815602835	1	2820	0.0005317263381779511	0.07225034733066092	13.33806146572104	0.10704412638916101
Nitrososphaeria	CP046181.1_1972	1	141	0.0070921985815602835	1	2820	0.0005317263381779511	0.07225034733066092	13.33806146572104	0.10704412638916101
Nitrososphaeria	CP046181.1_1973	1	141	0.0070921985815602835	1	2820	0.0005317263381779511	0.07225034733066092	13.33806146572104	0.10704412638916101
Nitrososphaeria	CP046181.1_1353	1	141	0.0070921985815602835	1	2820	0.0005317263381779511	0.07225034733066092	13.33806146572104	0.10704412638916101
Nitrososphaeria	WVWY01000012.1_23	1	141	0.0070921985815602835	21	2820	0.007621410847217299	0.6599745842771875	0.9305624278410027	0.7501690373593667
Nitrososphaeria	REGK01000014.1_15	1	141	0.0070921985815602835	4	2820	0.0015951790145338532	0.20156349000526308	4.44602048857368	0.2575058993075713
Nitrososphaeria	CP046181.1_1978	1	141	0.0070921985815602835	1	2820	0.0005317263381779511	0.07225034733066092	13.33806146572104	0.10704412638916101
Nitrososphaeria	LUPB01000073.1_8	1	141	0.0070921985815602835	2	2820	0.0008862105636299185	0.11751288489749241	8.002836879432625	0.16196633049871526
Nitrososphaeria	QOOS01000008.1_78	1	141	0.0070921985815602835	0	2820	0.0001772421127259837	0.02468360496481056	40.01418439716312	0.04793627630847268
Nitrososphaeria	CP046181.1_1980	1	141	0.0070921985815602835	2	2820	0.0008862105636299185	0.11751288489749241	8.002836879432625	0.16196633049871526
Nitrososphaeria	CAJQSS010000027.1_14	1	141	0.0070921985815602835	1	2820	0.0005317263381779511	0.07225034733066092	13.33806146572104	0.10704412638916101
Nitrososphaeria	JAHFUX010000005.1_24	1	141	0.0070921985815602835	0	2820	0.0001772421127259837	0.02468360496481056	40.01418439716312	0.04793627630847268
Nitrososphaeria	JAHFUX010000005.1_25	1	141	0.0070921985815602835	0	2820	0.0001772421127259837	0.02468360496481056	40.01418439716312	0.04793627630847268
Nitrososphaeria	JAEFCZ010000039.1_3	1	141	0.0070921985815602835	0	2820	0.0001772421127259837	0.02468360496481056	40.01418439716312	0.04793627630847268
Nitrososphaeria	NSIR01000010.1_19	1	141	0.0070921985815602835	1	2820	0.0005317263381779511	0.07225034733066092	13.33806146572104	0.10704412638916101
Nitrososphaeria	JACRND010000071.1_5	1	141	0.0070921985815602835	8	2820	0.003013115916341723	0.34655093642920287	2.353775552774301	0.4196591232362118
Nitrososphaeria	BGOU01000010.1_321	1	141	0.0070921985815602835	9	2820	0.00336760014179369	0.37850843556346614	2.1060097051138484	0.455570033223094
Nitrososphaeria	NSIR01000010.1_28	1	141	0.0070921985815602835	1	2820	0.0005317263381779511	0.07225034733066092	13.33806146572104	0.10704412638916101
Nitrososphaeria	NZ_CP030846.1_1180	1	141	0.0070921985815602835	0	2820	0.0001772421127259837	0.02468360496481056	40.01418439716312	0.04793627630847268
Nitrososphaeria	NZ_MU078716.1_30	1	141	0.0070921985815602835	2	2820	0.0008862105636299185	0.11751288489749241	8.002836879432625	0.16196633049871526
Nitrososphaeria	NZ_CP030846.1_1188	1	141	0.0070921985815602835	0	2820	0.0001772421127259837	0.02468360496481056	40.01418439716312	0.04793627630847268
Nitrososphaeria	NZ_CP030846.1_1189	1	141	0.0070921985815602835	0	2820	0.0001772421127259837	0.02468360496481056	40.01418439716312	0.04793627630847268
Nitrososphaeria	NZ_CP030846.1_1199	1	141	0.0070921985815602835	0	2820	0.0001772421127259837	0.02468360496481056	40.01418439716312	0.04793627630847268
Nitrososphaeria	NZ_LWHG01000028.1_332	1	141	0.0070921985815602835	1	2820	0.0005317263381779511	0.07225034733066092	13.33806146572104	0.10704412638916101
Nitrososphaeria	NZ_CP030846.1_1202	1	141	0.0070921985815602835	0	2820	0.0001772421127259837	0.02468360496481056	40.01418439716312	0.04793627630847268
Nitrososphaeria	JAKAJY010000012.1_1	1	141	0.0070921985815602835	0	2820	0.0001772421127259837	0.02468360496481056	40.01418439716312	0.04793627630847268
Nitrososphaeria	JACASX010000001.1_188	1	141	0.0070921985815602835	1	2820	0.0005317263381779511	0.07225034733066092	13.33806146572104	0.10704412638916101
Nitrososphaeria	RKRY01000154.1_1	1	141	0.0070921985815602835	0	2820	0.0001772421127259837	0.02468360496481056	40.01418439716312	0.04793627630847268
Nitrososphaeria	RKRY01000008.1_3	1	141	0.0070921985815602835	0	2820	0.0001772421127259837	0.02468360496481056	40.01418439716312	0.04793627630847268
Nitrososphaeria	RKRY01000155.1_5	1	141	0.0070921985815602835	0	2820	0.0001772421127259837	0.02468360496481056	40.01418439716312	0.04793627630847268
Nitrososphaeria	CP046181.1_908	1	141	0.0070921985815602835	1	2820	0.0005317263381779511	0.07225034733066092	13.33806146572104	0.10704412638916101
Nitrososphaeria	NZ_CP021324.1_133	1	141	0.0070921985815602835	7	2820	0.0026586316908897554	0.3129624086547611	2.667612293144208	0.38206200412172425
Nitrososphaeria	NZ_AVSQ01000003.1_75	1	141	0.0070921985815602835	7	2820	0.0026586316908897554	0.3129624086547611	2.667612293144208	0.38206200412172425
Nitrososphaeria	RKRY01000155.1_9	1	141	0.0070921985815602835	0	2820	0.0001772421127259837	0.02468360496481056	40.01418439716312	0.04793627630847268
Nitrososphaeria	RKRY01000155.1_11	1	141	0.0070921985815602835	0	2820	0.0001772421127259837	0.02468360496481056	40.01418439716312	0.04793627630847268
Nitrososphaeria	QOOS01000008.1_62	1	141	0.0070921985815602835	0	2820	0.0001772421127259837	0.02468360496481056	40.01418439716312	0.04793627630847268
Nitrososphaeria	CP046181.1_1979	1	141	0.0070921985815602835	2	2820	0.0008862105636299185	0.11751288489749241	8.002836879432625	0.16196633049871526
Nitrososphaeria	CP046181.1_1981	1	141	0.0070921985815602835	2	2820	0.0008862105636299185	0.11751288489749241	8.002836879432625	0.16196633049871526
Nitrososphaeria	DP000238.1_1253	1	141	0.0070921985815602835	1	2820	0.0005317263381779511	0.07225034733066092	13.33806146572104	0.10704412638916101
Nitrososphaeria	LUPB01000013.1_20	1	141	0.0070921985815602835	0	2820	0.0001772421127259837	0.02468360496481056	40.01418439716312	0.04793627630847268
Nitrososphaeria	JACZTB010000024.1_10	1	141	0.0070921985815602835	7	2820	0.0026586316908897554	0.3129624086547611	2.667612293144208	0.38206200412172425
Nitrososphaeria	NZ_AFPU01000001.1_252	1	141	0.0070921985815602835	2	2820	0.0008862105636299185	0.11751288489749241	8.002836879432625	0.16196633049871526
Nitrososphaeria	JACATG010000004.1_52	1	141	0.0070921985815602835	1	2820	0.0005317263381779511	0.07225034733066092	13.33806146572104	0.10704412638916101
Nitrososphaeria	CACHDH010000007.1_11	1	141	0.0070921985815602835	1	2820	0.0005317263381779511	0.07225034733066092	13.33806146572104	0.10704412638916101
Nitrososphaeria	JACASW010000003.1_28	1	141	0.0070921985815602835	4	2820	0.0015951790145338532	0.20156349000526308	4.44602048857368	0.2575058993075713
Nitrososphaeria	JACASW010000014.1_8	1	141	0.0070921985815602835	6	2820	0.002304147465437788	0.27766023331496603	3.078014184397163	0.3437969624002557
Nitrososphaeria	CACIXQ010000036.1_4	1	141	0.0070921985815602835	35	2820	0.012584190003544842	0.832308593926143	0.5635800619318749	0.8938238328360893
Nitrososphaeria	CAJQSE010000004.1_1	1	141	0.0070921985815602835	0	2820	0.0001772421127259837	0.02468360496481056	40.01418439716312	0.04793627630847268
Nitrososphaeria	CAJQSE010000004.1_2	1	141	0.0070921985815602835	0	2820	0.0001772421127259837	0.02468360496481056	40.01418439716312	0.04793627630847268
Nitrososphaeria	CAJQSE010000004.1_3	1	141	0.0070921985815602835	0	2820	0.0001772421127259837	0.02468360496481056	40.01418439716312	0.04793627630847268
Nitrososphaeria	PAAH01000018.1_43	1	141	0.0070921985815602835	0	2820	0.0001772421127259837	0.02468360496481056	40.01418439716312	0.04793627630847268
Nitrososphaeria	JACNFV010000183.1_2	1	141	0.0070921985815602835	1	2820	0.0005317263381779511	0.07225034733066092	13.33806146572104	0.10704412638916101
Nitrososphaeria	NZ_BCNB01000006.1_2573	1	141	0.0070921985815602835	1	2820	0.0005317263381779511	0.07225034733066092	13.33806146572104	0.10704412638916101
Nitrososphaeria	CAJQSS010000020.1_108	1	141	0.0070921985815602835	1	2820	0.0005317263381779511	0.07225034733066092	13.33806146572104	0.10704412638916101
Nitrososphaeria	CAJQSE010000004.1_20	1	141	0.0070921985815602835	0	2820	0.0001772421127259837	0.02468360496481056	40.01418439716312	0.04793627630847268
Nitrososphaeria	CAJQSE010000004.1_26	1	141	0.0070921985815602835	0	2820	0.0001772421127259837	0.02468360496481056	40.01418439716312	0.04793627630847268
Nitrososphaeria	JAENJF010000050.1_1	1	141	0.0070921985815602835	0	2820	0.0001772421127259837	0.02468360496481056	40.01418439716312	0.04793627630847268
Nitrososphaeria	SKKJ01000294.1_3	1	141	0.0070921985815602835	0	2820	0.0001772421127259837	0.02468360496481056	40.01418439716312	0.04793627630847268
Nitrososphaeria	JAENJF010000050.1_5	1	141	0.0070921985815602835	0	2820	0.0001772421127259837	0.02468360496481056	40.01418439716312	0.04793627630847268
Nitrososphaeria	JABHJJ010000208.1_1	1	141	0.0070921985815602835	0	2820	0.0001772421127259837	0.02468360496481056	40.01418439716312	0.04793627630847268
Nitrososphaeria	JAENJF010000050.1_11	1	141	0.0070921985815602835	0	2820	0.0001772421127259837	0.02468360496481056	40.01418439716312	0.04793627630847268
Nitrososphaeria	QQVN01000005.1_580	1	141	0.0070921985815602835	11	2820	0.004076568592697625	0.4378412318686412	1.7397471477027442	0.5186999269485081
Nitrososphaeria	SCUP01000321.1_1	1	141	0.0070921985815602835	0	2820	0.0001772421127259837	0.02468360496481056	40.01418439716312	0.04793627630847268
Nitrososphaeria	JACNFR010000062.1_19	1	141	0.0070921985815602835	0	2820	0.0001772421127259837	0.02468360496481056	40.01418439716312	0.04793627630847268
Nitrososphaeria	JABDKK010000179.1_3	1	141	0.0070921985815602835	0	2820	0.0001772421127259837	0.02468360496481056	40.01418439716312	0.04793627630847268
Nitrososphaeria	JABHJJ010000155.1_23	1	141	0.0070921985815602835	0	2820	0.0001772421127259837	0.02468360496481056	40.01418439716312	0.04793627630847268
Nitrososphaeria	NZ_MU078695.1_71	1	141	0.0070921985815602835	0	2820	0.0001772421127259837	0.02468360496481056	40.01418439716312	0.04793627630847268
Nitrososphaeria	NVWC01000023.1_17	1	141	0.0070921985815602835	2	2820	0.0008862105636299185	0.11751288489749241	8.002836879432625	0.16196633049871526
Nitrososphaeria	JAIOOR010000024.1_77	1	141	0.0070921985815602835	0	2820	0.0001772421127259837	0.02468360496481056	40.01418439716312	0.04793627630847268
Nitrososphaeria	CP046181.1_1983	1	141	0.0070921985815602835	2	2820	0.0008862105636299185	0.11751288489749241	8.002836879432625	0.16196633049871526
Nitrososphaeria	NZ_CP017922.1_868	1	141	0.0070921985815602835	4	2820	0.0015951790145338532	0.20156349000526308	4.44602048857368	0.2575058993075713
Nitrososphaeria	NZ_CP017922.1_877	1	141	0.0070921985815602835	1	2820	0.0005317263381779511	0.07225034733066092	13.33806146572104	0.10704412638916101
Nitrososphaeria	NZ_MU078716.1_49	1	141	0.0070921985815602835	0	2820	0.0001772421127259837	0.02468360496481056	40.01418439716312	0.04793627630847268
Nitrososphaeria	WHSX01000056.1_4	1	141	0.0070921985815602835	4	2820	0.0015951790145338532	0.20156349000526308	4.44602048857368	0.2575058993075713
Nitrososphaeria	NZ_CP095757.1_2221	1	141	0.0070921985815602835	5	2820	0.0019496632399858206	0.2405576380801802	3.637653127014829	0.3006347269685983
Nitrososphaeria	NZ_MU078716.1_85	1	141	0.0070921985815602835	0	2820	0.0001772421127259837	0.02468360496481056	40.01418439716312	0.04793627630847268
Nitrososphaeria	VXON01000127.1_9	1	141	0.0070921985815602835	4	2820	0.0015951790145338532	0.20156349000526308	4.44602048857368	0.2575058993075713
Nitrososphaeria	NZ_MU078716.1_89	1	141	0.0070921985815602835	0	2820	0.0001772421127259837	0.02468360496481056	40.01418439716312	0.04793627630847268
Nitrososphaeria	LFLC01000066.1_57	1	141	0.0070921985815602835	2	2820	0.0008862105636299185	0.11751288489749241	8.002836879432625	0.16196633049871526
Nitrososphaeria	NZ_CP026993.1_1282	1	141	0.0070921985815602835	4	2820	0.0015951790145338532	0.20156349000526308	4.44602048857368	0.2575058993075713
Nitrososphaeria	JAIOOR010000024.1_44	1	141	0.0070921985815602835	6	2820	0.002304147465437788	0.27766023331496603	3.078014184397163	0.3437969624002557
Nitrososphaeria	JABDOO010000069.1_4	1	141	0.0070921985815602835	21	2820	0.007621410847217299	0.6599745842771875	0.9305624278410027	0.7501690373593667
Nitrososphaeria	JACNFV010000084.1_4	1	141	0.0070921985815602835	29	2820	0.010457284650833037	0.7728718359466328	0.6782065152061546	0.8442784729634412
Nitrososphaeria	DP000238.1_521	1	141	0.0070921985815602835	16	2820	0.005848989719957462	0.5626969515688873	1.2125510423382762	0.6493899747292614
Nitrososphaeria	JAIOOR010000024.1_60	1	141	0.0070921985815602835	0	2820	0.0001772421127259837	0.02468360496481056	40.01418439716312	0.04793627630847268
Nitrososphaeria	QOOS01000002.1_55	1	141	0.0070921985815602835	1	2820	0.0005317263381779511	0.07225034733066092	13.33806146572104	0.10704412638916101
Nitrososphaeria	WHTU01000010.1_28	1	141	0.0070921985815602835	6	2820	0.002304147465437788	0.27766023331496603	3.078014184397163	0.3437969624002557
Nitrososphaeria	JAIOOR010000024.1_67	1	141	0.0070921985815602835	0	2820	0.0001772421127259837	0.02468360496481056	40.01418439716312	0.04793627630847268
Nitrososphaeria	JAIOOR010000024.1_70	1	141	0.0070921985815602835	0	2820	0.0001772421127259837	0.02468360496481056	40.01418439716312	0.04793627630847268
Nitrososphaeria	JAIOOR010000024.1_72	1	141	0.0070921985815602835	0	2820	0.0001772421127259837	0.02468360496481056	40.01418439716312	0.04793627630847268
Nitrososphaeria	JAIOOR010000024.1_73	1	141	0.0070921985815602835	0	2820	0.0001772421127259837	0.02468360496481056	40.01418439716312	0.04793627630847268
Nitrososphaeria	JAIOOR010000024.1_74	1	141	0.0070921985815602835	0	2820	0.0001772421127259837	0.02468360496481056	40.01418439716312	0.04793627630847268
Nitrososphaeria	JAIOOR010000024.1_75	1	141	0.0070921985815602835	0	2820	0.0001772421127259837	0.02468360496481056	40.01418439716312	0.04793627630847268
Nitrososphaeria	JAIOOR010000024.1_76	1	141	0.0070921985815602835	0	2820	0.0001772421127259837	0.02468360496481056	40.01418439716312	0.04793627630847268
Nitrososphaeria	CM001158.1_712	1	141	0.0070921985815602835	1	2820	0.0005317263381779511	0.07225034733066092	13.33806146572104	0.10704412638916101
Other archaea	NZ_AOIJ01000084.1_73	1	1	1.0	0	20	0.023809523809523808	0.023809523809523808	42.0	0.07142857142857142
Other archaea	JALDAN010000039.1_2	1	1	1.0	1	20	0.07142857142857142	0.07142857142857142	14.0	0.07142857142857142
Other archaea	JALDAN010000039.1_3	1	1	1.0	1	20	0.07142857142857142	0.07142857142857142	14.0	0.07142857142857142
Other archaea	JALDAN010000039.1_4	1	1	1.0	1	20	0.07142857142857142	0.07142857142857142	14.0	0.07142857142857142
Other archaea	JALDAN010000039.1_5	1	1	1.0	1	20	0.07142857142857142	0.07142857142857142	14.0	0.07142857142857142
Other archaea	JALDAN010000039.1_6	1	1	1.0	1	20	0.07142857142857142	0.07142857142857142	14.0	0.07142857142857142
Other archaea	JALDAN010000039.1_8	1	1	1.0	1	20	0.07142857142857142	0.07142857142857142	14.0	0.07142857142857142
Other archaea	JALDAN010000039.1_9	1	1	1.0	1	20	0.07142857142857142	0.07142857142857142	14.0	0.07142857142857142
